global_step,episode_count,replay_size,epsilon,loss,mean_reward_100,expert_action_loss,expert_bc_weight,expert_replay_size,action_counts,connection_status
99,0,99,0.9984325,0.0,0.0,0.0,0.0,1526,"{""0"": 23, ""1"": 14, ""2"": 18, ""3"": 12, ""4"": 19, ""5"": 13}",connected
199,0,199,0.9968491666666667,0.0,0.0,0.0,0.0,1526,"{""0"": 46, ""1"": 38, ""2"": 27, ""3"": 25, ""4"": 31, ""5"": 32}",connected
299,0,299,0.9952658333333333,0.0,0.0,0.0,0.0,1526,"{""0"": 68, ""1"": 50, ""2"": 41, ""3"": 44, ""4"": 50, ""5"": 46}",connected
399,0,399,0.9936825,0.0,0.0,0.0,0.0,1526,"{""0"": 84, ""1"": 66, ""2"": 63, ""3"": 62, ""4"": 65, ""5"": 59}",connected
499,0,499,0.9920991666666666,0.0,0.0,0.0,0.0,1526,"{""0"": 103, ""1"": 84, ""2"": 76, ""3"": 80, ""4"": 80, ""5"": 76}",connected
599,0,599,0.9905158333333334,0.0,0.0,0.0,0.0,1526,"{""0"": 124, ""1"": 99, ""2"": 87, ""3"": 99, ""4"": 95, ""5"": 95}",connected
699,0,699,0.9889325,0.0,0.0,0.0,0.0,1526,"{""0"": 144, ""1"": 116, ""2"": 109, ""3"": 115, ""4"": 106, ""5"": 109}",connected
799,2,799,0.9873491666666667,0.0,-6.181853250600398,0.0,0.0,1526,"{""0"": 165, ""1"": 132, ""2"": 122, ""3"": 132, ""4"": 126, ""5"": 122}",connected
899,2,899,0.9857658333333333,0.0,-6.181853250600398,0.0,0.0,1526,"{""0"": 184, ""1"": 145, ""2"": 142, ""3"": 148, ""4"": 141, ""5"": 139}",connected
999,2,999,0.9841825,0.0,-6.181853250600398,0.0,0.0,1526,"{""0"": 206, ""1"": 163, ""2"": 159, ""3"": 165, ""4"": 150, ""5"": 156}",connected
1099,2,1099,0.9825991666666667,0.0,-6.181853250600398,0.0,0.0,1526,"{""0"": 221, ""1"": 184, ""2"": 177, ""3"": 181, ""4"": 167, ""5"": 169}",connected
1199,2,1199,0.9810158333333333,0.0,-6.181853250600398,0.0,0.0,1526,"{""0"": 238, ""1"": 201, ""2"": 192, ""3"": 202, ""4"": 185, ""5"": 181}",connected
1299,2,1299,0.9794325,0.0,-6.181853250600398,0.0,0.0,1526,"{""0"": 253, ""1"": 216, ""2"": 209, ""3"": 221, ""4"": 201, ""5"": 199}",connected
1399,2,1399,0.9778491666666667,0.0,-6.181853250600398,0.0,0.0,1526,"{""0"": 274, ""1"": 226, ""2"": 227, ""3"": 242, ""4"": 218, ""5"": 212}",connected
1499,4,1499,0.9762658333333334,0.0,-6.24755032628309,0.0,0.0,1526,"{""0"": 289, ""1"": 250, ""2"": 253, ""3"": 251, ""4"": 234, ""5"": 222}",connected
1599,4,1599,0.9746825,0.0,-6.24755032628309,0.0,0.0,1526,"{""0"": 306, ""1"": 270, ""2"": 267, ""3"": 271, ""4"": 247, ""5"": 238}",connected
1699,4,1699,0.9730991666666666,0.0,-6.24755032628309,0.0,0.0,1526,"{""0"": 327, ""1"": 282, ""2"": 280, ""3"": 283, ""4"": 268, ""5"": 259}",connected
1799,4,1799,0.9715158333333334,0.0,-6.24755032628309,0.0,0.0,1526,"{""0"": 344, ""1"": 297, ""2"": 294, ""3"": 300, ""4"": 286, ""5"": 278}",connected
1899,4,1899,0.9699325,0.0,-6.24755032628309,0.0,0.0,1526,"{""0"": 363, ""1"": 316, ""2"": 311, ""3"": 316, ""4"": 306, ""5"": 287}",connected
1999,4,1999,0.9683491666666667,0.0,-6.24755032628309,0.0,0.0,1526,"{""0"": 386, ""1"": 331, ""2"": 325, ""3"": 330, ""4"": 321, ""5"": 306}",connected
2099,4,2099,0.9667658333333333,0.024841268062591553,-6.24755032628309,0.0,0.0,1526,"{""0"": 406, ""1"": 350, ""2"": 337, ""3"": 344, ""4"": 335, ""5"": 327}",connected
2199,6,2199,0.9651825,0.02990121931885369,-6.587838165539627,0.0,0.0,1526,"{""0"": 435, ""1"": 374, ""2"": 342, ""3"": 357, ""4"": 355, ""5"": 336}",connected
2299,6,2299,0.9635991666666667,0.03126529525887842,-6.587838165539627,0.0,0.0,1526,"{""0"": 453, ""1"": 392, ""2"": 356, ""3"": 371, ""4"": 374, ""5"": 353}",connected
2399,6,2399,0.9620158333333333,0.0333240754250437,-6.587838165539627,0.0,0.0,1526,"{""0"": 474, ""1"": 407, ""2"": 366, ""3"": 394, ""4"": 391, ""5"": 367}",connected
2499,6,2499,0.9604325,0.03357757480465807,-6.587838165539627,0.0,0.0,1526,"{""0"": 489, ""1"": 418, ""2"": 383, ""3"": 412, ""4"": 416, ""5"": 381}",connected
2599,6,2599,0.9588491666666666,0.031591519069042985,-6.587838165539627,0.0,0.0,1526,"{""0"": 497, ""1"": 435, ""2"": 406, ""3"": 429, ""4"": 434, ""5"": 398}",connected
2699,6,2699,0.9572658333333334,0.03116410074173473,-6.587838165539627,0.0,0.0,1526,"{""0"": 511, ""1"": 454, ""2"": 417, ""3"": 439, ""4"": 453, ""5"": 425}",connected
2799,6,2799,0.9556825,0.027889558778260836,-6.587838165539627,0.0,0.0,1526,"{""0"": 526, ""1"": 466, ""2"": 429, ""3"": 460, ""4"": 473, ""5"": 445}",connected
2899,8,2899,0.9540991666666667,0.026216227280092427,-6.853521787386853,0.0,0.0,1526,"{""0"": 550, ""1"": 477, ""2"": 439, ""3"": 472, ""4"": 495, ""5"": 466}",connected
2999,8,2999,0.9525158333333333,0.025324747706763448,-6.853521787386853,0.0,0.0,1526,"{""0"": 560, ""1"": 492, ""2"": 467, ""3"": 493, ""4"": 507, ""5"": 480}",connected
3099,8,3099,0.9509325,0.021907894627074712,-6.853521787386853,0.0,0.0,1526,"{""0"": 578, ""1"": 504, ""2"": 486, ""3"": 508, ""4"": 536, ""5"": 487}",connected
3199,8,3199,0.9493491666666667,0.020307527469703927,-6.853521787386853,0.0,0.0,1526,"{""0"": 596, ""1"": 518, ""2"": 505, ""3"": 522, ""4"": 555, ""5"": 503}",connected
3299,8,3299,0.9477658333333333,0.020724639432737602,-6.853521787386853,0.0,0.0,1526,"{""0"": 611, ""1"": 544, ""2"": 518, ""3"": 542, ""4"": 567, ""5"": 517}",connected
3399,8,3399,0.9461825,0.022425031621824017,-6.853521787386853,0.0,0.0,1526,"{""0"": 628, ""1"": 555, ""2"": 532, ""3"": 561, ""4"": 585, ""5"": 538}",connected
3499,8,3499,0.9445991666666667,0.02469803771644365,-6.853521787386853,0.0,0.0,1526,"{""0"": 648, ""1"": 570, ""2"": 545, ""3"": 576, ""4"": 604, ""5"": 556}",connected
3599,10,3599,0.9430158333333334,0.025465427110902966,-6.9298198448494075,0.0,0.0,1526,"{""0"": 664, ""1"": 587, ""2"": 560, ""3"": 594, ""4"": 622, ""5"": 572}",connected
3699,10,3699,0.9414325,0.02739726413390599,-6.9298198448494075,0.0,0.0,1526,"{""0"": 675, ""1"": 598, ""2"": 578, ""3"": 609, ""4"": 651, ""5"": 588}",connected
3799,10,3799,0.9398491666666666,0.025809751288034023,-6.9298198448494075,0.0,0.0,1526,"{""0"": 689, ""1"": 619, ""2"": 586, ""3"": 632, ""4"": 670, ""5"": 603}",connected
3899,10,3899,0.9382658333333334,0.02741207255399786,-6.9298198448494075,0.0,0.0,1526,"{""0"": 700, ""1"": 630, ""2"": 605, ""3"": 650, ""4"": 689, ""5"": 625}",connected
3999,10,3999,0.9366825,0.027147957967827097,-6.9298198448494075,0.0,0.0,1526,"{""0"": 725, ""1"": 641, ""2"": 631, ""3"": 662, ""4"": 699, ""5"": 641}",connected
4099,10,4099,0.9350991666666667,0.024102505856426433,-6.9298198448494075,0.0,0.0,1526,"{""0"": 739, ""1"": 659, ""2"": 651, ""3"": 677, ""4"": 717, ""5"": 656}",connected
4199,10,4199,0.9335158333333333,0.02164109263103455,-6.9298198448494075,0.0,0.0,1526,"{""0"": 760, ""1"": 674, ""2"": 670, ""3"": 691, ""4"": 732, ""5"": 672}",connected
4299,10,4299,0.9319325,0.016479153183754532,-6.9298198448494075,0.0,0.0,1526,"{""0"": 775, ""1"": 693, ""2"": 692, ""3"": 702, ""4"": 748, ""5"": 689}",connected
4399,10,4399,0.9303491666666667,0.015810144643764942,-6.9298198448494075,0.0,0.0,1526,"{""0"": 788, ""1"": 713, ""2"": 705, ""3"": 717, ""4"": 769, ""5"": 707}",connected
4499,10,4499,0.9287658333333333,0.015555470453109592,-6.9298198448494075,0.0,0.0,1526,"{""0"": 806, ""1"": 728, ""2"": 718, ""3"": 736, ""4"": 793, ""5"": 718}",connected
4599,10,4599,0.9271825,0.014488297894131393,-6.9298198448494075,0.0,0.0,1526,"{""0"": 826, ""1"": 736, ""2"": 727, ""3"": 761, ""4"": 818, ""5"": 731}",connected
4699,12,4699,0.9255991666666666,0.013631510547129437,-7.750376817227031,0.0,0.0,1526,"{""0"": 847, ""1"": 751, ""2"": 743, ""3"": 773, ""4"": 840, ""5"": 745}",connected
4799,12,4799,0.9240158333333334,0.011813375382917001,-7.750376817227031,0.0,0.0,1526,"{""0"": 865, ""1"": 762, ""2"": 767, ""3"": 784, ""4"": 859, ""5"": 762}",connected
4899,12,4899,0.9224325,0.010882336377399042,-7.750376817227031,0.0,0.0,1526,"{""0"": 875, ""1"": 774, ""2"": 789, ""3"": 804, ""4"": 872, ""5"": 785}",connected
4999,12,4999,0.9208491666666667,0.010308705932693556,-7.750376817227031,0.0,0.0,1526,"{""0"": 900, ""1"": 781, ""2"": 804, ""3"": 825, ""4"": 892, ""5"": 797}",connected
5099,12,5099,0.9192658333333333,0.01185205129440874,-7.750376817227031,0.0,0.0,1526,"{""0"": 916, ""1"": 798, ""2"": 824, ""3"": 843, ""4"": 903, ""5"": 815}",connected
5199,12,5199,0.9176825,0.01063698405167088,-7.750376817227031,0.0,0.0,1526,"{""0"": 931, ""1"": 812, ""2"": 844, ""3"": 860, ""4"": 925, ""5"": 827}",connected
5299,12,5299,0.9160991666666667,0.009505178318358959,-7.750376817227031,0.0,0.0,1526,"{""0"": 954, ""1"": 825, ""2"": 866, ""3"": 878, ""4"": 943, ""5"": 833}",connected
5399,14,5399,0.9145158333333333,0.009227139838039876,-7.6661942615838985,0.0,0.0,1526,"{""0"": 970, ""1"": 836, ""2"": 890, ""3"": 893, ""4"": 963, ""5"": 847}",connected
5499,14,5499,0.9129325,0.006498255527112633,-7.6661942615838985,0.0,0.0,1526,"{""0"": 981, ""1"": 857, ""2"": 903, ""3"": 906, ""4"": 988, ""5"": 864}",connected
5599,14,5599,0.9113491666666667,0.005768886299338191,-7.6661942615838985,0.0,0.0,1526,"{""0"": 1002, ""1"": 872, ""2"": 924, ""3"": 923, ""4"": 999, ""5"": 879}",connected
5699,14,5699,0.9097658333333334,0.0048179441352840515,-7.6661942615838985,0.0,0.0,1526,"{""0"": 1012, ""1"": 888, ""2"": 933, ""3"": 942, ""4"": 1031, ""5"": 893}",connected
5799,14,5799,0.9081825,0.0041325781471095975,-7.6661942615838985,0.0,0.0,1526,"{""0"": 1032, ""1"": 901, ""2"": 952, ""3"": 957, ""4"": 1050, ""5"": 907}",connected
5899,14,5899,0.9065991666666666,0.00369487534975633,-7.6661942615838985,0.0,0.0,1526,"{""0"": 1045, ""1"": 913, ""2"": 974, ""3"": 973, ""4"": 1075, ""5"": 919}",connected
5999,14,5999,0.9050158333333334,0.0034789910982362927,-7.6661942615838985,0.0,0.0,1526,"{""0"": 1063, ""1"": 928, ""2"": 989, ""3"": 983, ""4"": 1096, ""5"": 940}",connected
6099,14,6099,0.9034325,0.007764519929187372,-7.6661942615838985,0.0,0.0,1526,"{""0"": 1075, ""1"": 941, ""2"": 1007, ""3"": 1000, ""4"": 1123, ""5"": 953}",connected
6199,16,6199,0.9018491666666667,0.009510077086742967,-7.751138015737524,0.0,0.0,1526,"{""0"": 1091, ""1"": 964, ""2"": 1025, ""3"": 1010, ""4"": 1139, ""5"": 970}",connected
6299,16,6299,0.9002658333333333,0.010294928911607713,-7.751138015737524,0.0,0.0,1526,"{""0"": 1110, ""1"": 978, ""2"": 1042, ""3"": 1022, ""4"": 1165, ""5"": 982}",connected
6399,16,6399,0.8986825,0.01073071946389973,-7.751138015737524,0.0,0.0,1526,"{""0"": 1124, ""1"": 999, ""2"": 1061, ""3"": 1034, ""4"": 1183, ""5"": 998}",connected
6499,16,6499,0.8970991666666667,0.006662473706528544,-7.751138015737524,0.0,0.0,1526,"{""0"": 1138, ""1"": 1011, ""2"": 1072, ""3"": 1050, ""4"": 1209, ""5"": 1019}",connected
6599,16,6599,0.8955158333333333,0.005023419025819749,-7.751138015737524,0.0,0.0,1526,"{""0"": 1156, ""1"": 1020, ""2"": 1088, ""3"": 1063, ""4"": 1238, ""5"": 1034}",connected
6699,16,6699,0.8939325,0.004347306612180546,-7.751138015737524,0.0,0.0,1526,"{""0"": 1165, ""1"": 1039, ""2"": 1113, ""3"": 1079, ""4"": 1257, ""5"": 1046}",connected
6799,16,6799,0.8923491666666666,0.00397837697295472,-7.751138015737524,0.0,0.0,1526,"{""0"": 1177, ""1"": 1059, ""2"": 1124, ""3"": 1094, ""4"": 1280, ""5"": 1065}",connected
6899,18,6899,0.8907658333333334,0.0037704011262394486,-7.812991258843492,0.0,0.0,1526,"{""0"": 1196, ""1"": 1084, ""2"": 1140, ""3"": 1109, ""4"": 1300, ""5"": 1070}",connected
6999,18,6999,0.8891825,0.003703990272479132,-7.812991258843492,0.0,0.0,1526,"{""0"": 1212, ""1"": 1095, ""2"": 1153, ""3"": 1121, ""4"": 1332, ""5"": 1086}",connected
7099,18,7099,0.8875991666666667,0.007143086928408593,-7.812991258843492,0.0,0.0,1526,"{""0"": 1226, ""1"": 1119, ""2"": 1174, ""3"": 1134, ""4"": 1349, ""5"": 1097}",connected
7199,18,7199,0.8860158333333333,0.00811841138987802,-7.812991258843492,0.0,0.0,1526,"{""0"": 1247, ""1"": 1134, ""2"": 1193, ""3"": 1148, ""4"": 1364, ""5"": 1113}",connected
7299,18,7299,0.8844325,0.008692861549789085,-7.812991258843492,0.0,0.0,1526,"{""0"": 1263, ""1"": 1148, ""2"": 1215, ""3"": 1163, ""4"": 1382, ""5"": 1128}",connected
7399,18,7399,0.8828491666666667,0.00884493850870058,-7.812991258843492,0.0,0.0,1526,"{""0"": 1279, ""1"": 1164, ""2"": 1235, ""3"": 1175, ""4"": 1401, ""5"": 1145}",connected
7499,18,7499,0.8812658333333333,0.005437598711578176,-7.812991258843492,0.0,0.0,1526,"{""0"": 1297, ""1"": 1180, ""2"": 1252, ""3"": 1191, ""4"": 1421, ""5"": 1158}",connected
7599,20,7599,0.8796825,0.004495648989686743,-7.848887329967693,0.0,0.0,1526,"{""0"": 1312, ""1"": 1202, ""2"": 1261, ""3"": 1206, ""4"": 1445, ""5"": 1173}",connected
7699,20,7699,0.8780991666666667,0.003938219636911527,-7.848887329967693,0.0,0.0,1526,"{""0"": 1333, ""1"": 1214, ""2"": 1269, ""3"": 1219, ""4"": 1476, ""5"": 1188}",connected
7799,20,7799,0.8765158333333334,0.0036740815883968027,-7.848887329967693,0.0,0.0,1526,"{""0"": 1349, ""1"": 1227, ""2"": 1286, ""3"": 1235, ""4"": 1499, ""5"": 1203}",connected
7899,20,7899,0.8749325,0.003415069975890219,-7.848887329967693,0.0,0.0,1526,"{""0"": 1369, ""1"": 1239, ""2"": 1304, ""3"": 1251, ""4"": 1518, ""5"": 1218}",connected
7999,20,7999,0.8733491666666666,0.003075158988358453,-7.848887329967693,0.0,0.0,1526,"{""0"": 1389, ""1"": 1250, ""2"": 1323, ""3"": 1266, ""4"": 1542, ""5"": 1229}",connected
8099,20,8099,0.8717658333333334,0.005787139713065699,-7.848887329967693,0.0,0.0,1526,"{""0"": 1398, ""1"": 1266, ""2"": 1349, ""3"": 1280, ""4"": 1558, ""5"": 1248}",connected
8199,20,8199,0.8701825000000001,0.007062414503889158,-7.848887329967693,0.0,0.0,1526,"{""0"": 1414, ""1"": 1279, ""2"": 1371, ""3"": 1295, ""4"": 1577, ""5"": 1263}",connected
8299,22,8299,0.8685991666666667,0.00771760045317933,-7.907172639769587,0.0,0.0,1526,"{""0"": 1432, ""1"": 1292, ""2"": 1401, ""3"": 1303, ""4"": 1597, ""5"": 1274}",connected
8399,22,8399,0.8670158333333333,0.008416915368288756,-7.907172639769587,0.0,0.0,1526,"{""0"": 1455, ""1"": 1304, ""2"": 1415, ""3"": 1317, ""4"": 1618, ""5"": 1290}",connected
8499,22,8499,0.8654325,0.005911375309806317,-7.907172639769587,0.0,0.0,1526,"{""0"": 1464, ""1"": 1317, ""2"": 1424, ""3"": 1334, ""4"": 1657, ""5"": 1303}",connected
8599,22,8599,0.8638491666666667,0.004744804567890242,-7.907172639769587,0.0,0.0,1526,"{""0"": 1476, ""1"": 1332, ""2"": 1440, ""3"": 1344, ""4"": 1691, ""5"": 1316}",connected
8699,22,8699,0.8622658333333333,0.00423982321517542,-7.907172639769587,0.0,0.0,1526,"{""0"": 1494, ""1"": 1347, ""2"": 1462, ""3"": 1358, ""4"": 1712, ""5"": 1326}",connected
8799,22,8799,0.8606825,0.0038604080665390937,-7.907172639769587,0.0,0.0,1526,"{""0"": 1505, ""1"": 1357, ""2"": 1482, ""3"": 1375, ""4"": 1734, ""5"": 1346}",connected
8899,22,8899,0.8590991666666666,0.00367073847563006,-7.907172639769587,0.0,0.0,1526,"{""0"": 1520, ""1"": 1371, ""2"": 1507, ""3"": 1384, ""4"": 1751, ""5"": 1366}",connected
8999,24,8999,0.8575158333333334,0.0037787388486322016,-7.997993479890283,0.0,0.0,1526,"{""0"": 1539, ""1"": 1393, ""2"": 1531, ""3"": 1390, ""4"": 1768, ""5"": 1378}",connected
9099,24,9099,0.8559325,0.00608925846288912,-7.997993479890283,0.0,0.0,1526,"{""0"": 1560, ""1"": 1410, ""2"": 1544, ""3"": 1402, ""4"": 1789, ""5"": 1394}",connected
9199,24,9199,0.8543491666666667,0.0068376698216889055,-7.997993479890283,0.0,0.0,1526,"{""0"": 1579, ""1"": 1425, ""2"": 1560, ""3"": 1417, ""4"": 1815, ""5"": 1403}",connected
9299,24,9299,0.8527658333333333,0.007088917415821925,-7.997993479890283,0.0,0.0,1526,"{""0"": 1595, ""1"": 1443, ""2"": 1574, ""3"": 1432, ""4"": 1840, ""5"": 1415}",connected
9399,24,9399,0.8511825,0.006982014008099213,-7.997993479890283,0.0,0.0,1526,"{""0"": 1601, ""1"": 1465, ""2"": 1596, ""3"": 1446, ""4"": 1863, ""5"": 1428}",connected
9499,24,9499,0.8495991666666667,0.004756079885410145,-7.997993479890283,0.0,0.0,1526,"{""0"": 1617, ""1"": 1472, ""2"": 1612, ""3"": 1463, ""4"": 1889, ""5"": 1446}",connected
9599,24,9599,0.8480158333333333,0.003871669070795178,-7.997993479890283,0.0,0.0,1526,"{""0"": 1631, ""1"": 1477, ""2"": 1633, ""3"": 1472, ""4"": 1925, ""5"": 1461}",connected
9699,24,9699,0.8464325,0.0036861112574115397,-7.997993479890283,0.0,0.0,1526,"{""0"": 1638, ""1"": 1490, ""2"": 1649, ""3"": 1492, ""4"": 1960, ""5"": 1470}",connected
9799,26,9799,0.8448491666666667,0.003471164418151602,-8.097787854996009,0.0,0.0,1526,"{""0"": 1657, ""1"": 1501, ""2"": 1660, ""3"": 1506, ""4"": 1984, ""5"": 1491}",connected
9899,26,9899,0.8432658333333334,0.003283563147997484,-8.097787854996009,0.0,0.0,1526,"{""0"": 1678, ""1"": 1512, ""2"": 1678, ""3"": 1522, ""4"": 2008, ""5"": 1501}",connected
9999,26,9999,0.8416825,0.003263432830572128,-8.097787854996009,0.0,0.0,1526,"{""0"": 1692, ""1"": 1530, ""2"": 1694, ""3"": 1541, ""4"": 2030, ""5"": 1512}",connected
10099,26,10099,0.8400991666666666,0.005038922268431634,-8.097787854996009,0.0,0.0,1526,"{""0"": 1705, ""1"": 1539, ""2"": 1709, ""3"": 1553, ""4"": 2062, ""5"": 1531}",connected
10199,26,10199,0.8385158333333333,0.00596704927040264,-8.097787854996009,0.0,0.0,1526,"{""0"": 1717, ""1"": 1558, ""2"": 1728, ""3"": 1565, ""4"": 2088, ""5"": 1543}",connected
10299,26,10299,0.8369325000000001,0.006550395418889821,-8.097787854996009,0.0,0.0,1526,"{""0"": 1736, ""1"": 1570, ""2"": 1751, ""3"": 1584, ""4"": 2101, ""5"": 1557}",connected
10399,26,10399,0.8353491666666667,0.007182117025367915,-8.097787854996009,0.0,0.0,1526,"{""0"": 1755, ""1"": 1588, ""2"": 1768, ""3"": 1606, ""4"": 2112, ""5"": 1570}",connected
10499,28,10499,0.8337658333333333,0.005718236938118935,-8.088027248425144,0.0,0.0,1526,"{""0"": 1767, ""1"": 1603, ""2"": 1789, ""3"": 1623, ""4"": 2132, ""5"": 1585}",connected
10599,28,10599,0.8321825,0.005276716789230704,-8.088027248425144,0.0,0.0,1526,"{""0"": 1785, ""1"": 1621, ""2"": 1803, ""3"": 1635, ""4"": 2154, ""5"": 1601}",connected
10699,28,10699,0.8305991666666667,0.005073772448813543,-8.088027248425144,0.0,0.0,1526,"{""0"": 1799, ""1"": 1634, ""2"": 1827, ""3"": 1651, ""4"": 2180, ""5"": 1608}",connected
10799,28,10799,0.8290158333333333,0.005026943843113259,-8.088027248425144,0.0,0.0,1526,"{""0"": 1819, ""1"": 1646, ""2"": 1845, ""3"": 1667, ""4"": 2201, ""5"": 1621}",connected
10899,28,10899,0.8274325,0.004668838892830536,-8.088027248425144,0.0,0.0,1526,"{""0"": 1840, ""1"": 1661, ""2"": 1858, ""3"": 1679, ""4"": 2215, ""5"": 1646}",connected
10999,28,10999,0.8258491666666667,0.004722207848681137,-8.088027248425144,0.0,0.0,1526,"{""0"": 1861, ""1"": 1675, ""2"": 1873, ""3"": 1696, ""4"": 2239, ""5"": 1655}",connected
11099,28,11099,0.8242658333333334,0.007042388543486595,-8.088027248425144,0.0,0.0,1526,"{""0"": 1872, ""1"": 1706, ""2"": 1879, ""3"": 1712, ""4"": 2259, ""5"": 1671}",connected
11199,30,11199,0.8226825,0.007587603207211941,-8.061769423214718,0.0,0.0,1526,"{""0"": 1895, ""1"": 1724, ""2"": 1891, ""3"": 1732, ""4"": 2277, ""5"": 1680}",connected
11299,30,11299,0.8210991666666667,0.008370115142315625,-8.061769423214718,0.0,0.0,1526,"{""0"": 1913, ""1"": 1734, ""2"": 1912, ""3"": 1744, ""4"": 2302, ""5"": 1694}",connected
11399,30,11399,0.8195158333333333,0.008378215229604392,-8.061769423214718,0.0,0.0,1526,"{""0"": 1930, ""1"": 1752, ""2"": 1928, ""3"": 1749, ""4"": 2323, ""5"": 1717}",connected
11499,30,11499,0.8179325000000001,0.00620395353063941,-8.061769423214718,0.0,0.0,1526,"{""0"": 1943, ""1"": 1769, ""2"": 1945, ""3"": 1761, ""4"": 2351, ""5"": 1730}",connected
11599,30,11599,0.8163491666666667,0.005589415584690869,-8.061769423214718,0.0,0.0,1526,"{""0"": 1950, ""1"": 1786, ""2"": 1954, ""3"": 1777, ""4"": 2382, ""5"": 1750}",connected
11699,30,11699,0.8147658333333333,0.005333901473786682,-8.061769423214718,0.0,0.0,1526,"{""0"": 1967, ""1"": 1803, ""2"": 1973, ""3"": 1791, ""4"": 2398, ""5"": 1767}",connected
11799,30,11799,0.8131825,0.005232667499221862,-8.061769423214718,0.0,0.0,1526,"{""0"": 1985, ""1"": 1812, ""2"": 1990, ""3"": 1803, ""4"": 2420, ""5"": 1789}",connected
11899,32,11899,0.8115991666666666,0.005271350464317948,-8.050662221066887,0.0,0.0,1526,"{""0"": 2000, ""1"": 1827, ""2"": 2016, ""3"": 1811, ""4"": 2439, ""5"": 1806}",connected
11999,32,11999,0.8100158333333334,0.005123803573660553,-8.050662221066887,0.0,0.0,1526,"{""0"": 2009, ""1"": 1843, ""2"": 2027, ""3"": 1831, ""4"": 2465, ""5"": 1824}",connected
12099,32,12099,0.8084325,0.0065810098079964515,-8.050662221066887,0.0,0.0,1526,"{""0"": 2024, ""1"": 1855, ""2"": 2038, ""3"": 1841, ""4"": 2500, ""5"": 1841}",connected
12199,32,12199,0.8068491666666666,0.007358748372644186,-8.050662221066887,0.0,0.0,1526,"{""0"": 2044, ""1"": 1875, ""2"": 2046, ""3"": 1853, ""4"": 2525, ""5"": 1856}",connected
12299,32,12299,0.8052658333333333,0.007661999189294875,-8.050662221066887,0.0,0.0,1526,"{""0"": 2064, ""1"": 1890, ""2"": 2072, ""3"": 1859, ""4"": 2544, ""5"": 1870}",connected
12399,32,12399,0.8036825000000001,0.007961499317316338,-8.050662221066887,0.0,0.0,1526,"{""0"": 2077, ""1"": 1915, ""2"": 2098, ""3"": 1873, ""4"": 2555, ""5"": 1881}",connected
12499,32,12499,0.8020991666666667,0.006223587446147576,-8.050662221066887,0.0,0.0,1526,"{""0"": 2087, ""1"": 1940, ""2"": 2119, ""3"": 1885, ""4"": 2572, ""5"": 1896}",connected
12599,34,12599,0.8005158333333333,0.0055991816485766325,-8.052574959830107,0.0,0.0,1526,"{""0"": 2098, ""1"": 1964, ""2"": 2140, ""3"": 1902, ""4"": 2588, ""5"": 1907}",connected
12699,34,12699,0.7989325,0.005119643391808495,-8.052574959830107,0.0,0.0,1526,"{""0"": 2106, ""1"": 1981, ""2"": 2158, ""3"": 1918, ""4"": 2612, ""5"": 1924}",connected
12799,34,12799,0.7973491666666667,0.00532628616085276,-8.052574959830107,0.0,0.0,1526,"{""0"": 2120, ""1"": 1997, ""2"": 2169, ""3"": 1944, ""4"": 2638, ""5"": 1931}",connected
12899,34,12899,0.7957658333333333,0.0054468544945120816,-8.052574959830107,0.0,0.0,1526,"{""0"": 2137, ""1"": 2006, ""2"": 2184, ""3"": 1958, ""4"": 2664, ""5"": 1950}",connected
12999,34,12999,0.7941825,0.005644211529288441,-8.052574959830107,0.0,0.0,1526,"{""0"": 2158, ""1"": 2020, ""2"": 2200, ""3"": 1969, ""4"": 2691, ""5"": 1961}",connected
13099,34,13099,0.7925991666666667,0.006972901038825512,-8.052574959830107,0.0,0.0,1526,"{""0"": 2183, ""1"": 2035, ""2"": 2222, ""3"": 1978, ""4"": 2708, ""5"": 1973}",connected
13199,34,13199,0.7910158333333334,0.0067787729669362305,-8.052574959830107,0.0,0.0,1526,"{""0"": 2198, ""1"": 2049, ""2"": 2241, ""3"": 1988, ""4"": 2737, ""5"": 1986}",connected
13299,34,13299,0.7894325,0.006896050244104117,-8.052574959830107,0.0,0.0,1526,"{""0"": 2222, ""1"": 2056, ""2"": 2256, ""3"": 2003, ""4"": 2762, ""5"": 2000}",connected
13399,36,13399,0.7878491666666667,0.007112200940027833,-8.041133064207518,0.0,0.0,1526,"{""0"": 2234, ""1"": 2070, ""2"": 2265, ""3"": 2018, ""4"": 2797, ""5"": 2015}",connected
13499,36,13499,0.7862658333333333,0.006305405286839232,-8.041133064207518,0.0,0.0,1526,"{""0"": 2256, ""1"": 2079, ""2"": 2293, ""3"": 2029, ""4"": 2810, ""5"": 2032}",connected
13599,36,13599,0.7846825000000001,0.006678692038403824,-8.041133064207518,0.0,0.0,1526,"{""0"": 2273, ""1"": 2088, ""2"": 2323, ""3"": 2039, ""4"": 2832, ""5"": 2044}",connected
13699,36,13699,0.7830991666666667,0.006659998517716303,-8.041133064207518,0.0,0.0,1526,"{""0"": 2294, ""1"": 2101, ""2"": 2346, ""3"": 2050, ""4"": 2853, ""5"": 2055}",connected
13799,36,13799,0.7815158333333333,0.006104713847162202,-8.041133064207518,0.0,0.0,1526,"{""0"": 2323, ""1"": 2115, ""2"": 2358, ""3"": 2068, ""4"": 2859, ""5"": 2076}",connected
13899,36,13899,0.7799325,0.005459765332052485,-8.041133064207518,0.0,0.0,1526,"{""0"": 2354, ""1"": 2123, ""2"": 2373, ""3"": 2087, ""4"": 2869, ""5"": 2093}",connected
13999,36,13999,0.7783491666666666,0.004757351035950705,-8.041133064207518,0.0,0.0,1526,"{""0"": 2387, ""1"": 2135, ""2"": 2388, ""3"": 2099, ""4"": 2882, ""5"": 2108}",connected
14099,38,14099,0.7767658333333334,0.005731836246559397,-8.022712971757803,0.0,0.0,1526,"{""0"": 2406, ""1"": 2149, ""2"": 2403, ""3"": 2112, ""4"": 2906, ""5"": 2123}",connected
14199,38,14199,0.7751825,0.006392556744394824,-8.022712971757803,0.0,0.0,1526,"{""0"": 2426, ""1"": 2163, ""2"": 2416, ""3"": 2120, ""4"": 2935, ""5"": 2139}",connected
14299,38,14299,0.7735991666666666,0.0068907159334048625,-8.022712971757803,0.0,0.0,1526,"{""0"": 2437, ""1"": 2180, ""2"": 2444, ""3"": 2131, ""4"": 2951, ""5"": 2156}",connected
14399,38,14399,0.7720158333333333,0.006946928603574634,-8.022712971757803,0.0,0.0,1526,"{""0"": 2451, ""1"": 2195, ""2"": 2476, ""3"": 2145, ""4"": 2964, ""5"": 2168}",connected
14499,38,14499,0.7704325000000001,0.0064229068905115125,-8.022712971757803,0.0,0.0,1526,"{""0"": 2457, ""1"": 2206, ""2"": 2505, ""3"": 2168, ""4"": 2978, ""5"": 2185}",connected
14599,40,14599,0.7688491666666667,0.0059960294072516265,-7.793288545135875,0.0,0.0,1526,"{""0"": 2482, ""1"": 2214, ""2"": 2525, ""3"": 2180, ""4"": 3002, ""5"": 2196}",connected
14699,40,14699,0.7672658333333333,0.005699289569165557,-7.793288545135875,0.0,0.0,1526,"{""0"": 2498, ""1"": 2232, ""2"": 2548, ""3"": 2189, ""4"": 3024, ""5"": 2208}",connected
14799,40,14799,0.7656825,0.005830276985652745,-7.793288545135875,0.0,0.0,1526,"{""0"": 2511, ""1"": 2245, ""2"": 2570, ""3"": 2207, ""4"": 3046, ""5"": 2220}",connected
14899,40,14899,0.7640991666666667,0.005436088882852345,-7.793288545135875,0.0,0.0,1526,"{""0"": 2532, ""1"": 2259, ""2"": 2590, ""3"": 2215, ""4"": 3072, ""5"": 2231}",connected
14999,40,14999,0.7625158333333333,0.005656395540572703,-7.793288545135875,0.0,0.0,1526,"{""0"": 2543, ""1"": 2265, ""2"": 2612, ""3"": 2228, ""4"": 3084, ""5"": 2267}",connected
15099,40,15099,0.7609325,0.006715652942657471,-7.793288545135875,0.0,0.0,1526,"{""0"": 2557, ""1"": 2276, ""2"": 2642, ""3"": 2241, ""4"": 3100, ""5"": 2283}",connected
15199,40,15199,0.7593491666666666,0.007273213653825224,-7.793288545135875,0.0,0.0,1526,"{""0"": 2574, ""1"": 2295, ""2"": 2663, ""3"": 2250, ""4"": 3117, ""5"": 2300}",connected
15299,42,15299,0.7577658333333334,0.007359155026497319,-7.810031247824164,0.0,0.0,1526,"{""0"": 2588, ""1"": 2307, ""2"": 2686, ""3"": 2263, ""4"": 3136, ""5"": 2319}",connected
15399,42,15399,0.7561825,0.007290031592128798,-7.810031247824164,0.0,0.0,1526,"{""0"": 2612, ""1"": 2324, ""2"": 2699, ""3"": 2272, ""4"": 3162, ""5"": 2330}",connected
15499,42,15499,0.7545991666666667,0.0070182222907897085,-7.810031247824164,0.0,0.0,1526,"{""0"": 2628, ""1"": 2344, ""2"": 2715, ""3"": 2282, ""4"": 3193, ""5"": 2337}",connected
15599,42,15599,0.7530158333333333,0.006360650478163734,-7.810031247824164,0.0,0.0,1526,"{""0"": 2654, ""1"": 2359, ""2"": 2734, ""3"": 2290, ""4"": 3208, ""5"": 2354}",connected
15699,42,15699,0.7514325000000001,0.006363695554900914,-7.810031247824164,0.0,0.0,1526,"{""0"": 2673, ""1"": 2365, ""2"": 2745, ""3"": 2307, ""4"": 3242, ""5"": 2367}",connected
15799,42,15799,0.7498491666666667,0.006020502741448581,-7.810031247824164,0.0,0.0,1526,"{""0"": 2690, ""1"": 2387, ""2"": 2768, ""3"": 2319, ""4"": 3261, ""5"": 2374}",connected
15899,42,15899,0.7482658333333334,0.0051690433069597926,-7.810031247824164,0.0,0.0,1526,"{""0"": 2704, ""1"": 2402, ""2"": 2803, ""3"": 2329, ""4"": 3281, ""5"": 2380}",connected
15999,44,15999,0.7466825,0.005357722798362374,-7.808327877259051,0.0,0.0,1526,"{""0"": 2721, ""1"": 2416, ""2"": 2828, ""3"": 2341, ""4"": 3295, ""5"": 2398}",connected
16099,44,16099,0.7450991666666666,0.006036760604474694,-7.808327877259051,0.0,0.0,1526,"{""0"": 2739, ""1"": 2424, ""2"": 2842, ""3"": 2359, ""4"": 3323, ""5"": 2412}",connected
16199,44,16199,0.7435158333333334,0.006594824516214431,-7.808327877259051,0.0,0.0,1526,"{""0"": 2762, ""1"": 2441, ""2"": 2859, ""3"": 2366, ""4"": 3352, ""5"": 2419}",connected
16299,44,16299,0.7419325,0.006728689760202542,-7.808327877259051,0.0,0.0,1526,"{""0"": 2788, ""1"": 2454, ""2"": 2875, ""3"": 2375, ""4"": 3377, ""5"": 2430}",connected
16399,44,16399,0.7403491666666666,0.007127024685032666,-7.808327877259051,0.0,0.0,1526,"{""0"": 2801, ""1"": 2471, ""2"": 2889, ""3"": 2382, ""4"": 3412, ""5"": 2444}",connected
16499,44,16499,0.7387658333333333,0.006253913464024663,-7.808327877259051,0.0,0.0,1526,"{""0"": 2812, ""1"": 2483, ""2"": 2913, ""3"": 2394, ""4"": 3436, ""5"": 2461}",connected
16599,44,16599,0.7371825000000001,0.00563283663475886,-7.808327877259051,0.0,0.0,1526,"{""0"": 2833, ""1"": 2498, ""2"": 2923, ""3"": 2399, ""4"": 3469, ""5"": 2477}",connected
16699,46,16699,0.7355991666666667,0.005847092461772263,-7.845914053275129,0.0,0.0,1526,"{""0"": 2860, ""1"": 2509, ""2"": 2938, ""3"": 2406, ""4"": 3495, ""5"": 2491}",connected
16799,46,16799,0.7340158333333333,0.005570720948744565,-7.845914053275129,0.0,0.0,1526,"{""0"": 2886, ""1"": 2512, ""2"": 2958, ""3"": 2419, ""4"": 3516, ""5"": 2508}",connected
16899,46,16899,0.7324325,0.0059477980085648596,-7.845914053275129,0.0,0.0,1526,"{""0"": 2897, ""1"": 2518, ""2"": 2982, ""3"": 2425, ""4"": 3554, ""5"": 2523}",connected
16999,46,16999,0.7308491666666667,0.005910801133140921,-7.845914053275129,0.0,0.0,1526,"{""0"": 2910, ""1"": 2534, ""2"": 3005, ""3"": 2434, ""4"": 3581, ""5"": 2535}",connected
17099,46,17099,0.7292658333333334,0.00657945065991953,-7.845914053275129,0.0,0.0,1526,"{""0"": 2923, ""1"": 2540, ""2"": 3016, ""3"": 2449, ""4"": 3619, ""5"": 2552}",connected
17199,46,17199,0.7276825,0.007110333966556937,-7.845914053275129,0.0,0.0,1526,"{""0"": 2932, ""1"": 2547, ""2"": 3033, ""3"": 2459, ""4"": 3666, ""5"": 2562}",connected
17299,48,17299,0.7260991666666667,0.006812800257466734,-7.700766102032503,0.0,0.0,1526,"{""0"": 2942, ""1"": 2559, ""2"": 3055, ""3"": 2476, ""4"": 3691, ""5"": 2576}",connected
17399,48,17399,0.7245158333333334,0.007325957189314067,-7.700766102032503,0.0,0.0,1526,"{""0"": 2954, ""1"": 2568, ""2"": 3081, ""3"": 2485, ""4"": 3719, ""5"": 2592}",connected
17499,48,17499,0.7229325,0.007208738126792014,-7.700766102032503,0.0,0.0,1526,"{""0"": 2984, ""1"": 2581, ""2"": 3097, ""3"": 2491, ""4"": 3743, ""5"": 2603}",connected
17599,48,17599,0.7213491666666667,0.006363558336161077,-7.700766102032503,0.0,0.0,1526,"{""0"": 2993, ""1"": 2593, ""2"": 3116, ""3"": 2506, ""4"": 3768, ""5"": 2623}",connected
17699,48,17699,0.7197658333333334,0.006742371255531907,-7.700766102032503,0.0,0.0,1526,"{""0"": 3013, ""1"": 2600, ""2"": 3145, ""3"": 2515, ""4"": 3792, ""5"": 2634}",connected
17799,48,17799,0.7181825,0.0064920680993236606,-7.700766102032503,0.0,0.0,1526,"{""0"": 3024, ""1"": 2613, ""2"": 3167, ""3"": 2522, ""4"": 3823, ""5"": 2650}",connected
17899,48,17899,0.7165991666666667,0.006034085529390723,-7.700766102032503,0.0,0.0,1526,"{""0"": 3039, ""1"": 2638, ""2"": 3189, ""3"": 2529, ""4"": 3840, ""5"": 2664}",connected
17999,50,17999,0.7150158333333334,0.0064925654046237465,-7.720689076660201,0.0,0.0,1526,"{""0"": 3050, ""1"": 2660, ""2"": 3222, ""3"": 2539, ""4"": 3854, ""5"": 2674}",connected
18099,50,18099,0.7134325,0.00694958143401891,-7.720689076660201,0.0,0.0,1526,"{""0"": 3070, ""1"": 2673, ""2"": 3238, ""3"": 2550, ""4"": 3882, ""5"": 2686}",connected
18199,50,18199,0.7118491666666666,0.007294966906774789,-7.720689076660201,0.0,0.0,1526,"{""0"": 3080, ""1"": 2685, ""2"": 3267, ""3"": 2561, ""4"": 3906, ""5"": 2700}",connected
18299,50,18299,0.7102658333333334,0.0076615603780373935,-7.720689076660201,0.0,0.0,1526,"{""0"": 3098, ""1"": 2701, ""2"": 3291, ""3"": 2572, ""4"": 3920, ""5"": 2717}",connected
18399,50,18399,0.7086825000000001,0.007454980805050582,-7.720689076660201,0.0,0.0,1526,"{""0"": 3135, ""1"": 2707, ""2"": 3299, ""3"": 2587, ""4"": 3938, ""5"": 2733}",connected
18499,50,18499,0.7070991666666666,0.006931629180908203,-7.720689076660201,0.0,0.0,1526,"{""0"": 3153, ""1"": 2713, ""2"": 3337, ""3"": 2597, ""4"": 3949, ""5"": 2750}",connected
18599,50,18599,0.7055158333333333,0.006700930651277304,-7.720689076660201,0.0,0.0,1526,"{""0"": 3169, ""1"": 2726, ""2"": 3367, ""3"": 2613, ""4"": 3963, ""5"": 2761}",connected
18699,50,18699,0.7039325000000001,0.006206068296451122,-7.720689076660201,0.0,0.0,1526,"{""0"": 3202, ""1"": 2744, ""2"": 3381, ""3"": 2622, ""4"": 3978, ""5"": 2772}",connected
18799,52,18799,0.7023491666666666,0.006452006017789245,-7.568899579937211,0.0,0.0,1526,"{""0"": 3220, ""1"": 2760, ""2"": 3403, ""3"": 2628, ""4"": 4000, ""5"": 2788}",connected
18899,52,18899,0.7007658333333333,0.0070076898974366485,-7.568899579937211,0.0,0.0,1526,"{""0"": 3240, ""1"": 2764, ""2"": 3428, ""3"": 2640, ""4"": 4029, ""5"": 2798}",connected
18999,52,18999,0.6991825,0.0067215508664958176,-7.568899579937211,0.0,0.0,1526,"{""0"": 3265, ""1"": 2775, ""2"": 3439, ""3"": 2647, ""4"": 4062, ""5"": 2811}",connected
19099,52,19099,0.6975991666666667,0.008339990857057273,-7.568899579937211,0.0,0.0,1526,"{""0"": 3281, ""1"": 2787, ""2"": 3467, ""3"": 2653, ""4"": 4091, ""5"": 2820}",connected
19199,52,19199,0.6960158333333333,0.00840849766973406,-7.568899579937211,0.0,0.0,1526,"{""0"": 3299, ""1"": 2797, ""2"": 3491, ""3"": 2670, ""4"": 4116, ""5"": 2826}",connected
19299,52,19299,0.6944325,0.0077404661802574996,-7.568899579937211,0.0,0.0,1526,"{""0"": 3312, ""1"": 2812, ""2"": 3517, ""3"": 2679, ""4"": 4139, ""5"": 2840}",connected
19399,54,19399,0.6928491666666667,0.008016505774576218,-7.446372411282802,0.0,0.0,1526,"{""0"": 3336, ""1"": 2820, ""2"": 3536, ""3"": 2691, ""4"": 4165, ""5"": 2851}",connected
19499,54,19499,0.6912658333333334,0.006933254627510905,-7.446372411282802,0.0,0.0,1526,"{""0"": 3348, ""1"": 2831, ""2"": 3552, ""3"": 2704, ""4"": 4201, ""5"": 2863}",connected
19599,54,19599,0.6896825,0.007669776116963476,-7.446372411282802,0.0,0.0,1526,"{""0"": 3366, ""1"": 2839, ""2"": 3578, ""3"": 2712, ""4"": 4225, ""5"": 2879}",connected
19699,54,19699,0.6880991666666667,0.007835224776063115,-7.446372411282802,0.0,0.0,1526,"{""0"": 3394, ""1"": 2848, ""2"": 3597, ""3"": 2727, ""4"": 4240, ""5"": 2893}",connected
19799,54,19799,0.6865158333333333,0.007963795650284737,-7.446372411282802,0.0,0.0,1526,"{""0"": 3429, ""1"": 2865, ""2"": 3609, ""3"": 2742, ""4"": 4252, ""5"": 2902}",connected
19899,54,19899,0.6849324999999999,0.007162233151029795,-7.446372411282802,0.0,0.0,1526,"{""0"": 3452, ""1"": 2872, ""2"": 3622, ""3"": 2755, ""4"": 4275, ""5"": 2923}",connected
19999,54,19999,0.6833491666666667,0.006507356450892985,-7.446372411282802,0.0,0.0,1526,"{""0"": 3474, ""1"": 2889, ""2"": 3635, ""3"": 2764, ""4"": 4291, ""5"": 2946}",connected
20099,56,20000,0.6817658333333334,0.006714521392714232,-7.385075105262721,0.0,0.0,1526,"{""0"": 3496, ""1"": 2897, ""2"": 3655, ""3"": 2781, ""4"": 4311, ""5"": 2959}",connected
20199,56,20000,0.6801825,0.007465126619208604,-7.385075105262721,0.0,0.0,1526,"{""0"": 3507, ""1"": 2917, ""2"": 3670, ""3"": 2795, ""4"": 4334, ""5"": 2976}",connected
20299,56,20000,0.6785991666666666,0.008326393913011997,-7.385075105262721,0.0,0.0,1526,"{""0"": 3525, ""1"": 2931, ""2"": 3692, ""3"": 2802, ""4"": 4359, ""5"": 2990}",connected
20399,56,20000,0.6770158333333334,0.008859021987300366,-7.385075105262721,0.0,0.0,1526,"{""0"": 3538, ""1"": 2950, ""2"": 3708, ""3"": 2818, ""4"": 4381, ""5"": 3004}",connected
20499,56,20000,0.6754325,0.009650954611133784,-7.385075105262721,0.0,0.0,1526,"{""0"": 3564, ""1"": 2967, ""2"": 3726, ""3"": 2824, ""4"": 4403, ""5"": 3015}",connected
20599,56,20000,0.6738491666666666,0.008566901287995279,-7.385075105262721,0.0,0.0,1526,"{""0"": 3583, ""1"": 2986, ""2"": 3742, ""3"": 2836, ""4"": 4423, ""5"": 3029}",connected
20699,56,20000,0.6722658333333333,0.008130618513096124,-7.385075105262721,0.0,0.0,1526,"{""0"": 3593, ""1"": 2992, ""2"": 3764, ""3"": 2861, ""4"": 4451, ""5"": 3038}",connected
20799,58,20000,0.6706825000000001,0.008253260557539761,-7.4025387734030215,0.0,0.0,1526,"{""0"": 3623, ""1"": 3002, ""2"": 3784, ""3"": 2869, ""4"": 4470, ""5"": 3051}",connected
20899,58,20000,0.6690991666666667,0.007202862051781267,-7.4025387734030215,0.0,0.0,1526,"{""0"": 3646, ""1"": 3013, ""2"": 3814, ""3"": 2878, ""4"": 4487, ""5"": 3061}",connected
20999,58,20000,0.6675158333333333,0.008319953891914337,-7.4025387734030215,0.0,0.0,1526,"{""0"": 3660, ""1"": 3023, ""2"": 3825, ""3"": 2912, ""4"": 4507, ""5"": 3072}",connected
21099,58,20000,0.6659325,0.008745827255770564,-7.4025387734030215,0.0,0.0,1526,"{""0"": 3681, ""1"": 3038, ""2"": 3843, ""3"": 2925, ""4"": 4529, ""5"": 3083}",connected
21199,58,20000,0.6643491666666667,0.008301514203194528,-7.4025387734030215,0.0,0.0,1526,"{""0"": 3689, ""1"": 3053, ""2"": 3879, ""3"": 2934, ""4"": 4546, ""5"": 3098}",connected
21299,58,20000,0.6627658333333334,0.008945293913129718,-7.4025387734030215,0.0,0.0,1526,"{""0"": 3698, ""1"": 3066, ""2"": 3906, ""3"": 2958, ""4"": 4561, ""5"": 3110}",connected
21399,58,20000,0.6611825,0.00920303671155125,-7.4025387734030215,0.0,0.0,1526,"{""0"": 3709, ""1"": 3078, ""2"": 3947, ""3"": 2973, ""4"": 4572, ""5"": 3120}",connected
21499,60,20000,0.6595991666666667,0.009083345143590122,-7.38454270119934,0.0,0.0,1526,"{""0"": 3730, ""1"": 3082, ""2"": 3987, ""3"": 2990, ""4"": 4580, ""5"": 3130}",connected
21599,60,20000,0.6580158333333334,0.008459614624734968,-7.38454270119934,0.0,0.0,1526,"{""0"": 3761, ""1"": 3087, ""2"": 4007, ""3"": 2997, ""4"": 4608, ""5"": 3139}",connected
21699,60,20000,0.6564325,0.0076044508628547195,-7.38454270119934,0.0,0.0,1526,"{""0"": 3785, ""1"": 3093, ""2"": 4019, ""3"": 3007, ""4"": 4646, ""5"": 3149}",connected
21799,60,20000,0.6548491666666667,0.006612704570870847,-7.38454270119934,0.0,0.0,1526,"{""0"": 3808, ""1"": 3109, ""2"": 4031, ""3"": 3014, ""4"": 4678, ""5"": 3159}",connected
21899,60,20000,0.6532658333333334,0.007562281507998705,-7.38454270119934,0.0,0.0,1526,"{""0"": 3820, ""1"": 3125, ""2"": 4044, ""3"": 3031, ""4"": 4710, ""5"": 3169}",connected
21999,60,20000,0.6516825,0.007828085226938128,-7.38454270119934,0.0,0.0,1526,"{""0"": 3833, ""1"": 3140, ""2"": 4053, ""3"": 3061, ""4"": 4738, ""5"": 3174}",connected
22099,60,20000,0.6500991666666667,0.00918351013213396,-7.38454270119934,0.0,0.0,1526,"{""0"": 3851, ""1"": 3142, ""2"": 4071, ""3"": 3085, ""4"": 4763, ""5"": 3187}",connected
22199,60,20000,0.6485158333333334,0.009574356640223413,-7.38454270119934,0.0,0.0,1526,"{""0"": 3864, ""1"": 3151, ""2"": 4094, ""3"": 3101, ""4"": 4783, ""5"": 3206}",connected
22299,62,20000,0.6469325,0.008890651126857847,-7.36752254489599,0.0,0.0,1526,"{""0"": 3881, ""1"": 3167, ""2"": 4105, ""3"": 3116, ""4"": 4812, ""5"": 3218}",connected
22399,62,20000,0.6453491666666666,0.009495281092822551,-7.36752254489599,0.0,0.0,1526,"{""0"": 3897, ""1"": 3188, ""2"": 4122, ""3"": 3122, ""4"": 4843, ""5"": 3227}",connected
22499,62,20000,0.6437658333333334,0.009227166830096395,-7.36752254489599,0.0,0.0,1526,"{""0"": 3906, ""1"": 3212, ""2"": 4140, ""3"": 3135, ""4"": 4871, ""5"": 3235}",connected
22599,62,20000,0.6421825000000001,0.009626607389654963,-7.36752254489599,0.0,0.0,1526,"{""0"": 3919, ""1"": 3220, ""2"": 4172, ""3"": 3146, ""4"": 4900, ""5"": 3242}",connected
22699,62,20000,0.6405991666666666,0.009469363316893577,-7.36752254489599,0.0,0.0,1526,"{""0"": 3930, ""1"": 3243, ""2"": 4186, ""3"": 3152, ""4"": 4930, ""5"": 3258}",connected
22799,62,20000,0.6390158333333333,0.009164484690409154,-7.36752254489599,0.0,0.0,1526,"{""0"": 3945, ""1"": 3252, ""2"": 4212, ""3"": 3160, ""4"": 4959, ""5"": 3271}",connected
22899,62,20000,0.6374325000000001,0.008751637171953916,-7.36752254489599,0.0,0.0,1526,"{""0"": 3962, ""1"": 3262, ""2"": 4225, ""3"": 3172, ""4"": 4994, ""5"": 3284}",connected
22999,64,20000,0.6358491666666666,0.008315535525325686,-7.434459390678967,0.0,0.0,1526,"{""0"": 3986, ""1"": 3270, ""2"": 4245, ""3"": 3183, ""4"": 5024, ""5"": 3291}",connected
23099,64,20000,0.6342658333333333,0.00884501393418759,-7.434459390678967,0.0,0.0,1526,"{""0"": 4006, ""1"": 3281, ""2"": 4273, ""3"": 3191, ""4"": 5049, ""5"": 3299}",connected
23199,64,20000,0.6326825,0.009484181359875948,-7.434459390678967,0.0,0.0,1526,"{""0"": 4020, ""1"": 3291, ""2"": 4290, ""3"": 3204, ""4"": 5088, ""5"": 3306}",connected
23299,64,20000,0.6310991666666668,0.009181033892091364,-7.434459390678967,0.0,0.0,1526,"{""0"": 4036, ""1"": 3302, ""2"": 4325, ""3"": 3213, ""4"": 5105, ""5"": 3318}",connected
23399,64,20000,0.6295158333333333,0.010335460510104895,-7.434459390678967,0.0,0.0,1526,"{""0"": 4052, ""1"": 3318, ""2"": 4351, ""3"": 3221, ""4"": 5122, ""5"": 3335}",connected
23499,64,20000,0.6279325,0.009909256692044437,-7.434459390678967,0.0,0.0,1526,"{""0"": 4065, ""1"": 3334, ""2"": 4378, ""3"": 3242, ""4"": 5134, ""5"": 3346}",connected
23599,64,20000,0.6263491666666667,0.009972384793218225,-7.434459390678967,0.0,0.0,1526,"{""0"": 4078, ""1"": 3345, ""2"": 4403, ""3"": 3249, ""4"": 5162, ""5"": 3362}",connected
23699,66,20000,0.6247658333333334,0.010077462156768888,-7.354001585993859,0.0,0.0,1526,"{""0"": 4100, ""1"": 3355, ""2"": 4417, ""3"": 3260, ""4"": 5193, ""5"": 3374}",connected
23799,66,20000,0.6231825,0.008776490627788007,-7.354001585993859,0.0,0.0,1526,"{""0"": 4115, ""1"": 3364, ""2"": 4432, ""3"": 3274, ""4"": 5234, ""5"": 3380}",connected
23899,66,20000,0.6215991666666667,0.009169025486335159,-7.354001585993859,0.0,0.0,1526,"{""0"": 4133, ""1"": 3377, ""2"": 4448, ""3"": 3278, ""4"": 5270, ""5"": 3393}",connected
23999,66,20000,0.6200158333333333,0.007810419744346291,-7.354001585993859,0.0,0.0,1526,"{""0"": 4145, ""1"": 3396, ""2"": 4463, ""3"": 3299, ""4"": 5293, ""5"": 3403}",connected
24099,66,20000,0.6184324999999999,0.00788986065192148,-7.354001585993859,0.0,0.0,1526,"{""0"": 4154, ""1"": 3419, ""2"": 4483, ""3"": 3315, ""4"": 5314, ""5"": 3414}",connected
24199,66,20000,0.6168491666666667,0.008351640861947089,-7.354001585993859,0.0,0.0,1526,"{""0"": 4166, ""1"": 3430, ""2"": 4493, ""3"": 3328, ""4"": 5357, ""5"": 3425}",connected
24299,66,20000,0.6152658333333334,0.00798723471350968,-7.354001585993859,0.0,0.0,1526,"{""0"": 4178, ""1"": 3459, ""2"": 4500, ""3"": 3338, ""4"": 5389, ""5"": 3435}",connected
24399,68,20000,0.6136825,0.00820578028447926,-7.412492760025677,0.0,0.0,1526,"{""0"": 4195, ""1"": 3487, ""2"": 4519, ""3"": 3344, ""4"": 5405, ""5"": 3449}",connected
24499,68,20000,0.6120991666666666,0.0085812549572438,-7.412492760025677,0.0,0.0,1526,"{""0"": 4208, ""1"": 3500, ""2"": 4537, ""3"": 3357, ""4"": 5433, ""5"": 3464}",connected
24599,68,20000,0.6105158333333334,0.008830311307683587,-7.412492760025677,0.0,0.0,1526,"{""0"": 4223, ""1"": 3511, ""2"": 4563, ""3"": 3375, ""4"": 5454, ""5"": 3473}",connected
24699,68,20000,0.6089325,0.009290664540603757,-7.412492760025677,0.0,0.0,1526,"{""0"": 4237, ""1"": 3531, ""2"": 4575, ""3"": 3395, ""4"": 5474, ""5"": 3487}",connected
24799,68,20000,0.6073491666666666,0.010755620454438031,-7.412492760025677,0.0,0.0,1526,"{""0"": 4258, ""1"": 3544, ""2"": 4591, ""3"": 3408, ""4"": 5496, ""5"": 3502}",connected
24899,68,20000,0.6057658333333333,0.01072403064928949,-7.412492760025677,0.0,0.0,1526,"{""0"": 4268, ""1"": 3554, ""2"": 4616, ""3"": 3430, ""4"": 5515, ""5"": 3516}",connected
24999,68,20000,0.6041825000000001,0.011184043237008154,-7.412492760025677,0.0,0.0,1526,"{""0"": 4280, ""1"": 3572, ""2"": 4632, ""3"": 3448, ""4"": 5533, ""5"": 3534}",connected
25099,70,20000,0.6025991666666667,0.010577131668105722,-7.422732294191207,0.0,0.0,1526,"{""0"": 4293, ""1"": 3581, ""2"": 4655, ""3"": 3473, ""4"": 5543, ""5"": 3554}",connected
25199,70,20000,0.6010158333333333,0.009392208254430443,-7.422732294191207,0.0,0.0,1526,"{""0"": 4310, ""1"": 3590, ""2"": 4682, ""3"": 3481, ""4"": 5573, ""5"": 3563}",connected
25299,70,20000,0.5994325,0.009362600098829716,-7.422732294191207,0.0,0.0,1526,"{""0"": 4321, ""1"": 3600, ""2"": 4706, ""3"": 3493, ""4"": 5601, ""5"": 3578}",connected
25399,70,20000,0.5978491666666667,0.008862236917484551,-7.422732294191207,0.0,0.0,1526,"{""0"": 4327, ""1"": 3614, ""2"": 4722, ""3"": 3501, ""4"": 5641, ""5"": 3594}",connected
25499,70,20000,0.5962658333333334,0.009519894318655133,-7.422732294191207,0.0,0.0,1526,"{""0"": 4332, ""1"": 3636, ""2"": 4760, ""3"": 3519, ""4"": 5651, ""5"": 3601}",connected
25599,70,20000,0.5946825,0.010236148980911821,-7.422732294191207,0.0,0.0,1526,"{""0"": 4340, ""1"": 3661, ""2"": 4776, ""3"": 3533, ""4"": 5666, ""5"": 3623}",connected
25699,70,20000,0.5930991666666667,0.010416449580807239,-7.422732294191207,0.0,0.0,1526,"{""0"": 4349, ""1"": 3670, ""2"": 4805, ""3"": 3555, ""4"": 5678, ""5"": 3642}",connected
25799,72,20000,0.5915158333333334,0.011372887056786567,-7.3017625222047275,0.0,0.0,1526,"{""0"": 4363, ""1"": 3682, ""2"": 4825, ""3"": 3564, ""4"": 5708, ""5"": 3657}",connected
25899,72,20000,0.5899325,0.011045434668194503,-7.3017625222047275,0.0,0.0,1526,"{""0"": 4381, ""1"": 3693, ""2"": 4835, ""3"": 3578, ""4"": 5747, ""5"": 3665}",connected
25999,72,20000,0.5883491666666667,0.011725445762276649,-7.3017625222047275,0.0,0.0,1526,"{""0"": 4404, ""1"": 3705, ""2"": 4850, ""3"": 3590, ""4"": 5769, ""5"": 3681}",connected
26099,72,20000,0.5867658333333334,0.01198021430755034,-7.3017625222047275,0.0,0.0,1526,"{""0"": 4428, ""1"": 3727, ""2"": 4863, ""3"": 3600, ""4"": 5793, ""5"": 3688}",connected
26199,72,20000,0.5851825,0.011224110824987293,-7.3017625222047275,0.0,0.0,1526,"{""0"": 4446, ""1"": 3737, ""2"": 4896, ""3"": 3612, ""4"": 5804, ""5"": 3704}",connected
26299,72,20000,0.5835991666666667,0.010929050184786319,-7.3017625222047275,0.0,0.0,1526,"{""0"": 4465, ""1"": 3748, ""2"": 4913, ""3"": 3622, ""4"": 5822, ""5"": 3729}",connected
26399,72,20000,0.5820158333333334,0.010435679655056446,-7.3017625222047275,0.0,0.0,1526,"{""0"": 4484, ""1"": 3756, ""2"": 4931, ""3"": 3637, ""4"": 5845, ""5"": 3746}",connected
26499,74,20000,0.5804325,0.010953914115671069,-7.330466434296623,0.0,0.0,1526,"{""0"": 4498, ""1"": 3766, ""2"": 4945, ""3"": 3652, ""4"": 5872, ""5"": 3766}",connected
26599,74,20000,0.5788491666666666,0.010554665380623192,-7.330466434296623,0.0,0.0,1526,"{""0"": 4513, ""1"": 3781, ""2"": 4966, ""3"": 3662, ""4"": 5895, ""5"": 3782}",connected
26699,74,20000,0.5772658333333334,0.010816588124725968,-7.330466434296623,0.0,0.0,1526,"{""0"": 4521, ""1"": 3783, ""2"": 4997, ""3"": 3673, ""4"": 5919, ""5"": 3806}",connected
26799,74,20000,0.5756825000000001,0.010309324017725885,-7.330466434296623,0.0,0.0,1526,"{""0"": 4535, ""1"": 3790, ""2"": 5028, ""3"": 3681, ""4"": 5942, ""5"": 3823}",connected
26899,74,20000,0.5740991666666667,0.009205710063688456,-7.330466434296623,0.0,0.0,1526,"{""0"": 4544, ""1"": 3798, ""2"": 5059, ""3"": 3694, ""4"": 5966, ""5"": 3838}",connected
26999,74,20000,0.5725158333333333,0.009702377393841744,-7.330466434296623,0.0,0.0,1526,"{""0"": 4550, ""1"": 3813, ""2"": 5074, ""3"": 3706, ""4"": 6011, ""5"": 3845}",connected
27099,74,20000,0.5709325000000001,0.011265832190401852,-7.330466434296623,0.0,0.0,1526,"{""0"": 4569, ""1"": 3826, ""2"": 5096, ""3"": 3724, ""4"": 6031, ""5"": 3853}",connected
27199,76,20000,0.5693491666666667,0.011060205809772015,-7.372639079228975,0.0,0.0,1526,"{""0"": 4583, ""1"": 3842, ""2"": 5117, ""3"": 3739, ""4"": 6052, ""5"": 3866}",connected
27299,76,20000,0.5677658333333333,0.011053942253347486,-7.372639079228975,0.0,0.0,1526,"{""0"": 4598, ""1"": 3855, ""2"": 5129, ""3"": 3755, ""4"": 6085, ""5"": 3877}",connected
27399,76,20000,0.5661825,0.011198280700482429,-7.372639079228975,0.0,0.0,1526,"{""0"": 4606, ""1"": 3863, ""2"": 5139, ""3"": 3778, ""4"": 6124, ""5"": 3889}",connected
27499,76,20000,0.5645991666666668,0.010516504021361471,-7.372639079228975,0.0,0.0,1526,"{""0"": 4612, ""1"": 3871, ""2"": 5156, ""3"": 3818, ""4"": 6139, ""5"": 3903}",connected
27599,76,20000,0.5630158333333333,0.010935776049736888,-7.372639079228975,0.0,0.0,1526,"{""0"": 4631, ""1"": 3885, ""2"": 5170, ""3"": 3827, ""4"": 6148, ""5"": 3938}",connected
27699,76,20000,0.5614325,0.011042379052378237,-7.372639079228975,0.0,0.0,1526,"{""0"": 4647, ""1"": 3906, ""2"": 5177, ""3"": 3845, ""4"": 6160, ""5"": 3964}",connected
27799,76,20000,0.5598491666666667,0.011207115494180471,-7.372639079228975,0.0,0.0,1526,"{""0"": 4658, ""1"": 3922, ""2"": 5189, ""3"": 3866, ""4"": 6170, ""5"": 3994}",connected
27899,78,20000,0.5582658333333334,0.009968919332604855,-7.2952419843417236,0.0,0.0,1526,"{""0"": 4671, ""1"": 3958, ""2"": 5203, ""3"": 3886, ""4"": 6183, ""5"": 3998}",connected
27999,78,20000,0.5566825,0.010768026048317551,-7.2952419843417236,0.0,0.0,1526,"{""0"": 4679, ""1"": 3976, ""2"": 5227, ""3"": 3909, ""4"": 6203, ""5"": 4005}",connected
28099,78,20000,0.5550991666666667,0.01125336967408657,-7.2952419843417236,0.0,0.0,1526,"{""0"": 4691, ""1"": 3987, ""2"": 5254, ""3"": 3915, ""4"": 6234, ""5"": 4018}",connected
28199,78,20000,0.5535158333333334,0.010358480922877788,-7.2952419843417236,0.0,0.0,1526,"{""0"": 4713, ""1"": 3995, ""2"": 5274, ""3"": 3926, ""4"": 6259, ""5"": 4032}",connected
28299,78,20000,0.5519324999999999,0.010903066308237612,-7.2952419843417236,0.0,0.0,1526,"{""0"": 4732, ""1"": 4002, ""2"": 5280, ""3"": 3933, ""4"": 6311, ""5"": 4041}",connected
28399,78,20000,0.5503491666666667,0.010297011381480843,-7.2952419843417236,0.0,0.0,1526,"{""0"": 4753, ""1"": 4015, ""2"": 5289, ""3"": 3950, ""4"": 6337, ""5"": 4055}",connected
28499,78,20000,0.5487658333333334,0.010513787565287203,-7.2952419843417236,0.0,0.0,1526,"{""0"": 4774, ""1"": 4027, ""2"": 5319, ""3"": 3956, ""4"": 6361, ""5"": 4062}",connected
28599,80,20000,0.5471825,0.0108616410382092,-7.243155403848505,0.0,0.0,1526,"{""0"": 4783, ""1"": 4033, ""2"": 5356, ""3"": 3970, ""4"": 6385, ""5"": 4072}",connected
28699,80,20000,0.5455991666666666,0.01188328692689538,-7.243155403848505,0.0,0.0,1526,"{""0"": 4805, ""1"": 4040, ""2"": 5370, ""3"": 3975, ""4"": 6424, ""5"": 4085}",connected
28799,80,20000,0.5440158333333334,0.011918348188046365,-7.243155403848505,0.0,0.0,1526,"{""0"": 4814, ""1"": 4051, ""2"": 5384, ""3"": 3988, ""4"": 6468, ""5"": 4094}",connected
28899,80,20000,0.5424325,0.011039808525238186,-7.243155403848505,0.0,0.0,1526,"{""0"": 4829, ""1"": 4072, ""2"": 5402, ""3"": 3999, ""4"": 6492, ""5"": 4105}",connected
28999,80,20000,0.5408491666666666,0.011061436745803803,-7.243155403848505,0.0,0.0,1526,"{""0"": 4840, ""1"": 4078, ""2"": 5420, ""3"": 4005, ""4"": 6542, ""5"": 4114}",connected
29099,80,20000,0.5392658333333333,0.010494180771056563,-7.243155403848505,0.0,0.0,1526,"{""0"": 4851, ""1"": 4087, ""2"": 5439, ""3"": 4017, ""4"": 6577, ""5"": 4128}",connected
29199,80,20000,0.5376825000000001,0.010989126071799547,-7.243155403848505,0.0,0.0,1526,"{""0"": 4863, ""1"": 4102, ""2"": 5452, ""3"": 4028, ""4"": 6617, ""5"": 4137}",connected
29299,82,20000,0.5360991666666667,0.012026871198322624,-7.345003694466247,0.0,0.0,1526,"{""0"": 4876, ""1"": 4109, ""2"": 5474, ""3"": 4035, ""4"": 6661, ""5"": 4144}",connected
29399,82,20000,0.5345158333333333,0.01246192304417491,-7.345003694466247,0.0,0.0,1526,"{""0"": 4884, ""1"": 4121, ""2"": 5494, ""3"": 4048, ""4"": 6701, ""5"": 4151}",connected
29499,82,20000,0.5329325,0.01226463437313214,-7.345003694466247,0.0,0.0,1526,"{""0"": 4901, ""1"": 4131, ""2"": 5511, ""3"": 4059, ""4"": 6733, ""5"": 4164}",connected
29599,82,20000,0.5313491666666667,0.011746770767495036,-7.345003694466247,0.0,0.0,1526,"{""0"": 4914, ""1"": 4146, ""2"": 5535, ""3"": 4085, ""4"": 6743, ""5"": 4176}",connected
29699,82,20000,0.5297658333333334,0.011357664719689638,-7.345003694466247,0.0,0.0,1526,"{""0"": 4926, ""1"": 4156, ""2"": 5540, ""3"": 4119, ""4"": 6751, ""5"": 4207}",connected
29799,82,20000,0.5281825,0.010968799458350987,-7.345003694466247,0.0,0.0,1526,"{""0"": 4943, ""1"": 4172, ""2"": 5562, ""3"": 4135, ""4"": 6759, ""5"": 4228}",connected
29899,82,20000,0.5265991666666667,0.011231653932482004,-7.345003694466247,0.0,0.0,1526,"{""0"": 4952, ""1"": 4191, ""2"": 5565, ""3"": 4154, ""4"": 6770, ""5"": 4267}",connected
29999,82,20000,0.5250158333333333,0.01171212998451665,-7.345003694466247,0.0,0.0,1526,"{""0"": 4967, ""1"": 4205, ""2"": 5570, ""3"": 4166, ""4"": 6781, ""5"": 4310}",connected
30099,84,20000,0.5234325,0.011656523605342955,-7.2902951838969745,0.0,0.0,1526,"{""0"": 4984, ""1"": 4225, ""2"": 5585, ""3"": 4173, ""4"": 6803, ""5"": 4329}",connected
30199,84,20000,0.5218491666666667,0.011336851452942937,-7.2902951838969745,0.0,0.0,1526,"{""0"": 4997, ""1"": 4236, ""2"": 5599, ""3"": 4183, ""4"": 6842, ""5"": 4342}",connected
30299,84,20000,0.5202658333333334,0.011468929909169675,-7.2902951838969745,0.0,0.0,1526,"{""0"": 5006, ""1"": 4255, ""2"": 5612, ""3"": 4195, ""4"": 6883, ""5"": 4348}",connected
30399,84,20000,0.5186824999999999,0.010842337333597242,-7.2902951838969745,0.0,0.0,1526,"{""0"": 5025, ""1"": 4265, ""2"": 5620, ""3"": 4205, ""4"": 6925, ""5"": 4359}",connected
30499,84,20000,0.5170991666666667,0.012465610366780311,-7.2902951838969745,0.0,0.0,1526,"{""0"": 5045, ""1"": 4275, ""2"": 5635, ""3"": 4210, ""4"": 6967, ""5"": 4367}",connected
30599,84,20000,0.5155158333333334,0.013562034668866544,-7.2902951838969745,0.0,0.0,1526,"{""0"": 5060, ""1"": 4308, ""2"": 5644, ""3"": 4213, ""4"": 6999, ""5"": 4375}",connected
30699,84,20000,0.5139324999999999,0.012876437946688383,-7.2902951838969745,0.0,0.0,1526,"{""0"": 5083, ""1"": 4313, ""2"": 5661, ""3"": 4222, ""4"": 7028, ""5"": 4392}",connected
30799,86,20000,0.5123491666666666,0.013210657434538007,-7.326124621555209,0.0,0.0,1526,"{""0"": 5099, ""1"": 4327, ""2"": 5672, ""3"": 4229, ""4"": 7065, ""5"": 4407}",connected
30899,86,20000,0.5107658333333334,0.011967078200541437,-7.326124621555209,0.0,0.0,1526,"{""0"": 5121, ""1"": 4342, ""2"": 5681, ""3"": 4244, ""4"": 7097, ""5"": 4414}",connected
30999,86,20000,0.5091825,0.012102638047654182,-7.326124621555209,0.0,0.0,1526,"{""0"": 5136, ""1"": 4351, ""2"": 5701, ""3"": 4270, ""4"": 7118, ""5"": 4423}",connected
31099,86,20000,0.5075991666666667,0.012971097559202463,-7.326124621555209,0.0,0.0,1526,"{""0"": 5158, ""1"": 4359, ""2"": 5726, ""3"": 4292, ""4"": 7133, ""5"": 4431}",connected
31199,86,20000,0.5060158333333333,0.01272478753933683,-7.326124621555209,0.0,0.0,1526,"{""0"": 5171, ""1"": 4369, ""2"": 5737, ""3"": 4307, ""4"": 7162, ""5"": 4453}",connected
31299,86,20000,0.5044325000000001,0.01285354800056666,-7.326124621555209,0.0,0.0,1526,"{""0"": 5191, ""1"": 4375, ""2"": 5750, ""3"": 4326, ""4"": 7176, ""5"": 4481}",connected
31399,86,20000,0.5028491666666667,0.012772792498581112,-7.326124621555209,0.0,0.0,1526,"{""0"": 5206, ""1"": 4387, ""2"": 5759, ""3"": 4350, ""4"": 7199, ""5"": 4498}",connected
31499,88,20000,0.5012658333333333,0.013287151276599615,-7.323318413326475,0.0,0.0,1526,"{""0"": 5221, ""1"": 4398, ""2"": 5768, ""3"": 4365, ""4"": 7228, ""5"": 4519}",connected
31599,88,20000,0.49968250000000003,0.014249665061943233,-7.323318413326475,0.0,0.0,1526,"{""0"": 5251, ""1"": 4403, ""2"": 5775, ""3"": 4369, ""4"": 7263, ""5"": 4538}",connected
31699,88,20000,0.49809916666666665,0.01381953232223168,-7.323318413326475,0.0,0.0,1526,"{""0"": 5257, ""1"": 4410, ""2"": 5794, ""3"": 4376, ""4"": 7307, ""5"": 4555}",connected
31799,88,20000,0.4965158333333334,0.012114723196718842,-7.323318413326475,0.0,0.0,1526,"{""0"": 5272, ""1"": 4417, ""2"": 5812, ""3"": 4385, ""4"": 7348, ""5"": 4565}",connected
31899,88,20000,0.4949325000000001,0.011446967690717428,-7.323318413326475,0.0,0.0,1526,"{""0"": 5284, ""1"": 4422, ""2"": 5821, ""3"": 4396, ""4"": 7396, ""5"": 4580}",connected
31999,88,20000,0.4933491666666667,0.009917406912427396,-7.323318413326475,0.0,0.0,1526,"{""0"": 5292, ""1"": 4437, ""2"": 5841, ""3"": 4402, ""4"": 7441, ""5"": 4586}",connected
32099,88,20000,0.49176583333333335,0.0105075978836976,-7.323318413326475,0.0,0.0,1526,"{""0"": 5298, ""1"": 4446, ""2"": 5859, ""3"": 4415, ""4"": 7486, ""5"": 4595}",connected
32199,90,20000,0.4901825000000001,0.012375167608261108,-7.3939020605343915,0.0,0.0,1526,"{""0"": 5310, ""1"": 4471, ""2"": 5867, ""3"": 4433, ""4"": 7513, ""5"": 4605}",connected
32299,90,20000,0.4885991666666667,0.012424382511526347,-7.3939020605343915,0.0,0.0,1526,"{""0"": 5331, ""1"": 4486, ""2"": 5892, ""3"": 4438, ""4"": 7538, ""5"": 4614}",connected
32399,90,20000,0.4870158333333333,0.014289195029996336,-7.3939020605343915,0.0,0.0,1526,"{""0"": 5349, ""1"": 4489, ""2"": 5911, ""3"": 4452, ""4"": 7575, ""5"": 4623}",connected
32499,90,20000,0.48543250000000004,0.01327426937641576,-7.3939020605343915,0.0,0.0,1526,"{""0"": 5376, ""1"": 4495, ""2"": 5925, ""3"": 4463, ""4"": 7608, ""5"": 4632}",connected
32599,90,20000,0.48384916666666666,0.012429315478075296,-7.3939020605343915,0.0,0.0,1526,"{""0"": 5392, ""1"": 4502, ""2"": 5945, ""3"": 4473, ""4"": 7639, ""5"": 4648}",connected
32699,90,20000,0.4822658333333333,0.011712745300028473,-7.3939020605343915,0.0,0.0,1526,"{""0"": 5424, ""1"": 4506, ""2"": 5958, ""3"": 4481, ""4"": 7670, ""5"": 4660}",connected
32799,90,20000,0.4806825,0.011087295876350253,-7.3939020605343915,0.0,0.0,1526,"{""0"": 5434, ""1"": 4515, ""2"": 5963, ""3"": 4496, ""4"": 7690, ""5"": 4701}",connected
32899,92,20000,0.47909916666666663,0.01108537120744586,-7.417400393230111,0.0,0.0,1526,"{""0"": 5454, ""1"": 4520, ""2"": 5976, ""3"": 4513, ""4"": 7716, ""5"": 4720}",connected
32999,92,20000,0.47751583333333336,0.011675133220851421,-7.417400393230111,0.0,0.0,1526,"{""0"": 5466, ""1"": 4528, ""2"": 5993, ""3"": 4522, ""4"": 7754, ""5"": 4736}",connected
33099,92,20000,0.4759325000000001,0.01283421526197344,-7.417400393230111,0.0,0.0,1526,"{""0"": 5487, ""1"": 4538, ""2"": 6008, ""3"": 4533, ""4"": 7763, ""5"": 4770}",connected
33199,92,20000,0.4743491666666667,0.013540346235968172,-7.417400393230111,0.0,0.0,1526,"{""0"": 5498, ""1"": 4545, ""2"": 6019, ""3"": 4572, ""4"": 7789, ""5"": 4776}",connected
33299,92,20000,0.47276583333333333,0.013388453542720526,-7.417400393230111,0.0,0.0,1526,"{""0"": 5506, ""1"": 4559, ""2"": 6048, ""3"": 4603, ""4"": 7803, ""5"": 4780}",connected
33399,92,20000,0.47118250000000006,0.012608979905489832,-7.417400393230111,0.0,0.0,1526,"{""0"": 5513, ""1"": 4560, ""2"": 6071, ""3"": 4654, ""4"": 7811, ""5"": 4790}",connected
33499,94,20000,0.4695991666666667,0.012479608713183552,-7.285253619537391,0.0,0.0,1526,"{""0"": 5527, ""1"": 4570, ""2"": 6092, ""3"": 4662, ""4"": 7847, ""5"": 4801}",connected
33599,94,20000,0.4680158333333333,0.011352922744117677,-7.285253619537391,0.0,0.0,1526,"{""0"": 5538, ""1"": 4579, ""2"": 6104, ""3"": 4678, ""4"": 7876, ""5"": 4824}",connected
33699,94,20000,0.4664325,0.012694129073061049,-7.285253619537391,0.0,0.0,1526,"{""0"": 5572, ""1"": 4588, ""2"": 6119, ""3"": 4692, ""4"": 7893, ""5"": 4835}",connected
33799,94,20000,0.46484916666666665,0.012526910218875855,-7.285253619537391,0.0,0.0,1526,"{""0"": 5581, ""1"": 4599, ""2"": 6137, ""3"": 4708, ""4"": 7914, ""5"": 4860}",connected
33899,94,20000,0.4632658333333334,0.012347699129022657,-7.285253619537391,0.0,0.0,1526,"{""0"": 5595, ""1"": 4608, ""2"": 6152, ""3"": 4727, ""4"": 7935, ""5"": 4882}",connected
33999,94,20000,0.4616825,0.012431479843799024,-7.285253619537391,0.0,0.0,1526,"{""0"": 5602, ""1"": 4620, ""2"": 6155, ""3"": 4746, ""4"": 7965, ""5"": 4911}",connected
34099,94,20000,0.4600991666666666,0.012669332881923765,-7.285253619537391,0.0,0.0,1526,"{""0"": 5610, ""1"": 4621, ""2"": 6170, ""3"": 4756, ""4"": 8001, ""5"": 4941}",connected
34199,96,20000,0.45851583333333346,0.014680274596903473,-7.27769751927796,0.0,0.0,1526,"{""0"": 5619, ""1"": 4628, ""2"": 6192, ""3"": 4769, ""4"": 8030, ""5"": 4961}",connected
34299,96,20000,0.4569325000000001,0.014901502463035286,-7.27769751927796,0.0,0.0,1526,"{""0"": 5643, ""1"": 4648, ""2"": 6211, ""3"": 4782, ""4"": 8047, ""5"": 4968}",connected
34399,96,20000,0.4553491666666667,0.015029252092354,-7.27769751927796,0.0,0.0,1526,"{""0"": 5649, ""1"": 4669, ""2"": 6234, ""3"": 4792, ""4"": 8062, ""5"": 4993}",connected
34499,96,20000,0.4537658333333334,0.01563461801735684,-7.27769751927796,0.0,0.0,1526,"{""0"": 5667, ""1"": 4695, ""2"": 6248, ""3"": 4814, ""4"": 8074, ""5"": 5001}",connected
34599,96,20000,0.45218250000000004,0.013913492632564157,-7.27769751927796,0.0,0.0,1526,"{""0"": 5680, ""1"": 4704, ""2"": 6277, ""3"": 4836, ""4"": 8092, ""5"": 5010}",connected
34699,96,20000,0.45059916666666666,0.013902958235703408,-7.27769751927796,0.0,0.0,1526,"{""0"": 5686, ""1"": 4716, ""2"": 6297, ""3"": 4866, ""4"": 8115, ""5"": 5019}",connected
34799,96,20000,0.4490158333333334,0.013373994154389947,-7.27769751927796,0.0,0.0,1526,"{""0"": 5693, ""1"": 4730, ""2"": 6347, ""3"": 4877, ""4"": 8128, ""5"": 5024}",connected
34899,98,20000,0.4474325,0.01160859122639522,-7.274349371356205,0.0,0.0,1526,"{""0"": 5704, ""1"": 4732, ""2"": 6388, ""3"": 4884, ""4"": 8157, ""5"": 5034}",connected
34999,98,20000,0.44584916666666663,0.012806664858944715,-7.274349371356205,0.0,0.0,1526,"{""0"": 5728, ""1"": 4743, ""2"": 6398, ""3"": 4891, ""4"": 8184, ""5"": 5055}",connected
35099,98,20000,0.44426583333333336,0.013171443862374873,-7.274349371356205,0.0,0.0,1526,"{""0"": 5740, ""1"": 4759, ""2"": 6415, ""3"": 4904, ""4"": 8214, ""5"": 5067}",connected
35199,98,20000,0.4426825,0.014210165883414448,-7.274349371356205,0.0,0.0,1526,"{""0"": 5754, ""1"": 4772, ""2"": 6429, ""3"": 4927, ""4"": 8236, ""5"": 5081}",connected
35299,100,20000,0.4410991666666666,0.014564626466017217,-7.1685704967007045,0.0,0.0,1526,"{""0"": 5761, ""1"": 4792, ""2"": 6449, ""3"": 4947, ""4"": 8255, ""5"": 5095}",connected
35399,100,20000,0.43951583333333344,0.014255734093021602,-7.1685704967007045,0.0,0.0,1526,"{""0"": 5789, ""1"": 4799, ""2"": 6453, ""3"": 4956, ""4"": 8294, ""5"": 5108}",connected
35499,100,20000,0.43793250000000006,0.014134307948406786,-7.1685704967007045,0.0,0.0,1526,"{""0"": 5801, ""1"": 4804, ""2"": 6469, ""3"": 4963, ""4"": 8336, ""5"": 5126}",connected
35599,100,20000,0.4363491666666667,0.014760146588087083,-7.1685704967007045,0.0,0.0,1526,"{""0"": 5810, ""1"": 4818, ""2"": 6499, ""3"": 4981, ""4"": 8356, ""5"": 5135}",connected
35699,100,20000,0.4347658333333334,0.014230077483225613,-7.1685704967007045,0.0,0.0,1526,"{""0"": 5829, ""1"": 4822, ""2"": 6535, ""3"": 4994, ""4"": 8378, ""5"": 5141}",connected
35799,100,20000,0.4331825,0.01436680969549343,-7.1685704967007045,0.0,0.0,1526,"{""0"": 5837, ""1"": 4825, ""2"": 6561, ""3"": 5024, ""4"": 8399, ""5"": 5153}",connected
35899,100,20000,0.43159916666666664,0.012769824138376861,-7.1685704967007045,0.0,0.0,1526,"{""0"": 5850, ""1"": 4833, ""2"": 6584, ""3"": 5047, ""4"": 8417, ""5"": 5168}",connected
35999,100,20000,0.4300158333333334,0.01148328296141699,-7.1685704967007045,0.0,0.0,1526,"{""0"": 5855, ""1"": 4846, ""2"": 6613, ""3"": 5071, ""4"": 8428, ""5"": 5186}",connected
36099,102,20000,0.4284325,0.01444088268559426,-7.195944398483261,0.0,0.0,1526,"{""0"": 5868, ""1"": 4855, ""2"": 6628, ""3"": 5083, ""4"": 8463, ""5"": 5202}",connected
36199,102,20000,0.4268491666666667,0.014595753103494645,-7.195944398483261,0.0,0.0,1526,"{""0"": 5879, ""1"": 4865, ""2"": 6651, ""3"": 5090, ""4"": 8497, ""5"": 5217}",connected
36299,104,20000,0.42526583333333334,0.016532507920637728,-7.0614782160008325,0.0,0.0,1526,"{""0"": 5888, ""1"": 4874, ""2"": 6677, ""3"": 5108, ""4"": 8517, ""5"": 5235}",connected
36399,104,20000,0.42368249999999996,0.01722326738992706,-7.0614782160008325,0.0,0.0,1526,"{""0"": 5898, ""1"": 4887, ""2"": 6693, ""3"": 5114, ""4"": 8562, ""5"": 5245}",connected
36499,104,20000,0.4220991666666667,0.016224977823439984,-7.0614782160008325,0.0,0.0,1526,"{""0"": 5922, ""1"": 4899, ""2"": 6710, ""3"": 5134, ""4"": 8579, ""5"": 5255}",connected
36599,104,20000,0.4205158333333334,0.01620566345518455,-7.0614782160008325,0.0,0.0,1526,"{""0"": 5936, ""1"": 4912, ""2"": 6728, ""3"": 5161, ""4"": 8593, ""5"": 5269}",connected
36699,104,20000,0.41893250000000004,0.015338026860263199,-7.0614782160008325,0.0,0.0,1526,"{""0"": 5940, ""1"": 4918, ""2"": 6752, ""3"": 5192, ""4"": 8623, ""5"": 5274}",connected
36799,106,20000,0.41734916666666677,0.015126995199825615,-6.948326867301948,0.0,0.0,1526,"{""0"": 5955, ""1"": 4928, ""2"": 6772, ""3"": 5204, ""4"": 8654, ""5"": 5286}",connected
36899,106,20000,0.4157658333333334,0.014072217841167002,-6.948326867301948,0.0,0.0,1526,"{""0"": 5966, ""1"": 4949, ""2"": 6805, ""3"": 5221, ""4"": 8667, ""5"": 5291}",connected
36999,106,20000,0.4141825,0.013354431742336602,-6.948326867301948,0.0,0.0,1526,"{""0"": 5971, ""1"": 4963, ""2"": 6826, ""3"": 5245, ""4"": 8686, ""5"": 5308}",connected
37099,106,20000,0.41259916666666674,0.015147278613876552,-6.948326867301948,0.0,0.0,1526,"{""0"": 5984, ""1"": 4975, ""2"": 6846, ""3"": 5272, ""4"": 8704, ""5"": 5318}",connected
37199,106,20000,0.41101583333333336,0.016367105378303676,-6.948326867301948,0.0,0.0,1526,"{""0"": 5995, ""1"": 4995, ""2"": 6864, ""3"": 5286, ""4"": 8724, ""5"": 5335}",connected
37299,106,20000,0.4094325,0.0167828570632264,-6.948326867301948,0.0,0.0,1526,"{""0"": 6005, ""1"": 5005, ""2"": 6871, ""3"": 5307, ""4"": 8752, ""5"": 5359}",connected
37399,106,20000,0.4078491666666667,0.017827467024326325,-6.948326867301948,0.0,0.0,1526,"{""0"": 6020, ""1"": 5021, ""2"": 6883, ""3"": 5318, ""4"": 8770, ""5"": 5387}",connected
37499,108,20000,0.4062658333333333,0.015767591428011655,-6.933189714336768,0.0,0.0,1526,"{""0"": 6040, ""1"": 5028, ""2"": 6895, ""3"": 5330, ""4"": 8809, ""5"": 5397}",connected
37599,108,20000,0.40468249999999995,0.016601099378895014,-6.933189714336768,0.0,0.0,1526,"{""0"": 6042, ""1"": 5031, ""2"": 6908, ""3"": 5350, ""4"": 8865, ""5"": 5403}",connected
37699,108,20000,0.4030991666666667,0.017081832045223563,-6.933189714336768,0.0,0.0,1526,"{""0"": 6052, ""1"": 5045, ""2"": 6916, ""3"": 5383, ""4"": 8892, ""5"": 5411}",connected
37799,110,20000,0.4015158333333334,0.017248842695262282,-6.791113424734212,0.0,0.0,1526,"{""0"": 6062, ""1"": 5049, ""2"": 6934, ""3"": 5411, ""4"": 8921, ""5"": 5422}",connected
37899,110,20000,0.3999325,0.01793897697934881,-6.791113424734212,0.0,0.0,1526,"{""0"": 6063, ""1"": 5058, ""2"": 6943, ""3"": 5415, ""4"": 8992, ""5"": 5428}",connected
37999,110,20000,0.39834916666666675,0.01774814794305712,-6.791113424734212,0.0,0.0,1526,"{""0"": 6071, ""1"": 5064, ""2"": 6949, ""3"": 5423, ""4"": 9058, ""5"": 5434}",connected
38099,110,20000,0.3967658333333334,0.018324456480331718,-6.791113424734212,0.0,0.0,1526,"{""0"": 6074, ""1"": 5070, ""2"": 6953, ""3"": 5434, ""4"": 9127, ""5"": 5441}",connected
38199,110,20000,0.3951825,0.017709792749956252,-6.791113424734212,0.0,0.0,1526,"{""0"": 6083, ""1"": 5077, ""2"": 6961, ""3"": 5439, ""4"": 9191, ""5"": 5448}",connected
38299,110,20000,0.3935991666666667,0.01724954973673448,-6.791113424734212,0.0,0.0,1526,"{""0"": 6087, ""1"": 5078, ""2"": 6966, ""3"": 5446, ""4"": 9268, ""5"": 5454}",connected
38399,110,20000,0.39201583333333334,0.015715194942895323,-6.791113424734212,0.0,0.0,1526,"{""0"": 6097, ""1"": 5093, ""2"": 6988, ""3"": 5456, ""4"": 9303, ""5"": 5462}",connected
38499,110,20000,0.39043249999999996,0.014845030915457755,-6.791113424734212,0.0,0.0,1526,"{""0"": 6099, ""1"": 5104, ""2"": 7001, ""3"": 5481, ""4"": 9344, ""5"": 5470}",connected
38599,112,20000,0.3888491666666667,0.014439249825663865,-6.711833667014726,0.0,0.0,1526,"{""0"": 6107, ""1"": 5113, ""2"": 7032, ""3"": 5483, ""4"": 9384, ""5"": 5480}",connected
38699,112,20000,0.3872658333333333,0.01552954488666728,-6.711833667014726,0.0,0.0,1526,"{""0"": 6118, ""1"": 5123, ""2"": 7045, ""3"": 5490, ""4"": 9440, ""5"": 5483}",connected
38799,112,20000,0.38568250000000004,0.016200099864508957,-6.711833667014726,0.0,0.0,1526,"{""0"": 6124, ""1"": 5134, ""2"": 7069, ""3"": 5505, ""4"": 9482, ""5"": 5485}",connected
38899,112,20000,0.38409916666666666,0.01618727036053315,-6.711833667014726,0.0,0.0,1526,"{""0"": 6131, ""1"": 5148, ""2"": 7108, ""3"": 5517, ""4"": 9505, ""5"": 5490}",connected
38999,112,20000,0.3825158333333334,0.016767225007060915,-6.711833667014726,0.0,0.0,1526,"{""0"": 6133, ""1"": 5159, ""2"": 7123, ""3"": 5538, ""4"": 9552, ""5"": 5494}",connected
39099,112,20000,0.3809325000000001,0.01545439548790455,-6.711833667014726,0.0,0.0,1526,"{""0"": 6135, ""1"": 5168, ""2"": 7165, ""3"": 5560, ""4"": 9572, ""5"": 5499}",connected
39199,112,20000,0.37934916666666674,0.015750749320723116,-6.711833667014726,0.0,0.0,1526,"{""0"": 6142, ""1"": 5177, ""2"": 7212, ""3"": 5574, ""4"": 9591, ""5"": 5503}",connected
39299,114,20000,0.37776583333333336,0.01625932670198381,-6.693502813335508,0.0,0.0,1526,"{""0"": 6153, ""1"": 5185, ""2"": 7275, ""3"": 5575, ""4"": 9604, ""5"": 5507}",connected
39399,114,20000,0.3761825000000001,0.016286321429070084,-6.693502813335508,0.0,0.0,1526,"{""0"": 6163, ""1"": 5203, ""2"": 7317, ""3"": 5577, ""4"": 9629, ""5"": 5510}",connected
39499,114,20000,0.3745991666666667,0.017477645515464248,-6.693502813335508,0.0,0.0,1526,"{""0"": 6169, ""1"": 5218, ""2"": 7357, ""3"": 5584, ""4"": 9652, ""5"": 5519}",connected
39599,114,20000,0.3730158333333333,0.016403816803358496,-6.693502813335508,0.0,0.0,1526,"{""0"": 6176, ""1"": 5246, ""2"": 7392, ""3"": 5587, ""4"": 9674, ""5"": 5524}",connected
39699,114,20000,0.37143250000000005,0.015854112154338507,-6.693502813335508,0.0,0.0,1526,"{""0"": 6187, ""1"": 5254, ""2"": 7440, ""3"": 5592, ""4"": 9699, ""5"": 5527}",connected
39799,114,20000,0.3698491666666667,0.015285429691430182,-6.693502813335508,0.0,0.0,1526,"{""0"": 6194, ""1"": 5262, ""2"": 7502, ""3"": 5596, ""4"": 9711, ""5"": 5534}",connected
39899,114,20000,0.3682658333333333,0.014646967377047985,-6.693502813335508,0.0,0.0,1526,"{""0"": 6198, ""1"": 5268, ""2"": 7562, ""3"": 5600, ""4"": 9730, ""5"": 5541}",connected
39999,116,20000,0.3666825,0.0148722181096673,-6.625662110187113,0.0,0.0,1526,"{""0"": 6213, ""1"": 5275, ""2"": 7606, ""3"": 5603, ""4"": 9754, ""5"": 5548}",connected
40099,116,20000,0.36509916666666664,0.014330992435570806,-6.625662110187113,0.0,0.0,1526,"{""0"": 6218, ""1"": 5293, ""2"": 7634, ""3"": 5621, ""4"": 9771, ""5"": 5562}",connected
40199,116,20000,0.36351583333333337,0.015388198357541114,-6.625662110187113,0.0,0.0,1526,"{""0"": 6221, ""1"": 5313, ""2"": 7668, ""3"": 5630, ""4"": 9787, ""5"": 5580}",connected
40299,116,20000,0.3619325000000001,0.015573367944452911,-6.625662110187113,0.0,0.0,1526,"{""0"": 6229, ""1"": 5340, ""2"": 7691, ""3"": 5654, ""4"": 9801, ""5"": 5584}",connected
40399,116,20000,0.3603491666666667,0.015816970700398086,-6.625662110187113,0.0,0.0,1526,"{""0"": 6254, ""1"": 5369, ""2"": 7709, ""3"": 5667, ""4"": 9809, ""5"": 5591}",connected
40499,116,20000,0.35876583333333334,0.016731190187856557,-6.625662110187113,0.0,0.0,1526,"{""0"": 6291, ""1"": 5384, ""2"": 7713, ""3"": 5675, ""4"": 9819, ""5"": 5617}",connected
40599,116,20000,0.35718250000000007,0.016934585683047773,-6.625662110187113,0.0,0.0,1526,"{""0"": 6312, ""1"": 5409, ""2"": 7738, ""3"": 5687, ""4"": 9833, ""5"": 5620}",connected
40699,118,20000,0.3555991666666667,0.017017349768429994,-6.561550744972192,0.0,0.0,1526,"{""0"": 6325, ""1"": 5426, ""2"": 7755, ""3"": 5696, ""4"": 9871, ""5"": 5626}",connected
40799,118,20000,0.3540158333333333,0.01690434217453003,-6.561550744972192,0.0,0.0,1526,"{""0"": 6374, ""1"": 5433, ""2"": 7759, ""3"": 5701, ""4"": 9899, ""5"": 5633}",connected
40899,118,20000,0.35243250000000004,0.017215970216784626,-6.561550744972192,0.0,0.0,1526,"{""0"": 6406, ""1"": 5454, ""2"": 7766, ""3"": 5703, ""4"": 9934, ""5"": 5636}",connected
40999,118,20000,0.35084916666666666,0.015356756104156375,-6.561550744972192,0.0,0.0,1526,"{""0"": 6461, ""1"": 5467, ""2"": 7771, ""3"": 5706, ""4"": 9951, ""5"": 5643}",connected
41099,118,20000,0.3492658333333333,0.015041220928542315,-6.561550744972192,0.0,0.0,1526,"{""0"": 6501, ""1"": 5479, ""2"": 7789, ""3"": 5708, ""4"": 9975, ""5"": 5647}",connected
41199,118,20000,0.3476825,0.014885758636519314,-6.561550744972192,0.0,0.0,1526,"{""0"": 6525, ""1"": 5490, ""2"": 7796, ""3"": 5712, ""4"": 10017, ""5"": 5659}",connected
41299,118,20000,0.3460991666666666,0.014073324182536453,-6.561550744972192,0.0,0.0,1526,"{""0"": 6567, ""1"": 5504, ""2"": 7799, ""3"": 5716, ""4"": 10042, ""5"": 5671}",connected
41399,120,20000,0.34451583333333347,0.015675580003298818,-6.5132989267306405,0.0,0.0,1526,"{""0"": 6612, ""1"": 5512, ""2"": 7817, ""3"": 5722, ""4"": 10060, ""5"": 5676}",connected
41499,120,20000,0.3429325000000001,0.014556889892555774,-6.5132989267306405,0.0,0.0,1526,"{""0"": 6617, ""1"": 5532, ""2"": 7857, ""3"": 5732, ""4"": 10078, ""5"": 5683}",connected
41599,120,20000,0.3413491666666667,0.014988644705154002,-6.5132989267306405,0.0,0.0,1526,"{""0"": 6623, ""1"": 5552, ""2"": 7905, ""3"": 5738, ""4"": 10094, ""5"": 5687}",connected
41699,120,20000,0.33976583333333343,0.013582025463692844,-6.5132989267306405,0.0,0.0,1526,"{""0"": 6636, ""1"": 5576, ""2"": 7934, ""3"": 5750, ""4"": 10113, ""5"": 5690}",connected
41799,120,20000,0.33818250000000005,0.012921136175282299,-6.5132989267306405,0.0,0.0,1526,"{""0"": 6646, ""1"": 5598, ""2"": 7959, ""3"": 5776, ""4"": 10122, ""5"": 5698}",connected
41899,120,20000,0.33659916666666667,0.014009990715421736,-6.5132989267306405,0.0,0.0,1526,"{""0"": 6661, ""1"": 5607, ""2"": 7990, ""3"": 5789, ""4"": 10140, ""5"": 5712}",connected
41999,120,20000,0.3350158333333334,0.013577472679316997,-6.5132989267306405,0.0,0.0,1526,"{""0"": 6681, ""1"": 5616, ""2"": 8006, ""3"": 5812, ""4"": 10155, ""5"": 5729}",connected
42099,122,20000,0.3334325,0.014367603808641433,-6.464445487260819,0.0,0.0,1526,"{""0"": 6693, ""1"": 5671, ""2"": 8023, ""3"": 5817, ""4"": 10161, ""5"": 5734}",connected
42199,122,20000,0.33184916666666664,0.014874819270335137,-6.464445487260819,0.0,0.0,1526,"{""0"": 6705, ""1"": 5692, ""2"": 8054, ""3"": 5827, ""4"": 10181, ""5"": 5740}",connected
42299,122,20000,0.33026583333333337,0.01565541422460228,-6.464445487260819,0.0,0.0,1526,"{""0"": 6715, ""1"": 5715, ""2"": 8063, ""3"": 5858, ""4"": 10200, ""5"": 5748}",connected
42399,122,20000,0.3286825,0.016181505261920394,-6.464445487260819,0.0,0.0,1526,"{""0"": 6742, ""1"": 5729, ""2"": 8064, ""3"": 5893, ""4"": 10211, ""5"": 5760}",connected
42499,122,20000,0.3270991666666666,0.016469652741216124,-6.464445487260819,0.0,0.0,1526,"{""0"": 6755, ""1"": 5749, ""2"": 8077, ""3"": 5927, ""4"": 10229, ""5"": 5762}",connected
42599,122,20000,0.32551583333333345,0.01657759280409664,-6.464445487260819,0.0,0.0,1526,"{""0"": 6764, ""1"": 5762, ""2"": 8102, ""3"": 5946, ""4"": 10250, ""5"": 5775}",connected
42699,122,20000,0.32393250000000007,0.015540844374336303,-6.464445487260819,0.0,0.0,1526,"{""0"": 6779, ""1"": 5785, ""2"": 8132, ""3"": 5958, ""4"": 10253, ""5"": 5792}",connected
42799,122,20000,0.3223491666666667,0.015035863113589586,-6.464445487260819,0.0,0.0,1526,"{""0"": 6782, ""1"": 5819, ""2"": 8151, ""3"": 5986, ""4"": 10261, ""5"": 5800}",connected
42899,124,20000,0.3207658333333334,0.01569411301985383,-6.414306997694075,0.0,0.0,1526,"{""0"": 6787, ""1"": 5862, ""2"": 8155, ""3"": 6021, ""4"": 10268, ""5"": 5806}",connected
42999,124,20000,0.31918250000000004,0.014557523457333445,-6.414306997694075,0.0,0.0,1526,"{""0"": 6795, ""1"": 5932, ""2"": 8163, ""3"": 6028, ""4"": 10275, ""5"": 5806}",connected
43099,124,20000,0.31759916666666665,0.014824114507064223,-6.414306997694075,0.0,0.0,1526,"{""0"": 6806, ""1"": 5990, ""2"": 8166, ""3"": 6041, ""4"": 10284, ""5"": 5812}",connected
43199,124,20000,0.3160158333333334,0.015735395811498167,-6.414306997694075,0.0,0.0,1526,"{""0"": 6829, ""1"": 5996, ""2"": 8176, ""3"": 6067, ""4"": 10316, ""5"": 5815}",connected
43299,124,20000,0.3144325,0.015546159562654793,-6.414306997694075,0.0,0.0,1526,"{""0"": 6896, ""1"": 6004, ""2"": 8180, ""3"": 6074, ""4"": 10330, ""5"": 5815}",connected
43399,124,20000,0.3128491666666666,0.016425370601937175,-6.414306997694075,0.0,0.0,1526,"{""0"": 6934, ""1"": 6020, ""2"": 8194, ""3"": 6078, ""4"": 10346, ""5"": 5827}",connected
43499,124,20000,0.31126583333333335,0.016103684147819878,-6.414306997694075,0.0,0.0,1526,"{""0"": 6961, ""1"": 6042, ""2"": 8205, ""3"": 6083, ""4"": 10375, ""5"": 5833}",connected
43599,126,20000,0.30968249999999997,0.01459711474366486,-6.344741506790743,0.0,0.0,1526,"{""0"": 6990, ""1"": 6059, ""2"": 8214, ""3"": 6105, ""4"": 10395, ""5"": 5836}",connected
43699,126,20000,0.3080991666666667,0.01408589432016015,-6.344741506790743,0.0,0.0,1526,"{""0"": 7012, ""1"": 6071, ""2"": 8226, ""3"": 6119, ""4"": 10431, ""5"": 5840}",connected
43799,126,20000,0.30651583333333343,0.014166321835946292,-6.344741506790743,0.0,0.0,1526,"{""0"": 7026, ""1"": 6080, ""2"": 8247, ""3"": 6132, ""4"": 10469, ""5"": 5845}",connected
43899,128,20000,0.30493250000000005,0.01493034722050652,-6.172808371903375,0.0,0.0,1526,"{""0"": 7029, ""1"": 6094, ""2"": 8271, ""3"": 6160, ""4"": 10492, ""5"": 5853}",connected
43999,128,20000,0.3033491666666668,0.015833919493015856,-6.172808371903375,0.0,0.0,1526,"{""0"": 7049, ""1"": 6104, ""2"": 8284, ""3"": 6185, ""4"": 10521, ""5"": 5856}",connected
44099,128,20000,0.3017658333333334,0.016644564841408284,-6.172808371903375,0.0,0.0,1526,"{""0"": 7057, ""1"": 6120, ""2"": 8295, ""3"": 6226, ""4"": 10541, ""5"": 5860}",connected
44199,128,20000,0.3001825,0.016317393537610768,-6.172808371903375,0.0,0.0,1526,"{""0"": 7065, ""1"": 6139, ""2"": 8307, ""3"": 6265, ""4"": 10561, ""5"": 5862}",connected
44299,130,20000,0.29859916666666675,0.016168991334270685,-5.996958741745911,0.0,0.0,1526,"{""0"": 7072, ""1"": 6174, ""2"": 8327, ""3"": 6277, ""4"": 10579, ""5"": 5870}",connected
44399,130,20000,0.29701583333333337,0.015932096072938294,-5.996958741745911,0.0,0.0,1526,"{""0"": 7081, ""1"": 6191, ""2"": 8355, ""3"": 6295, ""4"": 10606, ""5"": 5871}",connected
44499,130,20000,0.2954325,0.015391468515153973,-5.996958741745911,0.0,0.0,1526,"{""0"": 7089, ""1"": 6206, ""2"": 8373, ""3"": 6314, ""4"": 10638, ""5"": 5879}",connected
44599,130,20000,0.2938491666666667,0.015010705038439482,-5.996958741745911,0.0,0.0,1526,"{""0"": 7117, ""1"": 6241, ""2"": 8386, ""3"": 6323, ""4"": 10652, ""5"": 5880}",connected
44699,130,20000,0.29226583333333334,0.015310666020959617,-5.996958741745911,0.0,0.0,1526,"{""0"": 7130, ""1"": 6263, ""2"": 8392, ""3"": 6343, ""4"": 10687, ""5"": 5884}",connected
44799,130,20000,0.29068249999999995,0.014543491331860423,-5.996958741745911,0.0,0.0,1526,"{""0"": 7153, ""1"": 6283, ""2"": 8407, ""3"": 6358, ""4"": 10707, ""5"": 5891}",connected
44899,130,20000,0.2890991666666667,0.015207770699635147,-5.996958741745911,0.0,0.0,1526,"{""0"": 7172, ""1"": 6297, ""2"": 8422, ""3"": 6373, ""4"": 10737, ""5"": 5898}",connected
44999,132,20000,0.2875158333333334,0.01507692206883803,-6.031448547705077,0.0,0.0,1526,"{""0"": 7190, ""1"": 6324, ""2"": 8442, ""3"": 6391, ""4"": 10747, ""5"": 5905}",connected
45099,132,20000,0.28593250000000003,0.015247514508664607,-6.031448547705077,0.0,0.0,1526,"{""0"": 7194, ""1"": 6328, ""2"": 8460, ""3"": 6409, ""4"": 10803, ""5"": 5905}",connected
45199,132,20000,0.28434916666666676,0.016036587855778633,-6.031448547705077,0.0,0.0,1526,"{""0"": 7205, ""1"": 6352, ""2"": 8489, ""3"": 6420, ""4"": 10810, ""5"": 5923}",connected
45299,132,20000,0.2827658333333334,0.014862725979182869,-6.031448547705077,0.0,0.0,1526,"{""0"": 7225, ""1"": 6367, ""2"": 8526, ""3"": 6429, ""4"": 10826, ""5"": 5926}",connected
45399,132,20000,0.2811825,0.014949939884245396,-6.031448547705077,0.0,0.0,1526,"{""0"": 7253, ""1"": 6378, ""2"": 8559, ""3"": 6435, ""4"": 10838, ""5"": 5936}",connected
45499,132,20000,0.27959916666666673,0.014483278605621309,-6.031448547705077,0.0,0.0,1526,"{""0"": 7266, ""1"": 6410, ""2"": 8597, ""3"": 6437, ""4"": 10847, ""5"": 5942}",connected
45599,132,20000,0.27801583333333335,0.013681373891886324,-6.031448547705077,0.0,0.0,1526,"{""0"": 7289, ""1"": 6418, ""2"": 8618, ""3"": 6453, ""4"": 10876, ""5"": 5945}",connected
45699,134,20000,0.27643249999999997,0.013161203893832862,-6.077967890040018,0.0,0.0,1526,"{""0"": 7309, ""1"": 6431, ""2"": 8643, ""3"": 6469, ""4"": 10895, ""5"": 5952}",connected
45799,134,20000,0.2748491666666667,0.013530241874977946,-6.077967890040018,0.0,0.0,1526,"{""0"": 7314, ""1"": 6451, ""2"": 8653, ""3"": 6511, ""4"": 10913, ""5"": 5957}",connected
45899,134,20000,0.2732658333333333,0.01345185408834368,-6.077967890040018,0.0,0.0,1526,"{""0"": 7343, ""1"": 6468, ""2"": 8664, ""3"": 6533, ""4"": 10925, ""5"": 5966}",connected
45999,134,20000,0.27168249999999994,0.013988146954216064,-6.077967890040018,0.0,0.0,1526,"{""0"": 7353, ""1"": 6472, ""2"": 8668, ""3"": 6553, ""4"": 10930, ""5"": 6023}",connected
46099,136,20000,0.27009916666666667,0.015285307238809765,-5.920615473459475,0.0,0.0,1526,"{""0"": 7374, ""1"": 6481, ""2"": 8674, ""3"": 6568, ""4"": 10956, ""5"": 6046}",connected
46199,136,20000,0.2685158333333334,0.014547477099113167,-5.920615473459475,0.0,0.0,1526,"{""0"": 7381, ""1"": 6485, ""2"": 8698, ""3"": 6600, ""4"": 10984, ""5"": 6051}",connected
46299,136,20000,0.26693250000000013,0.013713917532004415,-5.920615473459475,0.0,0.0,1526,"{""0"": 7404, ""1"": 6486, ""2"": 8723, ""3"": 6612, ""4"": 11020, ""5"": 6054}",connected
46399,136,20000,0.26534916666666675,0.014245957001112402,-5.920615473459475,0.0,0.0,1526,"{""0"": 7426, ""1"": 6490, ""2"": 8770, ""3"": 6621, ""4"": 11035, ""5"": 6057}",connected
46499,136,20000,0.26376583333333337,0.01381246223812923,-5.920615473459475,0.0,0.0,1526,"{""0"": 7430, ""1"": 6499, ""2"": 8811, ""3"": 6642, ""4"": 11057, ""5"": 6060}",connected
46599,136,20000,0.2621825000000001,0.013614477494265885,-5.920615473459475,0.0,0.0,1526,"{""0"": 7469, ""1"": 6505, ""2"": 8841, ""3"": 6645, ""4"": 11069, ""5"": 6070}",connected
46699,136,20000,0.2605991666666667,0.013227027580142022,-5.920615473459475,0.0,0.0,1526,"{""0"": 7482, ""1"": 6516, ""2"": 8881, ""3"": 6655, ""4"": 11091, ""5"": 6074}",connected
46799,138,20000,0.25901583333333333,0.011728190514259041,-5.916570020932705,0.0,0.0,1526,"{""0"": 7501, ""1"": 6531, ""2"": 8916, ""3"": 6666, ""4"": 11101, ""5"": 6084}",connected
46899,138,20000,0.25743250000000006,0.010653603614773601,-5.916570020932705,0.0,0.0,1526,"{""0"": 7515, ""1"": 6555, ""2"": 8931, ""3"": 6685, ""4"": 11120, ""5"": 6093}",connected
46999,138,20000,0.2558491666666667,0.010632239656988531,-5.916570020932705,0.0,0.0,1526,"{""0"": 7519, ""1"": 6578, ""2"": 8938, ""3"": 6724, ""4"": 11138, ""5"": 6102}",connected
47099,138,20000,0.2542658333333333,0.013532705726101995,-5.916570020932705,0.0,0.0,1526,"{""0"": 7521, ""1"": 6598, ""2"": 8961, ""3"": 6742, ""4"": 11168, ""5"": 6109}",connected
47199,138,20000,0.25268250000000003,0.014617782682180405,-5.916570020932705,0.0,0.0,1526,"{""0"": 7560, ""1"": 6601, ""2"": 8982, ""3"": 6759, ""4"": 11187, ""5"": 6110}",connected
47299,138,20000,0.25109916666666665,0.016380006610415877,-5.916570020932705,0.0,0.0,1526,"{""0"": 7570, ""1"": 6612, ""2"": 8999, ""3"": 6796, ""4"": 11205, ""5"": 6117}",connected
47399,140,20000,0.24951583333333338,0.016947734877467157,-5.8765958570921795,0.0,0.0,1526,"{""0"": 7589, ""1"": 6615, ""2"": 9016, ""3"": 6805, ""4"": 11254, ""5"": 6120}",connected
47499,140,20000,0.2479325000000001,0.01626553407870233,-5.8765958570921795,0.0,0.0,1526,"{""0"": 7642, ""1"": 6621, ""2"": 9020, ""3"": 6810, ""4"": 11286, ""5"": 6120}",connected
47599,140,20000,0.24634916666666673,0.014770843591541051,-5.8765958570921795,0.0,0.0,1526,"{""0"": 7653, ""1"": 6638, ""2"": 9050, ""3"": 6830, ""4"": 11303, ""5"": 6125}",connected
47699,140,20000,0.24476583333333335,0.01483783321455121,-5.8765958570921795,0.0,0.0,1526,"{""0"": 7664, ""1"": 6650, ""2"": 9076, ""3"": 6848, ""4"": 11316, ""5"": 6145}",connected
47799,140,20000,0.24318250000000008,0.014784143334254622,-5.8765958570921795,0.0,0.0,1526,"{""0"": 7692, ""1"": 6653, ""2"": 9104, ""3"": 6870, ""4"": 11328, ""5"": 6152}",connected
47899,140,20000,0.2415991666666667,0.013308738516643643,-5.8765958570921795,0.0,0.0,1526,"{""0"": 7730, ""1"": 6653, ""2"": 9127, ""3"": 6885, ""4"": 11351, ""5"": 6153}",connected
47999,140,20000,0.24001583333333332,0.014240992567501963,-5.8765958570921795,0.0,0.0,1526,"{""0"": 7739, ""1"": 6668, ""2"": 9140, ""3"": 6919, ""4"": 11360, ""5"": 6173}",connected
48099,142,20000,0.23843250000000005,0.013127897260710597,-5.851360921100714,0.0,0.0,1526,"{""0"": 7745, ""1"": 6683, ""2"": 9150, ""3"": 6978, ""4"": 11369, ""5"": 6174}",connected
48199,142,20000,0.23684916666666667,0.01298797832801938,-5.851360921100714,0.0,0.0,1526,"{""0"": 7756, ""1"": 6714, ""2"": 9178, ""3"": 6994, ""4"": 11375, ""5"": 6182}",connected
48299,142,20000,0.23526583333333329,0.014096072441898286,-5.851360921100714,0.0,0.0,1526,"{""0"": 7769, ""1"": 6723, ""2"": 9207, ""3"": 7009, ""4"": 11405, ""5"": 6186}",connected
48399,142,20000,0.23368250000000002,0.014913333153817803,-5.851360921100714,0.0,0.0,1526,"{""0"": 7792, ""1"": 6734, ""2"": 9227, ""3"": 7027, ""4"": 11428, ""5"": 6191}",connected
48499,144,20000,0.23209916666666663,0.01622085553826764,-5.681879922607914,0.0,0.0,1526,"{""0"": 7807, ""1"": 6757, ""2"": 9239, ""3"": 7048, ""4"": 11453, ""5"": 6195}",connected
48599,144,20000,0.23051583333333336,0.015363845867104828,-5.681879922607914,0.0,0.0,1526,"{""0"": 7830, ""1"": 6767, ""2"": 9247, ""3"": 7065, ""4"": 11472, ""5"": 6218}",connected
48699,144,20000,0.2289325000000001,0.014509226840455086,-5.681879922607914,0.0,0.0,1526,"{""0"": 7857, ""1"": 6772, ""2"": 9257, ""3"": 7082, ""4"": 11489, ""5"": 6242}",connected
48799,146,20000,0.2273491666666667,0.015506257195957005,-5.486190700936131,0.0,0.0,1526,"{""0"": 7868, ""1"": 6790, ""2"": 9282, ""3"": 7088, ""4"": 11527, ""5"": 6244}",connected
48899,146,20000,0.22576583333333344,0.014387532249093055,-5.486190700936131,0.0,0.0,1526,"{""0"": 7902, ""1"": 6795, ""2"": 9308, ""3"": 7095, ""4"": 11551, ""5"": 6248}",connected
48999,146,20000,0.22418250000000006,0.015384058374911547,-5.486190700936131,0.0,0.0,1526,"{""0"": 7917, ""1"": 6831, ""2"": 9320, ""3"": 7116, ""4"": 11563, ""5"": 6252}",connected
49099,146,20000,0.22259916666666668,0.015310456061270088,-5.486190700936131,0.0,0.0,1526,"{""0"": 7946, ""1"": 6857, ""2"": 9339, ""3"": 7127, ""4"": 11572, ""5"": 6258}",connected
49199,148,20000,0.2210158333333334,0.013812058835756034,-5.498049803539179,0.0,0.0,1526,"{""0"": 7954, ""1"": 6876, ""2"": 9364, ""3"": 7161, ""4"": 11581, ""5"": 6263}",connected
49299,148,20000,0.21943250000000003,0.01361837324919179,-5.498049803539179,0.0,0.0,1526,"{""0"": 7974, ""1"": 6889, ""2"": 9395, ""3"": 7181, ""4"": 11590, ""5"": 6270}",connected
49399,148,20000,0.21784916666666665,0.012969462447799743,-5.498049803539179,0.0,0.0,1526,"{""0"": 8010, ""1"": 6898, ""2"": 9409, ""3"": 7212, ""4"": 11599, ""5"": 6271}",connected
49499,150,20000,0.21626583333333338,0.01320496058324352,-5.414617578247562,0.0,0.0,1526,"{""0"": 8038, ""1"": 6921, ""2"": 9419, ""3"": 7241, ""4"": 11609, ""5"": 6271}",connected
49599,150,20000,0.2146825,0.012174093690700829,-5.414617578247562,0.0,0.0,1526,"{""0"": 8056, ""1"": 6953, ""2"": 9438, ""3"": 7249, ""4"": 11629, ""5"": 6274}",connected
49699,150,20000,0.21309916666666662,0.013161411280743779,-5.414617578247562,0.0,0.0,1526,"{""0"": 8090, ""1"": 6972, ""2"": 9458, ""3"": 7269, ""4"": 11633, ""5"": 6277}",connected
49799,150,20000,0.21151583333333346,0.01360480190254748,-5.414617578247562,0.0,0.0,1526,"{""0"": 8126, ""1"": 6989, ""2"": 9478, ""3"": 7276, ""4"": 11650, ""5"": 6280}",connected
49899,152,20000,0.20993250000000008,0.01290371471317485,-5.430446539465338,0.0,0.0,1526,"{""0"": 8159, ""1"": 7002, ""2"": 9496, ""3"": 7289, ""4"": 11670, ""5"": 6283}",connected
49999,152,20000,0.2083491666666667,0.013247250951826573,-5.430446539465338,0.0,0.0,1526,"{""0"": 8187, ""1"": 7013, ""2"": 9520, ""3"": 7294, ""4"": 11699, ""5"": 6286}",connected
50099,152,20000,0.20676583333333343,0.01216182325500995,-5.430446539465338,0.0,0.0,1526,"{""0"": 8203, ""1"": 7035, ""2"": 9543, ""3"": 7316, ""4"": 11712, ""5"": 6290}",connected
50199,152,20000,0.20518250000000005,0.013394145290367305,-5.430446539465338,0.0,0.0,1526,"{""0"": 8246, ""1"": 7051, ""2"": 9570, ""3"": 7318, ""4"": 11722, ""5"": 6292}",connected
50299,154,20000,0.20359916666666666,0.013726971657015384,-5.4270800473820415,0.0,0.0,1526,"{""0"": 8288, ""1"": 7060, ""2"": 9582, ""3"": 7324, ""4"": 11749, ""5"": 6296}",connected
50399,154,20000,0.2020158333333334,0.014750860836356879,-5.4270800473820415,0.0,0.0,1526,"{""0"": 8328, ""1"": 7075, ""2"": 9593, ""3"": 7336, ""4"": 11763, ""5"": 6304}",connected
50499,154,20000,0.2004325,0.015075324042700232,-5.4270800473820415,0.0,0.0,1526,"{""0"": 8351, ""1"": 7100, ""2"": 9614, ""3"": 7347, ""4"": 11783, ""5"": 6304}",connected
50599,156,20000,0.19884916666666663,0.014151703696697951,-5.337560394098983,0.0,0.0,1526,"{""0"": 8367, ""1"": 7130, ""2"": 9635, ""3"": 7357, ""4"": 11804, ""5"": 6306}",connected
50699,156,20000,0.19726583333333336,0.013830169909633696,-5.337560394098983,0.0,0.0,1526,"{""0"": 8399, ""1"": 7133, ""2"": 9636, ""3"": 7378, ""4"": 11819, ""5"": 6334}",connected
50799,156,20000,0.19568249999999998,0.013110526441596448,-5.337560394098983,0.0,0.0,1526,"{""0"": 8449, ""1"": 7139, ""2"": 9653, ""3"": 7396, ""4"": 11824, ""5"": 6338}",connected
50899,156,20000,0.1940991666666666,0.0130741150630638,-5.337560394098983,0.0,0.0,1526,"{""0"": 8475, ""1"": 7142, ""2"": 9660, ""3"": 7420, ""4"": 11860, ""5"": 6342}",connected
50999,158,20000,0.19251583333333344,0.013317966032773257,-5.274419001485221,0.0,0.0,1526,"{""0"": 8523, ""1"": 7155, ""2"": 9669, ""3"": 7422, ""4"": 11884, ""5"": 6346}",connected
51099,158,20000,0.19093250000000006,0.0134967654151842,-5.274419001485221,0.0,0.0,1526,"{""0"": 8565, ""1"": 7159, ""2"": 9680, ""3"": 7444, ""4"": 11898, ""5"": 6353}",connected
51199,158,20000,0.1893491666666668,0.014333575204946101,-5.274419001485221,0.0,0.0,1526,"{""0"": 8593, ""1"": 7160, ""2"": 9702, ""3"": 7475, ""4"": 11902, ""5"": 6367}",connected
51299,160,20000,0.1877658333333334,0.015237065874971449,-5.2291508968221025,0.0,0.0,1526,"{""0"": 8627, ""1"": 7173, ""2"": 9722, ""3"": 7498, ""4"": 11909, ""5"": 6370}",connected
51399,160,20000,0.18618250000000003,0.01496752055361867,-5.2291508968221025,0.0,0.0,1526,"{""0"": 8652, ""1"": 7182, ""2"": 9755, ""3"": 7509, ""4"": 11928, ""5"": 6373}",connected
51499,160,20000,0.18459916666666676,0.01503669477533549,-5.2291508968221025,0.0,0.0,1526,"{""0"": 8718, ""1"": 7183, ""2"": 9764, ""3"": 7518, ""4"": 11943, ""5"": 6373}",connected
51599,160,20000,0.18301583333333338,0.014820132446475327,-5.2291508968221025,0.0,0.0,1526,"{""0"": 8727, ""1"": 7192, ""2"": 9812, ""3"": 7536, ""4"": 11958, ""5"": 6374}",connected
51699,162,20000,0.1814325,0.013524809167720378,-5.19592636606656,0.0,0.0,1526,"{""0"": 8739, ""1"": 7203, ""2"": 9860, ""3"": 7544, ""4"": 11978, ""5"": 6375}",connected
51799,162,20000,0.17984916666666673,0.014628958185203373,-5.19592636606656,0.0,0.0,1526,"{""0"": 8752, ""1"": 7226, ""2"": 9893, ""3"": 7553, ""4"": 11992, ""5"": 6383}",connected
51899,162,20000,0.17826583333333335,0.015590787222608924,-5.19592636606656,0.0,0.0,1526,"{""0"": 8764, ""1"": 7231, ""2"": 9909, ""3"": 7604, ""4"": 12001, ""5"": 6390}",connected
51999,164,20000,0.17668249999999996,0.015041696242988109,-5.059933219333179,0.0,0.0,1526,"{""0"": 8789, ""1"": 7264, ""2"": 9927, ""3"": 7616, ""4"": 12011, ""5"": 6392}",connected
52099,164,20000,0.1750991666666667,0.015304827289655805,-5.059933219333179,0.0,0.0,1526,"{""0"": 8822, ""1"": 7273, ""2"": 9951, ""3"": 7621, ""4"": 12038, ""5"": 6394}",connected
52199,166,20000,0.17351583333333342,0.01404818874783814,-4.927895814026706,0.0,0.0,1526,"{""0"": 8840, ""1"": 7285, ""2"": 9985, ""3"": 7630, ""4"": 12060, ""5"": 6399}",connected
52299,166,20000,0.17193250000000004,0.013808173034340144,-4.927895814026706,0.0,0.0,1526,"{""0"": 8873, ""1"": 7288, ""2"": 10013, ""3"": 7646, ""4"": 12078, ""5"": 6401}",connected
52399,166,20000,0.17034916666666677,0.014296203069388867,-4.927895814026706,0.0,0.0,1526,"{""0"": 8897, ""1"": 7290, ""2"": 10056, ""3"": 7660, ""4"": 12091, ""5"": 6405}",connected
52499,166,20000,0.1687658333333334,0.014070032993331552,-4.927895814026706,0.0,0.0,1526,"{""0"": 8931, ""1"": 7292, ""2"": 10086, ""3"": 7675, ""4"": 12107, ""5"": 6408}",connected
52599,168,20000,0.1671825,0.013541756467893719,-4.8589191097067665,0.0,0.0,1526,"{""0"": 8969, ""1"": 7298, ""2"": 10105, ""3"": 7681, ""4"": 12135, ""5"": 6411}",connected
52699,168,20000,0.16559916666666674,0.013005661019124091,-4.8589191097067665,0.0,0.0,1526,"{""0"": 9006, ""1"": 7308, ""2"": 10125, ""3"": 7685, ""4"": 12162, ""5"": 6413}",connected
52799,168,20000,0.16401583333333336,0.01308689004741609,-4.8589191097067665,0.0,0.0,1526,"{""0"": 9041, ""1"": 7311, ""2"": 10154, ""3"": 7691, ""4"": 12189, ""5"": 6413}",connected
52899,170,20000,0.16243249999999998,0.013895313134416937,-4.7008991437638175,0.0,0.0,1526,"{""0"": 9060, ""1"": 7317, ""2"": 10195, ""3"": 7695, ""4"": 12219, ""5"": 6413}",connected
52999,172,20000,0.1608491666666667,0.014057342987507581,-4.608584426036105,0.0,0.0,1526,"{""0"": 9114, ""1"": 7326, ""2"": 10207, ""3"": 7695, ""4"": 12241, ""5"": 6416}",connected
53099,172,20000,0.15926583333333333,0.015022970654536038,-4.608584426036105,0.0,0.0,1526,"{""0"": 9155, ""1"": 7329, ""2"": 10229, ""3"": 7703, ""4"": 12264, ""5"": 6419}",connected
53199,172,20000,0.15768249999999995,0.015140237321611493,-4.608584426036105,0.0,0.0,1526,"{""0"": 9181, ""1"": 7336, ""2"": 10273, ""3"": 7712, ""4"": 12276, ""5"": 6421}",connected
53299,172,20000,0.15609916666666668,0.014979056681040675,-4.608584426036105,0.0,0.0,1526,"{""0"": 9212, ""1"": 7338, ""2"": 10298, ""3"": 7735, ""4"": 12295, ""5"": 6421}",connected
53399,174,20000,0.1545158333333334,0.01601569233695045,-4.558350447244011,0.0,0.0,1526,"{""0"": 9248, ""1"": 7349, ""2"": 10319, ""3"": 7737, ""4"": 12321, ""5"": 6425}",connected
53499,176,20000,0.15293250000000003,0.014585523209534585,-4.3133764599543065,0.0,0.0,1526,"{""0"": 9275, ""1"": 7352, ""2"": 10346, ""3"": 7745, ""4"": 12353, ""5"": 6428}",connected
53599,176,20000,0.15134916666666676,0.013543759782332927,-4.3133764599543065,0.0,0.0,1526,"{""0"": 9300, ""1"": 7354, ""2"": 10399, ""3"": 7745, ""4"": 12372, ""5"": 6429}",connected
53699,176,20000,0.14976583333333338,0.013996317340061069,-4.3133764599543065,0.0,0.0,1526,"{""0"": 9321, ""1"": 7359, ""2"": 10445, ""3"": 7747, ""4"": 12396, ""5"": 6431}",connected
53799,178,20000,0.1481825000000001,0.014884635074995458,-4.366260819653981,0.0,0.0,1526,"{""0"": 9336, ""1"": 7375, ""2"": 10469, ""3"": 7750, ""4"": 12436, ""5"": 6433}",connected
53899,178,20000,0.14659916666666672,0.015570692624896765,-4.366260819653981,0.0,0.0,1526,"{""0"": 9369, ""1"": 7379, ""2"": 10510, ""3"": 7757, ""4"": 12451, ""5"": 6433}",connected
53999,178,20000,0.14501583333333334,0.016206326715182514,-4.366260819653981,0.0,0.0,1526,"{""0"": 9414, ""1"": 7393, ""2"": 10525, ""3"": 7775, ""4"": 12458, ""5"": 6434}",connected
54099,178,20000,0.14343250000000007,0.01672345447354019,-4.366260819653981,0.0,0.0,1526,"{""0"": 9462, ""1"": 7395, ""2"": 10536, ""3"": 7810, ""4"": 12461, ""5"": 6435}",connected
54199,180,20000,0.1418491666666667,0.015941566349938513,-4.3329804795701055,0.0,0.0,1526,"{""0"": 9492, ""1"": 7403, ""2"": 10560, ""3"": 7822, ""4"": 12484, ""5"": 6438}",connected
54299,180,20000,0.1402658333333333,0.0159447997296229,-4.3329804795701055,0.0,0.0,1526,"{""0"": 9526, ""1"": 7408, ""2"": 10593, ""3"": 7827, ""4"": 12501, ""5"": 6444}",connected
54399,180,20000,0.13868250000000004,0.015398401764687151,-4.3329804795701055,0.0,0.0,1526,"{""0"": 9563, ""1"": 7412, ""2"": 10626, ""3"": 7829, ""4"": 12520, ""5"": 6449}",connected
54499,182,20000,0.13709916666666666,0.014201970670837909,-4.187713790363632,0.0,0.0,1526,"{""0"": 9593, ""1"": 7415, ""2"": 10665, ""3"": 7834, ""4"": 12541, ""5"": 6451}",connected
54599,182,20000,0.1355158333333334,0.013285748593043536,-4.187713790363632,0.0,0.0,1526,"{""0"": 9599, ""1"": 7434, ""2"": 10701, ""3"": 7844, ""4"": 12570, ""5"": 6451}",connected
54699,182,20000,0.13393250000000012,0.014076062294188887,-4.187713790363632,0.0,0.0,1526,"{""0"": 9629, ""1"": 7440, ""2"": 10739, ""3"": 7851, ""4"": 12585, ""5"": 6455}",connected
54799,182,20000,0.13234916666666674,0.01424192577600479,-4.187713790363632,0.0,0.0,1526,"{""0"": 9659, ""1"": 7441, ""2"": 10789, ""3"": 7859, ""4"": 12594, ""5"": 6457}",connected
54899,184,20000,0.13076583333333336,0.014967716298997402,-4.155480043618009,0.0,0.0,1526,"{""0"": 9683, ""1"": 7450, ""2"": 10825, ""3"": 7862, ""4"": 12616, ""5"": 6463}",connected
54999,184,20000,0.1291825000000001,0.01435620553791523,-4.155480043618009,0.0,0.0,1526,"{""0"": 9734, ""1"": 7462, ""2"": 10845, ""3"": 7865, ""4"": 12630, ""5"": 6463}",connected
55099,184,20000,0.1275991666666667,0.014764468278735876,-4.155480043618009,0.0,0.0,1526,"{""0"": 9749, ""1"": 7474, ""2"": 10882, ""3"": 7870, ""4"": 12655, ""5"": 6469}",connected
55199,184,20000,0.12601583333333333,0.016144046750850974,-4.155480043618009,0.0,0.0,1526,"{""0"": 9808, ""1"": 7478, ""2"": 10899, ""3"": 7877, ""4"": 12667, ""5"": 6470}",connected
55299,186,20000,0.12443250000000006,0.015132110458798706,-4.033815185027197,0.0,0.0,1526,"{""0"": 9815, ""1"": 7487, ""2"": 10941, ""3"": 7886, ""4"": 12700, ""5"": 6470}",connected
55399,186,20000,0.12284916666666668,0.016683460390195252,-4.033815185027197,0.0,0.0,1526,"{""0"": 9863, ""1"": 7498, ""2"": 10970, ""3"": 7890, ""4"": 12706, ""5"": 6472}",connected
55499,186,20000,0.1212658333333333,0.014977672507520766,-4.033815185027197,0.0,0.0,1526,"{""0"": 9908, ""1"": 7512, ""2"": 10998, ""3"": 7896, ""4"": 12712, ""5"": 6473}",connected
55599,188,20000,0.11968250000000002,0.013993686472531408,-3.8699383797496556,0.0,0.0,1526,"{""0"": 9928, ""1"": 7517, ""2"": 11022, ""3"": 7900, ""4"": 12758, ""5"": 6474}",connected
55699,188,20000,0.11809916666666664,0.014180385034997016,-3.8699383797496556,0.0,0.0,1526,"{""0"": 9967, ""1"": 7529, ""2"": 11047, ""3"": 7907, ""4"": 12774, ""5"": 6475}",connected
55799,188,20000,0.11651583333333337,0.014319728144910187,-3.8699383797496556,0.0,0.0,1526,"{""0"": 10008, ""1"": 7535, ""2"": 11066, ""3"": 7915, ""4"": 12789, ""5"": 6486}",connected
55899,190,20000,0.1149325000000001,0.014840461337007583,-3.76069406399969,0.0,0.0,1526,"{""0"": 10051, ""1"": 7538, ""2"": 11084, ""3"": 7921, ""4"": 12813, ""5"": 6492}",connected
55999,190,20000,0.11334916666666672,0.0147720678569749,-3.76069406399969,0.0,0.0,1526,"{""0"": 10090, ""1"": 7540, ""2"": 11086, ""3"": 7923, ""4"": 12866, ""5"": 6494}",connected
56099,190,20000,0.11176583333333334,0.015121566117741167,-3.76069406399969,0.0,0.0,1526,"{""0"": 10126, ""1"": 7545, ""2"": 11092, ""3"": 7926, ""4"": 12913, ""5"": 6497}",connected
56199,190,20000,0.11018250000000007,0.013995771631598472,-3.76069406399969,0.0,0.0,1526,"{""0"": 10169, ""1"": 7556, ""2"": 11127, ""3"": 7930, ""4"": 12919, ""5"": 6498}",connected
56299,192,20000,0.10859916666666669,0.014337623598985374,-3.657711534574628,0.0,0.0,1526,"{""0"": 10198, ""1"": 7568, ""2"": 11157, ""3"": 7938, ""4"": 12939, ""5"": 6499}",connected
56399,192,20000,0.10701583333333342,0.01477675597416237,-3.657711534574628,0.0,0.0,1526,"{""0"": 10210, ""1"": 7577, ""2"": 11214, ""3"": 7945, ""4"": 12954, ""5"": 6499}",connected
56499,192,20000,0.10543250000000004,0.01426142305834219,-3.657711534574628,0.0,0.0,1526,"{""0"": 10220, ""1"": 7584, ""2"": 11275, ""3"": 7953, ""4"": 12963, ""5"": 6504}",connected
56599,194,20000,0.10384916666666666,0.014316246567759663,-3.7331167276808994,0.0,0.0,1526,"{""0"": 10272, ""1"": 7585, ""2"": 11295, ""3"": 7963, ""4"": 12980, ""5"": 6504}",connected
56699,194,20000,0.10226583333333339,0.01547582641709596,-3.7331167276808994,0.0,0.0,1526,"{""0"": 10283, ""1"": 7599, ""2"": 11316, ""3"": 7969, ""4"": 13022, ""5"": 6510}",connected
56799,196,20000,0.10068250000000001,0.014877614416182041,-3.5658553776144983,0.0,0.0,1526,"{""0"": 10317, ""1"": 7603, ""2"": 11325, ""3"": 7977, ""4"": 13063, ""5"": 6514}",connected
56899,196,20000,0.09909916666666663,0.015148786562494933,-3.5658553776144983,0.0,0.0,1526,"{""0"": 10327, ""1"": 7613, ""2"": 11357, ""3"": 8001, ""4"": 13087, ""5"": 6514}",connected
56999,196,20000,0.09751583333333347,0.015948516512289644,-3.5658553776144983,0.0,0.0,1526,"{""0"": 10342, ""1"": 7617, ""2"": 11399, ""3"": 8020, ""4"": 13106, ""5"": 6515}",connected
57099,198,20000,0.09593250000000009,0.013954894326161593,-3.4949895867006853,0.0,0.0,1526,"{""0"": 10344, ""1"": 7636, ""2"": 11421, ""3"": 8036, ""4"": 13144, ""5"": 6518}",connected
57199,198,20000,0.0943491666666667,0.014323925136122852,-3.4949895867006853,0.0,0.0,1526,"{""0"": 10358, ""1"": 7648, ""2"": 11485, ""3"": 8036, ""4"": 13152, ""5"": 6520}",connected
57299,198,20000,0.09276583333333344,0.013823040518909693,-3.4949895867006853,0.0,0.0,1526,"{""0"": 10396, ""1"": 7652, ""2"": 11534, ""3"": 8036, ""4"": 13155, ""5"": 6526}",connected
57399,198,20000,0.09118250000000006,0.013811986045911908,-3.4949895867006853,0.0,0.0,1526,"{""0"": 10409, ""1"": 7664, ""2"": 11573, ""3"": 8053, ""4"": 13173, ""5"": 6527}",connected
57499,200,20000,0.08959916666666667,0.013462524537462741,-3.5328558462159707,0.0,0.0,1526,"{""0"": 10452, ""1"": 7668, ""2"": 11588, ""3"": 8056, ""4"": 13207, ""5"": 6528}",connected
57599,200,20000,0.0880158333333334,0.013184456257149577,-3.5328558462159707,0.0,0.0,1526,"{""0"": 10474, ""1"": 7678, ""2"": 11634, ""3"": 8064, ""4"": 13221, ""5"": 6528}",connected
57699,200,20000,0.08643250000000002,0.015186810793820768,-3.5328558462159707,0.0,0.0,1526,"{""0"": 10495, ""1"": 7700, ""2"": 11654, ""3"": 8071, ""4"": 13249, ""5"": 6530}",connected
57799,202,20000,0.08484916666666664,0.01355704413028434,-3.4682013984397053,0.0,0.0,1526,"{""0"": 10505, ""1"": 7720, ""2"": 11708, ""3"": 8074, ""4"": 13260, ""5"": 6532}",connected
57899,202,20000,0.08326583333333337,0.014307936034165324,-3.4682013984397053,0.0,0.0,1526,"{""0"": 10518, ""1"": 7726, ""2"": 11741, ""3"": 8080, ""4"": 13298, ""5"": 6536}",connected
57999,202,20000,0.08168249999999999,0.015453028772026301,-3.4682013984397053,0.0,0.0,1526,"{""0"": 10528, ""1"": 7743, ""2"": 11783, ""3"": 8083, ""4"": 13326, ""5"": 6536}",connected
58099,202,20000,0.08009916666666661,0.014330140873789787,-3.4682013984397053,0.0,0.0,1526,"{""0"": 10538, ""1"": 7780, ""2"": 11813, ""3"": 8093, ""4"": 13338, ""5"": 6537}",connected
58199,204,20000,0.07851583333333345,0.015722601455636323,-3.572733559724875,0.0,0.0,1526,"{""0"": 10553, ""1"": 7809, ""2"": 11834, ""3"": 8096, ""4"": 13370, ""5"": 6537}",connected
58299,204,20000,0.07693250000000007,0.014942577173933387,-3.572733559724875,0.0,0.0,1526,"{""0"": 10614, ""1"": 7814, ""2"": 11851, ""3"": 8105, ""4"": 13378, ""5"": 6537}",connected
58399,204,20000,0.07534916666666669,0.013529783296398819,-3.572733559724875,0.0,0.0,1526,"{""0"": 10627, ""1"": 7829, ""2"": 11905, ""3"": 8115, ""4"": 13386, ""5"": 6537}",connected
58499,204,20000,0.07376583333333342,0.012688295179978014,-3.572733559724875,0.0,0.0,1526,"{""0"": 10689, ""1"": 7831, ""2"": 11923, ""3"": 8119, ""4"": 13395, ""5"": 6542}",connected
58599,206,20000,0.07218250000000004,0.012000252855941654,-3.607488247216679,0.0,0.0,1526,"{""0"": 10719, ""1"": 7843, ""2"": 11933, ""3"": 8120, ""4"": 13437, ""5"": 6547}",connected
58699,208,20000,0.07059916666666677,0.012795075443573296,-3.4235970920184626,0.0,0.0,1526,"{""0"": 10736, ""1"": 7858, ""2"": 11968, ""3"": 8128, ""4"": 13462, ""5"": 6547}",connected
58799,208,20000,0.06901583333333339,0.01293535386910662,-3.4235970920184626,0.0,0.0,1526,"{""0"": 10796, ""1"": 7877, ""2"": 11981, ""3"": 8131, ""4"": 13466, ""5"": 6548}",connected
58899,208,20000,0.0674325,0.013269122473429889,-3.4235970920184626,0.0,0.0,1526,"{""0"": 10850, ""1"": 7878, ""2"": 12018, ""3"": 8135, ""4"": 13470, ""5"": 6548}",connected
58999,208,20000,0.06584916666666674,0.014206652154680342,-3.4235970920184626,0.0,0.0,1526,"{""0"": 10884, ""1"": 7883, ""2"": 12066, ""3"": 8139, ""4"": 13477, ""5"": 6550}",connected
59099,210,20000,0.06426583333333336,0.014044557788874954,-3.490134587613866,0.0,0.0,1526,"{""0"": 10918, ""1"": 7890, ""2"": 12090, ""3"": 8142, ""4"": 13509, ""5"": 6550}",connected
59199,210,20000,0.06268249999999997,0.014573559663258493,-3.490134587613866,0.0,0.0,1526,"{""0"": 10965, ""1"": 7904, ""2"": 12104, ""3"": 8147, ""4"": 13516, ""5"": 6563}",connected
59299,210,20000,0.061099166666666704,0.014079842309001833,-3.490134587613866,0.0,0.0,1526,"{""0"": 11024, ""1"": 7927, ""2"": 12114, ""3"": 8151, ""4"": 13520, ""5"": 6563}",connected
59399,212,20000,0.059515833333333434,0.013981635447125882,-3.3792797858873382,0.0,0.0,1526,"{""0"": 11060, ""1"": 7946, ""2"": 12135, ""3"": 8156, ""4"": 13539, ""5"": 6563}",connected
59499,212,20000,0.05793250000000005,0.013056587076280267,-3.3792797858873382,0.0,0.0,1526,"{""0"": 11091, ""1"": 7957, ""2"": 12174, ""3"": 8162, ""4"": 13550, ""5"": 6565}",connected
59599,212,20000,0.05634916666666678,0.01334021542686969,-3.3792797858873382,0.0,0.0,1526,"{""0"": 11146, ""1"": 7964, ""2"": 12196, ""3"": 8168, ""4"": 13552, ""5"": 6573}",connected
59699,212,20000,0.0547658333333334,0.014828881507273763,-3.3792797858873382,0.0,0.0,1526,"{""0"": 11193, ""1"": 7969, ""2"": 12207, ""3"": 8190, ""4"": 13566, ""5"": 6574}",connected
59799,214,20000,0.05318250000000002,0.014577705983538181,-3.328926366972737,0.0,0.0,1526,"{""0"": 11213, ""1"": 7977, ""2"": 12225, ""3"": 8206, ""4"": 13601, ""5"": 6577}",connected
59899,214,20000,0.05159916666666675,0.015461552829947323,-3.328926366972737,0.0,0.0,1526,"{""0"": 11255, ""1"": 7992, ""2"": 12246, ""3"": 8214, ""4"": 13615, ""5"": 6577}",connected
59999,214,20000,0.05001583333333337,0.014185396290849894,-3.328926366972737,0.0,0.0,1526,"{""0"": 11296, ""1"": 8001, ""2"": 12269, ""3"": 8228, ""4"": 13628, ""5"": 6577}",connected
60099,216,20000,0.050000000000000044,0.012630858530756087,-3.2177057049889117,0.0,0.0,1526,"{""0"": 11327, ""1"": 8019, ""2"": 12281, ""3"": 8237, ""4"": 13657, ""5"": 6578}",connected
60199,216,20000,0.050000000000000044,0.012017071030568332,-3.2177057049889117,0.0,0.0,1526,"{""0"": 11361, ""1"": 8024, ""2"": 12313, ""3"": 8243, ""4"": 13678, ""5"": 6580}",connected
60299,216,20000,0.050000000000000044,0.011843257972504944,-3.2177057049889117,0.0,0.0,1526,"{""0"": 11416, ""1"": 8026, ""2"": 12338, ""3"": 8250, ""4"": 13689, ""5"": 6580}",connected
60399,216,20000,0.050000000000000044,0.012334873490035534,-3.2177057049889117,0.0,0.0,1526,"{""0"": 11472, ""1"": 8027, ""2"": 12370, ""3"": 8251, ""4"": 13698, ""5"": 6581}",connected
60499,218,20000,0.050000000000000044,0.013370334315113723,-3.200596658606082,0.0,0.0,1526,"{""0"": 11502, ""1"": 8038, ""2"": 12382, ""3"": 8251, ""4"": 13741, ""5"": 6585}",connected
60599,218,20000,0.050000000000000044,0.013823633291758597,-3.200596658606082,0.0,0.0,1526,"{""0"": 11539, ""1"": 8048, ""2"": 12418, ""3"": 8256, ""4"": 13752, ""5"": 6586}",connected
60699,218,20000,0.050000000000000044,0.014322544680908322,-3.200596658606082,0.0,0.0,1526,"{""0"": 11613, ""1"": 8050, ""2"": 12435, ""3"": 8259, ""4"": 13756, ""5"": 6586}",connected
60799,220,20000,0.050000000000000044,0.014717890729662031,-3.153398045557551,0.0,0.0,1526,"{""0"": 11657, ""1"": 8050, ""2"": 12472, ""3"": 8269, ""4"": 13764, ""5"": 6587}",connected
60899,220,20000,0.050000000000000044,0.014309340256731957,-3.153398045557551,0.0,0.0,1526,"{""0"": 11693, ""1"": 8065, ""2"": 12492, ""3"": 8274, ""4"": 13788, ""5"": 6587}",connected
60999,220,20000,0.050000000000000044,0.013260199341457337,-3.153398045557551,0.0,0.0,1526,"{""0"": 11747, ""1"": 8075, ""2"": 12509, ""3"": 8284, ""4"": 13795, ""5"": 6589}",connected
61099,222,20000,0.050000000000000044,0.01308975372230634,-3.0094939184281975,0.0,0.0,1526,"{""0"": 11775, ""1"": 8094, ""2"": 12528, ""3"": 8288, ""4"": 13825, ""5"": 6589}",connected
61199,224,20000,0.050000000000000044,0.013610963220708072,-2.8316710746986793,0.0,0.0,1526,"{""0"": 11793, ""1"": 8109, ""2"": 12549, ""3"": 8290, ""4"": 13869, ""5"": 6589}",connected
61299,224,20000,0.050000000000000044,0.012915269231889397,-2.8316710746986793,0.0,0.0,1526,"{""0"": 11866, ""1"": 8112, ""2"": 12551, ""3"": 8297, ""4"": 13881, ""5"": 6592}",connected
61399,224,20000,0.050000000000000044,0.014486268521286547,-2.8316710746986793,0.0,0.0,1526,"{""0"": 11880, ""1"": 8124, ""2"": 12592, ""3"": 8307, ""4"": 13904, ""5"": 6592}",connected
61499,226,20000,0.050000000000000044,0.013497907093260438,-2.77852537679486,0.0,0.0,1526,"{""0"": 11943, ""1"": 8132, ""2"": 12603, ""3"": 8308, ""4"": 13919, ""5"": 6594}",connected
61599,226,20000,0.050000000000000044,0.011473535255063325,-2.77852537679486,0.0,0.0,1526,"{""0"": 11967, ""1"": 8135, ""2"": 12628, ""3"": 8330, ""4"": 13945, ""5"": 6594}",connected
61699,226,20000,0.050000000000000044,0.011006801030598581,-2.77852537679486,0.0,0.0,1526,"{""0"": 12021, ""1"": 8143, ""2"": 12643, ""3"": 8338, ""4"": 13960, ""5"": 6594}",connected
61799,226,20000,0.050000000000000044,0.010053495725151152,-2.77852537679486,0.0,0.0,1526,"{""0"": 12031, ""1"": 8183, ""2"": 12665, ""3"": 8338, ""4"": 13988, ""5"": 6594}",connected
61899,228,20000,0.050000000000000044,0.01166023823665455,-2.8797503813076766,0.0,0.0,1526,"{""0"": 12044, ""1"": 8208, ""2"": 12694, ""3"": 8346, ""4"": 14012, ""5"": 6595}",connected
61999,228,20000,0.050000000000000044,0.013631867722142487,-2.8797503813076766,0.0,0.0,1526,"{""0"": 12064, ""1"": 8236, ""2"": 12705, ""3"": 8371, ""4"": 14026, ""5"": 6597}",connected
62099,228,20000,0.050000000000000044,0.015405065903905779,-2.8797503813076766,0.0,0.0,1526,"{""0"": 12078, ""1"": 8266, ""2"": 12724, ""3"": 8390, ""4"": 14042, ""5"": 6599}",connected
62199,228,20000,0.050000000000000044,0.015225523279514163,-2.8797503813076766,0.0,0.0,1526,"{""0"": 12095, ""1"": 8302, ""2"": 12737, ""3"": 8411, ""4"": 14055, ""5"": 6599}",connected
62299,230,20000,0.050000000000000044,0.01531740968581289,-3.0371186561789365,0.0,0.0,1526,"{""0"": 12110, ""1"": 8332, ""2"": 12752, ""3"": 8415, ""4"": 14090, ""5"": 6600}",connected
62399,230,20000,0.050000000000000044,0.013852224450092763,-3.0371186561789365,0.0,0.0,1526,"{""0"": 12130, ""1"": 8361, ""2"": 12777, ""3"": 8425, ""4"": 14105, ""5"": 6601}",connected
62499,230,20000,0.050000000000000044,0.012937777959741652,-3.0371186561789365,0.0,0.0,1526,"{""0"": 12176, ""1"": 8369, ""2"": 12806, ""3"": 8437, ""4"": 14110, ""5"": 6601}",connected
62599,232,20000,0.050000000000000044,0.012944905643817037,-2.884875942040235,0.0,0.0,1526,"{""0"": 12182, ""1"": 8374, ""2"": 12846, ""3"": 8459, ""4"": 14133, ""5"": 6605}",connected
62699,232,20000,0.050000000000000044,0.01148535561049357,-2.884875942040235,0.0,0.0,1526,"{""0"": 12195, ""1"": 8395, ""2"": 12870, ""3"": 8465, ""4"": 14166, ""5"": 6608}",connected
62799,234,20000,0.050000000000000044,0.0117891516815871,-2.654690457698889,0.0,0.0,1526,"{""0"": 12219, ""1"": 8408, ""2"": 12898, ""3"": 8470, ""4"": 14194, ""5"": 6610}",connected
62899,234,20000,0.050000000000000044,0.012879226310178637,-2.654690457698889,0.0,0.0,1526,"{""0"": 12223, ""1"": 8434, ""2"": 12927, ""3"": 8483, ""4"": 14221, ""5"": 6611}",connected
62999,234,20000,0.050000000000000044,0.013099710063543171,-2.654690457698889,0.0,0.0,1526,"{""0"": 12273, ""1"": 8434, ""2"": 12927, ""3"": 8513, ""4"": 14241, ""5"": 6611}",connected
63099,234,20000,0.050000000000000044,0.014236063917633147,-2.654690457698889,0.0,0.0,1526,"{""0"": 12318, ""1"": 8434, ""2"": 12929, ""3"": 8558, ""4"": 14249, ""5"": 6611}",connected
63199,236,20000,0.050000000000000044,0.014782917483244092,-2.7078199498634787,0.0,0.0,1526,"{""0"": 12350, ""1"": 8456, ""2"": 12938, ""3"": 8570, ""4"": 14272, ""5"": 6613}",connected
63299,236,20000,0.050000000000000044,0.01408872019732371,-2.7078199498634787,0.0,0.0,1526,"{""0"": 12441, ""1"": 8456, ""2"": 12939, ""3"": 8572, ""4"": 14276, ""5"": 6615}",connected
63399,236,20000,0.050000000000000044,0.01578338348073885,-2.7078199498634787,0.0,0.0,1526,"{""0"": 12487, ""1"": 8478, ""2"": 12952, ""3"": 8574, ""4"": 14293, ""5"": 6615}",connected
63499,238,20000,0.050000000000000044,0.015149505266454071,-2.6204036898352205,0.0,0.0,1526,"{""0"": 12508, ""1"": 8485, ""2"": 12968, ""3"": 8602, ""4"": 14321, ""5"": 6615}",connected
63599,238,20000,0.050000000000000044,0.01588041420793161,-2.6204036898352205,0.0,0.0,1526,"{""0"": 12510, ""1"": 8525, ""2"": 12970, ""3"": 8602, ""4"": 14375, ""5"": 6617}",connected
63699,238,20000,0.050000000000000044,0.016138275600969792,-2.6204036898352205,0.0,0.0,1526,"{""0"": 12520, ""1"": 8572, ""2"": 12979, ""3"": 8603, ""4"": 14403, ""5"": 6622}",connected
63799,238,20000,0.050000000000000044,0.014718800308182836,-2.6204036898352205,0.0,0.0,1526,"{""0"": 12538, ""1"": 8590, ""2"": 13015, ""3"": 8603, ""4"": 14427, ""5"": 6626}",connected
63899,240,20000,0.050000000000000044,0.01415296440012753,-2.651706420662813,0.0,0.0,1526,"{""0"": 12575, ""1"": 8608, ""2"": 13045, ""3"": 8605, ""4"": 14440, ""5"": 6626}",connected
63999,240,20000,0.050000000000000044,0.012806316427886487,-2.651706420662813,0.0,0.0,1526,"{""0"": 12578, ""1"": 8628, ""2"": 13079, ""3"": 8627, ""4"": 14461, ""5"": 6626}",connected
64099,240,20000,0.050000000000000044,0.013196188223082573,-2.651706420662813,0.0,0.0,1526,"{""0"": 12604, ""1"": 8651, ""2"": 13103, ""3"": 8638, ""4"": 14477, ""5"": 6626}",connected
64199,240,20000,0.050000000000000044,0.013267057233024388,-2.651706420662813,0.0,0.0,1526,"{""0"": 12662, ""1"": 8672, ""2"": 13123, ""3"": 8638, ""4"": 14477, ""5"": 6627}",connected
64299,242,20000,0.050000000000000044,0.01462547784904018,-2.5838210397027432,0.0,0.0,1526,"{""0"": 12675, ""1"": 8694, ""2"": 13142, ""3"": 8657, ""4"": 14499, ""5"": 6632}",connected
64399,242,20000,0.050000000000000044,0.014943358802702278,-2.5838210397027432,0.0,0.0,1526,"{""0"": 12706, ""1"": 8713, ""2"": 13180, ""3"": 8659, ""4"": 14509, ""5"": 6632}",connected
64499,242,20000,0.050000000000000044,0.014030229863710702,-2.5838210397027432,0.0,0.0,1526,"{""0"": 12739, ""1"": 8729, ""2"": 13219, ""3"": 8662, ""4"": 14515, ""5"": 6635}",connected
64599,244,20000,0.050000000000000044,0.014584821888711304,-2.662339639971033,0.0,0.0,1526,"{""0"": 12771, ""1"": 8746, ""2"": 13250, ""3"": 8666, ""4"": 14531, ""5"": 6635}",connected
64699,246,20000,0.050000000000000044,0.013086582913529128,-2.636820845506154,0.0,0.0,1526,"{""0"": 12776, ""1"": 8769, ""2"": 13286, ""3"": 8678, ""4"": 14555, ""5"": 6635}",connected
64799,246,20000,0.050000000000000044,0.013074409787077457,-2.636820845506154,0.0,0.0,1526,"{""0"": 12789, ""1"": 8782, ""2"": 13311, ""3"": 8697, ""4"": 14584, ""5"": 6636}",connected
64899,246,20000,0.050000000000000044,0.01358649838482961,-2.636820845506154,0.0,0.0,1526,"{""0"": 12816, ""1"": 8819, ""2"": 13321, ""3"": 8721, ""4"": 14586, ""5"": 6636}",connected
64999,246,20000,0.050000000000000044,0.012645615723449737,-2.636820845506154,0.0,0.0,1526,"{""0"": 12834, ""1"": 8841, ""2"": 13356, ""3"": 8732, ""4"": 14596, ""5"": 6640}",connected
65099,248,20000,0.050000000000000044,0.0129166773497127,-2.588634299854748,0.0,0.0,1526,"{""0"": 12873, ""1"": 8856, ""2"": 13365, ""3"": 8732, ""4"": 14633, ""5"": 6640}",connected
65199,248,20000,0.050000000000000044,0.013219794775359332,-2.588634299854748,0.0,0.0,1526,"{""0"": 12883, ""1"": 8869, ""2"": 13385, ""3"": 8764, ""4"": 14658, ""5"": 6640}",connected
65299,248,20000,0.050000000000000044,0.013173731358256191,-2.588634299854748,0.0,0.0,1526,"{""0"": 12887, ""1"": 8901, ""2"": 13428, ""3"": 8775, ""4"": 14666, ""5"": 6642}",connected
65399,248,20000,0.050000000000000044,0.014011887102387845,-2.588634299854748,0.0,0.0,1526,"{""0"": 12904, ""1"": 8916, ""2"": 13466, ""3"": 8779, ""4"": 14686, ""5"": 6648}",connected
65499,250,20000,0.050000000000000044,0.013465388889890163,-2.554652221580036,0.0,0.0,1526,"{""0"": 12931, ""1"": 8932, ""2"": 13507, ""3"": 8785, ""4"": 14696, ""5"": 6648}",connected
65599,250,20000,0.050000000000000044,0.01352685024496168,-2.554652221580036,0.0,0.0,1526,"{""0"": 12983, ""1"": 8935, ""2"": 13548, ""3"": 8785, ""4"": 14698, ""5"": 6650}",connected
65699,250,20000,0.050000000000000044,0.01416080971248448,-2.554652221580036,0.0,0.0,1526,"{""0"": 13011, ""1"": 8938, ""2"": 13576, ""3"": 8795, ""4"": 14723, ""5"": 6656}",connected
65799,252,20000,0.050000000000000044,0.014219886027276515,-2.525270560649224,0.0,0.0,1526,"{""0"": 13073, ""1"": 8946, ""2"": 13589, ""3"": 8803, ""4"": 14732, ""5"": 6656}",connected
65899,252,20000,0.050000000000000044,0.015567991158459336,-2.525270560649224,0.0,0.0,1526,"{""0"": 13102, ""1"": 8959, ""2"": 13631, ""3"": 8809, ""4"": 14741, ""5"": 6657}",connected
65999,252,20000,0.050000000000000044,0.014983069251757115,-2.525270560649224,0.0,0.0,1526,"{""0"": 13147, ""1"": 8968, ""2"": 13669, ""3"": 8812, ""4"": 14745, ""5"": 6658}",connected
66099,252,20000,0.050000000000000044,0.01435667757410556,-2.525270560649224,0.0,0.0,1526,"{""0"": 13196, ""1"": 8980, ""2"": 13704, ""3"": 8813, ""4"": 14746, ""5"": 6660}",connected
66199,254,20000,0.050000000000000044,0.013731795165222138,-2.5049869685899466,0.0,0.0,1526,"{""0"": 13232, ""1"": 9011, ""2"": 13724, ""3"": 8816, ""4"": 14756, ""5"": 6660}",connected
66299,254,20000,0.050000000000000044,0.012930488614365458,-2.5049869685899466,0.0,0.0,1526,"{""0"": 13289, ""1"": 9017, ""2"": 13741, ""3"": 8823, ""4"": 14768, ""5"": 6661}",connected
66399,254,20000,0.050000000000000044,0.012721775607205927,-2.5049869685899466,0.0,0.0,1526,"{""0"": 13341, ""1"": 9026, ""2"": 13760, ""3"": 8827, ""4"": 14784, ""5"": 6661}",connected
66499,256,20000,0.050000000000000044,0.012408545084763318,-2.5362603647774087,0.0,0.0,1526,"{""0"": 13389, ""1"": 9035, ""2"": 13773, ""3"": 8835, ""4"": 14805, ""5"": 6662}",connected
66599,256,20000,0.050000000000000044,0.012877327997703105,-2.5362603647774087,0.0,0.0,1526,"{""0"": 13420, ""1"": 9051, ""2"": 13785, ""3"": 8849, ""4"": 14828, ""5"": 6666}",connected
66699,256,20000,0.050000000000000044,0.012813510114792735,-2.5362603647774087,0.0,0.0,1526,"{""0"": 13480, ""1"": 9055, ""2"": 13795, ""3"": 8855, ""4"": 14847, ""5"": 6667}",connected
66799,256,20000,0.050000000000000044,0.013240663602482527,-2.5362603647774087,0.0,0.0,1526,"{""0"": 13536, ""1"": 9063, ""2"": 13812, ""3"": 8863, ""4"": 14853, ""5"": 6672}",connected
66899,258,20000,0.050000000000000044,0.012641726569272578,-2.5115508619789035,0.0,0.0,1526,"{""0"": 13574, ""1"": 9076, ""2"": 13837, ""3"": 8870, ""4"": 14869, ""5"": 6673}",connected
66999,258,20000,0.050000000000000044,0.012288162091281266,-2.5115508619789035,0.0,0.0,1526,"{""0"": 13646, ""1"": 9077, ""2"": 13845, ""3"": 8874, ""4"": 14884, ""5"": 6673}",connected
67099,258,20000,0.050000000000000044,0.012013161426875741,-2.5115508619789035,0.0,0.0,1526,"{""0"": 13716, ""1"": 9097, ""2"": 13853, ""3"": 8874, ""4"": 14884, ""5"": 6675}",connected
67199,258,20000,0.050000000000000044,0.0123080827225931,-2.5115508619789035,0.0,0.0,1526,"{""0"": 13718, ""1"": 9172, ""2"": 13873, ""3"": 8877, ""4"": 14884, ""5"": 6675}",connected
67299,260,20000,0.050000000000000044,0.013071755554992705,-2.47162041567266,0.0,0.0,1526,"{""0"": 13755, ""1"": 9184, ""2"": 13896, ""3"": 8886, ""4"": 14903, ""5"": 6675}",connected
67399,260,20000,0.050000000000000044,0.012984482569154352,-2.47162041567266,0.0,0.0,1526,"{""0"": 13793, ""1"": 9196, ""2"": 13942, ""3"": 8886, ""4"": 14903, ""5"": 6679}",connected
67499,260,20000,0.050000000000000044,0.014939370877109469,-2.47162041567266,0.0,0.0,1526,"{""0"": 13810, ""1"": 9215, ""2"": 13990, ""3"": 8891, ""4"": 14906, ""5"": 6687}",connected
67599,262,20000,0.050000000000000044,0.013743155694101006,-2.4335204373579473,0.0,0.0,1526,"{""0"": 13816, ""1"": 9237, ""2"": 14035, ""3"": 8897, ""4"": 14927, ""5"": 6687}",connected
67699,262,20000,0.050000000000000044,0.013403383598197252,-2.4335204373579473,0.0,0.0,1526,"{""0"": 13820, ""1"": 9270, ""2"": 14091, ""3"": 8899, ""4"": 14928, ""5"": 6691}",connected
67799,262,20000,0.050000000000000044,0.014118433736730367,-2.4335204373579473,0.0,0.0,1526,"{""0"": 13844, ""1"": 9293, ""2"": 14134, ""3"": 8905, ""4"": 14932, ""5"": 6691}",connected
67899,262,20000,0.050000000000000044,0.011962550501339137,-2.4335204373579473,0.0,0.0,1526,"{""0"": 13879, ""1"": 9305, ""2"": 14169, ""3"": 8908, ""4"": 14944, ""5"": 6694}",connected
67999,264,20000,0.050000000000000044,0.013889501367229969,-2.4366983487783,0.0,0.0,1526,"{""0"": 13904, ""1"": 9321, ""2"": 14201, ""3"": 8915, ""4"": 14957, ""5"": 6701}",connected
68099,264,20000,0.050000000000000044,0.013798945227172225,-2.4366983487783,0.0,0.0,1526,"{""0"": 13963, ""1"": 9326, ""2"": 14225, ""3"": 8916, ""4"": 14967, ""5"": 6702}",connected
68199,264,20000,0.050000000000000044,0.013442729443777352,-2.4366983487783,0.0,0.0,1526,"{""0"": 14024, ""1"": 9332, ""2"": 14247, ""3"": 8925, ""4"": 14969, ""5"": 6702}",connected
68299,266,20000,0.050000000000000044,0.014460178464651108,-2.5388531068479643,0.0,0.0,1526,"{""0"": 14071, ""1"": 9349, ""2"": 14266, ""3"": 8928, ""4"": 14983, ""5"": 6702}",connected
68399,266,20000,0.050000000000000044,0.013698553864378482,-2.5388531068479643,0.0,0.0,1526,"{""0"": 14101, ""1"": 9360, ""2"": 14298, ""3"": 8946, ""4"": 14991, ""5"": 6703}",connected
68499,266,20000,0.050000000000000044,0.013183792054187507,-2.5388531068479643,0.0,0.0,1526,"{""0"": 14145, ""1"": 9370, ""2"": 14331, ""3"": 8956, ""4"": 14993, ""5"": 6704}",connected
68599,266,20000,0.050000000000000044,0.012250664052553475,-2.5388531068479643,0.0,0.0,1526,"{""0"": 14201, ""1"": 9381, ""2"": 14357, ""3"": 8958, ""4"": 14997, ""5"": 6705}",connected
68699,268,20000,0.050000000000000044,0.012283635472413153,-2.4866703048581256,0.0,0.0,1526,"{""0"": 14214, ""1"": 9400, ""2"": 14388, ""3"": 8973, ""4"": 15019, ""5"": 6705}",connected
68799,268,20000,0.050000000000000044,0.011391703116241842,-2.4866703048581256,0.0,0.0,1526,"{""0"": 14255, ""1"": 9405, ""2"": 14428, ""3"": 8977, ""4"": 15027, ""5"": 6707}",connected
68899,268,20000,0.050000000000000044,0.0123943330347538,-2.4866703048581256,0.0,0.0,1526,"{""0"": 14287, ""1"": 9419, ""2"": 14470, ""3"": 8981, ""4"": 15033, ""5"": 6709}",connected
68999,270,20000,0.050000000000000044,0.012192794007714837,-2.5465139920450746,0.0,0.0,1526,"{""0"": 14353, ""1"": 9428, ""2"": 14486, ""3"": 8987, ""4"": 15035, ""5"": 6710}",connected
69099,270,20000,0.050000000000000044,0.012301296191290022,-2.5465139920450746,0.0,0.0,1526,"{""0"": 14387, ""1"": 9438, ""2"": 14498, ""3"": 8998, ""4"": 15066, ""5"": 6712}",connected
69199,270,20000,0.050000000000000044,0.012164602624252438,-2.5465139920450746,0.0,0.0,1526,"{""0"": 14425, ""1"": 9451, ""2"": 14518, ""3"": 9015, ""4"": 15073, ""5"": 6717}",connected
69299,270,20000,0.050000000000000044,0.011409481503069401,-2.5465139920450746,0.0,0.0,1526,"{""0"": 14464, ""1"": 9462, ""2"": 14558, ""3"": 9019, ""4"": 15079, ""5"": 6717}",connected
69399,272,20000,0.050000000000000044,0.012216211501508952,-2.6379730410082267,0.0,0.0,1526,"{""0"": 14520, ""1"": 9474, ""2"": 14574, ""3"": 9021, ""4"": 15086, ""5"": 6724}",connected
69499,272,20000,0.050000000000000044,0.01187743921764195,-2.6379730410082267,0.0,0.0,1526,"{""0"": 14564, ""1"": 9488, ""2"": 14600, ""3"": 9024, ""4"": 15091, ""5"": 6732}",connected
69599,272,20000,0.050000000000000044,0.012347368414048106,-2.6379730410082267,0.0,0.0,1526,"{""0"": 14612, ""1"": 9500, ""2"": 14637, ""3"": 9024, ""4"": 15092, ""5"": 6734}",connected
69699,272,20000,0.050000000000000044,0.012647601538337766,-2.6379730410082267,0.0,0.0,1526,"{""0"": 14654, ""1"": 9504, ""2"": 14683, ""3"": 9028, ""4"": 15096, ""5"": 6734}",connected
69799,274,20000,0.050000000000000044,0.013472634053323418,-2.5840543112158776,0.0,0.0,1526,"{""0"": 14689, ""1"": 9521, ""2"": 14721, ""3"": 9028, ""4"": 15105, ""5"": 6735}",connected
69899,274,20000,0.050000000000000044,0.01331543653504923,-2.5840543112158776,0.0,0.0,1526,"{""0"": 14712, ""1"": 9526, ""2"": 14764, ""3"": 9041, ""4"": 15116, ""5"": 6740}",connected
69999,274,20000,0.050000000000000044,0.014315227041952311,-2.5840543112158776,0.0,0.0,1526,"{""0"": 14746, ""1"": 9538, ""2"": 14804, ""3"": 9047, ""4"": 15124, ""5"": 6740}",connected
70099,276,20000,0.050000000000000044,0.015116263451054691,-2.7187154621304943,0.0,0.0,1526,"{""0"": 14802, ""1"": 9550, ""2"": 14824, ""3"": 9048, ""4"": 15134, ""5"": 6741}",connected
70199,276,20000,0.050000000000000044,0.01485728520201519,-2.7187154621304943,0.0,0.0,1526,"{""0"": 14821, ""1"": 9564, ""2"": 14859, ""3"": 9063, ""4"": 15149, ""5"": 6743}",connected
70299,276,20000,0.050000000000000044,0.015058023557066917,-2.7187154621304943,0.0,0.0,1526,"{""0"": 14859, ""1"": 9574, ""2"": 14891, ""3"": 9070, ""4"": 15160, ""5"": 6745}",connected
70399,276,20000,0.050000000000000044,0.014410033579915762,-2.7187154621304943,0.0,0.0,1526,"{""0"": 14889, ""1"": 9597, ""2"": 14932, ""3"": 9072, ""4"": 15164, ""5"": 6745}",connected
70499,278,20000,0.050000000000000044,0.013406304155942052,-2.644564957418479,0.0,0.0,1526,"{""0"": 14916, ""1"": 9613, ""2"": 14966, ""3"": 9081, ""4"": 15178, ""5"": 6745}",connected
70599,278,20000,0.050000000000000044,0.012150624238420277,-2.644564957418479,0.0,0.0,1526,"{""0"": 14961, ""1"": 9619, ""2"": 15015, ""3"": 9081, ""4"": 15178, ""5"": 6745}",connected
70699,278,20000,0.050000000000000044,0.012260374876204879,-2.644564957418479,0.0,0.0,1526,"{""0"": 15023, ""1"": 9622, ""2"": 15040, ""3"": 9083, ""4"": 15186, ""5"": 6745}",connected
70799,280,20000,0.050000000000000044,0.012314273831434549,-2.6400763326045125,0.0,0.0,1526,"{""0"": 15068, ""1"": 9639, ""2"": 15066, ""3"": 9086, ""4"": 15192, ""5"": 6748}",connected
70899,280,20000,0.050000000000000044,0.012576732321176677,-2.6400763326045125,0.0,0.0,1526,"{""0"": 15090, ""1"": 9643, ""2"": 15113, ""3"": 9094, ""4"": 15207, ""5"": 6752}",connected
70999,280,20000,0.050000000000000044,0.012290070175658911,-2.6400763326045125,0.0,0.0,1526,"{""0"": 15135, ""1"": 9646, ""2"": 15162, ""3"": 9095, ""4"": 15208, ""5"": 6753}",connected
71099,280,20000,0.050000000000000044,0.01186867142561823,-2.6400763326045125,0.0,0.0,1526,"{""0"": 15182, ""1"": 9665, ""2"": 15192, ""3"": 9097, ""4"": 15210, ""5"": 6753}",connected
71199,282,20000,0.050000000000000044,0.010741955805569888,-2.6311898026568814,0.0,0.0,1526,"{""0"": 15219, ""1"": 9678, ""2"": 15226, ""3"": 9102, ""4"": 15221, ""5"": 6753}",connected
71299,282,20000,0.050000000000000044,0.009561397114302962,-2.6311898026568814,0.0,0.0,1526,"{""0"": 15271, ""1"": 9692, ""2"": 15257, ""3"": 9102, ""4"": 15223, ""5"": 6754}",connected
71399,282,20000,0.050000000000000044,0.01072249334771186,-2.6311898026568814,0.0,0.0,1526,"{""0"": 15323, ""1"": 9700, ""2"": 15290, ""3"": 9105, ""4"": 15227, ""5"": 6754}",connected
71499,282,20000,0.050000000000000044,0.010687619238160551,-2.6311898026568814,0.0,0.0,1526,"{""0"": 15356, ""1"": 9717, ""2"": 15325, ""3"": 9110, ""4"": 15229, ""5"": 6762}",connected
71599,284,20000,0.050000000000000044,0.011672798935323954,-2.631957459053956,0.0,0.0,1526,"{""0"": 15381, ""1"": 9730, ""2"": 15367, ""3"": 9114, ""4"": 15241, ""5"": 6766}",connected
71699,284,20000,0.050000000000000044,0.011986467388924211,-2.631957459053956,0.0,0.0,1526,"{""0"": 15439, ""1"": 9740, ""2"": 15387, ""3"": 9118, ""4"": 15248, ""5"": 6767}",connected
71799,284,20000,0.050000000000000044,0.01110750523628667,-2.631957459053956,0.0,0.0,1526,"{""0"": 15473, ""1"": 9747, ""2"": 15437, ""3"": 9124, ""4"": 15248, ""5"": 6770}",connected
71899,286,20000,0.050000000000000044,0.011311559868045152,-2.6393047635303812,0.0,0.0,1526,"{""0"": 15511, ""1"": 9764, ""2"": 15472, ""3"": 9126, ""4"": 15256, ""5"": 6770}",connected
71999,286,20000,0.050000000000000044,0.011278391059022397,-2.6393047635303812,0.0,0.0,1526,"{""0"": 15552, ""1"": 9768, ""2"": 15506, ""3"": 9134, ""4"": 15269, ""5"": 6770}",connected
72099,286,20000,0.050000000000000044,0.01134735349798575,-2.6393047635303812,0.0,0.0,1526,"{""0"": 15577, ""1"": 9787, ""2"": 15554, ""3"": 9138, ""4"": 15273, ""5"": 6770}",connected
72199,286,20000,0.050000000000000044,0.010981630783062428,-2.6393047635303812,0.0,0.0,1526,"{""0"": 15623, ""1"": 9806, ""2"": 15579, ""3"": 9144, ""4"": 15275, ""5"": 6772}",connected
72299,288,20000,0.050000000000000044,0.01122929522069171,-2.7343096216162666,0.0,0.0,1526,"{""0"": 15637, ""1"": 9835, ""2"": 15608, ""3"": 9148, ""4"": 15292, ""5"": 6779}",connected
72399,288,20000,0.050000000000000044,0.01059605497168377,-2.7343096216162666,0.0,0.0,1526,"{""0"": 15681, ""1"": 9847, ""2"": 15647, ""3"": 9151, ""4"": 15293, ""5"": 6780}",connected
72499,288,20000,0.050000000000000044,0.010759838288649917,-2.7343096216162666,0.0,0.0,1526,"{""0"": 15734, ""1"": 9854, ""2"": 15679, ""3"": 9153, ""4"": 15297, ""5"": 6782}",connected
72599,290,20000,0.050000000000000044,0.011383797989692539,-2.6993257796484977,0.0,0.0,1526,"{""0"": 15799, ""1"": 9863, ""2"": 15697, ""3"": 9154, ""4"": 15303, ""5"": 6783}",connected
72699,290,20000,0.050000000000000044,0.010434616522397846,-2.6993257796484977,0.0,0.0,1526,"{""0"": 15841, ""1"": 9877, ""2"": 15729, ""3"": 9159, ""4"": 15310, ""5"": 6783}",connected
72799,290,20000,0.050000000000000044,0.010561228352598847,-2.6993257796484977,0.0,0.0,1526,"{""0"": 15917, ""1"": 9880, ""2"": 15746, ""3"": 9159, ""4"": 15313, ""5"": 6784}",connected
72899,290,20000,0.050000000000000044,0.010521263142582029,-2.6993257796484977,0.0,0.0,1526,"{""0"": 15978, ""1"": 9888, ""2"": 15771, ""3"": 9161, ""4"": 15315, ""5"": 6786}",connected
72999,292,20000,0.050000000000000044,0.01024302903097123,-2.6893685096269473,0.0,0.0,1526,"{""0"": 16000, ""1"": 9910, ""2"": 15815, ""3"": 9165, ""4"": 15322, ""5"": 6787}",connected
73099,292,20000,0.050000000000000044,0.010817088820040226,-2.6893685096269473,0.0,0.0,1526,"{""0"": 16015, ""1"": 9926, ""2"": 15851, ""3"": 9181, ""4"": 15338, ""5"": 6788}",connected
73199,292,20000,0.050000000000000044,0.011535080419853329,-2.6893685096269473,0.0,0.0,1526,"{""0"": 16082, ""1"": 9933, ""2"": 15871, ""3"": 9181, ""4"": 15341, ""5"": 6791}",connected
73299,294,20000,0.050000000000000044,0.01159806034527719,-2.661727882027626,0.0,0.0,1526,"{""0"": 16152, ""1"": 9937, ""2"": 15887, ""3"": 9185, ""4"": 15347, ""5"": 6791}",connected
73399,294,20000,0.050000000000000044,0.0122922103991732,-2.661727882027626,0.0,0.0,1526,"{""0"": 16172, ""1"": 9967, ""2"": 15918, ""3"": 9189, ""4"": 15361, ""5"": 6792}",connected
73499,294,20000,0.050000000000000044,0.011245586106088012,-2.661727882027626,0.0,0.0,1526,"{""0"": 16235, ""1"": 9969, ""2"": 15949, ""3"": 9190, ""4"": 15362, ""5"": 6794}",connected
73599,294,20000,0.050000000000000044,0.010203295657411217,-2.661727882027626,0.0,0.0,1526,"{""0"": 16291, ""1"": 9972, ""2"": 15987, ""3"": 9191, ""4"": 15363, ""5"": 6795}",connected
73699,296,20000,0.050000000000000044,0.010691566774621606,-2.7580735608562827,0.0,0.0,1526,"{""0"": 16328, ""1"": 9991, ""2"": 16008, ""3"": 9202, ""4"": 15374, ""5"": 6796}",connected
73799,296,20000,0.050000000000000044,0.0100896722311154,-2.7580735608562827,0.0,0.0,1526,"{""0"": 16355, ""1"": 10002, ""2"": 16054, ""3"": 9206, ""4"": 15386, ""5"": 6796}",connected
73899,296,20000,0.050000000000000044,0.010445926270913333,-2.7580735608562827,0.0,0.0,1526,"{""0"": 16383, ""1"": 10023, ""2"": 16085, ""3"": 9216, ""4"": 15395, ""5"": 6797}",connected
73999,296,20000,0.050000000000000044,0.011028041385579855,-2.7580735608562827,0.0,0.0,1526,"{""0"": 16417, ""1"": 10047, ""2"": 16122, ""3"": 9219, ""4"": 15397, ""5"": 6797}",connected
74099,298,20000,0.050000000000000044,0.01153466303832829,-2.7609137338772416,0.0,0.0,1526,"{""0"": 16434, ""1"": 10078, ""2"": 16139, ""3"": 9233, ""4"": 15416, ""5"": 6799}",connected
74199,298,20000,0.050000000000000044,0.011451666466891766,-2.7609137338772416,0.0,0.0,1526,"{""0"": 16491, ""1"": 10090, ""2"": 16155, ""3"": 9238, ""4"": 15426, ""5"": 6799}",connected
74299,298,20000,0.050000000000000044,0.012204500748775899,-2.7609137338772416,0.0,0.0,1526,"{""0"": 16542, ""1"": 10098, ""2"": 16195, ""3"": 9239, ""4"": 15426, ""5"": 6799}",connected
74399,300,20000,0.050000000000000044,0.012242661132477224,-2.7422037374414505,0.0,0.0,1526,"{""0"": 16601, ""1"": 10109, ""2"": 16209, ""3"": 9243, ""4"": 15434, ""5"": 6803}",connected
74499,300,20000,0.050000000000000044,0.0118714215955697,-2.7422037374414505,0.0,0.0,1526,"{""0"": 16617, ""1"": 10154, ""2"": 16232, ""3"": 9249, ""4"": 15443, ""5"": 6804}",connected
74599,300,20000,0.050000000000000044,0.012458892022259534,-2.7422037374414505,0.0,0.0,1526,"{""0"": 16687, ""1"": 10168, ""2"": 16244, ""3"": 9250, ""4"": 15444, ""5"": 6806}",connected
74699,300,20000,0.050000000000000044,0.012247973445337266,-2.7422037374414505,0.0,0.0,1526,"{""0"": 16771, ""1"": 10176, ""2"": 16251, ""3"": 9250, ""4"": 15445, ""5"": 6806}",connected
74799,302,20000,0.050000000000000044,0.012295633215690032,-2.732650394453667,0.0,0.0,1526,"{""0"": 16815, ""1"": 10199, ""2"": 16269, ""3"": 9254, ""4"": 15456, ""5"": 6806}",connected
74899,302,20000,0.050000000000000044,0.011589263890637086,-2.732650394453667,0.0,0.0,1526,"{""0"": 16861, ""1"": 10228, ""2"": 16285, ""3"": 9257, ""4"": 15462, ""5"": 6806}",connected
74999,302,20000,0.050000000000000044,0.01144572849967517,-2.732650394453667,0.0,0.0,1526,"{""0"": 16919, ""1"": 10237, ""2"": 16318, ""3"": 9257, ""4"": 15462, ""5"": 6806}",connected
75099,304,20000,0.050000000000000044,0.011179139242740348,-2.695574903297238,0.0,0.0,1526,"{""0"": 16965, ""1"": 10255, ""2"": 16325, ""3"": 9272, ""4"": 15473, ""5"": 6809}",connected
75199,304,20000,0.050000000000000044,0.011200055250665173,-2.695574903297238,0.0,0.0,1526,"{""0"": 16993, ""1"": 10278, ""2"": 16345, ""3"": 9280, ""4"": 15492, ""5"": 6811}",connected
75299,304,20000,0.050000000000000044,0.012093397554708644,-2.695574903297238,0.0,0.0,1526,"{""0"": 17042, ""1"": 10293, ""2"": 16371, ""3"": 9282, ""4"": 15500, ""5"": 6811}",connected
75399,304,20000,0.050000000000000044,0.012133365374756977,-2.695574903297238,0.0,0.0,1526,"{""0"": 17115, ""1"": 10293, ""2"": 16397, ""3"": 9282, ""4"": 15501, ""5"": 6811}",connected
75499,306,20000,0.050000000000000044,0.012898348277667537,-2.680528172259219,0.0,0.0,1526,"{""0"": 17152, ""1"": 10306, ""2"": 16427, ""3"": 9290, ""4"": 15513, ""5"": 6811}",connected
75599,306,20000,0.050000000000000044,0.012372114821337163,-2.680528172259219,0.0,0.0,1526,"{""0"": 17185, ""1"": 10320, ""2"": 16473, ""3"": 9290, ""4"": 15517, ""5"": 6814}",connected
75699,306,20000,0.050000000000000044,0.011536147992592305,-2.680528172259219,0.0,0.0,1526,"{""0"": 17217, ""1"": 10353, ""2"": 16505, ""3"": 9291, ""4"": 15519, ""5"": 6814}",connected
75799,306,20000,0.050000000000000044,0.010946782644605264,-2.680528172259219,0.0,0.0,1526,"{""0"": 17262, ""1"": 10370, ""2"": 16518, ""3"": 9302, ""4"": 15529, ""5"": 6818}",connected
75899,308,20000,0.050000000000000044,0.01047514910227619,-2.7962556163035335,0.0,0.0,1526,"{""0"": 17303, ""1"": 10385, ""2"": 16546, ""3"": 9304, ""4"": 15543, ""5"": 6818}",connected
75999,308,20000,0.050000000000000044,0.011156153405318036,-2.7962556163035335,0.0,0.0,1526,"{""0"": 17378, ""1"": 10393, ""2"": 16559, ""3"": 9306, ""4"": 15544, ""5"": 6819}",connected
76099,308,20000,0.050000000000000044,0.011452542826300488,-2.7962556163035335,0.0,0.0,1526,"{""0"": 17419, ""1"": 10406, ""2"": 16571, ""3"": 9319, ""4"": 15560, ""5"": 6824}",connected
76199,310,20000,0.050000000000000044,0.012108536110026762,-2.7845000362070276,0.0,0.0,1526,"{""0"": 17464, ""1"": 10423, ""2"": 16601, ""3"": 9320, ""4"": 15567, ""5"": 6824}",connected
76299,310,20000,0.050000000000000044,0.011390802157111466,-2.7845000362070276,0.0,0.0,1526,"{""0"": 17516, ""1"": 10438, ""2"": 16620, ""3"": 9324, ""4"": 15577, ""5"": 6824}",connected
76399,310,20000,0.050000000000000044,0.010915072654606775,-2.7845000362070276,0.0,0.0,1526,"{""0"": 17561, ""1"": 10451, ""2"": 16655, ""3"": 9324, ""4"": 15584, ""5"": 6824}",connected
76499,310,20000,0.050000000000000044,0.010570078099844978,-2.7845000362070276,0.0,0.0,1526,"{""0"": 17623, ""1"": 10451, ""2"": 16683, ""3"": 9324, ""4"": 15592, ""5"": 6826}",connected
76599,312,20000,0.050000000000000044,0.009079513932811097,-2.7953083500266076,0.0,0.0,1526,"{""0"": 17664, ""1"": 10466, ""2"": 16710, ""3"": 9324, ""4"": 15608, ""5"": 6827}",connected
76699,312,20000,0.050000000000000044,0.009477893289877103,-2.7953083500266076,0.0,0.0,1526,"{""0"": 17707, ""1"": 10487, ""2"": 16737, ""3"": 9326, ""4"": 15610, ""5"": 6832}",connected
76799,312,20000,0.050000000000000044,0.009329512895783409,-2.7953083500266076,0.0,0.0,1526,"{""0"": 17753, ""1"": 10498, ""2"": 16769, ""3"": 9328, ""4"": 15614, ""5"": 6837}",connected
76899,314,20000,0.050000000000000044,0.0099427772348281,-2.783984762704931,0.0,0.0,1526,"{""0"": 17802, ""1"": 10516, ""2"": 16798, ""3"": 9330, ""4"": 15616, ""5"": 6837}",connected
76999,314,20000,0.050000000000000044,0.010661058169789612,-2.783984762704931,0.0,0.0,1526,"{""0"": 17839, ""1"": 10526, ""2"": 16833, ""3"": 9331, ""4"": 15627, ""5"": 6843}",connected
77099,314,20000,0.050000000000000044,0.010279233547626063,-2.783984762704931,0.0,0.0,1526,"{""0"": 17855, ""1"": 10582, ""2"": 16850, ""3"": 9334, ""4"": 15633, ""5"": 6845}",connected
77199,314,20000,0.050000000000000044,0.009769442119868472,-2.783984762704931,0.0,0.0,1526,"{""0"": 17892, ""1"": 10610, ""2"": 16860, ""3"": 9351, ""4"": 15641, ""5"": 6845}",connected
77299,316,20000,0.050000000000000044,0.009149226309964432,-2.867726947301999,0.0,0.0,1526,"{""0"": 17920, ""1"": 10648, ""2"": 16871, ""3"": 9358, ""4"": 15657, ""5"": 6845}",connected
77399,316,20000,0.050000000000000044,0.009276014929637312,-2.867726947301999,0.0,0.0,1526,"{""0"": 17957, ""1"": 10662, ""2"": 16899, ""3"": 9365, ""4"": 15669, ""5"": 6847}",connected
77499,316,20000,0.050000000000000044,0.009687009281478823,-2.867726947301999,0.0,0.0,1526,"{""0"": 17974, ""1"": 10701, ""2"": 16942, ""3"": 9366, ""4"": 15669, ""5"": 6847}",connected
77599,316,20000,0.050000000000000044,0.009635704389074818,-2.867726947301999,0.0,0.0,1526,"{""0"": 17983, ""1"": 10740, ""2"": 16981, ""3"": 9368, ""4"": 15671, ""5"": 6856}",connected
77699,318,20000,0.050000000000000044,0.009356200403999537,-2.854166079494171,0.0,0.0,1526,"{""0"": 18019, ""1"": 10761, ""2"": 17010, ""3"": 9371, ""4"": 15682, ""5"": 6856}",connected
77799,318,20000,0.050000000000000044,0.008954867300344631,-2.854166079494171,0.0,0.0,1526,"{""0"": 18065, ""1"": 10765, ""2"": 17042, ""3"": 9371, ""4"": 15700, ""5"": 6856}",connected
77899,318,20000,0.050000000000000044,0.008837530569871887,-2.854166079494171,0.0,0.0,1526,"{""0"": 18108, ""1"": 10790, ""2"": 17058, ""3"": 9380, ""4"": 15706, ""5"": 6857}",connected
77999,320,20000,0.050000000000000044,0.008772147141862661,-2.844153879042715,0.0,0.0,1526,"{""0"": 18141, ""1"": 10835, ""2"": 17064, ""3"": 9384, ""4"": 15718, ""5"": 6857}",connected
78099,320,20000,0.050000000000000044,0.008608622240135446,-2.844153879042715,0.0,0.0,1526,"{""0"": 18155, ""1"": 10880, ""2"": 17095, ""3"": 9386, ""4"": 15723, ""5"": 6860}",connected
78199,320,20000,0.050000000000000044,0.008904444145737217,-2.844153879042715,0.0,0.0,1526,"{""0"": 18214, ""1"": 10896, ""2"": 17112, ""3"": 9389, ""4"": 15728, ""5"": 6860}",connected
78299,320,20000,0.050000000000000044,0.008367852856172248,-2.844153879042715,0.0,0.0,1526,"{""0"": 18275, ""1"": 10913, ""2"": 17125, ""3"": 9394, ""4"": 15732, ""5"": 6860}",connected
78399,322,20000,0.050000000000000044,0.009437311178771779,-2.9253747832402586,0.0,0.0,1526,"{""0"": 18283, ""1"": 10961, ""2"": 17156, ""3"": 9396, ""4"": 15743, ""5"": 6860}",connected
78499,322,20000,0.050000000000000044,0.009187400713562966,-2.9253747832402586,0.0,0.0,1526,"{""0"": 18334, ""1"": 10984, ""2"": 17171, ""3"": 9400, ""4"": 15750, ""5"": 6860}",connected
78599,322,20000,0.050000000000000044,0.00902417503995821,-2.9253747832402586,0.0,0.0,1526,"{""0"": 18379, ""1"": 11000, ""2"": 17196, ""3"": 9401, ""4"": 15752, ""5"": 6871}",connected
78699,324,20000,0.050000000000000044,0.010466669837478548,-3.0300279787555335,0.0,0.0,1526,"{""0"": 18420, ""1"": 11040, ""2"": 17204, ""3"": 9407, ""4"": 15755, ""5"": 6873}",connected
78799,324,20000,0.050000000000000044,0.009713659717235715,-3.0300279787555335,0.0,0.0,1526,"{""0"": 18497, ""1"": 11041, ""2"": 17210, ""3"": 9414, ""4"": 15760, ""5"": 6877}",connected
78899,324,20000,0.050000000000000044,0.010455182279692964,-3.0300279787555335,0.0,0.0,1526,"{""0"": 18563, ""1"": 11051, ""2"": 17225, ""3"": 9415, ""4"": 15767, ""5"": 6878}",connected
78999,324,20000,0.050000000000000044,0.010160736547550186,-3.0300279787555335,0.0,0.0,1526,"{""0"": 18603, ""1"": 11077, ""2"": 17247, ""3"": 9421, ""4"": 15771, ""5"": 6880}",connected
79099,326,20000,0.050000000000000044,0.009523323150351643,-3.0240493983449412,0.0,0.0,1526,"{""0"": 18620, ""1"": 11123, ""2"": 17268, ""3"": 9428, ""4"": 15778, ""5"": 6882}",connected
79199,326,20000,0.050000000000000044,0.010057029130402953,-3.0240493983449412,0.0,0.0,1526,"{""0"": 18644, ""1"": 11174, ""2"": 17292, ""3"": 9428, ""4"": 15779, ""5"": 6882}",connected
79299,326,20000,0.050000000000000044,0.00969094609026797,-3.0240493983449412,0.0,0.0,1526,"{""0"": 18682, ""1"": 11213, ""2"": 17314, ""3"": 9428, ""4"": 15779, ""5"": 6883}",connected
79399,326,20000,0.050000000000000044,0.010041689414065332,-3.0240493983449412,0.0,0.0,1526,"{""0"": 18694, ""1"": 11269, ""2"": 17341, ""3"": 9431, ""4"": 15781, ""5"": 6883}",connected
79499,328,20000,0.050000000000000044,0.009898981545120478,-2.984554846934043,0.0,0.0,1526,"{""0"": 18736, ""1"": 11292, ""2"": 17356, ""3"": 9435, ""4"": 15793, ""5"": 6887}",connected
79599,328,20000,0.050000000000000044,0.009179739265237003,-2.984554846934043,0.0,0.0,1526,"{""0"": 18776, ""1"": 11321, ""2"": 17377, ""3"": 9438, ""4"": 15797, ""5"": 6890}",connected
79699,328,20000,0.050000000000000044,0.009051956728799269,-2.984554846934043,0.0,0.0,1526,"{""0"": 18827, ""1"": 11350, ""2"": 17395, ""3"": 9438, ""4"": 15797, ""5"": 6892}",connected
79799,330,20000,0.050000000000000044,0.008314714865991845,-2.8985901713650675,0.0,0.0,1526,"{""0"": 18873, ""1"": 11371, ""2"": 17414, ""3"": 9444, ""4"": 15805, ""5"": 6892}",connected
79899,330,20000,0.050000000000000044,0.008286163286538795,-2.8985901713650675,0.0,0.0,1526,"{""0"": 18923, ""1"": 11379, ""2"": 17453, ""3"": 9446, ""4"": 15806, ""5"": 6892}",connected
79999,330,20000,0.050000000000000044,0.008215341679751874,-2.8985901713650675,0.0,0.0,1526,"{""0"": 18967, ""1"": 11397, ""2"": 17481, ""3"": 9449, ""4"": 15811, ""5"": 6894}",connected
80099,330,20000,0.050000000000000044,0.008551791014615446,-2.8985901713650675,0.0,0.0,1526,"{""0"": 18979, ""1"": 11429, ""2"": 17496, ""3"": 9465, ""4"": 15833, ""5"": 6897}",connected
80199,332,20000,0.050000000000000044,0.009775125019950792,-2.9202631721599026,0.0,0.0,1526,"{""0"": 19004, ""1"": 11470, ""2"": 17513, ""3"": 9474, ""4"": 15840, ""5"": 6898}",connected
80299,332,20000,0.050000000000000044,0.00987331581651233,-2.9202631721599026,0.0,0.0,1526,"{""0"": 19035, ""1"": 11498, ""2"": 17540, ""3"": 9475, ""4"": 15851, ""5"": 6900}",connected
80399,332,20000,0.050000000000000044,0.00948239341028966,-2.9202631721599026,0.0,0.0,1526,"{""0"": 19053, ""1"": 11560, ""2"": 17550, ""3"": 9481, ""4"": 15855, ""5"": 6900}",connected
80499,334,20000,0.050000000000000044,0.009473292976617814,-3.0057678683893756,0.0,0.0,1526,"{""0"": 19071, ""1"": 11611, ""2"": 17556, ""3"": 9493, ""4"": 15868, ""5"": 6900}",connected
80599,334,20000,0.050000000000000044,0.008882183379027993,-3.0057678683893756,0.0,0.0,1526,"{""0"": 19097, ""1"": 11636, ""2"": 17583, ""3"": 9504, ""4"": 15879, ""5"": 6900}",connected
80699,334,20000,0.050000000000000044,0.008259051946224645,-3.0057678683893756,0.0,0.0,1526,"{""0"": 19132, ""1"": 11672, ""2"": 17601, ""3"": 9508, ""4"": 15886, ""5"": 6900}",connected
80799,334,20000,0.050000000000000044,0.00834056591265835,-3.0057678683893756,0.0,0.0,1526,"{""0"": 19170, ""1"": 11705, ""2"": 17609, ""3"": 9517, ""4"": 15898, ""5"": 6900}",connected
80899,336,20000,0.050000000000000044,0.00942627506214194,-3.0052277273824437,0.0,0.0,1526,"{""0"": 19203, ""1"": 11726, ""2"": 17625, ""3"": 9524, ""4"": 15916, ""5"": 6905}",connected
80999,336,20000,0.050000000000000044,0.009893046437064186,-3.0052277273824437,0.0,0.0,1526,"{""0"": 19218, ""1"": 11748, ""2"": 17680, ""3"": 9528, ""4"": 15920, ""5"": 6905}",connected
81099,336,20000,0.050000000000000044,0.010048625584458933,-3.0052277273824437,0.0,0.0,1526,"{""0"": 19268, ""1"": 11785, ""2"": 17687, ""3"": 9528, ""4"": 15923, ""5"": 6908}",connected
81199,336,20000,0.050000000000000044,0.010675382611807435,-3.0052277273824437,0.0,0.0,1526,"{""0"": 19306, ""1"": 11823, ""2"": 17699, ""3"": 9532, ""4"": 15925, ""5"": 6914}",connected
81299,338,20000,0.050000000000000044,0.009443323746090755,-3.00213443627581,0.0,0.0,1526,"{""0"": 19360, ""1"": 11846, ""2"": 17714, ""3"": 9535, ""4"": 15930, ""5"": 6914}",connected
81399,338,20000,0.050000000000000044,0.00958281937171705,-3.00213443627581,0.0,0.0,1526,"{""0"": 19418, ""1"": 11873, ""2"": 17723, ""3"": 9536, ""4"": 15934, ""5"": 6915}",connected
81499,338,20000,0.050000000000000044,0.009321984369307756,-3.00213443627581,0.0,0.0,1526,"{""0"": 19491, ""1"": 11886, ""2"": 17729, ""3"": 9544, ""4"": 15934, ""5"": 6915}",connected
81599,340,20000,0.050000000000000044,0.009939325459999964,-2.9829638607986273,0.0,0.0,1526,"{""0"": 19537, ""1"": 11912, ""2"": 17741, ""3"": 9547, ""4"": 15947, ""5"": 6915}",connected
81699,340,20000,0.050000000000000044,0.010207732050912455,-2.9829638607986273,0.0,0.0,1526,"{""0"": 19619, ""1"": 11919, ""2"": 17744, ""3"": 9548, ""4"": 15949, ""5"": 6920}",connected
81799,340,20000,0.050000000000000044,0.009442703181412071,-2.9829638607986273,0.0,0.0,1526,"{""0"": 19702, ""1"": 11924, ""2"": 17751, ""3"": 9550, ""4"": 15952, ""5"": 6920}",connected
81899,340,20000,0.050000000000000044,0.009818622106686235,-2.9829638607986273,0.0,0.0,1526,"{""0"": 19754, ""1"": 11937, ""2"": 17760, ""3"": 9558, ""4"": 15967, ""5"": 6923}",connected
81999,342,20000,0.050000000000000044,0.009646955080097542,-2.9648424200387673,0.0,0.0,1526,"{""0"": 19779, ""1"": 11979, ""2"": 17776, ""3"": 9564, ""4"": 15978, ""5"": 6923}",connected
82099,342,20000,0.050000000000000044,0.009633243202697485,-2.9648424200387673,0.0,0.0,1526,"{""0"": 19844, ""1"": 12006, ""2"": 17780, ""3"": 9565, ""4"": 15981, ""5"": 6923}",connected
82199,342,20000,0.050000000000000044,0.01026849916903302,-2.9648424200387673,0.0,0.0,1526,"{""0"": 19859, ""1"": 12063, ""2"": 17796, ""3"": 9565, ""4"": 15985, ""5"": 6931}",connected
82299,344,20000,0.050000000000000044,0.009823781942250207,-2.9633903229562564,0.0,0.0,1526,"{""0"": 19881, ""1"": 12101, ""2"": 17813, ""3"": 9569, ""4"": 16000, ""5"": 6935}",connected
82399,344,20000,0.050000000000000044,0.009752386226318776,-2.9633903229562564,0.0,0.0,1526,"{""0"": 19921, ""1"": 12120, ""2"": 17829, ""3"": 9583, ""4"": 16010, ""5"": 6936}",connected
82499,344,20000,0.050000000000000044,0.009377530300989747,-2.9633903229562564,0.0,0.0,1526,"{""0"": 19964, ""1"": 12151, ""2"": 17832, ""3"": 9586, ""4"": 16023, ""5"": 6943}",connected
82599,344,20000,0.050000000000000044,0.008907269502524287,-2.9633903229562564,0.0,0.0,1526,"{""0"": 19979, ""1"": 12182, ""2"": 17849, ""3"": 9605, ""4"": 16041, ""5"": 6943}",connected
82699,346,20000,0.050000000000000044,0.009462332031689584,-3.061445806720294,0.0,0.0,1526,"{""0"": 19993, ""1"": 12216, ""2"": 17872, ""3"": 9618, ""4"": 16056, ""5"": 6944}",connected
82799,346,20000,0.050000000000000044,0.008292864811373875,-3.061445806720294,0.0,0.0,1526,"{""0"": 20014, ""1"": 12288, ""2"": 17873, ""3"": 9620, ""4"": 16059, ""5"": 6945}",connected
82899,346,20000,0.050000000000000044,0.009034896614030003,-3.061445806720294,0.0,0.0,1526,"{""0"": 20030, ""1"": 12358, ""2"": 17883, ""3"": 9624, ""4"": 16059, ""5"": 6945}",connected
82999,348,20000,0.050000000000000044,0.0091061068570707,-3.0587423232896254,0.0,0.0,1526,"{""0"": 20064, ""1"": 12389, ""2"": 17911, ""3"": 9625, ""4"": 16064, ""5"": 6946}",connected
83099,348,20000,0.050000000000000044,0.008402199620613829,-3.0587423232896254,0.0,0.0,1526,"{""0"": 20119, ""1"": 12408, ""2"": 17917, ""3"": 9632, ""4"": 16077, ""5"": 6946}",connected
83199,348,20000,0.050000000000000044,0.00950141713139601,-3.0587423232896254,0.0,0.0,1526,"{""0"": 20209, ""1"": 12412, ""2"": 17920, ""3"": 9633, ""4"": 16079, ""5"": 6946}",connected
83299,348,20000,0.050000000000000044,0.009922593482770026,-3.0587423232896254,0.0,0.0,1526,"{""0"": 20266, ""1"": 12429, ""2"": 17941, ""3"": 9635, ""4"": 16079, ""5"": 6949}",connected
83399,350,20000,0.050000000000000044,0.010284069756162353,-3.0667988341115415,0.0,0.0,1526,"{""0"": 20319, ""1"": 12447, ""2"": 17947, ""3"": 9641, ""4"": 16096, ""5"": 6949}",connected
83499,350,20000,0.050000000000000044,0.01106588562775869,-3.0667988341115415,0.0,0.0,1526,"{""0"": 20348, ""1"": 12463, ""2"": 17961, ""3"": 9664, ""4"": 16112, ""5"": 6951}",connected
83599,350,20000,0.050000000000000044,0.011253705386188813,-3.0667988341115415,0.0,0.0,1526,"{""0"": 20381, ""1"": 12508, ""2"": 17963, ""3"": 9673, ""4"": 16123, ""5"": 6951}",connected
83699,350,20000,0.050000000000000044,0.010771440873504616,-3.0667988341115415,0.0,0.0,1526,"{""0"": 20433, ""1"": 12541, ""2"": 17965, ""3"": 9673, ""4"": 16123, ""5"": 6964}",connected
83799,352,20000,0.050000000000000044,0.009984306483529508,-3.0590104577643795,0.0,0.0,1526,"{""0"": 20464, ""1"": 12574, ""2"": 17977, ""3"": 9684, ""4"": 16136, ""5"": 6964}",connected
83899,352,20000,0.050000000000000044,0.010345453530317173,-3.0590104577643795,0.0,0.0,1526,"{""0"": 20527, ""1"": 12591, ""2"": 17985, ""3"": 9689, ""4"": 16143, ""5"": 6964}",connected
83999,352,20000,0.050000000000000044,0.00982414610683918,-3.0590104577643795,0.0,0.0,1526,"{""0"": 20552, ""1"": 12609, ""2"": 17991, ""3"": 9703, ""4"": 16164, ""5"": 6980}",connected
84099,354,20000,0.050000000000000044,0.009228825325844809,-3.0561247827950866,0.0,0.0,1526,"{""0"": 20595, ""1"": 12638, ""2"": 18001, ""3"": 9708, ""4"": 16172, ""5"": 6985}",connected
84199,354,20000,0.050000000000000044,0.009587038993486204,-3.0561247827950866,0.0,0.0,1526,"{""0"": 20659, ""1"": 12653, ""2"": 18012, ""3"": 9714, ""4"": 16176, ""5"": 6985}",connected
84299,354,20000,0.050000000000000044,0.009200740289525128,-3.0561247827950866,0.0,0.0,1526,"{""0"": 20707, ""1"": 12671, ""2"": 18021, ""3"": 9723, ""4"": 16192, ""5"": 6985}",connected
84399,354,20000,0.050000000000000044,0.008715131803764962,-3.0561247827950866,0.0,0.0,1526,"{""0"": 20743, ""1"": 12692, ""2"": 18032, ""3"": 9738, ""4"": 16207, ""5"": 6987}",connected
84499,356,20000,0.050000000000000044,0.008550473471987062,-3.0624393562506884,0.0,0.0,1526,"{""0"": 20759, ""1"": 12737, ""2"": 18048, ""3"": 9745, ""4"": 16223, ""5"": 6987}",connected
84599,356,20000,0.050000000000000044,0.008693855470046401,-3.0624393562506884,0.0,0.0,1526,"{""0"": 20790, ""1"": 12766, ""2"": 18068, ""3"": 9748, ""4"": 16231, ""5"": 6996}",connected
84699,356,20000,0.050000000000000044,0.00810734586440958,-3.0624393562506884,0.0,0.0,1526,"{""0"": 20821, ""1"": 12775, ""2"": 18074, ""3"": 9773, ""4"": 16260, ""5"": 6996}",connected
84799,358,20000,0.050000000000000044,0.008653799963649362,-3.0355759882181883,0.0,0.0,1526,"{""0"": 20854, ""1"": 12809, ""2"": 18082, ""3"": 9787, ""4"": 16271, ""5"": 6996}",connected
84899,358,20000,0.050000000000000044,0.008628234169445931,-3.0355759882181883,0.0,0.0,1526,"{""0"": 20880, ""1"": 12827, ""2"": 18093, ""3"": 9803, ""4"": 16297, ""5"": 6999}",connected
84999,358,20000,0.050000000000000044,0.008370837536640465,-3.0355759882181883,0.0,0.0,1526,"{""0"": 20912, ""1"": 12835, ""2"": 18100, ""3"": 9827, ""4"": 16314, ""5"": 7011}",connected
85099,358,20000,0.050000000000000044,0.008292717288713902,-3.0355759882181883,0.0,0.0,1526,"{""0"": 20931, ""1"": 12860, ""2"": 18110, ""3"": 9851, ""4"": 16336, ""5"": 7011}",connected
85199,360,20000,0.050000000000000044,0.008087082862621173,-3.0444550742348655,0.0,0.0,1526,"{""0"": 20936, ""1"": 12897, ""2"": 18121, ""3"": 9870, ""4"": 16362, ""5"": 7013}",connected
85299,360,20000,0.050000000000000044,0.008558040278730914,-3.0444550742348655,0.0,0.0,1526,"{""0"": 20942, ""1"": 12923, ""2"": 18133, ""3"": 9892, ""4"": 16392, ""5"": 7017}",connected
85399,360,20000,0.050000000000000044,0.00942608563345857,-3.0444550742348655,0.0,0.0,1526,"{""0"": 20952, ""1"": 12950, ""2"": 18138, ""3"": 9919, ""4"": 16420, ""5"": 7020}",connected
85499,360,20000,0.050000000000000044,0.009560988169396297,-3.0444550742348655,0.0,0.0,1526,"{""0"": 20984, ""1"": 12965, ""2"": 18154, ""3"": 9933, ""4"": 16437, ""5"": 7026}",connected
85599,362,20000,0.050000000000000044,0.009401598468539305,-3.0321563519630583,0.0,0.0,1526,"{""0"": 20994, ""1"": 13009, ""2"": 18168, ""3"": 9945, ""4"": 16457, ""5"": 7026}",connected
85699,362,20000,0.050000000000000044,0.008551078384625726,-3.0321563519630583,0.0,0.0,1526,"{""0"": 21005, ""1"": 13075, ""2"": 18171, ""3"": 9957, ""4"": 16465, ""5"": 7026}",connected
85799,362,20000,0.050000000000000044,0.008559732805588282,-3.0321563519630583,0.0,0.0,1526,"{""0"": 21036, ""1"": 13132, ""2"": 18171, ""3"": 9962, ""4"": 16472, ""5"": 7026}",connected
85899,364,20000,0.050000000000000044,0.008869078362477013,-3.0107889442332088,0.0,0.0,1526,"{""0"": 21070, ""1"": 13183, ""2"": 18175, ""3"": 9967, ""4"": 16478, ""5"": 7026}",connected
85999,364,20000,0.050000000000000044,0.008930192528059705,-3.0107889442332088,0.0,0.0,1526,"{""0"": 21093, ""1"": 13222, ""2"": 18201, ""3"": 9972, ""4"": 16485, ""5"": 7026}",connected
86099,364,20000,0.050000000000000044,0.009388858913443982,-3.0107889442332088,0.0,0.0,1526,"{""0"": 21103, ""1"": 13235, ""2"": 18204, ""3"": 10004, ""4"": 16526, ""5"": 7027}",connected
86199,364,20000,0.050000000000000044,0.008211180053185671,-3.0107889442332088,0.0,0.0,1526,"{""0"": 21123, ""1"": 13263, ""2"": 18212, ""3"": 10023, ""4"": 16550, ""5"": 7028}",connected
86299,366,20000,0.050000000000000044,0.00849194875336252,-2.993650086671114,0.0,0.0,1526,"{""0"": 21132, ""1"": 13290, ""2"": 18223, ""3"": 10046, ""4"": 16579, ""5"": 7029}",connected
86399,366,20000,0.050000000000000044,0.008624130201060325,-2.993650086671114,0.0,0.0,1526,"{""0"": 21139, ""1"": 13304, ""2"": 18226, ""3"": 10082, ""4"": 16616, ""5"": 7032}",connected
86499,366,20000,0.050000000000000044,0.008889554129564204,-2.993650086671114,0.0,0.0,1526,"{""0"": 21194, ""1"": 13333, ""2"": 18237, ""3"": 10084, ""4"": 16618, ""5"": 7033}",connected
86599,368,20000,0.050000000000000044,0.009534076861455106,-2.980746648381464,0.0,0.0,1526,"{""0"": 21214, ""1"": 13366, ""2"": 18247, ""3"": 10101, ""4"": 16638, ""5"": 7033}",connected
86699,368,20000,0.050000000000000044,0.00978884796903003,-2.980746648381464,0.0,0.0,1526,"{""0"": 21254, ""1"": 13375, ""2"": 18249, ""3"": 10126, ""4"": 16660, ""5"": 7035}",connected
86799,368,20000,0.050000000000000044,0.009461733902571722,-2.980746648381464,0.0,0.0,1526,"{""0"": 21303, ""1"": 13381, ""2"": 18251, ""3"": 10147, ""4"": 16681, ""5"": 7036}",connected
86899,368,20000,0.050000000000000044,0.009354907798697241,-2.980746648381464,0.0,0.0,1526,"{""0"": 21389, ""1"": 13387, ""2"": 18252, ""3"": 10151, ""4"": 16682, ""5"": 7038}",connected
86902,368,20000,0.050000000000000044,0.009810713402112014,-2.980746648381464,0.0,0.0,1526,"{""0"": 21390, ""1"": 13387, ""2"": 18252, ""3"": 10153, ""4"": 16682, ""5"": 7038}",stopped
