global_step,episode_count,replay_size,epsilon,loss,mean_reward_100,expert_action_loss,expert_bc_weight,expert_replay_size,action_counts,connection_status
99,0,99,0.9984325,0.0,0.0,0.0,0.35,8730,"{""0"": 22, ""1"": 13, ""2"": 19, ""3"": 13, ""4"": 19, ""5"": 13}",connected
199,0,199,0.9968491666666667,0.0,0.0,0.0,0.35,8730,"{""0"": 45, ""1"": 38, ""2"": 28, ""3"": 26, ""4"": 31, ""5"": 31}",connected
299,0,299,0.9952658333333333,0.0,0.0,0.0,0.35,8730,"{""0"": 66, ""1"": 47, ""2"": 43, ""3"": 43, ""4"": 53, ""5"": 47}",connected
399,0,399,0.9936825,0.0,0.0,0.0,0.35,8730,"{""0"": 81, ""1"": 64, ""2"": 65, ""3"": 61, ""4"": 68, ""5"": 60}",connected
499,0,499,0.9920991666666666,0.0,0.0,0.0,0.35,8730,"{""0"": 100, ""1"": 82, ""2"": 78, ""3"": 79, ""4"": 83, ""5"": 77}",connected
599,0,599,0.9905158333333334,0.0,0.0,0.0,0.35,8730,"{""0"": 121, ""1"": 96, ""2"": 90, ""3"": 98, ""4"": 98, ""5"": 96}",connected
699,0,699,0.9889325,0.0,0.0,0.0,0.35,8730,"{""0"": 140, ""1"": 113, ""2"": 112, ""3"": 114, ""4"": 110, ""5"": 110}",connected
799,2,799,0.9873491666666667,0.0,-6.369537031976506,0.0,0.35,8730,"{""0"": 160, ""1"": 130, ""2"": 124, ""3"": 129, ""4"": 130, ""5"": 126}",connected
899,2,899,0.9857658333333333,0.0,-6.369537031976506,0.0,0.35,8730,"{""0"": 180, ""1"": 142, ""2"": 144, ""3"": 146, ""4"": 144, ""5"": 143}",connected
999,2,999,0.9841825,0.0,-6.369537031976506,0.0,0.35,8730,"{""0"": 201, ""1"": 161, ""2"": 161, ""3"": 163, ""4"": 153, ""5"": 160}",connected
1099,2,1099,0.9825991666666667,0.0,-6.369537031976506,0.0,0.35,8730,"{""0"": 214, ""1"": 182, ""2"": 179, ""3"": 178, ""4"": 174, ""5"": 172}",connected
1199,2,1199,0.9810158333333333,0.0,-6.369537031976506,0.0,0.35,8730,"{""0"": 227, ""1"": 199, ""2"": 195, ""3"": 199, ""4"": 195, ""5"": 184}",connected
1299,2,1299,0.9794325,0.0,-6.369537031976506,0.0,0.35,8730,"{""0"": 238, ""1"": 213, ""2"": 214, ""3"": 221, ""4"": 211, ""5"": 202}",connected
1399,2,1399,0.9778491666666667,0.0,-6.369537031976506,0.0,0.35,8730,"{""0"": 256, ""1"": 224, ""2"": 237, ""3"": 239, ""4"": 228, ""5"": 215}",connected
1499,4,1499,0.9762658333333334,0.0,-6.308532730909064,0.0,0.35,8730,"{""0"": 272, ""1"": 247, ""2"": 260, ""3"": 249, ""4"": 246, ""5"": 225}",connected
1599,4,1599,0.9746825,0.0,-6.308532730909064,0.0,0.35,8730,"{""0"": 287, ""1"": 267, ""2"": 275, ""3"": 267, ""4"": 261, ""5"": 242}",connected
1699,4,1699,0.9730991666666666,0.0,-6.308532730909064,0.0,0.35,8730,"{""0"": 305, ""1"": 280, ""2"": 288, ""3"": 279, ""4"": 283, ""5"": 264}",connected
1799,4,1799,0.9715158333333334,0.0,-6.308532730909064,0.0,0.35,8730,"{""0"": 321, ""1"": 294, ""2"": 303, ""3"": 297, ""4"": 303, ""5"": 281}",connected
1899,4,1899,0.9699325,0.0,-6.308532730909064,0.0,0.35,8730,"{""0"": 334, ""1"": 313, ""2"": 321, ""3"": 312, ""4"": 327, ""5"": 292}",connected
1999,4,1999,0.9683491666666667,0.0,-6.308532730909064,0.0,0.35,8730,"{""0"": 352, ""1"": 330, ""2"": 338, ""3"": 326, ""4"": 344, ""5"": 309}",connected
2099,4,2099,0.9667658333333333,6.793084545135498,-6.308532730909064,0.3916135811805725,0.35,8730,"{""0"": 374, ""1"": 341, ""2"": 353, ""3"": 350, ""4"": 353, ""5"": 328}",connected
2199,6,2199,0.9651825,6.405283737182617,-6.658569918790211,0.4414845865964889,0.35,8730,"{""0"": 396, ""1"": 367, ""2"": 357, ""3"": 365, ""4"": 373, ""5"": 341}",connected
2299,6,2299,0.9635991666666667,5.946799300511678,-6.658569918790211,0.43788655201594034,0.35,8730,"{""0"": 413, ""1"": 384, ""2"": 369, ""3"": 380, ""4"": 395, ""5"": 358}",connected
2399,6,2399,0.9620158333333333,5.6576484155654905,-6.658569918790211,0.4274646183848381,0.35,8730,"{""0"": 433, ""1"": 404, ""2"": 380, ""3"": 401, ""4"": 407, ""5"": 374}",connected
2499,6,2499,0.9604325,5.0722238421440125,-6.658569918790211,0.4316156876087189,0.35,8730,"{""0"": 446, ""1"": 421, ""2"": 394, ""3"": 422, ""4"": 429, ""5"": 387}",connected
2599,6,2599,0.9588491666666666,4.767378137111664,-6.658569918790211,0.4149451133608818,0.35,8730,"{""0"": 454, ""1"": 437, ""2"": 419, ""3"": 439, ""4"": 447, ""5"": 403}",connected
2699,6,2699,0.9572658333333334,4.672747054100037,-6.658569918790211,0.41251678436994554,0.35,8730,"{""0"": 467, ""1"": 455, ""2"": 429, ""3"": 450, ""4"": 468, ""5"": 430}",connected
2799,6,2799,0.9556825,4.498582298755646,-6.658569918790211,0.4283171996474266,0.35,8730,"{""0"": 486, ""1"": 469, ""2"": 442, ""3"": 471, ""4"": 483, ""5"": 448}",connected
2899,8,2899,0.9540991666666667,4.456113810539246,-6.499510542606004,0.4328991729021072,0.35,8730,"{""0"": 507, ""1"": 481, ""2"": 460, ""3"": 483, ""4"": 498, ""5"": 470}",connected
2999,8,2999,0.9525158333333333,4.269348990917206,-6.499510542606004,0.44167529374361036,0.35,8730,"{""0"": 519, ""1"": 496, ""2"": 480, ""3"": 502, ""4"": 506, ""5"": 496}",connected
3099,8,3099,0.9509325,4.133877918720246,-6.499510542606004,0.4536417004466057,0.35,8730,"{""0"": 535, ""1"": 507, ""2"": 504, ""3"": 519, ""4"": 527, ""5"": 507}",connected
3199,8,3199,0.9493491666666667,4.028783301115036,-6.499510542606004,0.45756965488195417,0.35,8730,"{""0"": 555, ""1"": 523, ""2"": 521, ""3"": 535, ""4"": 545, ""5"": 520}",connected
3299,8,3299,0.9477658333333333,3.8370979273319246,-6.499510542606004,0.4689457240700722,0.35,8730,"{""0"": 572, ""1"": 536, ""2"": 536, ""3"": 557, ""4"": 558, ""5"": 540}",connected
3399,8,3399,0.9461825,3.743396497964859,-6.499510542606004,0.4787969610095024,0.35,8730,"{""0"": 589, ""1"": 561, ""2"": 547, ""3"": 575, ""4"": 569, ""5"": 558}",connected
3499,8,3499,0.9445991666666667,3.5837625885009765,-6.499510542606004,0.4895889291167259,0.35,8730,"{""0"": 603, ""1"": 576, ""2"": 558, ""3"": 598, ""4"": 586, ""5"": 578}",connected
3599,10,3599,0.9430158333333334,3.450342140197754,-6.443251853669063,0.4977531921863556,0.35,8730,"{""0"": 622, ""1"": 590, ""2"": 583, ""3"": 610, ""4"": 609, ""5"": 585}",connected
3699,10,3699,0.9414325,3.320707601308823,-6.443251853669063,0.5126839417219162,0.35,8730,"{""0"": 634, ""1"": 604, ""2"": 605, ""3"": 628, ""4"": 631, ""5"": 597}",connected
3799,10,3799,0.9398491666666666,3.1592875111103056,-6.443251853669063,0.5176792326569557,0.35,8730,"{""0"": 644, ""1"": 615, ""2"": 623, ""3"": 651, ""4"": 650, ""5"": 616}",connected
3899,10,3899,0.9382658333333334,3.130351469516754,-6.443251853669063,0.5216700544953347,0.35,8730,"{""0"": 654, ""1"": 639, ""2"": 634, ""3"": 674, ""4"": 665, ""5"": 633}",connected
3999,10,3999,0.9366825,3.1381563103199004,-6.443251853669063,0.527965484559536,0.35,8730,"{""0"": 673, ""1"": 651, ""2"": 650, ""3"": 687, ""4"": 681, ""5"": 657}",connected
4099,10,4099,0.9350991666666667,3.1969969940185545,-6.443251853669063,0.5325631740689277,0.35,8730,"{""0"": 688, ""1"": 665, ""2"": 669, ""3"": 706, ""4"": 694, ""5"": 677}",connected
4199,10,4199,0.9335158333333333,3.1633921420574187,-6.443251853669063,0.541137917637825,0.35,8730,"{""0"": 706, ""1"": 682, ""2"": 687, ""3"": 720, ""4"": 712, ""5"": 692}",connected
4299,12,4299,0.9319325,3.0115329563617705,-6.484748094071013,0.5469921419024467,0.35,8730,"{""0"": 731, ""1"": 695, ""2"": 710, ""3"": 737, ""4"": 720, ""5"": 706}",connected
4399,12,4399,0.9303491666666667,2.91345587849617,-6.484748094071013,0.5529027062654496,0.35,8730,"{""0"": 748, ""1"": 712, ""2"": 728, ""3"": 750, ""4"": 732, ""5"": 729}",connected
4499,12,4499,0.9287658333333333,2.81741290807724,-6.484748094071013,0.5486794179677963,0.35,8730,"{""0"": 765, ""1"": 727, ""2"": 743, ""3"": 766, ""4"": 752, ""5"": 746}",connected
4599,12,4599,0.9271825,2.744191725254059,-6.484748094071013,0.548389405310154,0.35,8730,"{""0"": 781, ""1"": 746, ""2"": 759, ""3"": 781, ""4"": 775, ""5"": 757}",connected
4699,12,4699,0.9255991666666666,2.735952410697937,-6.484748094071013,0.553779563009739,0.35,8730,"{""0"": 803, ""1"": 761, ""2"": 770, ""3"": 803, ""4"": 789, ""5"": 773}",connected
4799,12,4799,0.9240158333333334,2.671704117059708,-6.484748094071013,0.5596802151203155,0.35,8730,"{""0"": 818, ""1"": 770, ""2"": 793, ""3"": 822, ""4"": 809, ""5"": 787}",connected
4899,12,4899,0.9224325,2.55417787194252,-6.484748094071013,0.5750564301013946,0.35,8730,"{""0"": 839, ""1"": 783, ""2"": 807, ""3"": 843, ""4"": 823, ""5"": 804}",connected
4999,14,4999,0.9208491666666667,2.4343853986263273,-6.432985968954329,0.5807699972391128,0.35,8730,"{""0"": 863, ""1"": 792, ""2"": 833, ""3"": 852, ""4"": 838, ""5"": 821}",connected
5099,14,5099,0.9192658333333333,2.36171392083168,-6.432985968954329,0.5815257063508034,0.35,8730,"{""0"": 883, ""1"": 802, ""2"": 852, ""3"": 872, ""4"": 846, ""5"": 844}",connected
5199,14,5199,0.9176825,2.329122965335846,-6.432985968954329,0.5841022542119026,0.35,8730,"{""0"": 901, ""1"": 811, ""2"": 866, ""3"": 890, ""4"": 866, ""5"": 865}",connected
5299,14,5299,0.9160991666666667,2.2956568348407744,-6.432985968954329,0.5788040584325791,0.35,8730,"{""0"": 919, ""1"": 828, ""2"": 885, ""3"": 904, ""4"": 879, ""5"": 884}",connected
5399,14,5399,0.9145158333333333,2.2865179741382597,-6.432985968954329,0.5757355335354805,0.35,8730,"{""0"": 939, ""1"": 840, ""2"": 906, ""3"": 925, ""4"": 895, ""5"": 894}",connected
5499,14,5499,0.9129325,2.1541733276844024,-6.432985968954329,0.5709009853005409,0.35,8730,"{""0"": 968, ""1"": 854, ""2"": 924, ""3"": 941, ""4"": 907, ""5"": 905}",connected
5599,14,5599,0.9113491666666667,1.9982463467121123,-6.432985968954329,0.5616968858242035,0.35,8730,"{""0"": 978, ""1"": 867, ""2"": 933, ""3"": 963, ""4"": 935, ""5"": 923}",connected
5699,14,5699,0.9097658333333334,1.8841830313205719,-6.432985968954329,0.5538764372467995,0.35,8730,"{""0"": 996, ""1"": 887, ""2"": 940, ""3"": 986, ""4"": 943, ""5"": 947}",connected
5799,16,5799,0.9081825,1.758339023590088,-6.459485424566083,0.5414228507876396,0.35,8730,"{""0"": 1021, ""1"": 902, ""2"": 957, ""3"": 998, ""4"": 957, ""5"": 964}",connected
5899,16,5899,0.9065991666666666,1.7161245512962342,-6.459485424566083,0.5247082498669624,0.35,8730,"{""0"": 1034, ""1"": 918, ""2"": 971, ""3"": 1010, ""4"": 981, ""5"": 985}",connected
5999,16,5999,0.9050158333333334,1.650902898311615,-6.459485424566083,0.5101914030313491,0.35,8730,"{""0"": 1060, ""1"": 931, ""2"": 990, ""3"": 1023, ""4"": 993, ""5"": 1002}",connected
6099,16,6099,0.9034325,1.7221293330192566,-6.459485424566083,0.4975873070955277,0.35,8730,"{""0"": 1071, ""1"": 949, ""2"": 1014, ""3"": 1040, ""4"": 1013, ""5"": 1012}",connected
6199,16,6199,0.9018491666666667,1.7865071511268615,-6.459485424566083,0.49824898958206176,0.35,8730,"{""0"": 1089, ""1"": 958, ""2"": 1032, ""3"": 1053, ""4"": 1029, ""5"": 1038}",connected
6299,16,6299,0.9002658333333333,1.7912025558948517,-6.459485424566083,0.5025190564990044,0.35,8730,"{""0"": 1099, ""1"": 976, ""2"": 1055, ""3"": 1074, ""4"": 1050, ""5"": 1045}",connected
6399,16,6399,0.8986825,1.7967644929885864,-6.459485424566083,0.5003480103611946,0.35,8730,"{""0"": 1115, ""1"": 988, ""2"": 1076, ""3"": 1101, ""4"": 1059, ""5"": 1060}",connected
6499,18,6499,0.8970991666666667,1.6714845728874206,-6.424455682022704,0.49766342163085936,0.35,8730,"{""0"": 1134, ""1"": 1007, ""2"": 1096, ""3"": 1108, ""4"": 1078, ""5"": 1076}",connected
6599,18,6599,0.8955158333333333,1.60913458943367,-6.424455682022704,0.4870105129480362,0.35,8730,"{""0"": 1151, ""1"": 1030, ""2"": 1110, ""3"": 1120, ""4"": 1102, ""5"": 1086}",connected
6699,18,6699,0.8939325,1.5117305505275727,-6.424455682022704,0.4823340979218483,0.35,8730,"{""0"": 1164, ""1"": 1054, ""2"": 1125, ""3"": 1134, ""4"": 1116, ""5"": 1106}",connected
6799,18,6799,0.8923491666666666,1.5270331692695618,-6.424455682022704,0.48158722549676897,0.35,8730,"{""0"": 1176, ""1"": 1069, ""2"": 1134, ""3"": 1151, ""4"": 1141, ""5"": 1128}",connected
6899,18,6899,0.8907658333333334,1.538757038116455,-6.424455682022704,0.4819134974479675,0.35,8730,"{""0"": 1191, ""1"": 1084, ""2"": 1151, ""3"": 1164, ""4"": 1166, ""5"": 1143}",connected
6999,18,6999,0.8891825,1.56034215092659,-6.424455682022704,0.47564795225858686,0.35,8730,"{""0"": 1203, ""1"": 1100, ""2"": 1172, ""3"": 1185, ""4"": 1181, ""5"": 1158}",connected
7099,18,7099,0.8875991666666667,1.6325798201560975,-6.424455682022704,0.4691482871770859,0.35,8730,"{""0"": 1217, ""1"": 1122, ""2"": 1179, ""3"": 1200, ""4"": 1203, ""5"": 1178}",connected
7199,20,7199,0.8860158333333333,1.6305683982372283,-6.400043386197649,0.46805356740951537,0.35,8730,"{""0"": 1231, ""1"": 1141, ""2"": 1198, ""3"": 1221, ""4"": 1220, ""5"": 1188}",connected
7299,20,7299,0.8844325,1.6260739320516586,-6.400043386197649,0.4705003643035889,0.35,8730,"{""0"": 1257, ""1"": 1152, ""2"": 1215, ""3"": 1232, ""4"": 1245, ""5"": 1198}",connected
7399,20,7399,0.8828491666666667,1.5753272074460982,-6.400043386197649,0.4754740923643112,0.35,8730,"{""0"": 1273, ""1"": 1176, ""2"": 1233, ""3"": 1248, ""4"": 1258, ""5"": 1211}",connected
7499,20,7499,0.8812658333333333,1.476853306889534,-6.400043386197649,0.47754191368818283,0.35,8730,"{""0"": 1289, ""1"": 1192, ""2"": 1248, ""3"": 1262, ""4"": 1277, ""5"": 1231}",connected
7599,20,7599,0.8796825,1.4166147887706757,-6.400043386197649,0.4736823695898056,0.35,8730,"{""0"": 1311, ""1"": 1207, ""2"": 1264, ""3"": 1275, ""4"": 1291, ""5"": 1251}",connected
7699,20,7699,0.8780991666666667,1.399629344344139,-6.400043386197649,0.4705012822151184,0.35,8730,"{""0"": 1329, ""1"": 1219, ""2"": 1284, ""3"": 1291, ""4"": 1306, ""5"": 1270}",connected
7799,20,7799,0.8765158333333334,1.3941986602544785,-6.400043386197649,0.47056988507509234,0.35,8730,"{""0"": 1348, ""1"": 1239, ""2"": 1304, ""3"": 1307, ""4"": 1317, ""5"": 1284}",connected
7899,22,7899,0.8749325,1.4699632412195205,-6.376445781333711,0.4685063940286636,0.35,8730,"{""0"": 1363, ""1"": 1258, ""2"": 1316, ""3"": 1320, ""4"": 1343, ""5"": 1299}",connected
7999,22,7999,0.8733491666666666,1.4813648557662964,-6.376445781333711,0.47117746084928513,0.35,8730,"{""0"": 1391, ""1"": 1265, ""2"": 1324, ""3"": 1343, ""4"": 1361, ""5"": 1315}",connected
8099,22,8099,0.8717658333333334,1.5056150984764098,-6.376445781333711,0.47013045400381087,0.35,8730,"{""0"": 1410, ""1"": 1278, ""2"": 1333, ""3"": 1358, ""4"": 1386, ""5"": 1334}",connected
8199,22,8199,0.8701825000000001,1.4846494233608245,-6.376445781333711,0.46906048476696016,0.35,8730,"{""0"": 1431, ""1"": 1291, ""2"": 1347, ""3"": 1376, ""4"": 1397, ""5"": 1357}",connected
8299,22,8299,0.8685991666666667,1.4583703100681304,-6.376445781333711,0.4695280757546425,0.35,8730,"{""0"": 1453, ""1"": 1304, ""2"": 1365, ""3"": 1396, ""4"": 1414, ""5"": 1367}",connected
8399,22,8399,0.8670158333333333,1.478608132004738,-6.376445781333711,0.46947284758090974,0.35,8730,"{""0"": 1469, ""1"": 1317, ""2"": 1384, ""3"": 1413, ""4"": 1435, ""5"": 1381}",connected
8499,22,8499,0.8654325,1.4246664464473724,-6.376445781333711,0.4641511929035187,0.35,8730,"{""0"": 1483, ""1"": 1329, ""2"": 1402, ""3"": 1435, ""4"": 1453, ""5"": 1397}",connected
8599,24,8599,0.8638491666666667,1.4079577666521073,-6.367756893858314,0.46335418701171877,0.35,8730,"{""0"": 1496, ""1"": 1348, ""2"": 1418, ""3"": 1449, ""4"": 1467, ""5"": 1421}",connected
8699,24,8699,0.8622658333333333,1.3464883625507356,-6.367756893858314,0.4624000319838524,0.35,8730,"{""0"": 1514, ""1"": 1362, ""2"": 1441, ""3"": 1461, ""4"": 1478, ""5"": 1443}",connected
8799,24,8799,0.8606825,1.3136483711004256,-6.367756893858314,0.460957205593586,0.35,8730,"{""0"": 1528, ""1"": 1384, ""2"": 1452, ""3"": 1484, ""4"": 1493, ""5"": 1458}",connected
8899,24,8899,0.8590991666666666,1.2646567791700363,-6.367756893858314,0.45955121457576753,0.35,8730,"{""0"": 1543, ""1"": 1393, ""2"": 1469, ""3"": 1495, ""4"": 1511, ""5"": 1488}",connected
8999,24,8999,0.8575158333333334,1.268064723610878,-6.367756893858314,0.46573763132095336,0.35,8730,"{""0"": 1552, ""1"": 1411, ""2"": 1480, ""3"": 1523, ""4"": 1530, ""5"": 1503}",connected
9099,24,9099,0.8559325,1.3407817673683167,-6.367756893858314,0.46544329077005386,0.35,8730,"{""0"": 1564, ""1"": 1425, ""2"": 1506, ""3"": 1540, ""4"": 1547, ""5"": 1517}",connected
9199,24,9199,0.8543491666666667,1.3407067811489106,-6.367756893858314,0.46927289068698885,0.35,8730,"{""0"": 1583, ""1"": 1439, ""2"": 1519, ""3"": 1562, ""4"": 1564, ""5"": 1532}",connected
9299,26,9299,0.8527658333333333,1.4143966442346574,-6.363315279523913,0.47962748527526855,0.35,8730,"{""0"": 1594, ""1"": 1457, ""2"": 1528, ""3"": 1583, ""4"": 1583, ""5"": 1554}",connected
9399,26,9399,0.8511825,1.4036496967077254,-6.363315279523913,0.4732051032781601,0.35,8730,"{""0"": 1608, ""1"": 1473, ""2"": 1550, ""3"": 1595, ""4"": 1604, ""5"": 1569}",connected
9499,26,9499,0.8495991666666667,1.3546889251470566,-6.363315279523913,0.48125679105520247,0.35,8730,"{""0"": 1628, ""1"": 1488, ""2"": 1569, ""3"": 1603, ""4"": 1622, ""5"": 1589}",connected
9599,26,9599,0.8480158333333333,1.3028870314359664,-6.363315279523913,0.47549524396657944,0.35,8730,"{""0"": 1650, ""1"": 1506, ""2"": 1584, ""3"": 1618, ""4"": 1641, ""5"": 1600}",connected
9699,26,9699,0.8464325,1.260925483107567,-6.363315279523913,0.47699333310127257,0.35,8730,"{""0"": 1661, ""1"": 1527, ""2"": 1603, ""3"": 1639, ""4"": 1658, ""5"": 1611}",connected
9799,26,9799,0.8448491666666667,1.256505598425865,-6.363315279523913,0.4798732662200928,0.35,8730,"{""0"": 1680, ""1"": 1539, ""2"": 1621, ""3"": 1657, ""4"": 1677, ""5"": 1625}",connected
9899,26,9899,0.8432658333333334,1.2380070996284485,-6.363315279523913,0.46983405768871306,0.35,8730,"{""0"": 1693, ""1"": 1562, ""2"": 1644, ""3"": 1673, ""4"": 1688, ""5"": 1639}",connected
9999,26,9999,0.8416825,1.256219300031662,-6.363315279523913,0.4735178679227829,0.35,8730,"{""0"": 1706, ""1"": 1584, ""2"": 1667, ""3"": 1692, ""4"": 1698, ""5"": 1652}",connected
10099,28,10099,0.8400991666666666,1.2858329331874847,-6.3591910399263725,0.46857060223817826,0.35,8730,"{""0"": 1723, ""1"": 1601, ""2"": 1680, ""3"": 1710, ""4"": 1719, ""5"": 1666}",connected
10199,28,10199,0.8385158333333333,1.3048075503110885,-6.3591910399263725,0.4685019955039024,0.35,8730,"{""0"": 1737, ""1"": 1614, ""2"": 1703, ""3"": 1723, ""4"": 1738, ""5"": 1684}",connected
10299,28,10299,0.8369325000000001,1.3490876215696335,-6.3591910399263725,0.473888227045536,0.35,8730,"{""0"": 1745, ""1"": 1634, ""2"": 1721, ""3"": 1751, ""4"": 1750, ""5"": 1698}",connected
10399,28,10399,0.8353491666666667,1.3492826509475708,-6.3591910399263725,0.47051367461681365,0.35,8730,"{""0"": 1764, ""1"": 1640, ""2"": 1735, ""3"": 1766, ""4"": 1777, ""5"": 1717}",connected
10499,28,10499,0.8337658333333333,1.3004094171524048,-6.3591910399263725,0.4708550247550011,0.35,8730,"{""0"": 1781, ""1"": 1659, ""2"": 1754, ""3"": 1784, ""4"": 1787, ""5"": 1734}",connected
10599,28,10599,0.8321825,1.275229036808014,-6.3591910399263725,0.4744961467385292,0.35,8730,"{""0"": 1807, ""1"": 1671, ""2"": 1776, ""3"": 1807, ""4"": 1792, ""5"": 1746}",connected
10699,28,10699,0.8305991666666667,1.2186880934238433,-6.3591910399263725,0.47336611479520796,0.35,8730,"{""0"": 1823, ""1"": 1685, ""2"": 1789, ""3"": 1830, ""4"": 1812, ""5"": 1760}",connected
10799,30,10799,0.8290158333333333,1.202427008152008,-6.363466035046925,0.4792204454541206,0.35,8730,"{""0"": 1844, ""1"": 1706, ""2"": 1805, ""3"": 1841, ""4"": 1828, ""5"": 1775}",connected
10899,30,10899,0.8274325,1.1973831832408905,-6.363466035046925,0.48413597255945207,0.35,8730,"{""0"": 1855, ""1"": 1731, ""2"": 1820, ""3"": 1854, ""4"": 1849, ""5"": 1790}",connected
10999,30,10999,0.8258491666666667,1.1760056018829346,-6.363466035046925,0.47901917606592176,0.35,8730,"{""0"": 1867, ""1"": 1743, ""2"": 1837, ""3"": 1882, ""4"": 1867, ""5"": 1803}",connected
11099,30,11099,0.8242658333333334,1.2716853100061416,-6.363466035046925,0.4838296082615852,0.35,8730,"{""0"": 1887, ""1"": 1767, ""2"": 1848, ""3"": 1905, ""4"": 1876, ""5"": 1816}",connected
11199,30,11199,0.8226825,1.3236330032348633,-6.363466035046925,0.4835336446762085,0.35,8730,"{""0"": 1905, ""1"": 1787, ""2"": 1861, ""3"": 1920, ""4"": 1895, ""5"": 1831}",connected
11299,30,11299,0.8210991666666667,1.3762390726804734,-6.363466035046925,0.47698587775230405,0.35,8730,"{""0"": 1913, ""1"": 1806, ""2"": 1874, ""3"": 1935, ""4"": 1924, ""5"": 1847}",connected
11399,30,11399,0.8195158333333333,1.4743836683034897,-6.363466035046925,0.4810474923253059,0.35,8730,"{""0"": 1922, ""1"": 1823, ""2"": 1905, ""3"": 1948, ""4"": 1939, ""5"": 1862}",connected
11499,32,11499,0.8179325000000001,1.3909529805183412,-6.417567897238769,0.47853612422943115,0.35,8730,"{""0"": 1943, ""1"": 1836, ""2"": 1920, ""3"": 1969, ""4"": 1951, ""5"": 1880}",connected
11599,32,11599,0.8163491666666667,1.3736030739545821,-6.417567897238769,0.47363434195518495,0.35,8730,"{""0"": 1964, ""1"": 1848, ""2"": 1939, ""3"": 1982, ""4"": 1965, ""5"": 1901}",connected
11699,32,11699,0.8147658333333333,1.285984710454941,-6.417567897238769,0.47437624603509904,0.35,8730,"{""0"": 1987, ""1"": 1861, ""2"": 1957, ""3"": 1999, ""4"": 1974, ""5"": 1921}",connected
11799,32,11799,0.8131825,1.2168345934152602,-6.417567897238769,0.47169247150421145,0.35,8730,"{""0"": 2015, ""1"": 1881, ""2"": 1962, ""3"": 2007, ""4"": 1990, ""5"": 1944}",connected
11899,32,11899,0.8115991666666666,1.2503160566091538,-6.417567897238769,0.46928094536066056,0.35,8730,"{""0"": 2034, ""1"": 1899, ""2"": 1976, ""3"": 2027, ""4"": 2010, ""5"": 1953}",connected
11999,32,11999,0.8100158333333334,1.259980029463768,-6.417567897238769,0.46984583735466,0.35,8730,"{""0"": 2047, ""1"": 1920, ""2"": 1995, ""3"": 2040, ""4"": 2026, ""5"": 1971}",connected
12099,32,12099,0.8084325,1.446590811610222,-6.417567897238769,0.4778599742054939,0.35,8730,"{""0"": 2060, ""1"": 1935, ""2"": 2016, ""3"": 2054, ""4"": 2046, ""5"": 1988}",connected
12199,34,12199,0.8068491666666666,1.5211459708213806,-6.423983769436531,0.4809081995487213,0.35,8730,"{""0"": 2075, ""1"": 1956, ""2"": 2028, ""3"": 2066, ""4"": 2064, ""5"": 2010}",connected
12299,34,12299,0.8052658333333333,1.568174803853035,-6.423983769436531,0.48523107945919036,0.35,8730,"{""0"": 2090, ""1"": 1974, ""2"": 2049, ""3"": 2081, ""4"": 2079, ""5"": 2026}",connected
12399,34,12399,0.8036825000000001,1.6232683801651,-6.423983769436531,0.4872636589407921,0.35,8730,"{""0"": 2108, ""1"": 1994, ""2"": 2059, ""3"": 2104, ""4"": 2094, ""5"": 2040}",connected
12499,34,12499,0.8020991666666667,1.54391375541687,-6.423983769436531,0.477695494890213,0.35,8730,"{""0"": 2122, ""1"": 2006, ""2"": 2081, ""3"": 2125, ""4"": 2108, ""5"": 2057}",connected
12599,34,12599,0.8005158333333333,1.5072366464138032,-6.423983769436531,0.47530062913894655,0.35,8730,"{""0"": 2141, ""1"": 2015, ""2"": 2099, ""3"": 2141, ""4"": 2128, ""5"": 2075}",connected
12699,34,12699,0.7989325,1.4254406344890596,-6.423983769436531,0.4710401782393456,0.35,8730,"{""0"": 2156, ""1"": 2031, ""2"": 2113, ""3"": 2156, ""4"": 2149, ""5"": 2094}",connected
12799,34,12799,0.7973491666666667,1.4467452895641326,-6.423983769436531,0.4744484439492226,0.35,8730,"{""0"": 2166, ""1"": 2046, ""2"": 2123, ""3"": 2179, ""4"": 2169, ""5"": 2116}",connected
12899,36,12899,0.7957658333333333,1.4080364251136779,-6.467605063032049,0.47814381718635557,0.35,8730,"{""0"": 2183, ""1"": 2066, ""2"": 2131, ""3"": 2189, ""4"": 2204, ""5"": 2126}",connected
12999,36,12999,0.7941825,1.38289575278759,-6.467605063032049,0.4801638051867485,0.35,8730,"{""0"": 2208, ""1"": 2083, ""2"": 2140, ""3"": 2201, ""4"": 2227, ""5"": 2140}",connected
13099,36,13099,0.7925991666666667,1.4673173636198045,-6.467605063032049,0.48073180437088014,0.35,8730,"{""0"": 2227, ""1"": 2091, ""2"": 2159, ""3"": 2221, ""4"": 2245, ""5"": 2156}",connected
13199,36,13199,0.7910158333333334,1.393254035115242,-6.467605063032049,0.48133830934762956,0.35,8730,"{""0"": 2236, ""1"": 2107, ""2"": 2179, ""3"": 2244, ""4"": 2257, ""5"": 2176}",connected
13299,36,13299,0.7894325,1.3918305051326751,-6.467605063032049,0.4789391025900841,0.35,8730,"{""0"": 2250, ""1"": 2123, ""2"": 2200, ""3"": 2264, ""4"": 2272, ""5"": 2190}",connected
13399,36,13399,0.7878491666666667,1.3893032824993135,-6.467605063032049,0.47850827932357787,0.35,8730,"{""0"": 2269, ""1"": 2138, ""2"": 2221, ""3"": 2277, ""4"": 2297, ""5"": 2197}",connected
13499,36,13499,0.7862658333333333,1.3150464540719986,-6.467605063032049,0.48138983130455015,0.35,8730,"{""0"": 2279, ""1"": 2164, ""2"": 2232, ""3"": 2293, ""4"": 2314, ""5"": 2217}",connected
13599,38,13599,0.7846825000000001,1.300281327366829,-6.474979963508974,0.477152586877346,0.35,8730,"{""0"": 2294, ""1"": 2175, ""2"": 2251, ""3"": 2316, ""4"": 2328, ""5"": 2235}",connected
13699,38,13699,0.7830991666666667,1.314654180407524,-6.474979963508974,0.4735952565073967,0.35,8730,"{""0"": 2317, ""1"": 2192, ""2"": 2264, ""3"": 2345, ""4"": 2338, ""5"": 2243}",connected
13799,38,13799,0.7815158333333333,1.336921715736389,-6.474979963508974,0.4763945803046227,0.35,8730,"{""0"": 2345, ""1"": 2210, ""2"": 2270, ""3"": 2361, ""4"": 2355, ""5"": 2258}",connected
13899,38,13899,0.7799325,1.3742628192901611,-6.474979963508974,0.4776705923676491,0.35,8730,"{""0"": 2357, ""1"": 2221, ""2"": 2292, ""3"": 2383, ""4"": 2372, ""5"": 2274}",connected
13999,38,13999,0.7783491666666666,1.4037511295080185,-6.474979963508974,0.4758067211508751,0.35,8730,"{""0"": 2381, ""1"": 2240, ""2"": 2303, ""3"": 2397, ""4"": 2385, ""5"": 2293}",connected
14099,38,14099,0.7767658333333334,1.4244971936941146,-6.474979963508974,0.48254548817873,0.35,8730,"{""0"": 2397, ""1"": 2267, ""2"": 2320, ""3"": 2409, ""4"": 2404, ""5"": 2302}",connected
14199,38,14199,0.7751825,1.4663824051618577,-6.474979963508974,0.4794235011935234,0.35,8730,"{""0"": 2411, ""1"": 2281, ""2"": 2337, ""3"": 2422, ""4"": 2423, ""5"": 2325}",connected
14299,38,14299,0.7735991666666666,1.5167093527317048,-6.474979963508974,0.4787127286195755,0.35,8730,"{""0"": 2444, ""1"": 2293, ""2"": 2351, ""3"": 2443, ""4"": 2433, ""5"": 2335}",connected
14399,40,14399,0.7720158333333333,1.5346419829130173,-6.461956971441396,0.4785996147990227,0.35,8730,"{""0"": 2462, ""1"": 2306, ""2"": 2368, ""3"": 2465, ""4"": 2449, ""5"": 2349}",connected
14499,40,14499,0.7704325000000001,1.475536323785782,-6.461956971441396,0.4722350060939789,0.35,8730,"{""0"": 2482, ""1"": 2322, ""2"": 2400, ""3"": 2477, ""4"": 2457, ""5"": 2361}",connected
14599,40,14599,0.7688491666666667,1.4014848363399506,-6.461956971441396,0.47192628055810926,0.35,8730,"{""0"": 2497, ""1"": 2336, ""2"": 2415, ""3"": 2489, ""4"": 2479, ""5"": 2383}",connected
14699,40,14699,0.7672658333333333,1.3172788655757903,-6.461956971441396,0.4668050667643547,0.35,8730,"{""0"": 2520, ""1"": 2349, ""2"": 2427, ""3"": 2503, ""4"": 2506, ""5"": 2394}",connected
14799,40,14799,0.7656825,1.241839644908905,-6.461956971441396,0.4687440228462219,0.35,8730,"{""0"": 2538, ""1"": 2365, ""2"": 2438, ""3"": 2534, ""4"": 2511, ""5"": 2413}",connected
14899,40,14899,0.7640991666666667,1.205604115128517,-6.461956971441396,0.4736310461163521,0.35,8730,"{""0"": 2553, ""1"": 2374, ""2"": 2454, ""3"": 2554, ""4"": 2533, ""5"": 2431}",connected
14999,40,14999,0.7625158333333333,1.1875060886144637,-6.461956971441396,0.47110722452402115,0.35,8730,"{""0"": 2576, ""1"": 2393, ""2"": 2474, ""3"": 2565, ""4"": 2545, ""5"": 2446}",connected
15099,42,15099,0.7609325,1.2533335334062576,-6.459877413930371,0.4758568438887596,0.35,8730,"{""0"": 2600, ""1"": 2406, ""2"": 2486, ""3"": 2579, ""4"": 2565, ""5"": 2463}",connected
15199,42,15199,0.7593491666666666,1.3236389631032943,-6.459877413930371,0.4774119758605957,0.35,8730,"{""0"": 2619, ""1"": 2417, ""2"": 2503, ""3"": 2594, ""4"": 2584, ""5"": 2482}",connected
15299,42,15299,0.7577658333333334,1.3498910254240035,-6.459877413930371,0.4709530144929886,0.35,8730,"{""0"": 2626, ""1"": 2437, ""2"": 2525, ""3"": 2611, ""4"": 2597, ""5"": 2503}",connected
15399,42,15399,0.7561825,1.3908675837516784,-6.459877413930371,0.47287135541439057,0.35,8730,"{""0"": 2639, ""1"": 2455, ""2"": 2544, ""3"": 2627, ""4"": 2608, ""5"": 2526}",connected
15499,42,15499,0.7545991666666667,1.2983724278211595,-6.459877413930371,0.4701242858171463,0.35,8730,"{""0"": 2650, ""1"": 2471, ""2"": 2560, ""3"": 2649, ""4"": 2623, ""5"": 2546}",connected
15599,42,15599,0.7530158333333333,1.2731558698415757,-6.459877413930371,0.46801498502492905,0.35,8730,"{""0"": 2672, ""1"": 2483, ""2"": 2578, ""3"": 2666, ""4"": 2640, ""5"": 2560}",connected
15699,42,15699,0.7514325000000001,1.2604017925262452,-6.459877413930371,0.47147340804338456,0.35,8730,"{""0"": 2693, ""1"": 2508, ""2"": 2601, ""3"": 2676, ""4"": 2649, ""5"": 2572}",connected
15799,44,15799,0.7498491666666667,1.2340960830450058,-6.459000877147033,0.47103642851114275,0.35,8730,"{""0"": 2711, ""1"": 2528, ""2"": 2612, ""3"": 2694, ""4"": 2668, ""5"": 2586}",connected
15899,44,15899,0.7482658333333334,1.2480114108324052,-6.459000877147033,0.4728876057267189,0.35,8730,"{""0"": 2731, ""1"": 2542, ""2"": 2627, ""3"": 2708, ""4"": 2688, ""5"": 2603}",connected
15999,44,15999,0.7466825,1.231285747885704,-6.459000877147033,0.47648083806037905,0.35,8730,"{""0"": 2764, ""1"": 2554, ""2"": 2643, ""3"": 2717, ""4"": 2701, ""5"": 2620}",connected
16099,44,16099,0.7450991666666666,1.3162070053815842,-6.459000877147033,0.48326021611690523,0.35,8730,"{""0"": 2776, ""1"": 2570, ""2"": 2661, ""3"": 2728, ""4"": 2708, ""5"": 2656}",connected
16199,44,16199,0.7435158333333334,1.3298544466495514,-6.459000877147033,0.4827715054154396,0.35,8730,"{""0"": 2802, ""1"": 2579, ""2"": 2674, ""3"": 2740, ""4"": 2725, ""5"": 2679}",connected
16299,44,16299,0.7419325,1.318419194817543,-6.459000877147033,0.48516221761703493,0.35,8730,"{""0"": 2817, ""1"": 2597, ""2"": 2693, ""3"": 2753, ""4"": 2742, ""5"": 2697}",connected
16399,44,16399,0.7403491666666666,1.3137969928979873,-6.459000877147033,0.48787816941738127,0.35,8730,"{""0"": 2826, ""1"": 2615, ""2"": 2711, ""3"": 2771, ""4"": 2755, ""5"": 2721}",connected
16499,46,16499,0.7387658333333333,1.1837451714277267,-6.491215800441315,0.48330586552619936,0.35,8730,"{""0"": 2851, ""1"": 2629, ""2"": 2726, ""3"": 2786, ""4"": 2771, ""5"": 2736}",connected
16599,46,16599,0.7371825000000001,1.132750864624977,-6.491215800441315,0.4856154632568359,0.35,8730,"{""0"": 2868, ""1"": 2641, ""2"": 2736, ""3"": 2800, ""4"": 2805, ""5"": 2749}",connected
16699,46,16699,0.7355991666666667,1.1820873981714248,-6.491215800441315,0.4814211839437485,0.35,8730,"{""0"": 2884, ""1"": 2658, ""2"": 2749, ""3"": 2813, ""4"": 2828, ""5"": 2767}",connected
16799,46,16799,0.7340158333333333,1.1654224121570587,-6.491215800441315,0.48228899598121644,0.35,8730,"{""0"": 2917, ""1"": 2670, ""2"": 2764, ""3"": 2825, ""4"": 2837, ""5"": 2786}",connected
16899,46,16899,0.7324325,1.1838964384794235,-6.491215800441315,0.48141576290130617,0.35,8730,"{""0"": 2945, ""1"": 2683, ""2"": 2776, ""3"": 2834, ""4"": 2865, ""5"": 2796}",connected
16999,46,16999,0.7308491666666667,1.192861008644104,-6.491215800441315,0.4797985142469406,0.35,8730,"{""0"": 2980, ""1"": 2694, ""2"": 2797, ""3"": 2842, ""4"": 2879, ""5"": 2807}",connected
17099,46,17099,0.7292658333333334,1.274218932390213,-6.491215800441315,0.4792268240451813,0.35,8730,"{""0"": 2997, ""1"": 2703, ""2"": 2816, ""3"": 2864, ""4"": 2893, ""5"": 2826}",connected
17199,48,17199,0.7276825,1.2698650354146956,-6.452989425432558,0.4779394572973251,0.35,8730,"{""0"": 3024, ""1"": 2707, ""2"": 2830, ""3"": 2892, ""4"": 2906, ""5"": 2840}",connected
17299,48,17299,0.7260991666666667,1.3081722730398178,-6.452989425432558,0.4839103192090988,0.35,8730,"{""0"": 3043, ""1"": 2723, ""2"": 2843, ""3"": 2912, ""4"": 2928, ""5"": 2850}",connected
17399,48,17399,0.7245158333333334,1.2902895790338516,-6.452989425432558,0.4822502601146698,0.35,8730,"{""0"": 3056, ""1"": 2750, ""2"": 2855, ""3"": 2920, ""4"": 2952, ""5"": 2866}",connected
17499,48,17499,0.7229325,1.1627010947465897,-6.452989425432558,0.483723404109478,0.35,8730,"{""0"": 3075, ""1"": 2765, ""2"": 2865, ""3"": 2934, ""4"": 2967, ""5"": 2893}",connected
17599,48,17599,0.7213491666666667,1.1605251932144165,-6.452989425432558,0.4807549664378166,0.35,8730,"{""0"": 3088, ""1"": 2790, ""2"": 2875, ""3"": 2941, ""4"": 2988, ""5"": 2917}",connected
17699,48,17699,0.7197658333333334,1.1264607691764832,-6.452989425432558,0.4810734176635742,0.35,8730,"{""0"": 3099, ""1"": 2809, ""2"": 2892, ""3"": 2949, ""4"": 2997, ""5"": 2953}",connected
17799,48,17799,0.7181825,1.1544756376743317,-6.452989425432558,0.4875120878219604,0.35,8730,"{""0"": 3131, ""1"": 2825, ""2"": 2903, ""3"": 2952, ""4"": 3012, ""5"": 2976}",connected
17899,50,17899,0.7165991666666667,1.1020259016752243,-6.468360621742904,0.4908741155266762,0.35,8730,"{""0"": 3163, ""1"": 2836, ""2"": 2915, ""3"": 2966, ""4"": 3022, ""5"": 2997}",connected
17999,50,17999,0.7150158333333334,1.0913390171527864,-6.468360621742904,0.49094686627388,0.35,8730,"{""0"": 3183, ""1"": 2842, ""2"": 2932, ""3"": 2982, ""4"": 3048, ""5"": 3012}",connected
18099,50,18099,0.7134325,1.176423591375351,-6.468360621742904,0.48714148610830305,0.35,8730,"{""0"": 3200, ""1"": 2854, ""2"": 2949, ""3"": 2990, ""4"": 3084, ""5"": 3022}",connected
18199,50,18199,0.7118491666666666,1.1865611654520034,-6.468360621742904,0.4838055357336998,0.35,8730,"{""0"": 3215, ""1"": 2872, ""2"": 2966, ""3"": 3009, ""4"": 3111, ""5"": 3026}",connected
18299,50,18299,0.7102658333333334,1.2206002742052078,-6.468360621742904,0.4811753961443901,0.35,8730,"{""0"": 3226, ""1"": 2883, ""2"": 2990, ""3"": 3030, ""4"": 3129, ""5"": 3041}",connected
18399,50,18399,0.7086825000000001,1.212637654542923,-6.468360621742904,0.48468432247638704,0.35,8730,"{""0"": 3240, ""1"": 2904, ""2"": 3003, ""3"": 3047, ""4"": 3147, ""5"": 3058}",connected
18499,50,18499,0.7070991666666666,1.133627856373787,-6.468360621742904,0.48924451261758806,0.35,8730,"{""0"": 3246, ""1"": 2922, ""2"": 3014, ""3"": 3071, ""4"": 3168, ""5"": 3078}",connected
18599,50,18599,0.7055158333333333,1.0873325949907302,-6.468360621742904,0.4900361007452011,0.35,8730,"{""0"": 3261, ""1"": 2948, ""2"": 3031, ""3"": 3083, ""4"": 3184, ""5"": 3092}",connected
18699,52,18699,0.7039325000000001,1.0667799758911132,-6.489436375836913,0.4913609656691551,0.35,8730,"{""0"": 3286, ""1"": 2961, ""2"": 3051, ""3"": 3093, ""4"": 3201, ""5"": 3107}",connected
18799,52,18799,0.7023491666666666,1.057797133922577,-6.489436375836913,0.4863629886507988,0.35,8730,"{""0"": 3298, ""1"": 2981, ""2"": 3071, ""3"": 3103, ""4"": 3228, ""5"": 3118}",connected
18899,52,18899,0.7007658333333333,1.0094886660575866,-6.489436375836913,0.47997827678918836,0.35,8730,"{""0"": 3314, ""1"": 2998, ""2"": 3096, ""3"": 3116, ""4"": 3237, ""5"": 3138}",connected
18999,52,18999,0.6991825,1.0398423498868943,-6.489436375836913,0.4794793090224266,0.35,8730,"{""0"": 3336, ""1"": 3007, ""2"": 3113, ""3"": 3128, ""4"": 3258, ""5"": 3157}",connected
19099,52,19099,0.6975991666666667,1.1223615270853042,-6.489436375836913,0.47862355202436446,0.35,8730,"{""0"": 3352, ""1"": 3020, ""2"": 3124, ""3"": 3141, ""4"": 3278, ""5"": 3184}",connected
19199,52,19199,0.6960158333333333,1.1848398625850678,-6.489436375836913,0.480216064453125,0.35,8730,"{""0"": 3365, ""1"": 3044, ""2"": 3146, ""3"": 3153, ""4"": 3297, ""5"": 3194}",connected
19299,52,19299,0.6944325,1.2466391324996948,-6.489436375836913,0.484101243019104,0.35,8730,"{""0"": 3374, ""1"": 3059, ""2"": 3165, ""3"": 3177, ""4"": 3312, ""5"": 3212}",connected
19399,54,19399,0.6928491666666667,1.2542716461420058,-6.506470125832561,0.4876067319512367,0.35,8730,"{""0"": 3406, ""1"": 3078, ""2"": 3172, ""3"": 3187, ""4"": 3334, ""5"": 3222}",connected
19499,54,19499,0.6912658333333334,1.162050605416298,-6.506470125832561,0.49155306547880173,0.35,8730,"{""0"": 3427, ""1"": 3086, ""2"": 3203, ""3"": 3203, ""4"": 3347, ""5"": 3233}",connected
19599,54,19599,0.6896825,1.1073056757450104,-6.506470125832561,0.49427379757165907,0.35,8730,"{""0"": 3448, ""1"": 3103, ""2"": 3224, ""3"": 3218, ""4"": 3359, ""5"": 3247}",connected
19699,54,19699,0.6880991666666667,1.0537686610221864,-6.506470125832561,0.4902493742108345,0.35,8730,"{""0"": 3473, ""1"": 3112, ""2"": 3235, ""3"": 3229, ""4"": 3381, ""5"": 3269}",connected
19799,54,19799,0.6865158333333333,1.0177004545927049,-6.506470125832561,0.49119112998247144,0.35,8730,"{""0"": 3478, ""1"": 3134, ""2"": 3253, ""3"": 3246, ""4"": 3404, ""5"": 3284}",connected
19899,54,19899,0.6849324999999999,1.014070982336998,-6.506470125832561,0.4881925675272942,0.35,8730,"{""0"": 3495, ""1"": 3149, ""2"": 3268, ""3"": 3262, ""4"": 3426, ""5"": 3299}",connected
19999,54,19999,0.6833491666666667,0.9889801841974258,-6.506470125832561,0.48765415787696836,0.35,8730,"{""0"": 3503, ""1"": 3178, ""2"": 3283, ""3"": 3286, ""4"": 3442, ""5"": 3307}",connected
20099,56,20000,0.6817658333333334,1.0880953395366668,-6.505244803606599,0.4915265244245529,0.35,8730,"{""0"": 3517, ""1"": 3201, ""2"": 3290, ""3"": 3296, ""4"": 3457, ""5"": 3338}",connected
20199,56,20000,0.6801825,1.1242534309625625,-6.505244803606599,0.49190876752138135,0.35,8730,"{""0"": 3537, ""1"": 3226, ""2"": 3303, ""3"": 3307, ""4"": 3475, ""5"": 3351}",connected
20299,56,20000,0.6785991666666666,1.1507442158460617,-6.505244803606599,0.4898017865419388,0.35,8730,"{""0"": 3552, ""1"": 3237, ""2"": 3328, ""3"": 3324, ""4"": 3500, ""5"": 3358}",connected
20399,56,20000,0.6770158333333334,1.1670716154575347,-6.505244803606599,0.48717577576637267,0.35,8730,"{""0"": 3566, ""1"": 3254, ""2"": 3343, ""3"": 3340, ""4"": 3518, ""5"": 3378}",connected
20499,56,20000,0.6754325,1.0878805613517761,-6.505244803606599,0.48699914902448654,0.35,8730,"{""0"": 3576, ""1"": 3263, ""2"": 3365, ""3"": 3356, ""4"": 3552, ""5"": 3387}",connected
20599,56,20000,0.6738491666666666,1.0469422215223312,-6.505244803606599,0.48620668053627014,0.35,8730,"{""0"": 3590, ""1"": 3275, ""2"": 3386, ""3"": 3385, ""4"": 3569, ""5"": 3394}",connected
20699,56,20000,0.6722658333333333,1.020325592160225,-6.505244803606599,0.49404734164476394,0.35,8730,"{""0"": 3602, ""1"": 3294, ""2"": 3400, ""3"": 3400, ""4"": 3591, ""5"": 3412}",connected
20799,58,20000,0.6706825000000001,1.0046082949638366,-6.409700683213706,0.4978121268749237,0.35,8730,"{""0"": 3622, ""1"": 3307, ""2"": 3418, ""3"": 3408, ""4"": 3609, ""5"": 3435}",connected
20899,58,20000,0.6690991666666667,0.9807725930213929,-6.409700683213706,0.5003098821640015,0.35,8730,"{""0"": 3634, ""1"": 3326, ""2"": 3438, ""3"": 3422, ""4"": 3632, ""5"": 3447}",connected
20999,58,20000,0.6675158333333333,0.979740629196167,-6.409700683213706,0.4976944229006767,0.35,8730,"{""0"": 3650, ""1"": 3352, ""2"": 3453, ""3"": 3435, ""4"": 3649, ""5"": 3460}",connected
21099,58,20000,0.6659325,1.049938461780548,-6.409700683213706,0.49442979007959365,0.35,8730,"{""0"": 3666, ""1"": 3362, ""2"": 3469, ""3"": 3451, ""4"": 3671, ""5"": 3480}",connected
21199,58,20000,0.6643491666666667,1.075743600130081,-6.409700683213706,0.4922762516140938,0.35,8730,"{""0"": 3672, ""1"": 3380, ""2"": 3484, ""3"": 3476, ""4"": 3691, ""5"": 3496}",connected
21299,58,20000,0.6627658333333334,1.121918330192566,-6.409700683213706,0.4911497187614441,0.35,8730,"{""0"": 3687, ""1"": 3413, ""2"": 3493, ""3"": 3487, ""4"": 3712, ""5"": 3507}",connected
21399,58,20000,0.6611825,1.1184875565767287,-6.409700683213706,0.4938993000984192,0.35,8730,"{""0"": 3699, ""1"": 3425, ""2"": 3505, ""3"": 3507, ""4"": 3737, ""5"": 3526}",connected
21499,60,20000,0.6595991666666667,1.096279439330101,-6.428025555463197,0.49366558104753494,0.35,8730,"{""0"": 3725, ""1"": 3437, ""2"": 3529, ""3"": 3522, ""4"": 3754, ""5"": 3532}",connected
21599,60,20000,0.6580158333333334,1.058213648200035,-6.428025555463197,0.49633233189582826,0.35,8730,"{""0"": 3743, ""1"": 3459, ""2"": 3540, ""3"": 3531, ""4"": 3782, ""5"": 3544}",connected
21699,60,20000,0.6564325,1.0323299676179887,-6.428025555463197,0.4942958906292915,0.35,8730,"{""0"": 3768, ""1"": 3476, ""2"": 3550, ""3"": 3545, ""4"": 3804, ""5"": 3556}",connected
21799,60,20000,0.6548491666666667,1.0462919622659683,-6.428025555463197,0.4932938891649246,0.35,8730,"{""0"": 3785, ""1"": 3489, ""2"": 3572, ""3"": 3558, ""4"": 3826, ""5"": 3569}",connected
21899,60,20000,0.6532658333333334,0.9684677612781525,-6.428025555463197,0.49319700330495836,0.35,8730,"{""0"": 3793, ""1"": 3507, ""2"": 3589, ""3"": 3576, ""4"": 3852, ""5"": 3582}",connected
21999,60,20000,0.6516825,1.0014928740262985,-6.428025555463197,0.496466244161129,0.35,8730,"{""0"": 3808, ""1"": 3526, ""2"": 3606, ""3"": 3587, ""4"": 3876, ""5"": 3596}",connected
22099,60,20000,0.6500991666666667,1.0966210800409317,-6.428025555463197,0.5024456229805946,0.35,8730,"{""0"": 3838, ""1"": 3540, ""2"": 3621, ""3"": 3595, ""4"": 3898, ""5"": 3607}",connected
22199,62,20000,0.6485158333333334,1.1637045848369598,-6.38253443246527,0.5034889963269233,0.35,8730,"{""0"": 3853, ""1"": 3558, ""2"": 3644, ""3"": 3617, ""4"": 3913, ""5"": 3614}",connected
22299,62,20000,0.6469325,1.2352023470401763,-6.38253443246527,0.5019027459621429,0.35,8730,"{""0"": 3866, ""1"": 3576, ""2"": 3655, ""3"": 3633, ""4"": 3936, ""5"": 3633}",connected
22399,62,20000,0.6453491666666666,1.2500102770328523,-6.38253443246527,0.4985965678095818,0.35,8730,"{""0"": 3875, ""1"": 3590, ""2"": 3669, ""3"": 3645, ""4"": 3975, ""5"": 3645}",connected
22499,62,20000,0.6437658333333334,1.215373428463936,-6.38253443246527,0.49247595816850664,0.35,8730,"{""0"": 3891, ""1"": 3612, ""2"": 3689, ""3"": 3657, ""4"": 3995, ""5"": 3655}",connected
22599,62,20000,0.6421825000000001,1.131467605829239,-6.38253443246527,0.49086569875478747,0.35,8730,"{""0"": 3901, ""1"": 3639, ""2"": 3698, ""3"": 3680, ""4"": 4011, ""5"": 3670}",connected
22699,62,20000,0.6405991666666666,1.106097491979599,-6.38253443246527,0.49318097829818724,0.35,8730,"{""0"": 3916, ""1"": 3656, ""2"": 3719, ""3"": 3692, ""4"": 4033, ""5"": 3683}",connected
22799,62,20000,0.6390158333333333,1.1018112009763719,-6.38253443246527,0.4914658552408218,0.35,8730,"{""0"": 3927, ""1"": 3679, ""2"": 3740, ""3"": 3707, ""4"": 4047, ""5"": 3699}",connected
22899,64,20000,0.6374325000000001,1.0517897969484329,-6.399383204814512,0.49401395320892333,0.35,8730,"{""0"": 3940, ""1"": 3697, ""2"": 3746, ""3"": 3735, ""4"": 4071, ""5"": 3710}",connected
22999,64,20000,0.6358491666666666,1.0457544380426407,-6.399383204814512,0.4959233745932579,0.35,8730,"{""0"": 3957, ""1"": 3711, ""2"": 3759, ""3"": 3750, ""4"": 4098, ""5"": 3724}",connected
23099,64,20000,0.6342658333333333,1.111270664334297,-6.399383204814512,0.49280034720897675,0.35,8730,"{""0"": 3968, ""1"": 3719, ""2"": 3779, ""3"": 3758, ""4"": 4127, ""5"": 3748}",connected
23199,64,20000,0.6326825,1.1056517958641052,-6.399383204814512,0.49668847054243087,0.35,8730,"{""0"": 3990, ""1"": 3728, ""2"": 3790, ""3"": 3774, ""4"": 4157, ""5"": 3760}",connected
23299,64,20000,0.6310991666666668,1.0742402076721191,-6.399383204814512,0.4998537504673004,0.35,8730,"{""0"": 4007, ""1"": 3742, ""2"": 3808, ""3"": 3796, ""4"": 4174, ""5"": 3772}",connected
23399,64,20000,0.6295158333333333,1.0973568493127823,-6.399383204814512,0.4983054888248444,0.35,8730,"{""0"": 4025, ""1"": 3766, ""2"": 3817, ""3"": 3812, ""4"": 4194, ""5"": 3785}",connected
23499,64,20000,0.6279325,0.9966129672527313,-6.399383204814512,0.49865061044692993,0.35,8730,"{""0"": 4043, ""1"": 3790, ""2"": 3833, ""3"": 3824, ""4"": 4212, ""5"": 3797}",connected
23599,66,20000,0.6263491666666667,0.9832783448696136,-6.402097424710959,0.49580323696136475,0.35,8730,"{""0"": 4056, ""1"": 3817, ""2"": 3847, ""3"": 3843, ""4"": 4232, ""5"": 3804}",connected
23699,66,20000,0.6247658333333334,1.0207916969060897,-6.402097424710959,0.4903868356347084,0.35,8730,"{""0"": 4079, ""1"": 3828, ""2"": 3866, ""3"": 3852, ""4"": 4258, ""5"": 3816}",connected
23799,66,20000,0.6231825,0.9910827916860581,-6.402097424710959,0.4927221718430519,0.35,8730,"{""0"": 4091, ""1"": 3846, ""2"": 3879, ""3"": 3866, ""4"": 4281, ""5"": 3836}",connected
23899,66,20000,0.6215991666666667,1.0217391645908356,-6.402097424710959,0.4969670483469963,0.35,8730,"{""0"": 4114, ""1"": 3866, ""2"": 3896, ""3"": 3884, ""4"": 4293, ""5"": 3846}",connected
23999,66,20000,0.6200158333333333,1.0264057272672653,-6.402097424710959,0.49891768008470533,0.35,8730,"{""0"": 4128, ""1"": 3885, ""2"": 3905, ""3"": 3905, ""4"": 4319, ""5"": 3857}",connected
24099,66,20000,0.6184324999999999,1.05531245470047,-6.402097424710959,0.4990035715699196,0.35,8730,"{""0"": 4139, ""1"": 3916, ""2"": 3927, ""3"": 3917, ""4"": 4332, ""5"": 3868}",connected
24199,66,20000,0.6168491666666667,1.0953971636295319,-6.402097424710959,0.49871804684400556,0.35,8730,"{""0"": 4146, ""1"": 3942, ""2"": 3940, ""3"": 3936, ""4"": 4356, ""5"": 3879}",connected
24299,66,20000,0.6152658333333334,1.1105673295259475,-6.402097424710959,0.494710493683815,0.35,8730,"{""0"": 4162, ""1"": 3960, ""2"": 3958, ""3"": 3954, ""4"": 4365, ""5"": 3900}",connected
24399,68,20000,0.6136825,1.1158087599277495,-6.434217528351034,0.4922796723246574,0.35,8730,"{""0"": 4171, ""1"": 3976, ""2"": 3975, ""3"": 3963, ""4"": 4389, ""5"": 3925}",connected
24499,68,20000,0.6120991666666666,1.022782541513443,-6.434217528351034,0.4918428847193718,0.35,8730,"{""0"": 4183, ""1"": 3993, ""2"": 3994, ""3"": 3982, ""4"": 4410, ""5"": 3937}",connected
24599,68,20000,0.6105158333333334,0.9892976397275924,-6.434217528351034,0.48598801225423816,0.35,8730,"{""0"": 4206, ""1"": 4009, ""2"": 4003, ""3"": 3996, ""4"": 4430, ""5"": 3955}",connected
24699,68,20000,0.6089325,0.9691550761461258,-6.434217528351034,0.48769656747579576,0.35,8730,"{""0"": 4233, ""1"": 4032, ""2"": 4016, ""3"": 4006, ""4"": 4452, ""5"": 3960}",connected
24799,68,20000,0.6073491666666666,0.9636058396100998,-6.434217528351034,0.487396767437458,0.35,8730,"{""0"": 4248, ""1"": 4059, ""2"": 4032, ""3"": 4014, ""4"": 4476, ""5"": 3970}",connected
24899,68,20000,0.6057658333333333,1.0011312061548232,-6.434217528351034,0.49091469079256056,0.35,8730,"{""0"": 4271, ""1"": 4075, ""2"": 4050, ""3"": 4033, ""4"": 4492, ""5"": 3978}",connected
24999,68,20000,0.6041825000000001,1.020601625442505,-6.434217528351034,0.49295707553625107,0.35,8730,"{""0"": 4286, ""1"": 4091, ""2"": 4067, ""3"": 4057, ""4"": 4511, ""5"": 3987}",connected
25099,70,20000,0.6025991666666667,1.0710718834400177,-6.421955806376147,0.49635416209697725,0.35,8730,"{""0"": 4312, ""1"": 4112, ""2"": 4088, ""3"": 4061, ""4"": 4532, ""5"": 3994}",connected
25199,70,20000,0.6010158333333333,1.0617479145526887,-6.421955806376147,0.500328142940998,0.35,8730,"{""0"": 4332, ""1"": 4134, ""2"": 4097, ""3"": 4074, ""4"": 4554, ""5"": 4008}",connected
25299,70,20000,0.5994325,1.0448828023672103,-6.421955806376147,0.49457126498222354,0.35,8730,"{""0"": 4351, ""1"": 4153, ""2"": 4108, ""3"": 4091, ""4"": 4571, ""5"": 4025}",connected
25399,70,20000,0.5978491666666667,1.0320922243595123,-6.421955806376147,0.4936304733157158,0.35,8730,"{""0"": 4377, ""1"": 4165, ""2"": 4129, ""3"": 4101, ""4"": 4594, ""5"": 4033}",connected
25499,70,20000,0.5962658333333334,0.9442202514410019,-6.421955806376147,0.4911342045664787,0.35,8730,"{""0"": 4406, ""1"": 4175, ""2"": 4138, ""3"": 4117, ""4"": 4618, ""5"": 4045}",connected
25599,70,20000,0.5946825,0.9088723123073578,-6.421955806376147,0.48366146385669706,0.35,8730,"{""0"": 4420, ""1"": 4190, ""2"": 4150, ""3"": 4130, ""4"": 4639, ""5"": 4070}",connected
25699,70,20000,0.5930991666666667,0.9189167362451554,-6.421955806376147,0.4883375427126884,0.35,8730,"{""0"": 4440, ""1"": 4211, ""2"": 4164, ""3"": 4142, ""4"": 4664, ""5"": 4078}",connected
25799,72,20000,0.5915158333333334,0.9142513239383697,-6.40516162661758,0.4928083372116089,0.35,8730,"{""0"": 4456, ""1"": 4224, ""2"": 4185, ""3"": 4165, ""4"": 4685, ""5"": 4084}",connected
25899,72,20000,0.5899325,0.9245929795503617,-6.40516162661758,0.4862365400791168,0.35,8730,"{""0"": 4469, ""1"": 4239, ""2"": 4202, ""3"": 4187, ""4"": 4703, ""5"": 4099}",connected
25999,72,20000,0.5883491666666667,0.9441153275966644,-6.40516162661758,0.49051289916038515,0.35,8730,"{""0"": 4490, ""1"": 4260, ""2"": 4213, ""3"": 4208, ""4"": 4721, ""5"": 4107}",connected
26099,72,20000,0.5867658333333334,1.080051336288452,-6.40516162661758,0.4890702405571938,0.35,8730,"{""0"": 4502, ""1"": 4280, ""2"": 4233, ""3"": 4231, ""4"": 4734, ""5"": 4119}",connected
26199,72,20000,0.5851825,1.1205389505624772,-6.40516162661758,0.4841641214489937,0.35,8730,"{""0"": 4516, ""1"": 4296, ""2"": 4249, ""3"": 4241, ""4"": 4765, ""5"": 4132}",connected
26299,72,20000,0.5835991666666667,1.1289334630966186,-6.40516162661758,0.49079237788915636,0.35,8730,"{""0"": 4536, ""1"": 4308, ""2"": 4255, ""3"": 4248, ""4"": 4783, ""5"": 4169}",connected
26399,72,20000,0.5820158333333334,1.1109227538108826,-6.40516162661758,0.48906467646360396,0.35,8730,"{""0"": 4547, ""1"": 4321, ""2"": 4268, ""3"": 4265, ""4"": 4807, ""5"": 4191}",connected
26499,74,20000,0.5804325,0.9542728638648987,-6.389167036584301,0.48462327778339387,0.35,8730,"{""0"": 4562, ""1"": 4340, ""2"": 4281, ""3"": 4279, ""4"": 4831, ""5"": 4206}",connected
26599,74,20000,0.5788491666666666,0.8936232006549836,-6.389167036584301,0.4866390919685364,0.35,8730,"{""0"": 4568, ""1"": 4349, ""2"": 4305, ""3"": 4294, ""4"": 4859, ""5"": 4224}",connected
26699,74,20000,0.5772658333333334,0.9012113869190216,-6.389167036584301,0.48681825459003447,0.35,8730,"{""0"": 4577, ""1"": 4379, ""2"": 4314, ""3"": 4298, ""4"": 4888, ""5"": 4243}",connected
26799,74,20000,0.5756825000000001,0.9158671861886978,-6.389167036584301,0.482933454811573,0.35,8730,"{""0"": 4586, ""1"": 4399, ""2"": 4324, ""3"": 4319, ""4"": 4912, ""5"": 4259}",connected
26899,74,20000,0.5740991666666667,0.8782445639371872,-6.389167036584301,0.4853526118397713,0.35,8730,"{""0"": 4602, ""1"": 4409, ""2"": 4347, ""3"": 4337, ""4"": 4930, ""5"": 4274}",connected
26999,74,20000,0.5725158333333333,0.8800192475318909,-6.389167036584301,0.4817671948671341,0.35,8730,"{""0"": 4622, ""1"": 4425, ""2"": 4366, ""3"": 4352, ""4"": 4955, ""5"": 4279}",connected
27099,74,20000,0.5709325000000001,0.9622365498542785,-6.389167036584301,0.48041044890880585,0.35,8730,"{""0"": 4653, ""1"": 4440, ""2"": 4382, ""3"": 4363, ""4"": 4973, ""5"": 4288}",connected
27199,76,20000,0.5693491666666667,0.968943065404892,-6.39749838092585,0.4790623289346695,0.35,8730,"{""0"": 4672, ""1"": 4457, ""2"": 4398, ""3"": 4377, ""4"": 4989, ""5"": 4306}",connected
27299,76,20000,0.5677658333333333,0.9922557383775711,-6.39749838092585,0.47695999056100846,0.35,8730,"{""0"": 4683, ""1"": 4470, ""2"": 4414, ""3"": 4390, ""4"": 5021, ""5"": 4321}",connected
27399,76,20000,0.5661825,0.997441291809082,-6.39749838092585,0.47660110354423524,0.35,8730,"{""0"": 4714, ""1"": 4491, ""2"": 4422, ""3"": 4409, ""4"": 5035, ""5"": 4328}",connected
27499,76,20000,0.5645991666666668,0.8912685471773147,-6.39749838092585,0.47168240934610367,0.35,8730,"{""0"": 4726, ""1"": 4505, ""2"": 4440, ""3"": 4424, ""4"": 5056, ""5"": 4348}",connected
27599,76,20000,0.5630158333333333,0.9473892039060593,-6.39749838092585,0.47612335205078127,0.35,8730,"{""0"": 4740, ""1"": 4540, ""2"": 4451, ""3"": 4438, ""4"": 5072, ""5"": 4358}",connected
27699,76,20000,0.5614325,0.9557398378849029,-6.39749838092585,0.47625421106815335,0.35,8730,"{""0"": 4750, ""1"": 4560, ""2"": 4460, ""3"": 4446, ""4"": 5115, ""5"": 4368}",connected
27799,76,20000,0.5598491666666667,0.9445141983032227,-6.39749838092585,0.47413716673851014,0.35,8730,"{""0"": 4771, ""1"": 4576, ""2"": 4473, ""3"": 4457, ""4"": 5131, ""5"": 4391}",connected
27899,78,20000,0.5582658333333334,0.9505591720342637,-6.413635327707594,0.4677130103111267,0.35,8730,"{""0"": 4789, ""1"": 4589, ""2"": 4495, ""3"": 4471, ""4"": 5146, ""5"": 4409}",connected
27999,78,20000,0.5566825,0.8820316594839096,-6.413635327707594,0.463116317987442,0.35,8730,"{""0"": 4805, ""1"": 4601, ""2"": 4510, ""3"": 4484, ""4"": 5180, ""5"": 4419}",connected
28099,78,20000,0.5550991666666667,0.9654337602853775,-6.413635327707594,0.46261829882860184,0.35,8730,"{""0"": 4835, ""1"": 4613, ""2"": 4533, ""3"": 4492, ""4"": 5197, ""5"": 4429}",connected
28199,78,20000,0.5535158333333334,0.9643651473522187,-6.413635327707594,0.4640616190433502,0.35,8730,"{""0"": 4869, ""1"": 4626, ""2"": 4545, ""3"": 4506, ""4"": 5206, ""5"": 4447}",connected
28299,78,20000,0.5519324999999999,0.9922753328084946,-6.413635327707594,0.4717360553145409,0.35,8730,"{""0"": 4893, ""1"": 4647, ""2"": 4559, ""3"": 4522, ""4"": 5219, ""5"": 4459}",connected
28399,78,20000,0.5503491666666667,1.0000174397230148,-6.413635327707594,0.47048949062824247,0.35,8730,"{""0"": 4911, ""1"": 4665, ""2"": 4569, ""3"": 4538, ""4"": 5241, ""5"": 4475}",connected
28499,78,20000,0.5487658333333334,0.9379182195663452,-6.413635327707594,0.4700807917118073,0.35,8730,"{""0"": 4937, ""1"": 4682, ""2"": 4581, ""3"": 4555, ""4"": 5256, ""5"": 4488}",connected
28599,78,20000,0.5471825,0.9614914166927337,-6.413635327707594,0.4716628703474999,0.35,8730,"{""0"": 4955, ""1"": 4705, ""2"": 4598, ""3"": 4566, ""4"": 5271, ""5"": 4504}",connected
28699,80,20000,0.5455991666666666,0.9186222392320633,-6.403590130602242,0.4661674728989601,0.35,8730,"{""0"": 4969, ""1"": 4715, ""2"": 4630, ""3"": 4582, ""4"": 5291, ""5"": 4512}",connected
28799,80,20000,0.5440158333333334,0.8826064389944076,-6.403590130602242,0.46805269122123716,0.35,8730,"{""0"": 5006, ""1"": 4724, ""2"": 4641, ""3"": 4592, ""4"": 5317, ""5"": 4519}",connected
28899,80,20000,0.5424325,0.8450206154584885,-6.403590130602242,0.4626030820608139,0.35,8730,"{""0"": 5030, ""1"": 4738, ""2"": 4659, ""3"": 4606, ""4"": 5339, ""5"": 4527}",connected
28999,80,20000,0.5408491666666666,0.8145700013637542,-6.403590130602242,0.46114385247230527,0.35,8730,"{""0"": 5055, ""1"": 4741, ""2"": 4691, ""3"": 4622, ""4"": 5353, ""5"": 4537}",connected
29099,80,20000,0.5392658333333333,0.9420441925525666,-6.403590130602242,0.46400839388370513,0.35,8730,"{""0"": 5082, ""1"": 4752, ""2"": 4725, ""3"": 4629, ""4"": 5369, ""5"": 4542}",connected
29199,80,20000,0.5376825000000001,0.9962681937217712,-6.403590130602242,0.4624981823563576,0.35,8730,"{""0"": 5115, ""1"": 4761, ""2"": 4759, ""3"": 4639, ""4"": 5375, ""5"": 4550}",connected
29299,80,20000,0.5360991666666667,1.0996447914838792,-6.403590130602242,0.4674800279736519,0.35,8730,"{""0"": 5141, ""1"": 4773, ""2"": 4776, ""3"": 4659, ""4"": 5383, ""5"": 4567}",connected
29399,82,20000,0.5345158333333333,1.1700212621688844,-6.408587393350899,0.46638153851032255,0.35,8730,"{""0"": 5184, ""1"": 4780, ""2"": 4795, ""3"": 4673, ""4"": 5388, ""5"": 4579}",connected
29499,82,20000,0.5329325,1.0455107349157333,-6.408587393350899,0.4677394640445709,0.35,8730,"{""0"": 5192, ""1"": 4788, ""2"": 4852, ""3"": 4679, ""4"": 5401, ""5"": 4587}",connected
29599,82,20000,0.5313491666666667,1.0113296753168106,-6.408587393350899,0.4672685831785202,0.35,8730,"{""0"": 5211, ""1"": 4790, ""2"": 4883, ""3"": 4691, ""4"": 5424, ""5"": 4600}",connected
29699,82,20000,0.5297658333333334,0.9355914342403412,-6.408587393350899,0.4686813366413116,0.35,8730,"{""0"": 5217, ""1"": 4810, ""2"": 4905, ""3"": 4698, ""4"": 5451, ""5"": 4618}",connected
29799,82,20000,0.5281825,0.8984522241353988,-6.408587393350899,0.46946236908435823,0.35,8730,"{""0"": 5236, ""1"": 4823, ""2"": 4931, ""3"": 4708, ""4"": 5461, ""5"": 4640}",connected
29899,82,20000,0.5265991666666667,0.8959554618597031,-6.408587393350899,0.46337675720453264,0.35,8730,"{""0"": 5248, ""1"": 4840, ""2"": 4960, ""3"": 4717, ""4"": 5472, ""5"": 4662}",connected
29999,82,20000,0.5250158333333333,0.8687440955638885,-6.408587393350899,0.46625514298677445,0.35,8730,"{""0"": 5259, ""1"": 4854, ""2"": 4986, ""3"": 4734, ""4"": 5486, ""5"": 4680}",connected
30099,84,20000,0.5234325,0.9479251348972321,-6.438162893877321,0.46142527550458906,0.35,8730,"{""0"": 5272, ""1"": 4872, ""2"": 5034, ""3"": 4745, ""4"": 5490, ""5"": 4686}",connected
30199,84,20000,0.5218491666666667,0.9399844980239869,-6.438162893877321,0.458997837305069,0.35,8730,"{""0"": 5277, ""1"": 4885, ""2"": 5071, ""3"": 4757, ""4"": 5518, ""5"": 4691}",connected
30299,84,20000,0.5202658333333334,0.9133187526464462,-6.438162893877321,0.4651075327396393,0.35,8730,"{""0"": 5290, ""1"": 4894, ""2"": 5119, ""3"": 4763, ""4"": 5533, ""5"": 4700}",connected
30399,84,20000,0.5186824999999999,0.9311671304702759,-6.438162893877321,0.46512325048446657,0.35,8730,"{""0"": 5296, ""1"": 4905, ""2"": 5159, ""3"": 4772, ""4"": 5551, ""5"": 4716}",connected
30499,84,20000,0.5170991666666667,0.8171517717838287,-6.438162893877321,0.46792624741792677,0.35,8730,"{""0"": 5318, ""1"": 4910, ""2"": 5203, ""3"": 4784, ""4"": 5565, ""5"": 4719}",connected
30599,84,20000,0.5155158333333334,0.7907499808073044,-6.438162893877321,0.4711239603161812,0.35,8730,"{""0"": 5325, ""1"": 4923, ""2"": 5250, ""3"": 4794, ""4"": 5576, ""5"": 4731}",connected
30699,84,20000,0.5139324999999999,0.825708869099617,-6.438162893877321,0.4712090510129929,0.35,8730,"{""0"": 5339, ""1"": 4931, ""2"": 5294, ""3"": 4803, ""4"": 5597, ""5"": 4735}",connected
30799,84,20000,0.5123491666666666,0.7925717636942864,-6.438162893877321,0.4734361246228218,0.35,8730,"{""0"": 5352, ""1"": 4937, ""2"": 5318, ""3"": 4815, ""4"": 5625, ""5"": 4752}",connected
30899,86,20000,0.5107658333333334,0.820034464597702,-6.486529362236345,0.4711805060505867,0.35,8730,"{""0"": 5378, ""1"": 4944, ""2"": 5354, ""3"": 4827, ""4"": 5630, ""5"": 4766}",connected
30999,86,20000,0.5091825,0.8214928710460663,-6.486529362236345,0.47271719634532927,0.35,8730,"{""0"": 5381, ""1"": 4952, ""2"": 5403, ""3"": 4838, ""4"": 5654, ""5"": 4771}",connected
31099,86,20000,0.5075991666666667,0.8558853542804719,-6.486529362236345,0.4763939592242241,0.35,8730,"{""0"": 5389, ""1"": 4970, ""2"": 5416, ""3"": 4850, ""4"": 5673, ""5"": 4801}",connected
31199,86,20000,0.5060158333333333,0.9347797384858132,-6.486529362236345,0.4736621132493019,0.35,8730,"{""0"": 5394, ""1"": 4976, ""2"": 5427, ""3"": 4866, ""4"": 5702, ""5"": 4834}",connected
31299,86,20000,0.5044325000000001,0.9236961811780929,-6.486529362236345,0.47598575592041015,0.35,8730,"{""0"": 5416, ""1"": 4984, ""2"": 5442, ""3"": 4903, ""4"": 5710, ""5"": 4844}",connected
31399,86,20000,0.5028491666666667,0.9285792237520218,-6.486529362236345,0.4692858943343163,0.35,8730,"{""0"": 5427, ""1"": 4998, ""2"": 5454, ""3"": 4934, ""4"": 5726, ""5"": 4860}",connected
31499,86,20000,0.5012658333333333,0.8709233218431472,-6.486529362236345,0.46424617677927016,0.35,8730,"{""0"": 5440, ""1"": 5006, ""2"": 5465, ""3"": 4950, ""4"": 5742, ""5"": 4896}",connected
31599,88,20000,0.49968250000000003,0.8585899162292481,-6.506322456031657,0.4646883392333984,0.35,8730,"{""0"": 5455, ""1"": 5014, ""2"": 5502, ""3"": 4961, ""4"": 5756, ""5"": 4911}",connected
31699,88,20000,0.49809916666666665,0.8527018934488296,-6.506322456031657,0.46567759066820147,0.35,8730,"{""0"": 5477, ""1"": 5023, ""2"": 5532, ""3"": 4970, ""4"": 5780, ""5"": 4917}",connected
31799,88,20000,0.4965158333333334,0.8023974400758743,-6.506322456031657,0.4730541270971298,0.35,8730,"{""0"": 5492, ""1"": 5041, ""2"": 5542, ""3"": 4977, ""4"": 5797, ""5"": 4950}",connected
31899,88,20000,0.4949325000000001,0.824774615764618,-6.506322456031657,0.4731442502140999,0.35,8730,"{""0"": 5508, ""1"": 5057, ""2"": 5553, ""3"": 4984, ""4"": 5831, ""5"": 4966}",connected
31999,88,20000,0.4933491666666667,0.7759514889121055,-6.506322456031657,0.4751468938589096,0.35,8730,"{""0"": 5516, ""1"": 5073, ""2"": 5568, ""3"": 4993, ""4"": 5870, ""5"": 4979}",connected
32099,88,20000,0.49176583333333335,0.7890959450602532,-6.506322456031657,0.476888370513916,0.35,8730,"{""0"": 5524, ""1"": 5099, ""2"": 5578, ""3"": 5002, ""4"": 5908, ""5"": 4988}",connected
32199,88,20000,0.4901825000000001,0.7970711776614189,-6.506322456031657,0.4814430198073387,0.35,8730,"{""0"": 5529, ""1"": 5120, ""2"": 5600, ""3"": 5022, ""4"": 5932, ""5"": 4996}",connected
32299,88,20000,0.4885991666666667,0.8011505684256554,-6.506322456031657,0.4874048075079918,0.35,8730,"{""0"": 5534, ""1"": 5137, ""2"": 5614, ""3"": 5045, ""4"": 5962, ""5"": 5007}",connected
32399,88,20000,0.4870158333333333,0.8050061669945717,-6.506322456031657,0.48792259752750394,0.35,8730,"{""0"": 5541, ""1"": 5162, ""2"": 5630, ""3"": 5057, ""4"": 5992, ""5"": 5017}",connected
32499,88,20000,0.48543250000000004,0.7595557305216789,-6.506322456031657,0.4888787013292313,0.35,8730,"{""0"": 5548, ""1"": 5174, ""2"": 5653, ""3"": 5066, ""4"": 6035, ""5"": 5023}",connected
32599,90,20000,0.48384916666666666,0.7641163954138755,-6.614638856638016,0.48341204166412355,0.35,8730,"{""0"": 5557, ""1"": 5188, ""2"": 5685, ""3"": 5071, ""4"": 6061, ""5"": 5037}",connected
32699,90,20000,0.4822658333333333,0.745678491294384,-6.614638856638016,0.4767496994137764,0.35,8730,"{""0"": 5564, ""1"": 5206, ""2"": 5728, ""3"": 5081, ""4"": 6072, ""5"": 5048}",connected
32799,90,20000,0.4806825,0.7509555959701538,-6.614638856638016,0.47634233653545377,0.35,8730,"{""0"": 5573, ""1"": 5215, ""2"": 5781, ""3"": 5091, ""4"": 6087, ""5"": 5052}",connected
32899,90,20000,0.47909916666666663,0.7856493353843689,-6.614638856638016,0.47400380551815036,0.35,8730,"{""0"": 5584, ""1"": 5228, ""2"": 5831, ""3"": 5095, ""4"": 6098, ""5"": 5063}",connected
32999,90,20000,0.47751583333333336,0.8220436337590218,-6.614638856638016,0.47209627985954283,0.35,8730,"{""0"": 5620, ""1"": 5233, ""2"": 5856, ""3"": 5098, ""4"": 6123, ""5"": 5069}",connected
33099,90,20000,0.4759325000000001,0.8773288622498512,-6.614638856638016,0.47322177827358247,0.35,8730,"{""0"": 5650, ""1"": 5243, ""2"": 5870, ""3"": 5108, ""4"": 6153, ""5"": 5075}",connected
33199,90,20000,0.4743491666666667,0.8731925144791604,-6.614638856638016,0.4711088898777962,0.35,8730,"{""0"": 5677, ""1"": 5250, ""2"": 5881, ""3"": 5120, ""4"": 6193, ""5"": 5078}",connected
33299,92,20000,0.47276583333333333,0.8511259096860886,-6.627435199268486,0.47253338068723677,0.35,8730,"{""0"": 5701, ""1"": 5255, ""2"": 5915, ""3"": 5130, ""4"": 6216, ""5"": 5082}",connected
33399,92,20000,0.47118250000000006,0.8293426284193992,-6.627435199268486,0.4695141077041626,0.35,8730,"{""0"": 5706, ""1"": 5285, ""2"": 5924, ""3"": 5137, ""4"": 6247, ""5"": 5100}",connected
33499,92,20000,0.4695991666666667,0.7957118263840676,-6.627435199268486,0.4703667661547661,0.35,8730,"{""0"": 5714, ""1"": 5302, ""2"": 5936, ""3"": 5160, ""4"": 6276, ""5"": 5111}",connected
33599,92,20000,0.4680158333333333,0.7947341164946556,-6.627435199268486,0.4735357302427292,0.35,8730,"{""0"": 5725, ""1"": 5326, ""2"": 5950, ""3"": 5180, ""4"": 6304, ""5"": 5114}",connected
33699,92,20000,0.4664325,0.7975942140817642,-6.627435199268486,0.4721959361433983,0.35,8730,"{""0"": 5737, ""1"": 5349, ""2"": 5957, ""3"": 5195, ""4"": 6337, ""5"": 5124}",connected
33799,92,20000,0.46484916666666665,0.7772628819942474,-6.627435199268486,0.47707687109708785,0.35,8730,"{""0"": 5744, ""1"": 5369, ""2"": 5970, ""3"": 5221, ""4"": 6367, ""5"": 5128}",connected
33899,92,20000,0.4632658333333334,0.7498632001876832,-6.627435199268486,0.4754838302731514,0.35,8730,"{""0"": 5759, ""1"": 5397, ""2"": 5990, ""3"": 5239, ""4"": 6379, ""5"": 5135}",connected
33999,94,20000,0.4616825,0.7609294092655182,-6.668868066108924,0.47431872397661207,0.35,8730,"{""0"": 5776, ""1"": 5403, ""2"": 5999, ""3"": 5244, ""4"": 6432, ""5"": 5145}",connected
34099,94,20000,0.4600991666666666,0.8298600846529007,-6.668868066108924,0.4732623925805092,0.35,8730,"{""0"": 5787, ""1"": 5421, ""2"": 6015, ""3"": 5252, ""4"": 6459, ""5"": 5165}",connected
34199,94,20000,0.45851583333333346,0.889930784702301,-6.668868066108924,0.4717855727672577,0.35,8730,"{""0"": 5795, ""1"": 5435, ""2"": 6019, ""3"": 5262, ""4"": 6484, ""5"": 5204}",connected
34299,94,20000,0.4569325000000001,0.888703311085701,-6.668868066108924,0.4752891567349434,0.35,8730,"{""0"": 5802, ""1"": 5444, ""2"": 6036, ""3"": 5286, ""4"": 6512, ""5"": 5219}",connected
34399,94,20000,0.4553491666666667,0.914758785367012,-6.668868066108924,0.4691971164941788,0.35,8730,"{""0"": 5808, ""1"": 5461, ""2"": 6050, ""3"": 5306, ""4"": 6540, ""5"": 5234}",connected
34499,94,20000,0.4537658333333334,0.8808149749040604,-6.668868066108924,0.4724821180105209,0.35,8730,"{""0"": 5816, ""1"": 5473, ""2"": 6073, ""3"": 5319, ""4"": 6578, ""5"": 5240}",connected
34599,96,20000,0.45218250000000004,0.8461579692363739,-6.608708678012287,0.47598022848367694,0.35,8730,"{""0"": 5820, ""1"": 5488, ""2"": 6100, ""3"": 5344, ""4"": 6600, ""5"": 5247}",connected
34699,96,20000,0.45059916666666666,0.8489365255832673,-6.608708678012287,0.4753997734189033,0.35,8730,"{""0"": 5831, ""1"": 5503, ""2"": 6117, ""3"": 5349, ""4"": 6625, ""5"": 5274}",connected
34799,96,20000,0.4490158333333334,0.8244303524494171,-6.608708678012287,0.47957429438829424,0.35,8730,"{""0"": 5850, ""1"": 5512, ""2"": 6133, ""3"": 5353, ""4"": 6637, ""5"": 5314}",connected
34899,96,20000,0.4474325,0.8099821710586548,-6.608708678012287,0.47584859013557435,0.35,8730,"{""0"": 5875, ""1"": 5518, ""2"": 6142, ""3"": 5362, ""4"": 6660, ""5"": 5342}",connected
34999,96,20000,0.44584916666666663,0.8169336670637131,-6.608708678012287,0.47091893672943114,0.35,8730,"{""0"": 5886, ""1"": 5528, ""2"": 6174, ""3"": 5374, ""4"": 6669, ""5"": 5368}",connected
35099,96,20000,0.44426583333333336,0.8500803810358047,-6.608708678012287,0.47167556673288347,0.35,8730,"{""0"": 5898, ""1"": 5537, ""2"": 6186, ""3"": 5381, ""4"": 6700, ""5"": 5397}",connected
35199,96,20000,0.4426825,0.8380209019780159,-6.608708678012287,0.48180247604846954,0.35,8730,"{""0"": 5910, ""1"": 5549, ""2"": 6194, ""3"": 5389, ""4"": 6738, ""5"": 5419}",connected
35299,98,20000,0.4410991666666666,0.842392409145832,-6.588104379757745,0.4875206014513969,0.35,8730,"{""0"": 5930, ""1"": 5559, ""2"": 6210, ""3"": 5397, ""4"": 6780, ""5"": 5423}",connected
35399,98,20000,0.43951583333333344,0.83364705234766,-6.588104379757745,0.49433798760175707,0.35,8730,"{""0"": 5943, ""1"": 5566, ""2"": 6253, ""3"": 5403, ""4"": 6802, ""5"": 5432}",connected
35499,98,20000,0.43793250000000006,0.7983356085419655,-6.588104379757745,0.49341069519519803,0.35,8730,"{""0"": 5950, ""1"": 5571, ""2"": 6293, ""3"": 5408, ""4"": 6834, ""5"": 5443}",connected
35599,98,20000,0.4363491666666667,0.8210777115821838,-6.588104379757745,0.48769628673791887,0.35,8730,"{""0"": 5960, ""1"": 5594, ""2"": 6317, ""3"": 5412, ""4"": 6856, ""5"": 5460}",connected
35699,98,20000,0.4347658333333334,0.809583175778389,-6.588104379757745,0.48679481506347655,0.35,8730,"{""0"": 5972, ""1"": 5624, ""2"": 6340, ""3"": 5428, ""4"": 6870, ""5"": 5465}",connected
35799,98,20000,0.4331825,0.8086731806397438,-6.588104379757745,0.48575585544109345,0.35,8730,"{""0"": 5979, ""1"": 5676, ""2"": 6352, ""3"": 5429, ""4"": 6894, ""5"": 5469}",connected
35899,98,20000,0.43159916666666664,0.8458988156914711,-6.588104379757745,0.48602160602808,0.35,8730,"{""0"": 5989, ""1"": 5695, ""2"": 6367, ""3"": 5447, ""4"": 6923, ""5"": 5478}",connected
35999,100,20000,0.4300158333333334,0.8104776486754417,-6.607923025321216,0.47880109399557114,0.35,8730,"{""0"": 5997, ""1"": 5720, ""2"": 6387, ""3"": 5460, ""4"": 6954, ""5"": 5481}",connected
36099,100,20000,0.4284325,0.8790296033024788,-6.607923025321216,0.4796633616089821,0.35,8730,"{""0"": 6006, ""1"": 5727, ""2"": 6429, ""3"": 5471, ""4"": 6977, ""5"": 5489}",connected
36199,100,20000,0.4268491666666667,0.9398469656705857,-6.607923025321216,0.48072981923818586,0.35,8730,"{""0"": 6022, ""1"": 5732, ""2"": 6468, ""3"": 5481, ""4"": 7003, ""5"": 5493}",connected
36299,100,20000,0.42526583333333334,0.9227631902694702,-6.607923025321216,0.48370357155799865,0.35,8730,"{""0"": 6027, ""1"": 5734, ""2"": 6527, ""3"": 5485, ""4"": 7024, ""5"": 5502}",connected
36399,100,20000,0.42368249999999996,0.95734165340662,-6.607923025321216,0.4873323446512222,0.35,8730,"{""0"": 6039, ""1"": 5747, ""2"": 6556, ""3"": 5494, ""4"": 7049, ""5"": 5514}",connected
36499,100,20000,0.4220991666666667,0.8727015155553818,-6.607923025321216,0.4827699309587479,0.35,8730,"{""0"": 6050, ""1"": 5778, ""2"": 6566, ""3"": 5509, ""4"": 7073, ""5"": 5523}",connected
36599,100,20000,0.4205158333333334,0.8282801786065102,-6.607923025321216,0.47970944464206694,0.35,8730,"{""0"": 6060, ""1"": 5808, ""2"": 6580, ""3"": 5516, ""4"": 7093, ""5"": 5542}",connected
36699,102,20000,0.41893250000000004,0.8476745951175689,-6.6404651074996215,0.4754642283916473,0.35,8730,"{""0"": 6070, ""1"": 5821, ""2"": 6592, ""3"": 5540, ""4"": 7127, ""5"": 5549}",connected
36799,102,20000,0.41734916666666677,0.8652487581968308,-6.6404651074996215,0.4740115052461624,0.35,8730,"{""0"": 6087, ""1"": 5828, ""2"": 6625, ""3"": 5548, ""4"": 7153, ""5"": 5558}",connected
36899,102,20000,0.4157658333333334,0.9214262145757676,-6.6404651074996215,0.47514078199863435,0.35,8730,"{""0"": 6114, ""1"": 5830, ""2"": 6657, ""3"": 5560, ""4"": 7166, ""5"": 5572}",connected
36999,102,20000,0.4141825,0.8875642904639244,-6.6404651074996215,0.4720435944199562,0.35,8730,"{""0"": 6135, ""1"": 5848, ""2"": 6678, ""3"": 5566, ""4"": 7181, ""5"": 5591}",connected
37099,102,20000,0.41259916666666674,0.8767819258570672,-6.6404651074996215,0.46787070482969284,0.35,8730,"{""0"": 6167, ""1"": 5862, ""2"": 6693, ""3"": 5575, ""4"": 7189, ""5"": 5613}",connected
37199,102,20000,0.41101583333333336,0.8840357375144958,-6.6404651074996215,0.47207114458084104,0.35,8730,"{""0"": 6195, ""1"": 5889, ""2"": 6698, ""3"": 5582, ""4"": 7197, ""5"": 5638}",connected
37299,104,20000,0.4094325,0.8899340483546258,-6.62733276437968,0.47293837189674376,0.35,8730,"{""0"": 6216, ""1"": 5892, ""2"": 6728, ""3"": 5588, ""4"": 7218, ""5"": 5657}",connected
37399,104,20000,0.4078491666666667,0.9646390196681023,-6.62733276437968,0.4727478900551796,0.35,8730,"{""0"": 6242, ""1"": 5904, ""2"": 6734, ""3"": 5606, ""4"": 7241, ""5"": 5672}",connected
37499,104,20000,0.4062658333333333,0.9480058270692825,-6.62733276437968,0.47644409984350206,0.35,8730,"{""0"": 6290, ""1"": 5911, ""2"": 6749, ""3"": 5612, ""4"": 7256, ""5"": 5681}",connected
37599,104,20000,0.40468249999999995,0.9341505700349808,-6.62733276437968,0.46995700895786285,0.35,8730,"{""0"": 6293, ""1"": 5928, ""2"": 6761, ""3"": 5630, ""4"": 7289, ""5"": 5698}",connected
37699,104,20000,0.4030991666666667,0.9116726833581924,-6.62733276437968,0.4698948431015015,0.35,8730,"{""0"": 6301, ""1"": 5942, ""2"": 6775, ""3"": 5646, ""4"": 7325, ""5"": 5710}",connected
37799,104,20000,0.4015158333333334,0.8637946653366089,-6.62733276437968,0.4733527538180351,0.35,8730,"{""0"": 6310, ""1"": 5960, ""2"": 6786, ""3"": 5670, ""4"": 7350, ""5"": 5723}",connected
37899,104,20000,0.3999325,0.8645878556370735,-6.62733276437968,0.4761482098698616,0.35,8730,"{""0"": 6319, ""1"": 5984, ""2"": 6799, ""3"": 5681, ""4"": 7390, ""5"": 5726}",connected
37999,106,20000,0.39834916666666675,0.8395351734757424,-6.65992802476976,0.478929637670517,0.35,8730,"{""0"": 6325, ""1"": 5995, ""2"": 6826, ""3"": 5698, ""4"": 7414, ""5"": 5741}",connected
38099,106,20000,0.3967658333333334,0.8998443546891213,-6.65992802476976,0.476954685151577,0.35,8730,"{""0"": 6334, ""1"": 6003, ""2"": 6865, ""3"": 5707, ""4"": 7427, ""5"": 5763}",connected
38199,106,20000,0.3951825,0.92005789488554,-6.65992802476976,0.4770380315184593,0.35,8730,"{""0"": 6381, ""1"": 6005, ""2"": 6875, ""3"": 5712, ""4"": 7429, ""5"": 5797}",connected
38299,106,20000,0.3935991666666667,0.9107275801897049,-6.65992802476976,0.4733473101258278,0.35,8730,"{""0"": 6398, ""1"": 6020, ""2"": 6882, ""3"": 5725, ""4"": 7451, ""5"": 5823}",connected
38399,108,20000,0.39201583333333334,0.9039703077077865,-6.5729094692878425,0.46839313238859176,0.35,8730,"{""0"": 6403, ""1"": 6029, ""2"": 6922, ""3"": 5739, ""4"": 7473, ""5"": 5833}",connected
38499,108,20000,0.39043249999999996,0.8157157537341118,-6.5729094692878425,0.47108070105314254,0.35,8730,"{""0"": 6414, ""1"": 6033, ""2"": 6956, ""3"": 5745, ""4"": 7499, ""5"": 5852}",connected
38599,108,20000,0.3888491666666667,0.7652229455113411,-6.5729094692878425,0.4674000746011734,0.35,8730,"{""0"": 6427, ""1"": 6035, ""2"": 6987, ""3"": 5751, ""4"": 7528, ""5"": 5871}",connected
38699,108,20000,0.3872658333333333,0.7759860935807228,-6.5729094692878425,0.4648043030500412,0.35,8730,"{""0"": 6435, ""1"": 6040, ""2"": 7019, ""3"": 5757, ""4"": 7554, ""5"": 5894}",connected
38799,108,20000,0.38568250000000004,0.799640579521656,-6.5729094692878425,0.4643688613176346,0.35,8730,"{""0"": 6438, ""1"": 6043, ""2"": 7063, ""3"": 5766, ""4"": 7585, ""5"": 5904}",connected
38899,108,20000,0.38409916666666666,0.816310858130455,-6.5729094692878425,0.45999158442020416,0.35,8730,"{""0"": 6450, ""1"": 6053, ""2"": 7102, ""3"": 5774, ""4"": 7603, ""5"": 5917}",connected
38999,108,20000,0.3825158333333334,0.855133151113987,-6.5729094692878425,0.45804943293333056,0.35,8730,"{""0"": 6497, ""1"": 6064, ""2"": 7114, ""3"": 5774, ""4"": 7620, ""5"": 5930}",connected
39099,110,20000,0.3809325000000001,0.9401414993405343,-6.594580003423617,0.46199108272790906,0.35,8730,"{""0"": 6517, ""1"": 6077, ""2"": 7125, ""3"": 5790, ""4"": 7651, ""5"": 5939}",connected
39199,110,20000,0.37934916666666674,0.9571866977214813,-6.594580003423617,0.4670029354095459,0.35,8730,"{""0"": 6530, ""1"": 6081, ""2"": 7156, ""3"": 5796, ""4"": 7689, ""5"": 5947}",connected
39299,110,20000,0.37776583333333336,0.9360443648695945,-6.594580003423617,0.47001545786857607,0.35,8730,"{""0"": 6547, ""1"": 6084, ""2"": 7197, ""3"": 5807, ""4"": 7708, ""5"": 5956}",connected
39399,110,20000,0.3761825000000001,0.944028979241848,-6.594580003423617,0.4671480941772461,0.35,8730,"{""0"": 6556, ""1"": 6095, ""2"": 7236, ""3"": 5810, ""4"": 7730, ""5"": 5972}",connected
39499,110,20000,0.3745991666666667,0.8613174280524254,-6.594580003423617,0.4642240023612976,0.35,8730,"{""0"": 6569, ""1"": 6098, ""2"": 7279, ""3"": 5812, ""4"": 7763, ""5"": 5978}",connected
39599,110,20000,0.3730158333333333,0.7915912610292435,-6.594580003423617,0.4577238371968269,0.35,8730,"{""0"": 6579, ""1"": 6105, ""2"": 7319, ""3"": 5817, ""4"": 7790, ""5"": 5989}",connected
39699,110,20000,0.37143250000000005,0.7763533970713615,-6.594580003423617,0.4536603131890297,0.35,8730,"{""0"": 6593, ""1"": 6108, ""2"": 7361, ""3"": 5829, ""4"": 7812, ""5"": 5996}",connected
39799,112,20000,0.3698491666666667,0.7508934861421586,-6.62810393129941,0.4569273188710213,0.35,8730,"{""0"": 6611, ""1"": 6117, ""2"": 7394, ""3"": 5839, ""4"": 7838, ""5"": 6000}",connected
39899,112,20000,0.3682658333333333,0.7101377576589585,-6.62810393129941,0.45604576021432874,0.35,8730,"{""0"": 6623, ""1"": 6118, ""2"": 7428, ""3"": 5844, ""4"": 7869, ""5"": 6017}",connected
39999,112,20000,0.3666825,0.6964569172263145,-6.62810393129941,0.4596008417010307,0.35,8730,"{""0"": 6631, ""1"": 6133, ""2"": 7450, ""3"": 5849, ""4"": 7889, ""5"": 6047}",connected
40099,112,20000,0.36509916666666664,0.7779044029116631,-6.62810393129941,0.4568334874510765,0.35,8730,"{""0"": 6659, ""1"": 6138, ""2"": 7468, ""3"": 5875, ""4"": 7903, ""5"": 6056}",connected
40199,112,20000,0.36351583333333337,0.775399216413498,-6.62810393129941,0.4514718544483185,0.35,8730,"{""0"": 6678, ""1"": 6147, ""2"": 7496, ""3"": 5880, ""4"": 7926, ""5"": 6072}",connected
40299,112,20000,0.3619325000000001,0.7729935765266418,-6.62810393129941,0.45291440665721894,0.35,8730,"{""0"": 6691, ""1"": 6151, ""2"": 7528, ""3"": 5892, ""4"": 7952, ""5"": 6085}",connected
40399,112,20000,0.3603491666666667,0.815559583902359,-6.62810393129941,0.4516158589720726,0.35,8730,"{""0"": 6709, ""1"": 6152, ""2"": 7555, ""3"": 5900, ""4"": 7975, ""5"": 6108}",connected
40499,112,20000,0.35876583333333334,0.76082246363163,-6.62810393129941,0.4545489904284477,0.35,8730,"{""0"": 6759, ""1"": 6155, ""2"": 7564, ""3"": 5910, ""4"": 7983, ""5"": 6128}",connected
40599,114,20000,0.35718250000000007,0.7577683040499688,-6.677902798443101,0.45626442998647687,0.35,8730,"{""0"": 6795, ""1"": 6158, ""2"": 7583, ""3"": 5927, ""4"": 7996, ""5"": 6140}",connected
40699,114,20000,0.3555991666666667,0.7515903085470199,-6.677902798443101,0.4558282548189163,0.35,8730,"{""0"": 6822, ""1"": 6161, ""2"": 7611, ""3"": 5939, ""4"": 8021, ""5"": 6145}",connected
40799,114,20000,0.3540158333333333,0.7176809918880462,-6.677902798443101,0.45298841267824175,0.35,8730,"{""0"": 6850, ""1"": 6167, ""2"": 7639, ""3"": 5945, ""4"": 8042, ""5"": 6156}",connected
40899,114,20000,0.35243250000000004,0.6828759330511093,-6.677902798443101,0.4536786097288132,0.35,8730,"{""0"": 6863, ""1"": 6173, ""2"": 7676, ""3"": 5958, ""4"": 8065, ""5"": 6164}",connected
40999,114,20000,0.35084916666666666,0.6686870497465134,-6.677902798443101,0.45164104372262953,0.35,8730,"{""0"": 6887, ""1"": 6179, ""2"": 7706, ""3"": 5963, ""4"": 8083, ""5"": 6181}",connected
41099,114,20000,0.3492658333333333,0.7168037432432175,-6.677902798443101,0.45123429596424103,0.35,8730,"{""0"": 6917, ""1"": 6184, ""2"": 7721, ""3"": 5974, ""4"": 8109, ""5"": 6194}",connected
41199,114,20000,0.3476825,0.7188060343265533,-6.677902798443101,0.448019976913929,0.35,8730,"{""0"": 6932, ""1"": 6186, ""2"": 7746, ""3"": 5988, ""4"": 8134, ""5"": 6213}",connected
41299,116,20000,0.3460991666666666,0.7207601881027221,-6.70242461993359,0.43881196588277815,0.35,8730,"{""0"": 6951, ""1"": 6189, ""2"": 7765, ""3"": 6003, ""4"": 8165, ""5"": 6226}",connected
41399,116,20000,0.34451583333333347,0.7315455776453018,-6.70242461993359,0.4405452886223793,0.35,8730,"{""0"": 6973, ""1"": 6194, ""2"": 7788, ""3"": 6013, ""4"": 8196, ""5"": 6235}",connected
41499,116,20000,0.3429325000000001,0.6703542357683182,-6.70242461993359,0.43476325809955596,0.35,8730,"{""0"": 7013, ""1"": 6201, ""2"": 7804, ""3"": 6020, ""4"": 8213, ""5"": 6248}",connected
41599,116,20000,0.3413491666666667,0.6843810024857521,-6.70242461993359,0.43725616335868833,0.35,8730,"{""0"": 7034, ""1"": 6203, ""2"": 7820, ""3"": 6036, ""4"": 8238, ""5"": 6268}",connected
41699,116,20000,0.33976583333333343,0.690731685757637,-6.70242461993359,0.4405373302102089,0.35,8730,"{""0"": 7067, ""1"": 6210, ""2"": 7831, ""3"": 6047, ""4"": 8260, ""5"": 6284}",connected
41799,116,20000,0.33818250000000005,0.6559581598639488,-6.70242461993359,0.43858458280563356,0.35,8730,"{""0"": 7124, ""1"": 6221, ""2"": 7836, ""3"": 6054, ""4"": 8269, ""5"": 6295}",connected
41899,116,20000,0.33659916666666667,0.6666028127074242,-6.70242461993359,0.43794267773628237,0.35,8730,"{""0"": 7148, ""1"": 6225, ""2"": 7837, ""3"": 6058, ""4"": 8293, ""5"": 6338}",connected
41999,118,20000,0.3350158333333334,0.6575987350940704,-6.749190796539187,0.4356635782122612,0.35,8730,"{""0"": 7200, ""1"": 6230, ""2"": 7849, ""3"": 6062, ""4"": 8303, ""5"": 6355}",connected
42099,118,20000,0.3334325,0.6997616362571716,-6.749190796539187,0.43446358025074006,0.35,8730,"{""0"": 7217, ""1"": 6233, ""2"": 7861, ""3"": 6078, ""4"": 8332, ""5"": 6378}",connected
42199,118,20000,0.33184916666666664,0.7163983285427094,-6.749190796539187,0.4349930703639984,0.35,8730,"{""0"": 7233, ""1"": 6240, ""2"": 7881, ""3"": 6093, ""4"": 8361, ""5"": 6391}",connected
42299,118,20000,0.33026583333333337,0.7486298725008964,-6.749190796539187,0.43654214054346085,0.35,8730,"{""0"": 7269, ""1"": 6255, ""2"": 7902, ""3"": 6104, ""4"": 8371, ""5"": 6398}",connected
42399,118,20000,0.3286825,0.7407640495896339,-6.749190796539187,0.43656597316265106,0.35,8730,"{""0"": 7291, ""1"": 6291, ""2"": 7908, ""3"": 6119, ""4"": 8379, ""5"": 6411}",connected
42499,118,20000,0.3270991666666666,0.6560316425561905,-6.749190796539187,0.4361762398481369,0.35,8730,"{""0"": 7317, ""1"": 6324, ""2"": 7917, ""3"": 6130, ""4"": 8385, ""5"": 6426}",connected
42599,118,20000,0.32551583333333345,0.6555774408578873,-6.749190796539187,0.4367457440495491,0.35,8730,"{""0"": 7336, ""1"": 6360, ""2"": 7944, ""3"": 6137, ""4"": 8387, ""5"": 6435}",connected
42699,120,20000,0.32393250000000007,0.6613162189722062,-6.757940474273637,0.43896911352872847,0.35,8730,"{""0"": 7345, ""1"": 6375, ""2"": 7969, ""3"": 6144, ""4"": 8412, ""5"": 6454}",connected
42799,120,20000,0.3223491666666667,0.6748896256089211,-6.757940474273637,0.4403327676653862,0.35,8730,"{""0"": 7379, ""1"": 6391, ""2"": 7976, ""3"": 6157, ""4"": 8424, ""5"": 6472}",connected
42899,120,20000,0.3207658333333334,0.7236446788907052,-6.757940474273637,0.43648649752140045,0.35,8730,"{""0"": 7384, ""1"": 6442, ""2"": 7981, ""3"": 6168, ""4"": 8445, ""5"": 6479}",connected
42999,120,20000,0.31918250000000004,0.7213927257061005,-6.757940474273637,0.4323195281624794,0.35,8730,"{""0"": 7394, ""1"": 6468, ""2"": 7986, ""3"": 6178, ""4"": 8475, ""5"": 6498}",connected
43099,120,20000,0.31759916666666665,0.7553274956345558,-6.757940474273637,0.42842419385910036,0.35,8730,"{""0"": 7396, ""1"": 6489, ""2"": 7993, ""3"": 6182, ""4"": 8516, ""5"": 6523}",connected
43199,120,20000,0.3160158333333334,0.7797179365158081,-6.757940474273637,0.4249520987272263,0.35,8730,"{""0"": 7408, ""1"": 6512, ""2"": 8010, ""3"": 6187, ""4"": 8554, ""5"": 6528}",connected
43299,120,20000,0.3144325,0.7922847440838814,-6.757940474273637,0.4275230577588081,0.35,8730,"{""0"": 7417, ""1"": 6543, ""2"": 8028, ""3"": 6197, ""4"": 8576, ""5"": 6538}",connected
43399,122,20000,0.3128491666666666,0.802769358754158,-6.764785332074389,0.4291889959573746,0.35,8730,"{""0"": 7425, ""1"": 6571, ""2"": 8054, ""3"": 6209, ""4"": 8598, ""5"": 6542}",connected
43499,122,20000,0.31126583333333335,0.761563032567501,-6.764785332074389,0.42312727242708204,0.35,8730,"{""0"": 7435, ""1"": 6576, ""2"": 8089, ""3"": 6213, ""4"": 8626, ""5"": 6560}",connected
43599,122,20000,0.30968249999999997,0.7719940400123596,-6.764785332074389,0.4243535277247429,0.35,8730,"{""0"": 7457, ""1"": 6596, ""2"": 8098, ""3"": 6219, ""4"": 8642, ""5"": 6587}",connected
43699,122,20000,0.3080991666666667,0.7752849769592285,-6.764785332074389,0.4205488833785057,0.35,8730,"{""0"": 7481, ""1"": 6609, ""2"": 8109, ""3"": 6237, ""4"": 8656, ""5"": 6607}",connected
43799,122,20000,0.30651583333333343,0.7905302521586418,-6.764785332074389,0.41917381942272186,0.35,8730,"{""0"": 7486, ""1"": 6639, ""2"": 8118, ""3"": 6257, ""4"": 8676, ""5"": 6623}",connected
43899,122,20000,0.30493250000000005,0.7811128905415535,-6.764785332074389,0.4258044046163559,0.35,8730,"{""0"": 7501, ""1"": 6647, ""2"": 8122, ""3"": 6263, ""4"": 8704, ""5"": 6662}",connected
43999,122,20000,0.3033491666666668,0.7621597415208816,-6.764785332074389,0.4225924316048622,0.35,8730,"{""0"": 7521, ""1"": 6666, ""2"": 8138, ""3"": 6269, ""4"": 8727, ""5"": 6678}",connected
44099,124,20000,0.3017658333333334,0.7755299088358879,-6.792414638353511,0.4245854139328003,0.35,8730,"{""0"": 7528, ""1"": 6694, ""2"": 8155, ""3"": 6287, ""4"": 8749, ""5"": 6686}",connected
44199,124,20000,0.3001825,0.7848005810379982,-6.792414638353511,0.42687492549419404,0.35,8730,"{""0"": 7553, ""1"": 6725, ""2"": 8165, ""3"": 6294, ""4"": 8767, ""5"": 6695}",connected
44299,124,20000,0.29859916666666675,0.7832815715670586,-6.792414638353511,0.42281741589307786,0.35,8730,"{""0"": 7598, ""1"": 6728, ""2"": 8171, ""3"": 6322, ""4"": 8767, ""5"": 6713}",connected
44399,124,20000,0.29701583333333337,0.7586788567900657,-6.792414638353511,0.42207058787345886,0.35,8730,"{""0"": 7615, ""1"": 6739, ""2"": 8190, ""3"": 6335, ""4"": 8778, ""5"": 6742}",connected
44499,124,20000,0.2954325,0.7229101842641831,-6.792414638353511,0.4224545454978943,0.35,8730,"{""0"": 7625, ""1"": 6749, ""2"": 8206, ""3"": 6345, ""4"": 8802, ""5"": 6772}",connected
44599,124,20000,0.2938491666666667,0.6846865314245224,-6.792414638353511,0.41796705543994905,0.35,8730,"{""0"": 7648, ""1"": 6755, ""2"": 8221, ""3"": 6368, ""4"": 8817, ""5"": 6790}",connected
44699,124,20000,0.29226583333333334,0.6532526442408562,-6.792414638353511,0.41720750987529753,0.35,8730,"{""0"": 7704, ""1"": 6758, ""2"": 8231, ""3"": 6390, ""4"": 8821, ""5"": 6795}",connected
44799,125,20000,0.29068249999999995,0.6340098649263382,-6.79258574957028,0.41536506414413454,0.35,8730,"{""0"": 7717, ""1"": 6771, ""2"": 8244, ""3"": 6399, ""4"": 8838, ""5"": 6830}",connected
44899,126,20000,0.2890991666666667,0.6432054606080055,-6.762028842321597,0.4165845450758934,0.35,8730,"{""0"": 7739, ""1"": 6775, ""2"": 8265, ""3"": 6413, ""4"": 8864, ""5"": 6843}",connected
44999,126,20000,0.2875158333333334,0.6327839270234108,-6.762028842321597,0.41669837236404417,0.35,8730,"{""0"": 7754, ""1"": 6786, ""2"": 8288, ""3"": 6438, ""4"": 8881, ""5"": 6852}",connected
45099,126,20000,0.28593250000000003,0.6761574423313141,-6.762028842321597,0.41845611929893495,0.35,8730,"{""0"": 7770, ""1"": 6804, ""2"": 8308, ""3"": 6462, ""4"": 8897, ""5"": 6858}",connected
45199,126,20000,0.28434916666666676,0.6944784563779831,-6.762028842321597,0.42443316608667375,0.35,8730,"{""0"": 7787, ""1"": 6821, ""2"": 8324, ""3"": 6488, ""4"": 8910, ""5"": 6869}",connected
45299,126,20000,0.2827658333333334,0.6728229022026062,-6.762028842321597,0.41995034605264664,0.35,8730,"{""0"": 7829, ""1"": 6837, ""2"": 8330, ""3"": 6502, ""4"": 8915, ""5"": 6886}",connected
45399,126,20000,0.2811825,0.6878661960363388,-6.762028842321597,0.41810084104537965,0.35,8730,"{""0"": 7835, ""1"": 6877, ""2"": 8362, ""3"": 6507, ""4"": 8928, ""5"": 6890}",connected
45499,126,20000,0.27959916666666673,0.6832636040449143,-6.762028842321597,0.4196290993690491,0.35,8730,"{""0"": 7852, ""1"": 6903, ""2"": 8391, ""3"": 6518, ""4"": 8936, ""5"": 6899}",connected
45599,128,20000,0.27801583333333335,0.6762559029459954,-6.756298612621613,0.4156002405285835,0.35,8730,"{""0"": 7860, ""1"": 6919, ""2"": 8414, ""3"": 6531, ""4"": 8963, ""5"": 6912}",connected
45699,128,20000,0.27643249999999997,0.688913488984108,-6.756298612621613,0.4170859459042549,0.35,8730,"{""0"": 7880, ""1"": 6938, ""2"": 8431, ""3"": 6537, ""4"": 8986, ""5"": 6927}",connected
45799,128,20000,0.2748491666666667,0.6820297610759735,-6.756298612621613,0.420241531431675,0.35,8730,"{""0"": 7891, ""1"": 6967, ""2"": 8462, ""3"": 6556, ""4"": 8993, ""5"": 6930}",connected
45899,128,20000,0.2732658333333333,0.6366172793507576,-6.756298612621613,0.41889100074768065,0.35,8730,"{""0"": 7892, ""1"": 7015, ""2"": 8476, ""3"": 6559, ""4"": 8996, ""5"": 6961}",connected
45999,128,20000,0.27168249999999994,0.6277568289637565,-6.756298612621613,0.4183645635843277,0.35,8730,"{""0"": 7894, ""1"": 7052, ""2"": 8515, ""3"": 6572, ""4"": 8997, ""5"": 6969}",connected
46099,128,20000,0.27009916666666667,0.6412347933650017,-6.756298612621613,0.41841936141252517,0.35,8730,"{""0"": 7899, ""1"": 7080, ""2"": 8540, ""3"": 6587, ""4"": 9012, ""5"": 6981}",connected
46199,128,20000,0.2685158333333334,0.6465540182590485,-6.756298612621613,0.4133725181221962,0.35,8730,"{""0"": 7919, ""1"": 7105, ""2"": 8543, ""3"": 6613, ""4"": 9021, ""5"": 6998}",connected
46299,130,20000,0.26693250000000013,0.6749448171257972,-6.802265671137721,0.4081307953596115,0.35,8730,"{""0"": 7938, ""1"": 7122, ""2"": 8558, ""3"": 6625, ""4"": 9045, ""5"": 7011}",connected
46399,130,20000,0.26534916666666675,0.7356035965681076,-6.802265671137721,0.4038513946533203,0.35,8730,"{""0"": 7952, ""1"": 7133, ""2"": 8575, ""3"": 6643, ""4"": 9080, ""5"": 7016}",connected
46499,130,20000,0.26376583333333337,0.7407559031248092,-6.802265671137721,0.4009496048092842,0.35,8730,"{""0"": 7972, ""1"": 7158, ""2"": 8592, ""3"": 6656, ""4"": 9105, ""5"": 7016}",connected
46599,130,20000,0.2621825000000001,0.7862714204192162,-6.802265671137721,0.40033020317554474,0.35,8730,"{""0"": 7992, ""1"": 7174, ""2"": 8608, ""3"": 6663, ""4"": 9134, ""5"": 7028}",connected
46699,130,20000,0.2605991666666667,0.8058180075883865,-6.802265671137721,0.4046898347139358,0.35,8730,"{""0"": 8032, ""1"": 7186, ""2"": 8622, ""3"": 6688, ""4"": 9139, ""5"": 7032}",connected
46799,130,20000,0.25901583333333333,0.7599742788076401,-6.802265671137721,0.40814823776483533,0.35,8730,"{""0"": 8067, ""1"": 7197, ""2"": 8625, ""3"": 6723, ""4"": 9144, ""5"": 7043}",connected
46899,130,20000,0.25743250000000006,0.7286869388818741,-6.802265671137721,0.4098181226849556,0.35,8730,"{""0"": 8094, ""1"": 7216, ""2"": 8641, ""3"": 6748, ""4"": 9148, ""5"": 7052}",connected
46999,132,20000,0.2558491666666667,0.6708766150474549,-6.782174300719053,0.4104859185218811,0.35,8730,"{""0"": 8126, ""1"": 7232, ""2"": 8659, ""3"": 6758, ""4"": 9164, ""5"": 7060}",connected
47099,132,20000,0.2542658333333333,0.6875582757592201,-6.782174300719053,0.409368976354599,0.35,8730,"{""0"": 8141, ""1"": 7250, ""2"": 8663, ""3"": 6760, ""4"": 9199, ""5"": 7086}",connected
47199,132,20000,0.25268250000000003,0.6871398523449898,-6.782174300719053,0.4070475873351097,0.35,8730,"{""0"": 8145, ""1"": 7290, ""2"": 8666, ""3"": 6764, ""4"": 9235, ""5"": 7099}",connected
47299,132,20000,0.25109916666666665,0.6746696946024895,-6.782174300719053,0.40645240813493727,0.35,8730,"{""0"": 8146, ""1"": 7321, ""2"": 8673, ""3"": 6766, ""4"": 9278, ""5"": 7115}",connected
47399,132,20000,0.24951583333333338,0.6763934773206711,-6.782174300719053,0.41013655096292495,0.35,8730,"{""0"": 8160, ""1"": 7343, ""2"": 8689, ""3"": 6777, ""4"": 9309, ""5"": 7121}",connected
47499,132,20000,0.2479325000000001,0.6166100078821182,-6.782174300719053,0.4072830909490585,0.35,8730,"{""0"": 8182, ""1"": 7345, ""2"": 8706, ""3"": 6785, ""4"": 9331, ""5"": 7150}",connected
47599,132,20000,0.24634916666666673,0.6077146869897843,-6.782174300719053,0.4131401389837265,0.35,8730,"{""0"": 8198, ""1"": 7372, ""2"": 8731, ""3"": 6799, ""4"": 9344, ""5"": 7155}",connected
47699,134,20000,0.24476583333333335,0.6049177074432373,-6.825581005355343,0.4158379665017128,0.35,8730,"{""0"": 8238, ""1"": 7397, ""2"": 8744, ""3"": 6809, ""4"": 9354, ""5"": 7157}",connected
47799,134,20000,0.24318250000000008,0.6012522506713868,-6.825581005355343,0.4149158629775047,0.35,8730,"{""0"": 8254, ""1"": 7400, ""2"": 8764, ""3"": 6814, ""4"": 9382, ""5"": 7185}",connected
47899,134,20000,0.2415991666666667,0.5958698946237564,-6.825581005355343,0.4155806505680084,0.35,8730,"{""0"": 8265, ""1"": 7436, ""2"": 8782, ""3"": 6828, ""4"": 9399, ""5"": 7189}",connected
47999,134,20000,0.24001583333333332,0.583391321003437,-6.825581005355343,0.4099713557958603,0.35,8730,"{""0"": 8277, ""1"": 7471, ""2"": 8809, ""3"": 6837, ""4"": 9404, ""5"": 7201}",connected
48099,134,20000,0.23843250000000005,0.6145415097475052,-6.825581005355343,0.4044564884901047,0.35,8730,"{""0"": 8285, ""1"": 7496, ""2"": 8846, ""3"": 6842, ""4"": 9426, ""5"": 7204}",connected
48199,134,20000,0.23684916666666667,0.6409292504191398,-6.825581005355343,0.4010913097858429,0.35,8730,"{""0"": 8292, ""1"": 7510, ""2"": 8856, ""3"": 6853, ""4"": 9466, ""5"": 7222}",connected
48299,134,20000,0.23526583333333329,0.6549357053637505,-6.825581005355343,0.40137333154678345,0.35,8730,"{""0"": 8299, ""1"": 7531, ""2"": 8874, ""3"": 6860, ""4"": 9497, ""5"": 7238}",connected
48399,136,20000,0.23368250000000002,0.6449371752142906,-6.844141661012546,0.40516751259565353,0.35,8730,"{""0"": 8313, ""1"": 7544, ""2"": 8893, ""3"": 6878, ""4"": 9528, ""5"": 7243}",connected
48499,136,20000,0.23209916666666663,0.6134866857528687,-6.844141661012546,0.4030044013261795,0.35,8730,"{""0"": 8342, ""1"": 7554, ""2"": 8916, ""3"": 6884, ""4"": 9550, ""5"": 7253}",connected
48599,136,20000,0.23051583333333336,0.6163091984391212,-6.844141661012546,0.40818140894174576,0.35,8730,"{""0"": 8355, ""1"": 7564, ""2"": 8930, ""3"": 6885, ""4"": 9569, ""5"": 7296}",connected
48699,136,20000,0.2289325000000001,0.6446973231434822,-6.844141661012546,0.41045916825532913,0.35,8730,"{""0"": 8368, ""1"": 7591, ""2"": 8961, ""3"": 6897, ""4"": 9582, ""5"": 7300}",connected
48799,136,20000,0.2273491666666667,0.6775012105703354,-6.844141661012546,0.40844913840293884,0.35,8730,"{""0"": 8385, ""1"": 7598, ""2"": 8993, ""3"": 6927, ""4"": 9592, ""5"": 7304}",connected
48899,136,20000,0.22576583333333344,0.7004697299003602,-6.844141661012546,0.4110470426082611,0.35,8730,"{""0"": 8404, ""1"": 7609, ""2"": 9008, ""3"": 6935, ""4"": 9623, ""5"": 7320}",connected
48999,136,20000,0.22418250000000006,0.6963069856166839,-6.844141661012546,0.4053285050392151,0.35,8730,"{""0"": 8407, ""1"": 7646, ""2"": 9026, ""3"": 6957, ""4"": 9634, ""5"": 7329}",connected
49099,138,20000,0.22259916666666668,0.7129924219846725,-6.8437944334931675,0.40232599914073947,0.35,8730,"{""0"": 8440, ""1"": 7653, ""2"": 9055, ""3"": 6970, ""4"": 9636, ""5"": 7345}",connected
49199,138,20000,0.2210158333333334,0.712407494187355,-6.8437944334931675,0.3996989741921425,0.35,8730,"{""0"": 8459, ""1"": 7658, ""2"": 9074, ""3"": 7008, ""4"": 9653, ""5"": 7347}",connected
49299,138,20000,0.21943250000000003,0.7037883320450783,-6.8437944334931675,0.39680075585842134,0.35,8730,"{""0"": 8463, ""1"": 7665, ""2"": 9119, ""3"": 7033, ""4"": 9667, ""5"": 7352}",connected
49399,138,20000,0.21784916666666665,0.6758181518316269,-6.8437944334931675,0.3976888659596443,0.35,8730,"{""0"": 8473, ""1"": 7689, ""2"": 9146, ""3"": 7038, ""4"": 9694, ""5"": 7359}",connected
49499,138,20000,0.21626583333333338,0.6353512829542161,-6.8437944334931675,0.3991055777668953,0.35,8730,"{""0"": 8505, ""1"": 7698, ""2"": 9156, ""3"": 7065, ""4"": 9715, ""5"": 7360}",connected
49599,138,20000,0.2146825,0.6331821286678314,-6.8437944334931675,0.3974936181306839,0.35,8730,"{""0"": 8512, ""1"": 7719, ""2"": 9198, ""3"": 7069, ""4"": 9738, ""5"": 7363}",connected
49699,138,20000,0.21309916666666662,0.6258200588822365,-6.8437944334931675,0.39942261010408403,0.35,8730,"{""0"": 8521, ""1"": 7752, ""2"": 9214, ""3"": 7092, ""4"": 9753, ""5"": 7367}",connected
49799,138,20000,0.21151583333333346,0.6322300550341606,-6.8437944334931675,0.3998878800868988,0.35,8730,"{""0"": 8536, ""1"": 7762, ""2"": 9242, ""3"": 7109, ""4"": 9778, ""5"": 7372}",connected
49899,140,20000,0.20993250000000008,0.6205317682027817,-6.858895842153579,0.39781092703342436,0.35,8730,"{""0"": 8566, ""1"": 7772, ""2"": 9274, ""3"": 7121, ""4"": 9794, ""5"": 7372}",connected
49999,140,20000,0.2083491666666667,0.6104070454835892,-6.858895842153579,0.39708795338869096,0.35,8730,"{""0"": 8583, ""1"": 7790, ""2"": 9299, ""3"": 7129, ""4"": 9807, ""5"": 7391}",connected
50099,140,20000,0.20676583333333343,0.6091613703966141,-6.858895842153579,0.4025822454690933,0.35,8730,"{""0"": 8603, ""1"": 7811, ""2"": 9321, ""3"": 7141, ""4"": 9818, ""5"": 7405}",connected
50199,140,20000,0.20518250000000005,0.6034702271223068,-6.858895842153579,0.40299818813800814,0.35,8730,"{""0"": 8613, ""1"": 7821, ""2"": 9336, ""3"": 7171, ""4"": 9843, ""5"": 7415}",connected
50299,140,20000,0.20359916666666666,0.5961912593245506,-6.858895842153579,0.4012063717842102,0.35,8730,"{""0"": 8621, ""1"": 7839, ""2"": 9360, ""3"": 7182, ""4"": 9860, ""5"": 7437}",connected
50399,140,20000,0.2020158333333334,0.5865492016077042,-6.858895842153579,0.40184910237789156,0.35,8730,"{""0"": 8622, ""1"": 7854, ""2"": 9388, ""3"": 7192, ""4"": 9872, ""5"": 7471}",connected
50499,140,20000,0.2004325,0.618783555328846,-6.858895842153579,0.3993848544359207,0.35,8730,"{""0"": 8637, ""1"": 7871, ""2"": 9393, ""3"": 7208, ""4"": 9891, ""5"": 7499}",connected
50599,142,20000,0.19884916666666663,0.626869458258152,-6.892317370250821,0.39687624365091323,0.35,8730,"{""0"": 8647, ""1"": 7901, ""2"": 9413, ""3"": 7212, ""4"": 9924, ""5"": 7502}",connected
50699,142,20000,0.19726583333333336,0.6234949311614036,-6.892317370250821,0.396326148211956,0.35,8730,"{""0"": 8655, ""1"": 7920, ""2"": 9452, ""3"": 7221, ""4"": 9947, ""5"": 7504}",connected
50799,142,20000,0.19568249999999998,0.6478243321180344,-6.892317370250821,0.3983206111192703,0.35,8730,"{""0"": 8681, ""1"": 7935, ""2"": 9473, ""3"": 7230, ""4"": 9960, ""5"": 7520}",connected
50899,142,20000,0.1940991666666666,0.6032577282190323,-6.892317370250821,0.39473647087812425,0.35,8730,"{""0"": 8710, ""1"": 7954, ""2"": 9497, ""3"": 7233, ""4"": 9977, ""5"": 7528}",connected
50999,142,20000,0.19251583333333344,0.5855729192495346,-6.892317370250821,0.3944133549928665,0.35,8730,"{""0"": 8713, ""1"": 7973, ""2"": 9514, ""3"": 7238, ""4"": 10012, ""5"": 7549}",connected
51099,142,20000,0.19093250000000006,0.626848213672638,-6.892317370250821,0.391229410469532,0.35,8730,"{""0"": 8748, ""1"": 7991, ""2"": 9524, ""3"": 7241, ""4"": 10043, ""5"": 7552}",connected
51199,142,20000,0.1893491666666668,0.5888247030973435,-6.892317370250821,0.38854702293872834,0.35,8730,"{""0"": 8755, ""1"": 8004, ""2"": 9556, ""3"": 7255, ""4"": 10061, ""5"": 7568}",connected
51299,144,20000,0.1877658333333334,0.5933751240372658,-6.920878683882766,0.3870289665460587,0.35,8730,"{""0"": 8784, ""1"": 8034, ""2"": 9571, ""3"": 7258, ""4"": 10069, ""5"": 7583}",connected
51399,144,20000,0.18618250000000003,0.6032390043139457,-6.920878683882766,0.384899001121521,0.35,8730,"{""0"": 8787, ""1"": 8039, ""2"": 9594, ""3"": 7279, ""4"": 10105, ""5"": 7595}",connected
51499,144,20000,0.18459916666666676,0.5857642737030982,-6.920878683882766,0.39345395267009736,0.35,8730,"{""0"": 8797, ""1"": 8059, ""2"": 9613, ""3"": 7298, ""4"": 10135, ""5"": 7597}",connected
51599,144,20000,0.18301583333333338,0.6131415274739266,-6.920878683882766,0.39360632866621015,0.35,8730,"{""0"": 8817, ""1"": 8061, ""2"": 9644, ""3"": 7312, ""4"": 10151, ""5"": 7614}",connected
51699,144,20000,0.1814325,0.6112387019395829,-6.920878683882766,0.3932096776366234,0.35,8730,"{""0"": 8829, ""1"": 8079, ""2"": 9671, ""3"": 7341, ""4"": 10157, ""5"": 7622}",connected
51799,144,20000,0.17984916666666673,0.5785838291049004,-6.920878683882766,0.3976452013850212,0.35,8730,"{""0"": 8835, ""1"": 8083, ""2"": 9705, ""3"": 7373, ""4"": 10167, ""5"": 7636}",connected
51899,144,20000,0.17826583333333335,0.5678599163889885,-6.920878683882766,0.3900341954827309,0.35,8730,"{""0"": 8844, ""1"": 8092, ""2"": 9735, ""3"": 7391, ""4"": 10181, ""5"": 7656}",connected
51999,146,20000,0.17668249999999996,0.5565726870298385,-6.9094589147996155,0.39090903103351593,0.35,8730,"{""0"": 8854, ""1"": 8108, ""2"": 9760, ""3"": 7416, ""4"": 10200, ""5"": 7661}",connected
52099,146,20000,0.1750991666666667,0.5678448909521103,-6.9094589147996155,0.38984889060258865,0.35,8730,"{""0"": 8891, ""1"": 8123, ""2"": 9773, ""3"": 7427, ""4"": 10220, ""5"": 7665}",connected
52199,146,20000,0.17351583333333342,0.6002691021561622,-6.9094589147996155,0.39082947313785554,0.35,8730,"{""0"": 8933, ""1"": 8131, ""2"": 9792, ""3"": 7449, ""4"": 10228, ""5"": 7666}",connected
52299,146,20000,0.17193250000000004,0.5947686985135079,-6.9094589147996155,0.3898966309428215,0.35,8730,"{""0"": 8951, ""1"": 8142, ""2"": 9799, ""3"": 7462, ""4"": 10251, ""5"": 7694}",connected
52399,146,20000,0.17034916666666677,0.5689583270251751,-6.9094589147996155,0.3878721708059311,0.35,8730,"{""0"": 8991, ""1"": 8149, ""2"": 9821, ""3"": 7465, ""4"": 10275, ""5"": 7698}",connected
52499,146,20000,0.1687658333333334,0.5500938795506954,-6.9094589147996155,0.3852485293149948,0.35,8730,"{""0"": 9021, ""1"": 8155, ""2"": 9839, ""3"": 7474, ""4"": 10291, ""5"": 7719}",connected
52599,146,20000,0.1671825,0.5497893731296063,-6.9094589147996155,0.3790006530284882,0.35,8730,"{""0"": 9063, ""1"": 8159, ""2"": 9863, ""3"": 7482, ""4"": 10301, ""5"": 7731}",connected
52699,148,20000,0.16559916666666674,0.5223369820415974,-6.943774601975456,0.3810773193836212,0.35,8730,"{""0"": 9083, ""1"": 8170, ""2"": 9879, ""3"": 7496, ""4"": 10335, ""5"": 7736}",connected
52799,148,20000,0.16401583333333336,0.544773074388504,-6.943774601975456,0.3805798116326332,0.35,8730,"{""0"": 9097, ""1"": 8182, ""2"": 9888, ""3"": 7537, ""4"": 10359, ""5"": 7736}",connected
52899,148,20000,0.16243249999999998,0.5584318625926972,-6.943774601975456,0.3843937051296234,0.35,8730,"{""0"": 9117, ""1"": 8195, ""2"": 9921, ""3"": 7545, ""4"": 10382, ""5"": 7739}",connected
52999,148,20000,0.1608491666666667,0.5402762132883072,-6.943774601975456,0.38487895756959917,0.35,8730,"{""0"": 9124, ""1"": 8212, ""2"": 9932, ""3"": 7546, ""4"": 10433, ""5"": 7752}",connected
53099,148,20000,0.15926583333333333,0.5945436525344848,-6.943774601975456,0.3817868989706039,0.35,8730,"{""0"": 9165, ""1"": 8218, ""2"": 9936, ""3"": 7548, ""4"": 10442, ""5"": 7790}",connected
53199,148,20000,0.15768249999999995,0.5814671888947487,-6.943774601975456,0.3851103240251541,0.35,8730,"{""0"": 9184, ""1"": 8233, ""2"": 9947, ""3"": 7567, ""4"": 10469, ""5"": 7799}",connected
53299,148,20000,0.15609916666666668,0.5484328833222389,-6.943774601975456,0.38554116010665895,0.35,8730,"{""0"": 9184, ""1"": 8262, ""2"": 9968, ""3"": 7572, ""4"": 10511, ""5"": 7802}",connected
53399,150,20000,0.1545158333333334,0.5522440764307975,-6.983922078721225,0.383989070057869,0.35,8730,"{""0"": 9195, ""1"": 8268, ""2"": 9974, ""3"": 7580, ""4"": 10568, ""5"": 7814}",connected
53499,150,20000,0.15293250000000003,0.5184141963720321,-6.983922078721225,0.38434711277484895,0.35,8730,"{""0"": 9204, ""1"": 8283, ""2"": 10009, ""3"": 7582, ""4"": 10589, ""5"": 7832}",connected
53599,150,20000,0.15134916666666676,0.503915150463581,-6.983922078721225,0.3813290420174599,0.35,8730,"{""0"": 9225, ""1"": 8298, ""2"": 10033, ""3"": 7584, ""4"": 10622, ""5"": 7837}",connected
53699,150,20000,0.14976583333333338,0.5386641710996628,-6.983922078721225,0.3827687641978264,0.35,8730,"{""0"": 9245, ""1"": 8323, ""2"": 10050, ""3"": 7591, ""4"": 10650, ""5"": 7840}",connected
53799,150,20000,0.1481825000000001,0.5242854797840119,-6.983922078721225,0.3861074596643448,0.35,8730,"{""0"": 9268, ""1"": 8333, ""2"": 10073, ""3"": 7602, ""4"": 10667, ""5"": 7856}",connected
53899,150,20000,0.14659916666666672,0.548297717422247,-6.983922078721225,0.38267029881477355,0.35,8730,"{""0"": 9284, ""1"": 8354, ""2"": 10107, ""3"": 7603, ""4"": 10683, ""5"": 7868}",connected
53999,150,20000,0.14501583333333334,0.6113958095014095,-6.983922078721225,0.38224231600761416,0.35,8730,"{""0"": 9293, ""1"": 8370, ""2"": 10113, ""3"": 7614, ""4"": 10707, ""5"": 7902}",connected
54099,150,20000,0.14343250000000007,0.5813940717279911,-6.983922078721225,0.375988233089447,0.35,8730,"{""0"": 9299, ""1"": 8381, ""2"": 10120, ""3"": 7636, ""4"": 10720, ""5"": 7943}",connected
54199,152,20000,0.1418491666666667,0.617438828498125,-7.015751467891969,0.36841194838285446,0.35,8730,"{""0"": 9310, ""1"": 8392, ""2"": 10135, ""3"": 7646, ""4"": 10724, ""5"": 7992}",connected
54299,152,20000,0.1402658333333333,0.58966079890728,-7.015751467891969,0.37165039122104643,0.35,8730,"{""0"": 9347, ""1"": 8408, ""2"": 10154, ""3"": 7651, ""4"": 10737, ""5"": 8002}",connected
54399,152,20000,0.13868250000000004,0.5337781903147697,-7.015751467891969,0.3712628448009491,0.35,8730,"{""0"": 9388, ""1"": 8419, ""2"": 10170, ""3"": 7673, ""4"": 10742, ""5"": 8007}",connected
54499,152,20000,0.13709916666666666,0.548672504723072,-7.015751467891969,0.3719432386755943,0.35,8730,"{""0"": 9410, ""1"": 8421, ""2"": 10185, ""3"": 7689, ""4"": 10773, ""5"": 8021}",connected
54599,152,20000,0.1355158333333334,0.5105074416100979,-7.015751467891969,0.37417403906583785,0.35,8730,"{""0"": 9413, ""1"": 8426, ""2"": 10192, ""3"": 7697, ""4"": 10820, ""5"": 8051}",connected
54699,152,20000,0.13393250000000012,0.49639265224337575,-7.015751467891969,0.3717327255010605,0.35,8730,"{""0"": 9416, ""1"": 8454, ""2"": 10206, ""3"": 7704, ""4"": 10860, ""5"": 8059}",connected
54799,152,20000,0.13234916666666674,0.4789716178178787,-7.015751467891969,0.3669738417863846,0.35,8730,"{""0"": 9426, ""1"": 8490, ""2"": 10225, ""3"": 7711, ""4"": 10872, ""5"": 8075}",connected
54899,154,20000,0.13076583333333336,0.45068459302186964,-7.037199223139323,0.37018941044807435,0.35,8730,"{""0"": 9434, ""1"": 8522, ""2"": 10239, ""3"": 7716, ""4"": 10902, ""5"": 8086}",connected
54999,154,20000,0.1291825000000001,0.43105282947421075,-7.037199223139323,0.3703854164481163,0.35,8730,"{""0"": 9447, ""1"": 8536, ""2"": 10274, ""3"": 7718, ""4"": 10936, ""5"": 8088}",connected
55099,154,20000,0.1275991666666667,0.452457260042429,-7.037199223139323,0.36998776108026504,0.35,8730,"{""0"": 9473, ""1"": 8543, ""2"": 10295, ""3"": 7719, ""4"": 10961, ""5"": 8108}",connected
55199,154,20000,0.12601583333333333,0.4746150678396225,-7.037199223139323,0.37145189940929413,0.35,8730,"{""0"": 9480, ""1"": 8549, ""2"": 10320, ""3"": 7731, ""4"": 10993, ""5"": 8126}",connected
55299,154,20000,0.12443250000000006,0.48794679701328275,-7.037199223139323,0.3660921368002892,0.35,8730,"{""0"": 9516, ""1"": 8565, ""2"": 10338, ""3"": 7736, ""4"": 10998, ""5"": 8146}",connected
55399,154,20000,0.12284916666666668,0.5189454901218414,-7.037199223139323,0.36140669479966164,0.35,8730,"{""0"": 9570, ""1"": 8577, ""2"": 10350, ""3"": 7745, ""4"": 11000, ""5"": 8157}",connected
55499,154,20000,0.1212658333333333,0.4993529197573662,-7.037199223139323,0.36273781582713127,0.35,8730,"{""0"": 9612, ""1"": 8578, ""2"": 10393, ""3"": 7753, ""4"": 11003, ""5"": 8160}",connected
55599,156,20000,0.11968250000000002,0.505645447075367,-7.022996295178309,0.3634700857102871,0.35,8730,"{""0"": 9661, ""1"": 8592, ""2"": 10416, ""3"": 7763, ""4"": 11006, ""5"": 8161}",connected
55699,156,20000,0.11809916666666664,0.5125945648550987,-7.022996295178309,0.36305435210466386,0.35,8730,"{""0"": 9687, ""1"": 8602, ""2"": 10432, ""3"": 7769, ""4"": 11045, ""5"": 8164}",connected
55799,156,20000,0.11651583333333337,0.49756910651922226,-7.022996295178309,0.36898375108838083,0.35,8730,"{""0"": 9734, ""1"": 8627, ""2"": 10436, ""3"": 7788, ""4"": 11047, ""5"": 8167}",connected
55899,156,20000,0.1149325000000001,0.4821543857455254,-7.022996295178309,0.36456659391522406,0.35,8730,"{""0"": 9768, ""1"": 8657, ""2"": 10445, ""3"": 7800, ""4"": 11060, ""5"": 8169}",connected
55999,156,20000,0.11334916666666672,0.4525086785852909,-7.022996295178309,0.36033727720379827,0.35,8730,"{""0"": 9798, ""1"": 8679, ""2"": 10455, ""3"": 7801, ""4"": 11089, ""5"": 8177}",connected
56099,156,20000,0.11176583333333334,0.4568378101289272,-7.022996295178309,0.35992786914110186,0.35,8730,"{""0"": 9803, ""1"": 8693, ""2"": 10469, ""3"": 7801, ""4"": 11140, ""5"": 8193}",connected
56199,156,20000,0.11018250000000007,0.4700495591759682,-7.022996295178309,0.3495281201601028,0.35,8730,"{""0"": 9816, ""1"": 8703, ""2"": 10484, ""3"": 7829, ""4"": 11157, ""5"": 8210}",connected
56299,158,20000,0.10859916666666669,0.4914004546403885,-7.089741825740784,0.35178330600261687,0.35,8730,"{""0"": 9832, ""1"": 8740, ""2"": 10506, ""3"": 7831, ""4"": 11178, ""5"": 8212}",connected
56399,158,20000,0.10701583333333342,0.49651254832744596,-7.089741825740784,0.35014360904693603,0.35,8730,"{""0"": 9845, ""1"": 8765, ""2"": 10536, ""3"": 7831, ""4"": 11206, ""5"": 8216}",connected
56499,158,20000,0.10543250000000004,0.4981437833607197,-7.089741825740784,0.35299520164728165,0.35,8730,"{""0"": 9854, ""1"": 8781, ""2"": 10550, ""3"": 7839, ""4"": 11222, ""5"": 8253}",connected
56599,158,20000,0.10384916666666666,0.4821665158867836,-7.089741825740784,0.356881685256958,0.35,8730,"{""0"": 9880, ""1"": 8813, ""2"": 10586, ""3"": 7845, ""4"": 11222, ""5"": 8253}",connected
56699,158,20000,0.10226583333333339,0.4711116807162762,-7.089741825740784,0.35361362993717194,0.35,8730,"{""0"": 9910, ""1"": 8827, ""2"": 10626, ""3"": 7846, ""4"": 11225, ""5"": 8265}",connected
56799,158,20000,0.10068250000000001,0.4667387476563454,-7.089741825740784,0.35794706642627716,0.35,8730,"{""0"": 9949, ""1"": 8837, ""2"": 10653, ""3"": 7855, ""4"": 11238, ""5"": 8267}",connected
56899,158,20000,0.09909916666666663,0.48844618037343024,-7.089741825740784,0.3575965589284897,0.35,8730,"{""0"": 9953, ""1"": 8843, ""2"": 10666, ""3"": 7872, ""4"": 11240, ""5"": 8325}",connected
56999,160,20000,0.09751583333333347,0.47882475778460504,-7.035072837308981,0.36101251691579817,0.35,8730,"{""0"": 9979, ""1"": 8846, ""2"": 10690, ""3"": 7891, ""4"": 11258, ""5"": 8335}",connected
57099,160,20000,0.09593250000000009,0.503893441259861,-7.035072837308981,0.3616929352283478,0.35,8730,"{""0"": 9994, ""1"": 8874, ""2"": 10694, ""3"": 7892, ""4"": 11302, ""5"": 8343}",connected
57199,160,20000,0.0943491666666667,0.5179209569096566,-7.035072837308981,0.3610382716357708,0.35,8730,"{""0"": 10026, ""1"": 8886, ""2"": 10708, ""3"": 7897, ""4"": 11334, ""5"": 8348}",connected
57299,160,20000,0.09276583333333344,0.4870601856708527,-7.035072837308981,0.3606570033729076,0.35,8730,"{""0"": 10048, ""1"": 8916, ""2"": 10721, ""3"": 7901, ""4"": 11336, ""5"": 8377}",connected
57399,160,20000,0.09118250000000006,0.5369051471352577,-7.035072837308981,0.3548662586510181,0.35,8730,"{""0"": 10079, ""1"": 8916, ""2"": 10732, ""3"": 7905, ""4"": 11357, ""5"": 8410}",connected
57499,160,20000,0.08959916666666667,0.5176363709568977,-7.035072837308981,0.35730562552809714,0.35,8730,"{""0"": 10094, ""1"": 8923, ""2"": 10760, ""3"": 7914, ""4"": 11384, ""5"": 8424}",connected
57599,160,20000,0.0880158333333334,0.5192390277981758,-7.035072837308981,0.3536861601471901,0.35,8730,"{""0"": 10117, ""1"": 8926, ""2"": 10783, ""3"": 7914, ""4"": 11416, ""5"": 8443}",connected
57699,162,20000,0.08643250000000002,0.5164089669287205,-7.076671086899005,0.34835048228502274,0.35,8730,"{""0"": 10136, ""1"": 8938, ""2"": 10805, ""3"": 7914, ""4"": 11451, ""5"": 8455}",connected
57799,162,20000,0.08484916666666664,0.4691601739823818,-7.076671086899005,0.34665939331054685,0.35,8730,"{""0"": 10159, ""1"": 8948, ""2"": 10827, ""3"": 7932, ""4"": 11474, ""5"": 8459}",connected
57899,162,20000,0.08326583333333337,0.4702594293653965,-7.076671086899005,0.34361482560634615,0.35,8730,"{""0"": 10176, ""1"": 8964, ""2"": 10858, ""3"": 7935, ""4"": 11495, ""5"": 8471}",connected
57999,162,20000,0.08168249999999999,0.4678139092028141,-7.076671086899005,0.3466061860322952,0.35,8730,"{""0"": 10211, ""1"": 8972, ""2"": 10884, ""3"": 7945, ""4"": 11510, ""5"": 8477}",connected
58099,162,20000,0.08009916666666661,0.4614440307021141,-7.076671086899005,0.3457198241353035,0.35,8730,"{""0"": 10229, ""1"": 8985, ""2"": 10899, ""3"": 7969, ""4"": 11536, ""5"": 8481}",connected
58199,162,20000,0.07851583333333345,0.4964718049764633,-7.076671086899005,0.3538343834877014,0.35,8730,"{""0"": 10244, ""1"": 9006, ""2"": 10910, ""3"": 7980, ""4"": 11563, ""5"": 8496}",connected
58299,162,20000,0.07693250000000007,0.4996225398778915,-7.076671086899005,0.3556173360347748,0.35,8730,"{""0"": 10263, ""1"": 9036, ""2"": 10925, ""3"": 7987, ""4"": 11583, ""5"": 8505}",connected
58399,162,20000,0.07534916666666669,0.484243615269661,-7.076671086899005,0.35446932047605517,0.35,8730,"{""0"": 10278, ""1"": 9036, ""2"": 10940, ""3"": 7990, ""4"": 11613, ""5"": 8542}",connected
58499,164,20000,0.07376583333333342,0.4932356548309326,-7.062088654679246,0.3542806470394135,0.35,8730,"{""0"": 10292, ""1"": 9057, ""2"": 10960, ""3"": 8001, ""4"": 11637, ""5"": 8552}",connected
58599,164,20000,0.07218250000000004,0.47303848922252656,-7.062088654679246,0.34940529108047486,0.35,8730,"{""0"": 10313, ""1"": 9088, ""2"": 10971, ""3"": 8010, ""4"": 11650, ""5"": 8567}",connected
58699,164,20000,0.07059916666666677,0.46233710274100304,-7.062088654679246,0.3458844417333603,0.35,8730,"{""0"": 10336, ""1"": 9100, ""2"": 10993, ""3"": 8025, ""4"": 11658, ""5"": 8587}",connected
58799,164,20000,0.06901583333333339,0.4558937571942806,-7.062088654679246,0.34104768693447113,0.35,8730,"{""0"": 10359, ""1"": 9112, ""2"": 11004, ""3"": 8050, ""4"": 11672, ""5"": 8602}",connected
58899,164,20000,0.0674325,0.4292601054906845,-7.062088654679246,0.3404833123087883,0.35,8730,"{""0"": 10380, ""1"": 9125, ""2"": 11027, ""3"": 8079, ""4"": 11685, ""5"": 8603}",connected
58999,164,20000,0.06584916666666674,0.44656636551022527,-7.062088654679246,0.33963781476020816,0.35,8730,"{""0"": 10398, ""1"": 9141, ""2"": 11038, ""3"": 8084, ""4"": 11716, ""5"": 8622}",connected
59099,164,20000,0.06426583333333336,0.4484017676115036,-7.062088654679246,0.3395439484715462,0.35,8730,"{""0"": 10401, ""1"": 9169, ""2"": 11044, ""3"": 8098, ""4"": 11741, ""5"": 8646}",connected
59199,166,20000,0.06268249999999997,0.46849259167909624,-7.077007743311115,0.34380142897367477,0.35,8730,"{""0"": 10433, ""1"": 9192, ""2"": 11054, ""3"": 8106, ""4"": 11766, ""5"": 8648}",connected
59299,166,20000,0.061099166666666704,0.4670059186220169,-7.077007743311115,0.34358091562986376,0.35,8730,"{""0"": 10443, ""1"": 9219, ""2"": 11076, ""3"": 8116, ""4"": 11780, ""5"": 8665}",connected
59399,166,20000,0.059515833333333434,0.4752480658888817,-7.077007743311115,0.3444135722517967,0.35,8730,"{""0"": 10463, ""1"": 9235, ""2"": 11086, ""3"": 8119, ""4"": 11804, ""5"": 8692}",connected
59499,166,20000,0.05793250000000005,0.4665379489958286,-7.077007743311115,0.34537297278642654,0.35,8730,"{""0"": 10475, ""1"": 9247, ""2"": 11097, ""3"": 8135, ""4"": 11828, ""5"": 8717}",connected
59599,166,20000,0.05634916666666678,0.4410309393703937,-7.077007743311115,0.3431662055850029,0.35,8730,"{""0"": 10484, ""1"": 9288, ""2"": 11098, ""3"": 8162, ""4"": 11841, ""5"": 8726}",connected
59699,166,20000,0.0547658333333334,0.47246957302093506,-7.077007743311115,0.3453458398580551,0.35,8730,"{""0"": 10507, ""1"": 9299, ""2"": 11108, ""3"": 8212, ""4"": 11846, ""5"": 8727}",connected
59799,166,20000,0.05318250000000002,0.44457114562392236,-7.077007743311115,0.3444092071056366,0.35,8730,"{""0"": 10509, ""1"": 9310, ""2"": 11139, ""3"": 8264, ""4"": 11847, ""5"": 8730}",connected
59899,168,20000,0.05159916666666675,0.4382674051821232,-7.080266867619939,0.34417506992816926,0.35,8730,"{""0"": 10519, ""1"": 9325, ""2"": 11152, ""3"": 8314, ""4"": 11850, ""5"": 8739}",connected
59999,168,20000,0.05001583333333337,0.4608673891425133,-7.080266867619939,0.34547980815172197,0.35,8730,"{""0"": 10550, ""1"": 9341, ""2"": 11168, ""3"": 8327, ""4"": 11869, ""5"": 8744}",connected
60099,168,20000,0.050000000000000044,0.47166142374277115,-7.080266867619939,0.34118554681539537,0.35,8730,"{""0"": 10559, ""1"": 9364, ""2"": 11198, ""3"": 8330, ""4"": 11896, ""5"": 8752}",connected
60199,168,20000,0.050000000000000044,0.48820986583828924,-7.080266867619939,0.34332010746002195,0.35,8730,"{""0"": 10567, ""1"": 9371, ""2"": 11221, ""3"": 8348, ""4"": 11923, ""5"": 8769}",connected
60299,168,20000,0.050000000000000044,0.47702897399663924,-7.080266867619939,0.345171719789505,0.35,8730,"{""0"": 10580, ""1"": 9396, ""2"": 11247, ""3"": 8359, ""4"": 11944, ""5"": 8773}",connected
60399,168,20000,0.050000000000000044,0.4840771697461605,-7.080266867619939,0.34109013170003893,0.35,8730,"{""0"": 10617, ""1"": 9408, ""2"": 11278, ""3"": 8361, ""4"": 11961, ""5"": 8774}",connected
60499,168,20000,0.050000000000000044,0.4675059999525547,-7.080266867619939,0.3423589366674423,0.35,8730,"{""0"": 10644, ""1"": 9418, ""2"": 11310, ""3"": 8364, ""4"": 11977, ""5"": 8786}",connected
60599,170,20000,0.050000000000000044,0.4331634463369846,-7.081373974969611,0.3391566786170006,0.35,8730,"{""0"": 10669, ""1"": 9448, ""2"": 11329, ""3"": 8375, ""4"": 11981, ""5"": 8797}",connected
60699,170,20000,0.050000000000000044,0.4770565366744995,-7.081373974969611,0.33646333545446394,0.35,8730,"{""0"": 10686, ""1"": 9485, ""2"": 11348, ""3"": 8377, ""4"": 12002, ""5"": 8801}",connected
60799,170,20000,0.050000000000000044,0.4745053528249264,-7.081373974969611,0.33575006544589997,0.35,8730,"{""0"": 10687, ""1"": 9512, ""2"": 11352, ""3"": 8414, ""4"": 12026, ""5"": 8808}",connected
60899,170,20000,0.050000000000000044,0.47178003802895546,-7.081373974969611,0.3376833564043045,0.35,8730,"{""0"": 10717, ""1"": 9542, ""2"": 11367, ""3"": 8416, ""4"": 12038, ""5"": 8819}",connected
60999,170,20000,0.050000000000000044,0.5004043157398701,-7.081373974969611,0.3369775430858135,0.35,8730,"{""0"": 10736, ""1"": 9550, ""2"": 11394, ""3"": 8423, ""4"": 12058, ""5"": 8838}",connected
61099,170,20000,0.050000000000000044,0.5171992245316506,-7.081373974969611,0.3328564414381981,0.35,8730,"{""0"": 10743, ""1"": 9564, ""2"": 11416, ""3"": 8437, ""4"": 12101, ""5"": 8838}",connected
61199,170,20000,0.050000000000000044,0.5052547380328178,-7.081373974969611,0.33013500183820726,0.35,8730,"{""0"": 10769, ""1"": 9575, ""2"": 11455, ""3"": 8459, ""4"": 12102, ""5"": 8839}",connected
61299,172,20000,0.050000000000000044,0.4830302827060223,-7.115464708143845,0.3271605843305588,0.35,8730,"{""0"": 10774, ""1"": 9601, ""2"": 11473, ""3"": 8462, ""4"": 12127, ""5"": 8862}",connected
61399,172,20000,0.050000000000000044,0.4427984935045242,-7.115464708143845,0.32541226044297217,0.35,8730,"{""0"": 10780, ""1"": 9626, ""2"": 11505, ""3"": 8482, ""4"": 12142, ""5"": 8864}",connected
61499,172,20000,0.050000000000000044,0.4258948738873005,-7.115464708143845,0.3262030526995659,0.35,8730,"{""0"": 10806, ""1"": 9660, ""2"": 11517, ""3"": 8482, ""4"": 12162, ""5"": 8872}",connected
61599,172,20000,0.050000000000000044,0.4555146425962448,-7.115464708143845,0.330840924680233,0.35,8730,"{""0"": 10856, ""1"": 9660, ""2"": 11551, ""3"": 8482, ""4"": 12172, ""5"": 8878}",connected
61699,172,20000,0.050000000000000044,0.5014700634777546,-7.115464708143845,0.33274968177080155,0.35,8730,"{""0"": 10878, ""1"": 9679, ""2"": 11565, ""3"": 8489, ""4"": 12198, ""5"": 8890}",connected
61799,172,20000,0.050000000000000044,0.5218175375461578,-7.115464708143845,0.33617030128836634,0.35,8730,"{""0"": 10894, ""1"": 9682, ""2"": 11577, ""3"": 8510, ""4"": 12233, ""5"": 8903}",connected
61899,172,20000,0.050000000000000044,0.5068895396590233,-7.115464708143845,0.33553708165884016,0.35,8730,"{""0"": 10931, ""1"": 9693, ""2"": 11592, ""3"": 8521, ""4"": 12258, ""5"": 8904}",connected
61999,174,20000,0.050000000000000044,0.5019669452309609,-7.145094007961452,0.33340305179357527,0.35,8730,"{""0"": 10954, ""1"": 9698, ""2"": 11603, ""3"": 8526, ""4"": 12279, ""5"": 8939}",connected
62099,174,20000,0.050000000000000044,0.4930742645263672,-7.145094007961452,0.33256921589374544,0.35,8730,"{""0"": 10999, ""1"": 9721, ""2"": 11628, ""3"": 8527, ""4"": 12285, ""5"": 8939}",connected
62199,174,20000,0.050000000000000044,0.4945977231860161,-7.145094007961452,0.3264243811368942,0.35,8730,"{""0"": 11022, ""1"": 9741, ""2"": 11651, ""3"": 8549, ""4"": 12297, ""5"": 8939}",connected
62299,174,20000,0.050000000000000044,0.49702112331986426,-7.145094007961452,0.3270212155580521,0.35,8730,"{""0"": 11036, ""1"": 9771, ""2"": 11678, ""3"": 8554, ""4"": 12319, ""5"": 8941}",connected
62399,174,20000,0.050000000000000044,0.4699499954283237,-7.145094007961452,0.33178235590457916,0.35,8730,"{""0"": 11051, ""1"": 9802, ""2"": 11680, ""3"": 8569, ""4"": 12352, ""5"": 8945}",connected
62499,174,20000,0.050000000000000044,0.4473019030690193,-7.145094007961452,0.3317728820443153,0.35,8730,"{""0"": 11054, ""1"": 9823, ""2"": 11701, ""3"": 8587, ""4"": 12376, ""5"": 8958}",connected
62599,174,20000,0.050000000000000044,0.44383614748716355,-7.145094007961452,0.33163433000445364,0.35,8730,"{""0"": 11074, ""1"": 9846, ""2"": 11724, ""3"": 8597, ""4"": 12394, ""5"": 8964}",connected
62699,174,20000,0.050000000000000044,0.4286536468565464,-7.145094007961452,0.33107578799128534,0.35,8730,"{""0"": 11096, ""1"": 9856, ""2"": 11732, ""3"": 8641, ""4"": 12408, ""5"": 8966}",connected
62799,176,20000,0.050000000000000044,0.4242742246389389,-7.150172469727695,0.32605637595057485,0.35,8730,"{""0"": 11139, ""1"": 9860, ""2"": 11738, ""3"": 8648, ""4"": 12432, ""5"": 8982}",connected
62899,176,20000,0.050000000000000044,0.42977041512727737,-7.150172469727695,0.3269252632558346,0.35,8730,"{""0"": 11148, ""1"": 9900, ""2"": 11770, ""3"": 8656, ""4"": 12442, ""5"": 8983}",connected
62999,176,20000,0.050000000000000044,0.4081339077651501,-7.150172469727695,0.33558184549212455,0.35,8730,"{""0"": 11157, ""1"": 9929, ""2"": 11792, ""3"": 8663, ""4"": 12466, ""5"": 8992}",connected
63099,176,20000,0.050000000000000044,0.43956717729568484,-7.150172469727695,0.3345347164571285,0.35,8730,"{""0"": 11168, ""1"": 9968, ""2"": 11835, ""3"": 8665, ""4"": 12468, ""5"": 8995}",connected
63199,176,20000,0.050000000000000044,0.4358465944230556,-7.150172469727695,0.3351650448143482,0.35,8730,"{""0"": 11185, ""1"": 9999, ""2"": 11870, ""3"": 8672, ""4"": 12473, ""5"": 9000}",connected
63299,176,20000,0.050000000000000044,0.4372535941004753,-7.150172469727695,0.33490066513419153,0.35,8730,"{""0"": 11193, ""1"": 10037, ""2"": 11903, ""3"": 8673, ""4"": 12479, ""5"": 9014}",connected
63399,176,20000,0.050000000000000044,0.44334229052066804,-7.150172469727695,0.32960917621850966,0.35,8730,"{""0"": 11217, ""1"": 10067, ""2"": 11914, ""3"": 8696, ""4"": 12482, ""5"": 9023}",connected
63499,178,20000,0.050000000000000044,0.42298195123672483,-7.141264903848059,0.32870561808347704,0.35,8730,"{""0"": 11223, ""1"": 10093, ""2"": 11936, ""3"": 8713, ""4"": 12507, ""5"": 9027}",connected
63599,178,20000,0.050000000000000044,0.39672560155391695,-7.141264903848059,0.32889300063252447,0.35,8730,"{""0"": 11241, ""1"": 10110, ""2"": 11949, ""3"": 8732, ""4"": 12524, ""5"": 9043}",connected
63699,178,20000,0.050000000000000044,0.3616261060535908,-7.141264903848059,0.3284107147157192,0.35,8730,"{""0"": 11250, ""1"": 10140, ""2"": 11957, ""3"": 8771, ""4"": 12532, ""5"": 9049}",connected
63712,178,20000,0.050000000000000044,0.36321986943483353,-7.141264903848059,0.3261381064355373,0.35,8730,"{""0"": 11250, ""1"": 10140, ""2"": 11963, ""3"": 8778, ""4"": 12532, ""5"": 9049}",stopped
