global_step,episode_count,replay_size,epsilon,loss,mean_reward_100,action_counts,connection_status
99,0,99,0.9984325,0.0,0.0,"{""0"": 22, ""1"": 13, ""2"": 19, ""3"": 13, ""4"": 19, ""5"": 13}",connected
199,0,199,0.9968491666666667,0.0,0.0,"{""0"": 45, ""1"": 38, ""2"": 28, ""3"": 26, ""4"": 31, ""5"": 31}",connected
299,0,299,0.9952658333333333,0.0,0.0,"{""0"": 66, ""1"": 50, ""2"": 42, ""3"": 44, ""4"": 51, ""5"": 46}",connected
399,0,399,0.9936825,0.0,0.0,"{""0"": 81, ""1"": 66, ""2"": 64, ""3"": 63, ""4"": 66, ""5"": 59}",connected
499,0,499,0.9920991666666666,0.0,0.0,"{""0"": 99, ""1"": 85, ""2"": 77, ""3"": 81, ""4"": 81, ""5"": 76}",connected
599,0,599,0.9905158333333334,0.0,0.0,"{""0"": 120, ""1"": 100, ""2"": 88, ""3"": 100, ""4"": 95, ""5"": 96}",connected
699,0,699,0.9889325,0.0,0.0,"{""0"": 140, ""1"": 117, ""2"": 110, ""3"": 116, ""4"": 106, ""5"": 110}",connected
799,2,799,0.9873491666666667,0.0,-6.7368249509017915,"{""0"": 158, ""1"": 133, ""2"": 124, ""3"": 131, ""4"": 127, ""5"": 126}",connected
899,2,899,0.9857658333333333,0.0,-6.7368249509017915,"{""0"": 177, ""1"": 147, ""2"": 144, ""3"": 147, ""4"": 142, ""5"": 142}",connected
999,2,999,0.9841825,0.0,-6.7368249509017915,"{""0"": 197, ""1"": 165, ""2"": 162, ""3"": 164, ""4"": 151, ""5"": 160}",connected
1099,2,1099,0.9825991666666667,0.0,-6.7368249509017915,"{""0"": 209, ""1"": 190, ""2"": 180, ""3"": 180, ""4"": 167, ""5"": 173}",connected
1199,2,1199,0.9810158333333333,0.0,-6.7368249509017915,"{""0"": 224, ""1"": 208, ""2"": 195, ""3"": 201, ""4"": 186, ""5"": 185}",connected
1299,2,1299,0.9794325,0.0,-6.7368249509017915,"{""0"": 237, ""1"": 224, ""2"": 213, ""3"": 221, ""4"": 201, ""5"": 203}",connected
1399,2,1399,0.9778491666666667,0.0,-6.7368249509017915,"{""0"": 256, ""1"": 233, ""2"": 233, ""3"": 242, ""4"": 219, ""5"": 216}",connected
1499,4,1499,0.9762658333333334,0.0,-6.519961190060712,"{""0"": 271, ""1"": 257, ""2"": 259, ""3"": 251, ""4"": 235, ""5"": 226}",connected
1599,4,1599,0.9746825,0.0,-6.519961190060712,"{""0"": 287, ""1"": 278, ""2"": 274, ""3"": 271, ""4"": 247, ""5"": 242}",connected
1699,4,1699,0.9730991666666666,0.0,-6.519961190060712,"{""0"": 306, ""1"": 292, ""2"": 287, ""3"": 282, ""4"": 269, ""5"": 263}",connected
1799,4,1799,0.9715158333333334,0.0,-6.519961190060712,"{""0"": 322, ""1"": 306, ""2"": 301, ""3"": 300, ""4"": 288, ""5"": 282}",connected
1899,4,1899,0.9699325,0.0,-6.519961190060712,"{""0"": 336, ""1"": 327, ""2"": 318, ""3"": 317, ""4"": 310, ""5"": 291}",connected
1999,4,1999,0.9683491666666667,0.0,-6.519961190060712,"{""0"": 356, ""1"": 341, ""2"": 332, ""3"": 332, ""4"": 328, ""5"": 310}",connected
2099,4,2099,0.9667658333333333,0.052519794777035715,-6.519961190060712,"{""0"": 374, ""1"": 364, ""2"": 348, ""3"": 346, ""4"": 340, ""5"": 327}",connected
2199,6,2199,0.9651825,0.04235471326857805,-7.241750503191724,"{""0"": 401, ""1"": 386, ""2"": 354, ""3"": 363, ""4"": 357, ""5"": 338}",connected
2299,6,2299,0.9635991666666667,0.036935018015404546,-7.241750503191724,"{""0"": 415, ""1"": 407, ""2"": 372, ""3"": 373, ""4"": 376, ""5"": 356}",connected
2399,6,2399,0.9620158333333333,0.03204263723921031,-7.241750503191724,"{""0"": 435, ""1"": 427, ""2"": 380, ""3"": 398, ""4"": 388, ""5"": 371}",connected
2499,8,2499,0.9604325,0.023434289353899657,-5.207553269574419,"{""0"": 444, ""1"": 444, ""2"": 399, ""3"": 415, ""4"": 409, ""5"": 388}",connected
2599,8,2599,0.9588491666666666,0.02051976482383907,-5.207553269574419,"{""0"": 456, ""1"": 463, ""2"": 418, ""3"": 432, ""4"": 423, ""5"": 407}",connected
2699,8,2699,0.9572658333333334,0.01735624748747796,-5.207553269574419,"{""0"": 471, ""1"": 482, ""2"": 426, ""3"": 447, ""4"": 443, ""5"": 430}",connected
2799,8,2799,0.9556825,0.016916811279952527,-5.207553269574419,"{""0"": 482, ""1"": 493, ""2"": 445, ""3"": 464, ""4"": 465, ""5"": 450}",connected
2899,8,2899,0.9540991666666667,0.01607211963739246,-5.207553269574419,"{""0"": 500, ""1"": 506, ""2"": 461, ""3"": 481, ""4"": 477, ""5"": 474}",connected
2999,10,2999,0.9525158333333333,0.014719149176962674,-4.549302961723879,"{""0"": 514, ""1"": 521, ""2"": 490, ""3"": 501, ""4"": 493, ""5"": 480}",connected
3099,10,3099,0.9509325,0.015340300407260657,-4.549302961723879,"{""0"": 531, ""1"": 537, ""2"": 510, ""3"": 515, ""4"": 510, ""5"": 496}",connected
3199,10,3199,0.9493491666666667,0.014358848733827471,-4.549302961723879,"{""0"": 546, ""1"": 551, ""2"": 524, ""3"": 536, ""4"": 528, ""5"": 514}",connected
3299,10,3299,0.9477658333333333,0.013795189606025816,-4.549302961723879,"{""0"": 568, ""1"": 570, ""2"": 538, ""3"": 553, ""4"": 542, ""5"": 528}",connected
3399,10,3399,0.9461825,0.012675057812593878,-4.549302961723879,"{""0"": 582, ""1"": 583, ""2"": 556, ""3"": 568, ""4"": 562, ""5"": 548}",connected
3499,10,3499,0.9445991666666667,0.012252160650677978,-4.549302961723879,"{""0"": 600, ""1"": 602, ""2"": 570, ""3"": 583, ""4"": 582, ""5"": 562}",connected
3599,10,3599,0.9430158333333334,0.013694426072761416,-4.549302961723879,"{""0"": 612, ""1"": 614, ""2"": 588, ""3"": 603, ""4"": 606, ""5"": 576}",connected
3699,12,3699,0.9414325,0.013197553865611554,-4.903329807294843,"{""0"": 627, ""1"": 628, ""2"": 603, ""3"": 625, ""4"": 621, ""5"": 595}",connected
3799,12,3799,0.9398491666666666,0.014208758752793073,-4.903329807294843,"{""0"": 638, ""1"": 640, ""2"": 616, ""3"": 647, ""4"": 641, ""5"": 617}",connected
3899,12,3899,0.9382658333333334,0.014236095752567053,-4.903329807294843,"{""0"": 657, ""1"": 651, ""2"": 637, ""3"": 659, ""4"": 657, ""5"": 638}",connected
3999,12,3999,0.9366825,0.0133157320600003,-4.903329807294843,"{""0"": 670, ""1"": 665, ""2"": 658, ""3"": 678, ""4"": 670, ""5"": 658}",connected
4099,12,4099,0.9350991666666667,0.013224074416793883,-4.903329807294843,"{""0"": 691, ""1"": 682, ""2"": 676, ""3"": 691, ""4"": 683, ""5"": 676}",connected
4199,12,4199,0.9335158333333333,0.013029720722697676,-4.903329807294843,"{""0"": 710, ""1"": 699, ""2"": 699, ""3"": 706, ""4"": 694, ""5"": 691}",connected
4299,12,4299,0.9319325,0.01282376711955294,-4.903329807294843,"{""0"": 722, ""1"": 716, ""2"": 715, ""3"": 724, ""4"": 712, ""5"": 710}",connected
4399,14,4399,0.9303491666666667,0.01202433996135369,-5.263705588078925,"{""0"": 739, ""1"": 731, ""2"": 732, ""3"": 743, ""4"": 725, ""5"": 729}",connected
4499,14,4499,0.9287658333333333,0.012236685764510185,-5.263705588078925,"{""0"": 755, ""1"": 744, ""2"": 751, ""3"": 763, ""4"": 745, ""5"": 741}",connected
4599,14,4599,0.9271825,0.012073543223086744,-5.263705588078925,"{""0"": 780, ""1"": 754, ""2"": 770, ""3"": 784, ""4"": 757, ""5"": 754}",connected
4699,14,4699,0.9255991666666666,0.01118538604816422,-5.263705588078925,"{""0"": 803, ""1"": 768, ""2"": 784, ""3"": 798, ""4"": 773, ""5"": 773}",connected
4799,14,4799,0.9240158333333334,0.010933598689734935,-5.263705588078925,"{""0"": 823, ""1"": 780, ""2"": 810, ""3"": 811, ""4"": 787, ""5"": 788}",connected
4899,14,4899,0.9224325,0.0110079615842551,-5.263705588078925,"{""0"": 833, ""1"": 793, ""2"": 834, ""3"": 828, ""4"": 802, ""5"": 809}",connected
4999,14,4999,0.9208491666666667,0.00976994619006291,-5.263705588078925,"{""0"": 859, ""1"": 804, ""2"": 848, ""3"": 849, ""4"": 819, ""5"": 820}",connected
5099,16,5099,0.9192658333333333,0.009579800746869295,-5.3930887606111355,"{""0"": 875, ""1"": 818, ""2"": 865, ""3"": 869, ""4"": 832, ""5"": 840}",connected
5199,16,5199,0.9176825,0.009858487411402167,-5.3930887606111355,"{""0"": 895, ""1"": 831, ""2"": 886, ""3"": 887, ""4"": 848, ""5"": 852}",connected
5299,16,5299,0.9160991666666667,0.009560808422975242,-5.3930887606111355,"{""0"": 917, ""1"": 847, ""2"": 904, ""3"": 908, ""4"": 864, ""5"": 859}",connected
5399,16,5399,0.9145158333333333,0.009814328434877097,-5.3930887606111355,"{""0"": 928, ""1"": 857, ""2"": 923, ""3"": 928, ""4"": 884, ""5"": 879}",connected
5499,16,5499,0.9129325,0.009366618604399263,-5.3930887606111355,"{""0"": 940, ""1"": 877, ""2"": 940, ""3"": 946, ""4"": 898, ""5"": 898}",connected
5599,16,5599,0.9113491666666667,0.009111102104652673,-5.3930887606111355,"{""0"": 961, ""1"": 890, ""2"": 962, ""3"": 960, ""4"": 910, ""5"": 916}",connected
5699,16,5699,0.9097658333333334,0.008750317639205606,-5.3930887606111355,"{""0"": 969, ""1"": 911, ""2"": 975, ""3"": 973, ""4"": 934, ""5"": 937}",connected
5799,16,5799,0.9081825,0.009231831138022244,-5.3930887606111355,"{""0"": 985, ""1"": 928, ""2"": 996, ""3"": 989, ""4"": 947, ""5"": 954}",connected
5899,18,5899,0.9065991666666666,0.0101476321532391,-5.507680739896993,"{""0"": 1002, ""1"": 941, ""2"": 1018, ""3"": 1011, ""4"": 962, ""5"": 965}",connected
5999,18,5999,0.9050158333333334,0.010504926715511828,-5.507680739896993,"{""0"": 1022, ""1"": 957, ""2"": 1034, ""3"": 1025, ""4"": 980, ""5"": 981}",connected
6099,18,6099,0.9034325,0.011511649859603495,-5.507680739896993,"{""0"": 1035, ""1"": 971, ""2"": 1054, ""3"": 1041, ""4"": 1002, ""5"": 996}",connected
6199,18,6199,0.9018491666666667,0.010566926989704371,-5.507680739896993,"{""0"": 1052, ""1"": 991, ""2"": 1068, ""3"": 1057, ""4"": 1022, ""5"": 1009}",connected
6299,18,6299,0.9002658333333333,0.010126444827765226,-5.507680739896993,"{""0"": 1067, ""1"": 1010, ""2"": 1087, ""3"": 1066, ""4"": 1044, ""5"": 1025}",connected
6399,18,6399,0.8986825,0.00890671372646466,-5.507680739896993,"{""0"": 1080, ""1"": 1023, ""2"": 1108, ""3"": 1083, ""4"": 1067, ""5"": 1038}",connected
6499,18,6499,0.8970991666666667,0.008310870118439197,-5.507680739896993,"{""0"": 1097, ""1"": 1045, ""2"": 1115, ""3"": 1096, ""4"": 1088, ""5"": 1058}",connected
6599,20,6599,0.8955158333333333,0.008029602689202876,-5.610151107655838,"{""0"": 1113, ""1"": 1059, ""2"": 1125, ""3"": 1109, ""4"": 1112, ""5"": 1081}",connected
6699,20,6699,0.8939325,0.007266880762763321,-5.610151107655838,"{""0"": 1129, ""1"": 1072, ""2"": 1140, ""3"": 1128, ""4"": 1132, ""5"": 1098}",connected
6799,20,6799,0.8923491666666666,0.00760967924958095,-5.610151107655838,"{""0"": 1143, ""1"": 1090, ""2"": 1159, ""3"": 1142, ""4"": 1149, ""5"": 1116}",connected
6899,20,6899,0.8907658333333334,0.007307112910784781,-5.610151107655838,"{""0"": 1154, ""1"": 1114, ""2"": 1179, ""3"": 1163, ""4"": 1164, ""5"": 1125}",connected
6999,20,6999,0.8891825,0.008360813562758267,-5.610151107655838,"{""0"": 1178, ""1"": 1127, ""2"": 1197, ""3"": 1174, ""4"": 1190, ""5"": 1133}",connected
7099,20,7099,0.8875991666666667,0.009025006517767907,-5.610151107655838,"{""0"": 1194, ""1"": 1147, ""2"": 1214, ""3"": 1190, ""4"": 1206, ""5"": 1148}",connected
7199,20,7199,0.8860158333333333,0.009320237322244794,-5.610151107655838,"{""0"": 1209, ""1"": 1169, ""2"": 1224, ""3"": 1200, ""4"": 1233, ""5"": 1164}",connected
7299,22,7299,0.8844325,0.00921929066767916,-5.652853387979452,"{""0"": 1228, ""1"": 1188, ""2"": 1239, ""3"": 1216, ""4"": 1246, ""5"": 1182}",connected
7399,22,7399,0.8828491666666667,0.008531525703147054,-5.652853387979452,"{""0"": 1252, ""1"": 1200, ""2"": 1258, ""3"": 1229, ""4"": 1262, ""5"": 1198}",connected
7499,22,7499,0.8812658333333333,0.008357792743481696,-5.652853387979452,"{""0"": 1280, ""1"": 1215, ""2"": 1277, ""3"": 1248, ""4"": 1271, ""5"": 1208}",connected
7599,22,7599,0.8796825,0.008506700221914798,-5.652853387979452,"{""0"": 1297, ""1"": 1234, ""2"": 1290, ""3"": 1263, ""4"": 1294, ""5"": 1221}",connected
7699,22,7699,0.8780991666666667,0.00891796161653474,-5.652853387979452,"{""0"": 1317, ""1"": 1248, ""2"": 1301, ""3"": 1279, ""4"": 1314, ""5"": 1240}",connected
7799,22,7799,0.8765158333333334,0.009281178168021143,-5.652853387979452,"{""0"": 1340, ""1"": 1261, ""2"": 1313, ""3"": 1296, ""4"": 1333, ""5"": 1256}",connected
7899,22,7899,0.8749325,0.00866934505989775,-5.652853387979452,"{""0"": 1359, ""1"": 1276, ""2"": 1330, ""3"": 1314, ""4"": 1349, ""5"": 1271}",connected
7999,24,7999,0.8733491666666666,0.008017620374448597,-5.713859974251439,"{""0"": 1374, ""1"": 1288, ""2"": 1349, ""3"": 1337, ""4"": 1367, ""5"": 1284}",connected
8099,24,8099,0.8717658333333334,0.007602943200618028,-5.713859974251439,"{""0"": 1397, ""1"": 1300, ""2"": 1369, ""3"": 1351, ""4"": 1383, ""5"": 1299}",connected
8199,24,8199,0.8701825000000001,0.0072864509024657305,-5.713859974251439,"{""0"": 1412, ""1"": 1321, ""2"": 1391, ""3"": 1365, ""4"": 1399, ""5"": 1311}",connected
8299,24,8299,0.8685991666666667,0.008440738681238145,-5.713859974251439,"{""0"": 1430, ""1"": 1333, ""2"": 1407, ""3"": 1384, ""4"": 1417, ""5"": 1328}",connected
8399,24,8399,0.8670158333333333,0.00960276577854529,-5.713859974251439,"{""0"": 1441, ""1"": 1354, ""2"": 1422, ""3"": 1407, ""4"": 1434, ""5"": 1341}",connected
8499,24,8499,0.8654325,0.010272653035353869,-5.713859974251439,"{""0"": 1461, ""1"": 1375, ""2"": 1433, ""3"": 1426, ""4"": 1444, ""5"": 1360}",connected
8599,24,8599,0.8638491666666667,0.010047059138305486,-5.713859974251439,"{""0"": 1473, ""1"": 1383, ""2"": 1444, ""3"": 1452, ""4"": 1473, ""5"": 1374}",connected
8699,26,8699,0.8622658333333333,0.009362347780261189,-5.7624493182565155,"{""0"": 1489, ""1"": 1400, ""2"": 1459, ""3"": 1465, ""4"": 1496, ""5"": 1390}",connected
8799,26,8799,0.8606825,0.008891445791814476,-5.7624493182565155,"{""0"": 1500, ""1"": 1415, ""2"": 1481, ""3"": 1485, ""4"": 1518, ""5"": 1400}",connected
8899,26,8899,0.8590991666666666,0.007223617453128099,-5.7624493182565155,"{""0"": 1514, ""1"": 1433, ""2"": 1492, ""3"": 1502, ""4"": 1538, ""5"": 1420}",connected
8999,26,8999,0.8575158333333334,0.006866519642062485,-5.7624493182565155,"{""0"": 1541, ""1"": 1441, ""2"": 1512, ""3"": 1510, ""4"": 1558, ""5"": 1437}",connected
9099,26,9099,0.8559325,0.006745632833335549,-5.7624493182565155,"{""0"": 1562, ""1"": 1460, ""2"": 1524, ""3"": 1516, ""4"": 1580, ""5"": 1457}",connected
9199,26,9199,0.8543491666666667,0.0060453375172801315,-5.7624493182565155,"{""0"": 1582, ""1"": 1485, ""2"": 1537, ""3"": 1528, ""4"": 1596, ""5"": 1471}",connected
9299,26,9299,0.8527658333333333,0.006591993509791791,-5.7624493182565155,"{""0"": 1604, ""1"": 1497, ""2"": 1548, ""3"": 1548, ""4"": 1618, ""5"": 1484}",connected
9399,26,9399,0.8511825,0.007271446436643601,-5.7624493182565155,"{""0"": 1623, ""1"": 1518, ""2"": 1567, ""3"": 1565, ""4"": 1636, ""5"": 1490}",connected
9499,28,9499,0.8495991666666667,0.007326422035694122,-5.787915142469241,"{""0"": 1641, ""1"": 1536, ""2"": 1583, ""3"": 1583, ""4"": 1648, ""5"": 1508}",connected
9599,28,9599,0.8480158333333333,0.008544362073298544,-5.787915142469241,"{""0"": 1650, ""1"": 1559, ""2"": 1603, ""3"": 1604, ""4"": 1659, ""5"": 1524}",connected
9699,28,9699,0.8464325,0.008924325748812406,-5.787915142469241,"{""0"": 1667, ""1"": 1568, ""2"": 1621, ""3"": 1618, ""4"": 1684, ""5"": 1541}",connected
9799,28,9799,0.8448491666666667,0.008589542175177484,-5.787915142469241,"{""0"": 1681, ""1"": 1572, ""2"": 1642, ""3"": 1636, ""4"": 1710, ""5"": 1558}",connected
9899,28,9899,0.8432658333333334,0.009580212021246553,-5.787915142469241,"{""0"": 1688, ""1"": 1590, ""2"": 1656, ""3"": 1667, ""4"": 1731, ""5"": 1567}",connected
9999,28,9999,0.8416825,0.008701781101990491,-5.787915142469241,"{""0"": 1708, ""1"": 1602, ""2"": 1667, ""3"": 1682, ""4"": 1754, ""5"": 1586}",connected
10099,30,10099,0.8400991666666666,0.00940032080747187,-5.550491149211302,"{""0"": 1734, ""1"": 1616, ""2"": 1689, ""3"": 1697, ""4"": 1766, ""5"": 1597}",connected
10199,30,10199,0.8385158333333333,0.009373571407049894,-5.550491149211302,"{""0"": 1754, ""1"": 1638, ""2"": 1703, ""3"": 1717, ""4"": 1778, ""5"": 1609}",connected
10299,30,10299,0.8369325000000001,0.008413559517357498,-5.550491149211302,"{""0"": 1770, ""1"": 1646, ""2"": 1725, ""3"": 1730, ""4"": 1802, ""5"": 1626}",connected
10399,30,10399,0.8353491666666667,0.008373087246436626,-5.550491149211302,"{""0"": 1792, ""1"": 1662, ""2"": 1742, ""3"": 1742, ""4"": 1818, ""5"": 1643}",connected
10499,30,10499,0.8337658333333333,0.007705068518407643,-5.550491149211302,"{""0"": 1804, ""1"": 1682, ""2"": 1759, ""3"": 1762, ""4"": 1838, ""5"": 1654}",connected
10599,30,10599,0.8321825,0.009441842867527157,-5.550491149211302,"{""0"": 1821, ""1"": 1702, ""2"": 1771, ""3"": 1790, ""4"": 1847, ""5"": 1668}",connected
10699,30,10699,0.8305991666666667,0.009594738406594843,-5.550491149211302,"{""0"": 1841, ""1"": 1722, ""2"": 1780, ""3"": 1817, ""4"": 1857, ""5"": 1682}",connected
10799,32,10799,0.8290158333333333,0.010223860272672027,-5.622022483192268,"{""0"": 1858, ""1"": 1743, ""2"": 1798, ""3"": 1833, ""4"": 1874, ""5"": 1693}",connected
10899,32,10899,0.8274325,0.010832266996148974,-5.622022483192268,"{""0"": 1881, ""1"": 1764, ""2"": 1814, ""3"": 1845, ""4"": 1885, ""5"": 1710}",connected
10999,32,10999,0.8258491666666667,0.009445647527463734,-5.622022483192268,"{""0"": 1904, ""1"": 1776, ""2"": 1831, ""3"": 1859, ""4"": 1903, ""5"": 1726}",connected
11099,32,11099,0.8242658333333334,0.009619028975721448,-5.622022483192268,"{""0"": 1923, ""1"": 1792, ""2"": 1851, ""3"": 1878, ""4"": 1915, ""5"": 1740}",connected
11199,32,11199,0.8226825,0.009269510512240231,-5.622022483192268,"{""0"": 1945, ""1"": 1804, ""2"": 1869, ""3"": 1902, ""4"": 1925, ""5"": 1754}",connected
11299,32,11299,0.8210991666666667,0.008243939052335917,-5.622022483192268,"{""0"": 1973, ""1"": 1821, ""2"": 1877, ""3"": 1921, ""4"": 1940, ""5"": 1767}",connected
11399,32,11399,0.8195158333333333,0.007797456986736506,-5.622022483192268,"{""0"": 1989, ""1"": 1845, ""2"": 1887, ""3"": 1936, ""4"": 1955, ""5"": 1787}",connected
11499,34,11499,0.8179325000000001,0.007821085362229497,-5.6321417854496225,"{""0"": 2000, ""1"": 1867, ""2"": 1915, ""3"": 1951, ""4"": 1967, ""5"": 1799}",connected
11599,34,11599,0.8163491666666667,0.007459426149725914,-5.6321417854496225,"{""0"": 2021, ""1"": 1875, ""2"": 1938, ""3"": 1966, ""4"": 1977, ""5"": 1822}",connected
11699,34,11699,0.8147658333333333,0.007816684709396213,-5.6321417854496225,"{""0"": 2035, ""1"": 1895, ""2"": 1953, ""3"": 1977, ""4"": 1993, ""5"": 1846}",connected
11799,34,11799,0.8131825,0.00796168448869139,-5.6321417854496225,"{""0"": 2053, ""1"": 1914, ""2"": 1977, ""3"": 1994, ""4"": 2003, ""5"": 1858}",connected
11899,34,11899,0.8115991666666666,0.007319161575287581,-5.6321417854496225,"{""0"": 2068, ""1"": 1932, ""2"": 1991, ""3"": 2005, ""4"": 2030, ""5"": 1873}",connected
11999,34,11999,0.8100158333333334,0.0069226012122817334,-5.6321417854496225,"{""0"": 2089, ""1"": 1947, ""2"": 2011, ""3"": 2021, ""4"": 2045, ""5"": 1886}",connected
12099,34,12099,0.8084325,0.007257559071294963,-5.6321417854496225,"{""0"": 2108, ""1"": 1960, ""2"": 2024, ""3"": 2033, ""4"": 2070, ""5"": 1904}",connected
12199,34,12199,0.8068491666666666,0.008237725202925504,-5.6321417854496225,"{""0"": 2121, ""1"": 1995, ""2"": 2031, ""3"": 2050, ""4"": 2084, ""5"": 1918}",connected
12299,36,12299,0.8052658333333333,0.010358950786758215,-5.668431983756212,"{""0"": 2133, ""1"": 2018, ""2"": 2047, ""3"": 2064, ""4"": 2107, ""5"": 1930}",connected
12399,36,12399,0.8036825000000001,0.012320675235241652,-5.668431983756212,"{""0"": 2148, ""1"": 2029, ""2"": 2065, ""3"": 2086, ""4"": 2122, ""5"": 1949}",connected
12499,36,12499,0.8020991666666667,0.013184289745986462,-5.668431983756212,"{""0"": 2164, ""1"": 2051, ""2"": 2081, ""3"": 2101, ""4"": 2138, ""5"": 1964}",connected
12599,36,12599,0.8005158333333333,0.013340162648819386,-5.668431983756212,"{""0"": 2176, ""1"": 2073, ""2"": 2104, ""3"": 2112, ""4"": 2155, ""5"": 1979}",connected
12699,36,12699,0.7989325,0.012386777349747717,-5.668431983756212,"{""0"": 2191, ""1"": 2092, ""2"": 2123, ""3"": 2136, ""4"": 2165, ""5"": 1992}",connected
12799,36,12799,0.7973491666666667,0.012200808476191014,-5.668431983756212,"{""0"": 2206, ""1"": 2110, ""2"": 2146, ""3"": 2147, ""4"": 2182, ""5"": 2008}",connected
12899,36,12899,0.7957658333333333,0.012052995210979134,-5.668431983756212,"{""0"": 2221, ""1"": 2125, ""2"": 2166, ""3"": 2160, ""4"": 2205, ""5"": 2022}",connected
12999,38,12999,0.7941825,0.011608312565367668,-5.681086351592584,"{""0"": 2240, ""1"": 2144, ""2"": 2183, ""3"": 2178, ""4"": 2217, ""5"": 2037}",connected
13099,38,13099,0.7925991666666667,0.012024358317721634,-5.681086351592584,"{""0"": 2247, ""1"": 2163, ""2"": 2206, ""3"": 2202, ""4"": 2231, ""5"": 2050}",connected
13199,38,13199,0.7910158333333334,0.011490466187242419,-5.681086351592584,"{""0"": 2269, ""1"": 2185, ""2"": 2215, ""3"": 2213, ""4"": 2249, ""5"": 2068}",connected
13299,38,13299,0.7894325,0.011699117186944932,-5.681086351592584,"{""0"": 2283, ""1"": 2202, ""2"": 2236, ""3"": 2232, ""4"": 2266, ""5"": 2080}",connected
13399,38,13399,0.7878491666666667,0.01264320533024147,-5.681086351592584,"{""0"": 2306, ""1"": 2213, ""2"": 2252, ""3"": 2242, ""4"": 2291, ""5"": 2095}",connected
13499,38,13499,0.7862658333333333,0.0125785623351112,-5.681086351592584,"{""0"": 2318, ""1"": 2241, ""2"": 2265, ""3"": 2256, ""4"": 2316, ""5"": 2103}",connected
13599,38,13599,0.7846825000000001,0.012319780827965587,-5.681086351592584,"{""0"": 2335, ""1"": 2253, ""2"": 2291, ""3"": 2270, ""4"": 2329, ""5"": 2121}",connected
13699,40,13699,0.7830991666666667,0.012353430828079581,-5.677870998287108,"{""0"": 2354, ""1"": 2271, ""2"": 2301, ""3"": 2291, ""4"": 2349, ""5"": 2133}",connected
13799,40,13799,0.7815158333333333,0.01205925554037094,-5.677870998287108,"{""0"": 2379, ""1"": 2281, ""2"": 2315, ""3"": 2306, ""4"": 2363, ""5"": 2155}",connected
13899,40,13899,0.7799325,0.01179095410509035,-5.677870998287108,"{""0"": 2392, ""1"": 2304, ""2"": 2342, ""3"": 2316, ""4"": 2380, ""5"": 2165}",connected
13999,40,13999,0.7783491666666666,0.011830072542652488,-5.677870998287108,"{""0"": 2406, ""1"": 2324, ""2"": 2361, ""3"": 2334, ""4"": 2395, ""5"": 2179}",connected
14099,40,14099,0.7767658333333334,0.012494877255521715,-5.677870998287108,"{""0"": 2421, ""1"": 2337, ""2"": 2372, ""3"": 2356, ""4"": 2412, ""5"": 2201}",connected
14199,40,14199,0.7751825,0.011810814198106527,-5.677870998287108,"{""0"": 2430, ""1"": 2350, ""2"": 2387, ""3"": 2390, ""4"": 2414, ""5"": 2228}",connected
14299,40,14299,0.7735991666666666,0.012249689074233175,-5.677870998287108,"{""0"": 2440, ""1"": 2361, ""2"": 2401, ""3"": 2415, ""4"": 2440, ""5"": 2242}",connected
14399,42,14399,0.7720158333333333,0.01332281527807936,-5.713376630496766,"{""0"": 2459, ""1"": 2370, ""2"": 2423, ""3"": 2430, ""4"": 2453, ""5"": 2264}",connected
14499,42,14499,0.7704325000000001,0.012077079834416509,-5.713376630496766,"{""0"": 2476, ""1"": 2386, ""2"": 2432, ""3"": 2457, ""4"": 2465, ""5"": 2283}",connected
14599,42,14599,0.7688491666666667,0.012937255408614875,-5.713376630496766,"{""0"": 2490, ""1"": 2401, ""2"": 2445, ""3"": 2481, ""4"": 2483, ""5"": 2299}",connected
14699,42,14699,0.7672658333333333,0.01249222306534648,-5.713376630496766,"{""0"": 2500, ""1"": 2419, ""2"": 2458, ""3"": 2503, ""4"": 2493, ""5"": 2326}",connected
14799,42,14799,0.7656825,0.011524512930773199,-5.713376630496766,"{""0"": 2514, ""1"": 2435, ""2"": 2469, ""3"": 2526, ""4"": 2519, ""5"": 2336}",connected
14899,42,14899,0.7640991666666667,0.011524710282683372,-5.713376630496766,"{""0"": 2519, ""1"": 2448, ""2"": 2480, ""3"": 2557, ""4"": 2541, ""5"": 2354}",connected
14999,42,14999,0.7625158333333333,0.010626808390952647,-5.713376630496766,"{""0"": 2535, ""1"": 2455, ""2"": 2506, ""3"": 2574, ""4"": 2562, ""5"": 2367}",connected
15099,44,15099,0.7609325,0.011360611030831934,-5.743240309974433,"{""0"": 2553, ""1"": 2476, ""2"": 2534, ""3"": 2583, ""4"": 2575, ""5"": 2378}",connected
15199,44,15199,0.7593491666666666,0.011547562466003001,-5.743240309974433,"{""0"": 2580, ""1"": 2488, ""2"": 2548, ""3"": 2606, ""4"": 2586, ""5"": 2391}",connected
15299,44,15299,0.7577658333333334,0.012106348683591932,-5.743240309974433,"{""0"": 2614, ""1"": 2502, ""2"": 2564, ""3"": 2617, ""4"": 2602, ""5"": 2400}",connected
15399,44,15399,0.7561825,0.013513709546532481,-5.743240309974433,"{""0"": 2630, ""1"": 2516, ""2"": 2573, ""3"": 2637, ""4"": 2613, ""5"": 2430}",connected
15499,44,15499,0.7545991666666667,0.014123230387922377,-5.743240309974433,"{""0"": 2648, ""1"": 2537, ""2"": 2589, ""3"": 2648, ""4"": 2631, ""5"": 2446}",connected
15599,44,15599,0.7530158333333333,0.013860272157471628,-5.743240309974433,"{""0"": 2665, ""1"": 2545, ""2"": 2608, ""3"": 2656, ""4"": 2662, ""5"": 2463}",connected
15699,44,15699,0.7514325000000001,0.01422951319720596,-5.743240309974433,"{""0"": 2679, ""1"": 2561, ""2"": 2633, ""3"": 2668, ""4"": 2679, ""5"": 2479}",connected
15799,44,15799,0.7498491666666667,0.012660002144984901,-5.743240309974433,"{""0"": 2709, ""1"": 2574, ""2"": 2659, ""3"": 2680, ""4"": 2688, ""5"": 2489}",connected
15899,46,15899,0.7482658333333334,0.01232637309934944,-5.756125589205033,"{""0"": 2720, ""1"": 2587, ""2"": 2679, ""3"": 2694, ""4"": 2717, ""5"": 2502}",connected
15999,46,15999,0.7466825,0.012723322478123009,-5.756125589205033,"{""0"": 2745, ""1"": 2610, ""2"": 2693, ""3"": 2701, ""4"": 2731, ""5"": 2519}",connected
16099,46,16099,0.7450991666666666,0.01183023141231388,-5.756125589205033,"{""0"": 2765, ""1"": 2631, ""2"": 2708, ""3"": 2720, ""4"": 2742, ""5"": 2533}",connected
16199,46,16199,0.7435158333333334,0.01231855858117342,-5.756125589205033,"{""0"": 2783, ""1"": 2654, ""2"": 2723, ""3"": 2730, ""4"": 2770, ""5"": 2539}",connected
16299,46,16299,0.7419325,0.011124702729284763,-5.756125589205033,"{""0"": 2813, ""1"": 2677, ""2"": 2743, ""3"": 2741, ""4"": 2783, ""5"": 2542}",connected
16399,46,16399,0.7403491666666666,0.010683279142249376,-5.756125589205033,"{""0"": 2833, ""1"": 2692, ""2"": 2763, ""3"": 2758, ""4"": 2799, ""5"": 2554}",connected
16499,46,16499,0.7387658333333333,0.010383650863077491,-5.756125589205033,"{""0"": 2856, ""1"": 2705, ""2"": 2764, ""3"": 2782, ""4"": 2821, ""5"": 2571}",connected
16599,48,16599,0.7371825000000001,0.011290106663946062,-5.755241196117519,"{""0"": 2892, ""1"": 2715, ""2"": 2776, ""3"": 2797, ""4"": 2838, ""5"": 2581}",connected
16699,48,16699,0.7355991666666667,0.011329761592205613,-5.755241196117519,"{""0"": 2922, ""1"": 2733, ""2"": 2791, ""3"": 2810, ""4"": 2852, ""5"": 2591}",connected
16799,48,16799,0.7340158333333333,0.01165454663336277,-5.755241196117519,"{""0"": 2940, ""1"": 2755, ""2"": 2804, ""3"": 2828, ""4"": 2865, ""5"": 2607}",connected
16899,48,16899,0.7324325,0.012546338643878698,-5.755241196117519,"{""0"": 2957, ""1"": 2771, ""2"": 2817, ""3"": 2847, ""4"": 2885, ""5"": 2622}",connected
16999,48,16999,0.7308491666666667,0.011654831268824637,-5.755241196117519,"{""0"": 2979, ""1"": 2802, ""2"": 2834, ""3"": 2855, ""4"": 2895, ""5"": 2634}",connected
17099,48,17099,0.7292658333333334,0.012336756074801088,-5.755241196117519,"{""0"": 3008, ""1"": 2820, ""2"": 2845, ""3"": 2867, ""4"": 2911, ""5"": 2648}",connected
17199,48,17199,0.7276825,0.011854987067636102,-5.755241196117519,"{""0"": 3033, ""1"": 2833, ""2"": 2863, ""3"": 2878, ""4"": 2927, ""5"": 2665}",connected
17299,50,17299,0.7260991666666667,0.01138490655226633,-5.792913745492696,"{""0"": 3054, ""1"": 2846, ""2"": 2883, ""3"": 2887, ""4"": 2941, ""5"": 2688}",connected
17399,50,17399,0.7245158333333334,0.011783593909349292,-5.792913745492696,"{""0"": 3073, ""1"": 2856, ""2"": 2898, ""3"": 2908, ""4"": 2971, ""5"": 2693}",connected
17499,50,17499,0.7229325,0.011717223620507866,-5.792913745492696,"{""0"": 3097, ""1"": 2874, ""2"": 2916, ""3"": 2930, ""4"": 2981, ""5"": 2701}",connected
17599,50,17599,0.7213491666666667,0.012088528694584965,-5.792913745492696,"{""0"": 3124, ""1"": 2883, ""2"": 2934, ""3"": 2938, ""4"": 2998, ""5"": 2722}",connected
17699,50,17699,0.7197658333333334,0.011896375555079431,-5.792913745492696,"{""0"": 3146, ""1"": 2891, ""2"": 2954, ""3"": 2961, ""4"": 3012, ""5"": 2735}",connected
17799,50,17799,0.7181825,0.01304645795142278,-5.792913745492696,"{""0"": 3167, ""1"": 2905, ""2"": 2977, ""3"": 2981, ""4"": 3025, ""5"": 2744}",connected
17899,50,17899,0.7165991666666667,0.011859226215165108,-5.792913745492696,"{""0"": 3190, ""1"": 2919, ""2"": 2999, ""3"": 2991, ""4"": 3040, ""5"": 2760}",connected
17999,52,17999,0.7150158333333334,0.012727788521442563,-5.786748049521031,"{""0"": 3207, ""1"": 2927, ""2"": 3031, ""3"": 3001, ""4"": 3063, ""5"": 2770}",connected
18099,52,18099,0.7134325,0.012460847708862275,-5.786748049521031,"{""0"": 3221, ""1"": 2948, ""2"": 3049, ""3"": 3017, ""4"": 3082, ""5"": 2782}",connected
18199,52,18199,0.7118491666666666,0.011165429826360197,-5.786748049521031,"{""0"": 3238, ""1"": 2968, ""2"": 3064, ""3"": 3030, ""4"": 3103, ""5"": 2796}",connected
18299,52,18299,0.7102658333333334,0.011799253323115409,-5.786748049521031,"{""0"": 3261, ""1"": 2981, ""2"": 3083, ""3"": 3039, ""4"": 3113, ""5"": 2822}",connected
18399,52,18399,0.7086825000000001,0.011117894989438356,-5.786748049521031,"{""0"": 3275, ""1"": 3004, ""2"": 3101, ""3"": 3053, ""4"": 3128, ""5"": 2838}",connected
18499,52,18499,0.7070991666666666,0.011299218374770135,-5.786748049521031,"{""0"": 3286, ""1"": 3025, ""2"": 3121, ""3"": 3075, ""4"": 3137, ""5"": 2855}",connected
18599,54,18599,0.7055158333333333,0.011184460802469402,-5.623322822282919,"{""0"": 3307, ""1"": 3039, ""2"": 3152, ""3"": 3082, ""4"": 3150, ""5"": 2869}",connected
18699,54,18699,0.7039325000000001,0.012569915540516376,-5.623322822282919,"{""0"": 3325, ""1"": 3056, ""2"": 3166, ""3"": 3098, ""4"": 3169, ""5"": 2885}",connected
18799,54,18799,0.7023491666666666,0.01276835024356842,-5.623322822282919,"{""0"": 3340, ""1"": 3070, ""2"": 3192, ""3"": 3113, ""4"": 3185, ""5"": 2899}",connected
18899,54,18899,0.7007658333333333,0.013996754107065499,-5.623322822282919,"{""0"": 3353, ""1"": 3089, ""2"": 3208, ""3"": 3129, ""4"": 3204, ""5"": 2916}",connected
18999,56,18999,0.6991825,0.014106939695775509,-5.443290507720251,"{""0"": 3366, ""1"": 3106, ""2"": 3225, ""3"": 3151, ""4"": 3216, ""5"": 2935}",connected
19099,56,19099,0.6975991666666667,0.013243936086073518,-5.443290507720251,"{""0"": 3391, ""1"": 3114, ""2"": 3241, ""3"": 3171, ""4"": 3234, ""5"": 2948}",connected
19199,56,19199,0.6960158333333333,0.013052529923152178,-5.443290507720251,"{""0"": 3416, ""1"": 3130, ""2"": 3255, ""3"": 3185, ""4"": 3255, ""5"": 2958}",connected
19299,56,19299,0.6944325,0.012340491933282466,-5.443290507720251,"{""0"": 3439, ""1"": 3152, ""2"": 3263, ""3"": 3197, ""4"": 3276, ""5"": 2972}",connected
19399,56,19399,0.6928491666666667,0.011996717129368334,-5.443290507720251,"{""0"": 3453, ""1"": 3167, ""2"": 3294, ""3"": 3204, ""4"": 3300, ""5"": 2981}",connected
19499,56,19499,0.6912658333333334,0.011989097886253148,-5.443290507720251,"{""0"": 3465, ""1"": 3173, ""2"": 3309, ""3"": 3228, ""4"": 3330, ""5"": 2994}",connected
19599,56,19599,0.6896825,0.011902541164308786,-5.443290507720251,"{""0"": 3488, ""1"": 3189, ""2"": 3322, ""3"": 3234, ""4"": 3361, ""5"": 3005}",connected
19699,56,19699,0.6880991666666667,0.011212107916362584,-5.443290507720251,"{""0"": 3499, ""1"": 3199, ""2"": 3342, ""3"": 3244, ""4"": 3401, ""5"": 3014}",connected
19799,58,19799,0.6865158333333333,0.011130289090797305,-5.452439287548949,"{""0"": 3524, ""1"": 3207, ""2"": 3363, ""3"": 3265, ""4"": 3417, ""5"": 3023}",connected
19899,58,19899,0.6849324999999999,0.011307137287221849,-5.452439287548949,"{""0"": 3533, ""1"": 3226, ""2"": 3387, ""3"": 3282, ""4"": 3428, ""5"": 3043}",connected
19999,58,19999,0.6833491666666667,0.011583568740170448,-5.452439287548949,"{""0"": 3554, ""1"": 3236, ""2"": 3401, ""3"": 3303, ""4"": 3448, ""5"": 3057}",connected
20099,58,20000,0.6817658333333334,0.011864044542890043,-5.452439287548949,"{""0"": 3570, ""1"": 3252, ""2"": 3428, ""3"": 3320, ""4"": 3463, ""5"": 3066}",connected
20199,58,20000,0.6801825,0.012187680618371815,-5.452439287548949,"{""0"": 3592, ""1"": 3265, ""2"": 3443, ""3"": 3333, ""4"": 3479, ""5"": 3087}",connected
20299,58,20000,0.6785991666666666,0.011919638772960752,-5.452439287548949,"{""0"": 3613, ""1"": 3278, ""2"": 3469, ""3"": 3347, ""4"": 3494, ""5"": 3098}",connected
20399,58,20000,0.6770158333333334,0.011019784272648395,-5.452439287548949,"{""0"": 3623, ""1"": 3288, ""2"": 3491, ""3"": 3372, ""4"": 3520, ""5"": 3105}",connected
20499,60,20000,0.6754325,0.011652079545892775,-5.468018341840556,"{""0"": 3642, ""1"": 3297, ""2"": 3516, ""3"": 3383, ""4"": 3543, ""5"": 3118}",connected
20599,60,20000,0.6738491666666666,0.011980021002236753,-5.468018341840556,"{""0"": 3669, ""1"": 3313, ""2"": 3531, ""3"": 3391, ""4"": 3565, ""5"": 3130}",connected
20699,60,20000,0.6722658333333333,0.011705174099188299,-5.468018341840556,"{""0"": 3692, ""1"": 3326, ""2"": 3543, ""3"": 3405, ""4"": 3588, ""5"": 3145}",connected
20799,60,20000,0.6706825000000001,0.013064930320251734,-5.468018341840556,"{""0"": 3712, ""1"": 3337, ""2"": 3564, ""3"": 3415, ""4"": 3611, ""5"": 3160}",connected
20899,60,20000,0.6690991666666667,0.012815258733462542,-5.468018341840556,"{""0"": 3730, ""1"": 3349, ""2"": 3578, ""3"": 3433, ""4"": 3637, ""5"": 3172}",connected
20999,60,20000,0.6675158333333333,0.012660909597761928,-5.468018341840556,"{""0"": 3753, ""1"": 3363, ""2"": 3588, ""3"": 3441, ""4"": 3667, ""5"": 3187}",connected
21099,60,20000,0.6659325,0.012017208463512362,-5.468018341840556,"{""0"": 3773, ""1"": 3376, ""2"": 3611, ""3"": 3457, ""4"": 3681, ""5"": 3201}",connected
21199,62,20000,0.6643491666666667,0.01274624575395137,-5.484329667738488,"{""0"": 3798, ""1"": 3397, ""2"": 3621, ""3"": 3465, ""4"": 3708, ""5"": 3210}",connected
21299,62,20000,0.6627658333333334,0.012774742632173002,-5.484329667738488,"{""0"": 3819, ""1"": 3408, ""2"": 3640, ""3"": 3486, ""4"": 3723, ""5"": 3223}",connected
21399,62,20000,0.6611825,0.012371390620246529,-5.484329667738488,"{""0"": 3828, ""1"": 3426, ""2"": 3649, ""3"": 3515, ""4"": 3742, ""5"": 3239}",connected
21499,62,20000,0.6595991666666667,0.0132354246545583,-5.484329667738488,"{""0"": 3856, ""1"": 3445, ""2"": 3661, ""3"": 3531, ""4"": 3757, ""5"": 3249}",connected
21599,62,20000,0.6580158333333334,0.011117801908403635,-5.484329667738488,"{""0"": 3871, ""1"": 3461, ""2"": 3673, ""3"": 3560, ""4"": 3774, ""5"": 3260}",connected
21699,62,20000,0.6564325,0.010328369471244514,-5.484329667738488,"{""0"": 3887, ""1"": 3484, ""2"": 3682, ""3"": 3578, ""4"": 3795, ""5"": 3273}",connected
21799,62,20000,0.6548491666666667,0.009848472285084427,-5.484329667738488,"{""0"": 3899, ""1"": 3510, ""2"": 3701, ""3"": 3591, ""4"": 3814, ""5"": 3284}",connected
21899,64,20000,0.6532658333333334,0.010418717269785702,-5.495718950864102,"{""0"": 3921, ""1"": 3527, ""2"": 3716, ""3"": 3605, ""4"": 3833, ""5"": 3297}",connected
21999,64,20000,0.6516825,0.011306000873446465,-5.495718950864102,"{""0"": 3933, ""1"": 3537, ""2"": 3726, ""3"": 3638, ""4"": 3857, ""5"": 3308}",connected
22099,64,20000,0.6500991666666667,0.012145472378470003,-5.495718950864102,"{""0"": 3950, ""1"": 3553, ""2"": 3746, ""3"": 3655, ""4"": 3874, ""5"": 3321}",connected
22199,64,20000,0.6485158333333334,0.013713735681958496,-5.495718950864102,"{""0"": 3961, ""1"": 3573, ""2"": 3769, ""3"": 3665, ""4"": 3898, ""5"": 3333}",connected
22299,64,20000,0.6469325,0.012594553472008557,-5.495718950864102,"{""0"": 3980, ""1"": 3581, ""2"": 3776, ""3"": 3676, ""4"": 3912, ""5"": 3374}",connected
22399,64,20000,0.6453491666666666,0.011719455113634467,-5.495718950864102,"{""0"": 4008, ""1"": 3589, ""2"": 3798, ""3"": 3686, ""4"": 3922, ""5"": 3396}",connected
22499,64,20000,0.6437658333333334,0.012144813532941043,-5.495718950864102,"{""0"": 4031, ""1"": 3603, ""2"": 3811, ""3"": 3704, ""4"": 3939, ""5"": 3411}",connected
22599,66,20000,0.6421825000000001,0.011428652172908187,-5.527109491998669,"{""0"": 4046, ""1"": 3621, ""2"": 3832, ""3"": 3720, ""4"": 3957, ""5"": 3423}",connected
22699,66,20000,0.6405991666666666,0.011234803185798227,-5.527109491998669,"{""0"": 4075, ""1"": 3634, ""2"": 3856, ""3"": 3737, ""4"": 3967, ""5"": 3430}",connected
22799,66,20000,0.6390158333333333,0.011923706985544413,-5.527109491998669,"{""0"": 4083, ""1"": 3643, ""2"": 3886, ""3"": 3748, ""4"": 4001, ""5"": 3438}",connected
22899,66,20000,0.6374325000000001,0.011026680001523346,-5.527109491998669,"{""0"": 4093, ""1"": 3658, ""2"": 3902, ""3"": 3759, ""4"": 4032, ""5"": 3455}",connected
22999,66,20000,0.6358491666666666,0.0118322898959741,-5.527109491998669,"{""0"": 4098, ""1"": 3668, ""2"": 3915, ""3"": 3776, ""4"": 4077, ""5"": 3465}",connected
23099,66,20000,0.6342658333333333,0.012589111065026373,-5.527109491998669,"{""0"": 4107, ""1"": 3696, ""2"": 3930, ""3"": 3787, ""4"": 4105, ""5"": 3474}",connected
23199,66,20000,0.6326825,0.01201115467818454,-5.527109491998669,"{""0"": 4116, ""1"": 3718, ""2"": 3952, ""3"": 3800, ""4"": 4133, ""5"": 3480}",connected
23299,66,20000,0.6310991666666668,0.011839506321121008,-5.527109491998669,"{""0"": 4129, ""1"": 3737, ""2"": 3968, ""3"": 3811, ""4"": 4160, ""5"": 3494}",connected
23399,68,20000,0.6295158333333333,0.010583160449750722,-5.5253915502415865,"{""0"": 4147, ""1"": 3742, ""2"": 3990, ""3"": 3840, ""4"": 4174, ""5"": 3506}",connected
23499,68,20000,0.6279325,0.01008818950969726,-5.5253915502415865,"{""0"": 4156, ""1"": 3766, ""2"": 4001, ""3"": 3867, ""4"": 4188, ""5"": 3521}",connected
23599,68,20000,0.6263491666666667,0.010655245825182647,-5.5253915502415865,"{""0"": 4171, ""1"": 3776, ""2"": 4010, ""3"": 3903, ""4"": 4207, ""5"": 3532}",connected
23699,68,20000,0.6247658333333334,0.011193777958396822,-5.5253915502415865,"{""0"": 4185, ""1"": 3802, ""2"": 4029, ""3"": 3911, ""4"": 4229, ""5"": 3543}",connected
23799,68,20000,0.6231825,0.011333155995234847,-5.5253915502415865,"{""0"": 4201, ""1"": 3820, ""2"": 4047, ""3"": 3933, ""4"": 4246, ""5"": 3552}",connected
23899,68,20000,0.6215991666666667,0.01197675485862419,-5.5253915502415865,"{""0"": 4211, ""1"": 3840, ""2"": 4067, ""3"": 3951, ""4"": 4270, ""5"": 3560}",connected
23999,68,20000,0.6200158333333333,0.011533461553044617,-5.5253915502415865,"{""0"": 4220, ""1"": 3854, ""2"": 4099, ""3"": 3967, ""4"": 4286, ""5"": 3573}",connected
24099,70,20000,0.6184324999999999,0.011574829989112913,-5.526703226253656,"{""0"": 4245, ""1"": 3863, ""2"": 4113, ""3"": 3989, ""4"": 4300, ""5"": 3589}",connected
24199,70,20000,0.6168491666666667,0.011888093317393213,-5.526703226253656,"{""0"": 4273, ""1"": 3880, ""2"": 4128, ""3"": 4002, ""4"": 4317, ""5"": 3599}",connected
24299,70,20000,0.6152658333333334,0.01176024116575718,-5.526703226253656,"{""0"": 4286, ""1"": 3901, ""2"": 4156, ""3"": 4024, ""4"": 4325, ""5"": 3607}",connected
24399,70,20000,0.6136825,0.01328889518044889,-5.526703226253656,"{""0"": 4296, ""1"": 3925, ""2"": 4177, ""3"": 4047, ""4"": 4336, ""5"": 3618}",connected
24499,70,20000,0.6120991666666666,0.012276528654620051,-5.526703226253656,"{""0"": 4311, ""1"": 3946, ""2"": 4203, ""3"": 4059, ""4"": 4348, ""5"": 3632}",connected
24599,70,20000,0.6105158333333334,0.012023801025934517,-5.526703226253656,"{""0"": 4321, ""1"": 3956, ""2"": 4232, ""3"": 4088, ""4"": 4362, ""5"": 3640}",connected
24699,70,20000,0.6089325,0.01167870054487139,-5.526703226253656,"{""0"": 4330, ""1"": 3977, ""2"": 4249, ""3"": 4107, ""4"": 4379, ""5"": 3657}",connected
24799,72,20000,0.6073491666666666,0.011578795304521917,-5.5472849103971384,"{""0"": 4349, ""1"": 3985, ""2"": 4260, ""3"": 4133, ""4"": 4401, ""5"": 3671}",connected
24899,72,20000,0.6057658333333333,0.013612766098231078,-5.5472849103971384,"{""0"": 4363, ""1"": 4000, ""2"": 4277, ""3"": 4155, ""4"": 4424, ""5"": 3680}",connected
24999,72,20000,0.6041825000000001,0.014389250110834837,-5.5472849103971384,"{""0"": 4383, ""1"": 4010, ""2"": 4279, ""3"": 4183, ""4"": 4453, ""5"": 3691}",connected
25099,72,20000,0.6025991666666667,0.014375539137981832,-5.5472849103971384,"{""0"": 4394, ""1"": 4037, ""2"": 4293, ""3"": 4196, ""4"": 4480, ""5"": 3699}",connected
25199,72,20000,0.6010158333333333,0.014722304418683052,-5.5472849103971384,"{""0"": 4420, ""1"": 4050, ""2"": 4313, ""3"": 4206, ""4"": 4498, ""5"": 3712}",connected
25299,72,20000,0.5994325,0.013189416583627463,-5.5472849103971384,"{""0"": 4446, ""1"": 4060, ""2"": 4326, ""3"": 4220, ""4"": 4515, ""5"": 3732}",connected
25399,72,20000,0.5978491666666667,0.012790854894556105,-5.5472849103971384,"{""0"": 4471, ""1"": 4073, ""2"": 4332, ""3"": 4236, ""4"": 4539, ""5"": 3748}",connected
25499,74,20000,0.5962658333333334,0.012639281270094217,-5.573415085327232,"{""0"": 4487, ""1"": 4091, ""2"": 4343, ""3"": 4256, ""4"": 4564, ""5"": 3758}",connected
25599,74,20000,0.5946825,0.010176865607500077,-5.573415085327232,"{""0"": 4506, ""1"": 4109, ""2"": 4357, ""3"": 4278, ""4"": 4580, ""5"": 3769}",connected
25699,74,20000,0.5930991666666667,0.011348791639320552,-5.573415085327232,"{""0"": 4533, ""1"": 4123, ""2"": 4375, ""3"": 4294, ""4"": 4600, ""5"": 3774}",connected
25799,74,20000,0.5915158333333334,0.011198976489249618,-5.573415085327232,"{""0"": 4540, ""1"": 4137, ""2"": 4394, ""3"": 4315, ""4"": 4626, ""5"": 3787}",connected
25899,74,20000,0.5899325,0.011972638049628585,-5.573415085327232,"{""0"": 4556, ""1"": 4150, ""2"": 4415, ""3"": 4330, ""4"": 4656, ""5"": 3792}",connected
25999,74,20000,0.5883491666666667,0.01233408144908026,-5.573415085327232,"{""0"": 4576, ""1"": 4163, ""2"": 4427, ""3"": 4338, ""4"": 4691, ""5"": 3804}",connected
26099,74,20000,0.5867658333333334,0.01150205593323335,-5.573415085327232,"{""0"": 4592, ""1"": 4173, ""2"": 4440, ""3"": 4358, ""4"": 4715, ""5"": 3821}",connected
26199,76,20000,0.5851825,0.010988599341362714,-5.584987823833025,"{""0"": 4607, ""1"": 4195, ""2"": 4459, ""3"": 4368, ""4"": 4741, ""5"": 3829}",connected
26299,76,20000,0.5835991666666667,0.010764568611048162,-5.584987823833025,"{""0"": 4619, ""1"": 4216, ""2"": 4478, ""3"": 4388, ""4"": 4759, ""5"": 3839}",connected
26399,76,20000,0.5820158333333334,0.011691979984752833,-5.584987823833025,"{""0"": 4631, ""1"": 4222, ""2"": 4493, ""3"": 4402, ""4"": 4790, ""5"": 3861}",connected
26499,76,20000,0.5804325,0.01232016960857436,-5.584987823833025,"{""0"": 4642, ""1"": 4230, ""2"": 4515, ""3"": 4425, ""4"": 4817, ""5"": 3870}",connected
26599,76,20000,0.5788491666666666,0.012880580013152211,-5.584987823833025,"{""0"": 4667, ""1"": 4239, ""2"": 4528, ""3"": 4439, ""4"": 4844, ""5"": 3882}",connected
26699,76,20000,0.5772658333333334,0.012356376226525754,-5.584987823833025,"{""0"": 4688, ""1"": 4253, ""2"": 4540, ""3"": 4450, ""4"": 4877, ""5"": 3891}",connected
26799,76,20000,0.5756825000000001,0.011495500260498375,-5.584987823833025,"{""0"": 4712, ""1"": 4266, ""2"": 4549, ""3"": 4462, ""4"": 4907, ""5"": 3903}",connected
26899,76,20000,0.5740991666666667,0.010207552192732693,-5.584987823833025,"{""0"": 4741, ""1"": 4278, ""2"": 4563, ""3"": 4479, ""4"": 4923, ""5"": 3915}",connected
26999,78,20000,0.5725158333333333,0.01039561340585351,-5.590887536038047,"{""0"": 4765, ""1"": 4288, ""2"": 4593, ""3"": 4487, ""4"": 4940, ""5"": 3926}",connected
27099,78,20000,0.5709325000000001,0.0107406406942755,-5.590887536038047,"{""0"": 4786, ""1"": 4305, ""2"": 4609, ""3"": 4498, ""4"": 4963, ""5"": 3938}",connected
27199,78,20000,0.5693491666666667,0.011519989469088615,-5.590887536038047,"{""0"": 4794, ""1"": 4327, ""2"": 4628, ""3"": 4515, ""4"": 4981, ""5"": 3954}",connected
27299,78,20000,0.5677658333333333,0.012837267871946096,-5.590887536038047,"{""0"": 4811, ""1"": 4342, ""2"": 4643, ""3"": 4531, ""4"": 4998, ""5"": 3974}",connected
27399,78,20000,0.5661825,0.013332506539300085,-5.590887536038047,"{""0"": 4825, ""1"": 4364, ""2"": 4666, ""3"": 4543, ""4"": 5014, ""5"": 3987}",connected
27499,78,20000,0.5645991666666668,0.013085243189707399,-5.590887536038047,"{""0"": 4832, ""1"": 4394, ""2"": 4682, ""3"": 4555, ""4"": 5030, ""5"": 4006}",connected
27599,80,20000,0.5630158333333333,0.013133848602883517,-5.493278160429327,"{""0"": 4856, ""1"": 4405, ""2"": 4711, ""3"": 4565, ""4"": 5047, ""5"": 4015}",connected
27699,80,20000,0.5614325,0.012001664526760578,-5.493278160429327,"{""0"": 4875, ""1"": 4418, ""2"": 4748, ""3"": 4571, ""4"": 5064, ""5"": 4023}",connected
27799,80,20000,0.5598491666666667,0.011045203828252852,-5.493278160429327,"{""0"": 4881, ""1"": 4425, ""2"": 4778, ""3"": 4590, ""4"": 5089, ""5"": 4036}",connected
27899,80,20000,0.5582658333333334,0.010541099580004811,-5.493278160429327,"{""0"": 4890, ""1"": 4435, ""2"": 4822, ""3"": 4605, ""4"": 5104, ""5"": 4043}",connected
27999,80,20000,0.5566825,0.010225849831476808,-5.493278160429327,"{""0"": 4914, ""1"": 4449, ""2"": 4854, ""3"": 4614, ""4"": 5119, ""5"": 4049}",connected
28099,80,20000,0.5550991666666667,0.011269790197256952,-5.493278160429327,"{""0"": 4928, ""1"": 4468, ""2"": 4876, ""3"": 4632, ""4"": 5132, ""5"": 4063}",connected
28199,80,20000,0.5535158333333334,0.011619157355744392,-5.493278160429327,"{""0"": 4941, ""1"": 4475, ""2"": 4889, ""3"": 4649, ""4"": 5152, ""5"": 4093}",connected
28299,82,20000,0.5519324999999999,0.01266931066988036,-5.508262784765443,"{""0"": 4955, ""1"": 4486, ""2"": 4919, ""3"": 4662, ""4"": 5173, ""5"": 4104}",connected
28399,82,20000,0.5503491666666667,0.012426955294795334,-5.508262784765443,"{""0"": 4965, ""1"": 4497, ""2"": 4953, ""3"": 4671, ""4"": 5199, ""5"": 4114}",connected
28499,82,20000,0.5487658333333334,0.011472478820942343,-5.508262784765443,"{""0"": 4975, ""1"": 4507, ""2"": 4994, ""3"": 4684, ""4"": 5215, ""5"": 4124}",connected
28599,82,20000,0.5471825,0.01077261068392545,-5.508262784765443,"{""0"": 4999, ""1"": 4522, ""2"": 5007, ""3"": 4695, ""4"": 5235, ""5"": 4141}",connected
28699,82,20000,0.5455991666666666,0.009820750742219388,-5.508262784765443,"{""0"": 5011, ""1"": 4545, ""2"": 5023, ""3"": 4719, ""4"": 5248, ""5"": 4153}",connected
28799,82,20000,0.5440158333333334,0.009188553199637682,-5.508262784765443,"{""0"": 5025, ""1"": 4567, ""2"": 5041, ""3"": 4743, ""4"": 5259, ""5"": 4164}",connected
28899,82,20000,0.5424325,0.010003005613107234,-5.508262784765443,"{""0"": 5039, ""1"": 4594, ""2"": 5064, ""3"": 4760, ""4"": 5269, ""5"": 4173}",connected
28999,84,20000,0.5408491666666666,0.010361583691556008,-5.5052139921490815,"{""0"": 5052, ""1"": 4616, ""2"": 5081, ""3"": 4781, ""4"": 5289, ""5"": 4180}",connected
29099,84,20000,0.5392658333333333,0.010967069009784608,-5.5052139921490815,"{""0"": 5062, ""1"": 4630, ""2"": 5105, ""3"": 4799, ""4"": 5305, ""5"": 4198}",connected
29199,84,20000,0.5376825000000001,0.012763241028878838,-5.5052139921490815,"{""0"": 5076, ""1"": 4644, ""2"": 5127, ""3"": 4819, ""4"": 5320, ""5"": 4213}",connected
29299,84,20000,0.5360991666666667,0.012001765789464117,-5.5052139921490815,"{""0"": 5095, ""1"": 4661, ""2"": 5149, ""3"": 4848, ""4"": 5326, ""5"": 4220}",connected
29399,84,20000,0.5345158333333333,0.011973927123472094,-5.5052139921490815,"{""0"": 5132, ""1"": 4674, ""2"": 5161, ""3"": 4856, ""4"": 5347, ""5"": 4229}",connected
29499,84,20000,0.5329325,0.01145589329302311,-5.5052139921490815,"{""0"": 5160, ""1"": 4680, ""2"": 5191, ""3"": 4859, ""4"": 5366, ""5"": 4243}",connected
29599,84,20000,0.5313491666666667,0.010616140193305909,-5.5052139921490815,"{""0"": 5174, ""1"": 4689, ""2"": 5211, ""3"": 4886, ""4"": 5381, ""5"": 4258}",connected
29699,86,20000,0.5297658333333334,0.01093369020614773,-5.523766575186232,"{""0"": 5189, ""1"": 4702, ""2"": 5240, ""3"": 4892, ""4"": 5400, ""5"": 4276}",connected
29799,86,20000,0.5281825,0.011948357000947,-5.523766575186232,"{""0"": 5204, ""1"": 4718, ""2"": 5259, ""3"": 4911, ""4"": 5422, ""5"": 4285}",connected
29899,86,20000,0.5265991666666667,0.012779587684199213,-5.523766575186232,"{""0"": 5241, ""1"": 4729, ""2"": 5273, ""3"": 4923, ""4"": 5437, ""5"": 4296}",connected
29999,86,20000,0.5250158333333333,0.01295518210856244,-5.523766575186232,"{""0"": 5258, ""1"": 4743, ""2"": 5302, ""3"": 4943, ""4"": 5449, ""5"": 4304}",connected
30099,86,20000,0.5234325,0.011629447161685675,-5.523766575186232,"{""0"": 5274, ""1"": 4753, ""2"": 5329, ""3"": 4959, ""4"": 5466, ""5"": 4318}",connected
30199,86,20000,0.5218491666666667,0.011113055909518152,-5.523766575186232,"{""0"": 5304, ""1"": 4768, ""2"": 5337, ""3"": 4971, ""4"": 5495, ""5"": 4324}",connected
30299,86,20000,0.5202658333333334,0.01040359728736803,-5.523766575186232,"{""0"": 5316, ""1"": 4777, ""2"": 5366, ""3"": 4985, ""4"": 5526, ""5"": 4329}",connected
30399,86,20000,0.5186824999999999,0.010246271435171365,-5.523766575186232,"{""0"": 5340, ""1"": 4787, ""2"": 5377, ""3"": 5010, ""4"": 5546, ""5"": 4339}",connected
30499,88,20000,0.5170991666666667,0.01142553451936692,-5.5222041910270825,"{""0"": 5350, ""1"": 4807, ""2"": 5392, ""3"": 5021, ""4"": 5578, ""5"": 4351}",connected
30599,88,20000,0.5155158333333334,0.010827372102066874,-5.5222041910270825,"{""0"": 5360, ""1"": 4828, ""2"": 5402, ""3"": 5047, ""4"": 5596, ""5"": 4366}",connected
30699,88,20000,0.5139324999999999,0.01113075802102685,-5.5222041910270825,"{""0"": 5366, ""1"": 4858, ""2"": 5411, ""3"": 5059, ""4"": 5615, ""5"": 4390}",connected
30799,88,20000,0.5123491666666666,0.010495975187513978,-5.5222041910270825,"{""0"": 5378, ""1"": 4882, ""2"": 5417, ""3"": 5083, ""4"": 5637, ""5"": 4402}",connected
30899,88,20000,0.5107658333333334,0.009789420950692147,-5.5222041910270825,"{""0"": 5396, ""1"": 4904, ""2"": 5431, ""3"": 5103, ""4"": 5647, ""5"": 4418}",connected
30999,88,20000,0.5091825,0.010092624800745399,-5.5222041910270825,"{""0"": 5411, ""1"": 4920, ""2"": 5461, ""3"": 5120, ""4"": 5660, ""5"": 4427}",connected
31099,88,20000,0.5075991666666667,0.009102206940297038,-5.5222041910270825,"{""0"": 5428, ""1"": 4940, ""2"": 5479, ""3"": 5135, ""4"": 5682, ""5"": 4435}",connected
31199,90,20000,0.5060158333333333,0.009341574111022054,-5.548706184011987,"{""0"": 5444, ""1"": 4967, ""2"": 5493, ""3"": 5153, ""4"": 5702, ""5"": 4440}",connected
31299,90,20000,0.5044325000000001,0.0100325430277735,-5.548706184011987,"{""0"": 5460, ""1"": 4982, ""2"": 5511, ""3"": 5173, ""4"": 5731, ""5"": 4442}",connected
31399,90,20000,0.5028491666666667,0.010159681006334721,-5.548706184011987,"{""0"": 5475, ""1"": 4997, ""2"": 5527, ""3"": 5188, ""4"": 5761, ""5"": 4451}",connected
31499,90,20000,0.5012658333333333,0.010308533804491163,-5.548706184011987,"{""0"": 5489, ""1"": 5018, ""2"": 5541, ""3"": 5201, ""4"": 5785, ""5"": 4465}",connected
31599,90,20000,0.49968250000000003,0.009803145225159824,-5.548706184011987,"{""0"": 5510, ""1"": 5028, ""2"": 5565, ""3"": 5214, ""4"": 5809, ""5"": 4473}",connected
31699,90,20000,0.49809916666666665,0.009832092961296439,-5.548706184011987,"{""0"": 5529, ""1"": 5047, ""2"": 5580, ""3"": 5236, ""4"": 5826, ""5"": 4481}",connected
31799,90,20000,0.4965158333333334,0.00905136710498482,-5.548706184011987,"{""0"": 5547, ""1"": 5059, ""2"": 5594, ""3"": 5253, ""4"": 5856, ""5"": 4490}",connected
31899,92,20000,0.4949325000000001,0.009459628886543215,-5.545352428513781,"{""0"": 5577, ""1"": 5072, ""2"": 5607, ""3"": 5272, ""4"": 5877, ""5"": 4494}",connected
31999,92,20000,0.4933491666666667,0.010007934018503875,-5.545352428513781,"{""0"": 5587, ""1"": 5088, ""2"": 5636, ""3"": 5286, ""4"": 5900, ""5"": 4502}",connected
32099,92,20000,0.49176583333333335,0.010036685534287245,-5.545352428513781,"{""0"": 5599, ""1"": 5099, ""2"": 5661, ""3"": 5312, ""4"": 5912, ""5"": 4516}",connected
32199,92,20000,0.4901825000000001,0.010492758920881896,-5.545352428513781,"{""0"": 5608, ""1"": 5118, ""2"": 5673, ""3"": 5341, ""4"": 5936, ""5"": 4523}",connected
32299,94,20000,0.4885991666666667,0.011925595754291862,-5.4136794912876525,"{""0"": 5630, ""1"": 5132, ""2"": 5687, ""3"": 5351, ""4"": 5960, ""5"": 4539}",connected
32399,94,20000,0.4870158333333333,0.011773971633519977,-5.4136794912876525,"{""0"": 5642, ""1"": 5156, ""2"": 5708, ""3"": 5372, ""4"": 5976, ""5"": 4545}",connected
32499,94,20000,0.48543250000000004,0.011204919388983398,-5.4136794912876525,"{""0"": 5662, ""1"": 5178, ""2"": 5719, ""3"": 5403, ""4"": 5985, ""5"": 4552}",connected
32599,94,20000,0.48384916666666666,0.01039143344387412,-5.4136794912876525,"{""0"": 5680, ""1"": 5195, ""2"": 5741, ""3"": 5420, ""4"": 6000, ""5"": 4563}",connected
32699,94,20000,0.4822658333333333,0.008990805724170058,-5.4136794912876525,"{""0"": 5700, ""1"": 5212, ""2"": 5767, ""3"": 5437, ""4"": 6008, ""5"": 4575}",connected
32799,94,20000,0.4806825,0.008808940616436303,-5.4136794912876525,"{""0"": 5721, ""1"": 5224, ""2"": 5779, ""3"": 5457, ""4"": 6031, ""5"": 4587}",connected
32899,94,20000,0.47909916666666663,0.009299114865716546,-5.4136794912876525,"{""0"": 5730, ""1"": 5232, ""2"": 5801, ""3"": 5484, ""4"": 6056, ""5"": 4596}",connected
32999,96,20000,0.47751583333333336,0.010056973868049681,-5.419780208054969,"{""0"": 5739, ""1"": 5242, ""2"": 5814, ""3"": 5504, ""4"": 6084, ""5"": 4616}",connected
33099,96,20000,0.4759325000000001,0.009352532564662397,-5.419780208054969,"{""0"": 5760, ""1"": 5252, ""2"": 5826, ""3"": 5540, ""4"": 6099, ""5"": 4622}",connected
33199,96,20000,0.4743491666666667,0.009562492123804986,-5.419780208054969,"{""0"": 5770, ""1"": 5278, ""2"": 5852, ""3"": 5550, ""4"": 6119, ""5"": 4630}",connected
33299,96,20000,0.47276583333333333,0.00923128894297406,-5.419780208054969,"{""0"": 5783, ""1"": 5322, ""2"": 5858, ""3"": 5564, ""4"": 6135, ""5"": 4637}",connected
33399,96,20000,0.47118250000000006,0.008955064991023392,-5.419780208054969,"{""0"": 5796, ""1"": 5343, ""2"": 5875, ""3"": 5585, ""4"": 6151, ""5"": 4649}",connected
33499,96,20000,0.4695991666666667,0.010589285995811224,-5.419780208054969,"{""0"": 5806, ""1"": 5356, ""2"": 5888, ""3"": 5615, ""4"": 6164, ""5"": 4670}",connected
33599,98,20000,0.4680158333333333,0.010495219735894352,-5.336819462060016,"{""0"": 5829, ""1"": 5370, ""2"": 5906, ""3"": 5632, ""4"": 6180, ""5"": 4682}",connected
33699,98,20000,0.4664325,0.010596414047759026,-5.336819462060016,"{""0"": 5843, ""1"": 5382, ""2"": 5938, ""3"": 5644, ""4"": 6194, ""5"": 4698}",connected
33799,98,20000,0.46484916666666665,0.010783419671934098,-5.336819462060016,"{""0"": 5852, ""1"": 5393, ""2"": 5970, ""3"": 5667, ""4"": 6210, ""5"": 4707}",connected
33899,98,20000,0.4632658333333334,0.010816042039077729,-5.336819462060016,"{""0"": 5862, ""1"": 5410, ""2"": 5983, ""3"": 5693, ""4"": 6224, ""5"": 4727}",connected
33999,98,20000,0.4616825,0.011956645171158015,-5.336819462060016,"{""0"": 5874, ""1"": 5415, ""2"": 5990, ""3"": 5712, ""4"": 6232, ""5"": 4776}",connected
34099,98,20000,0.4600991666666666,0.011404035622254014,-5.336819462060016,"{""0"": 5881, ""1"": 5434, ""2"": 6009, ""3"": 5721, ""4"": 6246, ""5"": 4808}",connected
34199,100,20000,0.45851583333333346,0.01150297631509602,-5.302777370568365,"{""0"": 5911, ""1"": 5456, ""2"": 6024, ""3"": 5732, ""4"": 6254, ""5"": 4822}",connected
34299,100,20000,0.4569325000000001,0.011349489707499742,-5.302777370568365,"{""0"": 5925, ""1"": 5479, ""2"": 6044, ""3"": 5747, ""4"": 6274, ""5"": 4830}",connected
34399,100,20000,0.4553491666666667,0.010492431533057242,-5.302777370568365,"{""0"": 5939, ""1"": 5502, ""2"": 6054, ""3"": 5769, ""4"": 6283, ""5"": 4852}",connected
34499,100,20000,0.4537658333333334,0.011325678841676562,-5.302777370568365,"{""0"": 5961, ""1"": 5508, ""2"": 6069, ""3"": 5798, ""4"": 6305, ""5"": 4858}",connected
34599,100,20000,0.45218250000000004,0.011250389891210943,-5.302777370568365,"{""0"": 5982, ""1"": 5513, ""2"": 6075, ""3"": 5809, ""4"": 6342, ""5"": 4878}",connected
34699,100,20000,0.45059916666666666,0.011181864596437663,-5.302777370568365,"{""0"": 6006, ""1"": 5523, ""2"": 6090, ""3"": 5834, ""4"": 6365, ""5"": 4881}",connected
34799,100,20000,0.4490158333333334,0.010936439456418156,-5.302777370568365,"{""0"": 6029, ""1"": 5534, ""2"": 6113, ""3"": 5850, ""4"": 6386, ""5"": 4887}",connected
34899,102,20000,0.4474325,0.010550984027795494,-5.279638941795565,"{""0"": 6046, ""1"": 5554, ""2"": 6125, ""3"": 5872, ""4"": 6408, ""5"": 4894}",connected
34999,102,20000,0.44584916666666663,0.010502316420897842,-5.279638941795565,"{""0"": 6076, ""1"": 5568, ""2"": 6137, ""3"": 5893, ""4"": 6427, ""5"": 4898}",connected
35099,102,20000,0.44426583333333336,0.010278619877062738,-5.279638941795565,"{""0"": 6101, ""1"": 5583, ""2"": 6151, ""3"": 5912, ""4"": 6441, ""5"": 4911}",connected
35199,102,20000,0.4426825,0.011429626885801554,-5.279638941795565,"{""0"": 6115, ""1"": 5594, ""2"": 6168, ""3"": 5940, ""4"": 6462, ""5"": 4920}",connected
35299,102,20000,0.4410991666666666,0.01132594871101901,-5.279638941795565,"{""0"": 6133, ""1"": 5609, ""2"": 6197, ""3"": 5955, ""4"": 6472, ""5"": 4933}",connected
35399,102,20000,0.43951583333333344,0.013027447857894003,-5.279638941795565,"{""0"": 6141, ""1"": 5619, ""2"": 6232, ""3"": 5971, ""4"": 6495, ""5"": 4941}",connected
35499,104,20000,0.43793250000000006,0.012609944737050682,-5.185196266951971,"{""0"": 6153, ""1"": 5642, ""2"": 6251, ""3"": 5990, ""4"": 6512, ""5"": 4951}",connected
35599,104,20000,0.4363491666666667,0.01199511316837743,-5.185196266951971,"{""0"": 6163, ""1"": 5670, ""2"": 6267, ""3"": 6007, ""4"": 6535, ""5"": 4957}",connected
35699,104,20000,0.4347658333333334,0.012072652915958316,-5.185196266951971,"{""0"": 6176, ""1"": 5681, ""2"": 6294, ""3"": 6026, ""4"": 6555, ""5"": 4967}",connected
35799,104,20000,0.4331825,0.010479746616911144,-5.185196266951971,"{""0"": 6199, ""1"": 5694, ""2"": 6311, ""3"": 6045, ""4"": 6569, ""5"": 4981}",connected
35899,104,20000,0.43159916666666664,0.010420339978300035,-5.185196266951971,"{""0"": 6211, ""1"": 5704, ""2"": 6327, ""3"": 6066, ""4"": 6595, ""5"": 4996}",connected
35999,104,20000,0.4300158333333334,0.00976462307618931,-5.185196266951971,"{""0"": 6223, ""1"": 5717, ""2"": 6352, ""3"": 6076, ""4"": 6606, ""5"": 5025}",connected
36099,104,20000,0.4284325,0.009770501761231572,-5.185196266951971,"{""0"": 6237, ""1"": 5729, ""2"": 6377, ""3"": 6090, ""4"": 6630, ""5"": 5036}",connected
36199,104,20000,0.4268491666666667,0.011100174472667278,-5.185196266951971,"{""0"": 6251, ""1"": 5750, ""2"": 6406, ""3"": 6105, ""4"": 6646, ""5"": 5041}",connected
36299,106,20000,0.42526583333333334,0.011697627394460142,-5.13000159277115,"{""0"": 6265, ""1"": 5765, ""2"": 6417, ""3"": 6127, ""4"": 6676, ""5"": 5049}",connected
36399,106,20000,0.42368249999999996,0.013781664792913944,-5.13000159277115,"{""0"": 6287, ""1"": 5787, ""2"": 6436, ""3"": 6140, ""4"": 6689, ""5"": 5060}",connected
36499,106,20000,0.4220991666666667,0.013455247161909939,-5.13000159277115,"{""0"": 6301, ""1"": 5817, ""2"": 6453, ""3"": 6154, ""4"": 6699, ""5"": 5075}",connected
36599,106,20000,0.4205158333333334,0.012435300424695015,-5.13000159277115,"{""0"": 6309, ""1"": 5849, ""2"": 6475, ""3"": 6166, ""4"": 6710, ""5"": 5090}",connected
36699,106,20000,0.41893250000000004,0.012450657323934139,-5.13000159277115,"{""0"": 6321, ""1"": 5874, ""2"": 6510, ""3"": 6175, ""4"": 6717, ""5"": 5102}",connected
36799,108,20000,0.41734916666666677,0.010675755445845425,-5.156665259446018,"{""0"": 6336, ""1"": 5892, ""2"": 6518, ""3"": 6189, ""4"": 6740, ""5"": 5124}",connected
36899,108,20000,0.4157658333333334,0.01244052401278168,-5.156665259446018,"{""0"": 6357, ""1"": 5918, ""2"": 6535, ""3"": 6205, ""4"": 6752, ""5"": 5132}",connected
36999,108,20000,0.4141825,0.013441403708420695,-5.156665259446018,"{""0"": 6392, ""1"": 5938, ""2"": 6555, ""3"": 6219, ""4"": 6759, ""5"": 5136}",connected
37099,108,20000,0.41259916666666674,0.01277156343916431,-5.156665259446018,"{""0"": 6415, ""1"": 5953, ""2"": 6578, ""3"": 6232, ""4"": 6772, ""5"": 5149}",connected
37199,108,20000,0.41101583333333336,0.012253650475759058,-5.156665259446018,"{""0"": 6434, ""1"": 5978, ""2"": 6590, ""3"": 6248, ""4"": 6789, ""5"": 5160}",connected
37299,110,20000,0.4094325,0.011494529980700463,-5.121759525858797,"{""0"": 6461, ""1"": 6005, ""2"": 6604, ""3"": 6264, ""4"": 6799, ""5"": 5166}",connected
37399,110,20000,0.4078491666666667,0.010213378092739731,-5.121759525858797,"{""0"": 6491, ""1"": 6012, ""2"": 6625, ""3"": 6272, ""4"": 6829, ""5"": 5170}",connected
37499,112,20000,0.4062658333333333,0.011913686781190336,-4.946052521620877,"{""0"": 6508, ""1"": 6042, ""2"": 6639, ""3"": 6292, ""4"": 6842, ""5"": 5176}",connected
37599,112,20000,0.40468249999999995,0.01304858640767634,-4.946052521620877,"{""0"": 6526, ""1"": 6072, ""2"": 6653, ""3"": 6299, ""4"": 6854, ""5"": 5195}",connected
37699,112,20000,0.4030991666666667,0.012446642820723355,-4.946052521620877,"{""0"": 6553, ""1"": 6092, ""2"": 6668, ""3"": 6315, ""4"": 6867, ""5"": 5204}",connected
37799,112,20000,0.4015158333333334,0.012975311428308487,-4.946052521620877,"{""0"": 6573, ""1"": 6104, ""2"": 6685, ""3"": 6333, ""4"": 6882, ""5"": 5222}",connected
37899,112,20000,0.3999325,0.01207587382523343,-4.946052521620877,"{""0"": 6584, ""1"": 6110, ""2"": 6721, ""3"": 6346, ""4"": 6914, ""5"": 5224}",connected
37999,112,20000,0.39834916666666675,0.01126154986442998,-4.946052521620877,"{""0"": 6593, ""1"": 6131, ""2"": 6732, ""3"": 6374, ""4"": 6929, ""5"": 5240}",connected
38099,112,20000,0.3967658333333334,0.01184239231981337,-4.946052521620877,"{""0"": 6601, ""1"": 6135, ""2"": 6784, ""3"": 6387, ""4"": 6942, ""5"": 5250}",connected
38199,114,20000,0.3951825,0.011234086290933191,-4.904699753448367,"{""0"": 6611, ""1"": 6153, ""2"": 6816, ""3"": 6404, ""4"": 6959, ""5"": 5256}",connected
38299,114,20000,0.3935991666666667,0.011656711327377707,-4.904699753448367,"{""0"": 6618, ""1"": 6165, ""2"": 6864, ""3"": 6421, ""4"": 6967, ""5"": 5264}",connected
38399,114,20000,0.39201583333333334,0.012067186927888543,-4.904699753448367,"{""0"": 6636, ""1"": 6197, ""2"": 6875, ""3"": 6432, ""4"": 6982, ""5"": 5277}",connected
38499,114,20000,0.39043249999999996,0.01205235742032528,-4.904699753448367,"{""0"": 6665, ""1"": 6216, ""2"": 6887, ""3"": 6450, ""4"": 7000, ""5"": 5281}",connected
38599,114,20000,0.3888491666666667,0.011800083671696484,-4.904699753448367,"{""0"": 6687, ""1"": 6249, ""2"": 6897, ""3"": 6465, ""4"": 7011, ""5"": 5290}",connected
38699,114,20000,0.3872658333333333,0.010329085569828748,-4.904699753448367,"{""0"": 6707, ""1"": 6265, ""2"": 6915, ""3"": 6477, ""4"": 7028, ""5"": 5307}",connected
38799,114,20000,0.38568250000000004,0.009996823947876692,-4.904699753448367,"{""0"": 6726, ""1"": 6272, ""2"": 6937, ""3"": 6483, ""4"": 7049, ""5"": 5332}",connected
38899,116,20000,0.38409916666666666,0.009137941952794791,-4.892625025459565,"{""0"": 6755, ""1"": 6279, ""2"": 6945, ""3"": 6527, ""4"": 7057, ""5"": 5336}",connected
38999,116,20000,0.3825158333333334,0.009748995341360568,-4.892625025459565,"{""0"": 6765, ""1"": 6302, ""2"": 6979, ""3"": 6546, ""4"": 7067, ""5"": 5340}",connected
39099,116,20000,0.3809325000000001,0.010361825546715409,-4.892625025459565,"{""0"": 6771, ""1"": 6332, ""2"": 7003, ""3"": 6560, ""4"": 7081, ""5"": 5352}",connected
39199,116,20000,0.37934916666666674,0.010954696310218424,-4.892625025459565,"{""0"": 6799, ""1"": 6363, ""2"": 7014, ""3"": 6568, ""4"": 7098, ""5"": 5357}",connected
39299,118,20000,0.37776583333333336,0.012102227623108775,-4.742565889433027,"{""0"": 6819, ""1"": 6386, ""2"": 7027, ""3"": 6588, ""4"": 7108, ""5"": 5371}",connected
39399,118,20000,0.3761825000000001,0.012561103098560124,-4.742565889433027,"{""0"": 6826, ""1"": 6410, ""2"": 7060, ""3"": 6604, ""4"": 7121, ""5"": 5378}",connected
39499,118,20000,0.3745991666666667,0.013040304984897375,-4.742565889433027,"{""0"": 6842, ""1"": 6426, ""2"": 7081, ""3"": 6629, ""4"": 7135, ""5"": 5386}",connected
39599,118,20000,0.3730158333333333,0.013343779491260649,-4.742565889433027,"{""0"": 6874, ""1"": 6443, ""2"": 7092, ""3"": 6639, ""4"": 7152, ""5"": 5399}",connected
39699,118,20000,0.37143250000000005,0.012507237722165882,-4.742565889433027,"{""0"": 6884, ""1"": 6467, ""2"": 7107, ""3"": 6652, ""4"": 7166, ""5"": 5423}",connected
39799,118,20000,0.3698491666666667,0.011588573679327965,-4.742565889433027,"{""0"": 6902, ""1"": 6494, ""2"": 7118, ""3"": 6666, ""4"": 7180, ""5"": 5439}",connected
39899,118,20000,0.3682658333333333,0.010750161814503372,-4.742565889433027,"{""0"": 6944, ""1"": 6507, ""2"": 7131, ""3"": 6672, ""4"": 7199, ""5"": 5446}",connected
39999,120,20000,0.3666825,0.010664591693785041,-4.738349868999794,"{""0"": 6967, ""1"": 6520, ""2"": 7154, ""3"": 6695, ""4"": 7212, ""5"": 5451}",connected
40099,120,20000,0.36509916666666664,0.011349360735621303,-4.738349868999794,"{""0"": 6993, ""1"": 6537, ""2"": 7182, ""3"": 6701, ""4"": 7233, ""5"": 5453}",connected
40199,120,20000,0.36351583333333337,0.011977329712826758,-4.738349868999794,"{""0"": 7037, ""1"": 6555, ""2"": 7192, ""3"": 6709, ""4"": 7246, ""5"": 5460}",connected
40299,120,20000,0.3619325000000001,0.012486734711565077,-4.738349868999794,"{""0"": 7054, ""1"": 6577, ""2"": 7199, ""3"": 6743, ""4"": 7260, ""5"": 5466}",connected
40399,120,20000,0.3603491666666667,0.012066298520658165,-4.738349868999794,"{""0"": 7058, ""1"": 6599, ""2"": 7220, ""3"": 6752, ""4"": 7296, ""5"": 5474}",connected
40499,120,20000,0.35876583333333334,0.012365973677951843,-4.738349868999794,"{""0"": 7060, ""1"": 6623, ""2"": 7248, ""3"": 6771, ""4"": 7318, ""5"": 5479}",connected
40599,120,20000,0.35718250000000007,0.012724379210267216,-4.738349868999794,"{""0"": 7067, ""1"": 6648, ""2"": 7279, ""3"": 6775, ""4"": 7340, ""5"": 5490}",connected
40699,122,20000,0.3555991666666667,0.013398071178235113,-4.766844334593043,"{""0"": 7081, ""1"": 6677, ""2"": 7302, ""3"": 6780, ""4"": 7364, ""5"": 5495}",connected
40799,122,20000,0.3540158333333333,0.013959811483509839,-4.766844334593043,"{""0"": 7112, ""1"": 6696, ""2"": 7318, ""3"": 6792, ""4"": 7385, ""5"": 5496}",connected
40899,122,20000,0.35243250000000004,0.013780342349782586,-4.766844334593043,"{""0"": 7138, ""1"": 6708, ""2"": 7345, ""3"": 6814, ""4"": 7393, ""5"": 5501}",connected
40999,122,20000,0.35084916666666666,0.013444527375977487,-4.766844334593043,"{""0"": 7159, ""1"": 6731, ""2"": 7364, ""3"": 6830, ""4"": 7404, ""5"": 5511}",connected
41099,122,20000,0.3492658333333333,0.013447467393707484,-4.766844334593043,"{""0"": 7173, ""1"": 6747, ""2"": 7388, ""3"": 6854, ""4"": 7409, ""5"": 5528}",connected
41199,122,20000,0.3476825,0.012906718051526695,-4.766844334593043,"{""0"": 7193, ""1"": 6770, ""2"": 7409, ""3"": 6871, ""4"": 7425, ""5"": 5531}",connected
41299,122,20000,0.3460991666666666,0.012528645910788328,-4.766844334593043,"{""0"": 7236, ""1"": 6781, ""2"": 7425, ""3"": 6880, ""4"": 7443, ""5"": 5534}",connected
41399,122,20000,0.34451583333333347,0.011579187363386154,-4.766844334593043,"{""0"": 7256, ""1"": 6827, ""2"": 7432, ""3"": 6892, ""4"": 7448, ""5"": 5544}",connected
41499,124,20000,0.3429325000000001,0.01106065109372139,-4.740017801364884,"{""0"": 7278, ""1"": 6854, ""2"": 7443, ""3"": 6909, ""4"": 7465, ""5"": 5550}",connected
41599,124,20000,0.3413491666666667,0.011355099994689226,-4.740017801364884,"{""0"": 7297, ""1"": 6857, ""2"": 7465, ""3"": 6934, ""4"": 7491, ""5"": 5555}",connected
41699,124,20000,0.33976583333333343,0.012502823574468493,-4.740017801364884,"{""0"": 7333, ""1"": 6867, ""2"": 7474, ""3"": 6963, ""4"": 7501, ""5"": 5561}",connected
41799,124,20000,0.33818250000000005,0.012988237109966575,-4.740017801364884,"{""0"": 7345, ""1"": 6885, ""2"": 7499, ""3"": 6976, ""4"": 7529, ""5"": 5565}",connected
41899,124,20000,0.33659916666666667,0.014604685343801976,-4.740017801364884,"{""0"": 7370, ""1"": 6899, ""2"": 7545, ""3"": 6981, ""4"": 7537, ""5"": 5567}",connected
41999,124,20000,0.3350158333333334,0.013941056155599653,-4.740017801364884,"{""0"": 7388, ""1"": 6922, ""2"": 7561, ""3"": 7001, ""4"": 7553, ""5"": 5574}",connected
42099,124,20000,0.3334325,0.012933087702840566,-4.740017801364884,"{""0"": 7425, ""1"": 6943, ""2"": 7579, ""3"": 7007, ""4"": 7562, ""5"": 5583}",connected
42199,126,20000,0.33184916666666664,0.013162249587476254,-4.70987019576598,"{""0"": 7457, ""1"": 6963, ""2"": 7598, ""3"": 7020, ""4"": 7574, ""5"": 5587}",connected
42299,126,20000,0.33026583333333337,0.012016482148319484,-4.70987019576598,"{""0"": 7469, ""1"": 6978, ""2"": 7611, ""3"": 7053, ""4"": 7596, ""5"": 5592}",connected
42399,126,20000,0.3286825,0.012997524663805961,-4.70987019576598,"{""0"": 7494, ""1"": 6986, ""2"": 7631, ""3"": 7083, ""4"": 7605, ""5"": 5600}",connected
42499,126,20000,0.3270991666666666,0.01381954158656299,-4.70987019576598,"{""0"": 7508, ""1"": 7005, ""2"": 7669, ""3"": 7094, ""4"": 7616, ""5"": 5607}",connected
42599,126,20000,0.32551583333333345,0.014504375495016575,-4.70987019576598,"{""0"": 7558, ""1"": 7020, ""2"": 7682, ""3"": 7096, ""4"": 7633, ""5"": 5610}",connected
42699,126,20000,0.32393250000000007,0.015538814584724605,-4.70987019576598,"{""0"": 7576, ""1"": 7062, ""2"": 7705, ""3"": 7099, ""4"": 7642, ""5"": 5615}",connected
42799,126,20000,0.3223491666666667,0.014292112523689867,-4.70987019576598,"{""0"": 7578, ""1"": 7099, ""2"": 7741, ""3"": 7115, ""4"": 7647, ""5"": 5619}",connected
42899,128,20000,0.3207658333333334,0.01304748720023781,-4.686200222931802,"{""0"": 7592, ""1"": 7135, ""2"": 7755, ""3"": 7131, ""4"": 7660, ""5"": 5626}",connected
42999,128,20000,0.31918250000000004,0.012140068509615957,-4.686200222931802,"{""0"": 7631, ""1"": 7141, ""2"": 7763, ""3"": 7151, ""4"": 7682, ""5"": 5631}",connected
43099,128,20000,0.31759916666666665,0.01183241485618055,-4.686200222931802,"{""0"": 7651, ""1"": 7177, ""2"": 7775, ""3"": 7158, ""4"": 7704, ""5"": 5634}",connected
43199,128,20000,0.3160158333333334,0.013231443827971817,-4.686200222931802,"{""0"": 7682, ""1"": 7223, ""2"": 7785, ""3"": 7163, ""4"": 7709, ""5"": 5637}",connected
43299,128,20000,0.3144325,0.01307782764080912,-4.686200222931802,"{""0"": 7701, ""1"": 7267, ""2"": 7803, ""3"": 7172, ""4"": 7710, ""5"": 5646}",connected
43399,128,20000,0.3128491666666666,0.014245424009859562,-4.686200222931802,"{""0"": 7733, ""1"": 7303, ""2"": 7817, ""3"": 7177, ""4"": 7716, ""5"": 5653}",connected
43499,128,20000,0.31126583333333335,0.013925767471082508,-4.686200222931802,"{""0"": 7766, ""1"": 7340, ""2"": 7831, ""3"": 7178, ""4"": 7723, ""5"": 5661}",connected
43599,130,20000,0.30968249999999997,0.01426205458585173,-4.7528785217553375,"{""0"": 7806, ""1"": 7347, ""2"": 7852, ""3"": 7183, ""4"": 7746, ""5"": 5665}",connected
43699,130,20000,0.3080991666666667,0.015347602367401124,-4.7528785217553375,"{""0"": 7808, ""1"": 7381, ""2"": 7890, ""3"": 7196, ""4"": 7754, ""5"": 5670}",connected
43799,130,20000,0.30651583333333343,0.015197712001390756,-4.7528785217553375,"{""0"": 7821, ""1"": 7403, ""2"": 7927, ""3"": 7209, ""4"": 7762, ""5"": 5677}",connected
43899,130,20000,0.30493250000000005,0.013951128218322992,-4.7528785217553375,"{""0"": 7827, ""1"": 7420, ""2"": 7971, ""3"": 7230, ""4"": 7768, ""5"": 5683}",connected
43999,130,20000,0.3033491666666668,0.01300109047908336,-4.7528785217553375,"{""0"": 7838, ""1"": 7446, ""2"": 8010, ""3"": 7243, ""4"": 7776, ""5"": 5686}",connected
44099,130,20000,0.3017658333333334,0.012135066580958665,-4.7528785217553375,"{""0"": 7860, ""1"": 7463, ""2"": 8035, ""3"": 7256, ""4"": 7791, ""5"": 5694}",connected
44199,130,20000,0.3001825,0.011000436921603978,-4.7528785217553375,"{""0"": 7900, ""1"": 7484, ""2"": 8043, ""3"": 7259, ""4"": 7811, ""5"": 5702}",connected
44299,132,20000,0.29859916666666675,0.010939757968299092,-4.705383506077342,"{""0"": 7939, ""1"": 7510, ""2"": 8052, ""3"": 7273, ""4"": 7820, ""5"": 5705}",connected
44399,132,20000,0.29701583333333337,0.011305255903862417,-4.705383506077342,"{""0"": 7947, ""1"": 7540, ""2"": 8079, ""3"": 7289, ""4"": 7832, ""5"": 5712}",connected
44499,132,20000,0.2954325,0.012454925638157874,-4.705383506077342,"{""0"": 7967, ""1"": 7566, ""2"": 8091, ""3"": 7304, ""4"": 7854, ""5"": 5717}",connected
44599,132,20000,0.2938491666666667,0.01272724155569449,-4.705383506077342,"{""0"": 7971, ""1"": 7621, ""2"": 8105, ""3"": 7309, ""4"": 7873, ""5"": 5720}",connected
44699,132,20000,0.29226583333333334,0.013211603162344545,-4.705383506077342,"{""0"": 8009, ""1"": 7627, ""2"": 8112, ""3"": 7313, ""4"": 7916, ""5"": 5722}",connected
44799,132,20000,0.29068249999999995,0.012707202539313584,-4.705383506077342,"{""0"": 8051, ""1"": 7636, ""2"": 8122, ""3"": 7327, ""4"": 7936, ""5"": 5727}",connected
44899,132,20000,0.2890991666666667,0.011556236608885228,-4.705383506077342,"{""0"": 8064, ""1"": 7658, ""2"": 8143, ""3"": 7351, ""4"": 7946, ""5"": 5737}",connected
44999,132,20000,0.2875158333333334,0.011221405914984644,-4.705383506077342,"{""0"": 8080, ""1"": 7685, ""2"": 8168, ""3"": 7368, ""4"": 7953, ""5"": 5745}",connected
45099,134,20000,0.28593250000000003,0.011703768717125059,-4.707487366222776,"{""0"": 8091, ""1"": 7705, ""2"": 8190, ""3"": 7383, ""4"": 7981, ""5"": 5749}",connected
45199,136,20000,0.28434916666666676,0.0113817452872172,-4.539589856653475,"{""0"": 8109, ""1"": 7724, ""2"": 8204, ""3"": 7408, ""4"": 7996, ""5"": 5758}",connected
45299,136,20000,0.2827658333333334,0.010537221529521048,-4.539589856653475,"{""0"": 8131, ""1"": 7727, ""2"": 8224, ""3"": 7448, ""4"": 8003, ""5"": 5766}",connected
45399,136,20000,0.2811825,0.011686545149423182,-4.539589856653475,"{""0"": 8152, ""1"": 7738, ""2"": 8248, ""3"": 7458, ""4"": 8028, ""5"": 5775}",connected
45499,136,20000,0.27959916666666673,0.01167728514643386,-4.539589856653475,"{""0"": 8173, ""1"": 7751, ""2"": 8266, ""3"": 7477, ""4"": 8051, ""5"": 5781}",connected
45599,136,20000,0.27801583333333335,0.012051910746376961,-4.539589856653475,"{""0"": 8194, ""1"": 7765, ""2"": 8280, ""3"": 7504, ""4"": 8073, ""5"": 5783}",connected
45699,136,20000,0.27643249999999997,0.013705741225276142,-4.539589856653475,"{""0"": 8202, ""1"": 7787, ""2"": 8301, ""3"": 7526, ""4"": 8093, ""5"": 5790}",connected
45799,136,20000,0.2748491666666667,0.013510945795569568,-4.539589856653475,"{""0"": 8234, ""1"": 7802, ""2"": 8327, ""3"": 7533, ""4"": 8105, ""5"": 5798}",connected
45899,138,20000,0.2732658333333333,0.012725943373516202,-4.526380408583209,"{""0"": 8244, ""1"": 7820, ""2"": 8356, ""3"": 7552, ""4"": 8120, ""5"": 5807}",connected
45999,138,20000,0.27168249999999994,0.013936552382074297,-4.526380408583209,"{""0"": 8275, ""1"": 7854, ""2"": 8371, ""3"": 7558, ""4"": 8133, ""5"": 5808}",connected
46099,140,20000,0.27009916666666667,0.01358909545931965,-4.355581948570907,"{""0"": 8288, ""1"": 7867, ""2"": 8390, ""3"": 7594, ""4"": 8147, ""5"": 5813}",connected
46199,140,20000,0.2685158333333334,0.014370994735509157,-4.355581948570907,"{""0"": 8291, ""1"": 7895, ""2"": 8400, ""3"": 7610, ""4"": 8188, ""5"": 5815}",connected
46299,140,20000,0.26693250000000013,0.01394152152352035,-4.355581948570907,"{""0"": 8316, ""1"": 7930, ""2"": 8405, ""3"": 7621, ""4"": 8206, ""5"": 5821}",connected
46399,140,20000,0.26534916666666675,0.012837281976826488,-4.355581948570907,"{""0"": 8338, ""1"": 7956, ""2"": 8423, ""3"": 7634, ""4"": 8208, ""5"": 5840}",connected
46499,140,20000,0.26376583333333337,0.011678699480835348,-4.355581948570907,"{""0"": 8350, ""1"": 7979, ""2"": 8446, ""3"": 7649, ""4"": 8224, ""5"": 5851}",connected
46599,140,20000,0.2621825000000001,0.010982779955957084,-4.355581948570907,"{""0"": 8356, ""1"": 8024, ""2"": 8470, ""3"": 7658, ""4"": 8234, ""5"": 5857}",connected
46699,140,20000,0.2605991666666667,0.01080561094218865,-4.355581948570907,"{""0"": 8363, ""1"": 8042, ""2"": 8517, ""3"": 7663, ""4"": 8247, ""5"": 5867}",connected
46799,142,20000,0.25901583333333333,0.01119417613139376,-4.319588818745688,"{""0"": 8376, ""1"": 8059, ""2"": 8535, ""3"": 7706, ""4"": 8250, ""5"": 5873}",connected
46899,142,20000,0.25743250000000006,0.011531376200728118,-4.319588818745688,"{""0"": 8385, ""1"": 8074, ""2"": 8549, ""3"": 7763, ""4"": 8252, ""5"": 5876}",connected
46999,142,20000,0.2558491666666667,0.010548577681183814,-4.319588818745688,"{""0"": 8425, ""1"": 8090, ""2"": 8566, ""3"": 7775, ""4"": 8264, ""5"": 5879}",connected
47099,142,20000,0.2542658333333333,0.010696705961599946,-4.319588818745688,"{""0"": 8479, ""1"": 8090, ""2"": 8571, ""3"": 7782, ""4"": 8291, ""5"": 5886}",connected
47199,142,20000,0.25268250000000003,0.011168580516241491,-4.319588818745688,"{""0"": 8525, ""1"": 8107, ""2"": 8584, ""3"": 7792, ""4"": 8300, ""5"": 5891}",connected
47299,142,20000,0.25109916666666665,0.011671480955556035,-4.319588818745688,"{""0"": 8539, ""1"": 8116, ""2"": 8596, ""3"": 7820, ""4"": 8330, ""5"": 5898}",connected
47399,144,20000,0.24951583333333338,0.012212227932177484,-4.200079582189209,"{""0"": 8563, ""1"": 8129, ""2"": 8625, ""3"": 7832, ""4"": 8350, ""5"": 5900}",connected
47499,144,20000,0.2479325000000001,0.012327085598371923,-4.200079582189209,"{""0"": 8597, ""1"": 8135, ""2"": 8666, ""3"": 7843, ""4"": 8355, ""5"": 5903}",connected
47599,144,20000,0.24634916666666673,0.012002511909231543,-4.200079582189209,"{""0"": 8615, ""1"": 8146, ""2"": 8675, ""3"": 7861, ""4"": 8393, ""5"": 5909}",connected
47699,144,20000,0.24476583333333335,0.012316377484239638,-4.200079582189209,"{""0"": 8624, ""1"": 8163, ""2"": 8701, ""3"": 7873, ""4"": 8419, ""5"": 5919}",connected
47799,144,20000,0.24318250000000008,0.012491092709824443,-4.200079582189209,"{""0"": 8643, ""1"": 8172, ""2"": 8714, ""3"": 7900, ""4"": 8441, ""5"": 5929}",connected
47899,144,20000,0.2415991666666667,0.012732857866212725,-4.200079582189209,"{""0"": 8678, ""1"": 8185, ""2"": 8734, ""3"": 7914, ""4"": 8451, ""5"": 5937}",connected
47999,144,20000,0.24001583333333332,0.012674516257829964,-4.200079582189209,"{""0"": 8694, ""1"": 8205, ""2"": 8762, ""3"": 7937, ""4"": 8462, ""5"": 5939}",connected
48099,145,20000,0.23843250000000005,0.01164225786458701,-4.196736831716262,"{""0"": 8705, ""1"": 8224, ""2"": 8779, ""3"": 7959, ""4"": 8491, ""5"": 5941}",connected
48199,146,20000,0.23684916666666667,0.011618811478838325,-4.188441411037929,"{""0"": 8712, ""1"": 8230, ""2"": 8792, ""3"": 7998, ""4"": 8523, ""5"": 5944}",connected
48299,146,20000,0.23526583333333329,0.012413181033916771,-4.188441411037929,"{""0"": 8737, ""1"": 8240, ""2"": 8811, ""3"": 8007, ""4"": 8550, ""5"": 5954}",connected
48399,146,20000,0.23368250000000002,0.012036905405111611,-4.188441411037929,"{""0"": 8757, ""1"": 8250, ""2"": 8837, ""3"": 8025, ""4"": 8570, ""5"": 5960}",connected
48499,146,20000,0.23209916666666663,0.012368535355199129,-4.188441411037929,"{""0"": 8811, ""1"": 8262, ""2"": 8853, ""3"": 8032, ""4"": 8574, ""5"": 5967}",connected
48599,146,20000,0.23051583333333336,0.01209483879385516,-4.188441411037929,"{""0"": 8853, ""1"": 8272, ""2"": 8881, ""3"": 8037, ""4"": 8582, ""5"": 5974}",connected
48699,146,20000,0.2289325000000001,0.01195649480447173,-4.188441411037929,"{""0"": 8896, ""1"": 8281, ""2"": 8893, ""3"": 8053, ""4"": 8596, ""5"": 5980}",connected
48799,146,20000,0.2273491666666667,0.011327398428693413,-4.188441411037929,"{""0"": 8915, ""1"": 8292, ""2"": 8919, ""3"": 8071, ""4"": 8614, ""5"": 5988}",connected
48899,148,20000,0.22576583333333344,0.01182822278002277,-4.164551522973925,"{""0"": 8936, ""1"": 8313, ""2"": 8939, ""3"": 8093, ""4"": 8625, ""5"": 5993}",connected
48999,148,20000,0.22418250000000006,0.011857382904272526,-4.164551522973925,"{""0"": 8951, ""1"": 8321, ""2"": 8955, ""3"": 8113, ""4"": 8664, ""5"": 5995}",connected
49099,148,20000,0.22259916666666668,0.010994961406104266,-4.164551522973925,"{""0"": 8981, ""1"": 8337, ""2"": 8964, ""3"": 8129, ""4"": 8681, ""5"": 6007}",connected
49199,148,20000,0.2210158333333334,0.011619115592911839,-4.164551522973925,"{""0"": 8998, ""1"": 8359, ""2"": 9003, ""3"": 8134, ""4"": 8689, ""5"": 6016}",connected
49299,148,20000,0.21943250000000003,0.012939323638565838,-4.164551522973925,"{""0"": 9051, ""1"": 8369, ""2"": 9004, ""3"": 8144, ""4"": 8713, ""5"": 6018}",connected
49399,148,20000,0.21784916666666665,0.012195570608600974,-4.164551522973925,"{""0"": 9108, ""1"": 8372, ""2"": 9030, ""3"": 8146, ""4"": 8718, ""5"": 6025}",connected
49499,148,20000,0.21626583333333338,0.01224833597894758,-4.164551522973925,"{""0"": 9137, ""1"": 8379, ""2"": 9069, ""3"": 8166, ""4"": 8719, ""5"": 6029}",connected
49599,150,20000,0.2146825,0.013320591324009002,-4.111215987671167,"{""0"": 9180, ""1"": 8385, ""2"": 9088, ""3"": 8179, ""4"": 8729, ""5"": 6038}",connected
49699,150,20000,0.21309916666666662,0.012611385635100305,-4.111215987671167,"{""0"": 9210, ""1"": 8414, ""2"": 9098, ""3"": 8188, ""4"": 8750, ""5"": 6039}",connected
49799,150,20000,0.21151583333333346,0.013189892396330833,-4.111215987671167,"{""0"": 9217, ""1"": 8452, ""2"": 9133, ""3"": 8191, ""4"": 8755, ""5"": 6051}",connected
49899,152,20000,0.20993250000000008,0.013195905308239162,-3.9818645928008483,"{""0"": 9229, ""1"": 8466, ""2"": 9194, ""3"": 8194, ""4"": 8763, ""5"": 6053}",connected
49999,152,20000,0.2083491666666667,0.012528439937159418,-3.9818645928008483,"{""0"": 9243, ""1"": 8512, ""2"": 9217, ""3"": 8201, ""4"": 8769, ""5"": 6057}",connected
50099,152,20000,0.20676583333333343,0.012468556491658091,-3.9818645928008483,"{""0"": 9264, ""1"": 8553, ""2"": 9236, ""3"": 8209, ""4"": 8778, ""5"": 6059}",connected
50199,152,20000,0.20518250000000005,0.012666587764397264,-3.9818645928008483,"{""0"": 9276, ""1"": 8562, ""2"": 9266, ""3"": 8233, ""4"": 8798, ""5"": 6064}",connected
50299,152,20000,0.20359916666666666,0.013276871046982705,-3.9818645928008483,"{""0"": 9305, ""1"": 8576, ""2"": 9289, ""3"": 8241, ""4"": 8818, ""5"": 6070}",connected
50399,152,20000,0.2020158333333334,0.013742107711732388,-3.9818645928008483,"{""0"": 9316, ""1"": 8584, ""2"": 9294, ""3"": 8286, ""4"": 8845, ""5"": 6074}",connected
50499,152,20000,0.2004325,0.013942826543934644,-3.9818645928008483,"{""0"": 9320, ""1"": 8617, ""2"": 9327, ""3"": 8305, ""4"": 8855, ""5"": 6075}",connected
50599,154,20000,0.19884916666666663,0.014346856097690762,-4.048498621731997,"{""0"": 9324, ""1"": 8662, ""2"": 9364, ""3"": 8306, ""4"": 8857, ""5"": 6086}",connected
50699,154,20000,0.19726583333333336,0.014409431000240147,-4.048498621731997,"{""0"": 9345, ""1"": 8667, ""2"": 9384, ""3"": 8319, ""4"": 8897, ""5"": 6087}",connected
50799,154,20000,0.19568249999999998,0.01400645065587014,-4.048498621731997,"{""0"": 9369, ""1"": 8672, ""2"": 9403, ""3"": 8337, ""4"": 8924, ""5"": 6094}",connected
50899,154,20000,0.1940991666666666,0.013103000386618078,-4.048498621731997,"{""0"": 9415, ""1"": 8699, ""2"": 9423, ""3"": 8337, ""4"": 8929, ""5"": 6096}",connected
50999,154,20000,0.19251583333333344,0.01205990209709853,-4.048498621731997,"{""0"": 9484, ""1"": 8714, ""2"": 9435, ""3"": 8338, ""4"": 8932, ""5"": 6096}",connected
51099,154,20000,0.19093250000000006,0.011716298954561354,-4.048498621731997,"{""0"": 9507, ""1"": 8727, ""2"": 9451, ""3"": 8357, ""4"": 8952, ""5"": 6105}",connected
51199,154,20000,0.1893491666666668,0.011179808424785734,-4.048498621731997,"{""0"": 9555, ""1"": 8741, ""2"": 9466, ""3"": 8365, ""4"": 8963, ""5"": 6109}",connected
51299,154,20000,0.1877658333333334,0.011548140021041035,-4.048498621731997,"{""0"": 9585, ""1"": 8771, ""2"": 9477, ""3"": 8379, ""4"": 8978, ""5"": 6109}",connected
51399,156,20000,0.18618250000000003,0.012122490303590893,-4.128761330703274,"{""0"": 9596, ""1"": 8789, ""2"": 9510, ""3"": 8392, ""4"": 8997, ""5"": 6115}",connected
51499,156,20000,0.18459916666666676,0.013387483111582697,-4.128761330703274,"{""0"": 9619, ""1"": 8815, ""2"": 9521, ""3"": 8403, ""4"": 9023, ""5"": 6118}",connected
51599,156,20000,0.18301583333333338,0.01338612241204828,-4.128761330703274,"{""0"": 9662, ""1"": 8853, ""2"": 9521, ""3"": 8410, ""4"": 9027, ""5"": 6126}",connected
51699,156,20000,0.1814325,0.012224958231672644,-4.128761330703274,"{""0"": 9687, ""1"": 8882, ""2"": 9532, ""3"": 8421, ""4"": 9041, ""5"": 6136}",connected
51799,158,20000,0.17984916666666673,0.012194177848286927,-4.008682468989864,"{""0"": 9702, ""1"": 8904, ""2"": 9549, ""3"": 8443, ""4"": 9062, ""5"": 6139}",connected
51899,158,20000,0.17826583333333335,0.010989592727273702,-4.008682468989864,"{""0"": 9732, ""1"": 8928, ""2"": 9572, ""3"": 8452, ""4"": 9074, ""5"": 6141}",connected
51999,158,20000,0.17668249999999996,0.011180574172176421,-4.008682468989864,"{""0"": 9739, ""1"": 8943, ""2"": 9592, ""3"": 8479, ""4"": 9098, ""5"": 6148}",connected
52099,158,20000,0.1750991666666667,0.012317231656052172,-4.008682468989864,"{""0"": 9756, ""1"": 8957, ""2"": 9614, ""3"": 8490, ""4"": 9131, ""5"": 6151}",connected
52199,158,20000,0.17351583333333342,0.012016417430713773,-4.008682468989864,"{""0"": 9768, ""1"": 8965, ""2"": 9627, ""3"": 8510, ""4"": 9174, ""5"": 6155}",connected
52299,158,20000,0.17193250000000004,0.012100961725227535,-4.008682468989864,"{""0"": 9800, ""1"": 8983, ""2"": 9644, ""3"": 8527, ""4"": 9184, ""5"": 6161}",connected
52399,158,20000,0.17034916666666677,0.01165344369597733,-4.008682468989864,"{""0"": 9834, ""1"": 9016, ""2"": 9657, ""3"": 8536, ""4"": 9195, ""5"": 6161}",connected
52499,158,20000,0.1687658333333334,0.01154161177109927,-4.008682468989864,"{""0"": 9873, ""1"": 9034, ""2"": 9677, ""3"": 8540, ""4"": 9210, ""5"": 6165}",connected
52599,160,20000,0.1671825,0.012384198615327477,-3.9959406190132722,"{""0"": 9883, ""1"": 9047, ""2"": 9707, ""3"": 8543, ""4"": 9230, ""5"": 6189}",connected
52699,160,20000,0.16559916666666674,0.012029565749689936,-3.9959406190132722,"{""0"": 9893, ""1"": 9076, ""2"": 9765, ""3"": 8543, ""4"": 9230, ""5"": 6192}",connected
52799,160,20000,0.16401583333333336,0.012108569550327956,-3.9959406190132722,"{""0"": 9915, ""1"": 9079, ""2"": 9779, ""3"": 8544, ""4"": 9234, ""5"": 6248}",connected
52899,160,20000,0.16243249999999998,0.012321303910575808,-3.9959406190132722,"{""0"": 9957, ""1"": 9093, ""2"": 9793, ""3"": 8552, ""4"": 9251, ""5"": 6253}",connected
52999,160,20000,0.1608491666666667,0.011832611509598792,-3.9959406190132722,"{""0"": 9993, ""1"": 9118, ""2"": 9809, ""3"": 8558, ""4"": 9265, ""5"": 6256}",connected
53099,160,20000,0.15926583333333333,0.012828718163073063,-3.9959406190132722,"{""0"": 10037, ""1"": 9146, ""2"": 9827, ""3"": 8563, ""4"": 9266, ""5"": 6260}",connected
53199,160,20000,0.15768249999999995,0.012774955141358077,-3.9959406190132722,"{""0"": 10058, ""1"": 9153, ""2"": 9847, ""3"": 8585, ""4"": 9295, ""5"": 6261}",connected
53299,162,20000,0.15609916666666668,0.013214893862605095,-4.011693313936703,"{""0"": 10114, ""1"": 9168, ""2"": 9859, ""3"": 8590, ""4"": 9300, ""5"": 6268}",connected
53399,162,20000,0.1545158333333334,0.012356738415546716,-4.011693313936703,"{""0"": 10165, ""1"": 9181, ""2"": 9871, ""3"": 8593, ""4"": 9320, ""5"": 6269}",connected
53499,162,20000,0.15293250000000003,0.011587280426174401,-4.011693313936703,"{""0"": 10196, ""1"": 9217, ""2"": 9886, ""3"": 8601, ""4"": 9328, ""5"": 6271}",connected
53599,162,20000,0.15134916666666676,0.01099096805555746,-4.011693313936703,"{""0"": 10251, ""1"": 9236, ""2"": 9905, ""3"": 8601, ""4"": 9330, ""5"": 6276}",connected
53699,162,20000,0.14976583333333338,0.010163424981292336,-4.011693313936703,"{""0"": 10265, ""1"": 9250, ""2"": 9939, ""3"": 8615, ""4"": 9350, ""5"": 6280}",connected
53799,162,20000,0.1481825000000001,0.011635381241794675,-4.011693313936703,"{""0"": 10290, ""1"": 9266, ""2"": 9958, ""3"": 8637, ""4"": 9365, ""5"": 6283}",connected
53899,162,20000,0.14659916666666672,0.011348407140467316,-4.011693313936703,"{""0"": 10351, ""1"": 9273, ""2"": 9973, ""3"": 8644, ""4"": 9374, ""5"": 6284}",connected
53999,164,20000,0.14501583333333334,0.01174505072645843,-3.9899338068347423,"{""0"": 10370, ""1"": 9289, ""2"": 9995, ""3"": 8660, ""4"": 9389, ""5"": 6296}",connected
54099,164,20000,0.14343250000000007,0.012310597910545767,-3.9899338068347423,"{""0"": 10412, ""1"": 9301, ""2"": 10010, ""3"": 8663, ""4"": 9412, ""5"": 6301}",connected
54199,164,20000,0.1418491666666667,0.011963249095715582,-3.9899338068347423,"{""0"": 10430, ""1"": 9315, ""2"": 10045, ""3"": 8679, ""4"": 9424, ""5"": 6306}",connected
54299,164,20000,0.1402658333333333,0.011777745576109737,-3.9899338068347423,"{""0"": 10478, ""1"": 9330, ""2"": 10065, ""3"": 8683, ""4"": 9431, ""5"": 6312}",connected
54399,164,20000,0.13868250000000004,0.011959345589857548,-3.9899338068347423,"{""0"": 10500, ""1"": 9351, ""2"": 10093, ""3"": 8694, ""4"": 9443, ""5"": 6318}",connected
54499,164,20000,0.13709916666666666,0.011294609315227718,-3.9899338068347423,"{""0"": 10535, ""1"": 9380, ""2"": 10108, ""3"": 8698, ""4"": 9455, ""5"": 6323}",connected
54599,164,20000,0.1355158333333334,0.011982680021319539,-3.9899338068347423,"{""0"": 10583, ""1"": 9395, ""2"": 10125, ""3"": 8711, ""4"": 9462, ""5"": 6323}",connected
54699,166,20000,0.13393250000000012,0.013044902118854224,-3.9668819037033245,"{""0"": 10613, ""1"": 9408, ""2"": 10153, ""3"": 8722, ""4"": 9478, ""5"": 6325}",connected
54799,166,20000,0.13234916666666674,0.013092416343279184,-3.9668819037033245,"{""0"": 10661, ""1"": 9430, ""2"": 10171, ""3"": 8723, ""4"": 9489, ""5"": 6325}",connected
54899,166,20000,0.13076583333333336,0.012731699673458934,-3.9668819037033245,"{""0"": 10680, ""1"": 9462, ""2"": 10189, ""3"": 8734, ""4"": 9506, ""5"": 6328}",connected
54999,166,20000,0.1291825000000001,0.011679967965465039,-3.9668819037033245,"{""0"": 10734, ""1"": 9474, ""2"": 10199, ""3"": 8750, ""4"": 9512, ""5"": 6330}",connected
55099,166,20000,0.1275991666666667,0.011204476461280137,-3.9668819037033245,"{""0"": 10788, ""1"": 9505, ""2"": 10204, ""3"": 8751, ""4"": 9520, ""5"": 6331}",connected
55199,166,20000,0.12601583333333333,0.011003869252745062,-3.9668819037033245,"{""0"": 10813, ""1"": 9515, ""2"": 10231, ""3"": 8768, ""4"": 9538, ""5"": 6334}",connected
55299,166,20000,0.12443250000000006,0.012512862065341324,-3.9668819037033245,"{""0"": 10836, ""1"": 9552, ""2"": 10243, ""3"": 8776, ""4"": 9545, ""5"": 6347}",connected
55399,168,20000,0.12284916666666668,0.012161878454498946,-3.9603657856304197,"{""0"": 10850, ""1"": 9562, ""2"": 10259, ""3"": 8791, ""4"": 9560, ""5"": 6377}",connected
55499,168,20000,0.1212658333333333,0.012071442524902522,-3.9603657856304197,"{""0"": 10885, ""1"": 9575, ""2"": 10289, ""3"": 8791, ""4"": 9564, ""5"": 6395}",connected
55599,168,20000,0.11968250000000002,0.01291804563254118,-3.9603657856304197,"{""0"": 10898, ""1"": 9593, ""2"": 10339, ""3"": 8797, ""4"": 9574, ""5"": 6398}",connected
55699,168,20000,0.11809916666666664,0.011077060219831765,-3.9603657856304197,"{""0"": 10967, ""1"": 9599, ""2"": 10344, ""3"": 8806, ""4"": 9581, ""5"": 6402}",connected
55799,168,20000,0.11651583333333337,0.01176348198670894,-3.9603657856304197,"{""0"": 11037, ""1"": 9606, ""2"": 10351, ""3"": 8814, ""4"": 9585, ""5"": 6406}",connected
55899,168,20000,0.1149325000000001,0.011948239530902356,-3.9603657856304197,"{""0"": 11053, ""1"": 9632, ""2"": 10379, ""3"": 8819, ""4"": 9606, ""5"": 6410}",connected
55999,168,20000,0.11334916666666672,0.011707425478380173,-3.9603657856304197,"{""0"": 11085, ""1"": 9646, ""2"": 10403, ""3"": 8833, ""4"": 9622, ""5"": 6410}",connected
56099,170,20000,0.11176583333333334,0.013335017987992614,-3.9547852243762462,"{""0"": 11116, ""1"": 9666, ""2"": 10429, ""3"": 8843, ""4"": 9630, ""5"": 6415}",connected
56199,170,20000,0.11018250000000007,0.01317683493020013,-3.9547852243762462,"{""0"": 11118, ""1"": 9677, ""2"": 10454, ""3"": 8861, ""4"": 9674, ""5"": 6415}",connected
56299,170,20000,0.10859916666666669,0.012988142492249609,-3.9547852243762462,"{""0"": 11129, ""1"": 9689, ""2"": 10504, ""3"": 8873, ""4"": 9685, ""5"": 6419}",connected
56399,170,20000,0.10701583333333342,0.01332902651745826,-3.9547852243762462,"{""0"": 11146, ""1"": 9706, ""2"": 10527, ""3"": 8888, ""4"": 9696, ""5"": 6436}",connected
56499,170,20000,0.10543250000000004,0.01233551490586251,-3.9547852243762462,"{""0"": 11231, ""1"": 9710, ""2"": 10531, ""3"": 8893, ""4"": 9698, ""5"": 6436}",connected
56599,170,20000,0.10384916666666666,0.012012125677429139,-3.9547852243762462,"{""0"": 11273, ""1"": 9730, ""2"": 10546, ""3"": 8899, ""4"": 9711, ""5"": 6440}",connected
56699,170,20000,0.10226583333333339,0.011801654384471475,-3.9547852243762462,"{""0"": 11290, ""1"": 9758, ""2"": 10566, ""3"": 8908, ""4"": 9733, ""5"": 6444}",connected
56799,170,20000,0.10068250000000001,0.011323070912621915,-3.9547852243762462,"{""0"": 11293, ""1"": 9788, ""2"": 10590, ""3"": 8929, ""4"": 9751, ""5"": 6448}",connected
56899,172,20000,0.09909916666666663,0.01177407287992537,-3.9299106909753756,"{""0"": 11306, ""1"": 9816, ""2"": 10604, ""3"": 8936, ""4"": 9784, ""5"": 6453}",connected
56999,174,20000,0.09751583333333347,0.011520196874625981,-3.7492915503215043,"{""0"": 11315, ""1"": 9846, ""2"": 10626, ""3"": 8946, ""4"": 9805, ""5"": 6461}",connected
57099,174,20000,0.09593250000000009,0.012228363640606404,-3.7492915503215043,"{""0"": 11335, ""1"": 9859, ""2"": 10638, ""3"": 8975, ""4"": 9821, ""5"": 6471}",connected
57199,176,20000,0.0943491666666667,0.012872416097670793,-3.584868915542029,"{""0"": 11365, ""1"": 9890, ""2"": 10655, ""3"": 8984, ""4"": 9829, ""5"": 6476}",connected
57299,176,20000,0.09276583333333344,0.012880503539927304,-3.584868915542029,"{""0"": 11393, ""1"": 9912, ""2"": 10684, ""3"": 8990, ""4"": 9840, ""5"": 6480}",connected
57399,176,20000,0.09118250000000006,0.013652266869321465,-3.584868915542029,"{""0"": 11407, ""1"": 9916, ""2"": 10686, ""3"": 9039, ""4"": 9870, ""5"": 6481}",connected
57499,176,20000,0.08959916666666667,0.014158008270896971,-3.584868915542029,"{""0"": 11415, ""1"": 9933, ""2"": 10692, ""3"": 9070, ""4"": 9905, ""5"": 6484}",connected
57599,176,20000,0.0880158333333334,0.013355312347412109,-3.584868915542029,"{""0"": 11419, ""1"": 9982, ""2"": 10715, ""3"": 9083, ""4"": 9916, ""5"": 6484}",connected
57699,176,20000,0.08643250000000002,0.014455278553068638,-3.584868915542029,"{""0"": 11426, ""1"": 9983, ""2"": 10748, ""3"": 9112, ""4"": 9944, ""5"": 6486}",connected
57799,176,20000,0.08484916666666664,0.013746000886894762,-3.584868915542029,"{""0"": 11428, ""1"": 9987, ""2"": 10786, ""3"": 9154, ""4"": 9956, ""5"": 6488}",connected
57899,178,20000,0.08326583333333337,0.013351602470502258,-3.481993519575335,"{""0"": 11451, ""1"": 10014, ""2"": 10800, ""3"": 9168, ""4"": 9977, ""5"": 6489}",connected
57999,178,20000,0.08168249999999999,0.01389495634008199,-3.481993519575335,"{""0"": 11486, ""1"": 10036, ""2"": 10832, ""3"": 9169, ""4"": 9984, ""5"": 6492}",connected
58099,178,20000,0.08009916666666661,0.014280030583031476,-3.481993519575335,"{""0"": 11544, ""1"": 10047, ""2"": 10851, ""3"": 9170, ""4"": 9995, ""5"": 6492}",connected
58199,178,20000,0.07851583333333345,0.014947384963743388,-3.481993519575335,"{""0"": 11578, ""1"": 10072, ""2"": 10858, ""3"": 9182, ""4"": 10017, ""5"": 6492}",connected
58299,178,20000,0.07693250000000007,0.01373756785877049,-3.481993519575335,"{""0"": 11588, ""1"": 10106, ""2"": 10868, ""3"": 9211, ""4"": 10034, ""5"": 6492}",connected
58399,178,20000,0.07534916666666669,0.014282192471437156,-3.481993519575335,"{""0"": 11595, ""1"": 10110, ""2"": 10871, ""3"": 9273, ""4"": 10058, ""5"": 6492}",connected
58499,178,20000,0.07376583333333342,0.012605660767294467,-3.481993519575335,"{""0"": 11607, ""1"": 10128, ""2"": 10872, ""3"": 9333, ""4"": 10064, ""5"": 6495}",connected
58599,180,20000,0.07218250000000004,0.013200091100297868,-3.5363593786070124,"{""0"": 11617, ""1"": 10146, ""2"": 10898, ""3"": 9344, ""4"": 10095, ""5"": 6499}",connected
58699,180,20000,0.07059916666666677,0.013495247331447899,-3.5363593786070124,"{""0"": 11633, ""1"": 10157, ""2"": 10910, ""3"": 9380, ""4"": 10115, ""5"": 6504}",connected
58799,180,20000,0.06901583333333339,0.01261625736951828,-3.5363593786070124,"{""0"": 11672, ""1"": 10176, ""2"": 10927, ""3"": 9388, ""4"": 10123, ""5"": 6513}",connected
58899,180,20000,0.0674325,0.012929020593874156,-3.5363593786070124,"{""0"": 11685, ""1"": 10195, ""2"": 10942, ""3"": 9412, ""4"": 10148, ""5"": 6517}",connected
58999,180,20000,0.06584916666666674,0.011776551057118922,-3.5363593786070124,"{""0"": 11699, ""1"": 10216, ""2"": 10971, ""3"": 9425, ""4"": 10163, ""5"": 6525}",connected
59099,180,20000,0.06426583333333336,0.012580704332794995,-3.5363593786070124,"{""0"": 11720, ""1"": 10242, ""2"": 10994, ""3"": 9433, ""4"": 10181, ""5"": 6529}",connected
59199,180,20000,0.06268249999999997,0.01442973303841427,-3.5363593786070124,"{""0"": 11742, ""1"": 10257, ""2"": 11020, ""3"": 9440, ""4"": 10200, ""5"": 6540}",connected
59299,182,20000,0.061099166666666704,0.01392082408303395,-3.518995761843398,"{""0"": 11759, ""1"": 10287, ""2"": 11045, ""3"": 9447, ""4"": 10218, ""5"": 6543}",connected
59399,182,20000,0.059515833333333434,0.01536197800654918,-3.518995761843398,"{""0"": 11781, ""1"": 10326, ""2"": 11057, ""3"": 9449, ""4"": 10242, ""5"": 6544}",connected
59499,182,20000,0.05793250000000005,0.01509005575440824,-3.518995761843398,"{""0"": 11829, ""1"": 10345, ""2"": 11057, ""3"": 9450, ""4"": 10242, ""5"": 6576}",connected
59599,182,20000,0.05634916666666678,0.012290448150597513,-3.518995761843398,"{""0"": 11848, ""1"": 10394, ""2"": 11082, ""3"": 9453, ""4"": 10246, ""5"": 6576}",connected
59699,182,20000,0.0547658333333334,0.013124806848354638,-3.518995761843398,"{""0"": 11874, ""1"": 10450, ""2"": 11099, ""3"": 9453, ""4"": 10247, ""5"": 6576}",connected
59799,182,20000,0.05318250000000002,0.011718234797008335,-3.518995761843398,"{""0"": 11924, ""1"": 10500, ""2"": 11099, ""3"": 9453, ""4"": 10247, ""5"": 6576}",connected
59899,182,20000,0.05159916666666675,0.01133999388664961,-3.518995761843398,"{""0"": 11954, ""1"": 10553, ""2"": 11103, ""3"": 9464, ""4"": 10248, ""5"": 6577}",connected
59999,184,20000,0.05001583333333337,0.012078185179270805,-3.5205975138256327,"{""0"": 11958, ""1"": 10633, ""2"": 11114, ""3"": 9464, ""4"": 10252, ""5"": 6578}",connected
60099,184,20000,0.050000000000000044,0.010819311812520027,-3.5205975138256327,"{""0"": 11972, ""1"": 10660, ""2"": 11132, ""3"": 9470, ""4"": 10280, ""5"": 6585}",connected
60199,184,20000,0.050000000000000044,0.012010854254476726,-3.5205975138256327,"{""0"": 11973, ""1"": 10707, ""2"": 11134, ""3"": 9493, ""4"": 10291, ""5"": 6601}",connected
60299,184,20000,0.050000000000000044,0.012675979773048312,-3.5205975138256327,"{""0"": 11993, ""1"": 10722, ""2"": 11143, ""3"": 9525, ""4"": 10302, ""5"": 6614}",connected
60399,184,20000,0.050000000000000044,0.013649704281706363,-3.5205975138256327,"{""0"": 12043, ""1"": 10724, ""2"": 11144, ""3"": 9570, ""4"": 10302, ""5"": 6616}",connected
60499,184,20000,0.050000000000000044,0.014376781827304513,-3.5205975138256327,"{""0"": 12084, ""1"": 10739, ""2"": 11148, ""3"": 9604, ""4"": 10307, ""5"": 6617}",connected
60599,184,20000,0.050000000000000044,0.012997269758488982,-3.5205975138256327,"{""0"": 12111, ""1"": 10770, ""2"": 11166, ""3"": 9619, ""4"": 10316, ""5"": 6617}",connected
60699,186,20000,0.050000000000000044,0.012948704492300749,-3.421849289122038,"{""0"": 12123, ""1"": 10781, ""2"": 11190, ""3"": 9649, ""4"": 10338, ""5"": 6618}",connected
60799,186,20000,0.050000000000000044,0.012057884782552718,-3.421849289122038,"{""0"": 12147, ""1"": 10794, ""2"": 11204, ""3"": 9670, ""4"": 10366, ""5"": 6618}",connected
60899,186,20000,0.050000000000000044,0.012355191647075117,-3.421849289122038,"{""0"": 12194, ""1"": 10809, ""2"": 11230, ""3"": 9675, ""4"": 10370, ""5"": 6621}",connected
60999,186,20000,0.050000000000000044,0.012275583897717298,-3.421849289122038,"{""0"": 12214, ""1"": 10840, ""2"": 11262, ""3"": 9681, ""4"": 10379, ""5"": 6623}",connected
61099,186,20000,0.050000000000000044,0.011485986914485692,-3.421849289122038,"{""0"": 12239, ""1"": 10863, ""2"": 11294, ""3"": 9691, ""4"": 10389, ""5"": 6623}",connected
61199,186,20000,0.050000000000000044,0.011014552651904524,-3.421849289122038,"{""0"": 12258, ""1"": 10885, ""2"": 11329, ""3"": 9701, ""4"": 10400, ""5"": 6626}",connected
61299,186,20000,0.050000000000000044,0.010111362882889807,-3.421849289122038,"{""0"": 12262, ""1"": 10904, ""2"": 11383, ""3"": 9711, ""4"": 10411, ""5"": 6628}",connected
61399,188,20000,0.050000000000000044,0.010560048245824873,-3.40833190811798,"{""0"": 12280, ""1"": 10925, ""2"": 11422, ""3"": 9720, ""4"": 10424, ""5"": 6628}",connected
61499,188,20000,0.050000000000000044,0.012140704155899584,-3.40833190811798,"{""0"": 12315, ""1"": 10944, ""2"": 11438, ""3"": 9728, ""4"": 10445, ""5"": 6629}",connected
61599,188,20000,0.050000000000000044,0.01256408401299268,-3.40833190811798,"{""0"": 12348, ""1"": 10960, ""2"": 11442, ""3"": 9734, ""4"": 10486, ""5"": 6629}",connected
61699,188,20000,0.050000000000000044,0.011845926998648792,-3.40833190811798,"{""0"": 12354, ""1"": 11022, ""2"": 11442, ""3"": 9739, ""4"": 10513, ""5"": 6629}",connected
61799,188,20000,0.050000000000000044,0.010614080808591098,-3.40833190811798,"{""0"": 12393, ""1"": 11059, ""2"": 11443, ""3"": 9742, ""4"": 10533, ""5"": 6629}",connected
61899,188,20000,0.050000000000000044,0.008217846855986864,-3.40833190811798,"{""0"": 12421, ""1"": 11101, ""2"": 11452, ""3"": 9748, ""4"": 10545, ""5"": 6632}",connected
61999,188,20000,0.050000000000000044,0.007683223877102137,-3.40833190811798,"{""0"": 12474, ""1"": 11106, ""2"": 11455, ""3"": 9752, ""4"": 10580, ""5"": 6632}",connected
62099,190,20000,0.050000000000000044,0.008349794547539204,-3.4050418721837925,"{""0"": 12490, ""1"": 11127, ""2"": 11478, ""3"": 9767, ""4"": 10603, ""5"": 6634}",connected
62199,190,20000,0.050000000000000044,0.009514686728361994,-3.4050418721837925,"{""0"": 12527, ""1"": 11132, ""2"": 11491, ""3"": 9780, ""4"": 10634, ""5"": 6635}",connected
62299,190,20000,0.050000000000000044,0.010951687057968229,-3.4050418721837925,"{""0"": 12556, ""1"": 11148, ""2"": 11524, ""3"": 9792, ""4"": 10644, ""5"": 6635}",connected
62399,190,20000,0.050000000000000044,0.011707787020131945,-3.4050418721837925,"{""0"": 12568, ""1"": 11168, ""2"": 11579, ""3"": 9796, ""4"": 10651, ""5"": 6637}",connected
62499,190,20000,0.050000000000000044,0.011853517950512468,-3.4050418721837925,"{""0"": 12583, ""1"": 11203, ""2"": 11608, ""3"": 9809, ""4"": 10659, ""5"": 6637}",connected
62599,190,20000,0.050000000000000044,0.011143612274900079,-3.4050418721837925,"{""0"": 12628, ""1"": 11216, ""2"": 11629, ""3"": 9821, ""4"": 10668, ""5"": 6637}",connected
62699,190,20000,0.050000000000000044,0.011005144144874066,-3.4050418721837925,"{""0"": 12641, ""1"": 11237, ""2"": 11650, ""3"": 9838, ""4"": 10692, ""5"": 6641}",connected
62799,190,20000,0.050000000000000044,0.010511988878715784,-3.4050418721837925,"{""0"": 12645, ""1"": 11287, ""2"": 11672, ""3"": 9853, ""4"": 10701, ""5"": 6641}",connected
62899,192,20000,0.050000000000000044,0.010296035162173211,-3.400119770625606,"{""0"": 12665, ""1"": 11306, ""2"": 11690, ""3"": 9866, ""4"": 10730, ""5"": 6642}",connected
62999,192,20000,0.050000000000000044,0.010936391758732497,-3.400119770625606,"{""0"": 12697, ""1"": 11323, ""2"": 11721, ""3"": 9875, ""4"": 10741, ""5"": 6642}",connected
63099,192,20000,0.050000000000000044,0.01055938279023394,-3.400119770625606,"{""0"": 12736, ""1"": 11335, ""2"": 11731, ""3"": 9894, ""4"": 10759, ""5"": 6644}",connected
63199,192,20000,0.050000000000000044,0.00967543336097151,-3.400119770625606,"{""0"": 12764, ""1"": 11346, ""2"": 11754, ""3"": 9913, ""4"": 10778, ""5"": 6644}",connected
63299,192,20000,0.050000000000000044,0.00965909572551027,-3.400119770625606,"{""0"": 12779, ""1"": 11377, ""2"": 11797, ""3"": 9915, ""4"": 10779, ""5"": 6652}",connected
63399,192,20000,0.050000000000000044,0.00900744215818122,-3.400119770625606,"{""0"": 12816, ""1"": 11397, ""2"": 11821, ""3"": 9920, ""4"": 10780, ""5"": 6665}",connected
63499,192,20000,0.050000000000000044,0.008903641130309552,-3.400119770625606,"{""0"": 12853, ""1"": 11412, ""2"": 11858, ""3"": 9924, ""4"": 10787, ""5"": 6665}",connected
63599,194,20000,0.050000000000000044,0.011436527408659459,-3.514506781944074,"{""0"": 12883, ""1"": 11431, ""2"": 11885, ""3"": 9930, ""4"": 10801, ""5"": 6669}",connected
63699,194,20000,0.050000000000000044,0.01175583575386554,-3.514506781944074,"{""0"": 12911, ""1"": 11444, ""2"": 11901, ""3"": 9933, ""4"": 10823, ""5"": 6687}",connected
63799,194,20000,0.050000000000000044,0.012757594014983624,-3.514506781944074,"{""0"": 12931, ""1"": 11465, ""2"": 11937, ""3"": 9943, ""4"": 10834, ""5"": 6689}",connected
63899,194,20000,0.050000000000000044,0.013162043737247586,-3.514506781944074,"{""0"": 12953, ""1"": 11494, ""2"": 11967, ""3"": 9951, ""4"": 10840, ""5"": 6694}",connected
63999,194,20000,0.050000000000000044,0.01120776120107621,-3.514506781944074,"{""0"": 12964, ""1"": 11534, ""2"": 11995, ""3"": 9962, ""4"": 10849, ""5"": 6695}",connected
64099,194,20000,0.050000000000000044,0.012118558180518449,-3.514506781944074,"{""0"": 12998, ""1"": 11539, ""2"": 12006, ""3"": 9974, ""4"": 10878, ""5"": 6704}",connected
64199,194,20000,0.050000000000000044,0.01156443370738998,-3.514506781944074,"{""0"": 13028, ""1"": 11562, ""2"": 12041, ""3"": 9976, ""4"": 10881, ""5"": 6711}",connected
64299,196,20000,0.050000000000000044,0.011377070741727948,-3.5111023018555714,"{""0"": 13043, ""1"": 11584, ""2"": 12078, ""3"": 9990, ""4"": 10891, ""5"": 6713}",connected
64399,196,20000,0.050000000000000044,0.011554836693685502,-3.5111023018555714,"{""0"": 13073, ""1"": 11592, ""2"": 12089, ""3"": 10008, ""4"": 10922, ""5"": 6715}",connected
64499,196,20000,0.050000000000000044,0.009756883645895869,-3.5111023018555714,"{""0"": 13115, ""1"": 11604, ""2"": 12115, ""3"": 10014, ""4"": 10930, ""5"": 6721}",connected
64599,196,20000,0.050000000000000044,0.008659362252801657,-3.5111023018555714,"{""0"": 13148, ""1"": 11624, ""2"": 12149, ""3"": 10018, ""4"": 10931, ""5"": 6729}",connected
64699,196,20000,0.050000000000000044,0.007749066238757223,-3.5111023018555714,"{""0"": 13201, ""1"": 11632, ""2"": 12174, ""3"": 10024, ""4"": 10939, ""5"": 6729}",connected
64799,196,20000,0.050000000000000044,0.007681609687861055,-3.5111023018555714,"{""0"": 13216, ""1"": 11662, ""2"": 12213, ""3"": 10033, ""4"": 10946, ""5"": 6729}",connected
64899,196,20000,0.050000000000000044,0.009382686933968216,-3.5111023018555714,"{""0"": 13255, ""1"": 11668, ""2"": 12236, ""3"": 10048, ""4"": 10963, ""5"": 6729}",connected
64999,198,20000,0.050000000000000044,0.009818084586877376,-3.5767726252786813,"{""0"": 13273, ""1"": 11702, ""2"": 12279, ""3"": 10048, ""4"": 10967, ""5"": 6730}",connected
65099,198,20000,0.050000000000000044,0.009943536310456693,-3.5767726252786813,"{""0"": 13334, ""1"": 11707, ""2"": 12286, ""3"": 10050, ""4"": 10983, ""5"": 6739}",connected
65199,198,20000,0.050000000000000044,0.009677650700323283,-3.5767726252786813,"{""0"": 13429, ""1"": 11710, ""2"": 12288, ""3"": 10050, ""4"": 10983, ""5"": 6739}",connected
65299,198,20000,0.050000000000000044,0.008418560374993831,-3.5767726252786813,"{""0"": 13462, ""1"": 11753, ""2"": 12307, ""3"": 10052, ""4"": 10983, ""5"": 6742}",connected
65399,198,20000,0.050000000000000044,0.008173407674767076,-3.5767726252786813,"{""0"": 13487, ""1"": 11793, ""2"": 12335, ""3"": 10057, ""4"": 10985, ""5"": 6742}",connected
65499,198,20000,0.050000000000000044,0.008424451185856014,-3.5767726252786813,"{""0"": 13515, ""1"": 11813, ""2"": 12356, ""3"": 10066, ""4"": 11005, ""5"": 6744}",connected
65599,198,20000,0.050000000000000044,0.008275175527669489,-3.5767726252786813,"{""0"": 13530, ""1"": 11829, ""2"": 12384, ""3"": 10095, ""4"": 11017, ""5"": 6744}",connected
65699,200,20000,0.050000000000000044,0.008125494862906636,-3.5913418755494058,"{""0"": 13558, ""1"": 11853, ""2"": 12405, ""3"": 10099, ""4"": 11034, ""5"": 6750}",connected
65799,200,20000,0.050000000000000044,0.008134133787825704,-3.5913418755494058,"{""0"": 13568, ""1"": 11871, ""2"": 12436, ""3"": 10114, ""4"": 11060, ""5"": 6750}",connected
65899,200,20000,0.050000000000000044,0.008643184672109783,-3.5913418755494058,"{""0"": 13581, ""1"": 11884, ""2"": 12451, ""3"": 10142, ""4"": 11085, ""5"": 6756}",connected
65999,200,20000,0.050000000000000044,0.010570788651239126,-3.5913418755494058,"{""0"": 13597, ""1"": 11898, ""2"": 12466, ""3"": 10162, ""4"": 11101, ""5"": 6775}",connected
66099,200,20000,0.050000000000000044,0.011296591525897383,-3.5913418755494058,"{""0"": 13608, ""1"": 11913, ""2"": 12486, ""3"": 10178, ""4"": 11118, ""5"": 6796}",connected
66199,200,20000,0.050000000000000044,0.01240899135824293,-3.5913418755494058,"{""0"": 13633, ""1"": 11925, ""2"": 12503, ""3"": 10194, ""4"": 11146, ""5"": 6798}",connected
66299,200,20000,0.050000000000000044,0.012773981869686394,-3.5913418755494058,"{""0"": 13674, ""1"": 11945, ""2"": 12524, ""3"": 10204, ""4"": 11150, ""5"": 6802}",connected
66399,200,20000,0.050000000000000044,0.01078446586150676,-3.5913418755494058,"{""0"": 13719, ""1"": 11962, ""2"": 12528, ""3"": 10223, ""4"": 11163, ""5"": 6804}",connected
66499,202,20000,0.050000000000000044,0.010306348651647567,-3.5874370445497332,"{""0"": 13735, ""1"": 11980, ""2"": 12544, ""3"": 10232, ""4"": 11195, ""5"": 6813}",connected
66599,202,20000,0.050000000000000044,0.0096475162031129,-3.5874370445497332,"{""0"": 13752, ""1"": 11994, ""2"": 12555, ""3"": 10251, ""4"": 11228, ""5"": 6819}",connected
66699,202,20000,0.050000000000000044,0.009040217238944024,-3.5874370445497332,"{""0"": 13776, ""1"": 12000, ""2"": 12572, ""3"": 10258, ""4"": 11257, ""5"": 6836}",connected
66799,202,20000,0.050000000000000044,0.00940274092135951,-3.5874370445497332,"{""0"": 13776, ""1"": 12002, ""2"": 12575, ""3"": 10264, ""4"": 11310, ""5"": 6872}",connected
66899,202,20000,0.050000000000000044,0.008451436923351138,-3.5874370445497332,"{""0"": 13778, ""1"": 12002, ""2"": 12577, ""3"": 10264, ""4"": 11361, ""5"": 6917}",connected
66999,202,20000,0.050000000000000044,0.008701839782297612,-3.5874370445497332,"{""0"": 13779, ""1"": 12004, ""2"": 12577, ""3"": 10305, ""4"": 11410, ""5"": 6924}",connected
67099,202,20000,0.050000000000000044,0.00866401642560959,-3.5874370445497332,"{""0"": 13782, ""1"": 12004, ""2"": 12591, ""3"": 10331, ""4"": 11465, ""5"": 6926}",connected
67199,204,20000,0.050000000000000044,0.00820483292452991,-3.671408644025214,"{""0"": 13796, ""1"": 12015, ""2"": 12616, ""3"": 10348, ""4"": 11497, ""5"": 6927}",connected
67299,204,20000,0.050000000000000044,0.008474309097509831,-3.671408644025214,"{""0"": 13832, ""1"": 12027, ""2"": 12625, ""3"": 10369, ""4"": 11511, ""5"": 6935}",connected
67399,204,20000,0.050000000000000044,0.007951477128081023,-3.671408644025214,"{""0"": 13858, ""1"": 12041, ""2"": 12648, ""3"": 10378, ""4"": 11537, ""5"": 6937}",connected
67499,204,20000,0.050000000000000044,0.0074410187732428315,-3.671408644025214,"{""0"": 13867, ""1"": 12049, ""2"": 12651, ""3"": 10430, ""4"": 11564, ""5"": 6938}",connected
67599,204,20000,0.050000000000000044,0.00782828789204359,-3.671408644025214,"{""0"": 13887, ""1"": 12073, ""2"": 12671, ""3"": 10451, ""4"": 11579, ""5"": 6938}",connected
67699,204,20000,0.050000000000000044,0.007661261474713683,-3.671408644025214,"{""0"": 13914, ""1"": 12086, ""2"": 12689, ""3"": 10470, ""4"": 11601, ""5"": 6939}",connected
67799,204,20000,0.050000000000000044,0.008397322574164718,-3.671408644025214,"{""0"": 13923, ""1"": 12096, ""2"": 12705, ""3"": 10505, ""4"": 11630, ""5"": 6940}",connected
67899,206,20000,0.050000000000000044,0.008119966958183795,-3.652361426670104,"{""0"": 13935, ""1"": 12117, ""2"": 12728, ""3"": 10526, ""4"": 11652, ""5"": 6941}",connected
67999,206,20000,0.050000000000000044,0.008187447732780129,-3.652361426670104,"{""0"": 13941, ""1"": 12137, ""2"": 12774, ""3"": 10544, ""4"": 11661, ""5"": 6942}",connected
68099,206,20000,0.050000000000000044,0.008645390577148646,-3.652361426670104,"{""0"": 13955, ""1"": 12158, ""2"": 12810, ""3"": 10559, ""4"": 11675, ""5"": 6942}",connected
68199,206,20000,0.050000000000000044,0.008207970927469433,-3.652361426670104,"{""0"": 13982, ""1"": 12171, ""2"": 12847, ""3"": 10574, ""4"": 11681, ""5"": 6944}",connected
68299,206,20000,0.050000000000000044,0.00882673249579966,-3.652361426670104,"{""0"": 14005, ""1"": 12186, ""2"": 12909, ""3"": 10574, ""4"": 11681, ""5"": 6944}",connected
68399,206,20000,0.050000000000000044,0.00869905563769862,-3.652361426670104,"{""0"": 14044, ""1"": 12191, ""2"": 12963, ""3"": 10574, ""4"": 11682, ""5"": 6945}",connected
68499,206,20000,0.050000000000000044,0.0088098503369838,-3.652361426670104,"{""0"": 14073, ""1"": 12202, ""2"": 13018, ""3"": 10576, ""4"": 11683, ""5"": 6947}",connected
68599,208,20000,0.050000000000000044,0.009016211363486945,-3.7318828184669837,"{""0"": 14085, ""1"": 12216, ""2"": 13047, ""3"": 10586, ""4"": 11715, ""5"": 6950}",connected
68699,208,20000,0.050000000000000044,0.00876862833974883,-3.7318828184669837,"{""0"": 14107, ""1"": 12237, ""2"": 13068, ""3"": 10605, ""4"": 11730, ""5"": 6952}",connected
68799,208,20000,0.050000000000000044,0.008968515377491713,-3.7318828184669837,"{""0"": 14138, ""1"": 12263, ""2"": 13088, ""3"": 10608, ""4"": 11748, ""5"": 6954}",connected
68899,208,20000,0.050000000000000044,0.009379759631119668,-3.7318828184669837,"{""0"": 14197, ""1"": 12298, ""2"": 13089, ""3"": 10609, ""4"": 11752, ""5"": 6954}",connected
68999,208,20000,0.050000000000000044,0.009288457923103123,-3.7318828184669837,"{""0"": 14219, ""1"": 12312, ""2"": 13122, ""3"": 10620, ""4"": 11768, ""5"": 6958}",connected
69099,208,20000,0.050000000000000044,0.009263091140892356,-3.7318828184669837,"{""0"": 14285, ""1"": 12313, ""2"": 13147, ""3"": 10625, ""4"": 11771, ""5"": 6958}",connected
69199,208,20000,0.050000000000000044,0.008786571866367013,-3.7318828184669837,"{""0"": 14289, ""1"": 12341, ""2"": 13181, ""3"": 10644, ""4"": 11784, ""5"": 6960}",connected
69299,210,20000,0.050000000000000044,0.00833689032588154,-3.8226502419961617,"{""0"": 14299, ""1"": 12389, ""2"": 13198, ""3"": 10653, ""4"": 11798, ""5"": 6962}",connected
69399,210,20000,0.050000000000000044,0.008022502657258884,-3.8226502419961617,"{""0"": 14315, ""1"": 12407, ""2"": 13238, ""3"": 10660, ""4"": 11817, ""5"": 6962}",connected
69499,210,20000,0.050000000000000044,0.007668411923805252,-3.8226502419961617,"{""0"": 14328, ""1"": 12438, ""2"": 13262, ""3"": 10672, ""4"": 11833, ""5"": 6966}",connected
69599,210,20000,0.050000000000000044,0.006963755815522745,-3.8226502419961617,"{""0"": 14349, ""1"": 12457, ""2"": 13295, ""3"": 10684, ""4"": 11847, ""5"": 6967}",connected
69699,210,20000,0.050000000000000044,0.007425404380774126,-3.8226502419961617,"{""0"": 14350, ""1"": 12494, ""2"": 13323, ""3"": 10703, ""4"": 11861, ""5"": 6968}",connected
69799,210,20000,0.050000000000000044,0.008360987920314073,-3.8226502419961617,"{""0"": 14373, ""1"": 12527, ""2"": 13336, ""3"": 10717, ""4"": 11877, ""5"": 6969}",connected
69899,210,20000,0.050000000000000044,0.009043958545662463,-3.8226502419961617,"{""0"": 14395, ""1"": 12544, ""2"": 13340, ""3"": 10762, ""4"": 11887, ""5"": 6971}",connected
69999,211,20000,0.050000000000000044,0.010183604240883142,-3.928821677761152,"{""0"": 14424, ""1"": 12566, ""2"": 13363, ""3"": 10771, ""4"": 11904, ""5"": 6971}",connected
70099,212,20000,0.050000000000000044,0.009408947208430617,-3.9706121641024947,"{""0"": 14446, ""1"": 12581, ""2"": 13381, ""3"": 10782, ""4"": 11937, ""5"": 6972}",connected
70199,212,20000,0.050000000000000044,0.007915102560073137,-3.9706121641024947,"{""0"": 14450, ""1"": 12593, ""2"": 13405, ""3"": 10820, ""4"": 11959, ""5"": 6972}",connected
70299,212,20000,0.050000000000000044,0.007610114614944905,-3.9706121641024947,"{""0"": 14462, ""1"": 12617, ""2"": 13422, ""3"": 10841, ""4"": 11974, ""5"": 6983}",connected
70399,212,20000,0.050000000000000044,0.008127764569362626,-3.9706121641024947,"{""0"": 14479, ""1"": 12636, ""2"": 13431, ""3"": 10853, ""4"": 11985, ""5"": 7015}",connected
70499,212,20000,0.050000000000000044,0.007745621126377955,-3.9706121641024947,"{""0"": 14492, ""1"": 12658, ""2"": 13461, ""3"": 10866, ""4"": 11995, ""5"": 7027}",connected
70599,212,20000,0.050000000000000044,0.00792123329010792,-3.9706121641024947,"{""0"": 14531, ""1"": 12663, ""2"": 13467, ""3"": 10893, ""4"": 12017, ""5"": 7028}",connected
70699,212,20000,0.050000000000000044,0.007471629539504647,-3.9706121641024947,"{""0"": 14549, ""1"": 12681, ""2"": 13498, ""3"": 10908, ""4"": 12034, ""5"": 7029}",connected
70799,214,20000,0.050000000000000044,0.006555208490462974,-3.9769336041202767,"{""0"": 14566, ""1"": 12700, ""2"": 13537, ""3"": 10918, ""4"": 12049, ""5"": 7029}",connected
70899,214,20000,0.050000000000000044,0.0069269519252702595,-3.9769336041202767,"{""0"": 14578, ""1"": 12721, ""2"": 13570, ""3"": 10936, ""4"": 12065, ""5"": 7029}",connected
70999,214,20000,0.050000000000000044,0.006912575722672045,-3.9769336041202767,"{""0"": 14594, ""1"": 12754, ""2"": 13589, ""3"": 10946, ""4"": 12082, ""5"": 7034}",connected
71099,214,20000,0.050000000000000044,0.007112845060182735,-3.9769336041202767,"{""0"": 14608, ""1"": 12790, ""2"": 13595, ""3"": 10960, ""4"": 12106, ""5"": 7040}",connected
71199,214,20000,0.050000000000000044,0.008592133816564455,-3.9769336041202767,"{""0"": 14611, ""1"": 12842, ""2"": 13603, ""3"": 10972, ""4"": 12131, ""5"": 7040}",connected
71299,214,20000,0.050000000000000044,0.008686584625393153,-3.9769336041202767,"{""0"": 14637, ""1"": 12880, ""2"": 13626, ""3"": 10982, ""4"": 12133, ""5"": 7041}",connected
71399,214,20000,0.050000000000000044,0.008671524431556464,-3.9769336041202767,"{""0"": 14665, ""1"": 12899, ""2"": 13649, ""3"": 10991, ""4"": 12154, ""5"": 7041}",connected
71499,216,20000,0.050000000000000044,0.00907004598295316,-3.9737903530849144,"{""0"": 14708, ""1"": 12917, ""2"": 13662, ""3"": 10998, ""4"": 12173, ""5"": 7041}",connected
71599,216,20000,0.050000000000000044,0.007353243932593614,-3.9737903530849144,"{""0"": 14734, ""1"": 12926, ""2"": 13686, ""3"": 11019, ""4"": 12193, ""5"": 7041}",connected
71699,216,20000,0.050000000000000044,0.007228770882356912,-3.9737903530849144,"{""0"": 14767, ""1"": 12937, ""2"": 13693, ""3"": 11040, ""4"": 12219, ""5"": 7043}",connected
71799,216,20000,0.050000000000000044,0.00744408430531621,-3.9737903530849144,"{""0"": 14775, ""1"": 12958, ""2"": 13725, ""3"": 11052, ""4"": 12245, ""5"": 7044}",connected
71899,216,20000,0.050000000000000044,0.007455408171517774,-3.9737903530849144,"{""0"": 14822, ""1"": 12990, ""2"": 13730, ""3"": 11056, ""4"": 12257, ""5"": 7044}",connected
71999,216,20000,0.050000000000000044,0.007967895091278479,-3.9737903530849144,"{""0"": 14839, ""1"": 13022, ""2"": 13747, ""3"": 11079, ""4"": 12264, ""5"": 7048}",connected
72099,216,20000,0.050000000000000044,0.00825915222405456,-3.9737903530849144,"{""0"": 14849, ""1"": 13046, ""2"": 13765, ""3"": 11102, ""4"": 12287, ""5"": 7050}",connected
72199,218,20000,0.050000000000000044,0.008054179748287425,-4.102999291406013,"{""0"": 14870, ""1"": 13059, ""2"": 13792, ""3"": 11116, ""4"": 12307, ""5"": 7055}",connected
72299,218,20000,0.050000000000000044,0.007694459448102862,-4.102999291406013,"{""0"": 14896, ""1"": 13063, ""2"": 13800, ""3"": 11153, ""4"": 12332, ""5"": 7055}",connected
72399,218,20000,0.050000000000000044,0.007588771497830748,-4.102999291406013,"{""0"": 14922, ""1"": 13068, ""2"": 13857, ""3"": 11158, ""4"": 12339, ""5"": 7055}",connected
72499,218,20000,0.050000000000000044,0.007579296447802335,-4.102999291406013,"{""0"": 14949, ""1"": 13081, ""2"": 13881, ""3"": 11176, ""4"": 12357, ""5"": 7055}",connected
72599,218,20000,0.050000000000000044,0.007431200207211077,-4.102999291406013,"{""0"": 14983, ""1"": 13096, ""2"": 13915, ""3"": 11184, ""4"": 12365, ""5"": 7056}",connected
72699,218,20000,0.050000000000000044,0.007336924942210317,-4.102999291406013,"{""0"": 15001, ""1"": 13112, ""2"": 13937, ""3"": 11195, ""4"": 12397, ""5"": 7057}",connected
72799,218,20000,0.050000000000000044,0.008152887031901628,-4.102999291406013,"{""0"": 15079, ""1"": 13114, ""2"": 13941, ""3"": 11200, ""4"": 12406, ""5"": 7059}",connected
72899,220,20000,0.050000000000000044,0.008150338125415147,-4.0619867805857215,"{""0"": 15138, ""1"": 13122, ""2"": 13947, ""3"": 11200, ""4"": 12432, ""5"": 7060}",connected
72999,220,20000,0.050000000000000044,0.008254515135195106,-4.0619867805857215,"{""0"": 15147, ""1"": 13132, ""2"": 13980, ""3"": 11213, ""4"": 12453, ""5"": 7074}",connected
73099,220,20000,0.050000000000000044,0.007818590053357184,-4.0619867805857215,"{""0"": 15159, ""1"": 13184, ""2"": 13983, ""3"": 11215, ""4"": 12456, ""5"": 7102}",connected
73199,220,20000,0.050000000000000044,0.007156146771740169,-4.0619867805857215,"{""0"": 15184, ""1"": 13192, ""2"": 14023, ""3"": 11223, ""4"": 12473, ""5"": 7104}",connected
73299,220,20000,0.050000000000000044,0.007848670405801386,-4.0619867805857215,"{""0"": 15232, ""1"": 13192, ""2"": 14068, ""3"": 11228, ""4"": 12473, ""5"": 7106}",connected
73399,220,20000,0.050000000000000044,0.008511578945908696,-4.0619867805857215,"{""0"": 15267, ""1"": 13194, ""2"": 14087, ""3"": 11246, ""4"": 12493, ""5"": 7112}",connected
73499,220,20000,0.050000000000000044,0.009589984598569572,-4.0619867805857215,"{""0"": 15293, ""1"": 13199, ""2"": 14106, ""3"": 11268, ""4"": 12518, ""5"": 7115}",connected
73599,222,20000,0.050000000000000044,0.009412831544177607,-4.002458382793702,"{""0"": 15295, ""1"": 13250, ""2"": 14111, ""3"": 11290, ""4"": 12534, ""5"": 7119}",connected
73699,222,20000,0.050000000000000044,0.008990678229602055,-4.002458382793702,"{""0"": 15312, ""1"": 13265, ""2"": 14155, ""3"": 11296, ""4"": 12551, ""5"": 7120}",connected
73799,222,20000,0.050000000000000044,0.008187511124415323,-4.002458382793702,"{""0"": 15323, ""1"": 13293, ""2"": 14196, ""3"": 11309, ""4"": 12554, ""5"": 7124}",connected
73899,222,20000,0.050000000000000044,0.007008600946282968,-4.002458382793702,"{""0"": 15335, ""1"": 13306, ""2"": 14208, ""3"": 11350, ""4"": 12574, ""5"": 7126}",connected
73999,222,20000,0.050000000000000044,0.00746407329570502,-4.002458382793702,"{""0"": 15346, ""1"": 13316, ""2"": 14245, ""3"": 11366, ""4"": 12596, ""5"": 7130}",connected
74099,222,20000,0.050000000000000044,0.006806337072048336,-4.002458382793702,"{""0"": 15364, ""1"": 13337, ""2"": 14269, ""3"": 11392, ""4"": 12607, ""5"": 7130}",connected
74199,222,20000,0.050000000000000044,0.0073656956490594895,-4.002458382793702,"{""0"": 15370, ""1"": 13364, ""2"": 14295, ""3"": 11416, ""4"": 12624, ""5"": 7130}",connected
74299,222,20000,0.050000000000000044,0.008309474334819242,-4.002458382793702,"{""0"": 15393, ""1"": 13373, ""2"": 14327, ""3"": 11438, ""4"": 12637, ""5"": 7131}",connected
74399,224,20000,0.050000000000000044,0.008381678030127659,-3.9949155890569092,"{""0"": 15401, ""1"": 13384, ""2"": 14363, ""3"": 11469, ""4"": 12651, ""5"": 7131}",connected
74499,224,20000,0.050000000000000044,0.009213066577212886,-3.9949155890569092,"{""0"": 15402, ""1"": 13413, ""2"": 14387, ""3"": 11502, ""4"": 12664, ""5"": 7131}",connected
74599,224,20000,0.050000000000000044,0.009267202739138156,-3.9949155890569092,"{""0"": 15411, ""1"": 13432, ""2"": 14419, ""3"": 11518, ""4"": 12686, ""5"": 7133}",connected
74699,224,20000,0.050000000000000044,0.009362215450964868,-3.9949155890569092,"{""0"": 15420, ""1"": 13458, ""2"": 14438, ""3"": 11546, ""4"": 12702, ""5"": 7135}",connected
74799,224,20000,0.050000000000000044,0.008932024016976356,-3.9949155890569092,"{""0"": 15439, ""1"": 13481, ""2"": 14457, ""3"": 11570, ""4"": 12715, ""5"": 7137}",connected
74899,224,20000,0.050000000000000044,0.007882999503053725,-3.9949155890569092,"{""0"": 15444, ""1"": 13486, ""2"": 14464, ""3"": 11628, ""4"": 12740, ""5"": 7137}",connected
74999,224,20000,0.050000000000000044,0.007910421083215624,-3.9949155890569092,"{""0"": 15453, ""1"": 13502, ""2"": 14486, ""3"": 11660, ""4"": 12761, ""5"": 7137}",connected
75099,226,20000,0.050000000000000044,0.007496930263005197,-3.986600064705126,"{""0"": 15464, ""1"": 13516, ""2"": 14509, ""3"": 11697, ""4"": 12776, ""5"": 7137}",connected
75199,226,20000,0.050000000000000044,0.00670807697577402,-3.986600064705126,"{""0"": 15484, ""1"": 13523, ""2"": 14518, ""3"": 11742, ""4"": 12795, ""5"": 7137}",connected
75299,226,20000,0.050000000000000044,0.007500362622085959,-3.986600064705126,"{""0"": 15505, ""1"": 13544, ""2"": 14563, ""3"": 11748, ""4"": 12800, ""5"": 7139}",connected
75399,226,20000,0.050000000000000044,0.008473812671145425,-3.986600064705126,"{""0"": 15518, ""1"": 13557, ""2"": 14580, ""3"": 11788, ""4"": 12817, ""5"": 7139}",connected
75499,226,20000,0.050000000000000044,0.008421949424082413,-3.986600064705126,"{""0"": 15532, ""1"": 13569, ""2"": 14587, ""3"": 11799, ""4"": 12872, ""5"": 7140}",connected
75599,226,20000,0.050000000000000044,0.008927081831498072,-3.986600064705126,"{""0"": 15564, ""1"": 13573, ""2"": 14590, ""3"": 11819, ""4"": 12913, ""5"": 7140}",connected
75699,226,20000,0.050000000000000044,0.008550796296913177,-3.986600064705126,"{""0"": 15626, ""1"": 13575, ""2"": 14593, ""3"": 11831, ""4"": 12932, ""5"": 7142}",connected
75799,228,20000,0.050000000000000044,0.007452824738575146,-3.9753723783558232,"{""0"": 15676, ""1"": 13586, ""2"": 14613, ""3"": 11838, ""4"": 12943, ""5"": 7143}",connected
75899,228,20000,0.050000000000000044,0.007342307609505951,-3.9753723783558232,"{""0"": 15705, ""1"": 13615, ""2"": 14640, ""3"": 11839, ""4"": 12957, ""5"": 7143}",connected
75999,228,20000,0.050000000000000044,0.0069993722019717096,-3.9753723783558232,"{""0"": 15764, ""1"": 13616, ""2"": 14652, ""3"": 11851, ""4"": 12972, ""5"": 7144}",connected
76099,228,20000,0.050000000000000044,0.006755899233976379,-3.9753723783558232,"{""0"": 15791, ""1"": 13638, ""2"": 14665, ""3"": 11869, ""4"": 12991, ""5"": 7145}",connected
76199,228,20000,0.050000000000000044,0.006509677952853963,-3.9753723783558232,"{""0"": 15831, ""1"": 13645, ""2"": 14670, ""3"": 11872, ""4"": 12997, ""5"": 7184}",connected
76299,228,20000,0.050000000000000044,0.007268693887162954,-3.9753723783558232,"{""0"": 15844, ""1"": 13676, ""2"": 14693, ""3"": 11884, ""4"": 13007, ""5"": 7195}",connected
76399,228,20000,0.050000000000000044,0.007580998169723898,-3.9753723783558232,"{""0"": 15872, ""1"": 13689, ""2"": 14711, ""3"": 11884, ""4"": 13031, ""5"": 7212}",connected
76499,230,20000,0.050000000000000044,0.00841962916776538,-3.9772479510633274,"{""0"": 15911, ""1"": 13699, ""2"": 14727, ""3"": 11888, ""4"": 13061, ""5"": 7213}",connected
76599,230,20000,0.050000000000000044,0.009383603371679783,-3.9772479510633274,"{""0"": 15944, ""1"": 13701, ""2"": 14753, ""3"": 11905, ""4"": 13080, ""5"": 7216}",connected
76699,230,20000,0.050000000000000044,0.008892787722870707,-3.9772479510633274,"{""0"": 15974, ""1"": 13715, ""2"": 14765, ""3"": 11933, ""4"": 13093, ""5"": 7219}",connected
76799,230,20000,0.050000000000000044,0.0093073653022293,-3.9772479510633274,"{""0"": 16019, ""1"": 13725, ""2"": 14777, ""3"": 11955, ""4"": 13103, ""5"": 7220}",connected
76899,230,20000,0.050000000000000044,0.00828001778689213,-3.9772479510633274,"{""0"": 16050, ""1"": 13737, ""2"": 14794, ""3"": 11963, ""4"": 13132, ""5"": 7223}",connected
76999,230,20000,0.050000000000000044,0.0075362959678750485,-3.9772479510633274,"{""0"": 16095, ""1"": 13739, ""2"": 14803, ""3"": 11984, ""4"": 13151, ""5"": 7227}",connected
77099,230,20000,0.050000000000000044,0.007157489421078935,-3.9772479510633274,"{""0"": 16133, ""1"": 13739, ""2"": 14809, ""3"": 12007, ""4"": 13180, ""5"": 7231}",connected
77199,232,20000,0.050000000000000044,0.006423313623527065,-3.9781525248708203,"{""0"": 16161, ""1"": 13747, ""2"": 14830, ""3"": 12020, ""4"": 13209, ""5"": 7232}",connected
77299,232,20000,0.050000000000000044,0.007043053888482973,-3.9781525248708203,"{""0"": 16164, ""1"": 13772, ""2"": 14856, ""3"": 12034, ""4"": 13237, ""5"": 7236}",connected
77399,232,20000,0.050000000000000044,0.0073578635265585035,-3.9781525248708203,"{""0"": 16202, ""1"": 13782, ""2"": 14864, ""3"": 12043, ""4"": 13250, ""5"": 7258}",connected
77499,232,20000,0.050000000000000044,0.007875314021948725,-3.9781525248708203,"{""0"": 16233, ""1"": 13787, ""2"": 14866, ""3"": 12079, ""4"": 13275, ""5"": 7259}",connected
