global_step,episode_count,replay_size,epsilon,loss,mean_reward_100,expert_action_loss,expert_bc_weight,expert_replay_size,action_counts,connection_status
99,0,99,0.9984325,0.0,0.0,0.0,0.0,0,"{""0"": 22, ""1"": 13, ""2"": 19, ""3"": 13, ""4"": 19, ""5"": 13}",connected
199,0,199,0.9968491666666667,0.0,0.0,0.0,0.0,0,"{""0"": 45, ""1"": 38, ""2"": 28, ""3"": 26, ""4"": 31, ""5"": 31}",connected
299,0,299,0.9952658333333333,0.0,0.0,0.0,0.0,0,"{""0"": 67, ""1"": 49, ""2"": 41, ""3"": 45, ""4"": 51, ""5"": 46}",connected
399,0,399,0.9936825,0.0,0.0,0.0,0.0,0,"{""0"": 83, ""1"": 65, ""2"": 62, ""3"": 64, ""4"": 66, ""5"": 59}",connected
499,2,499,0.9920991666666666,0.0,-4.692499927943572,0.0,0.0,0,"{""0"": 101, ""1"": 84, ""2"": 77, ""3"": 82, ""4"": 80, ""5"": 75}",connected
599,2,599,0.9905158333333334,0.0,-4.692499927943572,0.0,0.0,0,"{""0"": 123, ""1"": 98, ""2"": 88, ""3"": 101, ""4"": 94, ""5"": 95}",connected
699,2,699,0.9889325,0.0,-4.692499927943572,0.0,0.0,0,"{""0"": 144, ""1"": 115, ""2"": 109, ""3"": 117, ""4"": 105, ""5"": 109}",connected
799,4,799,0.9873491666666667,0.0,-3.7637499374104664,0.0,0.0,0,"{""0"": 163, ""1"": 130, ""2"": 123, ""3"": 133, ""4"": 126, ""5"": 124}",connected
899,4,899,0.9857658333333333,0.0,-3.7637499374104664,0.0,0.0,0,"{""0"": 182, ""1"": 144, ""2"": 142, ""3"": 149, ""4"": 141, ""5"": 141}",connected
999,4,999,0.9841825,0.0,-3.7637499374104664,0.0,0.0,0,"{""0"": 206, ""1"": 161, ""2"": 162, ""3"": 164, ""4"": 148, ""5"": 158}",connected
1099,4,1099,0.9825991666666667,0.0,-3.7637499374104664,0.0,0.0,0,"{""0"": 234, ""1"": 179, ""2"": 162, ""3"": 191, ""4"": 152, ""5"": 181}",connected
1199,4,1199,0.9810158333333333,0.0,-3.7637499374104664,0.0,0.0,0,"{""0"": 234, ""1"": 199, ""2"": 162, ""3"": 221, ""4"": 186, ""5"": 197}",connected
1299,4,1299,0.9794325,0.0,-3.7637499374104664,0.0,0.0,0,"{""0"": 251, ""1"": 199, ""2"": 192, ""3"": 226, ""4"": 186, ""5"": 245}",connected
1399,6,1399,0.9778491666666667,0.0,-4.700666622491553,0.0,0.0,0,"{""0"": 258, ""1"": 199, ""2"": 237, ""3"": 226, ""4"": 186, ""5"": 293}",connected
1499,6,1499,0.9762658333333334,0.0,-4.700666622491553,0.0,0.0,0,"{""0"": 258, ""1"": 199, ""2"": 287, ""3"": 226, ""4"": 186, ""5"": 343}",connected
1599,6,1599,0.9746825,0.0,-4.700666622491553,0.0,0.0,0,"{""0"": 258, ""1"": 199, ""2"": 337, ""3"": 226, ""4"": 186, ""5"": 393}",connected
1699,6,1699,0.9730991666666666,0.0,-4.700666622491553,0.0,0.0,0,"{""0"": 258, ""1"": 199, ""2"": 387, ""3"": 226, ""4"": 186, ""5"": 443}",connected
1799,6,1799,0.9715158333333334,0.0,-4.700666622491553,0.0,0.0,0,"{""0"": 258, ""1"": 199, ""2"": 437, ""3"": 226, ""4"": 186, ""5"": 493}",connected
1899,6,1899,0.9699325,0.0,-4.700666622491553,0.0,0.0,0,"{""0"": 258, ""1"": 199, ""2"": 487, ""3"": 226, ""4"": 186, ""5"": 543}",connected
1999,6,1999,0.9683491666666667,0.0,-4.700666622491553,0.0,0.0,0,"{""0"": 258, ""1"": 199, ""2"": 537, ""3"": 226, ""4"": 186, ""5"": 593}",connected
2099,6,2099,0.9667658333333333,0.0016399068129248917,-4.700666622491553,0.0,0.0,0,"{""0"": 258, ""1"": 199, ""2"": 587, ""3"": 226, ""4"": 186, ""5"": 643}",connected
2199,8,2199,0.9651825,0.0016497810231521726,-6.515124946075957,0.0,0.0,0,"{""0"": 311, ""1"": 199, ""2"": 610, ""3"": 226, ""4"": 186, ""5"": 667}",connected
2299,8,2299,0.9635991666666667,0.0017564206702324252,-6.515124946075957,0.0,0.0,0,"{""0"": 411, ""1"": 199, ""2"": 610, ""3"": 226, ""4"": 186, ""5"": 667}",connected
2399,8,2399,0.9620158333333333,0.001770098883425817,-6.515124946075957,0.0,0.0,0,"{""0"": 448, ""1"": 220, ""2"": 623, ""3"": 238, ""4"": 198, ""5"": 672}",connected
2499,8,2499,0.9604325,0.001793559119105339,-6.515124946075957,0.0,0.0,0,"{""0"": 457, ""1"": 243, ""2"": 639, ""3"": 259, ""4"": 215, ""5"": 686}",connected
2599,8,2599,0.9588491666666666,0.00176628771238029,-6.515124946075957,0.0,0.0,0,"{""0"": 473, ""1"": 256, ""2"": 657, ""3"": 278, ""4"": 235, ""5"": 700}",connected
2699,10,2699,0.9572658333333334,0.001657303160172887,-6.107499930495396,0.0,0.0,0,"{""0"": 484, ""1"": 275, ""2"": 670, ""3"": 295, ""4"": 250, ""5"": 725}",connected
2799,10,2799,0.9556825,0.001598390495055355,-6.107499930495396,0.0,0.0,0,"{""0"": 504, ""1"": 292, ""2"": 680, ""3"": 307, ""4"": 272, ""5"": 744}",connected
2899,10,2899,0.9540991666666667,0.0015914639341644942,-6.107499930495396,0.0,0.0,0,"{""0"": 521, ""1"": 315, ""2"": 698, ""3"": 322, ""4"": 285, ""5"": 758}",connected
2999,10,2999,0.9525158333333333,0.0015983210230479017,-6.107499930495396,0.0,0.0,0,"{""0"": 539, ""1"": 331, ""2"": 715, ""3"": 341, ""4"": 298, ""5"": 775}",connected
3099,10,3099,0.9509325,0.0016598657303256914,-6.107499930495396,0.0,0.0,0,"{""0"": 556, ""1"": 348, ""2"": 728, ""3"": 355, ""4"": 319, ""5"": 793}",connected
3199,12,3199,0.9493491666666667,0.0016526825376786292,-6.051166592515074,0.0,0.0,0,"{""0"": 579, ""1"": 364, ""2"": 739, ""3"": 370, ""4"": 335, ""5"": 812}",connected
3299,12,3299,0.9477658333333333,0.0017438047588802874,-6.051166592515074,0.0,0.0,0,"{""0"": 598, ""1"": 382, ""2"": 757, ""3"": 384, ""4"": 349, ""5"": 829}",connected
3399,12,3399,0.9461825,0.001863992980797775,-6.051166592515074,0.0,0.0,0,"{""0"": 610, ""1"": 399, ""2"": 779, ""3"": 406, ""4"": 371, ""5"": 834}",connected
3499,12,3499,0.9445991666666667,0.001824639681726694,-6.051166592515074,0.0,0.0,0,"{""0"": 629, ""1"": 420, ""2"": 796, ""3"": 422, ""4"": 382, ""5"": 850}",connected
3599,12,3599,0.9430158333333334,0.0018346897867741064,-6.051166592515074,0.0,0.0,0,"{""0"": 644, ""1"": 439, ""2"": 810, ""3"": 440, ""4"": 404, ""5"": 862}",connected
3699,14,3699,0.9414325,0.0017990781547268853,-5.876428482920995,0.0,0.0,0,"{""0"": 671, ""1"": 462, ""2"": 813, ""3"": 461, ""4"": 420, ""5"": 872}",connected
3799,14,3799,0.9398491666666666,0.0016535921243485063,-5.876428482920995,0.0,0.0,0,"{""0"": 693, ""1"": 478, ""2"": 831, ""3"": 475, ""4"": 431, ""5"": 891}",connected
3899,14,3899,0.9382658333333334,0.0016112427756888792,-5.876428482920995,0.0,0.0,0,"{""0"": 711, ""1"": 493, ""2"": 850, ""3"": 492, ""4"": 443, ""5"": 910}",connected
3999,14,3999,0.9366825,0.0015936430793954059,-5.876428482920995,0.0,0.0,0,"{""0"": 722, ""1"": 510, ""2"": 869, ""3"": 510, ""4"": 460, ""5"": 928}",connected
4099,14,4099,0.9350991666666667,0.001530673499801196,-5.876428482920995,0.0,0.0,0,"{""0"": 737, ""1"": 530, ""2"": 895, ""3"": 518, ""4"": 471, ""5"": 948}",connected
4199,16,4199,0.9335158333333333,0.0015714424184989184,-5.745062404545024,0.0,0.0,0,"{""0"": 752, ""1"": 555, ""2"": 910, ""3"": 533, ""4"": 489, ""5"": 960}",connected
4299,16,4299,0.9319325,0.0015521265193819999,-5.745062404545024,0.0,0.0,0,"{""0"": 769, ""1"": 573, ""2"": 925, ""3"": 547, ""4"": 509, ""5"": 976}",connected
4399,16,4399,0.9303491666666667,0.0015358120913151652,-5.745062404545024,0.0,0.0,0,"{""0"": 784, ""1"": 598, ""2"": 941, ""3"": 563, ""4"": 523, ""5"": 990}",connected
4499,16,4499,0.9287658333333333,0.0015156040532747284,-5.745062404545024,0.0,0.0,0,"{""0"": 799, ""1"": 611, ""2"": 961, ""3"": 584, ""4"": 546, ""5"": 998}",connected
4599,18,4599,0.9271825,0.0014618474792223424,-5.46294434226325,0.0,0.0,0,"{""0"": 815, ""1"": 632, ""2"": 978, ""3"": 597, ""4"": 567, ""5"": 1010}",connected
4699,18,4699,0.9255991666666666,0.0014702916133683174,-5.46294434226325,0.0,0.0,0,"{""0"": 831, ""1"": 657, ""2"": 987, ""3"": 619, ""4"": 577, ""5"": 1028}",connected
4799,18,4799,0.9240158333333334,0.0014929485437460244,-5.46294434226325,0.0,0.0,0,"{""0"": 846, ""1"": 672, ""2"": 1006, ""3"": 637, ""4"": 589, ""5"": 1049}",connected
4899,18,4899,0.9224325,0.0014696278783958405,-5.46294434226325,0.0,0.0,0,"{""0"": 864, ""1"": 691, ""2"": 1015, ""3"": 655, ""4"": 608, ""5"": 1066}",connected
4999,18,4999,0.9208491666666667,0.0015054718713508918,-5.46294434226325,0.0,0.0,0,"{""0"": 873, ""1"": 708, ""2"": 1039, ""3"": 667, ""4"": 633, ""5"": 1079}",connected
5099,20,5099,0.9192658333333333,0.0015678625274449587,-5.534449892211706,0.0,0.0,0,"{""0"": 895, ""1"": 721, ""2"": 1059, ""3"": 679, ""4"": 648, ""5"": 1097}",connected
5199,20,5199,0.9176825,0.0016996083420235664,-5.534449892211706,0.0,0.0,0,"{""0"": 907, ""1"": 742, ""2"": 1076, ""3"": 701, ""4"": 663, ""5"": 1110}",connected
5299,20,5299,0.9160991666666667,0.001643777407007292,-5.534449892211706,0.0,0.0,0,"{""0"": 918, ""1"": 760, ""2"": 1088, ""3"": 719, ""4"": 689, ""5"": 1125}",connected
5399,20,5399,0.9145158333333333,0.0015732285950798542,-5.534449892211706,0.0,0.0,0,"{""0"": 933, ""1"": 776, ""2"": 1112, ""3"": 735, ""4"": 701, ""5"": 1142}",connected
5499,20,5499,0.9129325,0.001497239602613263,-5.534449892211706,0.0,0.0,0,"{""0"": 944, ""1"": 797, ""2"": 1128, ""3"": 750, ""4"": 721, ""5"": 1159}",connected
5599,22,5599,0.9113491666666667,0.0014283378556137905,-5.4491816993845115,0.0,0.0,0,"{""0"": 963, ""1"": 810, ""2"": 1151, ""3"": 769, ""4"": 734, ""5"": 1172}",connected
5699,22,5699,0.9097658333333334,0.0014005303633166477,-5.4491816993845115,0.0,0.0,0,"{""0"": 974, ""1"": 826, ""2"": 1175, ""3"": 794, ""4"": 746, ""5"": 1184}",connected
5799,22,5799,0.9081825,0.0015302044484997168,-5.4491816993845115,0.0,0.0,0,"{""0"": 989, ""1"": 841, ""2"": 1184, ""3"": 812, ""4"": 770, ""5"": 1203}",connected
5899,22,5899,0.9065991666666666,0.0016457216150593012,-5.4491816993845115,0.0,0.0,0,"{""0"": 1004, ""1"": 855, ""2"": 1202, ""3"": 833, ""4"": 792, ""5"": 1213}",connected
5999,22,5999,0.9050158333333334,0.0015609110129298643,-5.4491816993845115,0.0,0.0,0,"{""0"": 1026, ""1"": 870, ""2"": 1215, ""3"": 858, ""4"": 803, ""5"": 1227}",connected
6099,24,6099,0.9034325,0.0017808280960889533,-5.363749876618385,0.0,0.0,0,"{""0"": 1050, ""1"": 888, ""2"": 1230, ""3"": 875, ""4"": 816, ""5"": 1240}",connected
6199,24,6199,0.9018491666666667,0.0017057299637235701,-5.363749876618385,0.0,0.0,0,"{""0"": 1067, ""1"": 900, ""2"": 1253, ""3"": 892, ""4"": 835, ""5"": 1252}",connected
6299,24,6299,0.9002658333333333,0.0017824825056595728,-5.363749876618385,0.0,0.0,0,"{""0"": 1081, ""1"": 919, ""2"": 1273, ""3"": 913, ""4"": 848, ""5"": 1265}",connected
6399,24,6399,0.8986825,0.001874489195761271,-5.363749876618385,0.0,0.0,0,"{""0"": 1101, ""1"": 930, ""2"": 1292, ""3"": 931, ""4"": 863, ""5"": 1282}",connected
6499,26,6499,0.8970991666666667,0.0017157333553768695,-5.281153716594697,0.0,0.0,0,"{""0"": 1115, ""1"": 950, ""2"": 1305, ""3"": 951, ""4"": 877, ""5"": 1301}",connected
6599,26,6599,0.8955158333333333,0.0016613239154685288,-5.281153716594697,0.0,0.0,0,"{""0"": 1140, ""1"": 960, ""2"": 1328, ""3"": 971, ""4"": 886, ""5"": 1314}",connected
6699,26,6699,0.8939325,0.001588441971107386,-5.281153716594697,0.0,0.0,0,"{""0"": 1158, ""1"": 972, ""2"": 1351, ""3"": 988, ""4"": 907, ""5"": 1323}",connected
6799,26,6799,0.8923491666666666,0.0014292402029968797,-5.281153716594697,0.0,0.0,0,"{""0"": 1167, ""1"": 987, ""2"": 1364, ""3"": 1002, ""4"": 939, ""5"": 1340}",connected
6899,26,6899,0.8907658333333334,0.0014485950476955623,-5.281153716594697,0.0,0.0,0,"{""0"": 1185, ""1"": 1008, ""2"": 1387, ""3"": 1012, ""4"": 952, ""5"": 1355}",connected
6999,28,6999,0.8891825,0.0014564523450098933,-5.201785583315151,0.0,0.0,0,"{""0"": 1205, ""1"": 1026, ""2"": 1408, ""3"": 1023, ""4"": 970, ""5"": 1367}",connected
7099,28,7099,0.8875991666666667,0.0014757246267981827,-5.201785583315151,0.0,0.0,0,"{""0"": 1220, ""1"": 1040, ""2"": 1418, ""3"": 1046, ""4"": 986, ""5"": 1389}",connected
7199,28,7199,0.8860158333333333,0.0016480119031621143,-5.201785583315151,0.0,0.0,0,"{""0"": 1235, ""1"": 1056, ""2"": 1436, ""3"": 1063, ""4"": 1004, ""5"": 1405}",connected
7299,28,7299,0.8844325,0.0016905001120176167,-5.201785583315151,0.0,0.0,0,"{""0"": 1253, ""1"": 1066, ""2"": 1459, ""3"": 1078, ""4"": 1022, ""5"": 1421}",connected
7399,28,7399,0.8828491666666667,0.0018268108705524356,-5.201785583315151,0.0,0.0,0,"{""0"": 1268, ""1"": 1084, ""2"": 1480, ""3"": 1092, ""4"": 1041, ""5"": 1434}",connected
7499,30,7499,0.8812658333333333,0.0018889674422098324,-5.098499864432961,0.0,0.0,0,"{""0"": 1282, ""1"": 1097, ""2"": 1498, ""3"": 1114, ""4"": 1061, ""5"": 1447}",connected
7599,30,7599,0.8796825,0.0021032446640310808,-5.098499864432961,0.0,0.0,0,"{""0"": 1298, ""1"": 1125, ""2"": 1511, ""3"": 1126, ""4"": 1075, ""5"": 1464}",connected
7699,30,7699,0.8780991666666667,0.0021503671311074867,-5.098499864432961,0.0,0.0,0,"{""0"": 1315, ""1"": 1148, ""2"": 1528, ""3"": 1134, ""4"": 1101, ""5"": 1473}",connected
7799,30,7799,0.8765158333333334,0.0021601800236385315,-5.098499864432961,0.0,0.0,0,"{""0"": 1327, ""1"": 1175, ""2"": 1546, ""3"": 1148, ""4"": 1114, ""5"": 1489}",connected
7899,30,7899,0.8749325,0.002142021493637003,-5.098499864432961,0.0,0.0,0,"{""0"": 1342, ""1"": 1198, ""2"": 1558, ""3"": 1162, ""4"": 1137, ""5"": 1502}",connected
7999,32,7999,0.8733491666666666,0.0019936638936633245,-5.07312486457522,0.0,0.0,0,"{""0"": 1357, ""1"": 1213, ""2"": 1576, ""3"": 1183, ""4"": 1154, ""5"": 1516}",connected
8099,32,8099,0.8717658333333334,0.002316189767443575,-5.07312486457522,0.0,0.0,0,"{""0"": 1370, ""1"": 1233, ""2"": 1593, ""3"": 1198, ""4"": 1169, ""5"": 1536}",connected
8199,32,8199,0.8701825000000001,0.0023601278889691457,-5.07312486457522,0.0,0.0,0,"{""0"": 1391, ""1"": 1251, ""2"": 1612, ""3"": 1215, ""4"": 1183, ""5"": 1547}",connected
8299,32,8299,0.8685991666666667,0.0023766122036613523,-5.07312486457522,0.0,0.0,0,"{""0"": 1409, ""1"": 1271, ""2"": 1637, ""3"": 1232, ""4"": 1199, ""5"": 1551}",connected
8399,34,8399,0.8670158333333333,0.002326707308529876,-5.090411628486917,0.0,0.0,0,"{""0"": 1426, ""1"": 1287, ""2"": 1653, ""3"": 1245, ""4"": 1224, ""5"": 1564}",connected
8499,34,8499,0.8654325,0.0018593183188932016,-5.090411628486917,0.0,0.0,0,"{""0"": 1440, ""1"": 1308, ""2"": 1670, ""3"": 1256, ""4"": 1245, ""5"": 1580}",connected
8599,34,8599,0.8638491666666667,0.0018617700651520864,-5.090411628486917,0.0,0.0,0,"{""0"": 1458, ""1"": 1322, ""2"": 1695, ""3"": 1268, ""4"": 1266, ""5"": 1590}",connected
8699,34,8699,0.8622658333333333,0.001771498151938431,-5.090411628486917,0.0,0.0,0,"{""0"": 1479, ""1"": 1344, ""2"": 1715, ""3"": 1281, ""4"": 1277, ""5"": 1603}",connected
8799,34,8799,0.8606825,0.0017232862493256106,-5.090411628486917,0.0,0.0,0,"{""0"": 1493, ""1"": 1363, ""2"": 1735, ""3"": 1294, ""4"": 1288, ""5"": 1626}",connected
8899,36,8899,0.8590991666666666,0.001837303614593111,-5.062722082676676,0.0,0.0,0,"{""0"": 1510, ""1"": 1377, ""2"": 1752, ""3"": 1311, ""4"": 1309, ""5"": 1640}",connected
8999,36,8999,0.8575158333333334,0.0017578112153569237,-5.062722082676676,0.0,0.0,0,"{""0"": 1531, ""1"": 1390, ""2"": 1761, ""3"": 1332, ""4"": 1330, ""5"": 1655}",connected
9099,36,9099,0.8559325,0.0018732612649910152,-5.062722082676676,0.0,0.0,0,"{""0"": 1554, ""1"": 1405, ""2"": 1771, ""3"": 1350, ""4"": 1350, ""5"": 1669}",connected
9199,36,9199,0.8543491666666667,0.0019769306387752293,-5.062722082676676,0.0,0.0,0,"{""0"": 1570, ""1"": 1427, ""2"": 1785, ""3"": 1367, ""4"": 1363, ""5"": 1687}",connected
9299,36,9299,0.8527658333333333,0.002137921982211992,-5.062722082676676,0.0,0.0,0,"{""0"": 1589, ""1"": 1449, ""2"": 1805, ""3"": 1381, ""4"": 1377, ""5"": 1698}",connected
9399,38,9399,0.8511825,0.0022659638430923223,-5.02042090968768,0.0,0.0,0,"{""0"": 1615, ""1"": 1460, ""2"": 1827, ""3"": 1389, ""4"": 1398, ""5"": 1710}",connected
9499,38,9499,0.8495991666666667,0.0021296542842173948,-5.02042090968768,0.0,0.0,0,"{""0"": 1631, ""1"": 1479, ""2"": 1841, ""3"": 1406, ""4"": 1419, ""5"": 1723}",connected
9599,38,9599,0.8480158333333333,0.0021743912692181767,-5.02042090968768,0.0,0.0,0,"{""0"": 1649, ""1"": 1493, ""2"": 1859, ""3"": 1421, ""4"": 1438, ""5"": 1739}",connected
9699,38,9699,0.8464325,0.00209218755713664,-5.02042090968768,0.0,0.0,0,"{""0"": 1659, ""1"": 1511, ""2"": 1875, ""3"": 1442, ""4"": 1458, ""5"": 1754}",connected
9799,40,9799,0.8448491666666667,0.0021139482752187176,-4.98862485360587,0.0,0.0,0,"{""0"": 1674, ""1"": 1528, ""2"": 1887, ""3"": 1465, ""4"": 1479, ""5"": 1766}",connected
9899,40,9899,0.8432658333333334,0.002360589184681885,-4.98862485360587,0.0,0.0,0,"{""0"": 1691, ""1"": 1532, ""2"": 1900, ""3"": 1487, ""4"": 1506, ""5"": 1783}",connected
9999,40,9999,0.8416825,0.002230013195076026,-4.98862485360587,0.0,0.0,0,"{""0"": 1699, ""1"": 1550, ""2"": 1921, ""3"": 1496, ""4"": 1532, ""5"": 1801}",connected
10099,40,10099,0.8400991666666666,0.0022679765324573964,-4.98862485360587,0.0,0.0,0,"{""0"": 1716, ""1"": 1564, ""2"": 1942, ""3"": 1514, ""4"": 1551, ""5"": 1812}",connected
10199,40,10199,0.8385158333333333,0.002291237350436859,-4.98862485360587,0.0,0.0,0,"{""0"": 1732, ""1"": 1585, ""2"": 1955, ""3"": 1532, ""4"": 1570, ""5"": 1825}",connected
10299,42,10299,0.8369325000000001,0.0021541345125297086,-5.0076665171710335,0.0,0.0,0,"{""0"": 1745, ""1"": 1596, ""2"": 1970, ""3"": 1549, ""4"": 1596, ""5"": 1843}",connected
10399,42,10399,0.8353491666666667,0.0023364643531385808,-5.0076665171710335,0.0,0.0,0,"{""0"": 1757, ""1"": 1616, ""2"": 1985, ""3"": 1565, ""4"": 1612, ""5"": 1864}",connected
10499,42,10499,0.8337658333333333,0.0023484985315008087,-5.0076665171710335,0.0,0.0,0,"{""0"": 1776, ""1"": 1640, ""2"": 2001, ""3"": 1579, ""4"": 1626, ""5"": 1877}",connected
10599,42,10599,0.8321825,0.0021588880580384285,-5.0076665171710335,0.0,0.0,0,"{""0"": 1797, ""1"": 1656, ""2"": 2017, ""3"": 1599, ""4"": 1643, ""5"": 1887}",connected
10699,42,10699,0.8305991666666667,0.002218400345300324,-5.0076665171710335,0.0,0.0,0,"{""0"": 1818, ""1"": 1676, ""2"": 2040, ""3"": 1608, ""4"": 1660, ""5"": 1897}",connected
10799,44,10799,0.8290158333333333,0.0020864071295363827,-5.005408940191211,0.0,0.0,0,"{""0"": 1841, ""1"": 1695, ""2"": 2053, ""3"": 1623, ""4"": 1681, ""5"": 1906}",connected
10899,44,10899,0.8274325,0.001972757240291685,-5.005408940191211,0.0,0.0,0,"{""0"": 1853, ""1"": 1718, ""2"": 2073, ""3"": 1641, ""4"": 1697, ""5"": 1917}",connected
10999,44,10999,0.8258491666666667,0.002060723713366315,-5.005408940191211,0.0,0.0,0,"{""0"": 1871, ""1"": 1731, ""2"": 2092, ""3"": 1663, ""4"": 1717, ""5"": 1925}",connected
11099,44,11099,0.8242658333333334,0.002000031200586818,-5.005408940191211,0.0,0.0,0,"{""0"": 1884, ""1"": 1751, ""2"": 2110, ""3"": 1682, ""4"": 1732, ""5"": 1940}",connected
11199,44,11199,0.8226825,0.0021890307730063796,-5.005408940191211,0.0,0.0,0,"{""0"": 1892, ""1"": 1764, ""2"": 2130, ""3"": 1703, ""4"": 1757, ""5"": 1953}",connected
11299,46,11299,0.8210991666666667,0.0023276177200023083,-4.9655433253931776,0.0,0.0,0,"{""0"": 1909, ""1"": 1771, ""2"": 2149, ""3"": 1717, ""4"": 1785, ""5"": 1968}",connected
11399,46,11399,0.8195158333333333,0.0025455542345298454,-4.9655433253931776,0.0,0.0,0,"{""0"": 1922, ""1"": 1789, ""2"": 2173, ""3"": 1734, ""4"": 1802, ""5"": 1979}",connected
11499,46,11499,0.8179325000000001,0.0026805371505906807,-4.9655433253931776,0.0,0.0,0,"{""0"": 1937, ""1"": 1808, ""2"": 2189, ""3"": 1761, ""4"": 1812, ""5"": 1992}",connected
11599,46,11599,0.8163491666666667,0.002614822128089145,-4.9655433253931776,0.0,0.0,0,"{""0"": 1948, ""1"": 1820, ""2"": 2209, ""3"": 1776, ""4"": 1838, ""5"": 2008}",connected
11699,48,11699,0.8147658333333333,0.0024884712806669995,-4.966333178531689,0.0,0.0,0,"{""0"": 1966, ""1"": 1835, ""2"": 2228, ""3"": 1785, ""4"": 1862, ""5"": 2023}",connected
11799,48,11799,0.8131825,0.002356013279641047,-4.966333178531689,0.0,0.0,0,"{""0"": 1977, ""1"": 1853, ""2"": 2245, ""3"": 1802, ""4"": 1883, ""5"": 2039}",connected
11899,48,11899,0.8115991666666666,0.0023613415437284857,-4.966333178531689,0.0,0.0,0,"{""0"": 1997, ""1"": 1869, ""2"": 2257, ""3"": 1822, ""4"": 1902, ""5"": 2052}",connected
11999,48,11999,0.8100158333333334,0.0022649079927941785,-4.966333178531689,0.0,0.0,0,"{""0"": 2008, ""1"": 1887, ""2"": 2280, ""3"": 1844, ""4"": 1916, ""5"": 2064}",connected
12099,48,12099,0.8084325,0.0025350783357862383,-4.966333178531689,0.0,0.0,0,"{""0"": 2026, ""1"": 1913, ""2"": 2291, ""3"": 1860, ""4"": 1932, ""5"": 2077}",connected
12156,48,12156,0.80753,0.002567980835447088,-4.966333178531689,0.0,0.0,0,"{""0"": 2035, ""1"": 1919, ""2"": 2302, ""3"": 1872, ""4"": 1941, ""5"": 2087}",stopped
11,2,11,0.9998258333333333,0.0,-0.8700000066310167,0.0,0.0,0,"{""0"": 6, ""4"": 5}",stopped
99,0,99,0.9984325,0.0,0.0,0.0,0.0,0,"{""0"": 22, ""1"": 13, ""2"": 19, ""3"": 13, ""4"": 19, ""5"": 13}",connected
199,0,199,0.9968491666666667,0.0,0.0,0.0,0.0,0,"{""0"": 45, ""1"": 38, ""2"": 28, ""3"": 26, ""4"": 31, ""5"": 31}",connected
299,0,299,0.9952658333333333,0.0,0.0,0.0,0.0,0,"{""0"": 67, ""1"": 50, ""2"": 42, ""3"": 44, ""4"": 50, ""5"": 46}",connected
399,0,399,0.9936825,0.0,0.0,0.0,0.0,0,"{""0"": 83, ""1"": 65, ""2"": 62, ""3"": 63, ""4"": 67, ""5"": 59}",connected
499,0,499,0.9920991666666666,0.0,0.0,0.0,0.0,0,"{""0"": 101, ""1"": 84, ""2"": 77, ""3"": 81, ""4"": 81, ""5"": 75}",connected
599,0,599,0.9905158333333334,0.0,0.0,0.0,0.0,0,"{""0"": 122, ""1"": 98, ""2"": 88, ""3"": 100, ""4"": 96, ""5"": 95}",connected
699,2,699,0.9889325,0.0,-7.033999888924882,0.0,0.0,0,"{""0"": 144, ""1"": 115, ""2"": 109, ""3"": 116, ""4"": 106, ""5"": 109}",connected
799,2,799,0.9873491666666667,0.0,-7.033999888924882,0.0,0.0,0,"{""0"": 161, ""1"": 131, ""2"": 123, ""3"": 134, ""4"": 127, ""5"": 123}",connected
899,2,899,0.9857658333333333,0.0,-7.033999888924882,0.0,0.0,0,"{""0"": 180, ""1"": 145, ""2"": 142, ""3"": 150, ""4"": 142, ""5"": 140}",connected
999,2,999,0.9841825,0.0,-7.033999888924882,0.0,0.0,0,"{""0"": 204, ""1"": 161, ""2"": 159, ""3"": 167, ""4"": 151, ""5"": 157}",connected
1099,2,1099,0.9825991666666667,0.0,-7.033999888924882,0.0,0.0,0,"{""0"": 219, ""1"": 183, ""2"": 176, ""3"": 183, ""4"": 167, ""5"": 171}",connected
1199,4,1199,0.9810158333333333,0.0,-5.776499854517169,0.0,0.0,0,"{""0"": 238, ""1"": 201, ""2"": 191, ""3"": 202, ""4"": 184, ""5"": 183}",connected
1299,4,1299,0.9794325,0.0,-5.776499854517169,0.0,0.0,0,"{""0"": 253, ""1"": 215, ""2"": 209, ""3"": 222, ""4"": 199, ""5"": 201}",connected
1399,4,1399,0.9778491666666667,0.0,-5.776499854517169,0.0,0.0,0,"{""0"": 274, ""1"": 225, ""2"": 226, ""3"": 243, ""4"": 218, ""5"": 213}",connected
1499,4,1499,0.9762658333333334,0.0,-5.776499854517169,0.0,0.0,0,"{""0"": 288, ""1"": 249, ""2"": 253, ""3"": 252, ""4"": 234, ""5"": 223}",connected
1599,4,1599,0.9746825,0.0,-5.776499854517169,0.0,0.0,0,"{""0"": 305, ""1"": 269, ""2"": 267, ""3"": 272, ""4"": 246, ""5"": 240}",connected
1699,6,1699,0.9730991666666666,0.0,-5.372999843365203,0.0,0.0,0,"{""0"": 325, ""1"": 282, ""2"": 280, ""3"": 283, ""4"": 268, ""5"": 261}",connected
1799,6,1799,0.9715158333333334,0.0,-5.372999843365203,0.0,0.0,0,"{""0"": 343, ""1"": 296, ""2"": 294, ""3"": 299, ""4"": 287, ""5"": 280}",connected
1899,6,1899,0.9699325,0.0,-5.372999843365203,0.0,0.0,0,"{""0"": 362, ""1"": 315, ""2"": 311, ""3"": 316, ""4"": 306, ""5"": 289}",connected
1999,6,1999,0.9683491666666667,0.0,-5.372999843365203,0.0,0.0,0,"{""0"": 384, ""1"": 329, ""2"": 326, ""3"": 332, ""4"": 321, ""5"": 307}",connected
2099,6,2099,0.9667658333333333,0.001730684726499021,-5.372999843365203,0.0,0.0,0,"{""0"": 407, ""1"": 350, ""2"": 337, ""3"": 346, ""4"": 332, ""5"": 327}",connected
2199,8,2199,0.9651825,0.001847017698455602,-5.404624858289026,0.0,0.0,0,"{""0"": 430, ""1"": 377, ""2"": 341, ""3"": 365, ""4"": 348, ""5"": 338}",connected
2299,8,2299,0.9635991666666667,0.0019166492903605102,-5.404624858289026,0.0,0.0,0,"{""0"": 447, ""1"": 395, ""2"": 356, ""3"": 375, ""4"": 365, ""5"": 361}",connected
2399,8,2399,0.9620158333333333,0.0019235534372273834,-5.404624858289026,0.0,0.0,0,"{""0"": 470, ""1"": 410, ""2"": 364, ""3"": 398, ""4"": 383, ""5"": 374}",connected
2499,8,2499,0.9604325,0.0020163579890504478,-5.404624858289026,0.0,0.0,0,"{""0"": 483, ""1"": 422, ""2"": 386, ""3"": 416, ""4"": 401, ""5"": 391}",connected
2599,8,2599,0.9588491666666666,0.001997312877792865,-5.404624858289026,0.0,0.0,0,"{""0"": 495, ""1"": 445, ""2"": 405, ""3"": 429, ""4"": 414, ""5"": 411}",connected
2699,10,2699,0.9572658333333334,0.002032210996840149,-5.710099857579917,0.0,0.0,0,"{""0"": 514, ""1"": 464, ""2"": 410, ""3"": 446, ""4"": 433, ""5"": 432}",connected
2799,10,2799,0.9556825,0.002153171013342217,-5.710099857579917,0.0,0.0,0,"{""0"": 530, ""1"": 479, ""2"": 427, ""3"": 461, ""4"": 450, ""5"": 452}",connected
2899,10,2899,0.9540991666666667,0.0021291748364455996,-5.710099857579917,0.0,0.0,0,"{""0"": 549, ""1"": 492, ""2"": 445, ""3"": 476, ""4"": 467, ""5"": 470}",connected
2999,10,2999,0.9525158333333333,0.002117101914482191,-5.710099857579917,0.0,0.0,0,"{""0"": 562, ""1"": 508, ""2"": 468, ""3"": 501, ""4"": 484, ""5"": 476}",connected
3099,12,3099,0.9509325,0.00207113379961811,-5.422916516351203,0.0,0.0,0,"{""0"": 580, ""1"": 524, ""2"": 489, ""3"": 511, ""4"": 503, ""5"": 492}",connected
3199,12,3199,0.9493491666666667,0.0019378504063934088,-5.422916516351203,0.0,0.0,0,"{""0"": 593, ""1"": 541, ""2"": 501, ""3"": 533, ""4"": 521, ""5"": 510}",connected
3299,12,3299,0.9477658333333333,0.0019302664941642433,-5.422916516351203,0.0,0.0,0,"{""0"": 610, ""1"": 568, ""2"": 511, ""3"": 550, ""4"": 532, ""5"": 528}",connected
3399,12,3399,0.9461825,0.001847854679217562,-5.422916516351203,0.0,0.0,0,"{""0"": 625, ""1"": 587, ""2"": 525, ""3"": 569, ""4"": 548, ""5"": 545}",connected
3499,12,3499,0.9445991666666667,0.0017836525477468968,-5.422916516351203,0.0,0.0,0,"{""0"": 643, ""1"": 606, ""2"": 537, ""3"": 586, ""4"": 570, ""5"": 557}",connected
3599,14,3599,0.9430158333333334,0.0017116959183476866,-5.196356991538778,0.0,0.0,0,"{""0"": 655, ""1"": 618, ""2"": 554, ""3"": 599, ""4"": 597, ""5"": 576}",connected
3699,14,3699,0.9414325,0.0016509268467780204,-5.196356991538778,0.0,0.0,0,"{""0"": 666, ""1"": 636, ""2"": 563, ""3"": 627, ""4"": 615, ""5"": 592}",connected
3799,14,3799,0.9398491666666666,0.0017120742949191482,-5.196356991538778,0.0,0.0,0,"{""0"": 681, ""1"": 654, ""2"": 578, ""3"": 643, ""4"": 634, ""5"": 609}",connected
3899,14,3899,0.9382658333333334,0.0016698813170660286,-5.196356991538778,0.0,0.0,0,"{""0"": 700, ""1"": 675, ""2"": 593, ""3"": 657, ""4"": 649, ""5"": 625}",connected
3999,14,3999,0.9366825,0.001669797167996876,-5.196356991538778,0.0,0.0,0,"{""0"": 718, ""1"": 694, ""2"": 607, ""3"": 670, ""4"": 668, ""5"": 642}",connected
4099,16,4099,0.9350991666666667,0.001753986465628259,-5.103687346068909,0.0,0.0,0,"{""0"": 736, ""1"": 708, ""2"": 629, ""3"": 683, ""4"": 684, ""5"": 659}",connected
4199,16,4199,0.9335158333333333,0.0017625371244503185,-5.103687346068909,0.0,0.0,0,"{""0"": 754, ""1"": 724, ""2"": 646, ""3"": 696, ""4"": 699, ""5"": 680}",connected
4299,16,4299,0.9319325,0.0018201947183115407,-5.103687346068909,0.0,0.0,0,"{""0"": 767, ""1"": 740, ""2"": 659, ""3"": 714, ""4"": 719, ""5"": 700}",connected
4399,16,4399,0.9303491666666667,0.0018774195667356252,-5.103687346068909,0.0,0.0,0,"{""0"": 790, ""1"": 755, ""2"": 673, ""3"": 732, ""4"": 740, ""5"": 709}",connected
4499,16,4499,0.9287658333333333,0.0017000496195396409,-5.103687346068909,0.0,0.0,0,"{""0"": 808, ""1"": 774, ""2"": 686, ""3"": 753, ""4"": 755, ""5"": 723}",connected
4599,18,4599,0.9271825,0.0016933253657771274,-5.084166515256381,0.0,0.0,0,"{""0"": 830, ""1"": 788, ""2"": 704, ""3"": 769, ""4"": 770, ""5"": 738}",connected
4699,18,4699,0.9255991666666666,0.0017065805080346763,-5.084166515256381,0.0,0.0,0,"{""0"": 849, ""1"": 804, ""2"": 728, ""3"": 775, ""4"": 784, ""5"": 759}",connected
4799,18,4799,0.9240158333333334,0.0016731751943007112,-5.084166515256381,0.0,0.0,0,"{""0"": 863, ""1"": 819, ""2"": 748, ""3"": 802, ""4"": 793, ""5"": 774}",connected
4899,18,4899,0.9224325,0.001798418948892504,-5.084166515256381,0.0,0.0,0,"{""0"": 879, ""1"": 833, ""2"": 764, ""3"": 817, ""4"": 811, ""5"": 795}",connected
4999,20,4999,0.9208491666666667,0.0017985755775589496,-5.066449842532165,0.0,0.0,0,"{""0"": 895, ""1"": 846, ""2"": 777, ""3"": 840, ""4"": 830, ""5"": 811}",connected
5099,20,5099,0.9192658333333333,0.0017468539188848808,-5.066449842532165,0.0,0.0,0,"{""0"": 916, ""1"": 859, ""2"": 802, ""3"": 860, ""4"": 843, ""5"": 819}",connected
5199,20,5199,0.9176825,0.0016854687774321064,-5.066449842532165,0.0,0.0,0,"{""0"": 934, ""1"": 878, ""2"": 819, ""3"": 876, ""4"": 863, ""5"": 829}",connected
5299,20,5299,0.9160991666666667,0.0015958071552449838,-5.066449842532165,0.0,0.0,0,"{""0"": 946, ""1"": 890, ""2"": 829, ""3"": 897, ""4"": 893, ""5"": 844}",connected
5399,20,5399,0.9145158333333333,0.0014876499865204096,-5.066449842532165,0.0,0.0,0,"{""0"": 960, ""1"": 910, ""2"": 844, ""3"": 910, ""4"": 912, ""5"": 863}",connected
5499,22,5499,0.9129325,0.0014905177406035364,-4.966272567631677,0.0,0.0,0,"{""0"": 978, ""1"": 928, ""2"": 858, ""3"": 922, ""4"": 933, ""5"": 880}",connected
5599,22,5599,0.9113491666666667,0.0015618726977845653,-4.966272567631677,0.0,0.0,0,"{""0"": 989, ""1"": 944, ""2"": 875, ""3"": 940, ""4"": 953, ""5"": 898}",connected
5699,22,5699,0.9097658333333334,0.001581163837108761,-4.966272567631677,0.0,0.0,0,"{""0"": 1004, ""1"": 963, ""2"": 897, ""3"": 957, ""4"": 969, ""5"": 909}",connected
5799,22,5799,0.9081825,0.0017267179139889776,-4.966272567631677,0.0,0.0,0,"{""0"": 1023, ""1"": 979, ""2"": 916, ""3"": 969, ""4"": 986, ""5"": 926}",connected
5899,23,5899,0.9065991666666666,0.001745659452280961,-4.940043317984141,0.0,0.0,0,"{""0"": 1039, ""1"": 1000, ""2"": 933, ""3"": 988, ""4"": 1003, ""5"": 936}",connected
5999,24,5999,0.9050158333333334,0.0016880544868763537,-4.889374836406205,0.0,0.0,0,"{""0"": 1052, ""1"": 1019, ""2"": 949, ""3"": 1007, ""4"": 1022, ""5"": 950}",connected
6099,24,6099,0.9034325,0.0018300012580584734,-4.889374836406205,0.0,0.0,0,"{""0"": 1070, ""1"": 1037, ""2"": 961, ""3"": 1019, ""4"": 1046, ""5"": 966}",connected
6199,24,6199,0.9018491666666667,0.0017142567806877195,-4.889374836406205,0.0,0.0,0,"{""0"": 1091, ""1"": 1055, ""2"": 981, ""3"": 1028, ""4"": 1068, ""5"": 976}",connected
6299,24,6299,0.9002658333333333,0.001685827595065348,-4.889374836406205,0.0,0.0,0,"{""0"": 1101, ""1"": 1077, ""2"": 1000, ""3"": 1043, ""4"": 1086, ""5"": 992}",connected
6399,26,6399,0.8986825,0.0017815009655896574,-4.898038296315533,0.0,0.0,0,"{""0"": 1113, ""1"": 1091, ""2"": 1008, ""3"": 1058, ""4"": 1112, ""5"": 1017}",connected
6499,26,6499,0.8970991666666667,0.0016280336817726493,-4.898038296315533,0.0,0.0,0,"{""0"": 1134, ""1"": 1103, ""2"": 1020, ""3"": 1075, ""4"": 1134, ""5"": 1033}",connected
6599,26,6599,0.8955158333333333,0.0018533083493821323,-4.898038296315533,0.0,0.0,0,"{""0"": 1146, ""1"": 1122, ""2"": 1040, ""3"": 1093, ""4"": 1153, ""5"": 1045}",connected
6699,26,6699,0.8939325,0.0018258816562592983,-4.898038296315533,0.0,0.0,0,"{""0"": 1160, ""1"": 1144, ""2"": 1057, ""3"": 1104, ""4"": 1172, ""5"": 1062}",connected
6799,26,6799,0.8923491666666666,0.0017423377564409748,-4.898038296315533,0.0,0.0,0,"{""0"": 1169, ""1"": 1168, ""2"": 1073, ""3"": 1130, ""4"": 1190, ""5"": 1069}",connected
6899,28,6899,0.8907658333333334,0.0018798624601913615,-4.893964119654681,0.0,0.0,0,"{""0"": 1195, ""1"": 1181, ""2"": 1089, ""3"": 1142, ""4"": 1213, ""5"": 1079}",connected
6999,28,6999,0.8891825,0.0017850772163365035,-4.893964119654681,0.0,0.0,0,"{""0"": 1207, ""1"": 1202, ""2"": 1110, ""3"": 1159, ""4"": 1227, ""5"": 1094}",connected
7099,28,7099,0.8875991666666667,0.0019881270709447563,-4.893964119654681,0.0,0.0,0,"{""0"": 1226, ""1"": 1224, ""2"": 1126, ""3"": 1175, ""4"": 1241, ""5"": 1107}",connected
7199,28,7199,0.8860158333333333,0.0020343339507235213,-4.893964119654681,0.0,0.0,0,"{""0"": 1244, ""1"": 1239, ""2"": 1147, ""3"": 1191, ""4"": 1254, ""5"": 1124}",connected
7299,28,7299,0.8844325,0.002107129255309701,-4.893964119654681,0.0,0.0,0,"{""0"": 1256, ""1"": 1262, ""2"": 1162, ""3"": 1214, ""4"": 1268, ""5"": 1137}",connected
7399,30,7399,0.8828491666666667,0.0021525524731259792,-4.798633166092137,0.0,0.0,0,"{""0"": 1273, ""1"": 1278, ""2"": 1179, ""3"": 1230, ""4"": 1290, ""5"": 1149}",connected
7499,30,7499,0.8812658333333333,0.0021192323649302123,-4.798633166092137,0.0,0.0,0,"{""0"": 1290, ""1"": 1294, ""2"": 1192, ""3"": 1252, ""4"": 1303, ""5"": 1168}",connected
7599,30,7599,0.8796825,0.002093087577377446,-4.798633166092137,0.0,0.0,0,"{""0"": 1311, ""1"": 1312, ""2"": 1202, ""3"": 1267, ""4"": 1320, ""5"": 1187}",connected
7699,30,7699,0.8780991666666667,0.0019389062892878428,-4.798633166092137,0.0,0.0,0,"{""0"": 1332, ""1"": 1328, ""2"": 1215, ""3"": 1284, ""4"": 1340, ""5"": 1200}",connected
7799,32,7799,0.8765158333333334,0.0019132977130357177,-4.777281082235277,0.0,0.0,0,"{""0"": 1347, ""1"": 1345, ""2"": 1233, ""3"": 1306, ""4"": 1356, ""5"": 1212}",connected
7899,32,7899,0.8749325,0.0018428474373649805,-4.777281082235277,0.0,0.0,0,"{""0"": 1366, ""1"": 1356, ""2"": 1254, ""3"": 1322, ""4"": 1372, ""5"": 1229}",connected
7999,32,7999,0.8733491666666666,0.0018339279858628288,-4.777281082235277,0.0,0.0,0,"{""0"": 1374, ""1"": 1381, ""2"": 1272, ""3"": 1343, ""4"": 1390, ""5"": 1239}",connected
8099,32,8099,0.8717658333333334,0.001943682818673551,-4.777281082235277,0.0,0.0,0,"{""0"": 1388, ""1"": 1399, ""2"": 1292, ""3"": 1362, ""4"": 1409, ""5"": 1249}",connected
8199,32,8199,0.8701825000000001,0.0021026232157601043,-4.777281082235277,0.0,0.0,0,"{""0"": 1404, ""1"": 1417, ""2"": 1308, ""3"": 1383, ""4"": 1424, ""5"": 1263}",connected
8299,34,8299,0.8685991666666667,0.0022707443713443354,-4.756911592229324,0.0,0.0,0,"{""0"": 1424, ""1"": 1435, ""2"": 1319, ""3"": 1396, ""4"": 1448, ""5"": 1277}",connected
8399,34,8399,0.8670158333333333,0.0024066621152451263,-4.756911592229324,0.0,0.0,0,"{""0"": 1432, ""1"": 1453, ""2"": 1331, ""3"": 1422, ""4"": 1468, ""5"": 1293}",connected
8499,34,8499,0.8654325,0.0023141625354764985,-4.756911592229324,0.0,0.0,0,"{""0"": 1443, ""1"": 1470, ""2"": 1350, ""3"": 1436, ""4"": 1495, ""5"": 1305}",connected
8599,34,8599,0.8638491666666667,0.0021533148747403174,-4.756911592229324,0.0,0.0,0,"{""0"": 1463, ""1"": 1483, ""2"": 1370, ""3"": 1452, ""4"": 1514, ""5"": 1317}",connected
8699,34,8699,0.8622658333333333,0.002084561393712647,-4.756911592229324,0.0,0.0,0,"{""0"": 1474, ""1"": 1494, ""2"": 1394, ""3"": 1464, ""4"": 1539, ""5"": 1334}",connected
8799,36,8799,0.8606825,0.00227094292989932,-4.772749825652379,0.0,0.0,0,"{""0"": 1486, ""1"": 1513, ""2"": 1412, ""3"": 1474, ""4"": 1555, ""5"": 1359}",connected
8899,36,8899,0.8590991666666666,0.002652607938507572,-4.772749825652379,0.0,0.0,0,"{""0"": 1503, ""1"": 1537, ""2"": 1430, ""3"": 1487, ""4"": 1572, ""5"": 1370}",connected
8999,36,8999,0.8575158333333334,0.0026481261767912654,-4.772749825652379,0.0,0.0,0,"{""0"": 1525, ""1"": 1552, ""2"": 1445, ""3"": 1497, ""4"": 1595, ""5"": 1385}",connected
9099,36,9099,0.8559325,0.0026345289609162135,-4.772749825652379,0.0,0.0,0,"{""0"": 1545, ""1"": 1574, ""2"": 1459, ""3"": 1512, ""4"": 1612, ""5"": 1397}",connected
9199,36,9199,0.8543491666666667,0.0025385721697239205,-4.772749825652379,0.0,0.0,0,"{""0"": 1556, ""1"": 1597, ""2"": 1479, ""3"": 1536, ""4"": 1620, ""5"": 1411}",connected
9299,38,9299,0.8527658333333333,0.002273543716291897,-4.807210353080575,0.0,0.0,0,"{""0"": 1565, ""1"": 1616, ""2"": 1497, ""3"": 1552, ""4"": 1639, ""5"": 1430}",connected
9399,38,9399,0.8511825,0.0024192499835044147,-4.807210353080575,0.0,0.0,0,"{""0"": 1585, ""1"": 1622, ""2"": 1521, ""3"": 1564, ""4"": 1661, ""5"": 1446}",connected
9499,38,9499,0.8495991666666667,0.0024076768220402302,-4.807210353080575,0.0,0.0,0,"{""0"": 1599, ""1"": 1636, ""2"": 1547, ""3"": 1578, ""4"": 1684, ""5"": 1455}",connected
9599,38,9599,0.8480158333333333,0.0023942284006625413,-4.807210353080575,0.0,0.0,0,"{""0"": 1612, ""1"": 1652, ""2"": 1559, ""3"": 1602, ""4"": 1702, ""5"": 1472}",connected
9699,38,9699,0.8464325,0.002393296316731721,-4.807210353080575,0.0,0.0,0,"{""0"": 1629, ""1"": 1669, ""2"": 1572, ""3"": 1620, ""4"": 1723, ""5"": 1486}",connected
9799,40,9799,0.8448491666666667,0.002406514068134129,-4.7907498247222975,0.0,0.0,0,"{""0"": 1650, ""1"": 1688, ""2"": 1587, ""3"": 1636, ""4"": 1737, ""5"": 1501}",connected
9899,40,9899,0.8432658333333334,0.002425060474779457,-4.7907498247222975,0.0,0.0,0,"{""0"": 1662, ""1"": 1703, ""2"": 1604, ""3"": 1653, ""4"": 1764, ""5"": 1513}",connected
9999,40,9999,0.8416825,0.002274172162869945,-4.7907498247222975,0.0,0.0,0,"{""0"": 1678, ""1"": 1723, ""2"": 1621, ""3"": 1669, ""4"": 1779, ""5"": 1529}",connected
10099,40,10099,0.8400991666666666,0.0024442947725765406,-4.7907498247222975,0.0,0.0,0,"{""0"": 1693, ""1"": 1744, ""2"": 1635, ""3"": 1682, ""4"": 1803, ""5"": 1542}",connected
10199,42,10199,0.8385158333333333,0.0024782506038900465,-4.796976014605856,0.0,0.0,0,"{""0"": 1711, ""1"": 1759, ""2"": 1652, ""3"": 1711, ""4"": 1817, ""5"": 1549}",connected
10299,42,10299,0.8369325000000001,0.002728284699842334,-4.796976014605856,0.0,0.0,0,"{""0"": 1726, ""1"": 1776, ""2"": 1667, ""3"": 1740, ""4"": 1825, ""5"": 1565}",connected
10399,42,10399,0.8353491666666667,0.002949198459391482,-4.796976014605856,0.0,0.0,0,"{""0"": 1737, ""1"": 1796, ""2"": 1691, ""3"": 1758, ""4"": 1843, ""5"": 1574}",connected
10499,42,10499,0.8337658333333333,0.002785919050802477,-4.796976014605856,0.0,0.0,0,"{""0"": 1754, ""1"": 1813, ""2"": 1710, ""3"": 1777, ""4"": 1858, ""5"": 1587}",connected
10599,42,10599,0.8321825,0.0026536748924991115,-4.796976014605856,0.0,0.0,0,"{""0"": 1770, ""1"": 1832, ""2"": 1730, ""3"": 1799, ""4"": 1874, ""5"": 1594}",connected
10699,44,10699,0.8305991666666667,0.002545394321787171,-4.758545276846482,0.0,0.0,0,"{""0"": 1786, ""1"": 1846, ""2"": 1747, ""3"": 1819, ""4"": 1888, ""5"": 1613}",connected
10799,44,10799,0.8290158333333333,0.0022880239150254054,-4.758545276846482,0.0,0.0,0,"{""0"": 1808, ""1"": 1858, ""2"": 1770, ""3"": 1839, ""4"": 1902, ""5"": 1622}",connected
10899,44,10899,0.8274325,0.002234531822032295,-4.758545276846482,0.0,0.0,0,"{""0"": 1824, ""1"": 1882, ""2"": 1780, ""3"": 1850, ""4"": 1920, ""5"": 1643}",connected
10999,44,10999,0.8258491666666667,0.002351213683723472,-4.758545276846482,0.0,0.0,0,"{""0"": 1840, ""1"": 1897, ""2"": 1792, ""3"": 1871, ""4"": 1946, ""5"": 1653}",connected
11099,44,11099,0.8242658333333334,0.002503268560976721,-4.758545276846482,0.0,0.0,0,"{""0"": 1848, ""1"": 1920, ""2"": 1818, ""3"": 1889, ""4"": 1960, ""5"": 1664}",connected
11199,46,11199,0.8226825,0.002700930224964395,-4.6922606911064815,0.0,0.0,0,"{""0"": 1863, ""1"": 1934, ""2"": 1843, ""3"": 1900, ""4"": 1975, ""5"": 1684}",connected
11299,46,11299,0.8210991666666667,0.0028086381999310106,-4.6922606911064815,0.0,0.0,0,"{""0"": 1875, ""1"": 1958, ""2"": 1857, ""3"": 1918, ""4"": 1993, ""5"": 1698}",connected
11399,46,11399,0.8195158333333333,0.002773729031905532,-4.6922606911064815,0.0,0.0,0,"{""0"": 1880, ""1"": 1972, ""2"": 1872, ""3"": 1948, ""4"": 2010, ""5"": 1717}",connected
11499,46,11499,0.8179325000000001,0.0024244439357426015,-4.6922606911064815,0.0,0.0,0,"{""0"": 1895, ""1"": 1991, ""2"": 1891, ""3"": 1964, ""4"": 2025, ""5"": 1733}",connected
11599,46,11599,0.8163491666666667,0.002547578125959262,-4.6922606911064815,0.0,0.0,0,"{""0"": 1910, ""1"": 2002, ""2"": 1911, ""3"": 1976, ""4"": 2048, ""5"": 1752}",connected
11699,48,11699,0.8147658333333333,0.002471722522750497,-4.656124820108137,0.0,0.0,0,"{""0"": 1921, ""1"": 2021, ""2"": 1927, ""3"": 1995, ""4"": 2068, ""5"": 1767}",connected
11799,48,11799,0.8131825,0.002396967258537188,-4.656124820108137,0.0,0.0,0,"{""0"": 1929, ""1"": 2033, ""2"": 1945, ""3"": 2017, ""4"": 2092, ""5"": 1783}",connected
11899,48,11899,0.8115991666666666,0.0024520934093743563,-4.656124820108137,0.0,0.0,0,"{""0"": 1942, ""1"": 2048, ""2"": 1960, ""3"": 2030, ""4"": 2123, ""5"": 1796}",connected
11999,48,11999,0.8100158333333334,0.002313659026985988,-4.656124820108137,0.0,0.0,0,"{""0"": 1959, ""1"": 2067, ""2"": 1972, ""3"": 2045, ""4"": 2143, ""5"": 1813}",connected
12099,50,12099,0.8084325,0.0024783751135692,-4.619699816638604,0.0,0.0,0,"{""0"": 1978, ""1"": 2076, ""2"": 1992, ""3"": 2058, ""4"": 2163, ""5"": 1832}",connected
12199,50,12199,0.8068491666666666,0.002750432371394709,-4.619699816638604,0.0,0.0,0,"{""0"": 1994, ""1"": 2092, ""2"": 2011, ""3"": 2080, ""4"": 2179, ""5"": 1843}",connected
12299,50,12299,0.8052658333333333,0.002849253911990672,-4.619699816638604,0.0,0.0,0,"{""0"": 2004, ""1"": 2112, ""2"": 2028, ""3"": 2105, ""4"": 2194, ""5"": 1856}",connected
12399,50,12399,0.8036825000000001,0.002873396424110979,-4.619699816638604,0.0,0.0,0,"{""0"": 2016, ""1"": 2133, ""2"": 2043, ""3"": 2126, ""4"": 2213, ""5"": 1868}",connected
12499,50,12499,0.8020991666666667,0.0026950477086938917,-4.619699816638604,0.0,0.0,0,"{""0"": 2032, ""1"": 2148, ""2"": 2064, ""3"": 2142, ""4"": 2230, ""5"": 1883}",connected
12599,52,12599,0.8005158333333333,0.002536001164698973,-4.634845969795536,0.0,0.0,0,"{""0"": 2044, ""1"": 2168, ""2"": 2079, ""3"": 2169, ""4"": 2246, ""5"": 1893}",connected
12699,52,12699,0.7989325,0.002488834815449081,-4.634845969795536,0.0,0.0,0,"{""0"": 2062, ""1"": 2183, ""2"": 2095, ""3"": 2190, ""4"": 2259, ""5"": 1910}",connected
12799,52,12799,0.7973491666666667,0.0024786926188971846,-4.634845969795536,0.0,0.0,0,"{""0"": 2077, ""1"": 2194, ""2"": 2114, ""3"": 2217, ""4"": 2277, ""5"": 1920}",connected
12899,52,12899,0.7957658333333333,0.0027398463449208065,-4.634845969795536,0.0,0.0,0,"{""0"": 2095, ""1"": 2211, ""2"": 2132, ""3"": 2235, ""4"": 2296, ""5"": 1930}",connected
12999,52,12999,0.7941825,0.0028707498294534162,-4.634845969795536,0.0,0.0,0,"{""0"": 2107, ""1"": 2226, ""2"": 2147, ""3"": 2261, ""4"": 2317, ""5"": 1941}",connected
13099,54,13099,0.7925991666666667,0.0029975514695979653,-4.617222037140487,0.0,0.0,0,"{""0"": 2126, ""1"": 2239, ""2"": 2158, ""3"": 2272, ""4"": 2343, ""5"": 1961}",connected
13199,54,13199,0.7910158333333334,0.003016743190237321,-4.617222037140487,0.0,0.0,0,"{""0"": 2143, ""1"": 2255, ""2"": 2174, ""3"": 2290, ""4"": 2364, ""5"": 1973}",connected
13299,54,13299,0.7894325,0.003047131224302575,-4.617222037140487,0.0,0.0,0,"{""0"": 2163, ""1"": 2268, ""2"": 2191, ""3"": 2309, ""4"": 2377, ""5"": 1991}",connected
13399,54,13399,0.7878491666666667,0.002932541682384908,-4.617222037140487,0.0,0.0,0,"{""0"": 2179, ""1"": 2287, ""2"": 2214, ""3"": 2318, ""4"": 2390, ""5"": 2011}",connected
13499,54,13499,0.7862658333333333,0.0028128654416650534,-4.617222037140487,0.0,0.0,0,"{""0"": 2196, ""1"": 2301, ""2"": 2227, ""3"": 2339, ""4"": 2414, ""5"": 2022}",connected
13599,56,13599,0.7846825000000001,0.002686916755628772,-4.626356961213917,0.0,0.0,0,"{""0"": 2209, ""1"": 2318, ""2"": 2238, ""3"": 2359, ""4"": 2438, ""5"": 2037}",connected
13699,56,13699,0.7830991666666667,0.0027423979167360813,-4.626356961213917,0.0,0.0,0,"{""0"": 2226, ""1"": 2334, ""2"": 2258, ""3"": 2382, ""4"": 2448, ""5"": 2051}",connected
13799,56,13799,0.7815158333333333,0.0026097375882091,-4.626356961213917,0.0,0.0,0,"{""0"": 2238, ""1"": 2352, ""2"": 2279, ""3"": 2396, ""4"": 2470, ""5"": 2064}",connected
13899,56,13899,0.7799325,0.002798255673260428,-4.626356961213917,0.0,0.0,0,"{""0"": 2251, ""1"": 2371, ""2"": 2296, ""3"": 2411, ""4"": 2489, ""5"": 2081}",connected
13999,58,13999,0.7783491666666666,0.002824755860492587,-4.61672395486224,0.0,0.0,0,"{""0"": 2274, ""1"": 2386, ""2"": 2308, ""3"": 2427, ""4"": 2506, ""5"": 2098}",connected
14099,58,14099,0.7767658333333334,0.0025270083447685465,-4.61672395486224,0.0,0.0,0,"{""0"": 2284, ""1"": 2410, ""2"": 2331, ""3"": 2441, ""4"": 2521, ""5"": 2112}",connected
14199,58,14199,0.7751825,0.0025657333026174456,-4.61672395486224,0.0,0.0,0,"{""0"": 2303, ""1"": 2424, ""2"": 2345, ""3"": 2462, ""4"": 2540, ""5"": 2125}",connected
14299,58,14299,0.7735991666666666,0.0024509504274465143,-4.61672395486224,0.0,0.0,0,"{""0"": 2316, ""1"": 2440, ""2"": 2359, ""3"": 2486, ""4"": 2555, ""5"": 2143}",connected
14399,58,14399,0.7720158333333333,0.0025323358102468775,-4.61672395486224,0.0,0.0,0,"{""0"": 2333, ""1"": 2455, ""2"": 2383, ""3"": 2503, ""4"": 2569, ""5"": 2156}",connected
14499,60,14499,0.7704325000000001,0.0026745837595080956,-4.6091498165469,0.0,0.0,0,"{""0"": 2349, ""1"": 2481, ""2"": 2404, ""3"": 2511, ""4"": 2589, ""5"": 2165}",connected
14599,60,14599,0.7688491666666667,0.0027167685754830016,-4.6091498165469,0.0,0.0,0,"{""0"": 2369, ""1"": 2499, ""2"": 2419, ""3"": 2532, ""4"": 2602, ""5"": 2178}",connected
14699,60,14699,0.7672658333333333,0.0027919187129009514,-4.6091498165469,0.0,0.0,0,"{""0"": 2389, ""1"": 2512, ""2"": 2430, ""3"": 2559, ""4"": 2619, ""5"": 2190}",connected
14799,60,14799,0.7656825,0.002754272384918295,-4.6091498165469,0.0,0.0,0,"{""0"": 2400, ""1"": 2525, ""2"": 2446, ""3"": 2580, ""4"": 2630, ""5"": 2218}",connected
14899,60,14899,0.7640991666666667,0.0026445528952172026,-4.6091498165469,0.0,0.0,0,"{""0"": 2423, ""1"": 2540, ""2"": 2467, ""3"": 2591, ""4"": 2644, ""5"": 2234}",connected
14999,62,14999,0.7625158333333333,0.0026904410251881927,-4.572774008239409,0.0,0.0,0,"{""0"": 2435, ""1"": 2561, ""2"": 2499, ""3"": 2604, ""4"": 2655, ""5"": 2245}",connected
15099,62,15099,0.7609325,0.0024175670032855123,-4.572774008239409,0.0,0.0,0,"{""0"": 2450, ""1"": 2580, ""2"": 2522, ""3"": 2620, ""4"": 2666, ""5"": 2261}",connected
15199,62,15199,0.7593491666666666,0.0024456023826496674,-4.572774008239409,0.0,0.0,0,"{""0"": 2473, ""1"": 2596, ""2"": 2538, ""3"": 2638, ""4"": 2683, ""5"": 2271}",connected
15299,62,15299,0.7577658333333334,0.0028544338926440103,-4.572774008239409,0.0,0.0,0,"{""0"": 2492, ""1"": 2612, ""2"": 2553, ""3"": 2652, ""4"": 2703, ""5"": 2287}",connected
15399,62,15399,0.7561825,0.003116751202614978,-4.572774008239409,0.0,0.0,0,"{""0"": 2505, ""1"": 2631, ""2"": 2568, ""3"": 2671, ""4"": 2722, ""5"": 2302}",connected
15499,64,15499,0.7545991666666667,0.0030375876685138792,-4.5567966904709465,0.0,0.0,0,"{""0"": 2527, ""1"": 2643, ""2"": 2587, ""3"": 2683, ""4"": 2747, ""5"": 2312}",connected
15599,64,15599,0.7530158333333333,0.0032748572382843124,-4.5567966904709465,0.0,0.0,0,"{""0"": 2554, ""1"": 2663, ""2"": 2606, ""3"": 2696, ""4"": 2764, ""5"": 2316}",connected
15699,64,15699,0.7514325000000001,0.00308293430658523,-4.5567966904709465,0.0,0.0,0,"{""0"": 2569, ""1"": 2681, ""2"": 2625, ""3"": 2716, ""4"": 2779, ""5"": 2329}",connected
15799,64,15799,0.7498491666666667,0.002585201075999066,-4.5567966904709465,0.0,0.0,0,"{""0"": 2589, ""1"": 2695, ""2"": 2631, ""3"": 2735, ""4"": 2804, ""5"": 2345}",connected
15899,64,15899,0.7482658333333334,0.0028679315850604326,-4.5567966904709465,0.0,0.0,0,"{""0"": 2597, ""1"": 2726, ""2"": 2646, ""3"": 2753, ""4"": 2823, ""5"": 2354}",connected
15999,66,15999,0.7466825,0.0028870570741128176,-4.545484662218245,0.0,0.0,0,"{""0"": 2624, ""1"": 2736, ""2"": 2656, ""3"": 2763, ""4"": 2854, ""5"": 2366}",connected
16099,66,16099,0.7450991666666666,0.0029059160267934205,-4.545484662218245,0.0,0.0,0,"{""0"": 2643, ""1"": 2754, ""2"": 2664, ""3"": 2781, ""4"": 2876, ""5"": 2381}",connected
16199,66,16199,0.7435158333333334,0.002963763527222909,-4.545484662218245,0.0,0.0,0,"{""0"": 2668, ""1"": 2767, ""2"": 2681, ""3"": 2796, ""4"": 2889, ""5"": 2398}",connected
16299,66,16299,0.7419325,0.002824529662029818,-4.545484662218245,0.0,0.0,0,"{""0"": 2700, ""1"": 2790, ""2"": 2695, ""3"": 2803, ""4"": 2901, ""5"": 2410}",connected
16399,68,16399,0.7403491666666666,0.0026887870230711997,-4.537323341807625,0.0,0.0,0,"{""0"": 2720, ""1"": 2802, ""2"": 2709, ""3"": 2819, ""4"": 2924, ""5"": 2425}",connected
16499,68,16499,0.7387658333333333,0.002838158558588475,-4.537323341807625,0.0,0.0,0,"{""0"": 2746, ""1"": 2813, ""2"": 2725, ""3"": 2832, ""4"": 2937, ""5"": 2446}",connected
16599,68,16599,0.7371825000000001,0.0031588320567971094,-4.537323341807625,0.0,0.0,0,"{""0"": 2754, ""1"": 2837, ""2"": 2738, ""3"": 2851, ""4"": 2959, ""5"": 2460}",connected
16699,70,16699,0.7355991666666667,0.0032133113086456433,-4.36797124669621,0.0,0.0,0,"{""0"": 2781, ""1"": 2850, ""2"": 2757, ""3"": 2868, ""4"": 2973, ""5"": 2470}",connected
16799,70,16799,0.7340158333333333,0.0031698912178399043,-4.36797124669621,0.0,0.0,0,"{""0"": 2807, ""1"": 2857, ""2"": 2765, ""3"": 2897, ""4"": 2985, ""5"": 2488}",connected
16899,70,16899,0.7324325,0.0031668718106811866,-4.36797124669621,0.0,0.0,0,"{""0"": 2823, ""1"": 2868, ""2"": 2782, ""3"": 2915, ""4"": 3009, ""5"": 2502}",connected
16999,70,16999,0.7308491666666667,0.0030066947999875995,-4.36797124669621,0.0,0.0,0,"{""0"": 2840, ""1"": 2887, ""2"": 2802, ""3"": 2930, ""4"": 3026, ""5"": 2514}",connected
17099,72,17099,0.7292658333333334,0.0031202798150479793,-4.376847039060926,0.0,0.0,0,"{""0"": 2852, ""1"": 2896, ""2"": 2821, ""3"": 2944, ""4"": 3059, ""5"": 2527}",connected
17199,72,17199,0.7276825,0.0033655780146364125,-4.376847039060926,0.0,0.0,0,"{""0"": 2862, ""1"": 2917, ""2"": 2836, ""3"": 2956, ""4"": 3086, ""5"": 2542}",connected
17299,72,17299,0.7260991666666667,0.0031225931586232034,-4.376847039060926,0.0,0.0,0,"{""0"": 2873, ""1"": 2935, ""2"": 2852, ""3"": 2975, ""4"": 3103, ""5"": 2561}",connected
17399,72,17399,0.7245158333333334,0.0032207389269024132,-4.376847039060926,0.0,0.0,0,"{""0"": 2881, ""1"": 2947, ""2"": 2870, ""3"": 2982, ""4"": 3144, ""5"": 2575}",connected
17499,72,17499,0.7229325,0.0034059598366729914,-4.376847039060926,0.0,0.0,0,"{""0"": 2894, ""1"": 2962, ""2"": 2884, ""3"": 2989, ""4"": 3181, ""5"": 2589}",connected
17599,74,17599,0.7213491666666667,0.003494964353740215,-4.414418735868625,0.0,0.0,0,"{""0"": 2904, ""1"": 2979, ""2"": 2900, ""3"": 3001, ""4"": 3213, ""5"": 2602}",connected
17699,74,17699,0.7197658333333334,0.0036414549848996104,-4.414418735868625,0.0,0.0,0,"{""0"": 2924, ""1"": 3006, ""2"": 2906, ""3"": 3017, ""4"": 3232, ""5"": 2614}",connected
17799,74,17799,0.7181825,0.0035985505365533754,-4.414418735868625,0.0,0.0,0,"{""0"": 2937, ""1"": 3024, ""2"": 2930, ""3"": 3032, ""4"": 3247, ""5"": 2629}",connected
17899,74,17899,0.7165991666666667,0.0032422751846024767,-4.414418735868625,0.0,0.0,0,"{""0"": 2956, ""1"": 3043, ""2"": 2947, ""3"": 3048, ""4"": 3263, ""5"": 2642}",connected
17999,74,17999,0.7150158333333334,0.0030363272834802047,-4.414418735868625,0.0,0.0,0,"{""0"": 2968, ""1"": 3053, ""2"": 2968, ""3"": 3065, ""4"": 3286, ""5"": 2659}",connected
18099,76,18099,0.7134325,0.003487018924788572,-4.403026133947271,0.0,0.0,0,"{""0"": 2985, ""1"": 3062, ""2"": 2994, ""3"": 3074, ""4"": 3310, ""5"": 2674}",connected
18199,76,18199,0.7118491666666666,0.004010453132214025,-4.403026133947271,0.0,0.0,0,"{""0"": 3004, ""1"": 3080, ""2"": 3013, ""3"": 3091, ""4"": 3326, ""5"": 2685}",connected
18299,76,18299,0.7102658333333334,0.004254410400753841,-4.403026133947271,0.0,0.0,0,"{""0"": 3024, ""1"": 3100, ""2"": 3025, ""3"": 3101, ""4"": 3351, ""5"": 2698}",connected
18399,76,18399,0.7086825000000001,0.00403524732333608,-4.403026133947271,0.0,0.0,0,"{""0"": 3039, ""1"": 3124, ""2"": 3041, ""3"": 3117, ""4"": 3366, ""5"": 2712}",connected
18499,76,18499,0.7070991666666666,0.0038952827570028605,-4.403026133947271,0.0,0.0,0,"{""0"": 3046, ""1"": 3134, ""2"": 3058, ""3"": 3131, ""4"": 3406, ""5"": 2724}",connected
18599,78,18599,0.7055158333333333,0.003603192020673305,-4.405897252524319,0.0,0.0,0,"{""0"": 3069, ""1"": 3146, ""2"": 3067, ""3"": 3141, ""4"": 3442, ""5"": 2734}",connected
18699,78,18699,0.7039325000000001,0.003715802184306085,-4.405897252524319,0.0,0.0,0,"{""0"": 3081, ""1"": 3163, ""2"": 3093, ""3"": 3159, ""4"": 3458, ""5"": 2745}",connected
18799,78,18799,0.7023491666666666,0.0038736178271938115,-4.405897252524319,0.0,0.0,0,"{""0"": 3093, ""1"": 3171, ""2"": 3117, ""3"": 3174, ""4"": 3486, ""5"": 2758}",connected
18899,78,18899,0.7007658333333333,0.0034781047992873937,-4.405897252524319,0.0,0.0,0,"{""0"": 3099, ""1"": 3193, ""2"": 3132, ""3"": 3191, ""4"": 3514, ""5"": 2770}",connected
18999,80,18999,0.6991825,0.0033206616411916912,-4.306699816009496,0.0,0.0,0,"{""0"": 3119, ""1"": 3205, ""2"": 3157, ""3"": 3206, ""4"": 3533, ""5"": 2779}",connected
19099,80,19099,0.6975991666666667,0.0035708231292665006,-4.306699816009496,0.0,0.0,0,"{""0"": 3138, ""1"": 3219, ""2"": 3179, ""3"": 3223, ""4"": 3548, ""5"": 2792}",connected
19199,80,19199,0.6960158333333333,0.004272745593916625,-4.306699816009496,0.0,0.0,0,"{""0"": 3153, ""1"": 3235, ""2"": 3196, ""3"": 3243, ""4"": 3566, ""5"": 2806}",connected
19299,80,19299,0.6944325,0.004629181666532531,-4.306699816009496,0.0,0.0,0,"{""0"": 3167, ""1"": 3250, ""2"": 3211, ""3"": 3270, ""4"": 3586, ""5"": 2815}",connected
19399,82,19399,0.6928491666666667,0.004515318623743951,-4.304731522709495,0.0,0.0,0,"{""0"": 3184, ""1"": 3263, ""2"": 3219, ""3"": 3290, ""4"": 3613, ""5"": 2830}",connected
19499,82,19499,0.6912658333333334,0.004443324629683047,-4.304731522709495,0.0,0.0,0,"{""0"": 3195, ""1"": 3280, ""2"": 3242, ""3"": 3298, ""4"": 3642, ""5"": 2842}",connected
19599,82,19599,0.6896825,0.003782191500067711,-4.304731522709495,0.0,0.0,0,"{""0"": 3211, ""1"": 3289, ""2"": 3261, ""3"": 3313, ""4"": 3671, ""5"": 2854}",connected
19699,82,19699,0.6880991666666667,0.00367316770600155,-4.304731522709495,0.0,0.0,0,"{""0"": 3222, ""1"": 3312, ""2"": 3278, ""3"": 3324, ""4"": 3692, ""5"": 2871}",connected
19799,82,19799,0.6865158333333333,0.003608612519456074,-4.304731522709495,0.0,0.0,0,"{""0"": 3233, ""1"": 3326, ""2"": 3299, ""3"": 3338, ""4"": 3722, ""5"": 2881}",connected
19899,84,19899,0.6849324999999999,0.0034540913137607277,-4.3386545770557685,0.0,0.0,0,"{""0"": 3245, ""1"": 3341, ""2"": 3314, ""3"": 3355, ""4"": 3750, ""5"": 2894}",connected
19999,84,19999,0.6833491666666667,0.0034554944856790824,-4.3386545770557685,0.0,0.0,0,"{""0"": 3273, ""1"": 3366, ""2"": 3332, ""3"": 3367, ""4"": 3760, ""5"": 2901}",connected
20099,84,20000,0.6817658333333334,0.0036352270055795086,-4.3386545770557685,0.0,0.0,0,"{""0"": 3290, ""1"": 3387, ""2"": 3351, ""3"": 3384, ""4"": 3773, ""5"": 2914}",connected
20199,84,20000,0.6801825,0.0039365150715457275,-4.3386545770557685,0.0,0.0,0,"{""0"": 3300, ""1"": 3408, ""2"": 3367, ""3"": 3408, ""4"": 3793, ""5"": 2923}",connected
20299,84,20000,0.6785991666666666,0.0037832246808102354,-4.3386545770557685,0.0,0.0,0,"{""0"": 3323, ""1"": 3417, ""2"": 3381, ""3"": 3425, ""4"": 3819, ""5"": 2934}",connected
20399,86,20000,0.6770158333333334,0.0042182554863393305,-4.329534697947417,0.0,0.0,0,"{""0"": 3341, ""1"": 3433, ""2"": 3401, ""3"": 3437, ""4"": 3843, ""5"": 2944}",connected
20499,86,20000,0.6754325,0.003921952317468822,-4.329534697947417,0.0,0.0,0,"{""0"": 3355, ""1"": 3447, ""2"": 3411, ""3"": 3455, ""4"": 3876, ""5"": 2955}",connected
20599,86,20000,0.6738491666666666,0.004304880267009139,-4.329534697947417,0.0,0.0,0,"{""0"": 3371, ""1"": 3468, ""2"": 3431, ""3"": 3467, ""4"": 3898, ""5"": 2964}",connected
20699,86,20000,0.6722658333333333,0.004372637479100376,-4.329534697947417,0.0,0.0,0,"{""0"": 3384, ""1"": 3505, ""2"": 3440, ""3"": 3475, ""4"": 3915, ""5"": 2980}",connected
20799,86,20000,0.6706825000000001,0.003885209340369329,-4.329534697947417,0.0,0.0,0,"{""0"": 3397, ""1"": 3527, ""2"": 3448, ""3"": 3504, ""4"": 3931, ""5"": 2992}",connected
20899,88,20000,0.6690991666666667,0.0037490804441040384,-4.313056634469169,0.0,0.0,0,"{""0"": 3413, ""1"": 3553, ""2"": 3462, ""3"": 3521, ""4"": 3950, ""5"": 3000}",connected
20999,88,20000,0.6675158333333333,0.0035713581828167662,-4.313056634469169,0.0,0.0,0,"{""0"": 3429, ""1"": 3562, ""2"": 3494, ""3"": 3529, ""4"": 3971, ""5"": 3014}",connected
21099,88,20000,0.6659325,0.0036132348043611275,-4.313056634469169,0.0,0.0,0,"{""0"": 3457, ""1"": 3571, ""2"": 3512, ""3"": 3535, ""4"": 3998, ""5"": 3026}",connected
21199,88,20000,0.6643491666666667,0.004186090370058082,-4.313056634469169,0.0,0.0,0,"{""0"": 3474, ""1"": 3584, ""2"": 3542, ""3"": 3547, ""4"": 4016, ""5"": 3036}",connected
21299,90,20000,0.6627658333333334,0.00448390994220972,-4.204477593566602,0.0,0.0,0,"{""0"": 3492, ""1"": 3600, ""2"": 3558, ""3"": 3556, ""4"": 4046, ""5"": 3047}",connected
21399,90,20000,0.6611825,0.004896319947438315,-4.204477593566602,0.0,0.0,0,"{""0"": 3506, ""1"": 3615, ""2"": 3583, ""3"": 3582, ""4"": 4060, ""5"": 3053}",connected
21499,90,20000,0.6595991666666667,0.005582908104988746,-4.204477593566602,0.0,0.0,0,"{""0"": 3522, ""1"": 3643, ""2"": 3594, ""3"": 3601, ""4"": 4082, ""5"": 3057}",connected
21599,90,20000,0.6580158333333334,0.005066499272943475,-4.204477593566602,0.0,0.0,0,"{""0"": 3533, ""1"": 3663, ""2"": 3610, ""3"": 3622, ""4"": 4104, ""5"": 3067}",connected
21699,92,20000,0.6564325,0.005416005845763721,-4.198456338050006,0.0,0.0,0,"{""0"": 3550, ""1"": 3680, ""2"": 3631, ""3"": 3638, ""4"": 4118, ""5"": 3082}",connected
21799,92,20000,0.6548491666666667,0.00505676455271896,-4.198456338050006,0.0,0.0,0,"{""0"": 3561, ""1"": 3703, ""2"": 3647, ""3"": 3659, ""4"": 4136, ""5"": 3093}",connected
21899,92,20000,0.6532658333333334,0.005028452361002565,-4.198456338050006,0.0,0.0,0,"{""0"": 3573, ""1"": 3730, ""2"": 3658, ""3"": 3681, ""4"": 4156, ""5"": 3101}",connected
21999,92,20000,0.6516825,0.005280896868789568,-4.198456338050006,0.0,0.0,0,"{""0"": 3588, ""1"": 3751, ""2"": 3674, ""3"": 3701, ""4"": 4175, ""5"": 3110}",connected
22099,92,20000,0.6500991666666667,0.004885624905582518,-4.198456338050006,0.0,0.0,0,"{""0"": 3599, ""1"": 3771, ""2"": 3694, ""3"": 3712, ""4"": 4203, ""5"": 3120}",connected
22199,94,20000,0.6485158333333334,0.004636464106151834,-4.178201944805048,0.0,0.0,0,"{""0"": 3616, ""1"": 3785, ""2"": 3706, ""3"": 3723, ""4"": 4230, ""5"": 3139}",connected
22299,94,20000,0.6469325,0.004792908286908641,-4.178201944805048,0.0,0.0,0,"{""0"": 3634, ""1"": 3795, ""2"": 3731, ""3"": 3733, ""4"": 4257, ""5"": 3149}",connected
22399,94,20000,0.6453491666666666,0.004599296016385779,-4.178201944805048,0.0,0.0,0,"{""0"": 3645, ""1"": 3824, ""2"": 3744, ""3"": 3751, ""4"": 4278, ""5"": 3157}",connected
22499,94,20000,0.6437658333333334,0.005535393956815824,-4.178201944805048,0.0,0.0,0,"{""0"": 3655, ""1"": 3851, ""2"": 3761, ""3"": 3771, ""4"": 4298, ""5"": 3163}",connected
22599,94,20000,0.6421825000000001,0.00619522498222068,-4.178201944805048,0.0,0.0,0,"{""0"": 3663, ""1"": 3873, ""2"": 3800, ""3"": 3785, ""4"": 4310, ""5"": 3168}",connected
22699,96,20000,0.6405991666666666,0.005891712193842978,-4.199239401738548,0.0,0.0,0,"{""0"": 3674, ""1"": 3888, ""2"": 3827, ""3"": 3799, ""4"": 4336, ""5"": 3175}",connected
22799,96,20000,0.6390158333333333,0.006321974729071371,-4.199239401738548,0.0,0.0,0,"{""0"": 3689, ""1"": 3907, ""2"": 3836, ""3"": 3810, ""4"": 4370, ""5"": 3187}",connected
22899,96,20000,0.6374325000000001,0.005364638402243145,-4.199239401738548,0.0,0.0,0,"{""0"": 3697, ""1"": 3932, ""2"": 3858, ""3"": 3833, ""4"": 4386, ""5"": 3193}",connected
22999,96,20000,0.6358491666666666,0.005630811155424453,-4.199239401738548,0.0,0.0,0,"{""0"": 3706, ""1"": 3955, ""2"": 3874, ""3"": 3848, ""4"": 4408, ""5"": 3208}",connected
23099,98,20000,0.6342658333333333,0.0052384377788985146,-4.1093773702539655,0.0,0.0,0,"{""0"": 3732, ""1"": 3967, ""2"": 3886, ""3"": 3862, ""4"": 4433, ""5"": 3219}",connected
23199,98,20000,0.6326825,0.004877036224352196,-4.1093773702539655,0.0,0.0,0,"{""0"": 3745, ""1"": 3994, ""2"": 3909, ""3"": 3874, ""4"": 4453, ""5"": 3224}",connected
23299,98,20000,0.6310991666666668,0.00607886575977318,-4.1093773702539655,0.0,0.0,0,"{""0"": 3752, ""1"": 4010, ""2"": 3925, ""3"": 3887, ""4"": 4489, ""5"": 3236}",connected
23399,98,20000,0.6295158333333333,0.0054419728752691295,-4.1093773702539655,0.0,0.0,0,"{""0"": 3764, ""1"": 4036, ""2"": 3944, ""3"": 3908, ""4"": 4503, ""5"": 3244}",connected
23499,100,20000,0.6279325,0.005790397472446784,-4.105719817229547,0.0,0.0,0,"{""0"": 3781, ""1"": 4052, ""2"": 3959, ""3"": 3929, ""4"": 4525, ""5"": 3253}",connected
23599,100,20000,0.6263491666666667,0.006390503301518038,-4.105719817229547,0.0,0.0,0,"{""0"": 3803, ""1"": 4067, ""2"": 3968, ""3"": 3943, ""4"": 4555, ""5"": 3263}",connected
23699,100,20000,0.6247658333333334,0.006091184641700238,-4.105719817229547,0.0,0.0,0,"{""0"": 3813, ""1"": 4088, ""2"": 3989, ""3"": 3959, ""4"": 4580, ""5"": 3270}",connected
23799,100,20000,0.6231825,0.006750703380675987,-4.105719817229547,0.0,0.0,0,"{""0"": 3826, ""1"": 4112, ""2"": 4002, ""3"": 3965, ""4"": 4613, ""5"": 3281}",connected
23899,100,20000,0.6215991666666667,0.007082707626977935,-4.105719817229547,0.0,0.0,0,"{""0"": 3835, ""1"": 4127, ""2"": 4027, ""3"": 3983, ""4"": 4636, ""5"": 3291}",connected
23999,102,20000,0.6200158333333333,0.00694200221565552,-4.053689814247191,0.0,0.0,0,"{""0"": 3852, ""1"": 4143, ""2"": 4038, ""3"": 3999, ""4"": 4668, ""5"": 3299}",connected
24099,102,20000,0.6184324999999999,0.006540202506585047,-4.053689814247191,0.0,0.0,0,"{""0"": 3864, ""1"": 4161, ""2"": 4057, ""3"": 4018, ""4"": 4684, ""5"": 3315}",connected
24199,102,20000,0.6168491666666667,0.0058526478300336745,-4.053689814247191,0.0,0.0,0,"{""0"": 3885, ""1"": 4178, ""2"": 4075, ""3"": 4031, ""4"": 4704, ""5"": 3326}",connected
24299,102,20000,0.6152658333333334,0.0052093692775815725,-4.053689814247191,0.0,0.0,0,"{""0"": 3901, ""1"": 4192, ""2"": 4095, ""3"": 4048, ""4"": 4728, ""5"": 3335}",connected
24399,102,20000,0.6136825,0.005327635403955355,-4.053689814247191,0.0,0.0,0,"{""0"": 3918, ""1"": 4214, ""2"": 4109, ""3"": 4065, ""4"": 4747, ""5"": 3346}",connected
24499,104,20000,0.6120991666666666,0.005309089944930747,-4.030419813171029,0.0,0.0,0,"{""0"": 3930, ""1"": 4242, ""2"": 4125, ""3"": 4073, ""4"": 4775, ""5"": 3354}",connected
24599,104,20000,0.6105158333333334,0.005541723301867023,-4.030419813171029,0.0,0.0,0,"{""0"": 3949, ""1"": 4252, ""2"": 4134, ""3"": 4098, ""4"": 4791, ""5"": 3375}",connected
24699,104,20000,0.6089325,0.005372041021473706,-4.030419813171029,0.0,0.0,0,"{""0"": 3963, ""1"": 4277, ""2"": 4154, ""3"": 4111, ""4"": 4808, ""5"": 3386}",connected
24799,104,20000,0.6073491666666666,0.00497100422042422,-4.030419813171029,0.0,0.0,0,"{""0"": 3968, ""1"": 4298, ""2"": 4175, ""3"": 4139, ""4"": 4823, ""5"": 3396}",connected
24899,104,20000,0.6057658333333333,0.005275499994168058,-4.030419813171029,0.0,0.0,0,"{""0"": 3973, ""1"": 4307, ""2"": 4187, ""3"": 4159, ""4"": 4852, ""5"": 3421}",connected
24999,106,20000,0.6041825000000001,0.005019818323198706,-4.013609814154916,0.0,0.0,0,"{""0"": 4007, ""1"": 4317, ""2"": 4203, ""3"": 4172, ""4"": 4867, ""5"": 3433}",connected
25099,106,20000,0.6025991666666667,0.005238642281619832,-4.013609814154916,0.0,0.0,0,"{""0"": 4016, ""1"": 4335, ""2"": 4218, ""3"": 4181, ""4"": 4904, ""5"": 3445}",connected
25199,106,20000,0.6010158333333333,0.005439655468799174,-4.013609814154916,0.0,0.0,0,"{""0"": 4029, ""1"": 4362, ""2"": 4232, ""3"": 4192, ""4"": 4933, ""5"": 3451}",connected
25299,106,20000,0.5994325,0.004501598415663466,-4.013609814154916,0.0,0.0,0,"{""0"": 4039, ""1"": 4382, ""2"": 4254, ""3"": 4205, ""4"": 4954, ""5"": 3465}",connected
25399,108,20000,0.5978491666666667,0.005644112525042147,-3.965009812102653,0.0,0.0,0,"{""0"": 4057, ""1"": 4399, ""2"": 4268, ""3"": 4214, ""4"": 4987, ""5"": 3474}",connected
25499,108,20000,0.5962658333333334,0.0063035714882425965,-3.965009812102653,0.0,0.0,0,"{""0"": 4076, ""1"": 4410, ""2"": 4284, ""3"": 4223, ""4"": 5015, ""5"": 3491}",connected
25599,108,20000,0.5946825,0.006275396103737876,-3.965009812102653,0.0,0.0,0,"{""0"": 4085, ""1"": 4439, ""2"": 4304, ""3"": 4237, ""4"": 5032, ""5"": 3502}",connected
25699,108,20000,0.5930991666666667,0.007329760415013879,-3.965009812102653,0.0,0.0,0,"{""0"": 4094, ""1"": 4456, ""2"": 4331, ""3"": 4252, ""4"": 5051, ""5"": 3515}",connected
25799,110,20000,0.5915158333333334,0.00615323604666628,-3.840279813497327,0.0,0.0,0,"{""0"": 4107, ""1"": 4474, ""2"": 4354, ""3"": 4263, ""4"": 5074, ""5"": 3527}",connected
25899,110,20000,0.5899325,0.005761239848798141,-3.840279813497327,0.0,0.0,0,"{""0"": 4121, ""1"": 4491, ""2"": 4383, ""3"": 4274, ""4"": 5097, ""5"": 3533}",connected
25999,110,20000,0.5883491666666667,0.00514892672887072,-3.840279813497327,0.0,0.0,0,"{""0"": 4133, ""1"": 4510, ""2"": 4397, ""3"": 4284, ""4"": 5112, ""5"": 3563}",connected
26099,110,20000,0.5867658333333334,0.004884876965079456,-3.840279813497327,0.0,0.0,0,"{""0"": 4145, ""1"": 4530, ""2"": 4417, ""3"": 4299, ""4"": 5122, ""5"": 3586}",connected
26199,110,20000,0.5851825,0.00553071265341714,-3.840279813497327,0.0,0.0,0,"{""0"": 4162, ""1"": 4559, ""2"": 4438, ""3"": 4307, ""4"": 5138, ""5"": 3595}",connected
26299,112,20000,0.5835991666666667,0.006051170665305108,-3.8123498132824896,0.0,0.0,0,"{""0"": 4178, ""1"": 4573, ""2"": 4443, ""3"": 4328, ""4"": 5170, ""5"": 3607}",connected
26399,112,20000,0.5820158333333334,0.007402524908538908,-3.8123498132824896,0.0,0.0,0,"{""0"": 4194, ""1"": 4590, ""2"": 4458, ""3"": 4338, ""4"": 5204, ""5"": 3615}",connected
26499,112,20000,0.5804325,0.006798231478314847,-3.8123498132824896,0.0,0.0,0,"{""0"": 4209, ""1"": 4616, ""2"": 4464, ""3"": 4351, ""4"": 5224, ""5"": 3635}",connected
26599,112,20000,0.5788491666666666,0.006902990029193461,-3.8123498132824896,0.0,0.0,0,"{""0"": 4215, ""1"": 4645, ""2"": 4483, ""3"": 4368, ""4"": 5243, ""5"": 3645}",connected
26699,112,20000,0.5772658333333334,0.0061699540982954205,-3.8123498132824896,0.0,0.0,0,"{""0"": 4239, ""1"": 4672, ""2"": 4495, ""3"": 4375, ""4"": 5257, ""5"": 3661}",connected
26799,114,20000,0.5756825000000001,0.0051704461220651865,-3.804679812644608,0.0,0.0,0,"{""0"": 4255, ""1"": 4695, ""2"": 4513, ""3"": 4386, ""4"": 5280, ""5"": 3670}",connected
26899,114,20000,0.5740991666666667,0.006263704458251596,-3.804679812644608,0.0,0.0,0,"{""0"": 4267, ""1"": 4714, ""2"": 4529, ""3"": 4394, ""4"": 5308, ""5"": 3687}",connected
26999,114,20000,0.5725158333333333,0.00640162930241786,-3.804679812644608,0.0,0.0,0,"{""0"": 4282, ""1"": 4732, ""2"": 4544, ""3"": 4409, ""4"": 5332, ""5"": 3700}",connected
27099,114,20000,0.5709325000000001,0.007031966611975804,-3.804679812644608,0.0,0.0,0,"{""0"": 4294, ""1"": 4759, ""2"": 4564, ""3"": 4428, ""4"": 5351, ""5"": 3703}",connected
27199,114,20000,0.5693491666666667,0.007767756242537871,-3.804679812644608,0.0,0.0,0,"{""0"": 4307, ""1"": 4791, ""2"": 4577, ""3"": 4442, ""4"": 5368, ""5"": 3714}",connected
27299,116,20000,0.5677658333333333,0.007234373533865437,-3.757329812180251,0.0,0.0,0,"{""0"": 4323, ""1"": 4807, ""2"": 4596, ""3"": 4453, ""4"": 5389, ""5"": 3731}",connected
27399,116,20000,0.5661825,0.007046277025947348,-3.757329812180251,0.0,0.0,0,"{""0"": 4329, ""1"": 4843, ""2"": 4611, ""3"": 4474, ""4"": 5403, ""5"": 3739}",connected
27499,116,20000,0.5645991666666668,0.007053051476832479,-3.757329812180251,0.0,0.0,0,"{""0"": 4353, ""1"": 4871, ""2"": 4625, ""3"": 4487, ""4"": 5414, ""5"": 3749}",connected
27599,116,20000,0.5630158333333333,0.0071620327327400445,-3.757329812180251,0.0,0.0,0,"{""0"": 4362, ""1"": 4903, ""2"": 4636, ""3"": 4513, ""4"": 5424, ""5"": 3761}",connected
27699,118,20000,0.5614325,0.007018559150164947,-3.704849811331369,0.0,0.0,0,"{""0"": 4376, ""1"": 4928, ""2"": 4651, ""3"": 4526, ""4"": 5444, ""5"": 3774}",connected
27799,118,20000,0.5598491666666667,0.007026591497706249,-3.704849811331369,0.0,0.0,0,"{""0"": 4393, ""1"": 4945, ""2"": 4672, ""3"": 4542, ""4"": 5459, ""5"": 3788}",connected
27899,118,20000,0.5582658333333334,0.007259394801221788,-3.704849811331369,0.0,0.0,0,"{""0"": 4411, ""1"": 4959, ""2"": 4683, ""3"": 4561, ""4"": 5481, ""5"": 3804}",connected
27999,118,20000,0.5566825,0.006868736508768052,-3.704849811331369,0.0,0.0,0,"{""0"": 4422, ""1"": 4979, ""2"": 4697, ""3"": 4571, ""4"": 5513, ""5"": 3817}",connected
28099,120,20000,0.5550991666666667,0.00671321552596055,-3.5897098135668783,0.0,0.0,0,"{""0"": 4448, ""1"": 4992, ""2"": 4712, ""3"": 4584, ""4"": 5536, ""5"": 3827}",connected
28199,120,20000,0.5535158333333334,0.008021752088097855,-3.5897098135668783,0.0,0.0,0,"{""0"": 4462, ""1"": 5010, ""2"": 4725, ""3"": 4610, ""4"": 5556, ""5"": 3836}",connected
28299,120,20000,0.5519324999999999,0.007840253683971241,-3.5897098135668783,0.0,0.0,0,"{""0"": 4474, ""1"": 5036, ""2"": 4735, ""3"": 4629, ""4"": 5582, ""5"": 3843}",connected
28399,120,20000,0.5503491666666667,0.007950646663084626,-3.5897098135668783,0.0,0.0,0,"{""0"": 4486, ""1"": 5063, ""2"": 4753, ""3"": 4642, ""4"": 5603, ""5"": 3852}",connected
28499,120,20000,0.5487658333333334,0.008327995244180784,-3.5897098135668783,0.0,0.0,0,"{""0"": 4521, ""1"": 5084, ""2"": 4763, ""3"": 4653, ""4"": 5616, ""5"": 3862}",connected
28599,122,20000,0.5471825,0.00664619067683816,-3.569099813918583,0.0,0.0,0,"{""0"": 4545, ""1"": 5108, ""2"": 4774, ""3"": 4669, ""4"": 5634, ""5"": 3869}",connected
28699,122,20000,0.5455991666666666,0.006284983135992661,-3.569099813918583,0.0,0.0,0,"{""0"": 4562, ""1"": 5125, ""2"": 4793, ""3"": 4682, ""4"": 5656, ""5"": 3881}",connected
28799,122,20000,0.5440158333333334,0.006545467224204913,-3.569099813918583,0.0,0.0,0,"{""0"": 4580, ""1"": 5147, ""2"": 4812, ""3"": 4691, ""4"": 5675, ""5"": 3894}",connected
28899,122,20000,0.5424325,0.006598236970603466,-3.569099813918583,0.0,0.0,0,"{""0"": 4603, ""1"": 5159, ""2"": 4816, ""3"": 4707, ""4"": 5714, ""5"": 3900}",connected
28999,122,20000,0.5408491666666666,0.006667025422211736,-3.569099813918583,0.0,0.0,0,"{""0"": 4619, ""1"": 5181, ""2"": 4829, ""3"": 4720, ""4"": 5740, ""5"": 3910}",connected
29099,124,20000,0.5392658333333333,0.007988544995896518,-3.551259814538062,0.0,0.0,0,"{""0"": 4638, ""1"": 5202, ""2"": 4834, ""3"": 4735, ""4"": 5771, ""5"": 3919}",connected
29199,124,20000,0.5376825000000001,0.008613753160461783,-3.551259814538062,0.0,0.0,0,"{""0"": 4656, ""1"": 5227, ""2"": 4849, ""3"": 4753, ""4"": 5787, ""5"": 3927}",connected
29299,124,20000,0.5360991666666667,0.008280792923178524,-3.551259814538062,0.0,0.0,0,"{""0"": 4669, ""1"": 5247, ""2"": 4868, ""3"": 4771, ""4"": 5808, ""5"": 3936}",connected
29399,124,20000,0.5345158333333333,0.008608980518765748,-3.551259814538062,0.0,0.0,0,"{""0"": 4689, ""1"": 5262, ""2"": 4894, ""3"": 4778, ""4"": 5836, ""5"": 3940}",connected
29499,126,20000,0.5329325,0.007373233631951735,-3.522749813934788,0.0,0.0,0,"{""0"": 4698, ""1"": 5278, ""2"": 4911, ""3"": 4796, ""4"": 5869, ""5"": 3947}",connected
29599,126,20000,0.5313491666666667,0.006953415165189654,-3.522749813934788,0.0,0.0,0,"{""0"": 4730, ""1"": 5290, ""2"": 4921, ""3"": 4804, ""4"": 5898, ""5"": 3956}",connected
29699,126,20000,0.5297658333333334,0.007095173000125215,-3.522749813934788,0.0,0.0,0,"{""0"": 4750, ""1"": 5310, ""2"": 4937, ""3"": 4825, ""4"": 5915, ""5"": 3962}",connected
29799,126,20000,0.5281825,0.00717810373636894,-3.522749813934788,0.0,0.0,0,"{""0"": 4765, ""1"": 5333, ""2"": 4947, ""3"": 4834, ""4"": 5955, ""5"": 3965}",connected
29899,126,20000,0.5265991666666667,0.007135164444334805,-3.522749813934788,0.0,0.0,0,"{""0"": 4782, ""1"": 5349, ""2"": 4966, ""3"": 4848, ""4"": 5984, ""5"": 3970}",connected
29999,128,20000,0.5250158333333333,0.007149779694154859,-3.4909198132622987,0.0,0.0,0,"{""0"": 4801, ""1"": 5366, ""2"": 4985, ""3"": 4865, ""4"": 6006, ""5"": 3976}",connected
30099,128,20000,0.5234325,0.007640598663128912,-3.4909198132622987,0.0,0.0,0,"{""0"": 4818, ""1"": 5377, ""2"": 5002, ""3"": 4880, ""4"": 6035, ""5"": 3987}",connected
30199,128,20000,0.5218491666666667,0.007830040676053614,-3.4909198132622987,0.0,0.0,0,"{""0"": 4831, ""1"": 5415, ""2"": 5011, ""3"": 4894, ""4"": 6050, ""5"": 3998}",connected
30299,128,20000,0.5202658333333334,0.008511030122172088,-3.4909198132622987,0.0,0.0,0,"{""0"": 4848, ""1"": 5427, ""2"": 5021, ""3"": 4915, ""4"": 6070, ""5"": 4018}",connected
30399,128,20000,0.5186824999999999,0.008656037410255522,-3.4909198132622987,0.0,0.0,0,"{""0"": 4867, ""1"": 5454, ""2"": 5031, ""3"": 4926, ""4"": 6091, ""5"": 4030}",connected
30499,130,20000,0.5170991666666667,0.009531844434095547,-3.4782698142016306,0.0,0.0,0,"{""0"": 4899, ""1"": 5470, ""2"": 5037, ""3"": 4937, ""4"": 6119, ""5"": 4037}",connected
30599,130,20000,0.5155158333333334,0.009926129676168785,-3.4782698142016306,0.0,0.0,0,"{""0"": 4930, ""1"": 5483, ""2"": 5052, ""3"": 4943, ""4"": 6141, ""5"": 4050}",connected
30699,130,20000,0.5139324999999999,0.009840222195489332,-3.4782698142016306,0.0,0.0,0,"{""0"": 4941, ""1"": 5496, ""2"": 5072, ""3"": 4964, ""4"": 6159, ""5"": 4067}",connected
30799,132,20000,0.5123491666666666,0.00966466630459763,-3.3458398134028537,0.0,0.0,0,"{""0"": 4955, ""1"": 5505, ""2"": 5091, ""3"": 4974, ""4"": 6195, ""5"": 4079}",connected
30899,132,20000,0.5107658333333334,0.008458208717638627,-3.3458398134028537,0.0,0.0,0,"{""0"": 4965, ""1"": 5519, ""2"": 5105, ""3"": 4980, ""4"": 6242, ""5"": 4088}",connected
30999,132,20000,0.5091825,0.007886449025245384,-3.3458398134028537,0.0,0.0,0,"{""0"": 4979, ""1"": 5543, ""2"": 5121, ""3"": 4991, ""4"": 6272, ""5"": 4093}",connected
31099,132,20000,0.5075991666666667,0.008008455241797491,-3.3458398134028537,0.0,0.0,0,"{""0"": 4993, ""1"": 5567, ""2"": 5126, ""3"": 5009, ""4"": 6302, ""5"": 4102}",connected
31199,132,20000,0.5060158333333333,0.008364855201216414,-3.3458398134028537,0.0,0.0,0,"{""0"": 5002, ""1"": 5599, ""2"": 5137, ""3"": 5032, ""4"": 6319, ""5"": 4110}",connected
31299,134,20000,0.5044325000000001,0.008597947037778796,-3.3289798159478234,0.0,0.0,0,"{""0"": 5023, ""1"": 5612, ""2"": 5153, ""3"": 5043, ""4"": 6343, ""5"": 4125}",connected
31399,134,20000,0.5028491666666667,0.00841716887196526,-3.3289798159478234,0.0,0.0,0,"{""0"": 5043, ""1"": 5629, ""2"": 5167, ""3"": 5056, ""4"": 6372, ""5"": 4132}",connected
31499,134,20000,0.5012658333333333,0.008155811354517936,-3.3289798159478234,0.0,0.0,0,"{""0"": 5056, ""1"": 5647, ""2"": 5186, ""3"": 5070, ""4"": 6398, ""5"": 4142}",connected
31599,134,20000,0.49968250000000003,0.008076307612936944,-3.3289798159478234,0.0,0.0,0,"{""0"": 5067, ""1"": 5655, ""2"": 5200, ""3"": 5098, ""4"": 6432, ""5"": 4147}",connected
31699,136,20000,0.49809916666666665,0.008323186000343413,-3.3138898156955836,0.0,0.0,0,"{""0"": 5093, ""1"": 5665, ""2"": 5215, ""3"": 5109, ""4"": 6464, ""5"": 4153}",connected
31799,136,20000,0.4965158333333334,0.00873869659844786,-3.3138898156955836,0.0,0.0,0,"{""0"": 5116, ""1"": 5672, ""2"": 5228, ""3"": 5127, ""4"": 6494, ""5"": 4162}",connected
31899,136,20000,0.4949325000000001,0.00900367169175297,-3.3138898156955836,0.0,0.0,0,"{""0"": 5132, ""1"": 5688, ""2"": 5251, ""3"": 5138, ""4"": 6518, ""5"": 4172}",connected
31999,136,20000,0.4933491666666667,0.008735887059010565,-3.3138898156955836,0.0,0.0,0,"{""0"": 5153, ""1"": 5702, ""2"": 5266, ""3"": 5156, ""4"": 6543, ""5"": 4179}",connected
32099,136,20000,0.49176583333333335,0.009852564977481961,-3.3138898156955836,0.0,0.0,0,"{""0"": 5164, ""1"": 5725, ""2"": 5282, ""3"": 5169, ""4"": 6566, ""5"": 4193}",connected
32199,138,20000,0.4901825000000001,0.010428301226347685,-3.2792198140406983,0.0,0.0,0,"{""0"": 5182, ""1"": 5731, ""2"": 5291, ""3"": 5191, ""4"": 6593, ""5"": 4211}",connected
32299,138,20000,0.4885991666666667,0.009844933489803224,-3.2792198140406983,0.0,0.0,0,"{""0"": 5194, ""1"": 5749, ""2"": 5308, ""3"": 5212, ""4"": 6616, ""5"": 4220}",connected
32399,138,20000,0.4870158333333333,0.010770761333405971,-3.2792198140406983,0.0,0.0,0,"{""0"": 5210, ""1"": 5768, ""2"": 5322, ""3"": 5225, ""4"": 6639, ""5"": 4235}",connected
32499,138,20000,0.48543250000000004,0.010207022537942976,-3.2792198140406983,0.0,0.0,0,"{""0"": 5218, ""1"": 5778, ""2"": 5342, ""3"": 5241, ""4"": 6673, ""5"": 4247}",connected
32599,140,20000,0.48384916666666666,0.010279491753317415,-3.1715898122359065,0.0,0.0,0,"{""0"": 5233, ""1"": 5784, ""2"": 5362, ""3"": 5259, ""4"": 6696, ""5"": 4265}",connected
32699,140,20000,0.4822658333333333,0.010682918936945498,-3.1715898122359065,0.0,0.0,0,"{""0"": 5254, ""1"": 5806, ""2"": 5376, ""3"": 5271, ""4"": 6721, ""5"": 4271}",connected
32799,140,20000,0.4806825,0.010012398799881339,-3.1715898122359065,0.0,0.0,0,"{""0"": 5264, ""1"": 5823, ""2"": 5391, ""3"": 5292, ""4"": 6747, ""5"": 4282}",connected
32899,140,20000,0.47909916666666663,0.00925596168031916,-3.1715898122359065,0.0,0.0,0,"{""0"": 5274, ""1"": 5847, ""2"": 5407, ""3"": 5305, ""4"": 6770, ""5"": 4296}",connected
32999,142,20000,0.47751583333333336,0.009202788108959794,-3.0665798134822397,0.0,0.0,0,"{""0"": 5287, ""1"": 5857, ""2"": 5425, ""3"": 5328, ""4"": 6795, ""5"": 4307}",connected
33099,142,20000,0.4759325000000001,0.010813299864530564,-3.0665798134822397,0.0,0.0,0,"{""0"": 5307, ""1"": 5867, ""2"": 5435, ""3"": 5334, ""4"": 6844, ""5"": 4312}",connected
33199,142,20000,0.4743491666666667,0.01068197686690837,-3.0665798134822397,0.0,0.0,0,"{""0"": 5322, ""1"": 5883, ""2"": 5456, ""3"": 5343, ""4"": 6872, ""5"": 4323}",connected
33299,142,20000,0.47276583333333333,0.011685508887749165,-3.0665798134822397,0.0,0.0,0,"{""0"": 5330, ""1"": 5893, ""2"": 5470, ""3"": 5374, ""4"": 6896, ""5"": 4336}",connected
33399,142,20000,0.47118250000000006,0.011081701307557524,-3.0665798134822397,0.0,0.0,0,"{""0"": 5339, ""1"": 5908, ""2"": 5488, ""3"": 5395, ""4"": 6921, ""5"": 4348}",connected
33499,144,20000,0.4695991666666667,0.009718873267993332,-3.02411981374491,0.0,0.0,0,"{""0"": 5353, ""1"": 5917, ""2"": 5506, ""3"": 5409, ""4"": 6953, ""5"": 4361}",connected
33599,144,20000,0.4680158333333333,0.009587085372768343,-3.02411981374491,0.0,0.0,0,"{""0"": 5371, ""1"": 5932, ""2"": 5526, ""3"": 5417, ""4"": 6981, ""5"": 4372}",connected
33699,144,20000,0.4664325,0.008699102189857512,-3.02411981374491,0.0,0.0,0,"{""0"": 5389, ""1"": 5959, ""2"": 5538, ""3"": 5437, ""4"": 6994, ""5"": 4382}",connected
33799,144,20000,0.46484916666666665,0.008193935498129577,-3.02411981374491,0.0,0.0,0,"{""0"": 5405, ""1"": 5971, ""2"": 5561, ""3"": 5460, ""4"": 7012, ""5"": 4390}",connected
33899,146,20000,0.4632658333333334,0.007697804307099432,-2.9451398155698554,0.0,0.0,0,"{""0"": 5417, ""1"": 5980, ""2"": 5596, ""3"": 5470, ""4"": 7038, ""5"": 4398}",connected
33999,146,20000,0.4616825,0.008454641080461442,-2.9451398155698554,0.0,0.0,0,"{""0"": 5427, ""1"": 5997, ""2"": 5618, ""3"": 5484, ""4"": 7058, ""5"": 4415}",connected
34099,146,20000,0.4600991666666666,0.010307627017609775,-2.9451398155698554,0.0,0.0,0,"{""0"": 5437, ""1"": 6016, ""2"": 5636, ""3"": 5498, ""4"": 7073, ""5"": 4439}",connected
34199,146,20000,0.45851583333333346,0.01126049371669069,-2.9451398155698554,0.0,0.0,0,"{""0"": 5455, ""1"": 6034, ""2"": 5666, ""3"": 5511, ""4"": 7080, ""5"": 4453}",connected
34299,146,20000,0.4569325000000001,0.012851323697250337,-2.9451398155698554,0.0,0.0,0,"{""0"": 5467, ""1"": 6047, ""2"": 5690, ""3"": 5527, ""4"": 7107, ""5"": 4461}",connected
34399,148,20000,0.4553491666666667,0.012967243222519756,-2.9199498158460484,0.0,0.0,0,"{""0"": 5478, ""1"": 6060, ""2"": 5702, ""3"": 5544, ""4"": 7136, ""5"": 4479}",connected
34499,148,20000,0.4537658333333334,0.011440825536847115,-2.9199498158460484,0.0,0.0,0,"{""0"": 5493, ""1"": 6072, ""2"": 5718, ""3"": 5562, ""4"": 7151, ""5"": 4503}",connected
34599,150,20000,0.45218250000000004,0.01149693485116586,-2.8186598196811974,0.0,0.0,0,"{""0"": 5507, ""1"": 6080, ""2"": 5737, ""3"": 5578, ""4"": 7184, ""5"": 4513}",connected
34699,150,20000,0.45059916666666666,0.011148058043327183,-2.8186598196811974,0.0,0.0,0,"{""0"": 5515, ""1"": 6092, ""2"": 5760, ""3"": 5595, ""4"": 7204, ""5"": 4533}",connected
34799,150,20000,0.4490158333333334,0.010287616718560457,-2.8186598196811974,0.0,0.0,0,"{""0"": 5528, ""1"": 6117, ""2"": 5777, ""3"": 5613, ""4"": 7224, ""5"": 4540}",connected
34899,150,20000,0.4474325,0.010813002882059664,-2.8186598196811974,0.0,0.0,0,"{""0"": 5535, ""1"": 6148, ""2"": 5794, ""3"": 5625, ""4"": 7252, ""5"": 4545}",connected
34999,152,20000,0.44584916666666663,0.010703455153852702,-2.7099098197603597,0.0,0.0,0,"{""0"": 5552, ""1"": 6159, ""2"": 5806, ""3"": 5641, ""4"": 7287, ""5"": 4554}",connected
35099,152,20000,0.44426583333333336,0.012497871466912329,-2.7099098197603597,0.0,0.0,0,"{""0"": 5569, ""1"": 6184, ""2"": 5828, ""3"": 5647, ""4"": 7308, ""5"": 4563}",connected
35199,152,20000,0.4426825,0.014045299140270799,-2.7099098197603597,0.0,0.0,0,"{""0"": 5588, ""1"": 6205, ""2"": 5838, ""3"": 5668, ""4"": 7322, ""5"": 4578}",connected
35299,152,20000,0.4410991666666666,0.01451678958721459,-2.7099098197603597,0.0,0.0,0,"{""0"": 5603, ""1"": 6217, ""2"": 5848, ""3"": 5686, ""4"": 7338, ""5"": 4607}",connected
35399,152,20000,0.43951583333333344,0.014786211636383086,-2.7099098197603597,0.0,0.0,0,"{""0"": 5619, ""1"": 6232, ""2"": 5864, ""3"": 5703, ""4"": 7367, ""5"": 4614}",connected
35499,154,20000,0.43793250000000006,0.012848002354148775,-2.6699498202418908,0.0,0.0,0,"{""0"": 5626, ""1"": 6258, ""2"": 5881, ""3"": 5712, ""4"": 7396, ""5"": 4626}",connected
35599,154,20000,0.4363491666666667,0.012415434429422022,-2.6699498202418908,0.0,0.0,0,"{""0"": 5638, ""1"": 6280, ""2"": 5913, ""3"": 5722, ""4"": 7406, ""5"": 4640}",connected
35699,154,20000,0.4347658333333334,0.013201134181581437,-2.6699498202418908,0.0,0.0,0,"{""0"": 5660, ""1"": 6293, ""2"": 5924, ""3"": 5743, ""4"": 7431, ""5"": 4648}",connected
35799,154,20000,0.4331825,0.013523079918231816,-2.6699498202418908,0.0,0.0,0,"{""0"": 5693, ""1"": 6311, ""2"": 5942, ""3"": 5752, ""4"": 7444, ""5"": 4657}",connected
35899,156,20000,0.43159916666666664,0.013825164311565458,-2.678659819602035,0.0,0.0,0,"{""0"": 5706, ""1"": 6320, ""2"": 5966, ""3"": 5775, ""4"": 7461, ""5"": 4671}",connected
35999,156,20000,0.4300158333333334,0.01461236952105537,-2.678659819602035,0.0,0.0,0,"{""0"": 5726, ""1"": 6330, ""2"": 5980, ""3"": 5798, ""4"": 7489, ""5"": 4676}",connected
36099,156,20000,0.4284325,0.014238576393108816,-2.678659819602035,0.0,0.0,0,"{""0"": 5748, ""1"": 6338, ""2"": 5993, ""3"": 5821, ""4"": 7514, ""5"": 4685}",connected
36199,158,20000,0.4268491666666667,0.014501183037646114,-2.565149818765931,0.0,0.0,0,"{""0"": 5754, ""1"": 6346, ""2"": 6019, ""3"": 5849, ""4"": 7540, ""5"": 4691}",connected
36299,158,20000,0.42526583333333334,0.0142587014217861,-2.565149818765931,0.0,0.0,0,"{""0"": 5766, ""1"": 6360, ""2"": 6059, ""3"": 5856, ""4"": 7562, ""5"": 4696}",connected
36399,158,20000,0.42368249999999996,0.013877594959922135,-2.565149818765931,0.0,0.0,0,"{""0"": 5775, ""1"": 6370, ""2"": 6080, ""3"": 5874, ""4"": 7587, ""5"": 4713}",connected
36499,160,20000,0.4220991666666667,0.013661836069077253,-2.4379298176290467,0.0,0.0,0,"{""0"": 5792, ""1"": 6382, ""2"": 6097, ""3"": 5893, ""4"": 7611, ""5"": 4724}",connected
36599,160,20000,0.4205158333333334,0.01506271742284298,-2.4379298176290467,0.0,0.0,0,"{""0"": 5800, ""1"": 6398, ""2"": 6115, ""3"": 5904, ""4"": 7640, ""5"": 4742}",connected
36699,160,20000,0.41893250000000004,0.01570801259484142,-2.4379298176290467,0.0,0.0,0,"{""0"": 5810, ""1"": 6414, ""2"": 6140, ""3"": 5927, ""4"": 7658, ""5"": 4750}",connected
36799,160,20000,0.41734916666666677,0.016067540789954364,-2.4379298176290467,0.0,0.0,0,"{""0"": 5817, ""1"": 6428, ""2"": 6155, ""3"": 5946, ""4"": 7679, ""5"": 4774}",connected
36899,160,20000,0.4157658333333334,0.016488136877305805,-2.4379298176290467,0.0,0.0,0,"{""0"": 5832, ""1"": 6448, ""2"": 6168, ""3"": 5969, ""4"": 7692, ""5"": 4790}",connected
36999,162,20000,0.4141825,0.0149917360721156,-2.3474198170611635,0.0,0.0,0,"{""0"": 5843, ""1"": 6459, ""2"": 6185, ""3"": 5978, ""4"": 7733, ""5"": 4801}",connected
37099,162,20000,0.41259916666666674,0.015478573143482208,-2.3474198170611635,0.0,0.0,0,"{""0"": 5854, ""1"": 6477, ""2"": 6202, ""3"": 5996, ""4"": 7756, ""5"": 4814}",connected
37199,162,20000,0.41101583333333336,0.015149821322411298,-2.3474198170611635,0.0,0.0,0,"{""0"": 5859, ""1"": 6493, ""2"": 6219, ""3"": 6017, ""4"": 7779, ""5"": 4832}",connected
37299,164,20000,0.4094325,0.014649034976027906,-2.2659298190381376,0.0,0.0,0,"{""0"": 5871, ""1"": 6507, ""2"": 6247, ""3"": 6026, ""4"": 7806, ""5"": 4842}",connected
37399,164,20000,0.4078491666666667,0.015066326726228,-2.2659298190381376,0.0,0.0,0,"{""0"": 5893, ""1"": 6522, ""2"": 6268, ""3"": 6041, ""4"": 7828, ""5"": 4847}",connected
37499,164,20000,0.4062658333333333,0.014799496550112963,-2.2659298190381376,0.0,0.0,0,"{""0"": 5899, ""1"": 6547, ""2"": 6287, ""3"": 6057, ""4"": 7851, ""5"": 4858}",connected
37599,166,20000,0.40468249999999995,0.016045147264376284,-2.134429818871431,0.0,0.0,0,"{""0"": 5911, ""1"": 6569, ""2"": 6309, ""3"": 6067, ""4"": 7880, ""5"": 4863}",connected
37699,166,20000,0.4030991666666667,0.017940931729972364,-2.134429818871431,0.0,0.0,0,"{""0"": 5922, ""1"": 6583, ""2"": 6333, ""3"": 6086, ""4"": 7900, ""5"": 4875}",connected
37799,166,20000,0.4015158333333334,0.018779684309847652,-2.134429818871431,0.0,0.0,0,"{""0"": 5937, ""1"": 6599, ""2"": 6349, ""3"": 6106, ""4"": 7915, ""5"": 4893}",connected
37899,166,20000,0.3999325,0.01839060678612441,-2.134429818871431,0.0,0.0,0,"{""0"": 5948, ""1"": 6606, ""2"": 6371, ""3"": 6124, ""4"": 7940, ""5"": 4910}",connected
37999,168,20000,0.39834916666666675,0.01764391495846212,-2.0222398209152743,0.0,0.0,0,"{""0"": 5962, ""1"": 6624, ""2"": 6389, ""3"": 6136, ""4"": 7962, ""5"": 4926}",connected
38099,170,20000,0.3967658333333334,0.016483948603272437,-2.0044498186791317,0.0,0.0,0,"{""0"": 5976, ""1"": 6638, ""2"": 6408, ""3"": 6151, ""4"": 7996, ""5"": 4930}",connected
38199,170,20000,0.3951825,0.01599195396527648,-2.0044498186791317,0.0,0.0,0,"{""0"": 5981, ""1"": 6651, ""2"": 6435, ""3"": 6161, ""4"": 8034, ""5"": 4937}",connected
38299,170,20000,0.3935991666666667,0.016783047276549043,-2.0044498186791317,0.0,0.0,0,"{""0"": 5992, ""1"": 6675, ""2"": 6460, ""3"": 6169, ""4"": 8052, ""5"": 4951}",connected
38399,170,20000,0.39201583333333334,0.01721022542566061,-2.0044498186791317,0.0,0.0,0,"{""0"": 6003, ""1"": 6695, ""2"": 6481, ""3"": 6183, ""4"": 8077, ""5"": 4960}",connected
38499,172,20000,0.39043249999999996,0.01699390247929841,-1.8725398192787543,0.0,0.0,0,"{""0"": 6016, ""1"": 6710, ""2"": 6501, ""3"": 6197, ""4"": 8103, ""5"": 4972}",connected
38599,172,20000,0.3888491666666667,0.016510702916420997,-1.8725398192787543,0.0,0.0,0,"{""0"": 6032, ""1"": 6730, ""2"": 6518, ""3"": 6219, ""4"": 8119, ""5"": 4981}",connected
38699,174,20000,0.3872658333333333,0.01739225769881159,-1.6838098207581789,0.0,0.0,0,"{""0"": 6046, ""1"": 6742, ""2"": 6540, ""3"": 6228, ""4"": 8155, ""5"": 4988}",connected
38799,174,20000,0.38568250000000004,0.018667673412710428,-1.6838098207581789,0.0,0.0,0,"{""0"": 6050, ""1"": 6771, ""2"": 6558, ""3"": 6250, ""4"": 8175, ""5"": 4995}",connected
38899,174,20000,0.38409916666666666,0.019293340481817724,-1.6838098207581789,0.0,0.0,0,"{""0"": 6065, ""1"": 6779, ""2"": 6586, ""3"": 6267, ""4"": 8196, ""5"": 5006}",connected
38999,174,20000,0.3825158333333334,0.02120067457668483,-1.6838098207581789,0.0,0.0,0,"{""0"": 6072, ""1"": 6785, ""2"": 6622, ""3"": 6271, ""4"": 8219, ""5"": 5030}",connected
39099,176,20000,0.3809325000000001,0.02098645130172372,-1.645589818903245,0.0,0.0,0,"{""0"": 6083, ""1"": 6791, ""2"": 6652, ""3"": 6278, ""4"": 8236, ""5"": 5059}",connected
39199,177,20000,0.37934916666666674,0.019948757723905145,-1.5300698204198853,0.0,0.0,0,"{""0"": 6097, ""1"": 6811, ""2"": 6676, ""3"": 6294, ""4"": 8259, ""5"": 5062}",connected
39299,178,20000,0.37776583333333336,0.01946465623099357,-1.4886198225757108,0.0,0.0,0,"{""0"": 6108, ""1"": 6832, ""2"": 6692, ""3"": 6299, ""4"": 8292, ""5"": 5076}",connected
39399,178,20000,0.3761825000000001,0.018061123094521462,-1.4886198225757108,0.0,0.0,0,"{""0"": 6119, ""1"": 6841, ""2"": 6720, ""3"": 6316, ""4"": 8313, ""5"": 5090}",connected
39499,178,20000,0.3745991666666667,0.0187014053016901,-1.4886198225757108,0.0,0.0,0,"{""0"": 6130, ""1"": 6849, ""2"": 6735, ""3"": 6319, ""4"": 8326, ""5"": 5140}",connected
39599,180,20000,0.3730158333333333,0.019259380982257424,-1.432839824189432,0.0,0.0,0,"{""0"": 6141, ""1"": 6865, ""2"": 6756, ""3"": 6330, ""4"": 8345, ""5"": 5162}",connected
39699,180,20000,0.37143250000000005,0.01868433031719178,-1.432839824189432,0.0,0.0,0,"{""0"": 6155, ""1"": 6881, ""2"": 6789, ""3"": 6340, ""4"": 8354, ""5"": 5180}",connected
39799,182,20000,0.3698491666666667,0.019777793856337666,-1.292379827122204,0.0,0.0,0,"{""0"": 6166, ""1"": 6889, ""2"": 6814, ""3"": 6350, ""4"": 8385, ""5"": 5195}",connected
39899,182,20000,0.3682658333333333,0.01828315974213183,-1.292379827122204,0.0,0.0,0,"{""0"": 6171, ""1"": 6907, ""2"": 6824, ""3"": 6371, ""4"": 8398, ""5"": 5228}",connected
39999,184,20000,0.3666825,0.018108619321137668,-1.1309598318254575,0.0,0.0,0,"{""0"": 6180, ""1"": 6922, ""2"": 6847, ""3"": 6383, ""4"": 8431, ""5"": 5236}",connected
40099,184,20000,0.36509916666666664,0.019557797508314254,-1.1309598318254575,0.0,0.0,0,"{""0"": 6182, ""1"": 6945, ""2"": 6871, ""3"": 6390, ""4"": 8443, ""5"": 5268}",connected
40199,184,20000,0.36351583333333337,0.01990070013795048,-1.1309598318254575,0.0,0.0,0,"{""0"": 6194, ""1"": 6961, ""2"": 6904, ""3"": 6404, ""4"": 8460, ""5"": 5276}",connected
40299,186,20000,0.3619325000000001,0.021466995319351555,-1.0017498354939744,0.0,0.0,0,"{""0"": 6203, ""1"": 6965, ""2"": 6929, ""3"": 6418, ""4"": 8505, ""5"": 5279}",connected
40399,186,20000,0.3603491666666667,0.020716023771092294,-1.0017498354939744,0.0,0.0,0,"{""0"": 6207, ""1"": 6978, ""2"": 6954, ""3"": 6437, ""4"": 8542, ""5"": 5281}",connected
40499,186,20000,0.35876583333333334,0.02152527367696166,-1.0017498354939744,0.0,0.0,0,"{""0"": 6218, ""1"": 6999, ""2"": 6976, ""3"": 6457, ""4"": 8563, ""5"": 5286}",connected
40599,188,20000,0.35718250000000007,0.022073696367442608,-0.9117298350855708,0.0,0.0,0,"{""0"": 6228, ""1"": 7008, ""2"": 7001, ""3"": 6472, ""4"": 8599, ""5"": 5291}",connected
40699,188,20000,0.3555991666666667,0.02195619547739625,-0.9117298350855708,0.0,0.0,0,"{""0"": 6235, ""1"": 7025, ""2"": 7018, ""3"": 6494, ""4"": 8629, ""5"": 5298}",connected
40799,190,20000,0.3540158333333333,0.023900951822288335,-0.8781698347209022,0.0,0.0,0,"{""0"": 6250, ""1"": 7034, ""2"": 7035, ""3"": 6514, ""4"": 8660, ""5"": 5306}",connected
40899,190,20000,0.35243250000000004,0.023081967486068607,-0.8781698347209022,0.0,0.0,0,"{""0"": 6255, ""1"": 7051, ""2"": 7076, ""3"": 6528, ""4"": 8675, ""5"": 5314}",connected
40999,192,20000,0.35084916666666666,0.022590054483152926,-0.7526398365106434,0.0,0.0,0,"{""0"": 6270, ""1"": 7066, ""2"": 7093, ""3"": 6550, ""4"": 8695, ""5"": 5325}",connected
41099,192,20000,0.3492658333333333,0.02171715277247131,-0.7526398365106434,0.0,0.0,0,"{""0"": 6280, ""1"": 7080, ""2"": 7123, ""3"": 6560, ""4"": 8730, ""5"": 5326}",connected
41199,194,20000,0.3476825,0.02176785433664918,-0.6415798396337777,0.0,0.0,0,"{""0"": 6292, ""1"": 7092, ""2"": 7140, ""3"": 6571, ""4"": 8768, ""5"": 5336}",connected
41299,194,20000,0.3460991666666666,0.02297794462181628,-0.6415798396337777,0.0,0.0,0,"{""0"": 6306, ""1"": 7114, ""2"": 7147, ""3"": 6599, ""4"": 8796, ""5"": 5337}",connected
41399,196,20000,0.34451583333333347,0.023319803806953133,-0.522619839636609,0.0,0.0,0,"{""0"": 6315, ""1"": 7123, ""2"": 7173, ""3"": 6622, ""4"": 8824, ""5"": 5342}",connected
41499,196,20000,0.3429325000000001,0.024492837293073534,-0.522619839636609,0.0,0.0,0,"{""0"": 6320, ""1"": 7151, ""2"": 7199, ""3"": 6632, ""4"": 8847, ""5"": 5350}",connected
41599,196,20000,0.3413491666666667,0.024613944236189126,-0.522619839636609,0.0,0.0,0,"{""0"": 6328, ""1"": 7180, ""2"": 7222, ""3"": 6646, ""4"": 8859, ""5"": 5364}",connected
41699,196,20000,0.33976583333333343,0.02352920555975288,-0.522619839636609,0.0,0.0,0,"{""0"": 6343, ""1"": 7208, ""2"": 7243, ""3"": 6657, ""4"": 8874, ""5"": 5374}",connected
41799,196,20000,0.33818250000000005,0.021808291049674154,-0.522619839636609,0.0,0.0,0,"{""0"": 6362, ""1"": 7228, ""2"": 7266, ""3"": 6671, ""4"": 8896, ""5"": 5376}",connected
41899,198,20000,0.33659916666666667,0.0207525432202965,-0.6317998404800892,0.0,0.0,0,"{""0"": 6384, ""1"": 7248, ""2"": 7285, ""3"": 6681, ""4"": 8918, ""5"": 5383}",connected
41999,198,20000,0.3350158333333334,0.019148513432592152,-0.6317998404800892,0.0,0.0,0,"{""0"": 6400, ""1"": 7272, ""2"": 7296, ""3"": 6689, ""4"": 8953, ""5"": 5389}",connected
42099,200,20000,0.3334325,0.020666487026028336,-0.4993898434937,0.0,0.0,0,"{""0"": 6410, ""1"": 7285, ""2"": 7324, ""3"": 6701, ""4"": 8987, ""5"": 5392}",connected
42199,200,20000,0.33184916666666664,0.0228818470146507,-0.4993898434937,0.0,0.0,0,"{""0"": 6420, ""1"": 7292, ""2"": 7335, ""3"": 6730, ""4"": 9010, ""5"": 5412}",connected
42299,202,20000,0.33026583333333337,0.022645180467516183,-0.3496998473536223,0.0,0.0,0,"{""0"": 6424, ""1"": 7298, ""2"": 7354, ""3"": 6760, ""4"": 9046, ""5"": 5417}",connected
42399,202,20000,0.3286825,0.022640312211588024,-0.3496998473536223,0.0,0.0,0,"{""0"": 6431, ""1"": 7318, ""2"": 7375, ""3"": 6770, ""4"": 9078, ""5"": 5427}",connected
42499,202,20000,0.3270991666666666,0.02157339290715754,-0.3496998473536223,0.0,0.0,0,"{""0"": 6455, ""1"": 7341, ""2"": 7386, ""3"": 6787, ""4"": 9094, ""5"": 5436}",connected
42599,204,20000,0.32551583333333345,0.02076249934732914,-0.2647298514191061,0.0,0.0,0,"{""0"": 6466, ""1"": 7355, ""2"": 7402, ""3"": 6806, ""4"": 9122, ""5"": 5448}",connected
42699,204,20000,0.32393250000000007,0.022475390806794168,-0.2647298514191061,0.0,0.0,0,"{""0"": 6472, ""1"": 7367, ""2"": 7421, ""3"": 6820, ""4"": 9161, ""5"": 5458}",connected
42799,206,20000,0.3223491666666667,0.023019001316279174,-0.14339985432568939,0.0,0.0,0,"{""0"": 6487, ""1"": 7376, ""2"": 7454, ""3"": 6834, ""4"": 9185, ""5"": 5463}",connected
42899,206,20000,0.3207658333333334,0.02232066748663783,-0.14339985432568939,0.0,0.0,0,"{""0"": 6493, ""1"": 7392, ""2"": 7478, ""3"": 6840, ""4"": 9221, ""5"": 5475}",connected
42999,208,20000,0.31918250000000004,0.021317109758965672,-0.036269855429418386,0.0,0.0,0,"{""0"": 6504, ""1"": 7399, ""2"": 7501, ""3"": 6855, ""4"": 9252, ""5"": 5488}",connected
43099,208,20000,0.31759916666666665,0.02129908705595881,-0.036269855429418386,0.0,0.0,0,"{""0"": 6510, ""1"": 7421, ""2"": 7524, ""3"": 6867, ""4"": 9280, ""5"": 5497}",connected
43199,212,20000,0.3160158333333334,0.02266881927382201,0.1516401426214725,0.0,0.0,0,"{""0"": 6527, ""1"": 7437, ""2"": 7545, ""3"": 6879, ""4"": 9307, ""5"": 5504}",connected
43299,212,20000,0.3144325,0.023643442359752954,0.1516401426214725,0.0,0.0,0,"{""0"": 6532, ""1"": 7457, ""2"": 7569, ""3"": 6889, ""4"": 9345, ""5"": 5507}",connected
43399,214,20000,0.3128491666666666,0.024761537588201463,0.26796013914979994,0.0,0.0,0,"{""0"": 6537, ""1"": 7474, ""2"": 7580, ""3"": 6918, ""4"": 9371, ""5"": 5519}",connected
43499,216,20000,0.31126583333333335,0.023959680697880684,0.3783501352975145,0.0,0.0,0,"{""0"": 6548, ""1"": 7486, ""2"": 7606, ""3"": 6928, ""4"": 9402, ""5"": 5529}",connected
43599,216,20000,0.30968249999999997,0.023132671634666622,0.3783501352975145,0.0,0.0,0,"{""0"": 6550, ""1"": 7499, ""2"": 7627, ""3"": 6939, ""4"": 9435, ""5"": 5549}",connected
43699,217,20000,0.3080991666666667,0.022969335513189436,0.3826601339271292,0.0,0.0,0,"{""0"": 6560, ""1"": 7512, ""2"": 7645, ""3"": 6963, ""4"": 9462, ""5"": 5557}",connected
43799,218,20000,0.30651583333333343,0.022832572967745365,0.436170131964609,0.0,0.0,0,"{""0"": 6566, ""1"": 7519, ""2"": 7679, ""3"": 6977, ""4"": 9490, ""5"": 5568}",connected
43899,218,20000,0.30493250000000005,0.02417088219895959,0.436170131964609,0.0,0.0,0,"{""0"": 6573, ""1"": 7536, ""2"": 7688, ""3"": 6993, ""4"": 9518, ""5"": 5591}",connected
43999,218,20000,0.3033491666666668,0.024628628371283413,0.436170131964609,0.0,0.0,0,"{""0"": 6577, ""1"": 7554, ""2"": 7698, ""3"": 7002, ""4"": 9553, ""5"": 5615}",connected
44099,220,20000,0.3017658333333334,0.02645809607114643,0.42512013473547994,0.0,0.0,0,"{""0"": 6581, ""1"": 7574, ""2"": 7709, ""3"": 7018, ""4"": 9596, ""5"": 5621}",connected
44199,220,20000,0.3001825,0.02796552682761103,0.42512013473547994,0.0,0.0,0,"{""0"": 6590, ""1"": 7577, ""2"": 7737, ""3"": 7019, ""4"": 9650, ""5"": 5626}",connected
44299,220,20000,0.29859916666666675,0.026699954960495233,0.42512013473547994,0.0,0.0,0,"{""0"": 6595, ""1"": 7593, ""2"": 7750, ""3"": 7039, ""4"": 9685, ""5"": 5637}",connected
44399,220,20000,0.29701583333333337,0.028274453999474643,0.42512013473547994,0.0,0.0,0,"{""0"": 6608, ""1"": 7608, ""2"": 7763, ""3"": 7059, ""4"": 9719, ""5"": 5642}",connected
44499,222,20000,0.2954325,0.025851251762360333,0.4698701315233484,0.0,0.0,0,"{""0"": 6614, ""1"": 7617, ""2"": 7801, ""3"": 7066, ""4"": 9757, ""5"": 5644}",connected
44599,222,20000,0.2938491666666667,0.023882634323090315,0.4698701315233484,0.0,0.0,0,"{""0"": 6625, ""1"": 7628, ""2"": 7818, ""3"": 7088, ""4"": 9784, ""5"": 5656}",connected
44699,222,20000,0.29226583333333334,0.024579869098961354,0.4698701315233484,0.0,0.0,0,"{""0"": 6632, ""1"": 7635, ""2"": 7838, ""3"": 7127, ""4"": 9793, ""5"": 5674}",connected
44799,224,20000,0.29068249999999995,0.021779494397342204,0.5382901258114725,0.0,0.0,0,"{""0"": 6641, ""1"": 7641, ""2"": 7878, ""3"": 7130, ""4"": 9826, ""5"": 5683}",connected
44899,224,20000,0.2890991666666667,0.02257520948536694,0.5382901258114725,0.0,0.0,0,"{""0"": 6645, ""1"": 7679, ""2"": 7891, ""3"": 7140, ""4"": 9847, ""5"": 5697}",connected
44999,224,20000,0.2875158333333334,0.023459783736616373,0.5382901258114725,0.0,0.0,0,"{""0"": 6651, ""1"": 7705, ""2"": 7901, ""3"": 7160, ""4"": 9871, ""5"": 5711}",connected
45099,224,20000,0.28593250000000003,0.025110141346231102,0.5382901258114725,0.0,0.0,0,"{""0"": 6661, ""1"": 7707, ""2"": 7929, ""3"": 7186, ""4"": 9894, ""5"": 5722}",connected
45199,226,20000,0.28434916666666676,0.027466990035027266,0.5494201250607148,0.0,0.0,0,"{""0"": 6669, ""1"": 7726, ""2"": 7944, ""3"": 7214, ""4"": 9917, ""5"": 5729}",connected
45299,228,20000,0.2827658333333334,0.02927630880847573,0.6697801206680015,0.0,0.0,0,"{""0"": 6677, ""1"": 7733, ""2"": 7972, ""3"": 7225, ""4"": 9954, ""5"": 5738}",connected
45399,228,20000,0.2811825,0.030760169560089708,0.6697801206680015,0.0,0.0,0,"{""0"": 6693, ""1"": 7744, ""2"": 7991, ""3"": 7230, ""4"": 9992, ""5"": 5749}",connected
45499,230,20000,0.27959916666666673,0.03004499931819737,0.7436001169215888,0.0,0.0,0,"{""0"": 6705, ""1"": 7768, ""2"": 8020, ""3"": 7240, ""4"": 10011, ""5"": 5755}",connected
45599,230,20000,0.27801583333333335,0.029571306044235825,0.7436001169215888,0.0,0.0,0,"{""0"": 6713, ""1"": 7801, ""2"": 8030, ""3"": 7255, ""4"": 10029, ""5"": 5771}",connected
45699,230,20000,0.27643249999999997,0.028182995291426777,0.7436001169215888,0.0,0.0,0,"{""0"": 6717, ""1"": 7824, ""2"": 8032, ""3"": 7302, ""4"": 10046, ""5"": 5778}",connected
45799,232,20000,0.2748491666666667,0.027077214559540153,0.7492301110411063,0.0,0.0,0,"{""0"": 6725, ""1"": 7835, ""2"": 8057, ""3"": 7319, ""4"": 10076, ""5"": 5787}",connected
45899,232,20000,0.2732658333333333,0.026408230094239114,0.7492301110411063,0.0,0.0,0,"{""0"": 6737, ""1"": 7840, ""2"": 8080, ""3"": 7330, ""4"": 10120, ""5"": 5792}",connected
45999,234,20000,0.27168249999999994,0.0264586266502738,0.8424501080950723,0.0,0.0,0,"{""0"": 6746, ""1"": 7850, ""2"": 8118, ""3"": 7342, ""4"": 10147, ""5"": 5796}",connected
46099,234,20000,0.27009916666666667,0.027313539450988175,0.8424501080950723,0.0,0.0,0,"{""0"": 6764, ""1"": 7877, ""2"": 8134, ""3"": 7359, ""4"": 10166, ""5"": 5799}",connected
46199,234,20000,0.2685158333333334,0.02888818122446537,0.8424501080950723,0.0,0.0,0,"{""0"": 6770, ""1"": 7879, ""2"": 8162, ""3"": 7371, ""4"": 10192, ""5"": 5825}",connected
46299,234,20000,0.26693250000000013,0.028851028541103007,0.8424501080950723,0.0,0.0,0,"{""0"": 6771, ""1"": 7884, ""2"": 8197, ""3"": 7386, ""4"": 10225, ""5"": 5836}",connected
46399,236,20000,0.26534916666666675,0.02941657470539212,0.9251201051846146,0.0,0.0,0,"{""0"": 6779, ""1"": 7890, ""2"": 8224, ""3"": 7403, ""4"": 10258, ""5"": 5845}",connected
46499,236,20000,0.26376583333333337,0.028774317670613527,0.9251201051846146,0.0,0.0,0,"{""0"": 6792, ""1"": 7904, ""2"": 8249, ""3"": 7416, ""4"": 10282, ""5"": 5856}",connected
46599,238,20000,0.2621825000000001,0.028302523698657753,1.0570201017241925,0.0,0.0,0,"{""0"": 6804, ""1"": 7907, ""2"": 8289, ""3"": 7421, ""4"": 10316, ""5"": 5862}",connected
46699,238,20000,0.2605991666666667,0.02860608099028468,1.0570201017241925,0.0,0.0,0,"{""0"": 6812, ""1"": 7908, ""2"": 8361, ""3"": 7422, ""4"": 10329, ""5"": 5867}",connected
46799,238,20000,0.25901583333333333,0.0289068397320807,1.0570201017241925,0.0,0.0,0,"{""0"": 6818, ""1"": 7930, ""2"": 8392, ""3"": 7437, ""4"": 10348, ""5"": 5874}",connected
46899,240,20000,0.25743250000000006,0.03140326169319451,1.043500101356767,0.0,0.0,0,"{""0"": 6829, ""1"": 7941, ""2"": 8409, ""3"": 7453, ""4"": 10379, ""5"": 5888}",connected
46999,240,20000,0.2558491666666667,0.030555714666843415,1.043500101356767,0.0,0.0,0,"{""0"": 6840, ""1"": 7954, ""2"": 8423, ""3"": 7458, ""4"": 10421, ""5"": 5903}",connected
47099,242,20000,0.2542658333333333,0.03193968343548477,1.075750099015422,0.0,0.0,0,"{""0"": 6849, ""1"": 7970, ""2"": 8446, ""3"": 7469, ""4"": 10455, ""5"": 5910}",connected
47199,242,20000,0.25268250000000003,0.03332542383112013,1.075750099015422,0.0,0.0,0,"{""0"": 6856, ""1"": 7985, ""2"": 8465, ""3"": 7488, ""4"": 10477, ""5"": 5928}",connected
47299,244,20000,0.25109916666666665,0.031376997232437136,1.1572900959849357,0.0,0.0,0,"{""0"": 6868, ""1"": 7991, ""2"": 8491, ""3"": 7501, ""4"": 10515, ""5"": 5933}",connected
47399,248,20000,0.24951583333333338,0.03244107954204083,1.305440087756142,0.0,0.0,0,"{""0"": 6881, ""1"": 8004, ""2"": 8514, ""3"": 7511, ""4"": 10553, ""5"": 5936}",connected
47499,250,20000,0.2479325000000001,0.031755484947934745,1.3214400867419318,0.0,0.0,0,"{""0"": 6890, ""1"": 8008, ""2"": 8537, ""3"": 7519, ""4"": 10603, ""5"": 5942}",connected
47599,250,20000,0.24634916666666673,0.02917830009944737,1.3214400867419318,0.0,0.0,0,"{""0"": 6903, ""1"": 8016, ""2"": 8555, ""3"": 7529, ""4"": 10644, ""5"": 5952}",connected
47699,252,20000,0.24476583333333335,0.030115916803479196,1.304070084183477,0.0,0.0,0,"{""0"": 6916, ""1"": 8022, ""2"": 8591, ""3"": 7539, ""4"": 10674, ""5"": 5957}",connected
47799,254,20000,0.24318250000000008,0.029435833161696793,1.3834100812627002,0.0,0.0,0,"{""0"": 6929, ""1"": 8039, ""2"": 8614, ""3"": 7547, ""4"": 10706, ""5"": 5964}",connected
47899,254,20000,0.2415991666666667,0.029652558667585253,1.3834100812627002,0.0,0.0,0,"{""0"": 6934, ""1"": 8058, ""2"": 8626, ""3"": 7568, ""4"": 10721, ""5"": 5992}",connected
47999,256,20000,0.24001583333333332,0.02974848615936935,1.5486400788137689,0.0,0.0,0,"{""0"": 6944, ""1"": 8065, ""2"": 8649, ""3"": 7580, ""4"": 10759, ""5"": 6002}",connected
48099,256,20000,0.23843250000000005,0.029808586733415722,1.5486400788137689,0.0,0.0,0,"{""0"": 6960, ""1"": 8095, ""2"": 8655, ""3"": 7594, ""4"": 10783, ""5"": 6012}",connected
48199,256,20000,0.23684916666666667,0.030302054854109882,1.5486400788137689,0.0,0.0,0,"{""0"": 6964, ""1"": 8135, ""2"": 8658, ""3"": 7609, ""4"": 10812, ""5"": 6021}",connected
48299,256,20000,0.23526583333333329,0.029000182803720236,1.5486400788137689,0.0,0.0,0,"{""0"": 6970, ""1"": 8169, ""2"": 8683, ""3"": 7626, ""4"": 10823, ""5"": 6028}",connected
48399,256,20000,0.23368250000000002,0.030300776110962033,1.5486400788137689,0.0,0.0,0,"{""0"": 6978, ""1"": 8182, ""2"": 8721, ""3"": 7631, ""4"": 10836, ""5"": 6051}",connected
48499,260,20000,0.23209916666666663,0.029575509708374737,1.4541900683101268,0.0,0.0,0,"{""0"": 6988, ""1"": 8186, ""2"": 8741, ""3"": 7642, ""4"": 10883, ""5"": 6059}",connected
48599,260,20000,0.23051583333333336,0.02848584051243961,1.4541900683101268,0.0,0.0,0,"{""0"": 6991, ""1"": 8196, ""2"": 8780, ""3"": 7646, ""4"": 10923, ""5"": 6063}",connected
48699,260,20000,0.2289325000000001,0.029906217819079758,1.4541900683101268,0.0,0.0,0,"{""0"": 7005, ""1"": 8208, ""2"": 8798, ""3"": 7649, ""4"": 10933, ""5"": 6106}",connected
48799,262,20000,0.2273491666666667,0.028534905519336462,1.4344800679106264,0.0,0.0,0,"{""0"": 7009, ""1"": 8216, ""2"": 8832, ""3"": 7656, ""4"": 10963, ""5"": 6123}",connected
48899,262,20000,0.22576583333333344,0.028721882430836558,1.4344800679106264,0.0,0.0,0,"{""0"": 7022, ""1"": 8223, ""2"": 8861, ""3"": 7667, ""4"": 10998, ""5"": 6128}",connected
48999,264,20000,0.22418250000000006,0.029578716633841394,1.467830064748414,0.0,0.0,0,"{""0"": 7032, ""1"": 8229, ""2"": 8893, ""3"": 7676, ""4"": 11035, ""5"": 6134}",connected
49099,264,20000,0.22259916666666668,0.03047619100660086,1.467830064748414,0.0,0.0,0,"{""0"": 7045, ""1"": 8240, ""2"": 8912, ""3"": 7691, ""4"": 11055, ""5"": 6156}",connected
49199,264,20000,0.2210158333333334,0.03188559077680111,1.467830064748414,0.0,0.0,0,"{""0"": 7049, ""1"": 8262, ""2"": 8942, ""3"": 7698, ""4"": 11068, ""5"": 6180}",connected
49299,266,20000,0.21943250000000003,0.03338885276578367,1.4268500615656377,0.0,0.0,0,"{""0"": 7055, ""1"": 8268, ""2"": 8957, ""3"": 7713, ""4"": 11098, ""5"": 6208}",connected
49399,266,20000,0.21784916666666665,0.03409275544807315,1.4268500615656377,0.0,0.0,0,"{""0"": 7057, ""1"": 8276, ""2"": 9006, ""3"": 7720, ""4"": 11114, ""5"": 6226}",connected
49499,266,20000,0.21626583333333338,0.03279742499813437,1.4268500615656377,0.0,0.0,0,"{""0"": 7060, ""1"": 8281, ""2"": 9043, ""3"": 7725, ""4"": 11136, ""5"": 6254}",connected
49599,266,20000,0.2146825,0.03186065456829965,1.4268500615656377,0.0,0.0,0,"{""0"": 7081, ""1"": 8305, ""2"": 9056, ""3"": 7735, ""4"": 11150, ""5"": 6272}",connected
49699,268,20000,0.21309916666666662,0.03148886511102319,1.4191700600925834,0.0,0.0,0,"{""0"": 7089, ""1"": 8313, ""2"": 9086, ""3"": 7763, ""4"": 11161, ""5"": 6287}",connected
49799,268,20000,0.21151583333333346,0.03281898537650704,1.4191700600925834,0.0,0.0,0,"{""0"": 7098, ""1"": 8316, ""2"": 9131, ""3"": 7768, ""4"": 11198, ""5"": 6288}",connected
49899,268,20000,0.20993250000000008,0.03236663148738444,1.4191700600925834,0.0,0.0,0,"{""0"": 7103, ""1"": 8325, ""2"": 9152, ""3"": 7779, ""4"": 11225, ""5"": 6315}",connected
49999,268,20000,0.2083491666666667,0.032132823783904314,1.4191700600925834,0.0,0.0,0,"{""0"": 7113, ""1"": 8339, ""2"": 9168, ""3"": 7798, ""4"": 11246, ""5"": 6335}",connected
50099,268,20000,0.20676583333333343,0.03101606070995331,1.4191700600925834,0.0,0.0,0,"{""0"": 7126, ""1"": 8368, ""2"": 9181, ""3"": 7815, ""4"": 11269, ""5"": 6340}",connected
50199,270,20000,0.20518250000000005,0.02933751754462719,1.291000060858205,0.0,0.0,0,"{""0"": 7138, ""1"": 8401, ""2"": 9199, ""3"": 7829, ""4"": 11291, ""5"": 6341}",connected
50299,272,20000,0.20359916666666666,0.02996577398851514,1.2910600560018792,0.0,0.0,0,"{""0"": 7153, ""1"": 8408, ""2"": 9228, ""3"": 7839, ""4"": 11328, ""5"": 6343}",connected
50399,272,20000,0.2020158333333334,0.030004277769476177,1.2910600560018792,0.0,0.0,0,"{""0"": 7179, ""1"": 8409, ""2"": 9265, ""3"": 7839, ""4"": 11354, ""5"": 6353}",connected
50499,272,20000,0.2004325,0.030484188357368113,1.2910600560018792,0.0,0.0,0,"{""0"": 7197, ""1"": 8414, ""2"": 9300, ""3"": 7847, ""4"": 11373, ""5"": 6368}",connected
50599,276,20000,0.19884916666666663,0.02961106493137777,1.322100051199086,0.0,0.0,0,"{""0"": 7209, ""1"": 8419, ""2"": 9328, ""3"": 7860, ""4"": 11412, ""5"": 6371}",connected
50699,276,20000,0.19726583333333336,0.029364601336419584,1.322100051199086,0.0,0.0,0,"{""0"": 7223, ""1"": 8420, ""2"": 9372, ""3"": 7864, ""4"": 11440, ""5"": 6380}",connected
50799,276,20000,0.19568249999999998,0.030569053050130607,1.322100051199086,0.0,0.0,0,"{""0"": 7244, ""1"": 8432, ""2"": 9380, ""3"": 7888, ""4"": 11465, ""5"": 6390}",connected
50899,276,20000,0.1940991666666666,0.0306003640498966,1.322100051199086,0.0,0.0,0,"{""0"": 7249, ""1"": 8439, ""2"": 9385, ""3"": 7910, ""4"": 11514, ""5"": 6402}",connected
50999,276,20000,0.19251583333333344,0.03212553236633539,1.322100051199086,0.0,0.0,0,"{""0"": 7257, ""1"": 8445, ""2"": 9395, ""3"": 7947, ""4"": 11548, ""5"": 6407}",connected
51099,278,20000,0.19093250000000006,0.0346218082588166,1.1869100559316577,0.0,0.0,0,"{""0"": 7265, ""1"": 8449, ""2"": 9412, ""3"": 7970, ""4"": 11583, ""5"": 6420}",connected
51199,278,20000,0.1893491666666668,0.03488934857770801,1.1869100559316577,0.0,0.0,0,"{""0"": 7278, ""1"": 8459, ""2"": 9437, ""3"": 7983, ""4"": 11621, ""5"": 6421}",connected
51299,278,20000,0.1877658333333334,0.03510739844292402,1.1869100559316577,0.0,0.0,0,"{""0"": 7281, ""1"": 8481, ""2"": 9452, ""3"": 8006, ""4"": 11651, ""5"": 6428}",connected
51399,278,20000,0.18618250000000003,0.03431980648078024,1.1869100559316577,0.0,0.0,0,"{""0"": 7285, ""1"": 8501, ""2"": 9473, ""3"": 8030, ""4"": 11680, ""5"": 6430}",connected
51499,280,20000,0.18459916666666676,0.03248543947935104,1.1836300522834062,0.0,0.0,0,"{""0"": 7294, ""1"": 8509, ""2"": 9500, ""3"": 8058, ""4"": 11704, ""5"": 6434}",connected
51599,282,20000,0.18301583333333338,0.0318854187335819,1.1867600523401052,0.0,0.0,0,"{""0"": 7309, ""1"": 8512, ""2"": 9523, ""3"": 8069, ""4"": 11749, ""5"": 6437}",connected
51699,284,20000,0.1814325,0.03064970935694873,1.171960052503273,0.0,0.0,0,"{""0"": 7317, ""1"": 8520, ""2"": 9542, ""3"": 8084, ""4"": 11791, ""5"": 6445}",connected
51799,284,20000,0.17984916666666673,0.03114252209663391,1.171960052503273,0.0,0.0,0,"{""0"": 7345, ""1"": 8525, ""2"": 9576, ""3"": 8087, ""4"": 11819, ""5"": 6447}",connected
51899,284,20000,0.17826583333333335,0.03196737567894161,1.171960052503273,0.0,0.0,0,"{""0"": 7354, ""1"": 8533, ""2"": 9610, ""3"": 8098, ""4"": 11841, ""5"": 6463}",connected
51999,284,20000,0.17668249999999996,0.03076921389438212,1.171960052503273,0.0,0.0,0,"{""0"": 7357, ""1"": 8545, ""2"": 9641, ""3"": 8114, ""4"": 11875, ""5"": 6467}",connected
52099,284,20000,0.1750991666666667,0.03188215329311788,1.171960052503273,0.0,0.0,0,"{""0"": 7364, ""1"": 8557, ""2"": 9662, ""3"": 8141, ""4"": 11902, ""5"": 6473}",connected
52199,286,20000,0.17351583333333342,0.03257374027743935,1.0075000535417349,0.0,0.0,0,"{""0"": 7369, ""1"": 8566, ""2"": 9681, ""3"": 8160, ""4"": 11944, ""5"": 6479}",connected
52299,286,20000,0.17193250000000004,0.03139651210978627,1.0075000535417349,0.0,0.0,0,"{""0"": 7390, ""1"": 8569, ""2"": 9726, ""3"": 8162, ""4"": 11965, ""5"": 6487}",connected
52399,288,20000,0.17034916666666677,0.0318454238306731,0.9768600493716076,0.0,0.0,0,"{""0"": 7413, ""1"": 8577, ""2"": 9746, ""3"": 8172, ""4"": 12004, ""5"": 6487}",connected
52499,290,20000,0.1687658333333334,0.030271966010332108,0.9781100439745933,0.0,0.0,0,"{""0"": 7422, ""1"": 8590, ""2"": 9779, ""3"": 8187, ""4"": 12026, ""5"": 6495}",connected
52599,290,20000,0.1671825,0.029454126358032226,0.9781100439745933,0.0,0.0,0,"{""0"": 7445, ""1"": 8598, ""2"": 9806, ""3"": 8194, ""4"": 12059, ""5"": 6497}",connected
52699,290,20000,0.16559916666666674,0.02875997162424028,0.9781100439745933,0.0,0.0,0,"{""0"": 7460, ""1"": 8605, ""2"": 9843, ""3"": 8201, ""4"": 12079, ""5"": 6511}",connected
52799,290,20000,0.16401583333333336,0.028969064187258482,0.9781100439745933,0.0,0.0,0,"{""0"": 7468, ""1"": 8613, ""2"": 9862, ""3"": 8218, ""4"": 12110, ""5"": 6528}",connected
52899,292,20000,0.16243249999999998,0.02972340811043978,0.9224800419760868,0.0,0.0,0,"{""0"": 7479, ""1"": 8614, ""2"": 9901, ""3"": 8224, ""4"": 12146, ""5"": 6535}",connected
52999,292,20000,0.1608491666666667,0.029258739044889806,0.9224800419760868,0.0,0.0,0,"{""0"": 7485, ""1"": 8626, ""2"": 9938, ""3"": 8236, ""4"": 12165, ""5"": 6549}",connected
53099,294,20000,0.15926583333333333,0.03142229523509741,0.8986500406218693,0.0,0.0,0,"{""0"": 7500, ""1"": 8630, ""2"": 9975, ""3"": 8239, ""4"": 12195, ""5"": 6560}",connected
53199,294,20000,0.15768249999999995,0.03248615060932934,0.8986500406218693,0.0,0.0,0,"{""0"": 7504, ""1"": 8644, ""2"": 9993, ""3"": 8264, ""4"": 12221, ""5"": 6573}",connected
53299,296,20000,0.15609916666666668,0.03306031675077975,0.8943600396206602,0.0,0.0,0,"{""0"": 7516, ""1"": 8648, ""2"": 10024, ""3"": 8269, ""4"": 12253, ""5"": 6589}",connected
53399,296,20000,0.1545158333333334,0.03498010290786624,0.8943600396206602,0.0,0.0,0,"{""0"": 7535, ""1"": 8654, ""2"": 10058, ""3"": 8279, ""4"": 12267, ""5"": 6606}",connected
53499,296,20000,0.15293250000000003,0.03471557492390275,0.8943600396206602,0.0,0.0,0,"{""0"": 7539, ""1"": 8657, ""2"": 10083, ""3"": 8299, ""4"": 12276, ""5"": 6645}",connected
53599,296,20000,0.15134916666666676,0.03384891611523926,0.8943600396206602,0.0,0.0,0,"{""0"": 7546, ""1"": 8660, ""2"": 10102, ""3"": 8332, ""4"": 12295, ""5"": 6664}",connected
53699,296,20000,0.14976583333333338,0.03472695564851165,0.8943600396206602,0.0,0.0,0,"{""0"": 7553, ""1"": 8664, ""2"": 10124, ""3"": 8351, ""4"": 12312, ""5"": 6695}",connected
53799,298,20000,0.1481825000000001,0.034050800921395424,0.8633100371761248,0.0,0.0,0,"{""0"": 7578, ""1"": 8669, ""2"": 10154, ""3"": 8357, ""4"": 12344, ""5"": 6697}",connected
53899,298,20000,0.14659916666666672,0.032074229726567864,0.8633100371761248,0.0,0.0,0,"{""0"": 7601, ""1"": 8676, ""2"": 10192, ""3"": 8364, ""4"": 12367, ""5"": 6699}",connected
53999,298,20000,0.14501583333333334,0.031239827806130053,0.8633100371761248,0.0,0.0,0,"{""0"": 7602, ""1"": 8686, ""2"": 10205, ""3"": 8389, ""4"": 12408, ""5"": 6709}",connected
54099,298,20000,0.14343250000000007,0.03120183321647346,0.8633100371761248,0.0,0.0,0,"{""0"": 7605, ""1"": 8700, ""2"": 10208, ""3"": 8424, ""4"": 12442, ""5"": 6720}",connected
54199,300,20000,0.1418491666666667,0.02999891254119575,0.6892000367771834,0.0,0.0,0,"{""0"": 7611, ""1"": 8717, ""2"": 10228, ""3"": 8433, ""4"": 12457, ""5"": 6753}",connected
54299,300,20000,0.1402658333333333,0.03144972528330982,0.6892000367771834,0.0,0.0,0,"{""0"": 7625, ""1"": 8719, ""2"": 10272, ""3"": 8433, ""4"": 12493, ""5"": 6757}",connected
54399,300,20000,0.13868250000000004,0.03204608918167651,0.6892000367771834,0.0,0.0,0,"{""0"": 7640, ""1"": 8725, ""2"": 10294, ""3"": 8444, ""4"": 12524, ""5"": 6772}",connected
54499,300,20000,0.13709916666666666,0.03156529884785414,0.6892000367771834,0.0,0.0,0,"{""0"": 7669, ""1"": 8734, ""2"": 10302, ""3"": 8458, ""4"": 12560, ""5"": 6776}",connected
54599,300,20000,0.1355158333333334,0.03145949074067175,0.6892000367771834,0.0,0.0,0,"{""0"": 7675, ""1"": 8744, ""2"": 10351, ""3"": 8472, ""4"": 12576, ""5"": 6781}",connected
54699,302,20000,0.13393250000000012,0.03323925228789449,0.4912300377851352,0.0,0.0,0,"{""0"": 7685, ""1"": 8749, ""2"": 10402, ""3"": 8485, ""4"": 12589, ""5"": 6789}",connected
54799,302,20000,0.13234916666666674,0.03316847625188529,0.4912300377851352,0.0,0.0,0,"{""0"": 7692, ""1"": 8753, ""2"": 10444, ""3"": 8491, ""4"": 12612, ""5"": 6807}",connected
54899,302,20000,0.13076583333333336,0.03405657176859677,0.4912300377851352,0.0,0.0,0,"{""0"": 7693, ""1"": 8759, ""2"": 10466, ""3"": 8517, ""4"": 12647, ""5"": 6817}",connected
54999,302,20000,0.1291825000000001,0.033642069501802326,0.4912300377851352,0.0,0.0,0,"{""0"": 7693, ""1"": 8765, ""2"": 10471, ""3"": 8545, ""4"": 12706, ""5"": 6819}",connected
55099,302,20000,0.1275991666666667,0.03171195494011045,0.4912300377851352,0.0,0.0,0,"{""0"": 7693, ""1"": 8782, ""2"": 10486, ""3"": 8566, ""4"": 12752, ""5"": 6820}",connected
55199,304,20000,0.12601583333333333,0.03432857472449541,0.3909900417830795,0.0,0.0,0,"{""0"": 7704, ""1"": 8789, ""2"": 10498, ""3"": 8591, ""4"": 12789, ""5"": 6828}",connected
55299,304,20000,0.12443250000000006,0.031928101731464265,0.3909900417830795,0.0,0.0,0,"{""0"": 7712, ""1"": 8802, ""2"": 10513, ""3"": 8614, ""4"": 12810, ""5"": 6848}",connected
55399,306,20000,0.12284916666666668,0.033985027782619,0.38080004151910546,0.0,0.0,0,"{""0"": 7718, ""1"": 8809, ""2"": 10533, ""3"": 8614, ""4"": 12874, ""5"": 6851}",connected
55499,306,20000,0.1212658333333333,0.03411632257513702,0.38080004151910546,0.0,0.0,0,"{""0"": 7741, ""1"": 8814, ""2"": 10550, ""3"": 8628, ""4"": 12906, ""5"": 6860}",connected
55599,308,20000,0.11968250000000002,0.033006970901042224,0.37140003888867795,0.0,0.0,0,"{""0"": 7752, ""1"": 8828, ""2"": 10573, ""3"": 8638, ""4"": 12946, ""5"": 6862}",connected
55699,310,20000,0.11809916666666664,0.034370659654960035,0.3448500340990722,0.0,0.0,0,"{""0"": 7760, ""1"": 8835, ""2"": 10602, ""3"": 8650, ""4"": 12990, ""5"": 6862}",connected
55799,310,20000,0.11651583333333337,0.03342273622751236,0.3448500340990722,0.0,0.0,0,"{""0"": 7801, ""1"": 8837, ""2"": 10627, ""3"": 8653, ""4"": 13010, ""5"": 6871}",connected
55899,310,20000,0.1149325000000001,0.032738895565271375,0.3448500340990722,0.0,0.0,0,"{""0"": 7811, ""1"": 8854, ""2"": 10645, ""3"": 8671, ""4"": 13037, ""5"": 6881}",connected
55999,310,20000,0.11334916666666672,0.033992676958441735,0.3448500340990722,0.0,0.0,0,"{""0"": 7818, ""1"": 8865, ""2"": 10660, ""3"": 8698, ""4"": 13058, ""5"": 6900}",connected
56099,312,20000,0.11176583333333334,0.03432845289818943,0.30075003928504884,0.0,0.0,0,"{""0"": 7827, ""1"": 8874, ""2"": 10686, ""3"": 8710, ""4"": 13085, ""5"": 6917}",connected
56199,312,20000,0.11018250000000007,0.03608233365230262,0.30075003928504884,0.0,0.0,0,"{""0"": 7830, ""1"": 8886, ""2"": 10720, ""3"": 8724, ""4"": 13097, ""5"": 6942}",connected
56299,312,20000,0.10859916666666669,0.038185306880623104,0.30075003928504884,0.0,0.0,0,"{""0"": 7832, ""1"": 8937, ""2"": 10737, ""3"": 8731, ""4"": 13097, ""5"": 6965}",connected
56399,312,20000,0.10701583333333342,0.03881065089255571,0.30075003928504884,0.0,0.0,0,"{""0"": 7836, ""1"": 8960, ""2"": 10746, ""3"": 8734, ""4"": 13105, ""5"": 7018}",connected
56499,314,20000,0.10543250000000004,0.041384133473038674,0.14283004051540046,0.0,0.0,0,"{""0"": 7857, ""1"": 8986, ""2"": 10762, ""3"": 8744, ""4"": 13124, ""5"": 7026}",connected
56599,314,20000,0.10384916666666666,0.04028521737083793,0.14283004051540046,0.0,0.0,0,"{""0"": 7877, ""1"": 8999, ""2"": 10789, ""3"": 8751, ""4"": 13148, ""5"": 7035}",connected
56699,314,20000,0.10226583333333339,0.03963350908830762,0.14283004051540046,0.0,0.0,0,"{""0"": 7895, ""1"": 9044, ""2"": 10801, ""3"": 8768, ""4"": 13154, ""5"": 7037}",connected
56799,314,20000,0.10068250000000001,0.037692214185372,0.14283004051540046,0.0,0.0,0,"{""0"": 7908, ""1"": 9055, ""2"": 10834, ""3"": 8782, ""4"": 13180, ""5"": 7040}",connected
56899,316,20000,0.09909916666666663,0.03570554588921368,0.0876900402456522,0.0,0.0,0,"{""0"": 7923, ""1"": 9067, ""2"": 10855, ""3"": 8790, ""4"": 13214, ""5"": 7050}",connected
56999,318,20000,0.09751583333333347,0.03480006862431764,0.1219900395674631,0.0,0.0,0,"{""0"": 7931, ""1"": 9080, ""2"": 10885, ""3"": 8801, ""4"": 13246, ""5"": 7056}",connected
57099,318,20000,0.09593250000000009,0.03633470058441162,0.1219900395674631,0.0,0.0,0,"{""0"": 7952, ""1"": 9092, ""2"": 10900, ""3"": 8809, ""4"": 13284, ""5"": 7062}",connected
57199,320,20000,0.0943491666666667,0.038343375278636814,0.158430034047924,0.0,0.0,0,"{""0"": 7961, ""1"": 9110, ""2"": 10924, ""3"": 8825, ""4"": 13316, ""5"": 7063}",connected
57299,320,20000,0.09276583333333344,0.0382602979708463,0.158430034047924,0.0,0.0,0,"{""0"": 7966, ""1"": 9115, ""2"": 10956, ""3"": 8828, ""4"": 13346, ""5"": 7088}",connected
57399,320,20000,0.09118250000000006,0.038368886429816486,0.158430034047924,0.0,0.0,0,"{""0"": 7972, ""1"": 9130, ""2"": 10971, ""3"": 8857, ""4"": 13376, ""5"": 7093}",connected
57499,320,20000,0.08959916666666667,0.03685219750739634,0.158430034047924,0.0,0.0,0,"{""0"": 7977, ""1"": 9160, ""2"": 10991, ""3"": 8864, ""4"": 13390, ""5"": 7117}",connected
57599,322,20000,0.0880158333333334,0.035393714644014834,0.1612300378503278,0.0,0.0,0,"{""0"": 7991, ""1"": 9169, ""2"": 11009, ""3"": 8872, ""4"": 13412, ""5"": 7146}",connected
57699,322,20000,0.08643250000000002,0.03534738792106509,0.1612300378503278,0.0,0.0,0,"{""0"": 8002, ""1"": 9187, ""2"": 11050, ""3"": 8879, ""4"": 13426, ""5"": 7155}",connected
57799,324,20000,0.08484916666666664,0.035893748085945844,0.2293000441091135,0.0,0.0,0,"{""0"": 8006, ""1"": 9199, ""2"": 11070, ""3"": 8902, ""4"": 13455, ""5"": 7167}",connected
57899,324,20000,0.08326583333333337,0.03711731324903667,0.2293000441091135,0.0,0.0,0,"{""0"": 8010, ""1"": 9204, ""2"": 11100, ""3"": 8904, ""4"": 13506, ""5"": 7175}",connected
57999,324,20000,0.08168249999999999,0.03821987567469478,0.2293000441091135,0.0,0.0,0,"{""0"": 8027, ""1"": 9225, ""2"": 11133, ""3"": 8915, ""4"": 13522, ""5"": 7177}",connected
58099,324,20000,0.08009916666666661,0.038748899530619385,0.2293000441091135,0.0,0.0,0,"{""0"": 8035, ""1"": 9238, ""2"": 11143, ""3"": 8931, ""4"": 13561, ""5"": 7191}",connected
58199,324,20000,0.07851583333333345,0.040027980394661426,0.2293000441091135,0.0,0.0,0,"{""0"": 8039, ""1"": 9258, ""2"": 11166, ""3"": 8940, ""4"": 13583, ""5"": 7213}",connected
58299,326,20000,0.07693250000000007,0.040692135505378244,0.17864004265982658,0.0,0.0,0,"{""0"": 8063, ""1"": 9271, ""2"": 11185, ""3"": 8947, ""4"": 13601, ""5"": 7232}",connected
58399,326,20000,0.07534916666666669,0.039552344921976325,0.17864004265982658,0.0,0.0,0,"{""0"": 8072, ""1"": 9285, ""2"": 11203, ""3"": 8968, ""4"": 13632, ""5"": 7239}",connected
58499,328,20000,0.07376583333333342,0.038506206711754205,0.15683004374150186,0.0,0.0,0,"{""0"": 8075, ""1"": 9314, ""2"": 11235, ""3"": 8978, ""4"": 13652, ""5"": 7245}",connected
58599,328,20000,0.07218250000000004,0.03805112095549703,0.15683004374150186,0.0,0.0,0,"{""0"": 8085, ""1"": 9331, ""2"": 11259, ""3"": 8989, ""4"": 13687, ""5"": 7248}",connected
58699,328,20000,0.07059916666666677,0.036668096370995044,0.15683004374150186,0.0,0.0,0,"{""0"": 8101, ""1"": 9340, ""2"": 11280, ""3"": 9017, ""4"": 13705, ""5"": 7256}",connected
58799,330,20000,0.06901583333333339,0.03748616268858314,0.14944004621822388,0.0,0.0,0,"{""0"": 8109, ""1"": 9361, ""2"": 11316, ""3"": 9024, ""4"": 13724, ""5"": 7265}",connected
58899,332,20000,0.0674325,0.03911136486567557,0.14284005121327936,0.0,0.0,0,"{""0"": 8113, ""1"": 9384, ""2"": 11343, ""3"": 9037, ""4"": 13749, ""5"": 7273}",connected
58999,332,20000,0.06584916666666674,0.041355373747646806,0.14284005121327936,0.0,0.0,0,"{""0"": 8116, ""1"": 9395, ""2"": 11363, ""3"": 9055, ""4"": 13785, ""5"": 7285}",connected
59099,332,20000,0.06426583333333336,0.040770543981343506,0.14284005121327936,0.0,0.0,0,"{""0"": 8119, ""1"": 9424, ""2"": 11376, ""3"": 9077, ""4"": 13807, ""5"": 7296}",connected
59199,332,20000,0.06268249999999997,0.03902864792384207,0.14284005121327936,0.0,0.0,0,"{""0"": 8122, ""1"": 9437, ""2"": 11390, ""3"": 9115, ""4"": 13824, ""5"": 7311}",connected
59299,334,20000,0.061099166666666704,0.03750321062281728,0.1021000560419634,0.0,0.0,0,"{""0"": 8125, ""1"": 9447, ""2"": 11408, ""3"": 9138, ""4"": 13841, ""5"": 7340}",connected
59399,334,20000,0.059515833333333434,0.03557597080245614,0.1021000560419634,0.0,0.0,0,"{""0"": 8141, ""1"": 9465, ""2"": 11420, ""3"": 9168, ""4"": 13856, ""5"": 7349}",connected
59499,334,20000,0.05793250000000005,0.03635653844103217,0.1021000560419634,0.0,0.0,0,"{""0"": 8167, ""1"": 9495, ""2"": 11434, ""3"": 9182, ""4"": 13868, ""5"": 7353}",connected
59599,334,20000,0.05634916666666678,0.03842758848331869,0.1021000560419634,0.0,0.0,0,"{""0"": 8171, ""1"": 9524, ""2"": 11478, ""3"": 9190, ""4"": 13875, ""5"": 7361}",connected
59699,334,20000,0.0547658333333334,0.03808043328113854,0.1021000560419634,0.0,0.0,0,"{""0"": 8171, ""1"": 9541, ""2"": 11520, ""3"": 9196, ""4"": 13900, ""5"": 7371}",connected
59799,334,20000,0.05318250000000002,0.03752875139005482,0.1021000560419634,0.0,0.0,0,"{""0"": 8172, ""1"": 9541, ""2"": 11520, ""3"": 9201, ""4"": 13949, ""5"": 7416}",connected
59899,334,20000,0.05159916666666675,0.03661231399513781,0.1021000560419634,0.0,0.0,0,"{""0"": 8173, ""1"": 9542, ""2"": 11531, ""3"": 9211, ""4"": 14001, ""5"": 7441}",connected
59999,334,20000,0.05001583333333337,0.03530310339294374,0.1021000560419634,0.0,0.0,0,"{""0"": 8173, ""1"": 9543, ""2"": 11534, ""3"": 9222, ""4"": 14049, ""5"": 7478}",connected
60099,334,20000,0.050000000000000044,0.03601246263831854,0.1021000560419634,0.0,0.0,0,"{""0"": 8175, ""1"": 9544, ""2"": 11540, ""3"": 9222, ""4"": 14132, ""5"": 7486}",connected
60199,334,20000,0.050000000000000044,0.03659993564710021,0.1021000560419634,0.0,0.0,0,"{""0"": 8178, ""1"": 9545, ""2"": 11550, ""3"": 9222, ""4"": 14196, ""5"": 7508}",connected
60299,334,20000,0.050000000000000044,0.03798167957924306,0.1021000560419634,0.0,0.0,0,"{""0"": 8190, ""1"": 9545, ""2"": 11559, ""3"": 9222, ""4"": 14245, ""5"": 7538}",connected
60399,334,20000,0.050000000000000044,0.040688657024875285,0.1021000560419634,0.0,0.0,0,"{""0"": 8190, ""1"": 9552, ""2"": 11598, ""3"": 9225, ""4"": 14276, ""5"": 7558}",connected
60499,336,20000,0.050000000000000044,0.042689502453431484,-0.17247994447126985,0.0,0.0,0,"{""0"": 8207, ""1"": 9566, ""2"": 11623, ""3"": 9235, ""4"": 14300, ""5"": 7568}",connected
60599,336,20000,0.050000000000000044,0.044313326543197036,-0.17247994447126985,0.0,0.0,0,"{""0"": 8212, ""1"": 9580, ""2"": 11638, ""3"": 9243, ""4"": 14331, ""5"": 7595}",connected
60699,336,20000,0.050000000000000044,0.045469761546701196,-0.17247994447126985,0.0,0.0,0,"{""0"": 8214, ""1"": 9582, ""2"": 11657, ""3"": 9269, ""4"": 14369, ""5"": 7608}",connected
60799,338,20000,0.050000000000000044,0.043528387313708665,-0.18398994312621653,0.0,0.0,0,"{""0"": 8230, ""1"": 9582, ""2"": 11685, ""3"": 9294, ""4"": 14395, ""5"": 7613}",connected
60899,338,20000,0.050000000000000044,0.04392679614946246,-0.18398994312621653,0.0,0.0,0,"{""0"": 8243, ""1"": 9593, ""2"": 11707, ""3"": 9301, ""4"": 14431, ""5"": 7624}",connected
60999,338,20000,0.050000000000000044,0.042467671530321244,-0.18398994312621653,0.0,0.0,0,"{""0"": 8253, ""1"": 9618, ""2"": 11731, ""3"": 9309, ""4"": 14440, ""5"": 7648}",connected
61099,338,20000,0.050000000000000044,0.03946217208169401,-0.18398994312621653,0.0,0.0,0,"{""0"": 8268, ""1"": 9632, ""2"": 11765, ""3"": 9311, ""4"": 14448, ""5"": 7675}",connected
61199,338,20000,0.050000000000000044,0.041209885757416485,-0.18398994312621653,0.0,0.0,0,"{""0"": 8273, ""1"": 9646, ""2"": 11799, ""3"": 9311, ""4"": 14458, ""5"": 7712}",connected
61299,338,20000,0.050000000000000044,0.04055669980123639,-0.18398994312621653,0.0,0.0,0,"{""0"": 8296, ""1"": 9655, ""2"": 11826, ""3"": 9324, ""4"": 14460, ""5"": 7738}",connected
61399,338,20000,0.050000000000000044,0.03791913348250091,-0.18398994312621653,0.0,0.0,0,"{""0"": 8303, ""1"": 9687, ""2"": 11856, ""3"": 9329, ""4"": 14486, ""5"": 7738}",connected
61499,338,20000,0.050000000000000044,0.03776884289458394,-0.18398994312621653,0.0,0.0,0,"{""0"": 8310, ""1"": 9715, ""2"": 11891, ""3"": 9336, ""4"": 14493, ""5"": 7754}",connected
61599,340,20000,0.050000000000000044,0.03741545094177127,-0.25021994759328664,0.0,0.0,0,"{""0"": 8320, ""1"": 9733, ""2"": 11931, ""3"": 9337, ""4"": 14508, ""5"": 7770}",connected
61699,340,20000,0.050000000000000044,0.0361112869810313,-0.25021994759328664,0.0,0.0,0,"{""0"": 8320, ""1"": 9745, ""2"": 11959, ""3"": 9348, ""4"": 14534, ""5"": 7793}",connected
61799,340,20000,0.050000000000000044,0.039075076570734384,-0.25021994759328664,0.0,0.0,0,"{""0"": 8320, ""1"": 9746, ""2"": 11967, ""3"": 9374, ""4"": 14558, ""5"": 7834}",connected
61899,340,20000,0.050000000000000044,0.03974741045385599,-0.25021994759328664,0.0,0.0,0,"{""0"": 8320, ""1"": 9748, ""2"": 11975, ""3"": 9401, ""4"": 14579, ""5"": 7876}",connected
61999,340,20000,0.050000000000000044,0.03831914694979787,-0.25021994759328664,0.0,0.0,0,"{""0"": 8324, ""1"": 9760, ""2"": 12007, ""3"": 9415, ""4"": 14592, ""5"": 7901}",connected
62099,340,20000,0.050000000000000044,0.03907509625889361,-0.25021994759328664,0.0,0.0,0,"{""0"": 8324, ""1"": 9760, ""2"": 12030, ""3"": 9415, ""4"": 14642, ""5"": 7928}",connected
62199,340,20000,0.050000000000000044,0.03651456667110324,-0.25021994759328664,0.0,0.0,0,"{""0"": 8325, ""1"": 9762, ""2"": 12037, ""3"": 9415, ""4"": 14694, ""5"": 7966}",connected
62299,340,20000,0.050000000000000044,0.03668532397598028,-0.25021994759328664,0.0,0.0,0,"{""0"": 8326, ""1"": 9762, ""2"": 12041, ""3"": 9416, ""4"": 14745, ""5"": 8009}",connected
62399,340,20000,0.050000000000000044,0.034640754079446195,-0.25021994759328664,0.0,0.0,0,"{""0"": 8327, ""1"": 9769, ""2"": 12055, ""3"": 9421, ""4"": 14777, ""5"": 8050}",connected
62499,340,20000,0.050000000000000044,0.03260760335251689,-0.25021994759328664,0.0,0.0,0,"{""0"": 8327, ""1"": 9769, ""2"": 12101, ""3"": 9422, ""4"": 14780, ""5"": 8100}",connected
62599,340,20000,0.050000000000000044,0.03427941239438951,-0.25021994759328664,0.0,0.0,0,"{""0"": 8335, ""1"": 9777, ""2"": 12115, ""3"": 9431, ""4"": 14805, ""5"": 8136}",connected
62699,340,20000,0.050000000000000044,0.03254426865838468,-0.25021994759328664,0.0,0.0,0,"{""0"": 8342, ""1"": 9791, ""2"": 12135, ""3"": 9451, ""4"": 14830, ""5"": 8150}",connected
62799,340,20000,0.050000000000000044,0.03450854330323636,-0.25021994759328664,0.0,0.0,0,"{""0"": 8348, ""1"": 9806, ""2"": 12140, ""3"": 9459, ""4"": 14846, ""5"": 8200}",connected
62899,340,20000,0.050000000000000044,0.03301508470438421,-0.25021994759328664,0.0,0.0,0,"{""0"": 8359, ""1"": 9817, ""2"": 12152, ""3"": 9461, ""4"": 14870, ""5"": 8240}",connected
62999,340,20000,0.050000000000000044,0.03292828891426325,-0.25021994759328664,0.0,0.0,0,"{""0"": 8360, ""1"": 9825, ""2"": 12168, ""3"": 9461, ""4"": 14907, ""5"": 8278}",connected
63099,342,20000,0.050000000000000044,0.035437081148847936,-0.6375799404317513,0.0,0.0,0,"{""0"": 8373, ""1"": 9830, ""2"": 12218, ""3"": 9461, ""4"": 14937, ""5"": 8280}",connected
63199,342,20000,0.050000000000000044,0.033998289508745075,-0.6375799404317513,0.0,0.0,0,"{""0"": 8393, ""1"": 9848, ""2"": 12250, ""3"": 9463, ""4"": 14962, ""5"": 8283}",connected
63299,342,20000,0.050000000000000044,0.03800344968214631,-0.6375799404317513,0.0,0.0,0,"{""0"": 8395, ""1"": 9869, ""2"": 12274, ""3"": 9472, ""4"": 14986, ""5"": 8303}",connected
63399,342,20000,0.050000000000000044,0.03766016977839172,-0.6375799404317513,0.0,0.0,0,"{""0"": 8397, ""1"": 9895, ""2"": 12304, ""3"": 9482, ""4"": 15008, ""5"": 8313}",connected
63499,342,20000,0.050000000000000044,0.03429631036706269,-0.6375799404317513,0.0,0.0,0,"{""0"": 8397, ""1"": 9916, ""2"": 12317, ""3"": 9516, ""4"": 15029, ""5"": 8324}",connected
63599,342,20000,0.050000000000000044,0.036921804463490845,-0.6375799404317513,0.0,0.0,0,"{""0"": 8415, ""1"": 9917, ""2"": 12328, ""3"": 9523, ""4"": 15087, ""5"": 8329}",connected
63699,342,20000,0.050000000000000044,0.03498680246062577,-0.6375799404317513,0.0,0.0,0,"{""0"": 8424, ""1"": 9931, ""2"": 12335, ""3"": 9549, ""4"": 15126, ""5"": 8334}",connected
63799,342,20000,0.050000000000000044,0.035819239653646945,-0.6375799404317513,0.0,0.0,0,"{""0"": 8450, ""1"": 9938, ""2"": 12348, ""3"": 9561, ""4"": 15166, ""5"": 8336}",connected
63899,342,20000,0.050000000000000044,0.036196893882006406,-0.6375799404317513,0.0,0.0,0,"{""0"": 8467, ""1"": 9950, ""2"": 12372, ""3"": 9568, ""4"": 15204, ""5"": 8338}",connected
63999,342,20000,0.050000000000000044,0.03447086986154318,-0.6375799404317513,0.0,0.0,0,"{""0"": 8467, ""1"": 9987, ""2"": 12390, ""3"": 9579, ""4"": 15238, ""5"": 8338}",connected
64099,344,20000,0.050000000000000044,0.03480372481048107,-0.842629936854355,0.0,0.0,0,"{""0"": 8481, ""1"": 10004, ""2"": 12427, ""3"": 9584, ""4"": 15264, ""5"": 8339}",connected
64199,346,20000,0.050000000000000044,0.03569278086535633,-0.830399936218746,0.0,0.0,0,"{""0"": 8502, ""1"": 10016, ""2"": 12449, ""3"": 9588, ""4"": 15290, ""5"": 8354}",connected
64299,346,20000,0.050000000000000044,0.037627341607585546,-0.830399936218746,0.0,0.0,0,"{""0"": 8507, ""1"": 10036, ""2"": 12465, ""3"": 9608, ""4"": 15321, ""5"": 8362}",connected
64399,346,20000,0.050000000000000044,0.037263262597844,-0.830399936218746,0.0,0.0,0,"{""0"": 8511, ""1"": 10079, ""2"": 12486, ""3"": 9623, ""4"": 15336, ""5"": 8364}",connected
64499,346,20000,0.050000000000000044,0.03783080549910665,-0.830399936218746,0.0,0.0,0,"{""0"": 8520, ""1"": 10110, ""2"": 12497, ""3"": 9643, ""4"": 15363, ""5"": 8366}",connected
64599,346,20000,0.050000000000000044,0.03801397548988462,-0.830399936218746,0.0,0.0,0,"{""0"": 8541, ""1"": 10120, ""2"": 12503, ""3"": 9666, ""4"": 15402, ""5"": 8367}",connected
64699,348,20000,0.050000000000000044,0.03928753981366753,-0.9338399278791621,0.0,0.0,0,"{""0"": 8556, ""1"": 10133, ""2"": 12518, ""3"": 9685, ""4"": 15440, ""5"": 8367}",connected
64799,348,20000,0.050000000000000044,0.0384784360229969,-0.9338399278791621,0.0,0.0,0,"{""0"": 8564, ""1"": 10151, ""2"": 12542, ""3"": 9701, ""4"": 15465, ""5"": 8376}",connected
64899,348,20000,0.050000000000000044,0.03773337800987065,-0.9338399278791621,0.0,0.0,0,"{""0"": 8564, ""1"": 10155, ""2"": 12594, ""3"": 9701, ""4"": 15508, ""5"": 8377}",connected
64999,348,20000,0.050000000000000044,0.03452055550180375,-0.9338399278791621,0.0,0.0,0,"{""0"": 8569, ""1"": 10155, ""2"": 12640, ""3"": 9701, ""4"": 15556, ""5"": 8378}",connected
65099,348,20000,0.050000000000000044,0.034669988863170145,-0.9338399278791621,0.0,0.0,0,"{""0"": 8569, ""1"": 10155, ""2"": 12673, ""3"": 9713, ""4"": 15581, ""5"": 8408}",connected
65199,350,20000,0.050000000000000044,0.035667515676468614,-1.0316799261095002,0.0,0.0,0,"{""0"": 8574, ""1"": 10169, ""2"": 12703, ""3"": 9724, ""4"": 15613, ""5"": 8416}",connected
65299,350,20000,0.050000000000000044,0.03661726550199092,-1.0316799261095002,0.0,0.0,0,"{""0"": 8609, ""1"": 10172, ""2"": 12706, ""3"": 9737, ""4"": 15622, ""5"": 8453}",connected
65399,350,20000,0.050000000000000044,0.03875225779600441,-1.0316799261095002,0.0,0.0,0,"{""0"": 8613, ""1"": 10198, ""2"": 12726, ""3"": 9753, ""4"": 15640, ""5"": 8469}",connected
65499,350,20000,0.050000000000000044,0.038529326096177104,-1.0316799261095002,0.0,0.0,0,"{""0"": 8618, ""1"": 10211, ""2"": 12741, ""3"": 9787, ""4"": 15671, ""5"": 8471}",connected
65599,350,20000,0.050000000000000044,0.0369805652089417,-1.0316799261095002,0.0,0.0,0,"{""0"": 8628, ""1"": 10225, ""2"": 12756, ""3"": 9816, ""4"": 15702, ""5"": 8472}",connected
65699,352,20000,0.050000000000000044,0.03816488297656179,-1.1150799234956503,0.0,0.0,0,"{""0"": 8635, ""1"": 10256, ""2"": 12773, ""3"": 9823, ""4"": 15738, ""5"": 8474}",connected
65799,352,20000,0.050000000000000044,0.03915503574535251,-1.1150799234956503,0.0,0.0,0,"{""0"": 8642, ""1"": 10306, ""2"": 12804, ""3"": 9824, ""4"": 15749, ""5"": 8474}",connected
65899,352,20000,0.050000000000000044,0.03645770383998752,-1.1150799234956503,0.0,0.0,0,"{""0"": 8646, ""1"": 10336, ""2"": 12832, ""3"": 9834, ""4"": 15776, ""5"": 8475}",connected
65999,354,20000,0.050000000000000044,0.036160437893122434,-1.1157699209544807,0.0,0.0,0,"{""0"": 8650, ""1"": 10364, ""2"": 12845, ""3"": 9851, ""4"": 15809, ""5"": 8480}",connected
66099,354,20000,0.050000000000000044,0.0333247400727123,-1.1157699209544807,0.0,0.0,0,"{""0"": 8658, ""1"": 10382, ""2"": 12864, ""3"": 9869, ""4"": 15822, ""5"": 8504}",connected
66199,356,20000,0.050000000000000044,0.030615031095221637,-1.0983099184930325,0.0,0.0,0,"{""0"": 8668, ""1"": 10401, ""2"": 12884, ""3"": 9883, ""4"": 15858, ""5"": 8505}",connected
66299,356,20000,0.050000000000000044,0.03374946221709251,-1.0983099184930325,0.0,0.0,0,"{""0"": 8679, ""1"": 10426, ""2"": 12900, ""3"": 9898, ""4"": 15881, ""5"": 8515}",connected
66399,356,20000,0.050000000000000044,0.03413179663941264,-1.0983099184930325,0.0,0.0,0,"{""0"": 8689, ""1"": 10446, ""2"": 12923, ""3"": 9922, ""4"": 15898, ""5"": 8521}",connected
66499,356,20000,0.050000000000000044,0.03321793111972511,-1.0983099184930325,0.0,0.0,0,"{""0"": 8713, ""1"": 10460, ""2"": 12938, ""3"": 9942, ""4"": 15916, ""5"": 8530}",connected
66599,356,20000,0.050000000000000044,0.03713256889022887,-1.0983099184930325,0.0,0.0,0,"{""0"": 8722, ""1"": 10473, ""2"": 12954, ""3"": 9973, ""4"": 15946, ""5"": 8531}",connected
66699,358,20000,0.050000000000000044,0.035962354596704244,-1.0855099141644313,0.0,0.0,0,"{""0"": 8728, ""1"": 10495, ""2"": 12968, ""3"": 9991, ""4"": 15974, ""5"": 8543}",connected
66799,358,20000,0.050000000000000044,0.03728286987170577,-1.0855099141644313,0.0,0.0,0,"{""0"": 8737, ""1"": 10511, ""2"": 12977, ""3"": 10013, ""4"": 15991, ""5"": 8570}",connected
66899,360,20000,0.050000000000000044,0.03986536231823266,-1.0855499088624492,0.0,0.0,0,"{""0"": 8750, ""1"": 10534, ""2"": 13002, ""3"": 10022, ""4"": 16017, ""5"": 8574}",connected
66999,360,20000,0.050000000000000044,0.03877935462631285,-1.0855499088624492,0.0,0.0,0,"{""0"": 8752, ""1"": 10542, ""2"": 13031, ""3"": 10043, ""4"": 16036, ""5"": 8595}",connected
67099,360,20000,0.050000000000000044,0.03957771060988307,-1.0855499088624492,0.0,0.0,0,"{""0"": 8755, ""1"": 10555, ""2"": 13043, ""3"": 10057, ""4"": 16062, ""5"": 8627}",connected
67199,360,20000,0.050000000000000044,0.04061860193498432,-1.0855499088624492,0.0,0.0,0,"{""0"": 8759, ""1"": 10586, ""2"": 13063, ""3"": 10080, ""4"": 16081, ""5"": 8630}",connected
67299,360,20000,0.050000000000000044,0.041158596761524675,-1.0855499088624492,0.0,0.0,0,"{""0"": 8778, ""1"": 10605, ""2"": 13080, ""3"": 10100, ""4"": 16105, ""5"": 8631}",connected
67399,362,20000,0.050000000000000044,0.04075032659806311,-1.160269910460338,0.0,0.0,0,"{""0"": 8789, ""1"": 10651, ""2"": 13096, ""3"": 10108, ""4"": 16122, ""5"": 8633}",connected
67499,362,20000,0.050000000000000044,0.039827227732166647,-1.160269910460338,0.0,0.0,0,"{""0"": 8798, ""1"": 10669, ""2"": 13109, ""3"": 10135, ""4"": 16143, ""5"": 8645}",connected
67599,362,20000,0.050000000000000044,0.038237189585343,-1.160269910460338,0.0,0.0,0,"{""0"": 8799, ""1"": 10690, ""2"": 13124, ""3"": 10162, ""4"": 16162, ""5"": 8662}",connected
67699,362,20000,0.050000000000000044,0.03658593331463635,-1.160269910460338,0.0,0.0,0,"{""0"": 8824, ""1"": 10707, ""2"": 13127, ""3"": 10191, ""4"": 16186, ""5"": 8664}",connected
67799,362,20000,0.050000000000000044,0.035304862074553967,-1.160269910460338,0.0,0.0,0,"{""0"": 8849, ""1"": 10721, ""2"": 13138, ""3"": 10229, ""4"": 16198, ""5"": 8664}",connected
67899,364,20000,0.050000000000000044,0.03353368974290788,-1.2546799037232994,0.0,0.0,0,"{""0"": 8861, ""1"": 10737, ""2"": 13155, ""3"": 10247, ""4"": 16234, ""5"": 8665}",connected
67999,364,20000,0.050000000000000044,0.036160813914611935,-1.2546799037232994,0.0,0.0,0,"{""0"": 8870, ""1"": 10741, ""2"": 13157, ""3"": 10268, ""4"": 16252, ""5"": 8711}",connected
68099,364,20000,0.050000000000000044,0.03727593506686389,-1.2546799037232994,0.0,0.0,0,"{""0"": 8876, ""1"": 10748, ""2"": 13163, ""3"": 10283, ""4"": 16308, ""5"": 8721}",connected
68199,364,20000,0.050000000000000044,0.03903201871551573,-1.2546799037232994,0.0,0.0,0,"{""0"": 8879, ""1"": 10766, ""2"": 13188, ""3"": 10291, ""4"": 16310, ""5"": 8765}",connected
68299,366,20000,0.050000000000000044,0.04168790944851935,-1.3895499020628632,0.0,0.0,0,"{""0"": 8884, ""1"": 10788, ""2"": 13193, ""3"": 10322, ""4"": 16342, ""5"": 8770}",connected
68399,366,20000,0.050000000000000044,0.04072198095731437,-1.3895499020628632,0.0,0.0,0,"{""0"": 8886, ""1"": 10801, ""2"": 13207, ""3"": 10335, ""4"": 16385, ""5"": 8785}",connected
68499,368,20000,0.050000000000000044,0.03989089114591479,-1.3569799024984242,0.0,0.0,0,"{""0"": 8892, ""1"": 10817, ""2"": 13227, ""3"": 10352, ""4"": 16415, ""5"": 8796}",connected
68599,370,20000,0.050000000000000044,0.04101968666538596,-1.206939904242754,0.0,0.0,0,"{""0"": 8900, ""1"": 10826, ""2"": 13242, ""3"": 10381, ""4"": 16439, ""5"": 8811}",connected
68699,370,20000,0.050000000000000044,0.04052950280718506,-1.206939904242754,0.0,0.0,0,"{""0"": 8903, ""1"": 10847, ""2"": 13263, ""3"": 10404, ""4"": 16455, ""5"": 8827}",connected
68799,372,20000,0.050000000000000044,0.0388914923556149,-1.184239901653491,0.0,0.0,0,"{""0"": 8912, ""1"": 10869, ""2"": 13291, ""3"": 10412, ""4"": 16486, ""5"": 8829}",connected
68899,372,20000,0.050000000000000044,0.04205754653550684,-1.184239901653491,0.0,0.0,0,"{""0"": 8912, ""1"": 10869, ""2"": 13340, ""3"": 10458, ""4"": 16490, ""5"": 8830}",connected
68999,372,20000,0.050000000000000044,0.03827887374442071,-1.184239901653491,0.0,0.0,0,"{""0"": 8912, ""1"": 10869, ""2"": 13388, ""3"": 10508, ""4"": 16490, ""5"": 8832}",connected
69099,372,20000,0.050000000000000044,0.03856834888923913,-1.184239901653491,0.0,0.0,0,"{""0"": 8915, ""1"": 10884, ""2"": 13423, ""3"": 10532, ""4"": 16495, ""5"": 8850}",connected
69199,374,20000,0.050000000000000044,0.042907468588091434,-1.3139599042525516,0.0,0.0,0,"{""0"": 8925, ""1"": 10889, ""2"": 13463, ""3"": 10543, ""4"": 16526, ""5"": 8853}",connected
69299,374,20000,0.050000000000000044,0.04006362417247147,-1.3139599042525516,0.0,0.0,0,"{""0"": 8950, ""1"": 10901, ""2"": 13479, ""3"": 10551, ""4"": 16553, ""5"": 8865}",connected
69399,376,20000,0.050000000000000044,0.04021329684183002,-1.3074399054329842,0.0,0.0,0,"{""0"": 8963, ""1"": 10920, ""2"": 13495, ""3"": 10565, ""4"": 16583, ""5"": 8873}",connected
69499,378,20000,0.050000000000000044,0.04197247713804245,-1.173709908570163,0.0,0.0,0,"{""0"": 8971, ""1"": 10938, ""2"": 13525, ""3"": 10570, ""4"": 16610, ""5"": 8885}",connected
69599,378,20000,0.050000000000000044,0.037119834274053576,-1.173709908570163,0.0,0.0,0,"{""0"": 8984, ""1"": 10954, ""2"": 13542, ""3"": 10598, ""4"": 16628, ""5"": 8893}",connected
69699,378,20000,0.050000000000000044,0.036336795296519994,-1.173709908570163,0.0,0.0,0,"{""0"": 8996, ""1"": 10965, ""2"": 13555, ""3"": 10624, ""4"": 16660, ""5"": 8899}",connected
69799,378,20000,0.050000000000000044,0.03591183750890195,-1.173709908570163,0.0,0.0,0,"{""0"": 9004, ""1"": 10995, ""2"": 13569, ""3"": 10648, ""4"": 16681, ""5"": 8902}",connected
69899,378,20000,0.050000000000000044,0.032631952865049246,-1.173709908570163,0.0,0.0,0,"{""0"": 9007, ""1"": 11020, ""2"": 13584, ""3"": 10660, ""4"": 16690, ""5"": 8938}",connected
69999,382,20000,0.050000000000000044,0.03371301502920687,-1.261579900784418,0.0,0.0,0,"{""0"": 9011, ""1"": 11033, ""2"": 13606, ""3"": 10674, ""4"": 16723, ""5"": 8952}",connected
70099,382,20000,0.050000000000000044,0.034951645433902744,-1.261579900784418,0.0,0.0,0,"{""0"": 9020, ""1"": 11063, ""2"": 13620, ""3"": 10684, ""4"": 16752, ""5"": 8960}",connected
70199,382,20000,0.050000000000000044,0.03766495171934366,-1.261579900784418,0.0,0.0,0,"{""0"": 9047, ""1"": 11102, ""2"": 13627, ""3"": 10690, ""4"": 16772, ""5"": 8961}",connected
70299,382,20000,0.050000000000000044,0.03723213205114007,-1.261579900784418,0.0,0.0,0,"{""0"": 9107, ""1"": 11118, ""2"": 13640, ""3"": 10694, ""4"": 16777, ""5"": 8963}",connected
70399,382,20000,0.050000000000000044,0.036444283155724407,-1.261579900784418,0.0,0.0,0,"{""0"": 9109, ""1"": 11165, ""2"": 13672, ""3"": 10695, ""4"": 16788, ""5"": 8970}",connected
70499,384,20000,0.050000000000000044,0.03622253052890301,-1.3217098962143063,0.0,0.0,0,"{""0"": 9111, ""1"": 11195, ""2"": 13704, ""3"": 10697, ""4"": 16812, ""5"": 8980}",connected
70599,386,20000,0.050000000000000044,0.03517914181575179,-1.144109898195602,0.0,0.0,0,"{""0"": 9114, ""1"": 11202, ""2"": 13721, ""3"": 10725, ""4"": 16846, ""5"": 8991}",connected
70699,386,20000,0.050000000000000044,0.03666051058098674,-1.144109898195602,0.0,0.0,0,"{""0"": 9119, ""1"": 11216, ""2"": 13743, ""3"": 10731, ""4"": 16892, ""5"": 8998}",connected
70799,386,20000,0.050000000000000044,0.03951949984766543,-1.144109898195602,0.0,0.0,0,"{""0"": 9119, ""1"": 11228, ""2"": 13754, ""3"": 10772, ""4"": 16928, ""5"": 8998}",connected
70899,386,20000,0.050000000000000044,0.03818121901713312,-1.144109898195602,0.0,0.0,0,"{""0"": 9120, ""1"": 11245, ""2"": 13757, ""3"": 10817, ""4"": 16957, ""5"": 9003}",connected
70999,386,20000,0.050000000000000044,0.03779047880321741,-1.144109898195602,0.0,0.0,0,"{""0"": 9126, ""1"": 11267, ""2"": 13779, ""3"": 10842, ""4"": 16980, ""5"": 9005}",connected
71099,388,20000,0.050000000000000044,0.037384243719279765,-1.1179598922794685,0.0,0.0,0,"{""0"": 9131, ""1"": 11286, ""2"": 13809, ""3"": 10860, ""4"": 17005, ""5"": 9008}",connected
71199,388,20000,0.050000000000000044,0.035265943016856906,-1.1179598922794685,0.0,0.0,0,"{""0"": 9146, ""1"": 11300, ""2"": 13822, ""3"": 10889, ""4"": 17033, ""5"": 9009}",connected
71299,388,20000,0.050000000000000044,0.03707153086550534,-1.1179598922794685,0.0,0.0,0,"{""0"": 9199, ""1"": 11303, ""2"": 13824, ""3"": 10890, ""4"": 17073, ""5"": 9010}",connected
71399,388,20000,0.050000000000000044,0.036748845539987085,-1.1179598922794685,0.0,0.0,0,"{""0"": 9215, ""1"": 11310, ""2"": 13866, ""3"": 10896, ""4"": 17102, ""5"": 9010}",connected
71499,388,20000,0.050000000000000044,0.04082153127528727,-1.1179598922794685,0.0,0.0,0,"{""0"": 9219, ""1"": 11333, ""2"": 13936, ""3"": 10896, ""4"": 17105, ""5"": 9010}",connected
71599,390,20000,0.050000000000000044,0.04187090048566461,-1.1343998907413333,0.0,0.0,0,"{""0"": 9222, ""1"": 11353, ""2"": 13955, ""3"": 10912, ""4"": 17135, ""5"": 9022}",connected
71699,390,20000,0.050000000000000044,0.042026959331706165,-1.1343998907413333,0.0,0.0,0,"{""0"": 9225, ""1"": 11370, ""2"": 13983, ""3"": 10914, ""4"": 17181, ""5"": 9026}",connected
71799,390,20000,0.050000000000000044,0.04437818752601743,-1.1343998907413333,0.0,0.0,0,"{""0"": 9225, ""1"": 11370, ""2"": 13984, ""3"": 10918, ""4"": 17276, ""5"": 9026}",connected
71899,390,20000,0.050000000000000044,0.04042326363734901,-1.1343998907413333,0.0,0.0,0,"{""0"": 9227, ""1"": 11376, ""2"": 14031, ""3"": 10922, ""4"": 17314, ""5"": 9029}",connected
71999,391,20000,0.050000000000000044,0.03939070614986122,-1.1210898892907426,0.0,0.0,0,"{""0"": 9228, ""1"": 11382, ""2"": 14075, ""3"": 10927, ""4"": 17357, ""5"": 9030}",connected
72099,394,20000,0.050000000000000044,0.03889887684956193,-1.1470698886690662,0.0,0.0,0,"{""0"": 9237, ""1"": 11392, ""2"": 14093, ""3"": 10943, ""4"": 17386, ""5"": 9048}",connected
72199,394,20000,0.050000000000000044,0.0376651556044817,-1.1470698886690662,0.0,0.0,0,"{""0"": 9254, ""1"": 11404, ""2"": 14107, ""3"": 10958, ""4"": 17408, ""5"": 9068}",connected
72299,396,20000,0.050000000000000044,0.03642098061740398,-1.1059898899076506,0.0,0.0,0,"{""0"": 9260, ""1"": 11409, ""2"": 14124, ""3"": 10976, ""4"": 17438, ""5"": 9092}",connected
72399,396,20000,0.050000000000000044,0.03688262231647968,-1.1059898899076506,0.0,0.0,0,"{""0"": 9270, ""1"": 11426, ""2"": 14143, ""3"": 10991, ""4"": 17469, ""5"": 9100}",connected
72499,396,20000,0.050000000000000044,0.03560312191955745,-1.1059898899076506,0.0,0.0,0,"{""0"": 9276, ""1"": 11446, ""2"": 14153, ""3"": 11019, ""4"": 17493, ""5"": 9112}",connected
72599,396,20000,0.050000000000000044,0.03577499251812696,-1.1059898899076506,0.0,0.0,0,"{""0"": 9286, ""1"": 11456, ""2"": 14170, ""3"": 11045, ""4"": 17529, ""5"": 9113}",connected
72699,398,20000,0.050000000000000044,0.036988333081826565,-0.9689498878642917,0.0,0.0,0,"{""0"": 9320, ""1"": 11475, ""2"": 14185, ""3"": 11056, ""4"": 17542, ""5"": 9121}",connected
72799,398,20000,0.050000000000000044,0.03581633349880576,-0.9689498878642917,0.0,0.0,0,"{""0"": 9338, ""1"": 11514, ""2"": 14198, ""3"": 11062, ""4"": 17556, ""5"": 9131}",connected
72899,398,20000,0.050000000000000044,0.03637764476239681,-0.9689498878642917,0.0,0.0,0,"{""0"": 9338, ""1"": 11534, ""2"": 14200, ""3"": 11095, ""4"": 17600, ""5"": 9132}",connected
72999,398,20000,0.050000000000000044,0.03535661927424371,-0.9689498878642917,0.0,0.0,0,"{""0"": 9339, ""1"": 11549, ""2"": 14200, ""3"": 11129, ""4"": 17649, ""5"": 9133}",connected
73099,398,20000,0.050000000000000044,0.036957201613113284,-0.9689498878642917,0.0,0.0,0,"{""0"": 9341, ""1"": 11570, ""2"": 14239, ""3"": 11145, ""4"": 17659, ""5"": 9145}",connected
73199,400,20000,0.050000000000000044,0.0379446401912719,-0.8864298879913985,0.0,0.0,0,"{""0"": 9351, ""1"": 11597, ""2"": 14251, ""3"": 11164, ""4"": 17688, ""5"": 9148}",connected
73299,402,20000,0.050000000000000044,0.03831336040049791,-0.6762998891388997,0.0,0.0,0,"{""0"": 9361, ""1"": 11610, ""2"": 14271, ""3"": 11180, ""4"": 17720, ""5"": 9157}",connected
73399,402,20000,0.050000000000000044,0.040050991196185354,-0.6762998891388997,0.0,0.0,0,"{""0"": 9368, ""1"": 11639, ""2"": 14286, ""3"": 11198, ""4"": 17743, ""5"": 9165}",connected
73499,402,20000,0.050000000000000044,0.036143477335572244,-0.6762998891388997,0.0,0.0,0,"{""0"": 9368, ""1"": 11707, ""2"": 14298, ""3"": 11199, ""4"": 17762, ""5"": 9165}",connected
73599,402,20000,0.050000000000000044,0.037983191441744564,-0.6762998891388997,0.0,0.0,0,"{""0"": 9368, ""1"": 11770, ""2"": 14317, ""3"": 11209, ""4"": 17769, ""5"": 9166}",connected
73699,404,20000,0.050000000000000044,0.038244062438607215,-0.6604698910191655,0.0,0.0,0,"{""0"": 9372, ""1"": 11819, ""2"": 14323, ""3"": 11230, ""4"": 17788, ""5"": 9167}",connected
73799,404,20000,0.050000000000000044,0.03602883510291576,-0.6604698910191655,0.0,0.0,0,"{""0"": 9373, ""1"": 11831, ""2"": 14337, ""3"": 11247, ""4"": 17809, ""5"": 9202}",connected
73899,404,20000,0.050000000000000044,0.03781958345323801,-0.6604698910191655,0.0,0.0,0,"{""0"": 9379, ""1"": 11849, ""2"": 14356, ""3"": 11270, ""4"": 17828, ""5"": 9217}",connected
73999,404,20000,0.050000000000000044,0.036350518241524694,-0.6604698910191655,0.0,0.0,0,"{""0"": 9388, ""1"": 11869, ""2"": 14366, ""3"": 11293, ""4"": 17857, ""5"": 9226}",connected
74099,404,20000,0.050000000000000044,0.03622024497017264,-0.6604698910191655,0.0,0.0,0,"{""0"": 9405, ""1"": 11886, ""2"": 14378, ""3"": 11307, ""4"": 17892, ""5"": 9231}",connected
74199,406,20000,0.050000000000000044,0.03668792732991278,-0.6903598881093785,0.0,0.0,0,"{""0"": 9425, ""1"": 11887, ""2"": 14392, ""3"": 11327, ""4"": 17936, ""5"": 9232}",connected
74299,406,20000,0.050000000000000044,0.03651621783152223,-0.6903598881093785,0.0,0.0,0,"{""0"": 9428, ""1"": 11893, ""2"": 14399, ""3"": 11333, ""4"": 17972, ""5"": 9274}",connected
74399,406,20000,0.050000000000000044,0.03621622532606125,-0.6903598881093785,0.0,0.0,0,"{""0"": 9428, ""1"": 11899, ""2"": 14400, ""3"": 11338, ""4"": 18015, ""5"": 9319}",connected
74499,406,20000,0.050000000000000044,0.035182395013980565,-0.6903598881093785,0.0,0.0,0,"{""0"": 9446, ""1"": 11923, ""2"": 14402, ""3"": 11364, ""4"": 18042, ""5"": 9322}",connected
74599,406,20000,0.050000000000000044,0.03643948428798467,-0.6903598881093785,0.0,0.0,0,"{""0"": 9464, ""1"": 11925, ""2"": 14407, ""3"": 11373, ""4"": 18075, ""5"": 9355}",connected
74699,408,20000,0.050000000000000044,0.03776630837004632,-0.8348698862781748,0.0,0.0,0,"{""0"": 9467, ""1"": 11931, ""2"": 14417, ""3"": 11375, ""4"": 18120, ""5"": 9389}",connected
74799,408,20000,0.050000000000000044,0.04005297342780977,-0.8348698862781748,0.0,0.0,0,"{""0"": 9469, ""1"": 11932, ""2"": 14420, ""3"": 11382, ""4"": 18163, ""5"": 9433}",connected
74899,408,20000,0.050000000000000044,0.04233745794277638,-0.8348698862781748,0.0,0.0,0,"{""0"": 9470, ""1"": 11932, ""2"": 14422, ""3"": 11400, ""4"": 18193, ""5"": 9482}",connected
74999,408,20000,0.050000000000000044,0.04100362844299525,-0.8348698862781748,0.0,0.0,0,"{""0"": 9470, ""1"": 11932, ""2"": 14426, ""3"": 11434, ""4"": 18206, ""5"": 9531}",connected
75099,410,20000,0.050000000000000044,0.041728860209695996,-1.007439887537621,0.0,0.0,0,"{""0"": 9476, ""1"": 11938, ""2"": 14433, ""3"": 11464, ""4"": 18225, ""5"": 9563}",connected
75199,410,20000,0.050000000000000044,0.03755757186096162,-1.007439887537621,0.0,0.0,0,"{""0"": 9496, ""1"": 11940, ""2"": 14435, ""3"": 11482, ""4"": 18264, ""5"": 9582}",connected
75299,410,20000,0.050000000000000044,0.0356281419750303,-1.007439887537621,0.0,0.0,0,"{""0"": 9525, ""1"": 11941, ""2"": 14442, ""3"": 11495, ""4"": 18307, ""5"": 9589}",connected
75399,410,20000,0.050000000000000044,0.03672177834436297,-1.007439887537621,0.0,0.0,0,"{""0"": 9525, ""1"": 11945, ""2"": 14442, ""3"": 11539, ""4"": 18317, ""5"": 9631}",connected
75499,410,20000,0.050000000000000044,0.037301357425749304,-1.007439887537621,0.0,0.0,0,"{""0"": 9532, ""1"": 11965, ""2"": 14443, ""3"": 11552, ""4"": 18363, ""5"": 9644}",connected
75599,412,20000,0.050000000000000044,0.03938992145471275,-1.1271498925378547,0.0,0.0,0,"{""0"": 9536, ""1"": 11971, ""2"": 14452, ""3"": 11561, ""4"": 18415, ""5"": 9664}",connected
75699,412,20000,0.050000000000000044,0.0390778362005949,-1.1271498925378547,0.0,0.0,0,"{""0"": 9537, ""1"": 11988, ""2"": 14461, ""3"": 11587, ""4"": 18444, ""5"": 9682}",connected
75799,412,20000,0.050000000000000044,0.03653905284591019,-1.1271498925378547,0.0,0.0,0,"{""0"": 9547, ""1"": 11994, ""2"": 14464, ""3"": 11607, ""4"": 18503, ""5"": 9684}",connected
75899,412,20000,0.050000000000000044,0.0351228138525039,-1.1271498925378547,0.0,0.0,0,"{""0"": 9561, ""1"": 11996, ""2"": 14510, ""3"": 11619, ""4"": 18510, ""5"": 9703}",connected
75999,414,20000,0.050000000000000044,0.03560691824182868,-1.062279893225059,0.0,0.0,0,"{""0"": 9567, ""1"": 11999, ""2"": 14578, ""3"": 11620, ""4"": 18521, ""5"": 9714}",connected
76099,414,20000,0.050000000000000044,0.03581946532242,-1.062279893225059,0.0,0.0,0,"{""0"": 9573, ""1"": 12008, ""2"": 14585, ""3"": 11641, ""4"": 18548, ""5"": 9744}",connected
76199,414,20000,0.050000000000000044,0.0371622512023896,-1.062279893225059,0.0,0.0,0,"{""0"": 9573, ""1"": 12008, ""2"": 14586, ""3"": 11658, ""4"": 18581, ""5"": 9793}",connected
76299,414,20000,0.050000000000000044,0.03737465886864811,-1.062279893225059,0.0,0.0,0,"{""0"": 9580, ""1"": 12015, ""2"": 14594, ""3"": 11700, ""4"": 18598, ""5"": 9812}",connected
76399,414,20000,0.050000000000000044,0.035849325307644904,-1.062279893225059,0.0,0.0,0,"{""0"": 9628, ""1"": 12015, ""2"": 14595, ""3"": 11720, ""4"": 18629, ""5"": 9812}",connected
76499,416,20000,0.050000000000000044,0.03905286638066172,-1.1752798951556906,0.0,0.0,0,"{""0"": 9641, ""1"": 12022, ""2"": 14607, ""3"": 11742, ""4"": 18660, ""5"": 9827}",connected
76599,416,20000,0.050000000000000044,0.039685431485995654,-1.1752798951556906,0.0,0.0,0,"{""0"": 9647, ""1"": 12037, ""2"": 14620, ""3"": 11777, ""4"": 18685, ""5"": 9833}",connected
76699,416,20000,0.050000000000000044,0.03738578617107123,-1.1752798951556906,0.0,0.0,0,"{""0"": 9657, ""1"": 12037, ""2"": 14624, ""3"": 11805, ""4"": 18710, ""5"": 9866}",connected
76799,416,20000,0.050000000000000044,0.03962041002232582,-1.1752798951556906,0.0,0.0,0,"{""0"": 9662, ""1"": 12040, ""2"": 14628, ""3"": 11846, ""4"": 18729, ""5"": 9894}",connected
76899,416,20000,0.050000000000000044,0.03694261625409126,-1.1752798951556906,0.0,0.0,0,"{""0"": 9663, ""1"": 12040, ""2"": 14629, ""3"": 11904, ""4"": 18742, ""5"": 9921}",connected
76999,418,20000,0.050000000000000044,0.036167020918801425,-1.2918298931838945,0.0,0.0,0,"{""0"": 9669, ""1"": 12049, ""2"": 14641, ""3"": 11930, ""4"": 18777, ""5"": 9933}",connected
77099,418,20000,0.050000000000000044,0.03931956792715937,-1.2918298931838945,0.0,0.0,0,"{""0"": 9679, ""1"": 12052, ""2"": 14652, ""3"": 11973, ""4"": 18789, ""5"": 9954}",connected
77199,418,20000,0.050000000000000044,0.03736872483510524,-1.2918298931838945,0.0,0.0,0,"{""0"": 9681, ""1"": 12066, ""2"": 14667, ""3"": 11986, ""4"": 18830, ""5"": 9969}",connected
77299,418,20000,0.050000000000000044,0.03617054837755859,-1.2918298931838945,0.0,0.0,0,"{""0"": 9686, ""1"": 12070, ""2"": 14673, ""3"": 12008, ""4"": 18862, ""5"": 10000}",connected
77399,420,20000,0.050000000000000044,0.035982492016628384,-1.3469898923439905,0.0,0.0,0,"{""0"": 9691, ""1"": 12101, ""2"": 14678, ""3"": 12014, ""4"": 18880, ""5"": 10035}",connected
77499,420,20000,0.050000000000000044,0.035133227217011155,-1.3469898923439905,0.0,0.0,0,"{""0"": 9697, ""1"": 12119, ""2"": 14691, ""3"": 12032, ""4"": 18916, ""5"": 10044}",connected
77599,420,20000,0.050000000000000044,0.033707582210190594,-1.3469898923439905,0.0,0.0,0,"{""0"": 9699, ""1"": 12128, ""2"": 14691, ""3"": 12060, ""4"": 18969, ""5"": 10052}",connected
77699,420,20000,0.050000000000000044,0.036094636684283615,-1.3469898923439905,0.0,0.0,0,"{""0"": 9701, ""1"": 12145, ""2"": 14702, ""3"": 12076, ""4"": 19007, ""5"": 10068}",connected
77799,420,20000,0.050000000000000044,0.03500190692022443,-1.3469898923439905,0.0,0.0,0,"{""0"": 9701, ""1"": 12160, ""2"": 14713, ""3"": 12094, ""4"": 19044, ""5"": 10087}",connected
77899,422,20000,0.050000000000000044,0.0356730685569346,-1.3975398935796692,0.0,0.0,0,"{""0"": 9712, ""1"": 12178, ""2"": 14729, ""3"": 12114, ""4"": 19073, ""5"": 10093}",connected
77999,424,20000,0.050000000000000044,0.03555476415902376,-1.4011798967281357,0.0,0.0,0,"{""0"": 9718, ""1"": 12187, ""2"": 14749, ""3"": 12132, ""4"": 19109, ""5"": 10104}",connected
78099,424,20000,0.050000000000000044,0.033744217986240985,-1.4011798967281357,0.0,0.0,0,"{""0"": 9731, ""1"": 12216, ""2"": 14769, ""3"": 12148, ""4"": 19128, ""5"": 10107}",connected
78199,424,20000,0.050000000000000044,0.03465559157542884,-1.4011798967281357,0.0,0.0,0,"{""0"": 9764, ""1"": 12223, ""2"": 14776, ""3"": 12171, ""4"": 19149, ""5"": 10116}",connected
78299,424,20000,0.050000000000000044,0.03335558772552758,-1.4011798967281357,0.0,0.0,0,"{""0"": 9776, ""1"": 12238, ""2"": 14791, ""3"": 12199, ""4"": 19172, ""5"": 10123}",connected
78399,424,20000,0.050000000000000044,0.034510821220465004,-1.4011798967281357,0.0,0.0,0,"{""0"": 9782, ""1"": 12248, ""2"": 14814, ""3"": 12234, ""4"": 19189, ""5"": 10132}",connected
78499,426,20000,0.050000000000000044,0.03351520008873195,-1.4030698958504946,0.0,0.0,0,"{""0"": 9802, ""1"": 12256, ""2"": 14824, ""3"": 12245, ""4"": 19208, ""5"": 10164}",connected
78599,426,20000,0.050000000000000044,0.03260179533157498,-1.4030698958504946,0.0,0.0,0,"{""0"": 9802, ""1"": 12258, ""2"": 14826, ""3"": 12274, ""4"": 19220, ""5"": 10219}",connected
78699,426,20000,0.050000000000000044,0.03233140677213669,-1.4030698958504946,0.0,0.0,0,"{""0"": 9813, ""1"": 12271, ""2"": 14839, ""3"": 12303, ""4"": 19241, ""5"": 10232}",connected
78799,426,20000,0.050000000000000044,0.032344160908833144,-1.4030698958504946,0.0,0.0,0,"{""0"": 9844, ""1"": 12276, ""2"": 14845, ""3"": 12325, ""4"": 19268, ""5"": 10241}",connected
78899,426,20000,0.050000000000000044,0.033701152140274644,-1.4030698958504946,0.0,0.0,0,"{""0"": 9858, ""1"": 12296, ""2"": 14880, ""3"": 12336, ""4"": 19279, ""5"": 10250}",connected
78999,428,20000,0.050000000000000044,0.03412794594187289,-1.4792298930883407,0.0,0.0,0,"{""0"": 9867, ""1"": 12309, ""2"": 14898, ""3"": 12352, ""4"": 19314, ""5"": 10259}",connected
79099,428,20000,0.050000000000000044,0.035070847594179215,-1.4792298930883407,0.0,0.0,0,"{""0"": 9870, ""1"": 12343, ""2"": 14931, ""3"": 12368, ""4"": 19326, ""5"": 10261}",connected
79199,428,20000,0.050000000000000044,0.03755045008379966,-1.4792298930883407,0.0,0.0,0,"{""0"": 9870, ""1"": 12378, ""2"": 14965, ""3"": 12379, ""4"": 19344, ""5"": 10263}",connected
79299,428,20000,0.050000000000000044,0.03643015505746007,-1.4792298930883407,0.0,0.0,0,"{""0"": 9873, ""1"": 12390, ""2"": 15018, ""3"": 12389, ""4"": 19365, ""5"": 10264}",connected
79399,430,20000,0.050000000000000044,0.035392009429633615,-1.5500198903447018,0.0,0.0,0,"{""0"": 9877, ""1"": 12413, ""2"": 15041, ""3"": 12402, ""4"": 19400, ""5"": 10266}",connected
79499,430,20000,0.050000000000000044,0.033909370386973024,-1.5500198903447018,0.0,0.0,0,"{""0"": 9896, ""1"": 12427, ""2"": 15046, ""3"": 12428, ""4"": 19417, ""5"": 10285}",connected
79599,430,20000,0.050000000000000044,0.033539016898721456,-1.5500198903447018,0.0,0.0,0,"{""0"": 9907, ""1"": 12445, ""2"": 15063, ""3"": 12446, ""4"": 19437, ""5"": 10301}",connected
79699,432,20000,0.050000000000000044,0.03195268392097205,-1.5404498902754857,0.0,0.0,0,"{""0"": 9915, ""1"": 12456, ""2"": 15077, ""3"": 12466, ""4"": 19461, ""5"": 10324}",connected
79799,432,20000,0.050000000000000044,0.03619047910440713,-1.5404498902754857,0.0,0.0,0,"{""0"": 9929, ""1"": 12500, ""2"": 15094, ""3"": 12477, ""4"": 19470, ""5"": 10329}",connected
79899,432,20000,0.050000000000000044,0.03822551533114165,-1.5404498902754857,0.0,0.0,0,"{""0"": 9934, ""1"": 12563, ""2"": 15119, ""3"": 12479, ""4"": 19475, ""5"": 10329}",connected
79999,432,20000,0.050000000000000044,0.03629740488249809,-1.5404498902754857,0.0,0.0,0,"{""0"": 9973, ""1"": 12567, ""2"": 15129, ""3"": 12487, ""4"": 19512, ""5"": 10331}",connected
80099,434,20000,0.050000000000000044,0.04075058178510517,-1.6167998911906034,0.0,0.0,0,"{""0"": 9980, ""1"": 12600, ""2"": 15147, ""3"": 12496, ""4"": 19536, ""5"": 10340}",connected
80199,434,20000,0.050000000000000044,0.038884313264861706,-1.6167998911906034,0.0,0.0,0,"{""0"": 9989, ""1"": 12621, ""2"": 15165, ""3"": 12509, ""4"": 19553, ""5"": 10362}",connected
80299,434,20000,0.050000000000000044,0.039488003216683866,-1.6167998911906034,0.0,0.0,0,"{""0"": 9992, ""1"": 12643, ""2"": 15170, ""3"": 12536, ""4"": 19568, ""5"": 10390}",connected
80399,434,20000,0.050000000000000044,0.04055015027523041,-1.6167998911906034,0.0,0.0,0,"{""0"": 9992, ""1"": 12654, ""2"": 15170, ""3"": 12575, ""4"": 19579, ""5"": 10429}",connected
80499,434,20000,0.050000000000000044,0.039966822462156416,-1.6167998911906034,0.0,0.0,0,"{""0"": 10003, ""1"": 12665, ""2"": 15181, ""3"": 12607, ""4"": 19595, ""5"": 10448}",connected
80599,436,20000,0.050000000000000044,0.040511788241565226,-1.4177798888972029,0.0,0.0,0,"{""0"": 10023, ""1"": 12672, ""2"": 15190, ""3"": 12617, ""4"": 19621, ""5"": 10476}",connected
80699,438,20000,0.050000000000000044,0.03838268701452762,-1.4231998932128773,0.0,0.0,0,"{""0"": 10031, ""1"": 12695, ""2"": 15202, ""3"": 12634, ""4"": 19659, ""5"": 10478}",connected
80799,438,20000,0.050000000000000044,0.04229847509879619,-1.4231998932128773,0.0,0.0,0,"{""0"": 10036, ""1"": 12728, ""2"": 15214, ""3"": 12640, ""4"": 19681, ""5"": 10500}",connected
80899,438,20000,0.050000000000000044,0.041832878114655615,-1.4231998932128773,0.0,0.0,0,"{""0"": 10037, ""1"": 12782, ""2"": 15236, ""3"": 12642, ""4"": 19683, ""5"": 10519}",connected
80999,438,20000,0.050000000000000044,0.04215542008168995,-1.4231998932128773,0.0,0.0,0,"{""0"": 10042, ""1"": 12818, ""2"": 15260, ""3"": 12661, ""4"": 19687, ""5"": 10531}",connected
81099,438,20000,0.050000000000000044,0.04212176901753992,-1.4231998932128773,0.0,0.0,0,"{""0"": 10055, ""1"": 12835, ""2"": 15261, ""3"": 12700, ""4"": 19688, ""5"": 10560}",connected
81199,440,20000,0.050000000000000044,0.03553563309367746,-1.3893798911711202,0.0,0.0,0,"{""0"": 10068, ""1"": 12851, ""2"": 15265, ""3"": 12722, ""4"": 19710, ""5"": 10583}",connected
81299,440,20000,0.050000000000000044,0.0365504721365869,-1.3893798911711202,0.0,0.0,0,"{""0"": 10081, ""1"": 12863, ""2"": 15267, ""3"": 12743, ""4"": 19732, ""5"": 10613}",connected
81399,442,20000,0.050000000000000044,0.034615037869662045,-0.9725998962810263,0.0,0.0,0,"{""0"": 10124, ""1"": 12866, ""2"": 15285, ""3"": 12754, ""4"": 19752, ""5"": 10618}",connected
81499,442,20000,0.050000000000000044,0.03477119581773877,-0.9725998962810263,0.0,0.0,0,"{""0"": 10135, ""1"": 12873, ""2"": 15288, ""3"": 12775, ""4"": 19804, ""5"": 10624}",connected
81599,442,20000,0.050000000000000044,0.03741771400906146,-0.9725998962810263,0.0,0.0,0,"{""0"": 10143, ""1"": 12875, ""2"": 15288, ""3"": 12798, ""4"": 19870, ""5"": 10625}",connected
81699,442,20000,0.050000000000000044,0.03565399597398937,-0.9725998962810263,0.0,0.0,0,"{""0"": 10176, ""1"": 12900, ""2"": 15302, ""3"": 12809, ""4"": 19882, ""5"": 10630}",connected
81799,444,20000,0.050000000000000044,0.03657744199037552,-0.7707698990078643,0.0,0.0,0,"{""0"": 10180, ""1"": 12909, ""2"": 15315, ""3"": 12834, ""4"": 19914, ""5"": 10647}",connected
81899,444,20000,0.050000000000000044,0.03614087109919637,-0.7707698990078643,0.0,0.0,0,"{""0"": 10180, ""1"": 12934, ""2"": 15337, ""3"": 12835, ""4"": 19915, ""5"": 10698}",connected
81999,444,20000,0.050000000000000044,0.034364801370538774,-0.7707698990078643,0.0,0.0,0,"{""0"": 10186, ""1"": 12961, ""2"": 15366, ""3"": 12851, ""4"": 19918, ""5"": 10717}",connected
82099,444,20000,0.050000000000000044,0.033878161194734274,-0.7707698990078643,0.0,0.0,0,"{""0"": 10200, ""1"": 12970, ""2"": 15378, ""3"": 12871, ""4"": 19931, ""5"": 10749}",connected
82199,444,20000,0.050000000000000044,0.033263431987725196,-0.7707698990078643,0.0,0.0,0,"{""0"": 10220, ""1"": 12985, ""2"": 15387, ""3"": 12879, ""4"": 19946, ""5"": 10782}",connected
82299,446,20000,0.050000000000000044,0.03512567106634378,-0.8813698962843045,0.0,0.0,0,"{""0"": 10223, ""1"": 13010, ""2"": 15399, ""3"": 12901, ""4"": 19977, ""5"": 10789}",connected
82399,448,20000,0.050000000000000044,0.03579068488441408,-0.775709903803654,0.0,0.0,0,"{""0"": 10226, ""1"": 13028, ""2"": 15418, ""3"": 12905, ""4"": 20027, ""5"": 10795}",connected
82499,448,20000,0.050000000000000044,0.03633361063431948,-0.775709903803654,0.0,0.0,0,"{""0"": 10253, ""1"": 13037, ""2"": 15446, ""3"": 12917, ""4"": 20049, ""5"": 10797}",connected
82599,450,20000,0.050000000000000044,0.036734059234149755,-0.686109903990291,0.0,0.0,0,"{""0"": 10278, ""1"": 13047, ""2"": 15452, ""3"": 12919, ""4"": 20074, ""5"": 10829}",connected
82699,450,20000,0.050000000000000044,0.03594502063468099,-0.686109903990291,0.0,0.0,0,"{""0"": 10293, ""1"": 13051, ""2"": 15464, ""3"": 12932, ""4"": 20112, ""5"": 10847}",connected
82799,452,20000,0.050000000000000044,0.040156561434268954,-0.5215399065194651,0.0,0.0,0,"{""0"": 10295, ""1"": 13065, ""2"": 15477, ""3"": 12966, ""4"": 20144, ""5"": 10852}",connected
82899,452,20000,0.050000000000000044,0.04387179749552161,-0.5215399065194651,0.0,0.0,0,"{""0"": 10295, ""1"": 13066, ""2"": 15479, ""3"": 13046, ""4"": 20159, ""5"": 10854}",connected
82999,452,20000,0.050000000000000044,0.043312813355587426,-0.5215399065194651,0.0,0.0,0,"{""0"": 10296, ""1"": 13067, ""2"": 15479, ""3"": 13129, ""4"": 20171, ""5"": 10857}",connected
83099,452,20000,0.050000000000000044,0.04274488730356097,-0.5215399065194651,0.0,0.0,0,"{""0"": 10309, ""1"": 13081, ""2"": 15482, ""3"": 13153, ""4"": 20214, ""5"": 10860}",connected
83199,454,20000,0.050000000000000044,0.03840260546654463,-0.6146499079838396,0.0,0.0,0,"{""0"": 10312, ""1"": 13104, ""2"": 15490, ""3"": 13164, ""4"": 20266, ""5"": 10863}",connected
83299,454,20000,0.050000000000000044,0.03512698185630143,-0.6146499079838396,0.0,0.0,0,"{""0"": 10315, ""1"": 13115, ""2"": 15508, ""3"": 13178, ""4"": 20301, ""5"": 10882}",connected
83399,454,20000,0.050000000000000044,0.03606873230077326,-0.6146499079838396,0.0,0.0,0,"{""0"": 10316, ""1"": 13117, ""2"": 15519, ""3"": 13180, ""4"": 20346, ""5"": 10921}",connected
83499,456,20000,0.050000000000000044,0.03728961660526693,-0.6487599102407694,0.0,0.0,0,"{""0"": 10320, ""1"": 13125, ""2"": 15524, ""3"": 13201, ""4"": 20389, ""5"": 10940}",connected
83599,456,20000,0.050000000000000044,0.03857831357046962,-0.6487599102407694,0.0,0.0,0,"{""0"": 10323, ""1"": 13152, ""2"": 15524, ""3"": 13219, ""4"": 20422, ""5"": 10959}",connected
83699,456,20000,0.050000000000000044,0.03881978807970882,-0.6487599102407694,0.0,0.0,0,"{""0"": 10352, ""1"": 13191, ""2"": 15527, ""3"": 13236, ""4"": 20434, ""5"": 10959}",connected
83799,456,20000,0.050000000000000044,0.04009394569322467,-0.6487599102407694,0.0,0.0,0,"{""0"": 10360, ""1"": 13213, ""2"": 15543, ""3"": 13261, ""4"": 20451, ""5"": 10971}",connected
83899,458,20000,0.050000000000000044,0.03877934311516583,-0.5422199131269008,0.0,0.0,0,"{""0"": 10371, ""1"": 13221, ""2"": 15556, ""3"": 13269, ""4"": 20492, ""5"": 10990}",connected
83999,458,20000,0.050000000000000044,0.037973565640859304,-0.5422199131269008,0.0,0.0,0,"{""0"": 10403, ""1"": 13243, ""2"": 15567, ""3"": 13278, ""4"": 20507, ""5"": 11001}",connected
84099,458,20000,0.050000000000000044,0.03844017950352281,-0.5422199131269008,0.0,0.0,0,"{""0"": 10447, ""1"": 13255, ""2"": 15576, ""3"": 13282, ""4"": 20534, ""5"": 11005}",connected
84199,458,20000,0.050000000000000044,0.0409503384726122,-0.5422199131269008,0.0,0.0,0,"{""0"": 10473, ""1"": 13256, ""2"": 15584, ""3"": 13282, ""4"": 20575, ""5"": 11029}",connected
84299,460,20000,0.050000000000000044,0.04111434934195131,-0.6072499120607973,0.0,0.0,0,"{""0"": 10501, ""1"": 13256, ""2"": 15586, ""3"": 13282, ""4"": 20619, ""5"": 11055}",connected
84399,460,20000,0.050000000000000044,0.042531286142766474,-0.6072499120607973,0.0,0.0,0,"{""0"": 10501, ""1"": 13275, ""2"": 15601, ""3"": 13309, ""4"": 20637, ""5"": 11076}",connected
84499,460,20000,0.050000000000000044,0.04033283419907093,-0.6072499120607973,0.0,0.0,0,"{""0"": 10510, ""1"": 13297, ""2"": 15614, ""3"": 13328, ""4"": 20651, ""5"": 11099}",connected
84599,460,20000,0.050000000000000044,0.037596501307561994,-0.6072499120607973,0.0,0.0,0,"{""0"": 10565, ""1"": 13337, ""2"": 15614, ""3"": 13331, ""4"": 20651, ""5"": 11101}",connected
84699,460,20000,0.050000000000000044,0.038402673257514834,-0.6072499120607973,0.0,0.0,0,"{""0"": 10602, ""1"": 13366, ""2"": 15617, ""3"": 13335, ""4"": 20661, ""5"": 11118}",connected
84799,462,20000,0.050000000000000044,0.03801047592423856,-0.5845599133893847,0.0,0.0,0,"{""0"": 10613, ""1"": 13380, ""2"": 15637, ""3"": 13351, ""4"": 20688, ""5"": 11130}",connected
84899,464,20000,0.050000000000000044,0.039397443858906624,-0.4642999192792922,0.0,0.0,0,"{""0"": 10618, ""1"": 13390, ""2"": 15648, ""3"": 13375, ""4"": 20726, ""5"": 11142}",connected
84999,464,20000,0.050000000000000044,0.03670043117366731,-0.4642999192792922,0.0,0.0,0,"{""0"": 10627, ""1"": 13405, ""2"": 15657, ""3"": 13379, ""4"": 20768, ""5"": 11163}",connected
85099,464,20000,0.050000000000000044,0.03574773472733796,-0.4642999192792922,0.0,0.0,0,"{""0"": 10629, ""1"": 13420, ""2"": 15659, ""3"": 13397, ""4"": 20825, ""5"": 11169}",connected
85199,464,20000,0.050000000000000044,0.035149207590147856,-0.4642999192792922,0.0,0.0,0,"{""0"": 10635, ""1"": 13439, ""2"": 15673, ""3"": 13407, ""4"": 20849, ""5"": 11196}",connected
85299,466,20000,0.050000000000000044,0.036603510519489645,-0.28244992286898196,0.0,0.0,0,"{""0"": 10637, ""1"": 13458, ""2"": 15681, ""3"": 13415, ""4"": 20900, ""5"": 11208}",connected
85399,468,20000,0.050000000000000044,0.03978471009992063,-0.26031992422416805,0.0,0.0,0,"{""0"": 10647, ""1"": 13483, ""2"": 15696, ""3"": 13428, ""4"": 20927, ""5"": 11218}",connected
85499,470,20000,0.050000000000000044,0.040989441396668554,-0.260629923036322,0.0,0.0,0,"{""0"": 10651, ""1"": 13524, ""2"": 15713, ""3"": 13438, ""4"": 20951, ""5"": 11222}",connected
85599,470,20000,0.050000000000000044,0.04138727780431509,-0.260629923036322,0.0,0.0,0,"{""0"": 10656, ""1"": 13548, ""2"": 15725, ""3"": 13446, ""4"": 21000, ""5"": 11224}",connected
85699,472,20000,0.050000000000000044,0.03980187202803791,-0.27024992352351546,0.0,0.0,0,"{""0"": 10658, ""1"": 13579, ""2"": 15734, ""3"": 13454, ""4"": 21041, ""5"": 11233}",connected
85799,472,20000,0.050000000000000044,0.03960598688572645,-0.27024992352351546,0.0,0.0,0,"{""0"": 10659, ""1"": 13626, ""2"": 15746, ""3"": 13470, ""4"": 21059, ""5"": 11239}",connected
85899,472,20000,0.050000000000000044,0.0373425096552819,-0.27024992352351546,0.0,0.0,0,"{""0"": 10661, ""1"": 13660, ""2"": 15759, ""3"": 13479, ""4"": 21090, ""5"": 11250}",connected
85999,472,20000,0.050000000000000044,0.03528537580743432,-0.27024992352351546,0.0,0.0,0,"{""0"": 10665, ""1"": 13680, ""2"": 15762, ""3"": 13496, ""4"": 21146, ""5"": 11250}",connected
86099,474,20000,0.050000000000000044,0.03737279623746872,-0.23852991689462213,0.0,0.0,0,"{""0"": 10672, ""1"": 13694, ""2"": 15778, ""3"": 13515, ""4"": 21186, ""5"": 11254}",connected
86199,475,20000,0.050000000000000044,0.03486194338649511,-0.22687991567421706,0.0,0.0,0,"{""0"": 10685, ""1"": 13716, ""2"": 15787, ""3"": 13533, ""4"": 21204, ""5"": 11274}",connected
86299,476,20000,0.050000000000000044,0.035300536863505844,-0.2265399164101109,0.0,0.0,0,"{""0"": 10699, ""1"": 13729, ""2"": 15795, ""3"": 13543, ""4"": 21242, ""5"": 11291}",connected
86399,476,20000,0.050000000000000044,0.03532377626746893,-0.2265399164101109,0.0,0.0,0,"{""0"": 10720, ""1"": 13750, ""2"": 15800, ""3"": 13560, ""4"": 21272, ""5"": 11297}",connected
86499,478,20000,0.050000000000000044,0.03299457477405667,-0.2651599187636748,0.0,0.0,0,"{""0"": 10722, ""1"": 13765, ""2"": 15813, ""3"": 13580, ""4"": 21312, ""5"": 11307}",connected
86599,480,20000,0.050000000000000044,0.03490220533683896,-0.1387199225090444,0.0,0.0,0,"{""0"": 10728, ""1"": 13782, ""2"": 15835, ""3"": 13593, ""4"": 21343, ""5"": 11318}",connected
86699,482,20000,0.050000000000000044,0.03603369304910302,-0.14150992628186942,0.0,0.0,0,"{""0"": 10732, ""1"": 13804, ""2"": 15852, ""3"": 13610, ""4"": 21371, ""5"": 11330}",connected
86799,484,20000,0.050000000000000044,0.03677785206120461,-0.04421992814168334,0.0,0.0,0,"{""0"": 10736, ""1"": 13823, ""2"": 15870, ""3"": 13623, ""4"": 21400, ""5"": 11347}",connected
86899,486,20000,0.050000000000000044,0.03650082866195589,-0.04812992469407618,0.0,0.0,0,"{""0"": 10741, ""1"": 13848, ""2"": 15884, ""3"": 13634, ""4"": 21434, ""5"": 11358}",connected
86999,488,20000,0.050000000000000044,0.0349070812901482,0.0003500718157738447,0.0,0.0,0,"{""0"": 10746, ""1"": 13860, ""2"": 15896, ""3"": 13653, ""4"": 21471, ""5"": 11373}",connected
87099,488,20000,0.050000000000000044,0.03160491421353072,0.0003500718157738447,0.0,0.0,0,"{""0"": 10750, ""1"": 13888, ""2"": 15897, ""3"": 13654, ""4"": 21535, ""5"": 11375}",connected
87199,488,20000,0.050000000000000044,0.031190912844613193,0.0003500718157738447,0.0,0.0,0,"{""0"": 10751, ""1"": 13906, ""2"": 15897, ""3"": 13656, ""4"": 21613, ""5"": 11376}",connected
87299,488,20000,0.050000000000000044,0.03328794745728374,0.0003500718157738447,0.0,0.0,0,"{""0"": 10762, ""1"": 13968, ""2"": 15900, ""3"": 13663, ""4"": 21630, ""5"": 11376}",connected
87399,490,20000,0.050000000000000044,0.03397443019784987,0.013080073078162969,0.0,0.0,0,"{""0"": 10764, ""1"": 13998, ""2"": 15916, ""3"": 13678, ""4"": 21663, ""5"": 11380}",connected
87499,492,20000,0.050000000000000044,0.03527387397363782,0.14776007499080152,0.0,0.0,0,"{""0"": 10790, ""1"": 14021, ""2"": 15932, ""3"": 13689, ""4"": 21686, ""5"": 11381}",connected
87599,492,20000,0.050000000000000044,0.035740003660321235,0.14776007499080152,0.0,0.0,0,"{""0"": 10801, ""1"": 14036, ""2"": 15939, ""3"": 13723, ""4"": 21709, ""5"": 11391}",connected
87699,494,20000,0.050000000000000044,0.03580812101252377,0.1310400775214657,0.0,0.0,0,"{""0"": 10809, ""1"": 14044, ""2"": 15948, ""3"": 13748, ""4"": 21755, ""5"": 11395}",connected
87799,496,20000,0.050000000000000044,0.03318422459997237,0.1479400811670348,0.0,0.0,0,"{""0"": 10814, ""1"": 14053, ""2"": 15970, ""3"": 13761, ""4"": 21781, ""5"": 11420}",connected
87899,498,20000,0.050000000000000044,0.03302893091924489,0.19867008111439646,0.0,0.0,0,"{""0"": 10819, ""1"": 14071, ""2"": 15986, ""3"": 13774, ""4"": 21810, ""5"": 11439}",connected
87999,500,20000,0.050000000000000044,0.033153554070740936,0.31489008202217517,0.0,0.0,0,"{""0"": 10821, ""1"": 14085, ""2"": 16012, ""3"": 13785, ""4"": 21847, ""5"": 11449}",connected
88099,500,20000,0.050000000000000044,0.0303552960883826,0.31489008202217517,0.0,0.0,0,"{""0"": 10823, ""1"": 14120, ""2"": 16028, ""3"": 13791, ""4"": 21881, ""5"": 11456}",connected
88199,502,20000,0.050000000000000044,0.032189834108576176,0.28571008251979946,0.0,0.0,0,"{""0"": 10828, ""1"": 14136, ""2"": 16057, ""3"": 13806, ""4"": 21911, ""5"": 11461}",connected
88299,502,20000,0.050000000000000044,0.03338269624859094,0.28571008251979946,0.0,0.0,0,"{""0"": 10843, ""1"": 14157, ""2"": 16083, ""3"": 13817, ""4"": 21923, ""5"": 11476}",connected
88399,502,20000,0.050000000000000044,0.033579258071258666,0.28571008251979946,0.0,0.0,0,"{""0"": 10855, ""1"": 14187, ""2"": 16096, ""3"": 13831, ""4"": 21953, ""5"": 11477}",connected
88499,504,20000,0.050000000000000044,0.03443973562214524,0.41455008134245874,0.0,0.0,0,"{""0"": 10873, ""1"": 14204, ""2"": 16112, ""3"": 13836, ""4"": 21991, ""5"": 11483}",connected
88599,506,20000,0.050000000000000044,0.03493111929390579,0.4741000805888325,0.0,0.0,0,"{""0"": 10877, ""1"": 14227, ""2"": 16126, ""3"": 13847, ""4"": 22019, ""5"": 11503}",connected
88699,508,20000,0.050000000000000044,0.0346333626145497,0.6407400816120208,0.0,0.0,0,"{""0"": 10881, ""1"": 14254, ""2"": 16148, ""3"": 13858, ""4"": 22042, ""5"": 11516}",connected
88799,511,20000,0.050000000000000044,0.03372318611945957,0.9661400878429413,0.0,0.0,0,"{""0"": 10885, ""1"": 14270, ""2"": 16170, ""3"": 13871, ""4"": 22073, ""5"": 11530}",connected
88899,512,20000,0.050000000000000044,0.03371059344150126,1.0170600871648638,0.0,0.0,0,"{""0"": 10893, ""1"": 14287, ""2"": 16186, ""3"": 13876, ""4"": 22115, ""5"": 11542}",connected
88999,512,20000,0.050000000000000044,0.033365358710289,1.0170600871648638,0.0,0.0,0,"{""0"": 10913, ""1"": 14303, ""2"": 16197, ""3"": 13888, ""4"": 22145, ""5"": 11553}",connected
89099,512,20000,0.050000000000000044,0.03335828410461545,1.0170600871648638,0.0,0.0,0,"{""0"": 10949, ""1"": 14316, ""2"": 16201, ""3"": 13895, ""4"": 22178, ""5"": 11560}",connected
89199,512,20000,0.050000000000000044,0.033765533501282335,1.0170600871648638,0.0,0.0,0,"{""0"": 10966, ""1"": 14344, ""2"": 16202, ""3"": 13898, ""4"": 22219, ""5"": 11570}",connected
89299,514,20000,0.050000000000000044,0.032053142990916966,1.0754300881549717,0.0,0.0,0,"{""0"": 10971, ""1"": 14375, ""2"": 16213, ""3"": 13906, ""4"": 22258, ""5"": 11576}",connected
89399,514,20000,0.050000000000000044,0.0346813455875963,1.0754300881549717,0.0,0.0,0,"{""0"": 10987, ""1"": 14390, ""2"": 16236, ""3"": 13911, ""4"": 22260, ""5"": 11615}",connected
89499,514,20000,0.050000000000000044,0.03582005568780005,1.0754300881549717,0.0,0.0,0,"{""0"": 10993, ""1"": 14406, ""2"": 16252, ""3"": 13918, ""4"": 22268, ""5"": 11662}",connected
89599,516,20000,0.050000000000000044,0.035975924422964455,1.2042500921711325,0.0,0.0,0,"{""0"": 11002, ""1"": 14423, ""2"": 16281, ""3"": 13933, ""4"": 22292, ""5"": 11668}",connected
89699,516,20000,0.050000000000000044,0.03642967151477933,1.2042500921711325,0.0,0.0,0,"{""0"": 11034, ""1"": 14446, ""2"": 16299, ""3"": 13939, ""4"": 22302, ""5"": 11679}",connected
89799,516,20000,0.050000000000000044,0.03425960404798389,1.2042500921711325,0.0,0.0,0,"{""0"": 11053, ""1"": 14466, ""2"": 16314, ""3"": 13961, ""4"": 22310, ""5"": 11695}",connected
89899,518,20000,0.050000000000000044,0.031222594743594526,1.323030093163252,0.0,0.0,0,"{""0"": 11065, ""1"": 14496, ""2"": 16328, ""3"": 13967, ""4"": 22339, ""5"": 11704}",connected
89999,518,20000,0.050000000000000044,0.03270788417197764,1.323030093163252,0.0,0.0,0,"{""0"": 11072, ""1"": 14507, ""2"": 16334, ""3"": 14010, ""4"": 22364, ""5"": 11712}",connected
90099,520,20000,0.050000000000000044,0.033315214961767196,1.396660094279796,0.0,0.0,0,"{""0"": 11088, ""1"": 14525, ""2"": 16337, ""3"": 14043, ""4"": 22392, ""5"": 11714}",connected
90199,522,20000,0.050000000000000044,0.03492687506601214,1.5276200900878758,0.0,0.0,0,"{""0"": 11099, ""1"": 14544, ""2"": 16359, ""3"": 14053, ""4"": 22427, ""5"": 11717}",connected
90299,524,20000,0.050000000000000044,0.03790203273296356,1.531670090649277,0.0,0.0,0,"{""0"": 11108, ""1"": 14560, ""2"": 16374, ""3"": 14069, ""4"": 22465, ""5"": 11723}",connected
90399,526,20000,0.050000000000000044,0.0383657852653414,1.7071900871908292,0.0,0.0,0,"{""0"": 11113, ""1"": 14584, ""2"": 16395, ""3"": 14081, ""4"": 22497, ""5"": 11729}",connected
90499,528,20000,0.050000000000000044,0.03866776442155242,1.823010084615089,0.0,0.0,0,"{""0"": 11118, ""1"": 14600, ""2"": 16413, ""3"": 14091, ""4"": 22538, ""5"": 11739}",connected
90599,532,20000,0.050000000000000044,0.03681877735070884,1.9798300770670176,0.0,0.0,0,"{""0"": 11122, ""1"": 14608, ""2"": 16436, ""3"": 14103, ""4"": 22578, ""5"": 11752}",connected
90699,534,20000,0.050000000000000044,0.03481012521777302,2.1406300728674976,0.0,0.0,0,"{""0"": 11131, ""1"": 14626, ""2"": 16461, ""3"": 14109, ""4"": 22614, ""5"": 11758}",connected
90799,534,20000,0.050000000000000044,0.032945546652190384,2.1406300728674976,0.0,0.0,0,"{""0"": 11140, ""1"": 14653, ""2"": 16464, ""3"": 14134, ""4"": 22640, ""5"": 11768}",connected
90899,536,20000,0.050000000000000044,0.03313101133797318,2.3268500692071394,0.0,0.0,0,"{""0"": 11145, ""1"": 14661, ""2"": 16485, ""3"": 14147, ""4"": 22685, ""5"": 11776}",connected
90999,536,20000,0.050000000000000044,0.03329074915032834,2.3268500692071394,0.0,0.0,0,"{""0"": 11150, ""1"": 14694, ""2"": 16503, ""3"": 14152, ""4"": 22701, ""5"": 11799}",connected
91099,536,20000,0.050000000000000044,0.034417712111026046,2.3268500692071394,0.0,0.0,0,"{""0"": 11155, ""1"": 14713, ""2"": 16518, ""3"": 14170, ""4"": 22726, ""5"": 11817}",connected
91199,538,20000,0.050000000000000044,0.03541035837493837,2.314450077083893,0.0,0.0,0,"{""0"": 11176, ""1"": 14736, ""2"": 16531, ""3"": 14193, ""4"": 22742, ""5"": 11821}",connected
91299,538,20000,0.050000000000000044,0.034366197511553766,2.314450077083893,0.0,0.0,0,"{""0"": 11182, ""1"": 14757, ""2"": 16550, ""3"": 14202, ""4"": 22781, ""5"": 11827}",connected
91399,542,20000,0.050000000000000044,0.0332401215005666,2.4037400742573665,0.0,0.0,0,"{""0"": 11194, ""1"": 14778, ""2"": 16565, ""3"": 14216, ""4"": 22812, ""5"": 11834}",connected
91499,544,20000,0.050000000000000044,0.03217187023255974,2.430330071137287,0.0,0.0,0,"{""0"": 11208, ""1"": 14799, ""2"": 16580, ""3"": 14217, ""4"": 22847, ""5"": 11848}",connected
91599,544,20000,0.050000000000000044,0.03187634068075568,2.430330071137287,0.0,0.0,0,"{""0"": 11212, ""1"": 14823, ""2"": 16613, ""3"": 14221, ""4"": 22880, ""5"": 11850}",connected
91699,544,20000,0.050000000000000044,0.03240031675901264,2.430330071137287,0.0,0.0,0,"{""0"": 11215, ""1"": 14871, ""2"": 16638, ""3"": 14224, ""4"": 22890, ""5"": 11861}",connected
91799,546,20000,0.050000000000000044,0.03272039205301553,2.4881200708029794,0.0,0.0,0,"{""0"": 11226, ""1"": 14923, ""2"": 16661, ""3"": 14228, ""4"": 22897, ""5"": 11864}",connected
91899,546,20000,0.050000000000000044,0.033373480448499325,2.4881200708029794,0.0,0.0,0,"{""0"": 11238, ""1"": 14949, ""2"": 16671, ""3"": 14247, ""4"": 22919, ""5"": 11875}",connected
91999,546,20000,0.050000000000000044,0.033938015270978214,2.4881200708029794,0.0,0.0,0,"{""0"": 11245, ""1"": 14963, ""2"": 16671, ""3"": 14279, ""4"": 22933, ""5"": 11908}",connected
92099,546,20000,0.050000000000000044,0.0352082063537091,2.4881200708029794,0.0,0.0,0,"{""0"": 11247, ""1"": 14969, ""2"": 16672, ""3"": 14318, ""4"": 22942, ""5"": 11951}",connected
92199,548,20000,0.050000000000000044,0.0372131019923836,2.602110072565265,0.0,0.0,0,"{""0"": 11251, ""1"": 14988, ""2"": 16690, ""3"": 14330, ""4"": 22966, ""5"": 11974}",connected
92299,550,20000,0.050000000000000044,0.0386075178720057,2.6140100695798174,0.0,0.0,0,"{""0"": 11255, ""1"": 15004, ""2"": 16710, ""3"": 14337, ""4"": 23002, ""5"": 11991}",connected
92399,552,20000,0.050000000000000044,0.03666903811506927,2.6033200689824296,0.0,0.0,0,"{""0"": 11268, ""1"": 15028, ""2"": 16727, ""3"": 14344, ""4"": 23034, ""5"": 11998}",connected
92499,554,20000,0.050000000000000044,0.03638188224285841,2.7290300692245366,0.0,0.0,0,"{""0"": 11275, ""1"": 15034, ""2"": 16753, ""3"": 14370, ""4"": 23060, ""5"": 12007}",connected
92599,554,20000,0.050000000000000044,0.036083670128136874,2.7290300692245366,0.0,0.0,0,"{""0"": 11288, ""1"": 15045, ""2"": 16768, ""3"": 14384, ""4"": 23077, ""5"": 12037}",connected
92699,554,20000,0.050000000000000044,0.0361082923412323,2.7290300692245366,0.0,0.0,0,"{""0"": 11288, ""1"": 15045, ""2"": 16819, ""3"": 14384, ""4"": 23077, ""5"": 12086}",connected
92799,556,20000,0.050000000000000044,0.03642624344676733,2.6813600714039056,0.0,0.0,0,"{""0"": 11314, ""1"": 15051, ""2"": 16835, ""3"": 14393, ""4"": 23118, ""5"": 12088}",connected
92899,558,20000,0.050000000000000044,0.037113057402893904,2.688460068292916,0.0,0.0,0,"{""0"": 11319, ""1"": 15071, ""2"": 16853, ""3"": 14410, ""4"": 23150, ""5"": 12096}",connected
92999,560,20000,0.050000000000000044,0.036692498745396734,2.7488500662799926,0.0,0.0,0,"{""0"": 11327, ""1"": 15082, ""2"": 16873, ""3"": 14425, ""4"": 23174, ""5"": 12118}",connected
93099,562,20000,0.050000000000000044,0.039182317377999425,2.867070064865984,0.0,0.0,0,"{""0"": 11330, ""1"": 15099, ""2"": 16897, ""3"": 14436, ""4"": 23206, ""5"": 12131}",connected
93199,564,20000,0.050000000000000044,0.04152992804534733,2.8681000651465727,0.0,0.0,0,"{""0"": 11333, ""1"": 15116, ""2"": 16911, ""3"": 14452, ""4"": 23239, ""5"": 12148}",connected
93299,566,20000,0.050000000000000044,0.04009609873406589,2.8923500654334204,0.0,0.0,0,"{""0"": 11337, ""1"": 15134, ""2"": 16927, ""3"": 14473, ""4"": 23272, ""5"": 12156}",connected
93399,566,20000,0.050000000000000044,0.04041570811532438,2.8923500654334204,0.0,0.0,0,"{""0"": 11345, ""1"": 15152, ""2"": 16950, ""3"": 14484, ""4"": 23286, ""5"": 12182}",connected
93499,566,20000,0.050000000000000044,0.03729631001129746,2.8923500654334204,0.0,0.0,0,"{""0"": 11368, ""1"": 15169, ""2"": 16992, ""3"": 14486, ""4"": 23295, ""5"": 12189}",connected
93599,568,20000,0.050000000000000044,0.034939889069646596,2.8743000656273217,0.0,0.0,0,"{""0"": 11374, ""1"": 15195, ""2"": 17017, ""3"": 14492, ""4"": 23317, ""5"": 12204}",connected
93699,570,20000,0.050000000000000044,0.03620717969723046,2.9082200645282863,0.0,0.0,0,"{""0"": 11382, ""1"": 15219, ""2"": 17048, ""3"": 14502, ""4"": 23337, ""5"": 12211}",connected
93799,572,20000,0.050000000000000044,0.03630090094171465,2.916510062702,0.0,0.0,0,"{""0"": 11385, ""1"": 15244, ""2"": 17067, ""3"": 14512, ""4"": 23371, ""5"": 12220}",connected
93899,574,20000,0.050000000000000044,0.03515337891876698,3.0626000569295138,0.0,0.0,0,"{""0"": 11395, ""1"": 15261, ""2"": 17090, ""3"": 14523, ""4"": 23404, ""5"": 12226}",connected
93999,574,20000,0.050000000000000044,0.03615015775896609,3.0626000569295138,0.0,0.0,0,"{""0"": 11402, ""1"": 15293, ""2"": 17111, ""3"": 14529, ""4"": 23411, ""5"": 12253}",connected
94099,574,20000,0.050000000000000044,0.03623194218613207,3.0626000569295138,0.0,0.0,0,"{""0"": 11405, ""1"": 15319, ""2"": 17150, ""3"": 14540, ""4"": 23419, ""5"": 12266}",connected
94199,574,20000,0.050000000000000044,0.033227166924625635,3.0626000569295138,0.0,0.0,0,"{""0"": 11412, ""1"": 15344, ""2"": 17161, ""3"": 14570, ""4"": 23438, ""5"": 12274}",connected
94299,576,20000,0.050000000000000044,0.03426576841622591,2.9904100607289,0.0,0.0,0,"{""0"": 11421, ""1"": 15371, ""2"": 17176, ""3"": 14596, ""4"": 23461, ""5"": 12274}",connected
94399,578,20000,0.050000000000000044,0.03505814273841679,3.0369800604647024,0.0,0.0,0,"{""0"": 11434, ""1"": 15396, ""2"": 17194, ""3"": 14604, ""4"": 23493, ""5"": 12278}",connected
94499,578,20000,0.050000000000000044,0.03442741491831839,3.0369800604647024,0.0,0.0,0,"{""0"": 11462, ""1"": 15422, ""2"": 17207, ""3"": 14606, ""4"": 23510, ""5"": 12292}",connected
94599,580,20000,0.050000000000000044,0.03729110217653215,3.0369200582383202,0.0,0.0,0,"{""0"": 11493, ""1"": 15422, ""2"": 17217, ""3"": 14626, ""4"": 23540, ""5"": 12301}",connected
94699,580,20000,0.050000000000000044,0.038067212346941236,3.0369200582383202,0.0,0.0,0,"{""0"": 11499, ""1"": 15452, ""2"": 17230, ""3"": 14626, ""4"": 23572, ""5"": 12320}",connected
94799,582,20000,0.050000000000000044,0.0368392641749233,3.0475200603203847,0.0,0.0,0,"{""0"": 11509, ""1"": 15466, ""2"": 17249, ""3"": 14632, ""4"": 23608, ""5"": 12335}",connected
94899,584,20000,0.050000000000000044,0.03585938991978765,3.045490057389252,0.0,0.0,0,"{""0"": 11518, ""1"": 15479, ""2"": 17267, ""3"": 14648, ""4"": 23638, ""5"": 12349}",connected
94999,586,20000,0.050000000000000044,0.03385937314480543,3.056760055390187,0.0,0.0,0,"{""0"": 11532, ""1"": 15487, ""2"": 17290, ""3"": 14651, ""4"": 23689, ""5"": 12350}",connected
95099,586,20000,0.050000000000000044,0.033070898288860916,3.056760055390187,0.0,0.0,0,"{""0"": 11542, ""1"": 15498, ""2"": 17306, ""3"": 14653, ""4"": 23738, ""5"": 12362}",connected
95199,588,20000,0.050000000000000044,0.032654658891260624,3.004490055660717,0.0,0.0,0,"{""0"": 11545, ""1"": 15506, ""2"": 17328, ""3"": 14661, ""4"": 23775, ""5"": 12384}",connected
95299,590,20000,0.050000000000000044,0.03346261461265385,3.025070055075921,0.0,0.0,0,"{""0"": 11554, ""1"": 15516, ""2"": 17347, ""3"": 14673, ""4"": 23818, ""5"": 12391}",connected
95399,592,20000,0.050000000000000044,0.03473736645653844,3.018400051803328,0.0,0.0,0,"{""0"": 11564, ""1"": 15530, ""2"": 17371, ""3"": 14683, ""4"": 23852, ""5"": 12399}",connected
95499,592,20000,0.050000000000000044,0.034405379947274925,3.018400051803328,0.0,0.0,0,"{""0"": 11568, ""1"": 15576, ""2"": 17372, ""3"": 14697, ""4"": 23863, ""5"": 12423}",connected
95599,594,20000,0.050000000000000044,0.035785858808085325,3.0631500491732733,0.0,0.0,0,"{""0"": 11578, ""1"": 15581, ""2"": 17381, ""3"": 14710, ""4"": 23895, ""5"": 12454}",connected
95699,594,20000,0.050000000000000044,0.03844295502640307,3.0631500491732733,0.0,0.0,0,"{""0"": 11580, ""1"": 15608, ""2"": 17417, ""3"": 14714, ""4"": 23913, ""5"": 12467}",connected
95799,596,20000,0.050000000000000044,0.03907322330400348,3.066680045067333,0.0,0.0,0,"{""0"": 11586, ""1"": 15640, ""2"": 17465, ""3"": 14718, ""4"": 23921, ""5"": 12469}",connected
95899,596,20000,0.050000000000000044,0.0402977291867137,3.066680045067333,0.0,0.0,0,"{""0"": 11608, ""1"": 15671, ""2"": 17478, ""3"": 14721, ""4"": 23944, ""5"": 12477}",connected
95999,596,20000,0.050000000000000044,0.04017769422382116,3.066680045067333,0.0,0.0,0,"{""0"": 11656, ""1"": 15719, ""2"": 17478, ""3"": 14722, ""4"": 23944, ""5"": 12480}",connected
96099,596,20000,0.050000000000000044,0.0373535140324384,3.066680045067333,0.0,0.0,0,"{""0"": 11702, ""1"": 15756, ""2"": 17482, ""3"": 14726, ""4"": 23951, ""5"": 12482}",connected
96199,598,20000,0.050000000000000044,0.03808279138058424,3.0550400452362374,0.0,0.0,0,"{""0"": 11706, ""1"": 15774, ""2"": 17499, ""3"": 14739, ""4"": 23996, ""5"": 12485}",connected
96299,600,20000,0.050000000000000044,0.03803570657968521,3.039400042374618,0.0,0.0,0,"{""0"": 11710, ""1"": 15793, ""2"": 17509, ""3"": 14754, ""4"": 24038, ""5"": 12495}",connected
96399,602,20000,0.050000000000000044,0.03666810542345047,3.050150041128509,0.0,0.0,0,"{""0"": 11742, ""1"": 15806, ""2"": 17525, ""3"": 14759, ""4"": 24065, ""5"": 12502}",connected
96499,602,20000,0.050000000000000044,0.0359286445286125,3.050150041128509,0.0,0.0,0,"{""0"": 11782, ""1"": 15831, ""2"": 17541, ""3"": 14761, ""4"": 24072, ""5"": 12512}",connected
96599,604,20000,0.050000000000000044,0.03566949247382581,3.041900039589964,0.0,0.0,0,"{""0"": 11794, ""1"": 15851, ""2"": 17565, ""3"": 14778, ""4"": 24099, ""5"": 12512}",connected
96699,606,20000,0.050000000000000044,0.03460440075956285,3.0401500383438544,0.0,0.0,0,"{""0"": 11799, ""1"": 15862, ""2"": 17583, ""3"": 14794, ""4"": 24139, ""5"": 12522}",connected
96799,608,20000,0.050000000000000044,0.03555935994721949,3.04677003510762,0.0,0.0,0,"{""0"": 11804, ""1"": 15876, ""2"": 17612, ""3"": 14803, ""4"": 24169, ""5"": 12535}",connected
96899,610,20000,0.050000000000000044,0.03738705126568675,3.0794300332525744,0.0,0.0,0,"{""0"": 11808, ""1"": 15907, ""2"": 17625, ""3"": 14818, ""4"": 24189, ""5"": 12552}",connected
96999,610,20000,0.050000000000000044,0.03615597290918231,3.0794300332525744,0.0,0.0,0,"{""0"": 11810, ""1"": 15927, ""2"": 17638, ""3"": 14834, ""4"": 24229, ""5"": 12561}",connected
97099,612,20000,0.050000000000000044,0.03783302268013358,3.0701900310628116,0.0,0.0,0,"{""0"": 11813, ""1"": 15943, ""2"": 17652, ""3"": 14835, ""4"": 24272, ""5"": 12584}",connected
97199,612,20000,0.050000000000000044,0.03871378154493868,3.0701900310628116,0.0,0.0,0,"{""0"": 11828, ""1"": 15979, ""2"": 17687, ""3"": 14841, ""4"": 24278, ""5"": 12586}",connected
97299,612,20000,0.050000000000000044,0.03818636926822364,3.0701900310628116,0.0,0.0,0,"{""0"": 11836, ""1"": 15997, ""2"": 17699, ""3"": 14851, ""4"": 24295, ""5"": 12621}",connected
97399,616,20000,0.050000000000000044,0.03977583489380777,3.215080029554665,0.0,0.0,0,"{""0"": 11841, ""1"": 16004, ""2"": 17720, ""3"": 14864, ""4"": 24342, ""5"": 12628}",connected
97499,618,20000,0.050000000000000044,0.03783910303376615,3.2361500301770865,0.0,0.0,0,"{""0"": 11845, ""1"": 16022, ""2"": 17740, ""3"": 14879, ""4"": 24379, ""5"": 12634}",connected
97599,618,20000,0.050000000000000044,0.03678769442252815,3.2361500301770865,0.0,0.0,0,"{""0"": 11848, ""1"": 16041, ""2"": 17769, ""3"": 14894, ""4"": 24402, ""5"": 12645}",connected
97699,620,20000,0.050000000000000044,0.036235273126512764,3.25395002765581,0.0,0.0,0,"{""0"": 11855, ""1"": 16046, ""2"": 17805, ""3"": 14908, ""4"": 24431, ""5"": 12654}",connected
97799,622,20000,0.050000000000000044,0.03726188911125064,3.248540028464049,0.0,0.0,0,"{""0"": 11863, ""1"": 16061, ""2"": 17820, ""3"": 14923, ""4"": 24470, ""5"": 12662}",connected
97899,624,20000,0.050000000000000044,0.03899086259305477,3.235700025903061,0.0,0.0,0,"{""0"": 11874, ""1"": 16083, ""2"": 17850, ""3"": 14934, ""4"": 24490, ""5"": 12668}",connected
97999,624,20000,0.050000000000000044,0.038954524816945196,3.235700025903061,0.0,0.0,0,"{""0"": 11879, ""1"": 16096, ""2"": 17875, ""3"": 14939, ""4"": 24508, ""5"": 12702}",connected
98099,624,20000,0.050000000000000044,0.03793986919336021,3.235700025903061,0.0,0.0,0,"{""0"": 11935, ""1"": 16101, ""2"": 17881, ""3"": 14941, ""4"": 24539, ""5"": 12702}",connected
98199,626,20000,0.050000000000000044,0.03599377217702568,3.18871002772823,0.0,0.0,0,"{""0"": 11976, ""1"": 16109, ""2"": 17889, ""3"": 14943, ""4"": 24573, ""5"": 12709}",connected
98299,628,20000,0.050000000000000044,0.03597521944902837,3.183980025080964,0.0,0.0,0,"{""0"": 11981, ""1"": 16121, ""2"": 17916, ""3"": 14949, ""4"": 24609, ""5"": 12723}",connected
98399,628,20000,0.050000000000000044,0.03714428281411528,3.183980025080964,0.0,0.0,0,"{""0"": 11983, ""1"": 16157, ""2"": 17929, ""3"": 14958, ""4"": 24634, ""5"": 12738}",connected
98499,628,20000,0.050000000000000044,0.03842079799622297,3.183980025080964,0.0,0.0,0,"{""0"": 11984, ""1"": 16204, ""2"": 17976, ""3"": 14961, ""4"": 24635, ""5"": 12739}",connected
98599,630,20000,0.050000000000000044,0.037784023033455016,3.1307600270304827,0.0,0.0,0,"{""0"": 11986, ""1"": 16226, ""2"": 18008, ""3"": 14964, ""4"": 24666, ""5"": 12749}",connected
98699,630,20000,0.050000000000000044,0.036588035291060805,3.1307600270304827,0.0,0.0,0,"{""0"": 11986, ""1"": 16240, ""2"": 18021, ""3"": 14990, ""4"": 24698, ""5"": 12764}",connected
98799,632,20000,0.050000000000000044,0.03546173566952348,3.1467400272702797,0.0,0.0,0,"{""0"": 11988, ""1"": 16244, ""2"": 18036, ""3"": 15023, ""4"": 24740, ""5"": 12768}",connected
98899,634,20000,0.050000000000000044,0.03374751213937998,3.1788400271395223,0.0,0.0,0,"{""0"": 11993, ""1"": 16264, ""2"": 18053, ""3"": 15026, ""4"": 24785, ""5"": 12778}",connected
98999,636,20000,0.050000000000000044,0.03337487116456032,3.1135700259031727,0.0,0.0,0,"{""0"": 11999, ""1"": 16271, ""2"": 18078, ""3"": 15035, ""4"": 24829, ""5"": 12787}",connected
99099,636,20000,0.050000000000000044,0.034416809733957054,3.1135700259031727,0.0,0.0,0,"{""0"": 12004, ""1"": 16285, ""2"": 18095, ""3"": 15036, ""4"": 24853, ""5"": 12826}",connected
99199,636,20000,0.050000000000000044,0.03645175696350634,3.1135700259031727,0.0,0.0,0,"{""0"": 12016, ""1"": 16288, ""2"": 18116, ""3"": 15053, ""4"": 24876, ""5"": 12850}",connected
99299,638,20000,0.050000000000000044,0.038874643975868824,3.10939001949504,0.0,0.0,0,"{""0"": 12033, ""1"": 16297, ""2"": 18141, ""3"": 15063, ""4"": 24900, ""5"": 12865}",connected
99399,640,20000,0.050000000000000044,0.03934635318815708,3.113100021146238,0.0,0.0,0,"{""0"": 12036, ""1"": 16308, ""2"": 18165, ""3"": 15077, ""4"": 24925, ""5"": 12888}",connected
99499,642,20000,0.050000000000000044,0.03834097552113235,3.0978400170058014,0.0,0.0,0,"{""0"": 12038, ""1"": 16327, ""2"": 18180, ""3"": 15085, ""4"": 24973, ""5"": 12896}",connected
99599,644,20000,0.050000000000000044,0.03593955900520086,3.081880019363016,0.0,0.0,0,"{""0"": 12050, ""1"": 16344, ""2"": 18196, ""3"": 15100, ""4"": 25005, ""5"": 12904}",connected
99699,644,20000,0.050000000000000044,0.03433734327554703,3.081880019363016,0.0,0.0,0,"{""0"": 12057, ""1"": 16363, ""2"": 18212, ""3"": 15100, ""4"": 25047, ""5"": 12920}",connected
99799,646,20000,0.050000000000000044,0.03469411000609398,3.1367900167871268,0.0,0.0,0,"{""0"": 12060, ""1"": 16370, ""2"": 18238, ""3"": 15101, ""4"": 25089, ""5"": 12941}",connected
99899,648,20000,0.050000000000000044,0.03570592607371509,3.00105001504533,0.0,0.0,0,"{""0"": 12070, ""1"": 16381, ""2"": 18258, ""3"": 15109, ""4"": 25123, ""5"": 12958}",connected
99999,650,20000,0.050000000000000044,0.03521464474499226,3.0138300159201026,0.0,0.0,0,"{""0"": 12087, ""1"": 16396, ""2"": 18278, ""3"": 15130, ""4"": 25144, ""5"": 12964}",connected
100099,650,20000,0.050000000000000044,0.035674589313566686,3.0138300159201026,0.0,0.0,0,"{""0"": 12111, ""1"": 16403, ""2"": 18311, ""3"": 15146, ""4"": 25154, ""5"": 12974}",connected
100199,650,20000,0.050000000000000044,0.03537565870210528,3.0138300159201026,0.0,0.0,0,"{""0"": 12128, ""1"": 16421, ""2"": 18329, ""3"": 15155, ""4"": 25159, ""5"": 13007}",connected
100299,652,20000,0.050000000000000044,0.03521129794418812,3.0222000166540965,0.0,0.0,0,"{""0"": 12132, ""1"": 16444, ""2"": 18356, ""3"": 15170, ""4"": 25182, ""5"": 13015}",connected
100399,652,20000,0.050000000000000044,0.03709215547889471,3.0222000166540965,0.0,0.0,0,"{""0"": 12141, ""1"": 16463, ""2"": 18396, ""3"": 15176, ""4"": 25202, ""5"": 13021}",connected
100499,654,20000,0.050000000000000044,0.03837541410699487,3.0147600152390077,0.0,0.0,0,"{""0"": 12147, ""1"": 16496, ""2"": 18420, ""3"": 15183, ""4"": 25226, ""5"": 13027}",connected
100599,654,20000,0.050000000000000044,0.039401917960494755,3.0147600152390077,0.0,0.0,0,"{""0"": 12150, ""1"": 16505, ""2"": 18427, ""3"": 15214, ""4"": 25261, ""5"": 13042}",connected
100699,656,20000,0.050000000000000044,0.038930003643035886,3.069910015310161,0.0,0.0,0,"{""0"": 12190, ""1"": 16521, ""2"": 18435, ""3"": 15224, ""4"": 25284, ""5"": 13045}",connected
100799,656,20000,0.050000000000000044,0.03990695051848889,3.069910015310161,0.0,0.0,0,"{""0"": 12283, ""1"": 16521, ""2"": 18435, ""3"": 15224, ""4"": 25284, ""5"": 13052}",connected
100899,656,20000,0.050000000000000044,0.03871293088421226,3.069910015310161,0.0,0.0,0,"{""0"": 12381, ""1"": 16521, ""2"": 18435, ""3"": 15225, ""4"": 25285, ""5"": 13052}",connected
100999,656,20000,0.050000000000000044,0.03746062824502587,3.069910015310161,0.0,0.0,0,"{""0"": 12400, ""1"": 16577, ""2"": 18435, ""3"": 15225, ""4"": 25310, ""5"": 13052}",connected
101099,658,20000,0.050000000000000044,0.03957369482144713,2.9657000165758656,0.0,0.0,0,"{""0"": 12407, ""1"": 16611, ""2"": 18449, ""3"": 15232, ""4"": 25342, ""5"": 13058}",connected
101199,660,20000,0.050000000000000044,0.03918467650189996,2.981660015326925,0.0,0.0,0,"{""0"": 12410, ""1"": 16628, ""2"": 18468, ""3"": 15249, ""4"": 25372, ""5"": 13072}",connected
101299,662,20000,0.050000000000000044,0.04185321876779199,2.9769700144557283,0.0,0.0,0,"{""0"": 12415, ""1"": 16633, ""2"": 18497, ""3"": 15255, ""4"": 25407, ""5"": 13092}",connected
101399,662,20000,0.050000000000000044,0.04263840697705746,2.9769700144557283,0.0,0.0,0,"{""0"": 12417, ""1"": 16644, ""2"": 18508, ""3"": 15271, ""4"": 25414, ""5"": 13145}",connected
101499,664,20000,0.050000000000000044,0.042328077144920824,2.9682500171335415,0.0,0.0,0,"{""0"": 12420, ""1"": 16651, ""2"": 18524, ""3"": 15287, ""4"": 25433, ""5"": 13184}",connected
101599,666,20000,0.050000000000000044,0.04126529124565423,2.9390400157915426,0.0,0.0,0,"{""0"": 12426, ""1"": 16666, ""2"": 18551, ""3"": 15299, ""4"": 25466, ""5"": 13191}",connected
101699,668,20000,0.050000000000000044,0.038839994659647346,2.93771001608111,0.0,0.0,0,"{""0"": 12430, ""1"": 16674, ""2"": 18567, ""3"": 15327, ""4"": 25496, ""5"": 13205}",connected
101799,670,20000,0.050000000000000044,0.03952629650942981,2.892400017213076,0.0,0.0,0,"{""0"": 12443, ""1"": 16687, ""2"": 18578, ""3"": 15343, ""4"": 25522, ""5"": 13226}",connected
101899,670,20000,0.050000000000000044,0.03803182565607131,2.892400017213076,0.0,0.0,0,"{""0"": 12445, ""1"": 16704, ""2"": 18594, ""3"": 15370, ""4"": 25550, ""5"": 13236}",connected
101999,672,20000,0.050000000000000044,0.038466807790100574,2.89354001801461,0.0,0.0,0,"{""0"": 12447, ""1"": 16718, ""2"": 18609, ""3"": 15380, ""4"": 25595, ""5"": 13250}",connected
102099,672,20000,0.050000000000000044,0.042176187429577114,2.89354001801461,0.0,0.0,0,"{""0"": 12450, ""1"": 16736, ""2"": 18619, ""3"": 15399, ""4"": 25605, ""5"": 13290}",connected
102199,672,20000,0.050000000000000044,0.041834558509290215,2.89354001801461,0.0,0.0,0,"{""0"": 12455, ""1"": 16754, ""2"": 18666, ""3"": 15414, ""4"": 25620, ""5"": 13290}",connected
102299,674,20000,0.050000000000000044,0.044279669690877196,2.8629000209318476,0.0,0.0,0,"{""0"": 12459, ""1"": 16762, ""2"": 18694, ""3"": 15421, ""4"": 25657, ""5"": 13306}",connected
102399,676,20000,0.050000000000000044,0.04492934739217162,2.953100018473342,0.0,0.0,0,"{""0"": 12469, ""1"": 16776, ""2"": 18715, ""3"": 15441, ""4"": 25682, ""5"": 13316}",connected
102499,678,20000,0.050000000000000044,0.042572970762848855,2.9509500183025374,0.0,0.0,0,"{""0"": 12472, ""1"": 16786, ""2"": 18743, ""3"": 15454, ""4"": 25716, ""5"": 13328}",connected
102599,680,20000,0.050000000000000044,0.042251241728663444,2.923250021501444,0.0,0.0,0,"{""0"": 12476, ""1"": 16794, ""2"": 18770, ""3"": 15464, ""4"": 25757, ""5"": 13338}",connected
102699,682,20000,0.050000000000000044,0.040907276514917615,2.9091000235965474,0.0,0.0,0,"{""0"": 12482, ""1"": 16796, ""2"": 18781, ""3"": 15495, ""4"": 25796, ""5"": 13349}",connected
102799,684,20000,0.050000000000000044,0.04011519588530064,2.9041200265055522,0.0,0.0,0,"{""0"": 12484, ""1"": 16809, ""2"": 18809, ""3"": 15510, ""4"": 25829, ""5"": 13358}",connected
102899,685,20000,0.050000000000000044,0.039217033218592406,2.8187500267056746,0.0,0.0,0,"{""0"": 12485, ""1"": 16826, ""2"": 18829, ""3"": 15522, ""4"": 25859, ""5"": 13378}",connected
102999,686,20000,0.050000000000000044,0.03893456080928445,2.886050026412122,0.0,0.0,0,"{""0"": 12487, ""1"": 16840, ""2"": 18847, ""3"": 15533, ""4"": 25904, ""5"": 13388}",connected
103099,688,20000,0.050000000000000044,0.03867349186912179,2.925710027157329,0.0,0.0,0,"{""0"": 12502, ""1"": 16845, ""2"": 18859, ""3"": 15557, ""4"": 25936, ""5"": 13400}",connected
103199,688,20000,0.050000000000000044,0.039580871649086476,2.925710027157329,0.0,0.0,0,"{""0"": 12508, ""1"": 16850, ""2"": 18866, ""3"": 15596, ""4"": 25970, ""5"": 13409}",connected
103299,688,20000,0.050000000000000044,0.03950969023630023,2.925710027157329,0.0,0.0,0,"{""0"": 12517, ""1"": 16851, ""2"": 18868, ""3"": 15644, ""4"": 26010, ""5"": 13409}",connected
103399,688,20000,0.050000000000000044,0.04058097979053855,2.925710027157329,0.0,0.0,0,"{""0"": 12529, ""1"": 16867, ""2"": 18885, ""3"": 15677, ""4"": 26027, ""5"": 13414}",connected
103499,690,20000,0.050000000000000044,0.039700685311108826,2.787280025505461,0.0,0.0,0,"{""0"": 12557, ""1"": 16877, ""2"": 18911, ""3"": 15690, ""4"": 26047, ""5"": 13417}",connected
103599,692,20000,0.050000000000000044,0.03882049486041069,2.773050026730634,0.0,0.0,0,"{""0"": 12560, ""1"": 16882, ""2"": 18921, ""3"": 15697, ""4"": 26092, ""5"": 13447}",connected
103699,694,20000,0.050000000000000044,0.03969658680260182,2.7426000317698342,0.0,0.0,0,"{""0"": 12570, ""1"": 16892, ""2"": 18943, ""3"": 15708, ""4"": 26129, ""5"": 13457}",connected
103799,695,20000,0.050000000000000044,0.039497628174722195,2.6876400346076115,0.0,0.0,0,"{""0"": 12572, ""1"": 16910, ""2"": 18964, ""3"": 15717, ""4"": 26167, ""5"": 13469}",connected
103899,696,20000,0.050000000000000044,0.04293101191520691,2.7251800346514212,0.0,0.0,0,"{""0"": 12577, ""1"": 16921, ""2"": 18982, ""3"": 15722, ""4"": 26203, ""5"": 13494}",connected
103999,698,20000,0.050000000000000044,0.04343390772119164,2.7479300335468726,0.0,0.0,0,"{""0"": 12594, ""1"": 16932, ""2"": 19007, ""3"": 15726, ""4"": 26233, ""5"": 13507}",connected
104099,700,20000,0.050000000000000044,0.04427498890087009,2.763810032061301,0.0,0.0,0,"{""0"": 12600, ""1"": 16941, ""2"": 19024, ""3"": 15736, ""4"": 26270, ""5"": 13528}",connected
104199,702,20000,0.050000000000000044,0.04537493849173188,2.766000034222379,0.0,0.0,0,"{""0"": 12601, ""1"": 16962, ""2"": 19046, ""3"": 15747, ""4"": 26301, ""5"": 13542}",connected
104299,702,20000,0.050000000000000044,0.043391119949519635,2.766000034222379,0.0,0.0,0,"{""0"": 12610, ""1"": 16973, ""2"": 19063, ""3"": 15761, ""4"": 26325, ""5"": 13567}",connected
104399,702,20000,0.050000000000000044,0.043413811093196274,2.766000034222379,0.0,0.0,0,"{""0"": 12614, ""1"": 16973, ""2"": 19066, ""3"": 15764, ""4"": 26329, ""5"": 13653}",connected
104499,702,20000,0.050000000000000044,0.042359019936993716,2.766000034222379,0.0,0.0,0,"{""0"": 12615, ""1"": 16992, ""2"": 19069, ""3"": 15764, ""4"": 26337, ""5"": 13722}",connected
104599,702,20000,0.050000000000000044,0.04163609937764704,2.766000034222379,0.0,0.0,0,"{""0"": 12629, ""1"": 17005, ""2"": 19078, ""3"": 15789, ""4"": 26370, ""5"": 13728}",connected
104699,704,20000,0.050000000000000044,0.04167491869069636,2.6392000368330626,0.0,0.0,0,"{""0"": 12638, ""1"": 17022, ""2"": 19095, ""3"": 15799, ""4"": 26403, ""5"": 13742}",connected
104799,708,20000,0.050000000000000044,0.04197371073067188,2.629680034527555,0.0,0.0,0,"{""0"": 12645, ""1"": 17033, ""2"": 19118, ""3"": 15820, ""4"": 26430, ""5"": 13753}",connected
104899,708,20000,0.050000000000000044,0.04706135781481862,2.629680034527555,0.0,0.0,0,"{""0"": 12658, ""1"": 17047, ""2"": 19144, ""3"": 15843, ""4"": 26449, ""5"": 13758}",connected
104999,708,20000,0.050000000000000044,0.0485798997990787,2.629680034527555,0.0,0.0,0,"{""0"": 12675, ""1"": 17067, ""2"": 19156, ""3"": 15872, ""4"": 26466, ""5"": 13763}",connected
105099,710,20000,0.050000000000000044,0.04922143741510809,2.572770037059672,0.0,0.0,0,"{""0"": 12678, ""1"": 17081, ""2"": 19174, ""3"": 15888, ""4"": 26493, ""5"": 13785}",connected
105199,712,20000,0.050000000000000044,0.048735711788758636,2.5974600380565973,0.0,0.0,0,"{""0"": 12695, ""1"": 17091, ""2"": 19191, ""3"": 15907, ""4"": 26522, ""5"": 13793}",connected
105299,712,20000,0.050000000000000044,0.04509574363939464,2.5974600380565973,0.0,0.0,0,"{""0"": 12698, ""1"": 17103, ""2"": 19217, ""3"": 15926, ""4"": 26542, ""5"": 13813}",connected
105399,714,20000,0.050000000000000044,0.04340482798404992,2.508660038355738,0.0,0.0,0,"{""0"": 12703, ""1"": 17118, ""2"": 19237, ""3"": 15930, ""4"": 26581, ""5"": 13830}",connected
105499,716,20000,0.050000000000000044,0.043188407849520445,2.50475003852509,0.0,0.0,0,"{""0"": 12709, ""1"": 17129, ""2"": 19263, ""3"": 15944, ""4"": 26616, ""5"": 13838}",connected
105599,718,20000,0.050000000000000044,0.04452394712716341,2.508710039369762,0.0,0.0,0,"{""0"": 12718, ""1"": 17134, ""2"": 19287, ""3"": 15959, ""4"": 26653, ""5"": 13848}",connected
105699,720,20000,0.050000000000000044,0.043532250076532365,2.4931600402388723,0.0,0.0,0,"{""0"": 12730, ""1"": 17151, ""2"": 19305, ""3"": 15969, ""4"": 26687, ""5"": 13857}",connected
105799,722,20000,0.050000000000000044,0.04402347857132554,2.493230041442439,0.0,0.0,0,"{""0"": 12739, ""1"": 17170, ""2"": 19322, ""3"": 15978, ""4"": 26722, ""5"": 13868}",connected
105899,724,20000,0.050000000000000044,0.04347425969317555,2.5012600433640184,0.0,0.0,0,"{""0"": 12748, ""1"": 17181, ""2"": 19350, ""3"": 15994, ""4"": 26750, ""5"": 13876}",connected
105999,724,20000,0.050000000000000044,0.042925033736974004,2.5012600433640184,0.0,0.0,0,"{""0"": 12751, ""1"": 17207, ""2"": 19363, ""3"": 16002, ""4"": 26791, ""5"": 13885}",connected
106099,728,20000,0.050000000000000044,0.04511857418343425,2.5436200434342027,0.0,0.0,0,"{""0"": 12757, ""1"": 17216, ""2"": 19385, ""3"": 16021, ""4"": 26826, ""5"": 13894}",connected
106199,728,20000,0.050000000000000044,0.045100597497075796,2.5436200434342027,0.0,0.0,0,"{""0"": 12759, ""1"": 17244, ""2"": 19417, ""3"": 16032, ""4"": 26849, ""5"": 13898}",connected
106299,730,20000,0.050000000000000044,0.045181703902781006,2.5900700442306697,0.0,0.0,0,"{""0"": 12763, ""1"": 17257, ""2"": 19442, ""3"": 16037, ""4"": 26883, ""5"": 13917}",connected
106399,732,20000,0.050000000000000044,0.04519557455554604,2.577590042836964,0.0,0.0,0,"{""0"": 12768, ""1"": 17271, ""2"": 19469, ""3"": 16049, ""4"": 26904, ""5"": 13938}",connected
106499,732,20000,0.050000000000000044,0.044191507156938314,2.577590042836964,0.0,0.0,0,"{""0"": 12768, ""1"": 17271, ""2"": 19530, ""3"": 16050, ""4"": 26904, ""5"": 13976}",connected
106599,732,20000,0.050000000000000044,0.04532444575801492,2.577590042836964,0.0,0.0,0,"{""0"": 12769, ""1"": 17271, ""2"": 19609, ""3"": 16054, ""4"": 26904, ""5"": 13992}",connected
106699,732,20000,0.050000000000000044,0.04626509288325906,2.577590042836964,0.0,0.0,0,"{""0"": 12769, ""1"": 17275, ""2"": 19664, ""3"": 16074, ""4"": 26918, ""5"": 13999}",connected
106799,734,20000,0.050000000000000044,0.04642971398308873,2.388610044484958,0.0,0.0,0,"{""0"": 12773, ""1"": 17283, ""2"": 19675, ""3"": 16113, ""4"": 26956, ""5"": 13999}",connected
106899,736,20000,0.050000000000000044,0.04692186500877142,2.4185900453012437,0.0,0.0,0,"{""0"": 12777, ""1"": 17304, ""2"": 19706, ""3"": 16125, ""4"": 26984, ""5"": 14003}",connected
106999,738,20000,0.050000000000000044,0.04516696745529771,2.4555000456655396,0.0,0.0,0,"{""0"": 12789, ""1"": 17319, ""2"": 19725, ""3"": 16136, ""4"": 27015, ""5"": 14015}",connected
107099,740,20000,0.050000000000000044,0.04603682676330209,2.461060043009929,0.0,0.0,0,"{""0"": 12802, ""1"": 17335, ""2"": 19742, ""3"": 16147, ""4"": 27050, ""5"": 14023}",connected
107199,740,20000,0.050000000000000044,0.0465009331703186,2.461060043009929,0.0,0.0,0,"{""0"": 12806, ""1"": 17343, ""2"": 19759, ""3"": 16171, ""4"": 27070, ""5"": 14050}",connected
107299,743,20000,0.050000000000000044,0.04861179232597351,2.522170046581887,0.0,0.0,0,"{""0"": 12814, ""1"": 17354, ""2"": 19779, ""3"": 16186, ""4"": 27106, ""5"": 14060}",connected
107399,744,20000,0.050000000000000044,0.05193020237609744,2.5126800462277608,0.0,0.0,0,"{""0"": 12819, ""1"": 17363, ""2"": 19810, ""3"": 16187, ""4"": 27136, ""5"": 14084}",connected
107499,744,20000,0.050000000000000044,0.05036603266373277,2.5126800462277608,0.0,0.0,0,"{""0"": 12821, ""1"": 17372, ""2"": 19840, ""3"": 16188, ""4"": 27148, ""5"": 14130}",connected
107599,746,20000,0.050000000000000044,0.052244900837540624,2.46569004912395,0.0,0.0,0,"{""0"": 12829, ""1"": 17382, ""2"": 19855, ""3"": 16212, ""4"": 27180, ""5"": 14141}",connected
107699,748,20000,0.050000000000000044,0.04954631203785539,2.4826300529995935,0.0,0.0,0,"{""0"": 12842, ""1"": 17397, ""2"": 19871, ""3"": 16226, ""4"": 27205, ""5"": 14158}",connected
107799,750,20000,0.050000000000000044,0.04694306258112192,2.5019700546516104,0.0,0.0,0,"{""0"": 12851, ""1"": 17404, ""2"": 19886, ""3"": 16245, ""4"": 27241, ""5"": 14172}",connected
107899,752,20000,0.050000000000000044,0.04853499474003911,2.4893700554966927,0.0,0.0,0,"{""0"": 12858, ""1"": 17417, ""2"": 19909, ""3"": 16251, ""4"": 27273, ""5"": 14191}",connected
107999,754,20000,0.050000000000000044,0.04716649552807212,2.484430055459961,0.0,0.0,0,"{""0"": 12865, ""1"": 17435, ""2"": 19931, ""3"": 16262, ""4"": 27301, ""5"": 14205}",connected
108099,754,20000,0.050000000000000044,0.04931299533694983,2.484430055459961,0.0,0.0,0,"{""0"": 12868, ""1"": 17449, ""2"": 19946, ""3"": 16265, ""4"": 27348, ""5"": 14223}",connected
108199,756,20000,0.050000000000000044,0.05057214779779315,2.512250053612515,0.0,0.0,0,"{""0"": 12874, ""1"": 17458, ""2"": 19968, ""3"": 16280, ""4"": 27385, ""5"": 14234}",connected
108299,758,20000,0.050000000000000044,0.05071313010528684,2.6276600524317475,0.0,0.0,0,"{""0"": 12889, ""1"": 17469, ""2"": 19989, ""3"": 16299, ""4"": 27410, ""5"": 14243}",connected
108399,758,20000,0.050000000000000044,0.05001326637342572,2.6276600524317475,0.0,0.0,0,"{""0"": 12891, ""1"": 17475, ""2"": 20010, ""3"": 16302, ""4"": 27428, ""5"": 14293}",connected
108499,758,20000,0.050000000000000044,0.04935996774584055,2.6276600524317475,0.0,0.0,0,"{""0"": 12914, ""1"": 17475, ""2"": 20045, ""3"": 16302, ""4"": 27453, ""5"": 14310}",connected
108599,758,20000,0.050000000000000044,0.04856545409187674,2.6276600524317475,0.0,0.0,0,"{""0"": 12923, ""1"": 17503, ""2"": 20060, ""3"": 16305, ""4"": 27491, ""5"": 14317}",connected
108699,760,20000,0.050000000000000044,0.049336338080465794,2.579770050216466,0.0,0.0,0,"{""0"": 12927, ""1"": 17525, ""2"": 20082, ""3"": 16318, ""4"": 27522, ""5"": 14325}",connected
108799,762,20000,0.050000000000000044,0.05130396064370871,2.607620048606768,0.0,0.0,0,"{""0"": 12933, ""1"": 17545, ""2"": 20106, ""3"": 16337, ""4"": 27550, ""5"": 14328}",connected
108899,762,20000,0.050000000000000044,0.04983179103583098,2.607620048606768,0.0,0.0,0,"{""0"": 12939, ""1"": 17569, ""2"": 20127, ""3"": 16377, ""4"": 27554, ""5"": 14333}",connected
108999,762,20000,0.050000000000000044,0.050383108220994476,2.607620048606768,0.0,0.0,0,"{""0"": 12940, ""1"": 17610, ""2"": 20143, ""3"": 16382, ""4"": 27558, ""5"": 14366}",connected
109099,764,20000,0.050000000000000044,0.04808352300897241,2.587230049688369,0.0,0.0,0,"{""0"": 12945, ""1"": 17646, ""2"": 20155, ""3"": 16383, ""4"": 27590, ""5"": 14380}",connected
109199,764,20000,0.050000000000000044,0.04741128483787179,2.587230049688369,0.0,0.0,0,"{""0"": 12947, ""1"": 17679, ""2"": 20167, ""3"": 16404, ""4"": 27621, ""5"": 14381}",connected
109299,764,20000,0.050000000000000044,0.04815111463889479,2.587230049688369,0.0,0.0,0,"{""0"": 12951, ""1"": 17716, ""2"": 20193, ""3"": 16405, ""4"": 27641, ""5"": 14393}",connected
109399,766,20000,0.050000000000000044,0.048808419946581125,2.616980054276064,0.0,0.0,0,"{""0"": 12966, ""1"": 17730, ""2"": 20216, ""3"": 16423, ""4"": 27665, ""5"": 14399}",connected
109499,766,20000,0.050000000000000044,0.0493046566657722,2.616980054276064,0.0,0.0,0,"{""0"": 12967, ""1"": 17756, ""2"": 20241, ""3"": 16431, ""4"": 27667, ""5"": 14437}",connected
109599,768,20000,0.050000000000000044,0.050669107344001534,2.61374005632475,0.0,0.0,0,"{""0"": 12976, ""1"": 17770, ""2"": 20263, ""3"": 16433, ""4"": 27699, ""5"": 14458}",connected
109699,770,20000,0.050000000000000044,0.049657687228173014,2.6087400522455573,0.0,0.0,0,"{""0"": 12997, ""1"": 17778, ""2"": 20278, ""3"": 16446, ""4"": 27741, ""5"": 14459}",connected
109799,770,20000,0.050000000000000044,0.05017118977382779,2.6087400522455573,0.0,0.0,0,"{""0"": 12998, ""1"": 17804, ""2"": 20304, ""3"": 16465, ""4"": 27758, ""5"": 14470}",connected
109899,772,20000,0.050000000000000044,0.05017756437882781,2.5874100547190757,0.0,0.0,0,"{""0"": 13007, ""1"": 17816, ""2"": 20328, ""3"": 16482, ""4"": 27785, ""5"": 14481}",connected
109999,772,20000,0.050000000000000044,0.047994252573698756,2.5874100547190757,0.0,0.0,0,"{""0"": 13008, ""1"": 17844, ""2"": 20336, ""3"": 16484, ""4"": 27810, ""5"": 14517}",connected
110099,774,20000,0.050000000000000044,0.04996524451300502,2.5606300522759557,0.0,0.0,0,"{""0"": 13020, ""1"": 17881, ""2"": 20338, ""3"": 16489, ""4"": 27815, ""5"": 14556}",connected
110199,776,20000,0.050000000000000044,0.048119374942034485,2.53945004992187,0.0,0.0,0,"{""0"": 13029, ""1"": 17896, ""2"": 20365, ""3"": 16498, ""4"": 27850, ""5"": 14561}",connected
110299,776,20000,0.050000000000000044,0.04691217998042703,2.53945004992187,0.0,0.0,0,"{""0"": 13043, ""1"": 17915, ""2"": 20388, ""3"": 16503, ""4"": 27883, ""5"": 14567}",connected
110399,778,20000,0.050000000000000044,0.047091890331357716,2.5125700495718046,0.0,0.0,0,"{""0"": 13048, ""1"": 17933, ""2"": 20423, ""3"": 16520, ""4"": 27905, ""5"": 14570}",connected
110499,778,20000,0.050000000000000044,0.045193758718669416,2.5125700495718046,0.0,0.0,0,"{""0"": 13068, ""1"": 17957, ""2"": 20436, ""3"": 16542, ""4"": 27925, ""5"": 14571}",connected
110599,780,20000,0.050000000000000044,0.04771630669012666,2.481440050662495,0.0,0.0,0,"{""0"": 13107, ""1"": 17959, ""2"": 20447, ""3"": 16542, ""4"": 27944, ""5"": 14600}",connected
110699,780,20000,0.050000000000000044,0.04892501212656498,2.481440050662495,0.0,0.0,0,"{""0"": 13111, ""1"": 17976, ""2"": 20473, ""3"": 16548, ""4"": 27959, ""5"": 14632}",connected
110799,782,20000,0.050000000000000044,0.04829303741455078,2.463500047503039,0.0,0.0,0,"{""0"": 13121, ""1"": 17988, ""2"": 20503, ""3"": 16554, ""4"": 27983, ""5"": 14650}",connected
110899,782,20000,0.050000000000000044,0.04931115094572305,2.463500047503039,0.0,0.0,0,"{""0"": 13127, ""1"": 18001, ""2"": 20528, ""3"": 16594, ""4"": 27992, ""5"": 14657}",connected
110999,784,20000,0.050000000000000044,0.04853758025914431,2.475620047580451,0.0,0.0,0,"{""0"": 13146, ""1"": 18005, ""2"": 20546, ""3"": 16631, ""4"": 28014, ""5"": 14657}",connected
111099,784,20000,0.050000000000000044,0.04916123567149043,2.475620047580451,0.0,0.0,0,"{""0"": 13160, ""1"": 18021, ""2"": 20566, ""3"": 16640, ""4"": 28041, ""5"": 14671}",connected
111199,786,20000,0.050000000000000044,0.04896364545449614,2.4687000486720354,0.0,0.0,0,"{""0"": 13165, ""1"": 18034, ""2"": 20582, ""3"": 16642, ""4"": 28092, ""5"": 14684}",connected
111299,788,20000,0.050000000000000044,0.049104570876806974,2.465510047338903,0.0,0.0,0,"{""0"": 13172, ""1"": 18047, ""2"": 20605, ""3"": 16654, ""4"": 28132, ""5"": 14689}",connected
111399,790,20000,0.050000000000000044,0.048165886588394644,2.5894200476817786,0.0,0.0,0,"{""0"": 13176, ""1"": 18063, ""2"": 20628, ""3"": 16661, ""4"": 28179, ""5"": 14692}",connected
111499,792,20000,0.050000000000000044,0.04758711924776435,2.58190004828386,0.0,0.0,0,"{""0"": 13193, ""1"": 18067, ""2"": 20650, ""3"": 16680, ""4"": 28208, ""5"": 14701}",connected
111599,792,20000,0.050000000000000044,0.0487039646320045,2.58190004828386,0.0,0.0,0,"{""0"": 13205, ""1"": 18069, ""2"": 20655, ""3"": 16696, ""4"": 28256, ""5"": 14718}",connected
111699,792,20000,0.050000000000000044,0.04941428035497666,2.58190004828386,0.0,0.0,0,"{""0"": 13207, ""1"": 18092, ""2"": 20660, ""3"": 16716, ""4"": 28279, ""5"": 14745}",connected
111799,794,20000,0.050000000000000044,0.048738040383905175,2.5336500444449483,0.0,0.0,0,"{""0"": 13211, ""1"": 18096, ""2"": 20672, ""3"": 16727, ""4"": 28326, ""5"": 14767}",connected
111899,794,20000,0.050000000000000044,0.04891185409389436,2.5336500444449483,0.0,0.0,0,"{""0"": 13214, ""1"": 18109, ""2"": 20693, ""3"": 16749, ""4"": 28357, ""5"": 14777}",connected
111999,796,20000,0.050000000000000044,0.048609938537701965,2.511930043073371,0.0,0.0,0,"{""0"": 13218, ""1"": 18115, ""2"": 20734, ""3"": 16749, ""4"": 28399, ""5"": 14784}",connected
112099,798,20000,0.050000000000000044,0.04640137569047511,2.4679800403025003,0.0,0.0,0,"{""0"": 13226, ""1"": 18129, ""2"": 20773, ""3"": 16758, ""4"": 28423, ""5"": 14790}",connected
112199,798,20000,0.050000000000000044,0.045310259526595474,2.4679800403025003,0.0,0.0,0,"{""0"": 13232, ""1"": 18148, ""2"": 20806, ""3"": 16765, ""4"": 28444, ""5"": 14804}",connected
112299,800,20000,0.050000000000000044,0.04571815898641944,2.446630040798336,0.0,0.0,0,"{""0"": 13246, ""1"": 18164, ""2"": 20823, ""3"": 16775, ""4"": 28469, ""5"": 14822}",connected
112399,802,20000,0.050000000000000044,0.04512118171900511,2.4643300403887407,0.0,0.0,0,"{""0"": 13252, ""1"": 18182, ""2"": 20844, ""3"": 16784, ""4"": 28499, ""5"": 14838}",connected
112499,802,20000,0.050000000000000044,0.04518773036077619,2.4643300403887407,0.0,0.0,0,"{""0"": 13265, ""1"": 18203, ""2"": 20850, ""3"": 16809, ""4"": 28528, ""5"": 14844}",connected
112599,804,20000,0.050000000000000044,0.04471186969429255,2.5921700395597145,0.0,0.0,0,"{""0"": 13268, ""1"": 18208, ""2"": 20887, ""3"": 16825, ""4"": 28558, ""5"": 14853}",connected
112699,804,20000,0.050000000000000044,0.0438623708486557,2.5921700395597145,0.0,0.0,0,"{""0"": 13269, ""1"": 18240, ""2"": 20893, ""3"": 16863, ""4"": 28569, ""5"": 14865}",connected
112799,804,20000,0.050000000000000044,0.04607032060623169,2.5921700395597145,0.0,0.0,0,"{""0"": 13270, ""1"": 18259, ""2"": 20917, ""3"": 16911, ""4"": 28576, ""5"": 14866}",connected
112899,804,20000,0.050000000000000044,0.044215839765965936,2.5921700395597145,0.0,0.0,0,"{""0"": 13283, ""1"": 18266, ""2"": 20938, ""3"": 16950, ""4"": 28595, ""5"": 14867}",connected
112999,804,20000,0.050000000000000044,0.045520943347364666,2.5921700395597145,0.0,0.0,0,"{""0"": 13319, ""1"": 18286, ""2"": 20946, ""3"": 16970, ""4"": 28611, ""5"": 14867}",connected
113099,808,20000,0.050000000000000044,0.04444114048033953,2.4679300441080705,0.0,0.0,0,"{""0"": 13331, ""1"": 18300, ""2"": 20972, ""3"": 16975, ""4"": 28649, ""5"": 14872}",connected
113199,808,20000,0.050000000000000044,0.043676217924803494,2.4679300441080705,0.0,0.0,0,"{""0"": 13347, ""1"": 18317, ""2"": 20989, ""3"": 16989, ""4"": 28672, ""5"": 14885}",connected
113299,810,20000,0.050000000000000044,0.04427537968382239,2.4825800425093623,0.0,0.0,0,"{""0"": 13353, ""1"": 18327, ""2"": 21002, ""3"": 17003, ""4"": 28720, ""5"": 14894}",connected
113399,812,20000,0.050000000000000044,0.04298334592953324,2.4617300421372055,0.0,0.0,0,"{""0"": 13364, ""1"": 18341, ""2"": 21030, ""3"": 17010, ""4"": 28749, ""5"": 14905}",connected
113499,812,20000,0.050000000000000044,0.044311378709971906,2.4617300421372055,0.0,0.0,0,"{""0"": 13366, ""1"": 18341, ""2"": 21125, ""3"": 17012, ""4"": 28749, ""5"": 14906}",connected
113599,812,20000,0.050000000000000044,0.04497511904686689,2.4617300421372055,0.0,0.0,0,"{""0"": 13367, ""1"": 18345, ""2"": 21213, ""3"": 17015, ""4"": 28752, ""5"": 14907}",connected
113699,812,20000,0.050000000000000044,0.045435585882514715,2.4617300421372055,0.0,0.0,0,"{""0"": 13368, ""1"": 18345, ""2"": 21310, ""3"": 17017, ""4"": 28752, ""5"": 14907}",connected
113799,814,20000,0.050000000000000044,0.046789498943835495,2.338820040151477,0.0,0.0,0,"{""0"": 13374, ""1"": 18348, ""2"": 21388, ""3"": 17017, ""4"": 28765, ""5"": 14907}",connected
113899,814,20000,0.050000000000000044,0.045865791700780395,2.338820040151477,0.0,0.0,0,"{""0"": 13388, ""1"": 18373, ""2"": 21405, ""3"": 17028, ""4"": 28781, ""5"": 14924}",connected
113999,816,20000,0.050000000000000044,0.04440897945314646,2.365720040826127,0.0,0.0,0,"{""0"": 13407, ""1"": 18382, ""2"": 21426, ""3"": 17042, ""4"": 28806, ""5"": 14936}",connected
114099,816,20000,0.050000000000000044,0.045876490473747256,2.365720040826127,0.0,0.0,0,"{""0"": 13411, ""1"": 18383, ""2"": 21443, ""3"": 17119, ""4"": 28806, ""5"": 14937}",connected
114199,816,20000,0.050000000000000044,0.04601450722664595,2.365720040826127,0.0,0.0,0,"{""0"": 13430, ""1"": 18383, ""2"": 21459, ""3"": 17182, ""4"": 28807, ""5"": 14938}",connected
114299,816,20000,0.050000000000000044,0.04694855373352766,2.365720040826127,0.0,0.0,0,"{""0"": 13451, ""1"": 18383, ""2"": 21480, ""3"": 17239, ""4"": 28808, ""5"": 14938}",connected
114399,818,20000,0.050000000000000044,0.046567952074110505,2.186360038500279,0.0,0.0,0,"{""0"": 13470, ""1"": 18389, ""2"": 21499, ""3"": 17264, ""4"": 28834, ""5"": 14943}",connected
114499,818,20000,0.050000000000000044,0.046628610678017136,2.186360038500279,0.0,0.0,0,"{""0"": 13470, ""1"": 18460, ""2"": 21501, ""3"": 17271, ""4"": 28838, ""5"": 14959}",connected
114599,818,20000,0.050000000000000044,0.04766410756856203,2.186360038500279,0.0,0.0,0,"{""0"": 13470, ""1"": 18501, ""2"": 21502, ""3"": 17303, ""4"": 28849, ""5"": 14974}",connected
114699,818,20000,0.050000000000000044,0.04678590903058648,2.186360038500279,0.0,0.0,0,"{""0"": 13470, ""1"": 18506, ""2"": 21502, ""3"": 17354, ""4"": 28882, ""5"": 14985}",connected
114799,820,20000,0.050000000000000044,0.04524803696200252,2.120910040657036,0.0,0.0,0,"{""0"": 13482, ""1"": 18528, ""2"": 21527, ""3"": 17366, ""4"": 28902, ""5"": 14994}",connected
114899,822,20000,0.050000000000000044,0.04390293085947633,2.122890039612539,0.0,0.0,0,"{""0"": 13490, ""1"": 18548, ""2"": 21550, ""3"": 17382, ""4"": 28927, ""5"": 15002}",connected
114999,824,20000,0.050000000000000044,0.04317070491611957,2.117430039779283,0.0,0.0,0,"{""0"": 13496, ""1"": 18566, ""2"": 21584, ""3"": 17395, ""4"": 28952, ""5"": 15006}",connected
115099,826,20000,0.050000000000000044,0.04391627348959446,2.123990040984936,0.0,0.0,0,"{""0"": 13501, ""1"": 18583, ""2"": 21607, ""3"": 17410, ""4"": 28982, ""5"": 15016}",connected
115199,828,20000,0.050000000000000044,0.04504195898771286,2.126040040678345,0.0,0.0,0,"{""0"": 13504, ""1"": 18595, ""2"": 21626, ""3"": 17434, ""4"": 29005, ""5"": 15035}",connected
115299,828,20000,0.050000000000000044,0.046118266358971594,2.126040040678345,0.0,0.0,0,"{""0"": 13507, ""1"": 18617, ""2"": 21645, ""3"": 17445, ""4"": 29033, ""5"": 15052}",connected
115399,828,20000,0.050000000000000044,0.04491894030943513,2.126040040678345,0.0,0.0,0,"{""0"": 13508, ""1"": 18641, ""2"": 21678, ""3"": 17471, ""4"": 29047, ""5"": 15054}",connected
115499,830,20000,0.050000000000000044,0.04527231313288212,2.114410041277297,0.0,0.0,0,"{""0"": 13515, ""1"": 18651, ""2"": 21708, ""3"": 17479, ""4"": 29084, ""5"": 15062}",connected
115599,832,20000,0.050000000000000044,0.04709777727723122,2.1062300416547806,0.0,0.0,0,"{""0"": 13524, ""1"": 18671, ""2"": 21727, ""3"": 17512, ""4"": 29103, ""5"": 15062}",connected
115699,834,20000,0.050000000000000044,0.046093106558546426,2.281690043583512,0.0,0.0,0,"{""0"": 13534, ""1"": 18686, ""2"": 21748, ""3"": 17526, ""4"": 29137, ""5"": 15068}",connected
115799,836,20000,0.050000000000000044,0.04558144965209067,2.263660043682903,0.0,0.0,0,"{""0"": 13542, ""1"": 18710, ""2"": 21778, ""3"": 17532, ""4"": 29165, ""5"": 15072}",connected
115899,836,20000,0.050000000000000044,0.04423258970491588,2.263660043682903,0.0,0.0,0,"{""0"": 13552, ""1"": 18731, ""2"": 21785, ""3"": 17543, ""4"": 29204, ""5"": 15084}",connected
115999,836,20000,0.050000000000000044,0.04203010874800384,2.263660043682903,0.0,0.0,0,"{""0"": 13553, ""1"": 18778, ""2"": 21785, ""3"": 17543, ""4"": 29206, ""5"": 15134}",connected
116099,836,20000,0.050000000000000044,0.0450710728764534,2.263660043682903,0.0,0.0,0,"{""0"": 13564, ""1"": 18805, ""2"": 21801, ""3"": 17545, ""4"": 29209, ""5"": 15175}",connected
116199,836,20000,0.050000000000000044,0.04455337153747678,2.263660043682903,0.0,0.0,0,"{""0"": 13568, ""1"": 18834, ""2"": 21825, ""3"": 17547, ""4"": 29209, ""5"": 15216}",connected
116299,838,20000,0.050000000000000044,0.045132360216230155,2.133030048315413,0.0,0.0,0,"{""0"": 13580, ""1"": 18860, ""2"": 21849, ""3"": 17551, ""4"": 29233, ""5"": 15226}",connected
116399,838,20000,0.050000000000000044,0.04566288571804762,2.133030048315413,0.0,0.0,0,"{""0"": 13583, ""1"": 18865, ""2"": 21869, ""3"": 17556, ""4"": 29274, ""5"": 15252}",connected
116499,838,20000,0.050000000000000044,0.044890569169074294,2.133030048315413,0.0,0.0,0,"{""0"": 13584, ""1"": 18870, ""2"": 21891, ""3"": 17558, ""4"": 29309, ""5"": 15287}",connected
116599,838,20000,0.050000000000000044,0.04611086869612336,2.133030048315413,0.0,0.0,0,"{""0"": 13585, ""1"": 18873, ""2"": 21897, ""3"": 17578, ""4"": 29328, ""5"": 15338}",connected
116699,840,20000,0.050000000000000044,0.04800954522565007,1.996730051371269,0.0,0.0,0,"{""0"": 13587, ""1"": 18894, ""2"": 21905, ""3"": 17595, ""4"": 29344, ""5"": 15374}",connected
116799,842,20000,0.050000000000000044,0.04805149711668491,1.9809100483963267,0.0,0.0,0,"{""0"": 13598, ""1"": 18904, ""2"": 21930, ""3"": 17613, ""4"": 29376, ""5"": 15378}",connected
116899,842,20000,0.050000000000000044,0.04609898902475834,1.9809100483963267,0.0,0.0,0,"{""0"": 13605, ""1"": 18933, ""2"": 21942, ""3"": 17616, ""4"": 29401, ""5"": 15402}",connected
116999,844,20000,0.050000000000000044,0.04756072949618101,1.9744100490072742,0.0,0.0,0,"{""0"": 13615, ""1"": 18945, ""2"": 21979, ""3"": 17621, ""4"": 29431, ""5"": 15408}",connected
117099,844,20000,0.050000000000000044,0.04543630812317133,1.9744100490072742,0.0,0.0,0,"{""0"": 13616, ""1"": 18969, ""2"": 22000, ""3"": 17636, ""4"": 29467, ""5"": 15411}",connected
117199,844,20000,0.050000000000000044,0.0452023202739656,1.9744100490072742,0.0,0.0,0,"{""0"": 13619, ""1"": 18970, ""2"": 22009, ""3"": 17674, ""4"": 29486, ""5"": 15441}",connected
117299,846,20000,0.050000000000000044,0.04490041388198733,2.0088400468369945,0.0,0.0,0,"{""0"": 13627, ""1"": 18977, ""2"": 22025, ""3"": 17687, ""4"": 29522, ""5"": 15461}",connected
117399,846,20000,0.050000000000000044,0.043960286835208535,2.0088400468369945,0.0,0.0,0,"{""0"": 13632, ""1"": 18994, ""2"": 22057, ""3"": 17704, ""4"": 29542, ""5"": 15470}",connected
117499,848,20000,0.050000000000000044,0.04493784652091563,2.0098700441094115,0.0,0.0,0,"{""0"": 13642, ""1"": 19013, ""2"": 22078, ""3"": 17735, ""4"": 29556, ""5"": 15475}",connected
117599,848,20000,0.050000000000000044,0.045905971946194765,2.0098700441094115,0.0,0.0,0,"{""0"": 13660, ""1"": 19032, ""2"": 22090, ""3"": 17760, ""4"": 29574, ""5"": 15483}",connected
117699,848,20000,0.050000000000000044,0.04735018986277282,2.0098700441094115,0.0,0.0,0,"{""0"": 13660, ""1"": 19052, ""2"": 22114, ""3"": 17790, ""4"": 29595, ""5"": 15488}",connected
117799,850,20000,0.050000000000000044,0.04760293788276613,1.9645600432669743,0.0,0.0,0,"{""0"": 13672, ""1"": 19073, ""2"": 22126, ""3"": 17810, ""4"": 29623, ""5"": 15495}",connected
117899,852,20000,0.050000000000000044,0.047087661633267996,1.962840042137541,0.0,0.0,0,"{""0"": 13680, ""1"": 19084, ""2"": 22139, ""3"": 17831, ""4"": 29653, ""5"": 15512}",connected
117999,854,20000,0.050000000000000044,0.04510987282730639,1.99976003984455,0.0,0.0,0,"{""0"": 13686, ""1"": 19097, ""2"": 22154, ""3"": 17848, ""4"": 29689, ""5"": 15525}",connected
118099,856,20000,0.050000000000000044,0.04427744577638805,2.010550041110255,0.0,0.0,0,"{""0"": 13708, ""1"": 19112, ""2"": 22172, ""3"": 17858, ""4"": 29720, ""5"": 15529}",connected
118199,858,20000,0.050000000000000044,0.04619368989020586,1.9967400448163972,0.0,0.0,0,"{""0"": 13716, ""1"": 19132, ""2"": 22195, ""3"": 17877, ""4"": 29743, ""5"": 15536}",connected
118299,858,20000,0.050000000000000044,0.04603154188022018,1.9967400448163972,0.0,0.0,0,"{""0"": 13737, ""1"": 19136, ""2"": 22199, ""3"": 17894, ""4"": 29753, ""5"": 15580}",connected
118399,860,20000,0.050000000000000044,0.04829851176589727,2.0286300479387864,0.0,0.0,0,"{""0"": 13746, ""1"": 19147, ""2"": 22220, ""3"": 17909, ""4"": 29785, ""5"": 15592}",connected
118499,860,20000,0.050000000000000044,0.047477255687117574,2.0286300479387864,0.0,0.0,0,"{""0"": 13754, ""1"": 19163, ""2"": 22242, ""3"": 17938, ""4"": 29806, ""5"": 15596}",connected
118599,862,20000,0.050000000000000044,0.04685700487345457,2.015210053822957,0.0,0.0,0,"{""0"": 13760, ""1"": 19169, ""2"": 22253, ""3"": 17979, ""4"": 29838, ""5"": 15600}",connected
118699,863,20000,0.050000000000000044,0.04599637471139431,2.1287400527438147,0.0,0.0,0,"{""0"": 13760, ""1"": 19194, ""2"": 22270, ""3"": 17997, ""4"": 29852, ""5"": 15626}",connected
118799,864,20000,0.050000000000000044,0.04571223618462682,2.064570052619092,0.0,0.0,0,"{""0"": 13769, ""1"": 19208, ""2"": 22296, ""3"": 17997, ""4"": 29876, ""5"": 15653}",connected
118899,864,20000,0.050000000000000044,0.0457584791444242,2.064570052619092,0.0,0.0,0,"{""0"": 13773, ""1"": 19218, ""2"": 22332, ""3"": 18009, ""4"": 29890, ""5"": 15677}",connected
118999,866,20000,0.050000000000000044,0.04481455229222774,2.024250050210394,0.0,0.0,0,"{""0"": 13776, ""1"": 19232, ""2"": 22351, ""3"": 18020, ""4"": 29931, ""5"": 15689}",connected
119099,868,20000,0.050000000000000044,0.04815656369552016,2.019340047785081,0.0,0.0,0,"{""0"": 13784, ""1"": 19253, ""2"": 22386, ""3"": 18033, ""4"": 29944, ""5"": 15699}",connected
119199,868,20000,0.050000000000000044,0.046657354291528466,2.019340047785081,0.0,0.0,0,"{""0"": 13788, ""1"": 19263, ""2"": 22399, ""3"": 18035, ""4"": 30002, ""5"": 15712}",connected
119299,868,20000,0.050000000000000044,0.04995121382176876,2.019340047785081,0.0,0.0,0,"{""0"": 13790, ""1"": 19302, ""2"": 22403, ""3"": 18039, ""4"": 30053, ""5"": 15712}",connected
119399,868,20000,0.050000000000000044,0.05019880237057805,2.019340047785081,0.0,0.0,0,"{""0"": 13790, ""1"": 19345, ""2"": 22406, ""3"": 18047, ""4"": 30099, ""5"": 15712}",connected
119499,870,20000,0.050000000000000044,0.05131448082625866,1.9864200503798202,0.0,0.0,0,"{""0"": 13802, ""1"": 19357, ""2"": 22435, ""3"": 18060, ""4"": 30129, ""5"": 15716}",connected
119599,870,20000,0.050000000000000044,0.05368429321795702,1.9864200503798202,0.0,0.0,0,"{""0"": 13821, ""1"": 19368, ""2"": 22455, ""3"": 18077, ""4"": 30144, ""5"": 15734}",connected
119699,872,20000,0.050000000000000044,0.05241433447226882,1.9891400496242568,0.0,0.0,0,"{""0"": 13827, ""1"": 19392, ""2"": 22480, ""3"": 18099, ""4"": 30161, ""5"": 15740}",connected
119799,872,20000,0.050000000000000044,0.0520946311019361,1.9891400496242568,0.0,0.0,0,"{""0"": 13831, ""1"": 19410, ""2"": 22511, ""3"": 18101, ""4"": 30198, ""5"": 15748}",connected
119899,874,20000,0.050000000000000044,0.0479815785959363,2.0220100521901623,0.0,0.0,0,"{""0"": 13847, ""1"": 19427, ""2"": 22532, ""3"": 18121, ""4"": 30220, ""5"": 15752}",connected
119999,876,20000,0.050000000000000044,0.045330185182392596,2.0260100507177414,0.0,0.0,0,"{""0"": 13854, ""1"": 19445, ""2"": 22552, ""3"": 18136, ""4"": 30254, ""5"": 15758}",connected
120099,876,20000,0.050000000000000044,0.04330489160493016,2.0260100507177414,0.0,0.0,0,"{""0"": 13862, ""1"": 19472, ""2"": 22570, ""3"": 18145, ""4"": 30283, ""5"": 15767}",connected
120199,876,20000,0.050000000000000044,0.04383130485191941,2.0260100507177414,0.0,0.0,0,"{""0"": 13866, ""1"": 19497, ""2"": 22599, ""3"": 18173, ""4"": 30296, ""5"": 15768}",connected
120299,878,20000,0.050000000000000044,0.044250667383894327,2.0105800544749943,0.0,0.0,0,"{""0"": 13869, ""1"": 19511, ""2"": 22638, ""3"": 18196, ""4"": 30316, ""5"": 15769}",connected
120399,880,20000,0.050000000000000044,0.04339924450032413,2.072200050204992,0.0,0.0,0,"{""0"": 13884, ""1"": 19530, ""2"": 22656, ""3"": 18213, ""4"": 30342, ""5"": 15774}",connected
120499,880,20000,0.050000000000000044,0.04411695306189358,2.072200050204992,0.0,0.0,0,"{""0"": 13888, ""1"": 19574, ""2"": 22663, ""3"": 18238, ""4"": 30356, ""5"": 15780}",connected
120599,880,20000,0.050000000000000044,0.04166787655092776,2.072200050204992,0.0,0.0,0,"{""0"": 13888, ""1"": 19628, ""2"": 22663, ""3"": 18278, ""4"": 30362, ""5"": 15780}",connected
120699,880,20000,0.050000000000000044,0.04109930945560336,2.072200050204992,0.0,0.0,0,"{""0"": 13888, ""1"": 19667, ""2"": 22663, ""3"": 18335, ""4"": 30366, ""5"": 15780}",connected
120799,880,20000,0.050000000000000044,0.04252153007313609,2.072200050204992,0.0,0.0,0,"{""0"": 13891, ""1"": 19709, ""2"": 22665, ""3"": 18381, ""4"": 30370, ""5"": 15783}",connected
120899,882,20000,0.050000000000000044,0.04198940575122833,1.976050051492639,0.0,0.0,0,"{""0"": 13901, ""1"": 19730, ""2"": 22683, ""3"": 18404, ""4"": 30393, ""5"": 15788}",connected
120999,884,20000,0.050000000000000044,0.04308665290474892,1.9581600518664346,0.0,0.0,0,"{""0"": 13910, ""1"": 19737, ""2"": 22715, ""3"": 18439, ""4"": 30410, ""5"": 15788}",connected
121099,884,20000,0.050000000000000044,0.04271361049264669,1.9581600518664346,0.0,0.0,0,"{""0"": 13914, ""1"": 19763, ""2"": 22734, ""3"": 18457, ""4"": 30430, ""5"": 15801}",connected
121199,884,20000,0.050000000000000044,0.0412500162050128,1.9581600518664346,0.0,0.0,0,"{""0"": 13915, ""1"": 19778, ""2"": 22774, ""3"": 18467, ""4"": 30457, ""5"": 15808}",connected
121299,886,20000,0.050000000000000044,0.040801779869943856,1.9545400496246292,0.0,0.0,0,"{""0"": 13923, ""1"": 19786, ""2"": 22798, ""3"": 18482, ""4"": 30490, ""5"": 15820}",connected
121399,886,20000,0.050000000000000044,0.04201505996286869,1.9545400496246292,0.0,0.0,0,"{""0"": 13930, ""1"": 19806, ""2"": 22813, ""3"": 18499, ""4"": 30514, ""5"": 15837}",connected
121499,888,20000,0.050000000000000044,0.04323313587345183,1.9637300506560131,0.0,0.0,0,"{""0"": 13940, ""1"": 19822, ""2"": 22835, ""3"": 18504, ""4"": 30551, ""5"": 15847}",connected
121580,890,20000,0.050000000000000044,0.04398164664395154,1.9871600508550182,0.0,0.0,0,"{""0"": 13948, ""1"": 19835, ""2"": 22849, ""3"": 18519, ""4"": 30567, ""5"": 15862}",stopped
