global_step,episode_count,replay_size,epsilon,loss,mean_reward_100,expert_action_loss,expert_bc_weight,expert_replay_size,action_counts,connection_status
99,0,99,0.9984325,0.0,0.0,0.0,0.0,0,"{""0"": 21, ""1"": 13, ""2"": 21, ""3"": 13, ""4"": 19, ""5"": 12}",connected
199,0,199,0.9968491666666667,0.0,0.0,0.0,0.0,0,"{""0"": 45, ""1"": 38, ""2"": 30, ""3"": 26, ""4"": 31, ""5"": 29}",connected
299,0,299,0.9952658333333333,0.0,0.0,0.0,0.0,0,"{""0"": 63, ""1"": 52, ""2"": 44, ""3"": 49, ""4"": 49, ""5"": 42}",connected
399,0,399,0.9936825,0.0,0.0,0.0,0.0,0,"{""0"": 80, ""1"": 69, ""2"": 62, ""3"": 69, ""4"": 65, ""5"": 54}",connected
499,0,499,0.9920991666666666,0.0,0.0,0.0,0.0,0,"{""0"": 93, ""1"": 86, ""2"": 79, ""3"": 88, ""4"": 82, ""5"": 71}",connected
599,0,599,0.9905158333333334,0.0,0.0,0.0,0.0,0,"{""0"": 117, ""1"": 102, ""2"": 90, ""3"": 105, ""4"": 96, ""5"": 89}",connected
699,0,699,0.9889325,0.0,0.0,0.0,0.0,0,"{""0"": 139, ""1"": 116, ""2"": 111, ""3"": 121, ""4"": 106, ""5"": 106}",connected
799,2,799,0.9873491666666667,0.0,-6.823999898508191,0.0,0.0,0,"{""0"": 152, ""1"": 129, ""2"": 124, ""3"": 139, ""4"": 132, ""5"": 123}",connected
899,2,899,0.9857658333333333,0.0,-6.823999898508191,0.0,0.0,0,"{""0"": 171, ""1"": 148, ""2"": 143, ""3"": 156, ""4"": 147, ""5"": 134}",connected
999,2,999,0.9841825,0.0,-6.823999898508191,0.0,0.0,0,"{""0"": 197, ""1"": 162, ""2"": 160, ""3"": 171, ""4"": 156, ""5"": 153}",connected
1099,2,1099,0.9825991666666667,0.0,-6.823999898508191,0.0,0.0,0,"{""0"": 210, ""1"": 181, ""2"": 177, ""3"": 190, ""4"": 173, ""5"": 168}",connected
1199,2,1199,0.9810158333333333,0.0,-6.823999898508191,0.0,0.0,0,"{""0"": 220, ""1"": 204, ""2"": 191, ""3"": 209, ""4"": 194, ""5"": 181}",connected
1299,2,1299,0.9794325,0.0,-6.823999898508191,0.0,0.0,0,"{""0"": 231, ""1"": 215, ""2"": 210, ""3"": 231, ""4"": 217, ""5"": 195}",connected
1399,2,1399,0.9778491666666667,0.0,-6.823999898508191,0.0,0.0,0,"{""0"": 244, ""1"": 230, ""2"": 225, ""3"": 256, ""4"": 236, ""5"": 208}",connected
1499,4,1499,0.9762658333333334,0.0,-6.48774988471996,0.0,0.0,0,"{""0"": 264, ""1"": 244, ""2"": 251, ""3"": 270, ""4"": 250, ""5"": 220}",connected
1599,4,1599,0.9746825,0.0,-6.48774988471996,0.0,0.0,0,"{""0"": 280, ""1"": 269, ""2"": 268, ""3"": 285, ""4"": 265, ""5"": 232}",connected
1699,4,1699,0.9730991666666666,0.0,-6.48774988471996,0.0,0.0,0,"{""0"": 296, ""1"": 287, ""2"": 283, ""3"": 299, ""4"": 283, ""5"": 251}",connected
1799,4,1799,0.9715158333333334,0.0,-6.48774988471996,0.0,0.0,0,"{""0"": 318, ""1"": 298, ""2"": 295, ""3"": 314, ""4"": 301, ""5"": 273}",connected
1899,4,1899,0.9699325,0.0,-6.48774988471996,0.0,0.0,0,"{""0"": 329, ""1"": 319, ""2"": 311, ""3"": 328, ""4"": 325, ""5"": 287}",connected
1999,4,1999,0.9683491666666667,0.0,-6.48774988471996,0.0,0.0,0,"{""0"": 343, ""1"": 337, ""2"": 328, ""3"": 348, ""4"": 347, ""5"": 296}",connected
2099,4,2099,0.9667658333333333,0.005267268293537199,-6.48774988471996,0.0,0.0,0,"{""0"": 361, ""1"": 350, ""2"": 349, ""3"": 363, ""4"": 350, ""5"": 326}",connected
2199,6,2199,0.9651825,0.004203561190515757,-7.103833239059895,0.0,0.0,0,"{""0"": 379, ""1"": 381, ""2"": 364, ""3"": 376, ""4"": 357, ""5"": 342}",connected
2299,6,2299,0.9635991666666667,0.003531629116429637,-7.103833239059895,0.0,0.0,0,"{""0"": 403, ""1"": 403, ""2"": 379, ""3"": 388, ""4"": 364, ""5"": 362}",connected
2399,6,2399,0.9620158333333333,0.003252601662534289,-7.103833239059895,0.0,0.0,0,"{""0"": 429, ""1"": 414, ""2"": 390, ""3"": 409, ""4"": 383, ""5"": 374}",connected
2499,6,2499,0.9604325,0.002454612044384703,-7.103833239059895,0.0,0.0,0,"{""0"": 448, ""1"": 433, ""2"": 400, ""3"": 424, ""4"": 399, ""5"": 395}",connected
2599,6,2599,0.9588491666666666,0.002070423641707748,-7.103833239059895,0.0,0.0,0,"{""0"": 454, ""1"": 475, ""2"": 402, ""3"": 428, ""4"": 441, ""5"": 399}",connected
2699,6,2699,0.9572658333333334,0.0019276650703977793,-7.103833239059895,0.0,0.0,0,"{""0"": 467, ""1"": 497, ""2"": 418, ""3"": 439, ""4"": 455, ""5"": 423}",connected
2799,7,2799,0.9556825,0.0017173396045109257,-6.970857042020985,0.0,0.0,0,"{""0"": 489, ""1"": 514, ""2"": 433, ""3"": 458, ""4"": 468, ""5"": 437}",connected
2899,8,2899,0.9540991666666667,0.0018357984803151338,-6.774749897420406,0.0,0.0,0,"{""0"": 534, ""1"": 516, ""2"": 435, ""3"": 460, ""4"": 515, ""5"": 439}",connected
2999,8,2999,0.9525158333333333,0.0018512165977153927,-6.774749897420406,0.0,0.0,0,"{""0"": 569, ""1"": 516, ""2"": 442, ""3"": 464, ""4"": 565, ""5"": 443}",connected
3099,8,3099,0.9509325,0.0019103593763429671,-6.774749897420406,0.0,0.0,0,"{""0"": 573, ""1"": 520, ""2"": 484, ""3"": 472, ""4"": 604, ""5"": 446}",connected
3199,8,3199,0.9493491666666667,0.0019340901059331373,-6.774749897420406,0.0,0.0,0,"{""0"": 585, ""1"": 533, ""2"": 510, ""3"": 481, ""4"": 622, ""5"": 468}",connected
3299,8,3299,0.9477658333333333,0.0016343963658437134,-6.774749897420406,0.0,0.0,0,"{""0"": 597, ""1"": 548, ""2"": 542, ""3"": 491, ""4"": 628, ""5"": 493}",connected
3399,8,3399,0.9461825,0.0015787405765149741,-6.774749897420406,0.0,0.0,0,"{""0"": 615, ""1"": 565, ""2"": 554, ""3"": 506, ""4"": 646, ""5"": 513}",connected
3499,10,3499,0.9445991666666667,0.0013480717697530054,-6.618699897686019,0.0,0.0,0,"{""0"": 628, ""1"": 576, ""2"": 574, ""3"": 525, ""4"": 666, ""5"": 530}",connected
3599,10,3599,0.9430158333333334,0.0012710024570696987,-6.618699897686019,0.0,0.0,0,"{""0"": 647, ""1"": 590, ""2"": 587, ""3"": 540, ""4"": 684, ""5"": 551}",connected
3699,10,3699,0.9414325,0.0012041595196933485,-6.618699897686019,0.0,0.0,0,"{""0"": 662, ""1"": 610, ""2"": 599, ""3"": 563, ""4"": 697, ""5"": 568}",connected
3799,10,3799,0.9398491666666666,0.0011913917821948416,-6.618699897686019,0.0,0.0,0,"{""0"": 677, ""1"": 622, ""2"": 628, ""3"": 580, ""4"": 717, ""5"": 575}",connected
3899,10,3899,0.9382658333333334,0.0013598937058122828,-6.618699897686019,0.0,0.0,0,"{""0"": 704, ""1"": 635, ""2"": 643, ""3"": 595, ""4"": 742, ""5"": 580}",connected
3999,10,3999,0.9366825,0.0013643243466503919,-6.618699897686019,0.0,0.0,0,"{""0"": 720, ""1"": 658, ""2"": 661, ""3"": 606, ""4"": 762, ""5"": 592}",connected
4099,12,4099,0.9350991666666667,0.00209248480561655,-5.802249902665305,0.0,0.0,0,"{""0"": 736, ""1"": 667, ""2"": 679, ""3"": 632, ""4"": 779, ""5"": 606}",connected
4199,12,4199,0.9335158333333333,0.002697431223350577,-5.802249902665305,0.0,0.0,0,"{""0"": 738, ""1"": 707, ""2"": 718, ""3"": 643, ""4"": 785, ""5"": 608}",connected
4299,12,4299,0.9319325,0.0032956325169652702,-5.802249902665305,0.0,0.0,0,"{""0"": 738, ""1"": 757, ""2"": 768, ""3"": 643, ""4"": 785, ""5"": 608}",connected
4399,12,4399,0.9303491666666667,0.003213718316401355,-5.802249902665305,0.0,0.0,0,"{""0"": 738, ""1"": 807, ""2"": 818, ""3"": 643, ""4"": 785, ""5"": 608}",connected
4499,12,4499,0.9287658333333333,0.0030492394766770303,-5.802249902665305,0.0,0.0,0,"{""0"": 738, ""1"": 857, ""2"": 868, ""3"": 643, ""4"": 785, ""5"": 608}",connected
4599,12,4599,0.9271825,0.002605583191616461,-5.802249902665305,0.0,0.0,0,"{""0"": 751, ""1"": 887, ""2"": 894, ""3"": 653, ""4"": 790, ""5"": 624}",connected
4699,14,4699,0.9255991666666666,0.0020908103749388827,-5.73485705998194,0.0,0.0,0,"{""0"": 765, ""1"": 905, ""2"": 909, ""3"": 670, ""4"": 808, ""5"": 642}",connected
4799,14,4799,0.9240158333333334,0.0021417013893369587,-5.73485705998194,0.0,0.0,0,"{""0"": 791, ""1"": 915, ""2"": 932, ""3"": 682, ""4"": 833, ""5"": 646}",connected
4899,14,4899,0.9224325,0.001746491499361582,-5.73485705998194,0.0,0.0,0,"{""0"": 830, ""1"": 915, ""2"": 942, ""3"": 726, ""4"": 833, ""5"": 653}",connected
4999,14,4999,0.9208491666666667,0.0014774822912295349,-5.73485705998194,0.0,0.0,0,"{""0"": 837, ""1"": 930, ""2"": 968, ""3"": 746, ""4"": 845, ""5"": 673}",connected
5099,14,5099,0.9192658333333333,0.0018067716140649282,-5.73485705998194,0.0,0.0,0,"{""0"": 857, ""1"": 943, ""2"": 989, ""3"": 761, ""4"": 856, ""5"": 693}",connected
5199,14,5199,0.9176825,0.002052920206624549,-5.73485705998194,0.0,0.0,0,"{""0"": 865, ""1"": 958, ""2"": 1001, ""3"": 785, ""4"": 887, ""5"": 703}",connected
5299,14,5299,0.9160991666666667,0.0021737662763916888,-5.73485705998194,0.0,0.0,0,"{""0"": 875, ""1"": 975, ""2"": 1024, ""3"": 808, ""4"": 903, ""5"": 714}",connected
5399,16,5399,0.9145158333333333,0.0024101025372510777,-5.984624915232416,0.0,0.0,0,"{""0"": 896, ""1"": 988, ""2"": 1043, ""3"": 821, ""4"": 918, ""5"": 733}",connected
5499,16,5499,0.9129325,0.0020446479751262815,-5.984624915232416,0.0,0.0,0,"{""0"": 914, ""1"": 1005, ""2"": 1061, ""3"": 838, ""4"": 929, ""5"": 752}",connected
5599,16,5599,0.9113491666666667,0.0018636723910458385,-5.984624915232416,0.0,0.0,0,"{""0"": 924, ""1"": 1026, ""2"": 1076, ""3"": 851, ""4"": 952, ""5"": 770}",connected
5699,16,5699,0.9097658333333334,0.0016346607939340175,-5.984624915232416,0.0,0.0,0,"{""0"": 948, ""1"": 1049, ""2"": 1093, ""3"": 866, ""4"": 961, ""5"": 782}",connected
5799,16,5799,0.9081825,0.0014714143093442545,-5.984624915232416,0.0,0.0,0,"{""0"": 966, ""1"": 1065, ""2"": 1116, ""3"": 882, ""4"": 972, ""5"": 798}",connected
5899,16,5899,0.9065991666666666,0.001284856494748965,-5.984624915232416,0.0,0.0,0,"{""0"": 981, ""1"": 1075, ""2"": 1139, ""3"": 906, ""4"": 989, ""5"": 809}",connected
5999,16,5999,0.9050158333333334,0.0011253517656587065,-5.984624915232416,0.0,0.0,0,"{""0"": 999, ""1"": 1085, ""2"": 1148, ""3"": 929, ""4"": 1009, ""5"": 829}",connected
6099,18,6099,0.9034325,0.0013871166919125243,-6.072277689895903,0.0,0.0,0,"{""0"": 1010, ""1"": 1106, ""2"": 1161, ""3"": 945, ""4"": 1029, ""5"": 848}",connected
6199,18,6199,0.9018491666666667,0.0017105892836116255,-6.072277689895903,0.0,0.0,0,"{""0"": 1025, ""1"": 1128, ""2"": 1176, ""3"": 960, ""4"": 1043, ""5"": 867}",connected
6299,18,6299,0.9002658333333333,0.0018609518156154081,-6.072277689895903,0.0,0.0,0,"{""0"": 1049, ""1"": 1142, ""2"": 1189, ""3"": 983, ""4"": 1058, ""5"": 878}",connected
6399,18,6399,0.8986825,0.0020519821351626887,-6.072277689895903,0.0,0.0,0,"{""0"": 1072, ""1"": 1163, ""2"": 1203, ""3"": 999, ""4"": 1072, ""5"": 890}",connected
6499,18,6499,0.8970991666666667,0.001829417678527534,-6.072277689895903,0.0,0.0,0,"{""0"": 1093, ""1"": 1172, ""2"": 1218, ""3"": 1020, ""4"": 1088, ""5"": 908}",connected
6599,18,6599,0.8955158333333333,0.0014888498623622582,-6.072277689895903,0.0,0.0,0,"{""0"": 1106, ""1"": 1189, ""2"": 1247, ""3"": 1028, ""4"": 1109, ""5"": 920}",connected
6699,18,6699,0.8939325,0.0013617387099657207,-6.072277689895903,0.0,0.0,0,"{""0"": 1119, ""1"": 1210, ""2"": 1267, ""3"": 1051, ""4"": 1117, ""5"": 935}",connected
6799,18,6799,0.8923491666666666,0.0011950079060625285,-6.072277689895903,0.0,0.0,0,"{""0"": 1147, ""1"": 1223, ""2"": 1284, ""3"": 1073, ""4"": 1125, ""5"": 947}",connected
6899,20,6899,0.8907658333333334,0.0010462098458083346,-6.129499904299155,0.0,0.0,0,"{""0"": 1163, ""1"": 1243, ""2"": 1302, ""3"": 1090, ""4"": 1136, ""5"": 965}",connected
6999,20,6999,0.8891825,0.000922509363736026,-6.129499904299155,0.0,0.0,0,"{""0"": 1182, ""1"": 1258, ""2"": 1317, ""3"": 1113, ""4"": 1148, ""5"": 981}",connected
7099,20,7099,0.8875991666666667,0.0010664315731264652,-6.129499904299155,0.0,0.0,0,"{""0"": 1198, ""1"": 1270, ""2"": 1335, ""3"": 1137, ""4"": 1162, ""5"": 997}",connected
7199,20,7199,0.8860158333333333,0.0013140377670060844,-6.129499904299155,0.0,0.0,0,"{""0"": 1219, ""1"": 1284, ""2"": 1353, ""3"": 1151, ""4"": 1187, ""5"": 1005}",connected
7299,20,7299,0.8844325,0.0014716545888222754,-6.129499904299155,0.0,0.0,0,"{""0"": 1237, ""1"": 1295, ""2"": 1367, ""3"": 1163, ""4"": 1216, ""5"": 1021}",connected
7399,20,7399,0.8828491666666667,0.0015840459644095972,-6.129499904299155,0.0,0.0,0,"{""0"": 1250, ""1"": 1319, ""2"": 1389, ""3"": 1176, ""4"": 1227, ""5"": 1038}",connected
7499,20,7499,0.8812658333333333,0.0015154682920547203,-6.129499904299155,0.0,0.0,0,"{""0"": 1267, ""1"": 1337, ""2"": 1403, ""3"": 1204, ""4"": 1240, ""5"": 1048}",connected
7599,22,7599,0.8796825,0.00142288792936597,-6.144954446195201,0.0,0.0,0,"{""0"": 1284, ""1"": 1356, ""2"": 1422, ""3"": 1221, ""4"": 1253, ""5"": 1063}",connected
7699,22,7699,0.8780991666666667,0.001392337612924166,-6.144954446195201,0.0,0.0,0,"{""0"": 1300, ""1"": 1372, ""2"": 1445, ""3"": 1236, ""4"": 1272, ""5"": 1074}",connected
7799,22,7799,0.8765158333333334,0.0014023929857648909,-6.144954446195201,0.0,0.0,0,"{""0"": 1320, ""1"": 1388, ""2"": 1463, ""3"": 1251, ""4"": 1290, ""5"": 1087}",connected
7899,22,7899,0.8749325,0.0014286272280151025,-6.144954446195201,0.0,0.0,0,"{""0"": 1329, ""1"": 1406, ""2"": 1486, ""3"": 1267, ""4"": 1308, ""5"": 1103}",connected
7999,22,7999,0.8733491666666666,0.001359659798326902,-6.144954446195201,0.0,0.0,0,"{""0"": 1342, ""1"": 1424, ""2"": 1502, ""3"": 1287, ""4"": 1330, ""5"": 1114}",connected
8099,22,8099,0.8717658333333334,0.0017507992248283698,-6.144954446195201,0.0,0.0,0,"{""0"": 1364, ""1"": 1442, ""2"": 1516, ""3"": 1306, ""4"": 1345, ""5"": 1126}",connected
8199,22,8199,0.8701825000000001,0.0018708878586767242,-6.144954446195201,0.0,0.0,0,"{""0"": 1380, ""1"": 1456, ""2"": 1538, ""3"": 1323, ""4"": 1366, ""5"": 1136}",connected
8299,24,8299,0.8685991666666667,0.0018088632181752474,-6.186624898691662,0.0,0.0,0,"{""0"": 1395, ""1"": 1477, ""2"": 1553, ""3"": 1333, ""4"": 1386, ""5"": 1155}",connected
8399,24,8399,0.8670158333333333,0.001742681151954457,-6.186624898691662,0.0,0.0,0,"{""0"": 1415, ""1"": 1501, ""2"": 1561, ""3"": 1348, ""4"": 1406, ""5"": 1168}",connected
8499,24,8499,0.8654325,0.0013870153669267892,-6.186624898691662,0.0,0.0,0,"{""0"": 1431, ""1"": 1515, ""2"": 1579, ""3"": 1362, ""4"": 1429, ""5"": 1183}",connected
8599,24,8599,0.8638491666666667,0.0013736905949190258,-6.186624898691662,0.0,0.0,0,"{""0"": 1439, ""1"": 1534, ""2"": 1593, ""3"": 1386, ""4"": 1443, ""5"": 1204}",connected
8699,24,8699,0.8622658333333333,0.0013911934173665942,-6.186624898691662,0.0,0.0,0,"{""0"": 1456, ""1"": 1550, ""2"": 1616, ""3"": 1396, ""4"": 1460, ""5"": 1221}",connected
8799,24,8799,0.8606825,0.001590745971770957,-6.186624898691662,0.0,0.0,0,"{""0"": 1472, ""1"": 1571, ""2"": 1637, ""3"": 1413, ""4"": 1475, ""5"": 1231}",connected
8899,24,8899,0.8590991666666666,0.0015608574723592029,-6.186624898691662,0.0,0.0,0,"{""0"": 1484, ""1"": 1592, ""2"": 1661, ""3"": 1431, ""4"": 1497, ""5"": 1234}",connected
8999,26,8999,0.8575158333333334,0.001544420692953281,-6.371076825289772,0.0,0.0,0,"{""0"": 1495, ""1"": 1614, ""2"": 1680, ""3"": 1443, ""4"": 1525, ""5"": 1242}",connected
9099,26,9099,0.8559325,0.0018331850355025382,-6.371076825289772,0.0,0.0,0,"{""0"": 1512, ""1"": 1629, ""2"": 1699, ""3"": 1465, ""4"": 1539, ""5"": 1255}",connected
9199,26,9199,0.8543491666666667,0.0018256748176645487,-6.371076825289772,0.0,0.0,0,"{""0"": 1527, ""1"": 1646, ""2"": 1714, ""3"": 1475, ""4"": 1564, ""5"": 1273}",connected
9299,26,9299,0.8527658333333333,0.001971931618754752,-6.371076825289772,0.0,0.0,0,"{""0"": 1557, ""1"": 1660, ""2"": 1733, ""3"": 1487, ""4"": 1576, ""5"": 1286}",connected
9399,26,9399,0.8511825,0.0019179523322964088,-6.371076825289772,0.0,0.0,0,"{""0"": 1585, ""1"": 1672, ""2"": 1752, ""3"": 1500, ""4"": 1591, ""5"": 1299}",connected
9499,26,9499,0.8495991666666667,0.001739053634228185,-6.371076825289772,0.0,0.0,0,"{""0"": 1606, ""1"": 1688, ""2"": 1765, ""3"": 1518, ""4"": 1599, ""5"": 1323}",connected
9599,26,9599,0.8480158333333333,0.0016349699755664915,-6.371076825289772,0.0,0.0,0,"{""0"": 1614, ""1"": 1705, ""2"": 1781, ""3"": 1537, ""4"": 1618, ""5"": 1344}",connected
9699,28,9699,0.8464325,0.0013899702590424567,-6.415499896925342,0.0,0.0,0,"{""0"": 1625, ""1"": 1720, ""2"": 1789, ""3"": 1559, ""4"": 1648, ""5"": 1358}",connected
9799,28,9799,0.8448491666666667,0.0013182035344652832,-6.415499896925342,0.0,0.0,0,"{""0"": 1646, ""1"": 1732, ""2"": 1802, ""3"": 1576, ""4"": 1674, ""5"": 1369}",connected
9899,28,9899,0.8432658333333334,0.0012044823804171756,-6.415499896925342,0.0,0.0,0,"{""0"": 1669, ""1"": 1751, ""2"": 1812, ""3"": 1589, ""4"": 1690, ""5"": 1388}",connected
9999,28,9999,0.8416825,0.0010819651075871662,-6.415499896925342,0.0,0.0,0,"{""0"": 1684, ""1"": 1772, ""2"": 1827, ""3"": 1603, ""4"": 1707, ""5"": 1406}",connected
10099,28,10099,0.8400991666666666,0.0013273216335801408,-6.415499896925342,0.0,0.0,0,"{""0"": 1701, ""1"": 1787, ""2"": 1843, ""3"": 1626, ""4"": 1721, ""5"": 1421}",connected
10199,28,10199,0.8385158333333333,0.0015032880770741032,-6.415499896925342,0.0,0.0,0,"{""0"": 1722, ""1"": 1800, ""2"": 1865, ""3"": 1637, ""4"": 1739, ""5"": 1436}",connected
10299,28,10299,0.8369325000000001,0.001612585426773876,-6.415499896925342,0.0,0.0,0,"{""0"": 1738, ""1"": 1831, ""2"": 1880, ""3"": 1649, ""4"": 1752, ""5"": 1449}",connected
10399,30,10399,0.8353491666666667,0.00171116863086354,-6.440566558530554,0.0,0.0,0,"{""0"": 1761, ""1"": 1844, ""2"": 1894, ""3"": 1663, ""4"": 1773, ""5"": 1464}",connected
10499,30,10499,0.8337658333333333,0.0015667981200385838,-6.440566558530554,0.0,0.0,0,"{""0"": 1773, ""1"": 1873, ""2"": 1913, ""3"": 1670, ""4"": 1789, ""5"": 1481}",connected
10599,30,10599,0.8321825,0.001422518874751404,-6.440566558530554,0.0,0.0,0,"{""0"": 1787, ""1"": 1888, ""2"": 1927, ""3"": 1693, ""4"": 1808, ""5"": 1496}",connected
10699,30,10699,0.8305991666666667,0.0013775586232077331,-6.440566558530554,0.0,0.0,0,"{""0"": 1803, ""1"": 1900, ""2"": 1942, ""3"": 1702, ""4"": 1835, ""5"": 1517}",connected
10799,30,10799,0.8290158333333333,0.0013761962053831667,-6.440566558530554,0.0,0.0,0,"{""0"": 1817, ""1"": 1928, ""2"": 1958, ""3"": 1713, ""4"": 1853, ""5"": 1530}",connected
10899,30,10899,0.8274325,0.0013050655613187701,-6.440566558530554,0.0,0.0,0,"{""0"": 1826, ""1"": 1951, ""2"": 1980, ""3"": 1733, ""4"": 1869, ""5"": 1540}",connected
10999,30,10999,0.8258491666666667,0.0012672542972723023,-6.440566558530554,0.0,0.0,0,"{""0"": 1847, ""1"": 1967, ""2"": 1995, ""3"": 1749, ""4"": 1887, ""5"": 1554}",connected
11099,30,11099,0.8242658333333334,0.001303820115281269,-6.440566558530554,0.0,0.0,0,"{""0"": 1852, ""1"": 1986, ""2"": 2011, ""3"": 1774, ""4"": 1901, ""5"": 1575}",connected
11199,32,11199,0.8226825,0.0013759401830611751,-6.440187385233003,0.0,0.0,0,"{""0"": 1871, ""1"": 1997, ""2"": 2023, ""3"": 1789, ""4"": 1925, ""5"": 1594}",connected
11299,32,11299,0.8210991666666667,0.0015631139447214082,-6.440187385233003,0.0,0.0,0,"{""0"": 1891, ""1"": 2011, ""2"": 2040, ""3"": 1802, ""4"": 1940, ""5"": 1615}",connected
11399,32,11399,0.8195158333333333,0.0017270429542986677,-6.440187385233003,0.0,0.0,0,"{""0"": 1908, ""1"": 2035, ""2"": 2056, ""3"": 1819, ""4"": 1953, ""5"": 1628}",connected
11499,32,11499,0.8179325000000001,0.0016166087926831095,-6.440187385233003,0.0,0.0,0,"{""0"": 1922, ""1"": 2055, ""2"": 2069, ""3"": 1840, ""4"": 1967, ""5"": 1646}",connected
11599,32,11599,0.8163491666666667,0.0017288988537620753,-6.440187385233003,0.0,0.0,0,"{""0"": 1938, ""1"": 2070, ""2"": 2099, ""3"": 1849, ""4"": 1986, ""5"": 1657}",connected
11699,32,11699,0.8147658333333333,0.001652857419103384,-6.440187385233003,0.0,0.0,0,"{""0"": 1953, ""1"": 2089, ""2"": 2120, ""3"": 1859, ""4"": 2003, ""5"": 1675}",connected
11799,34,11799,0.8131825,0.001966735856840387,-6.1600292988861085,0.0,0.0,0,"{""0"": 1969, ""1"": 2108, ""2"": 2141, ""3"": 1871, ""4"": 2018, ""5"": 1692}",connected
11899,34,11899,0.8115991666666666,0.002288403701968491,-6.1600292988861085,0.0,0.0,0,"{""0"": 1987, ""1"": 2130, ""2"": 2158, ""3"": 1885, ""4"": 2037, ""5"": 1702}",connected
11999,34,11999,0.8100158333333334,0.0021665583382127806,-6.1600292988861085,0.0,0.0,0,"{""0"": 1998, ""1"": 2150, ""2"": 2185, ""3"": 1899, ""4"": 2054, ""5"": 1713}",connected
12099,34,12099,0.8084325,0.0023413027555216105,-6.1600292988861085,0.0,0.0,0,"{""0"": 2022, ""1"": 2160, ""2"": 2204, ""3"": 1914, ""4"": 2074, ""5"": 1725}",connected
12199,34,12199,0.8068491666666666,0.002059389133937657,-6.1600292988861085,0.0,0.0,0,"{""0"": 2033, ""1"": 2178, ""2"": 2227, ""3"": 1929, ""4"": 2094, ""5"": 1738}",connected
12299,34,12299,0.8052658333333333,0.0017873118189163505,-6.1600292988861085,0.0,0.0,0,"{""0"": 2048, ""1"": 2200, ""2"": 2250, ""3"": 1948, ""4"": 2106, ""5"": 1747}",connected
12399,34,12399,0.8036825000000001,0.0017293124896241353,-6.1600292988861085,0.0,0.0,0,"{""0"": 2067, ""1"": 2209, ""2"": 2260, ""3"": 1967, ""4"": 2135, ""5"": 1761}",connected
12499,36,12499,0.8020991666666667,0.0015001710632350296,-6.163249882481371,0.0,0.0,0,"{""0"": 2093, ""1"": 2228, ""2"": 2278, ""3"": 1980, ""4"": 2146, ""5"": 1774}",connected
12599,36,12599,0.8005158333333333,0.0013366820401279256,-6.163249882481371,0.0,0.0,0,"{""0"": 2108, ""1"": 2239, ""2"": 2302, ""3"": 1997, ""4"": 2163, ""5"": 1790}",connected
12699,36,12699,0.7989325,0.00132575991388876,-6.163249882481371,0.0,0.0,0,"{""0"": 2124, ""1"": 2262, ""2"": 2315, ""3"": 2011, ""4"": 2181, ""5"": 1806}",connected
12799,36,12799,0.7973491666666667,0.0013633608038071544,-6.163249882481371,0.0,0.0,0,"{""0"": 2140, ""1"": 2272, ""2"": 2334, ""3"": 2025, ""4"": 2203, ""5"": 1825}",connected
12899,36,12899,0.7957658333333333,0.0017667877412168309,-6.163249882481371,0.0,0.0,0,"{""0"": 2159, ""1"": 2291, ""2"": 2351, ""3"": 2043, ""4"": 2215, ""5"": 1840}",connected
12999,36,12999,0.7941825,0.001883642480825074,-6.163249882481371,0.0,0.0,0,"{""0"": 2176, ""1"": 2314, ""2"": 2363, ""3"": 2056, ""4"": 2240, ""5"": 1850}",connected
13099,36,13099,0.7925991666666667,0.0019443208584561944,-6.163249882481371,0.0,0.0,0,"{""0"": 2187, ""1"": 2332, ""2"": 2380, ""3"": 2072, ""4"": 2257, ""5"": 1871}",connected
13199,38,13199,0.7910158333333334,0.0019329794478835538,-6.24086830170678,0.0,0.0,0,"{""0"": 2212, ""1"": 2356, ""2"": 2390, ""3"": 2090, ""4"": 2265, ""5"": 1886}",connected
13299,38,13299,0.7894325,0.0015231128531740979,-6.24086830170678,0.0,0.0,0,"{""0"": 2222, ""1"": 2377, ""2"": 2400, ""3"": 2110, ""4"": 2291, ""5"": 1899}",connected
13399,38,13399,0.7878491666666667,0.0014766724343644455,-6.24086830170678,0.0,0.0,0,"{""0"": 2232, ""1"": 2399, ""2"": 2417, ""3"": 2125, ""4"": 2311, ""5"": 1915}",connected
13499,38,13499,0.7862658333333333,0.001374922416289337,-6.24086830170678,0.0,0.0,0,"{""0"": 2251, ""1"": 2423, ""2"": 2442, ""3"": 2141, ""4"": 2319, ""5"": 1923}",connected
13599,38,13599,0.7846825000000001,0.0013605221471516416,-6.24086830170678,0.0,0.0,0,"{""0"": 2264, ""1"": 2436, ""2"": 2459, ""3"": 2155, ""4"": 2344, ""5"": 1941}",connected
13699,38,13699,0.7830991666666667,0.0016910256445407867,-6.24086830170678,0.0,0.0,0,"{""0"": 2281, ""1"": 2455, ""2"": 2477, ""3"": 2174, ""4"": 2359, ""5"": 1953}",connected
13799,38,13799,0.7815158333333333,0.0017174370971042663,-6.24086830170678,0.0,0.0,0,"{""0"": 2301, ""1"": 2470, ""2"": 2492, ""3"": 2198, ""4"": 2369, ""5"": 1969}",connected
13899,40,13899,0.7799325,0.0021968110685702414,-6.141074876964558,0.0,0.0,0,"{""0"": 2320, ""1"": 2485, ""2"": 2509, ""3"": 2214, ""4"": 2385, ""5"": 1986}",connected
13999,40,13999,0.7783491666666666,0.0024877232575090604,-6.141074876964558,0.0,0.0,0,"{""0"": 2334, ""1"": 2507, ""2"": 2518, ""3"": 2226, ""4"": 2404, ""5"": 2010}",connected
14099,40,14099,0.7767658333333334,0.00246121282922104,-6.141074876964558,0.0,0.0,0,"{""0"": 2351, ""1"": 2524, ""2"": 2536, ""3"": 2252, ""4"": 2413, ""5"": 2023}",connected
14199,40,14199,0.7751825,0.0027113757765619083,-6.141074876964558,0.0,0.0,0,"{""0"": 2367, ""1"": 2543, ""2"": 2559, ""3"": 2268, ""4"": 2429, ""5"": 2033}",connected
14299,40,14299,0.7735991666666666,0.0023483216238673775,-6.141074876964558,0.0,0.0,0,"{""0"": 2380, ""1"": 2561, ""2"": 2581, ""3"": 2283, ""4"": 2442, ""5"": 2052}",connected
14399,40,14399,0.7720158333333333,0.0021707574935862796,-6.141074876964558,0.0,0.0,0,"{""0"": 2393, ""1"": 2588, ""2"": 2597, ""3"": 2292, ""4"": 2464, ""5"": 2065}",connected
14499,40,14499,0.7704325000000001,0.0018499674095073715,-6.141074876964558,0.0,0.0,0,"{""0"": 2404, ""1"": 2611, ""2"": 2618, ""3"": 2309, ""4"": 2476, ""5"": 2081}",connected
14599,40,14599,0.7688491666666667,0.0016758286935510114,-6.141074876964558,0.0,0.0,0,"{""0"": 2413, ""1"": 2637, ""2"": 2629, ""3"": 2324, ""4"": 2490, ""5"": 2106}",connected
14699,42,14699,0.7672658333333333,0.0015654148015892134,-6.138714158574918,0.0,0.0,0,"{""0"": 2426, ""1"": 2654, ""2"": 2652, ""3"": 2335, ""4"": 2511, ""5"": 2121}",connected
14799,42,14799,0.7656825,0.0013755990809295327,-6.138714158574918,0.0,0.0,0,"{""0"": 2441, ""1"": 2663, ""2"": 2668, ""3"": 2356, ""4"": 2534, ""5"": 2137}",connected
14899,42,14899,0.7640991666666667,0.0013246076711220668,-6.138714158574918,0.0,0.0,0,"{""0"": 2452, ""1"": 2680, ""2"": 2684, ""3"": 2370, ""4"": 2559, ""5"": 2154}",connected
14999,42,14999,0.7625158333333333,0.0011214363342151046,-6.138714158574918,0.0,0.0,0,"{""0"": 2474, ""1"": 2696, ""2"": 2695, ""3"": 2389, ""4"": 2583, ""5"": 2162}",connected
15099,42,15099,0.7609325,0.0014416859328048304,-6.138714158574918,0.0,0.0,0,"{""0"": 2482, ""1"": 2713, ""2"": 2709, ""3"": 2415, ""4"": 2601, ""5"": 2179}",connected
15199,42,15199,0.7593491666666666,0.001741996617638506,-6.138714158574918,0.0,0.0,0,"{""0"": 2505, ""1"": 2731, ""2"": 2723, ""3"": 2424, ""4"": 2628, ""5"": 2188}",connected
15299,42,15299,0.7577658333333334,0.001970440039294772,-6.138714158574918,0.0,0.0,0,"{""0"": 2531, ""1"": 2756, ""2"": 2743, ""3"": 2432, ""4"": 2637, ""5"": 2200}",connected
15399,44,15399,0.7561825,0.00202367564663291,-6.141454416697591,0.0,0.0,0,"{""0"": 2551, ""1"": 2771, ""2"": 2767, ""3"": 2442, ""4"": 2656, ""5"": 2212}",connected
15499,44,15499,0.7545991666666667,0.001849234436522238,-6.141454416697591,0.0,0.0,0,"{""0"": 2566, ""1"": 2793, ""2"": 2789, ""3"": 2452, ""4"": 2678, ""5"": 2221}",connected
15599,44,15599,0.7530158333333333,0.0017688476620242,-6.141454416697591,0.0,0.0,0,"{""0"": 2578, ""1"": 2807, ""2"": 2816, ""3"": 2468, ""4"": 2690, ""5"": 2240}",connected
15699,44,15699,0.7514325000000001,0.0019233852688921615,-6.141454416697591,0.0,0.0,0,"{""0"": 2588, ""1"": 2825, ""2"": 2841, ""3"": 2491, ""4"": 2698, ""5"": 2256}",connected
15799,44,15799,0.7498491666666667,0.0021900395897682754,-6.141454416697591,0.0,0.0,0,"{""0"": 2598, ""1"": 2844, ""2"": 2867, ""3"": 2507, ""4"": 2718, ""5"": 2265}",connected
15899,44,15899,0.7482658333333334,0.0021887701167725027,-6.141454416697591,0.0,0.0,0,"{""0"": 2611, ""1"": 2869, ""2"": 2888, ""3"": 2518, ""4"": 2729, ""5"": 2284}",connected
15999,44,15999,0.7466825,0.0021836250589694827,-6.141454416697591,0.0,0.0,0,"{""0"": 2621, ""1"": 2885, ""2"": 2911, ""3"": 2531, ""4"": 2751, ""5"": 2300}",connected
16099,46,16099,0.7450991666666666,0.0021089872100856157,-6.152912913771022,0.0,0.0,0,"{""0"": 2639, ""1"": 2895, ""2"": 2922, ""3"": 2546, ""4"": 2779, ""5"": 2318}",connected
16199,46,16199,0.7435158333333334,0.002086840301635675,-6.152912913771022,0.0,0.0,0,"{""0"": 2657, ""1"": 2914, ""2"": 2932, ""3"": 2566, ""4"": 2810, ""5"": 2320}",connected
16299,46,16299,0.7419325,0.0022123306558933108,-6.152912913771022,0.0,0.0,0,"{""0"": 2673, ""1"": 2934, ""2"": 2945, ""3"": 2588, ""4"": 2826, ""5"": 2333}",connected
16399,46,16399,0.7403491666666666,0.002319882184965536,-6.152912913771022,0.0,0.0,0,"{""0"": 2684, ""1"": 2955, ""2"": 2964, ""3"": 2610, ""4"": 2842, ""5"": 2344}",connected
16499,46,16499,0.7387658333333333,0.002198001723154448,-6.152912913771022,0.0,0.0,0,"{""0"": 2700, ""1"": 2970, ""2"": 2980, ""3"": 2633, ""4"": 2852, ""5"": 2364}",connected
16599,46,16599,0.7371825000000001,0.002449929953436367,-6.152912913771022,0.0,0.0,0,"{""0"": 2711, ""1"": 2993, ""2"": 2993, ""3"": 2650, ""4"": 2876, ""5"": 2376}",connected
16699,46,16699,0.7355991666666667,0.0022852955042617397,-6.152912913771022,0.0,0.0,0,"{""0"": 2725, ""1"": 3014, ""2"": 3016, ""3"": 2661, ""4"": 2897, ""5"": 2386}",connected
16799,48,16799,0.7340158333333333,0.0021300247934414075,-6.1498123693454545,0.0,0.0,0,"{""0"": 2744, ""1"": 3030, ""2"": 3031, ""3"": 2680, ""4"": 2918, ""5"": 2396}",connected
16899,48,16899,0.7324325,0.0022728020168142392,-6.1498123693454545,0.0,0.0,0,"{""0"": 2761, ""1"": 3045, ""2"": 3047, ""3"": 2695, ""4"": 2931, ""5"": 2420}",connected
16999,48,16999,0.7308491666666667,0.0020588799979304895,-6.1498123693454545,0.0,0.0,0,"{""0"": 2783, ""1"": 3066, ""2"": 3068, ""3"": 2707, ""4"": 2943, ""5"": 2432}",connected
17099,48,17099,0.7292658333333334,0.00237973322335165,-6.1498123693454545,0.0,0.0,0,"{""0"": 2807, ""1"": 3079, ""2"": 3090, ""3"": 2723, ""4"": 2956, ""5"": 2444}",connected
17199,48,17199,0.7276825,0.0028271307883551344,-6.1498123693454545,0.0,0.0,0,"{""0"": 2822, ""1"": 3099, ""2"": 3107, ""3"": 2741, ""4"": 2969, ""5"": 2461}",connected
17299,48,17299,0.7260991666666667,0.0027645715966355057,-6.1498123693454545,0.0,0.0,0,"{""0"": 2849, ""1"": 3111, ""2"": 3122, ""3"": 2757, ""4"": 2993, ""5"": 2467}",connected
17399,48,17399,0.7245158333333334,0.002667521220864728,-6.1498123693454545,0.0,0.0,0,"{""0"": 2868, ""1"": 3127, ""2"": 3140, ""3"": 2771, ""4"": 3011, ""5"": 2482}",connected
17499,50,17499,0.7229325,0.002258984717191197,-6.147899866672232,0.0,0.0,0,"{""0"": 2878, ""1"": 3149, ""2"": 3160, ""3"": 2792, ""4"": 3018, ""5"": 2502}",connected
17599,50,17599,0.7213491666666667,0.0018212547467555851,-6.147899866672232,0.0,0.0,0,"{""0"": 2898, ""1"": 3165, ""2"": 3172, ""3"": 2811, ""4"": 3039, ""5"": 2514}",connected
17699,50,17699,0.7197658333333334,0.001634961364325136,-6.147899866672232,0.0,0.0,0,"{""0"": 2917, ""1"": 3190, ""2"": 3196, ""3"": 2821, ""4"": 3050, ""5"": 2525}",connected
17799,50,17799,0.7181825,0.0015960046340478583,-6.147899866672232,0.0,0.0,0,"{""0"": 2946, ""1"": 3209, ""2"": 3205, ""3"": 2834, ""4"": 3067, ""5"": 2538}",connected
17899,50,17899,0.7165991666666667,0.0016167145961662754,-6.147899866672232,0.0,0.0,0,"{""0"": 2962, ""1"": 3231, ""2"": 3220, ""3"": 2857, ""4"": 3078, ""5"": 2551}",connected
17999,50,17999,0.7150158333333334,0.0015022810094524174,-6.147899866672232,0.0,0.0,0,"{""0"": 2988, ""1"": 3256, ""2"": 3235, ""3"": 2871, ""4"": 3085, ""5"": 2564}",connected
18099,50,18099,0.7134325,0.0018419973622076213,-6.147899866672232,0.0,0.0,0,"{""0"": 3002, ""1"": 3272, ""2"": 3255, ""3"": 2893, ""4"": 3105, ""5"": 2572}",connected
18199,52,18199,0.7118491666666666,0.002238335012807511,-6.139403710553709,0.0,0.0,0,"{""0"": 3019, ""1"": 3295, ""2"": 3268, ""3"": 2910, ""4"": 3124, ""5"": 2583}",connected
18299,52,18299,0.7102658333333334,0.0025647857517469676,-6.139403710553709,0.0,0.0,0,"{""0"": 3032, ""1"": 3310, ""2"": 3288, ""3"": 2934, ""4"": 3141, ""5"": 2594}",connected
18399,52,18399,0.7086825000000001,0.0026652026281226426,-6.139403710553709,0.0,0.0,0,"{""0"": 3043, ""1"": 3330, ""2"": 3305, ""3"": 2957, ""4"": 3163, ""5"": 2601}",connected
18499,52,18499,0.7070991666666666,0.002455161695834249,-6.139403710553709,0.0,0.0,0,"{""0"": 3072, ""1"": 3344, ""2"": 3325, ""3"": 2970, ""4"": 3179, ""5"": 2609}",connected
18599,52,18599,0.7055158333333333,0.0021326792845502494,-6.139403710553709,0.0,0.0,0,"{""0"": 3085, ""1"": 3361, ""2"": 3347, ""3"": 2986, ""4"": 3200, ""5"": 2620}",connected
18699,52,18699,0.7039325000000001,0.0019806766032706945,-6.139403710553709,0.0,0.0,0,"{""0"": 3108, ""1"": 3386, ""2"": 3364, ""3"": 3003, ""4"": 3208, ""5"": 2630}",connected
18799,52,18799,0.7023491666666666,0.0018982668314129114,-6.139403710553709,0.0,0.0,0,"{""0"": 3126, ""1"": 3397, ""2"": 3382, ""3"": 3024, ""4"": 3224, ""5"": 2646}",connected
18899,52,18899,0.7007658333333333,0.0017810685804579406,-6.139403710553709,0.0,0.0,0,"{""0"": 3144, ""1"": 3416, ""2"": 3408, ""3"": 3035, ""4"": 3248, ""5"": 2648}",connected
18999,54,18999,0.6991825,0.0016985769983148202,-6.124481344474824,0.0,0.0,0,"{""0"": 3162, ""1"": 3425, ""2"": 3419, ""3"": 3047, ""4"": 3276, ""5"": 2670}",connected
19099,54,19099,0.6975991666666667,0.0016122933296719565,-6.124481344474824,0.0,0.0,0,"{""0"": 3175, ""1"": 3447, ""2"": 3435, ""3"": 3059, ""4"": 3291, ""5"": 2692}",connected
19199,54,19199,0.6960158333333333,0.0017912555806105957,-6.124481344474824,0.0,0.0,0,"{""0"": 3195, ""1"": 3462, ""2"": 3462, ""3"": 3072, ""4"": 3306, ""5"": 2702}",connected
19299,54,19299,0.6944325,0.00194929059187416,-6.124481344474824,0.0,0.0,0,"{""0"": 3209, ""1"": 3483, ""2"": 3476, ""3"": 3086, ""4"": 3325, ""5"": 2720}",connected
19399,54,19399,0.6928491666666667,0.0019047170964768157,-6.124481344474824,0.0,0.0,0,"{""0"": 3224, ""1"": 3506, ""2"": 3498, ""3"": 3102, ""4"": 3337, ""5"": 2732}",connected
19499,54,19499,0.6912658333333334,0.001988012288347818,-6.124481344474824,0.0,0.0,0,"{""0"": 3237, ""1"": 3523, ""2"": 3510, ""3"": 3122, ""4"": 3357, ""5"": 2750}",connected
19599,54,19599,0.6896825,0.0019845610071206467,-6.124481344474824,0.0,0.0,0,"{""0"": 3253, ""1"": 3541, ""2"": 3528, ""3"": 3134, ""4"": 3381, ""5"": 2762}",connected
19699,56,19699,0.6880991666666667,0.0019412476470461115,-6.140589147881006,0.0,0.0,0,"{""0"": 3266, ""1"": 3557, ""2"": 3554, ""3"": 3152, ""4"": 3404, ""5"": 2766}",connected
19799,56,19799,0.6865158333333333,0.001877119813580066,-6.140589147881006,0.0,0.0,0,"{""0"": 3288, ""1"": 3570, ""2"": 3571, ""3"": 3159, ""4"": 3423, ""5"": 2788}",connected
19899,56,19899,0.6849324999999999,0.0019457208015955985,-6.140589147881006,0.0,0.0,0,"{""0"": 3313, ""1"": 3597, ""2"": 3589, ""3"": 3173, ""4"": 3430, ""5"": 2797}",connected
19999,56,19999,0.6833491666666667,0.0018779148964677007,-6.140589147881006,0.0,0.0,0,"{""0"": 3331, ""1"": 3615, ""2"": 3606, ""3"": 3194, ""4"": 3447, ""5"": 2806}",connected
20099,56,20000,0.6817658333333334,0.0020834087021648884,-6.140589147881006,0.0,0.0,0,"{""0"": 3343, ""1"": 3632, ""2"": 3624, ""3"": 3208, ""4"": 3472, ""5"": 2820}",connected
20199,56,20000,0.6801825,0.0025493318820372225,-6.140589147881006,0.0,0.0,0,"{""0"": 3370, ""1"": 3647, ""2"": 3640, ""3"": 3221, ""4"": 3492, ""5"": 2829}",connected
20299,56,20000,0.6785991666666666,0.002753202982712537,-6.140589147881006,0.0,0.0,0,"{""0"": 3389, ""1"": 3656, ""2"": 3660, ""3"": 3240, ""4"": 3510, ""5"": 2844}",connected
20399,58,20000,0.6770158333333334,0.0030015429167542605,-6.13655158603596,0.0,0.0,0,"{""0"": 3413, ""1"": 3675, ""2"": 3674, ""3"": 3253, ""4"": 3526, ""5"": 2858}",connected
20499,58,20000,0.6754325,0.0029414500121492894,-6.13655158603596,0.0,0.0,0,"{""0"": 3424, ""1"": 3696, ""2"": 3692, ""3"": 3269, ""4"": 3549, ""5"": 2869}",connected
20599,58,20000,0.6738491666666666,0.0027551084384322168,-6.13655158603596,0.0,0.0,0,"{""0"": 3436, ""1"": 3726, ""2"": 3714, ""3"": 3284, ""4"": 3564, ""5"": 2875}",connected
20699,58,20000,0.6722658333333333,0.0024388750677462666,-6.13655158603596,0.0,0.0,0,"{""0"": 3454, ""1"": 3744, ""2"": 3731, ""3"": 3298, ""4"": 3578, ""5"": 2894}",connected
20799,58,20000,0.6706825000000001,0.0021503510500770063,-6.13655158603596,0.0,0.0,0,"{""0"": 3466, ""1"": 3764, ""2"": 3746, ""3"": 3307, ""4"": 3609, ""5"": 2907}",connected
20899,58,20000,0.6690991666666667,0.0019992030295543375,-6.13655158603596,0.0,0.0,0,"{""0"": 3479, ""1"": 3790, ""2"": 3762, ""3"": 3321, ""4"": 3625, ""5"": 2922}",connected
20999,58,20000,0.6675158333333333,0.0017125173017848282,-6.13655158603596,0.0,0.0,0,"{""0"": 3496, ""1"": 3818, ""2"": 3788, ""3"": 3329, ""4"": 3639, ""5"": 2929}",connected
21099,60,20000,0.6659325,0.001768504974897951,-6.1561998589973275,0.0,0.0,0,"{""0"": 3516, ""1"": 3838, ""2"": 3806, ""3"": 3343, ""4"": 3659, ""5"": 2937}",connected
21199,60,20000,0.6643491666666667,0.001976533307461068,-6.1561998589973275,0.0,0.0,0,"{""0"": 3535, ""1"": 3848, ""2"": 3821, ""3"": 3356, ""4"": 3689, ""5"": 2950}",connected
21299,60,20000,0.6627658333333334,0.00192933140671812,-6.1561998589973275,0.0,0.0,0,"{""0"": 3561, ""1"": 3860, ""2"": 3839, ""3"": 3371, ""4"": 3706, ""5"": 2962}",connected
21399,60,20000,0.6611825,0.002130893602734432,-6.1561998589973275,0.0,0.0,0,"{""0"": 3592, ""1"": 3866, ""2"": 3860, ""3"": 3380, ""4"": 3728, ""5"": 2973}",connected
21499,60,20000,0.6595991666666667,0.002159191198879853,-6.1561998589973275,0.0,0.0,0,"{""0"": 3618, ""1"": 3883, ""2"": 3874, ""3"": 3388, ""4"": 3744, ""5"": 2992}",connected
21599,60,20000,0.6580158333333334,0.0021111497737001626,-6.1561998589973275,0.0,0.0,0,"{""0"": 3624, ""1"": 3902, ""2"": 3900, ""3"": 3397, ""4"": 3759, ""5"": 3017}",connected
21699,60,20000,0.6564325,0.0023376268998254093,-6.1561998589973275,0.0,0.0,0,"{""0"": 3634, ""1"": 3917, ""2"": 3912, ""3"": 3423, ""4"": 3771, ""5"": 3042}",connected
21799,62,20000,0.6548491666666667,0.0024026051978580654,-6.149128889777668,0.0,0.0,0,"{""0"": 3654, ""1"": 3930, ""2"": 3921, ""3"": 3442, ""4"": 3781, ""5"": 3071}",connected
21899,62,20000,0.6532658333333334,0.0028460153983905913,-6.149128889777668,0.0,0.0,0,"{""0"": 3674, ""1"": 3940, ""2"": 3928, ""3"": 3459, ""4"": 3800, ""5"": 3098}",connected
21999,62,20000,0.6516825,0.003030974745051935,-6.149128889777668,0.0,0.0,0,"{""0"": 3704, ""1"": 3949, ""2"": 3934, ""3"": 3476, ""4"": 3809, ""5"": 3127}",connected
22099,62,20000,0.6500991666666667,0.0032177823153324426,-6.149128889777668,0.0,0.0,0,"{""0"": 3718, ""1"": 3960, ""2"": 3955, ""3"": 3498, ""4"": 3821, ""5"": 3147}",connected
22199,64,20000,0.6485158333333334,0.003177676706109196,-5.952968605874048,0.0,0.0,0,"{""0"": 3733, ""1"": 3969, ""2"": 3968, ""3"": 3521, ""4"": 3846, ""5"": 3162}",connected
22299,64,20000,0.6469325,0.0031581353489309547,-5.952968605874048,0.0,0.0,0,"{""0"": 3746, ""1"": 3978, ""2"": 3980, ""3"": 3533, ""4"": 3884, ""5"": 3178}",connected
22399,64,20000,0.6453491666666666,0.003138688754988834,-5.952968605874048,0.0,0.0,0,"{""0"": 3762, ""1"": 4002, ""2"": 3998, ""3"": 3545, ""4"": 3900, ""5"": 3192}",connected
22499,64,20000,0.6437658333333334,0.0031455710006412117,-5.952968605874048,0.0,0.0,0,"{""0"": 3770, ""1"": 4018, ""2"": 4017, ""3"": 3577, ""4"": 3915, ""5"": 3202}",connected
22599,66,20000,0.6421825000000001,0.0035697439522482453,-5.738015007404046,0.0,0.0,0,"{""0"": 3788, ""1"": 4025, ""2"": 4042, ""3"": 3593, ""4"": 3929, ""5"": 3222}",connected
22699,66,20000,0.6405991666666666,0.0031720849324483424,-5.738015007404046,0.0,0.0,0,"{""0"": 3811, ""1"": 4035, ""2"": 4050, ""3"": 3608, ""4"": 3959, ""5"": 3236}",connected
22799,66,20000,0.6390158333333333,0.0029741343017667533,-5.738015007404046,0.0,0.0,0,"{""0"": 3828, ""1"": 4055, ""2"": 4065, ""3"": 3623, ""4"": 3973, ""5"": 3255}",connected
22899,66,20000,0.6374325000000001,0.0027738019730895757,-5.738015007404046,0.0,0.0,0,"{""0"": 3845, ""1"": 4080, ""2"": 4079, ""3"": 3632, ""4"": 3992, ""5"": 3271}",connected
22999,66,20000,0.6358491666666666,0.0025752968597225843,-5.738015007404046,0.0,0.0,0,"{""0"": 3868, ""1"": 4095, ""2"": 4094, ""3"": 3658, ""4"": 4003, ""5"": 3281}",connected
23099,66,20000,0.6342658333333333,0.0028323480230756106,-5.738015007404046,0.0,0.0,0,"{""0"": 3879, ""1"": 4121, ""2"": 4110, ""3"": 3678, ""4"": 4017, ""5"": 3294}",connected
23199,66,20000,0.6326825,0.003135212119668722,-5.738015007404046,0.0,0.0,0,"{""0"": 3903, ""1"": 4142, ""2"": 4121, ""3"": 3697, ""4"": 4035, ""5"": 3301}",connected
23299,68,20000,0.6310991666666668,0.00310557353310287,-5.762132208383478,0.0,0.0,0,"{""0"": 3927, ""1"": 4155, ""2"": 4142, ""3"": 3712, ""4"": 4048, ""5"": 3315}",connected
23399,68,20000,0.6295158333333333,0.0031589725136291235,-5.762132208383478,0.0,0.0,0,"{""0"": 3953, ""1"": 4169, ""2"": 4154, ""3"": 3729, ""4"": 4062, ""5"": 3332}",connected
23499,68,20000,0.6279325,0.0032874248386360705,-5.762132208383478,0.0,0.0,0,"{""0"": 3961, ""1"": 4187, ""2"": 4176, ""3"": 3750, ""4"": 4075, ""5"": 3350}",connected
23599,68,20000,0.6263491666666667,0.0033741117850877344,-5.762132208383478,0.0,0.0,0,"{""0"": 3980, ""1"": 4200, ""2"": 4200, ""3"": 3765, ""4"": 4092, ""5"": 3362}",connected
23699,68,20000,0.6247658333333334,0.003723731586942449,-5.762132208383478,0.0,0.0,0,"{""0"": 4002, ""1"": 4219, ""2"": 4213, ""3"": 3781, ""4"": 4109, ""5"": 3375}",connected
23799,68,20000,0.6231825,0.0036171185015700757,-5.762132208383478,0.0,0.0,0,"{""0"": 4020, ""1"": 4235, ""2"": 4235, ""3"": 3796, ""4"": 4128, ""5"": 3385}",connected
23899,68,20000,0.6215991666666667,0.0033844655647408215,-5.762132208383478,0.0,0.0,0,"{""0"": 4033, ""1"": 4261, ""2"": 4268, ""3"": 3805, ""4"": 4137, ""5"": 3395}",connected
23999,68,20000,0.6200158333333333,0.0030257829965557904,-5.762132208383478,0.0,0.0,0,"{""0"": 4062, ""1"": 4277, ""2"": 4276, ""3"": 3820, ""4"": 4154, ""5"": 3410}",connected
24099,70,20000,0.6184324999999999,0.0027603338565677406,-5.764285567855197,0.0,0.0,0,"{""0"": 4093, ""1"": 4291, ""2"": 4288, ""3"": 3834, ""4"": 4174, ""5"": 3419}",connected
24199,70,20000,0.6168491666666667,0.002818631184054539,-5.764285567855197,0.0,0.0,0,"{""0"": 4112, ""1"": 4299, ""2"": 4307, ""3"": 3843, ""4"": 4203, ""5"": 3435}",connected
24299,70,20000,0.6152658333333334,0.0029064624500460923,-5.764285567855197,0.0,0.0,0,"{""0"": 4129, ""1"": 4319, ""2"": 4316, ""3"": 3864, ""4"": 4230, ""5"": 3441}",connected
24399,70,20000,0.6136825,0.003401275499491021,-5.764285567855197,0.0,0.0,0,"{""0"": 4151, ""1"": 4343, ""2"": 4326, ""3"": 3880, ""4"": 4248, ""5"": 3451}",connected
24499,70,20000,0.6120991666666666,0.003517198332119733,-5.764285567855197,0.0,0.0,0,"{""0"": 4165, ""1"": 4363, ""2"": 4348, ""3"": 3902, ""4"": 4265, ""5"": 3456}",connected
24599,70,20000,0.6105158333333334,0.003512687918264419,-5.764285567855197,0.0,0.0,0,"{""0"": 4184, ""1"": 4377, ""2"": 4372, ""3"": 3922, ""4"": 4281, ""5"": 3463}",connected
24699,70,20000,0.6089325,0.003395624033873901,-5.764285567855197,0.0,0.0,0,"{""0"": 4193, ""1"": 4399, ""2"": 4391, ""3"": 3937, ""4"": 4299, ""5"": 3480}",connected
24799,72,20000,0.6073491666666666,0.0028805789223406465,-5.7805276298960155,0.0,0.0,0,"{""0"": 4208, ""1"": 4408, ""2"": 4414, ""3"": 3954, ""4"": 4317, ""5"": 3498}",connected
24899,72,20000,0.6057658333333333,0.0025474813557229935,-5.7805276298960155,0.0,0.0,0,"{""0"": 4219, ""1"": 4430, ""2"": 4430, ""3"": 3973, ""4"": 4337, ""5"": 3510}",connected
24999,72,20000,0.6041825000000001,0.002344762560678646,-5.7805276298960155,0.0,0.0,0,"{""0"": 4233, ""1"": 4447, ""2"": 4447, ""3"": 3993, ""4"": 4363, ""5"": 3516}",connected
25099,72,20000,0.6025991666666667,0.0023159200605005026,-5.7805276298960155,0.0,0.0,0,"{""0"": 4242, ""1"": 4458, ""2"": 4466, ""3"": 4018, ""4"": 4376, ""5"": 3539}",connected
25199,74,20000,0.6010158333333333,0.0024530803493689746,-5.616716071579455,0.0,0.0,0,"{""0"": 4264, ""1"": 4467, ""2"": 4484, ""3"": 4033, ""4"": 4401, ""5"": 3550}",connected
25299,74,20000,0.5994325,0.0028259755740873515,-5.616716071579455,0.0,0.0,0,"{""0"": 4278, ""1"": 4487, ""2"": 4499, ""3"": 4042, ""4"": 4420, ""5"": 3573}",connected
25399,74,20000,0.5978491666666667,0.003228267801459879,-5.616716071579455,0.0,0.0,0,"{""0"": 4304, ""1"": 4502, ""2"": 4514, ""3"": 4060, ""4"": 4437, ""5"": 3582}",connected
25499,74,20000,0.5962658333333334,0.003421380135696381,-5.616716071579455,0.0,0.0,0,"{""0"": 4315, ""1"": 4506, ""2"": 4525, ""3"": 4074, ""4"": 4476, ""5"": 3603}",connected
25599,74,20000,0.5946825,0.0034649865049868824,-5.616716071579455,0.0,0.0,0,"{""0"": 4322, ""1"": 4526, ""2"": 4541, ""3"": 4081, ""4"": 4511, ""5"": 3618}",connected
25699,74,20000,0.5930991666666667,0.0032999926444608717,-5.616716071579455,0.0,0.0,0,"{""0"": 4341, ""1"": 4538, ""2"": 4555, ""3"": 4090, ""4"": 4550, ""5"": 3625}",connected
25799,74,20000,0.5915158333333334,0.0031389135343488305,-5.616716071579455,0.0,0.0,0,"{""0"": 4349, ""1"": 4563, ""2"": 4570, ""3"": 4106, ""4"": 4573, ""5"": 3638}",connected
25899,76,20000,0.5899325,0.0029643050150480123,-5.6503024854341914,0.0,0.0,0,"{""0"": 4368, ""1"": 4578, ""2"": 4586, ""3"": 4126, ""4"": 4589, ""5"": 3652}",connected
25999,76,20000,0.5883491666666667,0.0030368510296102614,-5.6503024854341914,0.0,0.0,0,"{""0"": 4393, ""1"": 4590, ""2"": 4604, ""3"": 4141, ""4"": 4613, ""5"": 3658}",connected
26099,76,20000,0.5867658333333334,0.0034228361235000195,-5.6503024854341914,0.0,0.0,0,"{""0"": 4410, ""1"": 4605, ""2"": 4624, ""3"": 4162, ""4"": 4629, ""5"": 3669}",connected
26199,76,20000,0.5851825,0.0033256685244850816,-5.6503024854341914,0.0,0.0,0,"{""0"": 4428, ""1"": 4621, ""2"": 4652, ""3"": 4176, ""4"": 4642, ""5"": 3680}",connected
26299,76,20000,0.5835991666666667,0.0032732889801263807,-5.6503024854341914,0.0,0.0,0,"{""0"": 4444, ""1"": 4637, ""2"": 4674, ""3"": 4192, ""4"": 4662, ""5"": 3690}",connected
26399,76,20000,0.5820158333333334,0.0030890528776217254,-5.6503024854341914,0.0,0.0,0,"{""0"": 4456, ""1"": 4662, ""2"": 4697, ""3"": 4203, ""4"": 4680, ""5"": 3701}",connected
26499,76,20000,0.5804325,0.0026540779904462397,-5.6503024854341914,0.0,0.0,0,"{""0"": 4476, ""1"": 4672, ""2"": 4717, ""3"": 4232, ""4"": 4698, ""5"": 3704}",connected
26599,78,20000,0.5788491666666666,0.0027660498721525074,-5.657397288972368,0.0,0.0,0,"{""0"": 4489, ""1"": 4682, ""2"": 4735, ""3"": 4266, ""4"": 4715, ""5"": 3712}",connected
26699,78,20000,0.5772658333333334,0.0025854386249557137,-5.657397288972368,0.0,0.0,0,"{""0"": 4495, ""1"": 4698, ""2"": 4760, ""3"": 4284, ""4"": 4732, ""5"": 3730}",connected
26799,78,20000,0.5756825000000001,0.0025981399009469895,-5.657397288972368,0.0,0.0,0,"{""0"": 4509, ""1"": 4709, ""2"": 4782, ""3"": 4307, ""4"": 4750, ""5"": 3742}",connected
26899,78,20000,0.5740991666666667,0.002539193050470203,-5.657397288972368,0.0,0.0,0,"{""0"": 4524, ""1"": 4723, ""2"": 4801, ""3"": 4323, ""4"": 4778, ""5"": 3750}",connected
26999,78,20000,0.5725158333333333,0.0022467987914569676,-5.657397288972368,0.0,0.0,0,"{""0"": 4536, ""1"": 4739, ""2"": 4816, ""3"": 4342, ""4"": 4804, ""5"": 3762}",connected
27099,78,20000,0.5709325000000001,0.002541036373004317,-5.657397288972368,0.0,0.0,0,"{""0"": 4553, ""1"": 4754, ""2"": 4827, ""3"": 4348, ""4"": 4836, ""5"": 3781}",connected
27199,78,20000,0.5693491666666667,0.0025863022322300823,-5.657397288972368,0.0,0.0,0,"{""0"": 4568, ""1"": 4773, ""2"": 4841, ""3"": 4377, ""4"": 4846, ""5"": 3794}",connected
27299,80,20000,0.5677658333333333,0.003039504325715825,-5.681837351905415,0.0,0.0,0,"{""0"": 4587, ""1"": 4794, ""2"": 4858, ""3"": 4391, ""4"": 4864, ""5"": 3805}",connected
27399,80,20000,0.5661825,0.0032985468674451113,-5.681837351905415,0.0,0.0,0,"{""0"": 4603, ""1"": 4808, ""2"": 4876, ""3"": 4415, ""4"": 4882, ""5"": 3815}",connected
27499,80,20000,0.5645991666666668,0.0036389948020223526,-5.681837351905415,0.0,0.0,0,"{""0"": 4629, ""1"": 4815, ""2"": 4889, ""3"": 4432, ""4"": 4907, ""5"": 3827}",connected
27599,80,20000,0.5630158333333333,0.0038186162686906755,-5.681837351905415,0.0,0.0,0,"{""0"": 4654, ""1"": 4832, ""2"": 4908, ""3"": 4441, ""4"": 4926, ""5"": 3838}",connected
27699,80,20000,0.5614325,0.003317017984809354,-5.681837351905415,0.0,0.0,0,"{""0"": 4672, ""1"": 4849, ""2"": 4929, ""3"": 4458, ""4"": 4941, ""5"": 3850}",connected
27799,80,20000,0.5598491666666667,0.0031184289290104063,-5.681837351905415,0.0,0.0,0,"{""0"": 4692, ""1"": 4859, ""2"": 4934, ""3"": 4500, ""4"": 4960, ""5"": 3854}",connected
27899,80,20000,0.5582658333333334,0.002556343284668401,-5.681837351905415,0.0,0.0,0,"{""0"": 4709, ""1"": 4878, ""2"": 4954, ""3"": 4515, ""4"": 4973, ""5"": 3870}",connected
27999,80,20000,0.5566825,0.0022970684617757797,-5.681837351905415,0.0,0.0,0,"{""0"": 4724, ""1"": 4893, ""2"": 4976, ""3"": 4524, ""4"": 5005, ""5"": 3877}",connected
28099,82,20000,0.5550991666666667,0.0026218668499495834,-5.694085216904968,0.0,0.0,0,"{""0"": 4749, ""1"": 4912, ""2"": 4988, ""3"": 4543, ""4"": 5024, ""5"": 3883}",connected
28199,82,20000,0.5535158333333334,0.002753072113264352,-5.694085216904968,0.0,0.0,0,"{""0"": 4764, ""1"": 4928, ""2"": 5004, ""3"": 4561, ""4"": 5044, ""5"": 3898}",connected
28299,82,20000,0.5519324999999999,0.003186271012527868,-5.694085216904968,0.0,0.0,0,"{""0"": 4770, ""1"": 4953, ""2"": 5030, ""3"": 4581, ""4"": 5059, ""5"": 3906}",connected
28399,82,20000,0.5503491666666667,0.0035903670464176684,-5.694085216904968,0.0,0.0,0,"{""0"": 4787, ""1"": 4971, ""2"": 5043, ""3"": 4609, ""4"": 5077, ""5"": 3912}",connected
28499,82,20000,0.5487658333333334,0.003487664955900982,-5.694085216904968,0.0,0.0,0,"{""0"": 4801, ""1"": 4991, ""2"": 5067, ""3"": 4628, ""4"": 5089, ""5"": 3923}",connected
28599,82,20000,0.5471825,0.0033940537937451154,-5.694085216904968,0.0,0.0,0,"{""0"": 4828, ""1"": 5012, ""2"": 5086, ""3"": 4646, ""4"": 5095, ""5"": 3932}",connected
28699,82,20000,0.5455991666666666,0.003187317471019924,-5.694085216904968,0.0,0.0,0,"{""0"": 4848, ""1"": 5030, ""2"": 5106, ""3"": 4666, ""4"": 5110, ""5"": 3939}",connected
28799,84,20000,0.5440158333333334,0.003020302529912442,-5.685297469192717,0.0,0.0,0,"{""0"": 4861, ""1"": 5047, ""2"": 5127, ""3"": 4677, ""4"": 5139, ""5"": 3948}",connected
28899,84,20000,0.5424325,0.003023819884983823,-5.685297469192717,0.0,0.0,0,"{""0"": 4878, ""1"": 5063, ""2"": 5147, ""3"": 4695, ""4"": 5163, ""5"": 3953}",connected
28999,84,20000,0.5408491666666666,0.0031301146093755962,-5.685297469192717,0.0,0.0,0,"{""0"": 4885, ""1"": 5092, ""2"": 5173, ""3"": 4706, ""4"": 5182, ""5"": 3961}",connected
29099,84,20000,0.5392658333333333,0.00341094795265235,-5.685297469192717,0.0,0.0,0,"{""0"": 4906, ""1"": 5109, ""2"": 5191, ""3"": 4724, ""4"": 5197, ""5"": 3972}",connected
29199,84,20000,0.5376825000000001,0.003766730426577851,-5.685297469192717,0.0,0.0,0,"{""0"": 4916, ""1"": 5128, ""2"": 5207, ""3"": 4755, ""4"": 5214, ""5"": 3979}",connected
29299,84,20000,0.5360991666666667,0.004041651878505945,-5.685297469192717,0.0,0.0,0,"{""0"": 4924, ""1"": 5145, ""2"": 5238, ""3"": 4776, ""4"": 5229, ""5"": 3987}",connected
29399,84,20000,0.5345158333333333,0.0044228214130271224,-5.685297469192717,0.0,0.0,0,"{""0"": 4935, ""1"": 5162, ""2"": 5250, ""3"": 4803, ""4"": 5250, ""5"": 3999}",connected
29499,86,20000,0.5329325,0.004152259581023827,-5.683302174062403,0.0,0.0,0,"{""0"": 4955, ""1"": 5184, ""2"": 5267, ""3"": 4822, ""4"": 5265, ""5"": 4006}",connected
29599,86,20000,0.5313491666666667,0.003797656251117587,-5.683302174062403,0.0,0.0,0,"{""0"": 4958, ""1"": 5202, ""2"": 5283, ""3"": 4838, ""4"": 5304, ""5"": 4014}",connected
29699,86,20000,0.5297658333333334,0.003710567788220942,-5.683302174062403,0.0,0.0,0,"{""0"": 4967, ""1"": 5216, ""2"": 5302, ""3"": 4848, ""4"": 5336, ""5"": 4030}",connected
29799,86,20000,0.5281825,0.0033417307632043957,-5.683302174062403,0.0,0.0,0,"{""0"": 4983, ""1"": 5223, ""2"": 5313, ""3"": 4866, ""4"": 5370, ""5"": 4044}",connected
29899,86,20000,0.5265991666666667,0.003227445319062099,-5.683302174062403,0.0,0.0,0,"{""0"": 5009, ""1"": 5232, ""2"": 5339, ""3"": 4877, ""4"": 5378, ""5"": 4064}",connected
29999,86,20000,0.5250158333333333,0.002937203791225329,-5.683302174062403,0.0,0.0,0,"{""0"": 5033, ""1"": 5238, ""2"": 5353, ""3"": 4888, ""4"": 5400, ""5"": 4087}",connected
30099,88,20000,0.5234325,0.003975789727410302,-5.593772576851982,0.0,0.0,0,"{""0"": 5060, ""1"": 5247, ""2"": 5370, ""3"": 4898, ""4"": 5423, ""5"": 4101}",connected
30199,88,20000,0.5218491666666667,0.0041769830230623485,-5.593772576851982,0.0,0.0,0,"{""0"": 5080, ""1"": 5274, ""2"": 5388, ""3"": 4913, ""4"": 5439, ""5"": 4105}",connected
30299,88,20000,0.5202658333333334,0.004608835611725226,-5.593772576851982,0.0,0.0,0,"{""0"": 5113, ""1"": 5290, ""2"": 5401, ""3"": 4926, ""4"": 5453, ""5"": 4116}",connected
30399,88,20000,0.5186824999999999,0.005278985027689487,-5.593772576851982,0.0,0.0,0,"{""0"": 5139, ""1"": 5297, ""2"": 5422, ""3"": 4944, ""4"": 5462, ""5"": 4135}",connected
30499,88,20000,0.5170991666666667,0.00436493506305851,-5.593772576851982,0.0,0.0,0,"{""0"": 5161, ""1"": 5312, ""2"": 5434, ""3"": 4956, ""4"": 5479, ""5"": 4157}",connected
30599,90,20000,0.5155158333333334,0.004307368042645976,-5.484899849160057,0.0,0.0,0,"{""0"": 5185, ""1"": 5317, ""2"": 5455, ""3"": 4963, ""4"": 5509, ""5"": 4170}",connected
30699,90,20000,0.5139324999999999,0.004339472756255418,-5.484899849160057,0.0,0.0,0,"{""0"": 5201, ""1"": 5332, ""2"": 5472, ""3"": 4979, ""4"": 5525, ""5"": 4190}",connected
30799,90,20000,0.5123491666666666,0.004096810952760279,-5.484899849160057,0.0,0.0,0,"{""0"": 5216, ""1"": 5349, ""2"": 5491, ""3"": 5002, ""4"": 5542, ""5"": 4199}",connected
30899,90,20000,0.5107658333333334,0.004206735388142988,-5.484899849160057,0.0,0.0,0,"{""0"": 5232, ""1"": 5370, ""2"": 5509, ""3"": 5016, ""4"": 5564, ""5"": 4208}",connected
30999,90,20000,0.5091825,0.004158008737722412,-5.484899849160057,0.0,0.0,0,"{""0"": 5247, ""1"": 5388, ""2"": 5529, ""3"": 5034, ""4"": 5585, ""5"": 4216}",connected
31099,90,20000,0.5075991666666667,0.004497947050258517,-5.484899849160057,0.0,0.0,0,"{""0"": 5270, ""1"": 5403, ""2"": 5548, ""3"": 5047, ""4"": 5611, ""5"": 4220}",connected
31199,90,20000,0.5060158333333333,0.004691051109693945,-5.484899849160057,0.0,0.0,0,"{""0"": 5299, ""1"": 5420, ""2"": 5567, ""3"": 5059, ""4"": 5627, ""5"": 4227}",connected
31299,92,20000,0.5044325000000001,0.004470617697807029,-5.495695499435027,0.0,0.0,0,"{""0"": 5322, ""1"": 5425, ""2"": 5577, ""3"": 5075, ""4"": 5661, ""5"": 4239}",connected
31399,92,20000,0.5028491666666667,0.004984013232169673,-5.495695499435027,0.0,0.0,0,"{""0"": 5333, ""1"": 5443, ""2"": 5600, ""3"": 5089, ""4"": 5681, ""5"": 4253}",connected
31499,92,20000,0.5012658333333333,0.004834596758009866,-5.495695499435027,0.0,0.0,0,"{""0"": 5340, ""1"": 5454, ""2"": 5625, ""3"": 5102, ""4"": 5710, ""5"": 4268}",connected
31599,92,20000,0.49968250000000003,0.004705037957755849,-5.495695499435027,0.0,0.0,0,"{""0"": 5351, ""1"": 5478, ""2"": 5648, ""3"": 5120, ""4"": 5729, ""5"": 4273}",connected
31699,94,20000,0.49809916666666665,0.005676923168357462,-5.349584956539478,0.0,0.0,0,"{""0"": 5357, ""1"": 5495, ""2"": 5665, ""3"": 5130, ""4"": 5769, ""5"": 4283}",connected
31799,94,20000,0.4965158333333334,0.00532424992416054,-5.349584956539478,0.0,0.0,0,"{""0"": 5366, ""1"": 5517, ""2"": 5679, ""3"": 5149, ""4"": 5797, ""5"": 4291}",connected
31899,96,20000,0.4949325000000001,0.004746743459254504,-5.211770686413122,0.0,0.0,0,"{""0"": 5375, ""1"": 5521, ""2"": 5698, ""3"": 5164, ""4"": 5812, ""5"": 4329}",connected
31999,96,20000,0.4933491666666667,0.005116072120144964,-5.211770686413122,0.0,0.0,0,"{""0"": 5392, ""1"": 5533, ""2"": 5719, ""3"": 5184, ""4"": 5835, ""5"": 4336}",connected
32099,96,20000,0.49176583333333335,0.0047908102627843615,-5.211770686413122,0.0,0.0,0,"{""0"": 5414, ""1"": 5540, ""2"": 5732, ""3"": 5205, ""4"": 5862, ""5"": 4346}",connected
32199,96,20000,0.4901825000000001,0.005407249655108899,-5.211770686413122,0.0,0.0,0,"{""0"": 5432, ""1"": 5559, ""2"": 5750, ""3"": 5229, ""4"": 5873, ""5"": 4356}",connected
32299,96,20000,0.4885991666666667,0.006121693539898843,-5.211770686413122,0.0,0.0,0,"{""0"": 5455, ""1"": 5569, ""2"": 5772, ""3"": 5242, ""4"": 5898, ""5"": 4363}",connected
32399,96,20000,0.4870158333333333,0.005751563436351716,-5.211770686413122,0.0,0.0,0,"{""0"": 5481, ""1"": 5581, ""2"": 5790, ""3"": 5261, ""4"": 5918, ""5"": 4368}",connected
32499,96,20000,0.48543250000000004,0.005591745863202959,-5.211770686413122,0.0,0.0,0,"{""0"": 5494, ""1"": 5599, ""2"": 5806, ""3"": 5270, ""4"": 5947, ""5"": 4383}",connected
32599,96,20000,0.48384916666666666,0.004785632963757962,-5.211770686413122,0.0,0.0,0,"{""0"": 5506, ""1"": 5613, ""2"": 5823, ""3"": 5292, ""4"": 5965, ""5"": 4400}",connected
32699,98,20000,0.4822658333333333,0.0043114962929394094,-5.2292651580409055,0.0,0.0,0,"{""0"": 5529, ""1"": 5625, ""2"": 5843, ""3"": 5297, ""4"": 5993, ""5"": 4412}",connected
32799,98,20000,0.4806825,0.0046250948659144345,-5.2292651580409055,0.0,0.0,0,"{""0"": 5547, ""1"": 5647, ""2"": 5858, ""3"": 5303, ""4"": 6027, ""5"": 4417}",connected
32899,98,20000,0.47909916666666663,0.004024007373955101,-5.2292651580409055,0.0,0.0,0,"{""0"": 5557, ""1"": 5665, ""2"": 5879, ""3"": 5322, ""4"": 6049, ""5"": 4427}",connected
32999,98,20000,0.47751583333333336,0.004108608923852444,-5.2292651580409055,0.0,0.0,0,"{""0"": 5571, ""1"": 5675, ""2"": 5888, ""3"": 5351, ""4"": 6079, ""5"": 4435}",connected
33099,98,20000,0.4759325000000001,0.004700857604620978,-5.2292651580409055,0.0,0.0,0,"{""0"": 5599, ""1"": 5690, ""2"": 5909, ""3"": 5370, ""4"": 6088, ""5"": 4443}",connected
33199,98,20000,0.4743491666666667,0.0048181625176221135,-5.2292651580409055,0.0,0.0,0,"{""0"": 5625, ""1"": 5698, ""2"": 5922, ""3"": 5383, ""4"": 6100, ""5"": 4471}",connected
33299,98,20000,0.47276583333333333,0.005405556831974536,-5.2292651580409055,0.0,0.0,0,"{""0"": 5638, ""1"": 5706, ""2"": 5945, ""3"": 5398, ""4"": 6126, ""5"": 4486}",connected
33399,100,20000,0.47118250000000006,0.005688617068808526,-5.260099850376137,0.0,0.0,0,"{""0"": 5661, ""1"": 5721, ""2"": 5957, ""3"": 5409, ""4"": 6146, ""5"": 4505}",connected
33499,100,20000,0.4695991666666667,0.005411130518186837,-5.260099850376137,0.0,0.0,0,"{""0"": 5675, ""1"": 5734, ""2"": 5984, ""3"": 5421, ""4"": 6168, ""5"": 4517}",connected
33599,100,20000,0.4680158333333333,0.00515611365204677,-5.260099850376137,0.0,0.0,0,"{""0"": 5702, ""1"": 5746, ""2"": 6000, ""3"": 5434, ""4"": 6195, ""5"": 4522}",connected
33699,100,20000,0.4664325,0.004873083119746297,-5.260099850376137,0.0,0.0,0,"{""0"": 5711, ""1"": 5756, ""2"": 6015, ""3"": 5447, ""4"": 6230, ""5"": 4540}",connected
33799,100,20000,0.46484916666666665,0.005297926748171449,-5.260099850376137,0.0,0.0,0,"{""0"": 5727, ""1"": 5771, ""2"": 6029, ""3"": 5476, ""4"": 6242, ""5"": 4554}",connected
33899,100,20000,0.4632658333333334,0.005443756759632379,-5.260099850376137,0.0,0.0,0,"{""0"": 5736, ""1"": 5785, ""2"": 6053, ""3"": 5496, ""4"": 6264, ""5"": 4565}",connected
33999,100,20000,0.4616825,0.005479594303760677,-5.260099850376137,0.0,0.0,0,"{""0"": 5746, ""1"": 5799, ""2"": 6071, ""3"": 5520, ""4"": 6283, ""5"": 4580}",connected
34099,102,20000,0.4600991666666666,0.005891340491361916,-5.261619848757983,0.0,0.0,0,"{""0"": 5759, ""1"": 5817, ""2"": 6095, ""3"": 5535, ""4"": 6299, ""5"": 4594}",connected
34199,102,20000,0.45851583333333346,0.005714566640090197,-5.261619848757983,0.0,0.0,0,"{""0"": 5775, ""1"": 5828, ""2"": 6130, ""3"": 5553, ""4"": 6313, ""5"": 4600}",connected
34299,102,20000,0.4569325000000001,0.005619883129838854,-5.261619848757983,0.0,0.0,0,"{""0"": 5787, ""1"": 5861, ""2"": 6140, ""3"": 5570, ""4"": 6336, ""5"": 4605}",connected
34399,102,20000,0.4553491666666667,0.0057049500849097965,-5.261619848757983,0.0,0.0,0,"{""0"": 5797, ""1"": 5878, ""2"": 6164, ""3"": 5583, ""4"": 6365, ""5"": 4612}",connected
34499,102,20000,0.4537658333333334,0.005916614630259573,-5.261619848757983,0.0,0.0,0,"{""0"": 5822, ""1"": 5885, ""2"": 6180, ""3"": 5607, ""4"": 6383, ""5"": 4622}",connected
34599,102,20000,0.45218250000000004,0.005711596554610878,-5.261619848757983,0.0,0.0,0,"{""0"": 5838, ""1"": 5901, ""2"": 6196, ""3"": 5624, ""4"": 6406, ""5"": 4634}",connected
34699,102,20000,0.45059916666666666,0.005594388018362224,-5.261619848757983,0.0,0.0,0,"{""0"": 5859, ""1"": 5908, ""2"": 6218, ""3"": 5645, ""4"": 6421, ""5"": 4648}",connected
34799,104,20000,0.4490158333333334,0.005285875163972378,-5.250979846962728,0.0,0.0,0,"{""0"": 5869, ""1"": 5922, ""2"": 6238, ""3"": 5661, ""4"": 6452, ""5"": 4657}",connected
34899,104,20000,0.4474325,0.00476162692764774,-5.250979846962728,0.0,0.0,0,"{""0"": 5887, ""1"": 5934, ""2"": 6253, ""3"": 5667, ""4"": 6488, ""5"": 4670}",connected
34999,104,20000,0.44584916666666663,0.0044892558571882546,-5.250979846962728,0.0,0.0,0,"{""0"": 5893, ""1"": 5945, ""2"": 6272, ""3"": 5693, ""4"": 6516, ""5"": 4680}",connected
35099,104,20000,0.44426583333333336,0.004602482549380511,-5.250979846962728,0.0,0.0,0,"{""0"": 5907, ""1"": 5960, ""2"": 6289, ""3"": 5718, ""4"": 6539, ""5"": 4686}",connected
35199,104,20000,0.4426825,0.005080647941213101,-5.250979846962728,0.0,0.0,0,"{""0"": 5914, ""1"": 5980, ""2"": 6312, ""3"": 5739, ""4"": 6557, ""5"": 4697}",connected
35299,104,20000,0.4410991666666666,0.004981473605148494,-5.250979846962728,0.0,0.0,0,"{""0"": 5938, ""1"": 5989, ""2"": 6334, ""3"": 5762, ""4"": 6571, ""5"": 4705}",connected
35399,104,20000,0.43951583333333344,0.005108048322144895,-5.250979846962728,0.0,0.0,0,"{""0"": 5951, ""1"": 6007, ""2"": 6367, ""3"": 5785, ""4"": 6580, ""5"": 4709}",connected
35499,106,20000,0.43793250000000006,0.0050194819760508835,-5.200999843175523,0.0,0.0,0,"{""0"": 5970, ""1"": 6027, ""2"": 6381, ""3"": 5805, ""4"": 6600, ""5"": 4716}",connected
35599,106,20000,0.4363491666666667,0.004913170349318534,-5.200999843175523,0.0,0.0,0,"{""0"": 5979, ""1"": 6046, ""2"": 6407, ""3"": 5829, ""4"": 6611, ""5"": 4727}",connected
35699,106,20000,0.4347658333333334,0.004908031469676643,-5.200999843175523,0.0,0.0,0,"{""0"": 6013, ""1"": 6050, ""2"": 6428, ""3"": 5843, ""4"": 6622, ""5"": 4743}",connected
35799,108,20000,0.4331825,0.00498662315774709,-5.04015984501224,0.0,0.0,0,"{""0"": 6027, ""1"": 6067, ""2"": 6452, ""3"": 5858, ""4"": 6638, ""5"": 4757}",connected
35899,108,20000,0.43159916666666664,0.004611704128328711,-5.04015984501224,0.0,0.0,0,"{""0"": 6049, ""1"": 6081, ""2"": 6469, ""3"": 5877, ""4"": 6657, ""5"": 4766}",connected
35999,108,20000,0.4300158333333334,0.004354875605786219,-5.04015984501224,0.0,0.0,0,"{""0"": 6067, ""1"": 6093, ""2"": 6497, ""3"": 5901, ""4"": 6669, ""5"": 4772}",connected
36099,108,20000,0.4284325,0.004593318641418591,-5.04015984501224,0.0,0.0,0,"{""0"": 6078, ""1"": 6124, ""2"": 6509, ""3"": 5919, ""4"": 6692, ""5"": 4777}",connected
36199,108,20000,0.4268491666666667,0.004931980116525665,-5.04015984501224,0.0,0.0,0,"{""0"": 6100, ""1"": 6143, ""2"": 6521, ""3"": 5949, ""4"": 6701, ""5"": 4785}",connected
36299,108,20000,0.42526583333333334,0.0052608937036711725,-5.04015984501224,0.0,0.0,0,"{""0"": 6116, ""1"": 6156, ""2"": 6545, ""3"": 5973, ""4"": 6718, ""5"": 4791}",connected
36399,108,20000,0.42368249999999996,0.005286693235393614,-5.04015984501224,0.0,0.0,0,"{""0"": 6135, ""1"": 6170, ""2"": 6568, ""3"": 5994, ""4"": 6737, ""5"": 4795}",connected
36499,110,20000,0.4220991666666667,0.004712090778630227,-5.016819843370468,0.0,0.0,0,"{""0"": 6163, ""1"": 6182, ""2"": 6576, ""3"": 6009, ""4"": 6764, ""5"": 4805}",connected
36599,110,20000,0.4205158333333334,0.004165655560791492,-5.016819843370468,0.0,0.0,0,"{""0"": 6167, ""1"": 6195, ""2"": 6593, ""3"": 6025, ""4"": 6807, ""5"": 4812}",connected
36699,110,20000,0.41893250000000004,0.0039763983339071276,-5.016819843370468,0.0,0.0,0,"{""0"": 6186, ""1"": 6208, ""2"": 6599, ""3"": 6038, ""4"": 6842, ""5"": 4826}",connected
36799,110,20000,0.41734916666666677,0.004193325446685776,-5.016819843370468,0.0,0.0,0,"{""0"": 6198, ""1"": 6231, ""2"": 6608, ""3"": 6066, ""4"": 6850, ""5"": 4846}",connected
36899,110,20000,0.4157658333333334,0.004758630181895569,-5.016819843370468,0.0,0.0,0,"{""0"": 6217, ""1"": 6255, ""2"": 6630, ""3"": 6072, ""4"": 6866, ""5"": 4859}",connected
36999,110,20000,0.4141825,0.005110842656577006,-5.016819843370468,0.0,0.0,0,"{""0"": 6231, ""1"": 6269, ""2"": 6648, ""3"": 6091, ""4"": 6890, ""5"": 4870}",connected
37099,110,20000,0.41259916666666674,0.005830935871927068,-5.016819843370468,0.0,0.0,0,"{""0"": 6239, ""1"": 6279, ""2"": 6672, ""3"": 6114, ""4"": 6911, ""5"": 4884}",connected
37199,112,20000,0.41101583333333336,0.006272938190959394,-5.083729839320295,0.0,0.0,0,"{""0"": 6245, ""1"": 6290, ""2"": 6702, ""3"": 6129, ""4"": 6937, ""5"": 4896}",connected
37299,112,20000,0.4094325,0.006642133521381766,-5.083729839320295,0.0,0.0,0,"{""0"": 6254, ""1"": 6302, ""2"": 6723, ""3"": 6132, ""4"": 6976, ""5"": 4912}",connected
37399,112,20000,0.4078491666666667,0.006906165461987257,-5.083729839320295,0.0,0.0,0,"{""0"": 6266, ""1"": 6307, ""2"": 6750, ""3"": 6152, ""4"": 6992, ""5"": 4932}",connected
37499,112,20000,0.4062658333333333,0.006968448020052165,-5.083729839320295,0.0,0.0,0,"{""0"": 6285, ""1"": 6317, ""2"": 6778, ""3"": 6165, ""4"": 7004, ""5"": 4950}",connected
37599,112,20000,0.40468249999999995,0.006733974288217723,-5.083729839320295,0.0,0.0,0,"{""0"": 6292, ""1"": 6336, ""2"": 6808, ""3"": 6188, ""4"": 7009, ""5"": 4966}",connected
37699,112,20000,0.4030991666666667,0.006432388117536903,-5.083729839320295,0.0,0.0,0,"{""0"": 6310, ""1"": 6364, ""2"": 6817, ""3"": 6213, ""4"": 7018, ""5"": 4977}",connected
37799,112,20000,0.4015158333333334,0.006437525884248316,-5.083729839320295,0.0,0.0,0,"{""0"": 6327, ""1"": 6387, ""2"": 6821, ""3"": 6243, ""4"": 7031, ""5"": 4990}",connected
37899,112,20000,0.3999325,0.005954888137057424,-5.083729839320295,0.0,0.0,0,"{""0"": 6337, ""1"": 6399, ""2"": 6854, ""3"": 6262, ""4"": 7049, ""5"": 4998}",connected
37999,114,20000,0.39834916666666675,0.005543514612363651,-5.099429837395437,0.0,0.0,0,"{""0"": 6351, ""1"": 6414, ""2"": 6874, ""3"": 6273, ""4"": 7077, ""5"": 5010}",connected
38099,114,20000,0.3967658333333334,0.005898449384840205,-5.099429837395437,0.0,0.0,0,"{""0"": 6379, ""1"": 6438, ""2"": 6897, ""3"": 6285, ""4"": 7083, ""5"": 5017}",connected
38199,114,20000,0.3951825,0.0061271148629020895,-5.099429837395437,0.0,0.0,0,"{""0"": 6396, ""1"": 6452, ""2"": 6920, ""3"": 6305, ""4"": 7099, ""5"": 5027}",connected
38299,114,20000,0.3935991666666667,0.006609160151565447,-5.099429837395437,0.0,0.0,0,"{""0"": 6407, ""1"": 6472, ""2"": 6940, ""3"": 6322, ""4"": 7115, ""5"": 5043}",connected
38399,114,20000,0.39201583333333334,0.007213024201337248,-5.099429837395437,0.0,0.0,0,"{""0"": 6428, ""1"": 6472, ""2"": 6955, ""3"": 6334, ""4"": 7135, ""5"": 5075}",connected
38499,114,20000,0.39043249999999996,0.006863839367870241,-5.099429837395437,0.0,0.0,0,"{""0"": 6445, ""1"": 6473, ""2"": 6981, ""3"": 6343, ""4"": 7161, ""5"": 5096}",connected
38599,114,20000,0.3888491666666667,0.006725416525732726,-5.099429837395437,0.0,0.0,0,"{""0"": 6457, ""1"": 6489, ""2"": 7020, ""3"": 6352, ""4"": 7173, ""5"": 5108}",connected
38699,116,20000,0.3872658333333333,0.006299987361999228,-5.077239836179651,0.0,0.0,0,"{""0"": 6470, ""1"": 6508, ""2"": 7047, ""3"": 6360, ""4"": 7199, ""5"": 5115}",connected
38799,116,20000,0.38568250000000004,0.006570746215293184,-5.077239836179651,0.0,0.0,0,"{""0"": 6494, ""1"": 6530, ""2"": 7066, ""3"": 6377, ""4"": 7216, ""5"": 5116}",connected
38899,116,20000,0.38409916666666666,0.006565568657824769,-5.077239836179651,0.0,0.0,0,"{""0"": 6510, ""1"": 6546, ""2"": 7077, ""3"": 6395, ""4"": 7247, ""5"": 5124}",connected
38999,116,20000,0.3825158333333334,0.006631104684202,-5.077239836179651,0.0,0.0,0,"{""0"": 6527, ""1"": 6561, ""2"": 7087, ""3"": 6412, ""4"": 7266, ""5"": 5146}",connected
39099,118,20000,0.3809325000000001,0.007514684735797346,-4.919079837342724,0.0,0.0,0,"{""0"": 6544, ""1"": 6580, ""2"": 7106, ""3"": 6429, ""4"": 7285, ""5"": 5155}",connected
39199,118,20000,0.37934916666666674,0.007920043573249132,-4.919079837342724,0.0,0.0,0,"{""0"": 6559, ""1"": 6589, ""2"": 7120, ""3"": 6452, ""4"": 7307, ""5"": 5172}",connected
39299,118,20000,0.37776583333333336,0.008126586028374731,-4.919079837342724,0.0,0.0,0,"{""0"": 6578, ""1"": 6605, ""2"": 7134, ""3"": 6486, ""4"": 7318, ""5"": 5178}",connected
39399,118,20000,0.3761825000000001,0.008241586035583169,-4.919079837342724,0.0,0.0,0,"{""0"": 6587, ""1"": 6623, ""2"": 7156, ""3"": 6507, ""4"": 7338, ""5"": 5188}",connected
39499,118,20000,0.3745991666666667,0.007477005245164037,-4.919079837342724,0.0,0.0,0,"{""0"": 6593, ""1"": 6636, ""2"": 7179, ""3"": 6540, ""4"": 7357, ""5"": 5194}",connected
39599,118,20000,0.3730158333333333,0.006715602995827794,-4.919079837342724,0.0,0.0,0,"{""0"": 6610, ""1"": 6654, ""2"": 7203, ""3"": 6551, ""4"": 7376, ""5"": 5205}",connected
39699,118,20000,0.37143250000000005,0.006528836458455771,-4.919079837342724,0.0,0.0,0,"{""0"": 6615, ""1"": 6679, ""2"": 7223, ""3"": 6559, ""4"": 7398, ""5"": 5225}",connected
39799,120,20000,0.3698491666666667,0.006347189128864557,-4.802449837890453,0.0,0.0,0,"{""0"": 6643, ""1"": 6686, ""2"": 7253, ""3"": 6571, ""4"": 7412, ""5"": 5234}",connected
39899,120,20000,0.3682658333333333,0.006585524391848594,-4.802449837890453,0.0,0.0,0,"{""0"": 6664, ""1"": 6702, ""2"": 7274, ""3"": 6585, ""4"": 7435, ""5"": 5239}",connected
39999,120,20000,0.3666825,0.006463886077981442,-4.802449837890453,0.0,0.0,0,"{""0"": 6674, ""1"": 6726, ""2"": 7297, ""3"": 6605, ""4"": 7455, ""5"": 5242}",connected
40099,120,20000,0.36509916666666664,0.007008773162961006,-4.802449837890453,0.0,0.0,0,"{""0"": 6685, ""1"": 6745, ""2"": 7315, ""3"": 6623, ""4"": 7476, ""5"": 5255}",connected
40199,120,20000,0.36351583333333337,0.007673594399821013,-4.802449837890453,0.0,0.0,0,"{""0"": 6699, ""1"": 6753, ""2"": 7327, ""3"": 6660, ""4"": 7501, ""5"": 5259}",connected
40299,120,20000,0.3619325000000001,0.007954159525688738,-4.802449837890453,0.0,0.0,0,"{""0"": 6714, ""1"": 6763, ""2"": 7342, ""3"": 6685, ""4"": 7532, ""5"": 5263}",connected
40399,120,20000,0.3603491666666667,0.008381797755137086,-4.802449837890453,0.0,0.0,0,"{""0"": 6727, ""1"": 6774, ""2"": 7350, ""3"": 6718, ""4"": 7551, ""5"": 5279}",connected
40499,122,20000,0.35876583333333334,0.008526410749182105,-4.79995983784087,0.0,0.0,0,"{""0"": 6734, ""1"": 6792, ""2"": 7366, ""3"": 6736, ""4"": 7579, ""5"": 5292}",connected
40599,122,20000,0.35718250000000007,0.008505586616229266,-4.79995983784087,0.0,0.0,0,"{""0"": 6745, ""1"": 6809, ""2"": 7378, ""3"": 6752, ""4"": 7611, ""5"": 5304}",connected
40699,122,20000,0.3555991666666667,0.008216047540772707,-4.79995983784087,0.0,0.0,0,"{""0"": 6756, ""1"": 6838, ""2"": 7388, ""3"": 6772, ""4"": 7623, ""5"": 5322}",connected
40799,122,20000,0.3540158333333333,0.007950151080731303,-4.79995983784087,0.0,0.0,0,"{""0"": 6766, ""1"": 6865, ""2"": 7413, ""3"": 6785, ""4"": 7636, ""5"": 5334}",connected
40899,122,20000,0.35243250000000004,0.007629489400424063,-4.79995983784087,0.0,0.0,0,"{""0"": 6779, ""1"": 6878, ""2"": 7440, ""3"": 6808, ""4"": 7649, ""5"": 5345}",connected
40999,122,20000,0.35084916666666666,0.007297393686603755,-4.79995983784087,0.0,0.0,0,"{""0"": 6789, ""1"": 6906, ""2"": 7473, ""3"": 6820, ""4"": 7656, ""5"": 5355}",connected
41099,122,20000,0.3492658333333333,0.007941391207277776,-4.79995983784087,0.0,0.0,0,"{""0"": 6791, ""1"": 6932, ""2"": 7501, ""3"": 6844, ""4"": 7669, ""5"": 5362}",connected
41199,124,20000,0.3476825,0.009170303416904063,-4.81970983590465,0.0,0.0,0,"{""0"": 6811, ""1"": 6937, ""2"": 7525, ""3"": 6856, ""4"": 7697, ""5"": 5373}",connected
41299,124,20000,0.3460991666666666,0.009296785122714937,-4.81970983590465,0.0,0.0,0,"{""0"": 6850, ""1"": 6943, ""2"": 7552, ""3"": 6862, ""4"": 7711, ""5"": 5381}",connected
41399,124,20000,0.34451583333333347,0.0091924560489133,-4.81970983590465,0.0,0.0,0,"{""0"": 6862, ""1"": 6954, ""2"": 7573, ""3"": 6891, ""4"": 7728, ""5"": 5391}",connected
41499,124,20000,0.3429325000000001,0.008757469120901078,-4.81970983590465,0.0,0.0,0,"{""0"": 6881, ""1"": 6968, ""2"": 7608, ""3"": 6900, ""4"": 7746, ""5"": 5396}",connected
41599,124,20000,0.3413491666666667,0.0074341246951371434,-4.81970983590465,0.0,0.0,0,"{""0"": 6898, ""1"": 6988, ""2"": 7632, ""3"": 6915, ""4"": 7767, ""5"": 5399}",connected
41699,124,20000,0.33976583333333343,0.00744273958960548,-4.81970983590465,0.0,0.0,0,"{""0"": 6910, ""1"": 6999, ""2"": 7650, ""3"": 6929, ""4"": 7794, ""5"": 5417}",connected
41799,124,20000,0.33818250000000005,0.0074457820411771534,-4.81970983590465,0.0,0.0,0,"{""0"": 6943, ""1"": 7003, ""2"": 7659, ""3"": 6939, ""4"": 7825, ""5"": 5430}",connected
41899,126,20000,0.33659916666666667,0.007221147324889899,-4.7512798332469535,0.0,0.0,0,"{""0"": 6976, ""1"": 7027, ""2"": 7667, ""3"": 6947, ""4"": 7838, ""5"": 5444}",connected
41999,126,20000,0.3350158333333334,0.006713186865672469,-4.7512798332469535,0.0,0.0,0,"{""0"": 6987, ""1"": 7038, ""2"": 7691, ""3"": 6964, ""4"": 7862, ""5"": 5457}",connected
42099,126,20000,0.3334325,0.00698973007267341,-4.7512798332469535,0.0,0.0,0,"{""0"": 7011, ""1"": 7052, ""2"": 7704, ""3"": 6972, ""4"": 7890, ""5"": 5470}",connected
42199,128,20000,0.33184916666666664,0.007874436904676258,-4.582169836899266,0.0,0.0,0,"{""0"": 7026, ""1"": 7066, ""2"": 7725, ""3"": 6991, ""4"": 7906, ""5"": 5485}",connected
42299,128,20000,0.33026583333333337,0.008378937665838748,-4.582169836899266,0.0,0.0,0,"{""0"": 7043, ""1"": 7081, ""2"": 7763, ""3"": 7002, ""4"": 7921, ""5"": 5489}",connected
42399,128,20000,0.3286825,0.009180068508721889,-4.582169836899266,0.0,0.0,0,"{""0"": 7056, ""1"": 7100, ""2"": 7780, ""3"": 7022, ""4"": 7946, ""5"": 5495}",connected
42499,128,20000,0.3270991666666666,0.008937042313627899,-4.582169836899266,0.0,0.0,0,"{""0"": 7067, ""1"": 7118, ""2"": 7802, ""3"": 7048, ""4"": 7965, ""5"": 5499}",connected
42599,128,20000,0.32551583333333345,0.008528293801937252,-4.582169836899266,0.0,0.0,0,"{""0"": 7091, ""1"": 7134, ""2"": 7810, ""3"": 7081, ""4"": 7968, ""5"": 5515}",connected
42699,128,20000,0.32393250000000007,0.008189324878621847,-4.582169836899266,0.0,0.0,0,"{""0"": 7109, ""1"": 7159, ""2"": 7827, ""3"": 7109, ""4"": 7974, ""5"": 5521}",connected
42799,128,20000,0.3223491666666667,0.007840111979749053,-4.582169836899266,0.0,0.0,0,"{""0"": 7125, ""1"": 7171, ""2"": 7853, ""3"": 7118, ""4"": 8002, ""5"": 5530}",connected
42899,130,20000,0.3207658333333334,0.007824083333835006,-4.544249837137759,0.0,0.0,0,"{""0"": 7139, ""1"": 7182, ""2"": 7865, ""3"": 7125, ""4"": 8040, ""5"": 5548}",connected
42999,130,20000,0.31918250000000004,0.00748348276829347,-4.544249837137759,0.0,0.0,0,"{""0"": 7149, ""1"": 7212, ""2"": 7878, ""3"": 7141, ""4"": 8070, ""5"": 5549}",connected
43099,130,20000,0.31759916666666665,0.008101000755559654,-4.544249837137759,0.0,0.0,0,"{""0"": 7156, ""1"": 7234, ""2"": 7894, ""3"": 7154, ""4"": 8101, ""5"": 5560}",connected
43199,130,20000,0.3160158333333334,0.008874722796026618,-4.544249837137759,0.0,0.0,0,"{""0"": 7172, ""1"": 7254, ""2"": 7904, ""3"": 7163, ""4"": 8140, ""5"": 5566}",connected
43299,130,20000,0.3144325,0.009661292466334999,-4.544249837137759,0.0,0.0,0,"{""0"": 7193, ""1"": 7270, ""2"": 7926, ""3"": 7178, ""4"": 8162, ""5"": 5570}",connected
43399,130,20000,0.3128491666666666,0.010073177872691304,-4.544249837137759,0.0,0.0,0,"{""0"": 7204, ""1"": 7291, ""2"": 7938, ""3"": 7205, ""4"": 8172, ""5"": 5589}",connected
43499,130,20000,0.31126583333333335,0.010104708338622004,-4.544249837137759,0.0,0.0,0,"{""0"": 7229, ""1"": 7301, ""2"": 7946, ""3"": 7238, ""4"": 8192, ""5"": 5593}",connected
43599,130,20000,0.30968249999999997,0.00999978912761435,-4.544249837137759,0.0,0.0,0,"{""0"": 7238, ""1"": 7326, ""2"": 7967, ""3"": 7270, ""4"": 8202, ""5"": 5596}",connected
43699,132,20000,0.3080991666666667,0.009409232649486511,-4.549129837509245,0.0,0.0,0,"{""0"": 7253, ""1"": 7336, ""2"": 7997, ""3"": 7282, ""4"": 8232, ""5"": 5599}",connected
43799,132,20000,0.30651583333333343,0.00918740896973759,-4.549129837509245,0.0,0.0,0,"{""0"": 7269, ""1"": 7354, ""2"": 8032, ""3"": 7293, ""4"": 8245, ""5"": 5606}",connected
43899,132,20000,0.30493250000000005,0.008940407973714173,-4.549129837509245,0.0,0.0,0,"{""0"": 7290, ""1"": 7382, ""2"": 8044, ""3"": 7304, ""4"": 8264, ""5"": 5615}",connected
43999,132,20000,0.3033491666666668,0.008837534193880857,-4.549129837509245,0.0,0.0,0,"{""0"": 7300, ""1"": 7390, ""2"": 8056, ""3"": 7325, ""4"": 8283, ""5"": 5645}",connected
44099,132,20000,0.3017658333333334,0.00976323442067951,-4.549129837509245,0.0,0.0,0,"{""0"": 7321, ""1"": 7399, ""2"": 8070, ""3"": 7356, ""4"": 8298, ""5"": 5655}",connected
44199,132,20000,0.3001825,0.00968616102822125,-4.549129837509245,0.0,0.0,0,"{""0"": 7331, ""1"": 7435, ""2"": 8083, ""3"": 7367, ""4"": 8310, ""5"": 5673}",connected
44299,132,20000,0.29859916666666675,0.009873150396160782,-4.549129837509245,0.0,0.0,0,"{""0"": 7341, ""1"": 7456, ""2"": 8088, ""3"": 7386, ""4"": 8316, ""5"": 5712}",connected
44399,134,20000,0.29701583333333337,0.010690483283251524,-4.603349834177643,0.0,0.0,0,"{""0"": 7360, ""1"": 7472, ""2"": 8107, ""3"": 7398, ""4"": 8347, ""5"": 5715}",connected
44499,134,20000,0.2954325,0.010003357250243426,-4.603349834177643,0.0,0.0,0,"{""0"": 7379, ""1"": 7493, ""2"": 8119, ""3"": 7413, ""4"": 8373, ""5"": 5722}",connected
44599,134,20000,0.2938491666666667,0.009837614428251982,-4.603349834177643,0.0,0.0,0,"{""0"": 7385, ""1"": 7527, ""2"": 8146, ""3"": 7422, ""4"": 8390, ""5"": 5729}",connected
44699,134,20000,0.29226583333333334,0.008968704394064844,-4.603349834177643,0.0,0.0,0,"{""0"": 7414, ""1"": 7539, ""2"": 8155, ""3"": 7439, ""4"": 8412, ""5"": 5740}",connected
44799,134,20000,0.29068249999999995,0.007402728553861379,-4.603349834177643,0.0,0.0,0,"{""0"": 7430, ""1"": 7552, ""2"": 8172, ""3"": 7464, ""4"": 8423, ""5"": 5758}",connected
44899,134,20000,0.2890991666666667,0.006739640079904348,-4.603349834177643,0.0,0.0,0,"{""0"": 7439, ""1"": 7574, ""2"": 8197, ""3"": 7488, ""4"": 8442, ""5"": 5759}",connected
44999,134,20000,0.2875158333333334,0.006909097074531019,-4.603349834177643,0.0,0.0,0,"{""0"": 7459, ""1"": 7596, ""2"": 8212, ""3"": 7505, ""4"": 8454, ""5"": 5773}",connected
45099,136,20000,0.28593250000000003,0.007610928984358906,-4.586049834177829,0.0,0.0,0,"{""0"": 7473, ""1"": 7605, ""2"": 8231, ""3"": 7513, ""4"": 8495, ""5"": 5782}",connected
45199,136,20000,0.28434916666666676,0.008970296015031637,-4.586049834177829,0.0,0.0,0,"{""0"": 7493, ""1"": 7616, ""2"": 8242, ""3"": 7537, ""4"": 8512, ""5"": 5799}",connected
45299,136,20000,0.2827658333333334,0.009838354524690658,-4.586049834177829,0.0,0.0,0,"{""0"": 7499, ""1"": 7628, ""2"": 8269, ""3"": 7548, ""4"": 8548, ""5"": 5807}",connected
45399,136,20000,0.2811825,0.010235726875253022,-4.586049834177829,0.0,0.0,0,"{""0"": 7511, ""1"": 7640, ""2"": 8280, ""3"": 7576, ""4"": 8572, ""5"": 5820}",connected
45499,136,20000,0.27959916666666673,0.010156538097653538,-4.586049834177829,0.0,0.0,0,"{""0"": 7533, ""1"": 7643, ""2"": 8287, ""3"": 7615, ""4"": 8590, ""5"": 5831}",connected
45599,136,20000,0.27801583333333335,0.00993927696486935,-4.586049834177829,0.0,0.0,0,"{""0"": 7567, ""1"": 7651, ""2"": 8297, ""3"": 7657, ""4"": 8594, ""5"": 5833}",connected
45699,136,20000,0.27643249999999997,0.009706573148723691,-4.586049834177829,0.0,0.0,0,"{""0"": 7574, ""1"": 7673, ""2"": 8311, ""3"": 7684, ""4"": 8611, ""5"": 5846}",connected
45799,138,20000,0.2748491666666667,0.009038813321385532,-4.5592498345579955,0.0,0.0,0,"{""0"": 7586, ""1"": 7691, ""2"": 8329, ""3"": 7705, ""4"": 8631, ""5"": 5857}",connected
45899,138,20000,0.2732658333333333,0.008517295480705797,-4.5592498345579955,0.0,0.0,0,"{""0"": 7601, ""1"": 7701, ""2"": 8351, ""3"": 7718, ""4"": 8659, ""5"": 5869}",connected
45999,138,20000,0.27168249999999994,0.008881939908023924,-4.5592498345579955,0.0,0.0,0,"{""0"": 7635, ""1"": 7702, ""2"": 8359, ""3"": 7722, ""4"": 8685, ""5"": 5896}",connected
46099,138,20000,0.27009916666666667,0.009250046585220844,-4.5592498345579955,0.0,0.0,0,"{""0"": 7668, ""1"": 7709, ""2"": 8368, ""3"": 7725, ""4"": 8725, ""5"": 5904}",connected
46199,138,20000,0.2685158333333334,0.010590505923610181,-4.5592498345579955,0.0,0.0,0,"{""0"": 7695, ""1"": 7720, ""2"": 8385, ""3"": 7733, ""4"": 8741, ""5"": 5925}",connected
46299,138,20000,0.26693250000000013,0.01148562093032524,-4.5592498345579955,0.0,0.0,0,"{""0"": 7713, ""1"": 7722, ""2"": 8399, ""3"": 7746, ""4"": 8767, ""5"": 5952}",connected
46399,138,20000,0.26534916666666675,0.010948276156559586,-4.5592498345579955,0.0,0.0,0,"{""0"": 7733, ""1"": 7727, ""2"": 8423, ""3"": 7762, ""4"": 8789, ""5"": 5965}",connected
46499,140,20000,0.26376583333333337,0.0106953299138695,-4.593929837555624,0.0,0.0,0,"{""0"": 7754, ""1"": 7734, ""2"": 8441, ""3"": 7790, ""4"": 8804, ""5"": 5976}",connected
46599,140,20000,0.2621825000000001,0.010725050629116595,-4.593929837555624,0.0,0.0,0,"{""0"": 7758, ""1"": 7747, ""2"": 8482, ""3"": 7799, ""4"": 8826, ""5"": 5987}",connected
46699,140,20000,0.2605991666666667,0.011183995315805077,-4.593929837555624,0.0,0.0,0,"{""0"": 7777, ""1"": 7752, ""2"": 8500, ""3"": 7809, ""4"": 8862, ""5"": 5999}",connected
46799,140,20000,0.25901583333333333,0.011257084556855262,-4.593929837555624,0.0,0.0,0,"{""0"": 7783, ""1"": 7767, ""2"": 8534, ""3"": 7816, ""4"": 8890, ""5"": 6009}",connected
46899,140,20000,0.25743250000000006,0.010950617706403137,-4.593929837555624,0.0,0.0,0,"{""0"": 7803, ""1"": 7778, ""2"": 8558, ""3"": 7832, ""4"": 8910, ""5"": 6018}",connected
46999,140,20000,0.2558491666666667,0.0101910205418244,-4.593929837555624,0.0,0.0,0,"{""0"": 7814, ""1"": 7787, ""2"": 8578, ""3"": 7844, ""4"": 8937, ""5"": 6039}",connected
47099,140,20000,0.2542658333333333,0.010473817083984614,-4.593929837555624,0.0,0.0,0,"{""0"": 7822, ""1"": 7795, ""2"": 8619, ""3"": 7859, ""4"": 8949, ""5"": 6055}",connected
47199,140,20000,0.25268250000000003,0.011149644474498928,-4.593929837555624,0.0,0.0,0,"{""0"": 7828, ""1"": 7805, ""2"": 8630, ""3"": 7868, ""4"": 8997, ""5"": 6071}",connected
47299,142,20000,0.25109916666666665,0.011672981102019548,-4.652439841749146,0.0,0.0,0,"{""0"": 7836, ""1"": 7822, ""2"": 8650, ""3"": 7877, ""4"": 9033, ""5"": 6081}",connected
47399,142,20000,0.24951583333333338,0.012394593614153564,-4.652439841749146,0.0,0.0,0,"{""0"": 7843, ""1"": 7833, ""2"": 8671, ""3"": 7891, ""4"": 9064, ""5"": 6097}",connected
47499,142,20000,0.2479325000000001,0.011679635047912598,-4.652439841749146,0.0,0.0,0,"{""0"": 7851, ""1"": 7856, ""2"": 8689, ""3"": 7906, ""4"": 9085, ""5"": 6112}",connected
47599,142,20000,0.24634916666666673,0.01143171263858676,-4.652439841749146,0.0,0.0,0,"{""0"": 7858, ""1"": 7862, ""2"": 8708, ""3"": 7922, ""4"": 9114, ""5"": 6135}",connected
47699,144,20000,0.24476583333333335,0.011784256664104759,-4.529229845511727,0.0,0.0,0,"{""0"": 7872, ""1"": 7878, ""2"": 8724, ""3"": 7929, ""4"": 9153, ""5"": 6143}",connected
47799,144,20000,0.24318250000000008,0.010733109177090227,-4.529229845511727,0.0,0.0,0,"{""0"": 7877, ""1"": 7895, ""2"": 8744, ""3"": 7945, ""4"": 9184, ""5"": 6154}",connected
47899,144,20000,0.2415991666666667,0.010233722520060837,-4.529229845511727,0.0,0.0,0,"{""0"": 7881, ""1"": 7919, ""2"": 8777, ""3"": 7960, ""4"": 9193, ""5"": 6169}",connected
47999,144,20000,0.24001583333333332,0.009416261329315603,-4.529229845511727,0.0,0.0,0,"{""0"": 7896, ""1"": 7933, ""2"": 8810, ""3"": 7968, ""4"": 9213, ""5"": 6179}",connected
48099,144,20000,0.23843250000000005,0.0089569311728701,-4.529229845511727,0.0,0.0,0,"{""0"": 7920, ""1"": 7936, ""2"": 8829, ""3"": 7984, ""4"": 9239, ""5"": 6191}",connected
48199,146,20000,0.23684916666666667,0.00969855289440602,-4.44461984812282,0.0,0.0,0,"{""0"": 7932, ""1"": 7938, ""2"": 8860, ""3"": 7993, ""4"": 9278, ""5"": 6198}",connected
48299,146,20000,0.23526583333333329,0.009964002124033868,-4.44461984812282,0.0,0.0,0,"{""0"": 7948, ""1"": 7948, ""2"": 8882, ""3"": 8007, ""4"": 9304, ""5"": 6210}",connected
48399,146,20000,0.23368250000000002,0.011460659452714026,-4.44461984812282,0.0,0.0,0,"{""0"": 7961, ""1"": 7957, ""2"": 8892, ""3"": 8034, ""4"": 9340, ""5"": 6215}",connected
48499,146,20000,0.23209916666666663,0.011322755743749439,-4.44461984812282,0.0,0.0,0,"{""0"": 7961, ""1"": 7961, ""2"": 8925, ""3"": 8093, ""4"": 9340, ""5"": 6219}",connected
48599,146,20000,0.23051583333333336,0.01078365767840296,-4.44461984812282,0.0,0.0,0,"{""0"": 7977, ""1"": 7966, ""2"": 8957, ""3"": 8110, ""4"": 9357, ""5"": 6232}",connected
48699,146,20000,0.2289325000000001,0.011809402792714536,-4.44461984812282,0.0,0.0,0,"{""0"": 8002, ""1"": 7986, ""2"": 8967, ""3"": 8125, ""4"": 9371, ""5"": 6248}",connected
48799,148,20000,0.2273491666666667,0.010674246056005358,-4.397989851222373,0.0,0.0,0,"{""0"": 8018, ""1"": 8004, ""2"": 8997, ""3"": 8134, ""4"": 9385, ""5"": 6261}",connected
48899,148,20000,0.22576583333333344,0.011024155775085092,-4.397989851222373,0.0,0.0,0,"{""0"": 8028, ""1"": 8029, ""2"": 9012, ""3"": 8156, ""4"": 9407, ""5"": 6267}",connected
48999,148,20000,0.22418250000000006,0.010915751447901129,-4.397989851222373,0.0,0.0,0,"{""0"": 8033, ""1"": 8038, ""2"": 9040, ""3"": 8157, ""4"": 9437, ""5"": 6294}",connected
49099,148,20000,0.22259916666666668,0.011459082174114883,-4.397989851222373,0.0,0.0,0,"{""0"": 8043, ""1"": 8048, ""2"": 9057, ""3"": 8166, ""4"": 9475, ""5"": 6310}",connected
49199,148,20000,0.2210158333333334,0.012371125142090022,-4.397989851222373,0.0,0.0,0,"{""0"": 8059, ""1"": 8069, ""2"": 9070, ""3"": 8185, ""4"": 9495, ""5"": 6321}",connected
49299,148,20000,0.21943250000000003,0.013554933397099376,-4.397989851222373,0.0,0.0,0,"{""0"": 8065, ""1"": 8075, ""2"": 9092, ""3"": 8205, ""4"": 9518, ""5"": 6344}",connected
49399,148,20000,0.21784916666666665,0.014649883648380636,-4.397989851222373,0.0,0.0,0,"{""0"": 8081, ""1"": 8098, ""2"": 9101, ""3"": 8228, ""4"": 9539, ""5"": 6352}",connected
49499,150,20000,0.21626583333333338,0.013407359621487558,-4.410749851530418,0.0,0.0,0,"{""0"": 8095, ""1"": 8112, ""2"": 9119, ""3"": 8235, ""4"": 9578, ""5"": 6360}",connected
49599,150,20000,0.2146825,0.013049447876401245,-4.410749851530418,0.0,0.0,0,"{""0"": 8100, ""1"": 8149, ""2"": 9129, ""3"": 8235, ""4"": 9623, ""5"": 6363}",connected
49699,150,20000,0.21309916666666662,0.012633414166048169,-4.410749851530418,0.0,0.0,0,"{""0"": 8107, ""1"": 8161, ""2"": 9135, ""3"": 8255, ""4"": 9673, ""5"": 6368}",connected
49799,150,20000,0.21151583333333346,0.012528709061443806,-4.410749851530418,0.0,0.0,0,"{""0"": 8114, ""1"": 8193, ""2"": 9157, ""3"": 8270, ""4"": 9690, ""5"": 6375}",connected
49899,150,20000,0.20993250000000008,0.012893619546666742,-4.410749851530418,0.0,0.0,0,"{""0"": 8115, ""1"": 8197, ""2"": 9209, ""3"": 8274, ""4"": 9714, ""5"": 6390}",connected
49999,150,20000,0.2083491666666667,0.01286215240135789,-4.410749851530418,0.0,0.0,0,"{""0"": 8115, ""1"": 8197, ""2"": 9259, ""3"": 8274, ""4"": 9714, ""5"": 6440}",connected
50099,150,20000,0.20676583333333343,0.013203912652097643,-4.410749851530418,0.0,0.0,0,"{""0"": 8115, ""1"": 8197, ""2"": 9309, ""3"": 8274, ""4"": 9714, ""5"": 6490}",connected
50199,152,20000,0.20518250000000005,0.013942404482513666,-4.432879851222969,0.0,0.0,0,"{""0"": 8150, ""1"": 8197, ""2"": 9342, ""3"": 8274, ""4"": 9714, ""5"": 6522}",connected
50299,152,20000,0.20359916666666666,0.013493682290427387,-4.432879851222969,0.0,0.0,0,"{""0"": 8214, ""1"": 8200, ""2"": 9347, ""3"": 8276, ""4"": 9739, ""5"": 6523}",connected
50399,152,20000,0.2020158333333334,0.013813271871767938,-4.432879851222969,0.0,0.0,0,"{""0"": 8257, ""1"": 8207, ""2"": 9352, ""3"": 8289, ""4"": 9762, ""5"": 6532}",connected
50499,152,20000,0.2004325,0.01370683285407722,-4.432879851222969,0.0,0.0,0,"{""0"": 8262, ""1"": 8208, ""2"": 9356, ""3"": 8317, ""4"": 9796, ""5"": 6560}",connected
50599,152,20000,0.19884916666666663,0.012316584717482329,-4.432879851222969,0.0,0.0,0,"{""0"": 8265, ""1"": 8238, ""2"": 9356, ""3"": 8317, ""4"": 9837, ""5"": 6586}",connected
50699,152,20000,0.19726583333333336,0.013007472166791559,-4.432879851222969,0.0,0.0,0,"{""0"": 8286, ""1"": 8262, ""2"": 9366, ""3"": 8324, ""4"": 9869, ""5"": 6592}",connected
50799,152,20000,0.19568249999999998,0.012613347447477281,-4.432879851222969,0.0,0.0,0,"{""0"": 8317, ""1"": 8274, ""2"": 9376, ""3"": 8344, ""4"": 9883, ""5"": 6605}",connected
50899,154,20000,0.1940991666666666,0.01097554701846093,-4.422249852237291,0.0,0.0,0,"{""0"": 8333, ""1"": 8291, ""2"": 9385, ""3"": 8360, ""4"": 9904, ""5"": 6626}",connected
50999,154,20000,0.19251583333333344,0.010725360857322811,-4.422249852237291,0.0,0.0,0,"{""0"": 8341, ""1"": 8310, ""2"": 9402, ""3"": 8369, ""4"": 9945, ""5"": 6632}",connected
51099,154,20000,0.19093250000000006,0.011527501810342074,-4.422249852237291,0.0,0.0,0,"{""0"": 8352, ""1"": 8319, ""2"": 9410, ""3"": 8391, ""4"": 9976, ""5"": 6651}",connected
51199,154,20000,0.1893491666666668,0.013100380809046328,-4.422249852237291,0.0,0.0,0,"{""0"": 8380, ""1"": 8333, ""2"": 9421, ""3"": 8401, ""4"": 9982, ""5"": 6682}",connected
51299,154,20000,0.1877658333333334,0.014545084121637046,-4.422249852237291,0.0,0.0,0,"{""0"": 8388, ""1"": 8342, ""2"": 9435, ""3"": 8423, ""4"": 10016, ""5"": 6695}",connected
51399,154,20000,0.18618250000000003,0.015519459047354758,-4.422249852237291,0.0,0.0,0,"{""0"": 8391, ""1"": 8367, ""2"": 9450, ""3"": 8443, ""4"": 10043, ""5"": 6705}",connected
51499,154,20000,0.18459916666666676,0.014370192722417414,-4.422249852237291,0.0,0.0,0,"{""0"": 8405, ""1"": 8388, ""2"": 9472, ""3"": 8464, ""4"": 10060, ""5"": 6710}",connected
51599,156,20000,0.18301583333333338,0.013250322663225234,-4.419779849695042,0.0,0.0,0,"{""0"": 8414, ""1"": 8396, ""2"": 9499, ""3"": 8486, ""4"": 10085, ""5"": 6719}",connected
51699,156,20000,0.1814325,0.012388504450209439,-4.419779849695042,0.0,0.0,0,"{""0"": 8429, ""1"": 8408, ""2"": 9525, ""3"": 8493, ""4"": 10114, ""5"": 6730}",connected
51799,156,20000,0.17984916666666673,0.012160326181910932,-4.419779849695042,0.0,0.0,0,"{""0"": 8441, ""1"": 8428, ""2"": 9545, ""3"": 8507, ""4"": 10140, ""5"": 6738}",connected
51899,158,20000,0.17826583333333335,0.012663390683010221,-4.272869853181764,0.0,0.0,0,"{""0"": 8452, ""1"": 8439, ""2"": 9570, ""3"": 8524, ""4"": 10167, ""5"": 6747}",connected
51999,158,20000,0.17668249999999996,0.012133344276808202,-4.272869853181764,0.0,0.0,0,"{""0"": 8472, ""1"": 8457, ""2"": 9586, ""3"": 8528, ""4"": 10203, ""5"": 6753}",connected
52099,158,20000,0.1750991666666667,0.01424238902516663,-4.272869853181764,0.0,0.0,0,"{""0"": 8516, ""1"": 8468, ""2"": 9596, ""3"": 8536, ""4"": 10220, ""5"": 6763}",connected
52199,158,20000,0.17351583333333342,0.015561298504471778,-4.272869853181764,0.0,0.0,0,"{""0"": 8520, ""1"": 8490, ""2"": 9612, ""3"": 8545, ""4"": 10243, ""5"": 6789}",connected
52299,158,20000,0.17193250000000004,0.01645139916334301,-4.272869853181764,0.0,0.0,0,"{""0"": 8532, ""1"": 8524, ""2"": 9623, ""3"": 8551, ""4"": 10248, ""5"": 6821}",connected
52399,158,20000,0.17034916666666677,0.01737565137911588,-4.272869853181764,0.0,0.0,0,"{""0"": 8553, ""1"": 8545, ""2"": 9636, ""3"": 8556, ""4"": 10279, ""5"": 6830}",connected
52499,158,20000,0.1687658333333334,0.016185677838511766,-4.272869853181764,0.0,0.0,0,"{""0"": 8569, ""1"": 8583, ""2"": 9651, ""3"": 8571, ""4"": 10294, ""5"": 6831}",connected
52599,160,20000,0.1671825,0.015288664796389639,-4.273419855050743,0.0,0.0,0,"{""0"": 8574, ""1"": 8610, ""2"": 9667, ""3"": 8600, ""4"": 10306, ""5"": 6842}",connected
52699,160,20000,0.16559916666666674,0.01489140880294144,-4.273419855050743,0.0,0.0,0,"{""0"": 8580, ""1"": 8623, ""2"": 9693, ""3"": 8608, ""4"": 10342, ""5"": 6853}",connected
52799,160,20000,0.16401583333333336,0.013794283946044743,-4.273419855050743,0.0,0.0,0,"{""0"": 8608, ""1"": 8643, ""2"": 9702, ""3"": 8611, ""4"": 10345, ""5"": 6890}",connected
52899,160,20000,0.16243249999999998,0.01330141824670136,-4.273419855050743,0.0,0.0,0,"{""0"": 8618, ""1"": 8655, ""2"": 9722, ""3"": 8633, ""4"": 10371, ""5"": 6900}",connected
52999,160,20000,0.1608491666666667,0.013104428905062377,-4.273419855050743,0.0,0.0,0,"{""0"": 8630, ""1"": 8684, ""2"": 9742, ""3"": 8641, ""4"": 10377, ""5"": 6925}",connected
53099,160,20000,0.15926583333333333,0.014950319593772292,-4.273419855050743,0.0,0.0,0,"{""0"": 8655, ""1"": 8704, ""2"": 9749, ""3"": 8654, ""4"": 10394, ""5"": 6943}",connected
53199,160,20000,0.15768249999999995,0.017587201297283174,-4.273419855050743,0.0,0.0,0,"{""0"": 8707, ""1"": 8735, ""2"": 9754, ""3"": 8656, ""4"": 10400, ""5"": 6947}",connected
53299,160,20000,0.15609916666666668,0.019188934708945452,-4.273419855050743,0.0,0.0,0,"{""0"": 8771, ""1"": 8736, ""2"": 9754, ""3"": 8656, ""4"": 10435, ""5"": 6947}",connected
53399,162,20000,0.1545158333333334,0.02026052640751004,-4.253789856992662,0.0,0.0,0,"{""0"": 8782, ""1"": 8752, ""2"": 9776, ""3"": 8662, ""4"": 10470, ""5"": 6957}",connected
53499,162,20000,0.15293250000000003,0.018775530299171804,-4.253789856992662,0.0,0.0,0,"{""0"": 8793, ""1"": 8773, ""2"": 9796, ""3"": 8678, ""4"": 10483, ""5"": 6976}",connected
53599,162,20000,0.15134916666666676,0.017257139603607356,-4.253789856992662,0.0,0.0,0,"{""0"": 8796, ""1"": 8797, ""2"": 9824, ""3"": 8696, ""4"": 10495, ""5"": 6991}",connected
53699,162,20000,0.14976583333333338,0.015622425419278442,-4.253789856992662,0.0,0.0,0,"{""0"": 8830, ""1"": 8809, ""2"": 9834, ""3"": 8729, ""4"": 10500, ""5"": 6997}",connected
53799,162,20000,0.1481825000000001,0.014943855251185596,-4.253789856992662,0.0,0.0,0,"{""0"": 8880, ""1"": 8809, ""2"": 9834, ""3"": 8779, ""4"": 10500, ""5"": 6997}",connected
53899,162,20000,0.14659916666666672,0.013659341121092438,-4.253789856992662,0.0,0.0,0,"{""0"": 8912, ""1"": 8823, ""2"": 9845, ""3"": 8801, ""4"": 10510, ""5"": 7008}",connected
53999,162,20000,0.14501583333333334,0.012164380461908876,-4.253789856992662,0.0,0.0,0,"{""0"": 8918, ""1"": 8845, ""2"": 9864, ""3"": 8823, ""4"": 10528, ""5"": 7021}",connected
54099,164,20000,0.14343250000000007,0.013934363168664277,-4.380699858488515,0.0,0.0,0,"{""0"": 8935, ""1"": 8855, ""2"": 9890, ""3"": 8831, ""4"": 10564, ""5"": 7024}",connected
54199,164,20000,0.1418491666666667,0.015505863162688911,-4.380699858488515,0.0,0.0,0,"{""0"": 8954, ""1"": 8885, ""2"": 9909, ""3"": 8842, ""4"": 10574, ""5"": 7035}",connected
54299,164,20000,0.1402658333333333,0.01676698386669159,-4.380699858488515,0.0,0.0,0,"{""0"": 8963, ""1"": 8902, ""2"": 9930, ""3"": 8859, ""4"": 10592, ""5"": 7053}",connected
54399,166,20000,0.13868250000000004,0.01922151405364275,-4.36766985680908,0.0,0.0,0,"{""0"": 8986, ""1"": 8908, ""2"": 9963, ""3"": 8863, ""4"": 10622, ""5"": 7057}",connected
54499,166,20000,0.13709916666666666,0.01932498053647578,-4.36766985680908,0.0,0.0,0,"{""0"": 8988, ""1"": 8913, ""2"": 10016, ""3"": 8866, ""4"": 10650, ""5"": 7066}",connected
54599,168,20000,0.1355158333333334,0.018178790314123033,-4.215689858025871,0.0,0.0,0,"{""0"": 9001, ""1"": 8928, ""2"": 10039, ""3"": 8888, ""4"": 10671, ""5"": 7072}",connected
54699,170,20000,0.13393250000000012,0.018120657559484242,-4.0523498635785655,0.0,0.0,0,"{""0"": 9020, ""1"": 8946, ""2"": 10054, ""3"": 8894, ""4"": 10708, ""5"": 7077}",connected
54799,170,20000,0.13234916666666674,0.01837248723488301,-4.0523498635785655,0.0,0.0,0,"{""0"": 9025, ""1"": 8956, ""2"": 10080, ""3"": 8896, ""4"": 10761, ""5"": 7081}",connected
54899,170,20000,0.13076583333333336,0.01774663887452334,-4.0523498635785655,0.0,0.0,0,"{""0"": 9028, ""1"": 8977, ""2"": 10108, ""3"": 8912, ""4"": 10782, ""5"": 7092}",connected
54999,170,20000,0.1291825000000001,0.017441594121046365,-4.0523498635785655,0.0,0.0,0,"{""0"": 9044, ""1"": 8992, ""2"": 10123, ""3"": 8952, ""4"": 10793, ""5"": 7095}",connected
55099,172,20000,0.1275991666666667,0.0185057125473395,-3.9359498664923014,0.0,0.0,0,"{""0"": 9056, ""1"": 9009, ""2"": 10147, ""3"": 8967, ""4"": 10817, ""5"": 7103}",connected
55199,172,20000,0.12601583333333333,0.019435031889006495,-3.9359498664923014,0.0,0.0,0,"{""0"": 9072, ""1"": 9019, ""2"": 10170, ""3"": 8979, ""4"": 10836, ""5"": 7123}",connected
55299,172,20000,0.12443250000000006,0.020662740720435977,-3.9359498664923014,0.0,0.0,0,"{""0"": 9088, ""1"": 9027, ""2"": 10196, ""3"": 8985, ""4"": 10857, ""5"": 7146}",connected
55399,172,20000,0.12284916666666668,0.02177860732190311,-3.9359498664923014,0.0,0.0,0,"{""0"": 9120, ""1"": 9035, ""2"": 10208, ""3"": 8997, ""4"": 10880, ""5"": 7159}",connected
55499,174,20000,0.1212658333333333,0.021950668953359127,-3.943249863423407,0.0,0.0,0,"{""0"": 9134, ""1"": 9035, ""2"": 10217, ""3"": 9007, ""4"": 10916, ""5"": 7190}",connected
55599,174,20000,0.11968250000000002,0.020530775170773268,-3.943249863423407,0.0,0.0,0,"{""0"": 9153, ""1"": 9045, ""2"": 10234, ""3"": 9020, ""4"": 10946, ""5"": 7201}",connected
55699,174,20000,0.11809916666666664,0.019344906625337898,-3.943249863423407,0.0,0.0,0,"{""0"": 9172, ""1"": 9075, ""2"": 10252, ""3"": 9032, ""4"": 10959, ""5"": 7209}",connected
55799,174,20000,0.11651583333333337,0.018908675801940264,-3.943249863423407,0.0,0.0,0,"{""0"": 9182, ""1"": 9087, ""2"": 10283, ""3"": 9042, ""4"": 10970, ""5"": 7235}",connected
55899,176,20000,0.1149325000000001,0.0173222334170714,-3.8009998676832764,0.0,0.0,0,"{""0"": 9188, ""1"": 9095, ""2"": 10303, ""3"": 9060, ""4"": 10991, ""5"": 7262}",connected
55999,176,20000,0.11334916666666672,0.016972772567532955,-3.8009998676832764,0.0,0.0,0,"{""0"": 9197, ""1"": 9115, ""2"": 10321, ""3"": 9077, ""4"": 11019, ""5"": 7270}",connected
56099,178,20000,0.11176583333333334,0.019548669187352062,-3.625589871942066,0.0,0.0,0,"{""0"": 9208, ""1"": 9124, ""2"": 10359, ""3"": 9084, ""4"": 11044, ""5"": 7280}",connected
56199,178,20000,0.11018250000000007,0.020429811365902426,-3.625589871942066,0.0,0.0,0,"{""0"": 9218, ""1"": 9133, ""2"": 10402, ""3"": 9106, ""4"": 11054, ""5"": 7286}",connected
56299,178,20000,0.10859916666666669,0.021335007417947055,-3.625589871942066,0.0,0.0,0,"{""0"": 9226, ""1"": 9151, ""2"": 10428, ""3"": 9128, ""4"": 11074, ""5"": 7292}",connected
56399,180,20000,0.10701583333333342,0.023311504675075412,-3.462189875692129,0.0,0.0,0,"{""0"": 9237, ""1"": 9160, ""2"": 10468, ""3"": 9138, ""4"": 11100, ""5"": 7296}",connected
56499,180,20000,0.10543250000000004,0.02143309130333364,-3.462189875692129,0.0,0.0,0,"{""0"": 9276, ""1"": 9172, ""2"": 10476, ""3"": 9148, ""4"": 11126, ""5"": 7301}",connected
56599,180,20000,0.10384916666666666,0.021153243640437722,-3.462189875692129,0.0,0.0,0,"{""0"": 9292, ""1"": 9193, ""2"": 10500, ""3"": 9170, ""4"": 11137, ""5"": 7307}",connected
56699,180,20000,0.10226583333333339,0.020501780975610017,-3.462189875692129,0.0,0.0,0,"{""0"": 9302, ""1"": 9215, ""2"": 10528, ""3"": 9178, ""4"": 11151, ""5"": 7325}",connected
56799,182,20000,0.10068250000000001,0.019685364607721568,-3.3081998789589853,0.0,0.0,0,"{""0"": 9309, ""1"": 9219, ""2"": 10553, ""3"": 9184, ""4"": 11189, ""5"": 7345}",connected
56899,182,20000,0.09909916666666663,0.0188660697825253,-3.3081998789589853,0.0,0.0,0,"{""0"": 9309, ""1"": 9220, ""2"": 10603, ""3"": 9184, ""4"": 11189, ""5"": 7394}",connected
56999,182,20000,0.09751583333333347,0.017057396140880882,-3.3081998789589853,0.0,0.0,0,"{""0"": 9317, ""1"": 9251, ""2"": 10615, ""3"": 9186, ""4"": 11228, ""5"": 7402}",connected
57099,182,20000,0.09593250000000009,0.019220782932825385,-3.3081998789589853,0.0,0.0,0,"{""0"": 9324, ""1"": 9274, ""2"": 10625, ""3"": 9195, ""4"": 11269, ""5"": 7412}",connected
57199,182,20000,0.0943491666666667,0.019286430352367462,-3.3081998789589853,0.0,0.0,0,"{""0"": 9326, ""1"": 9297, ""2"": 10637, ""3"": 9215, ""4"": 11306, ""5"": 7418}",connected
57299,182,20000,0.09276583333333344,0.02061856059823185,-3.3081998789589853,0.0,0.0,0,"{""0"": 9329, ""1"": 9341, ""2"": 10652, ""3"": 9218, ""4"": 11326, ""5"": 7433}",connected
57399,182,20000,0.09118250000000006,0.02191928932443261,-3.3081998789589853,0.0,0.0,0,"{""0"": 9333, ""1"": 9358, ""2"": 10666, ""3"": 9224, ""4"": 11358, ""5"": 7460}",connected
57499,184,20000,0.08959916666666667,0.020177948791533708,-3.3265598799102007,0.0,0.0,0,"{""0"": 9341, ""1"": 9374, ""2"": 10683, ""3"": 9231, ""4"": 11396, ""5"": 7474}",connected
57599,184,20000,0.0880158333333334,0.01925055346917361,-3.3265598799102007,0.0,0.0,0,"{""0"": 9360, ""1"": 9388, ""2"": 10699, ""3"": 9243, ""4"": 11412, ""5"": 7497}",connected
57699,184,20000,0.08643250000000002,0.017201167452149092,-3.3265598799102007,0.0,0.0,0,"{""0"": 9376, ""1"": 9395, ""2"": 10717, ""3"": 9254, ""4"": 11445, ""5"": 7512}",connected
57799,186,20000,0.08484916666666664,0.017444813386537136,-3.1977298839064314,0.0,0.0,0,"{""0"": 9384, ""1"": 9416, ""2"": 10746, ""3"": 9259, ""4"": 11470, ""5"": 7524}",connected
57899,186,20000,0.08326583333333337,0.01606784960255027,-3.1977298839064314,0.0,0.0,0,"{""0"": 9404, ""1"": 9432, ""2"": 10763, ""3"": 9275, ""4"": 11500, ""5"": 7525}",connected
57999,186,20000,0.08168249999999999,0.016462480607442556,-3.1977298839064314,0.0,0.0,0,"{""0"": 9422, ""1"": 9442, ""2"": 10780, ""3"": 9284, ""4"": 11526, ""5"": 7545}",connected
58099,186,20000,0.08009916666666661,0.019411423592828214,-3.1977298839064314,0.0,0.0,0,"{""0"": 9448, ""1"": 9473, ""2"": 10799, ""3"": 9289, ""4"": 11539, ""5"": 7551}",connected
58199,186,20000,0.07851583333333345,0.019538195920176804,-3.1977298839064314,0.0,0.0,0,"{""0"": 9472, ""1"": 9480, ""2"": 10825, ""3"": 9293, ""4"": 11545, ""5"": 7584}",connected
58299,186,20000,0.07693250000000007,0.020908154482021928,-3.1977298839064314,0.0,0.0,0,"{""0"": 9500, ""1"": 9493, ""2"": 10848, ""3"": 9312, ""4"": 11554, ""5"": 7592}",connected
58399,186,20000,0.07534916666666669,0.02024447837844491,-3.1977298839064314,0.0,0.0,0,"{""0"": 9522, ""1"": 9505, ""2"": 10861, ""3"": 9326, ""4"": 11575, ""5"": 7610}",connected
58499,188,20000,0.07376583333333342,0.01775465483777225,-3.297379884026013,0.0,0.0,0,"{""0"": 9534, ""1"": 9526, ""2"": 10878, ""3"": 9338, ""4"": 11611, ""5"": 7612}",connected
58599,188,20000,0.07218250000000004,0.018026610622182488,-3.297379884026013,0.0,0.0,0,"{""0"": 9554, ""1"": 9538, ""2"": 10894, ""3"": 9359, ""4"": 11621, ""5"": 7633}",connected
58699,190,20000,0.07059916666666677,0.017723590838722884,-3.2625398892676456,0.0,0.0,0,"{""0"": 9578, ""1"": 9549, ""2"": 10915, ""3"": 9359, ""4"": 11631, ""5"": 7667}",connected
58799,190,20000,0.06901583333333339,0.017186559573747217,-3.2625398892676456,0.0,0.0,0,"{""0"": 9601, ""1"": 9562, ""2"": 10940, ""3"": 9365, ""4"": 11654, ""5"": 7677}",connected
58899,190,20000,0.0674325,0.017676788265816867,-3.2625398892676456,0.0,0.0,0,"{""0"": 9615, ""1"": 9581, ""2"": 10956, ""3"": 9392, ""4"": 11669, ""5"": 7686}",connected
58999,190,20000,0.06584916666666674,0.01580670566763729,-3.2625398892676456,0.0,0.0,0,"{""0"": 9618, ""1"": 9598, ""2"": 10972, ""3"": 9416, ""4"": 11676, ""5"": 7719}",connected
59099,192,20000,0.06426583333333336,0.018010101998224854,-3.094519889890216,0.0,0.0,0,"{""0"": 9626, ""1"": 9610, ""2"": 11001, ""3"": 9426, ""4"": 11707, ""5"": 7729}",connected
59199,192,20000,0.06268249999999997,0.019885291857644916,-3.094519889890216,0.0,0.0,0,"{""0"": 9653, ""1"": 9619, ""2"": 11027, ""3"": 9433, ""4"": 11711, ""5"": 7756}",connected
59299,192,20000,0.061099166666666704,0.019898111140355466,-3.094519889890216,0.0,0.0,0,"{""0"": 9670, ""1"": 9630, ""2"": 11082, ""3"": 9440, ""4"": 11718, ""5"": 7759}",connected
59399,192,20000,0.059515833333333434,0.020686540976166724,-3.094519889890216,0.0,0.0,0,"{""0"": 9690, ""1"": 9632, ""2"": 11122, ""3"": 9452, ""4"": 11718, ""5"": 7785}",connected
59499,192,20000,0.05793250000000005,0.01719509041402489,-3.094519889890216,0.0,0.0,0,"{""0"": 9751, ""1"": 9644, ""2"": 11133, ""3"": 9456, ""4"": 11720, ""5"": 7795}",connected
59599,192,20000,0.05634916666666678,0.015477815559133887,-3.094519889890216,0.0,0.0,0,"{""0"": 9793, ""1"": 9646, ""2"": 11156, ""3"": 9461, ""4"": 11733, ""5"": 7810}",connected
59699,192,20000,0.0547658333333334,0.015201994571834803,-3.094519889890216,0.0,0.0,0,"{""0"": 9845, ""1"": 9657, ""2"": 11180, ""3"": 9464, ""4"": 11737, ""5"": 7816}",connected
59799,194,20000,0.05318250000000002,0.01571729375515133,-3.285599889536388,0.0,0.0,0,"{""0"": 9857, ""1"": 9666, ""2"": 11206, ""3"": 9485, ""4"": 11768, ""5"": 7817}",connected
59899,194,20000,0.05159916666666675,0.015951533801853657,-3.285599889536388,0.0,0.0,0,"{""0"": 9857, ""1"": 9713, ""2"": 11209, ""3"": 9485, ""4"": 11769, ""5"": 7866}",connected
59999,194,20000,0.05001583333333337,0.015951542002148926,-3.285599889536388,0.0,0.0,0,"{""0"": 9864, ""1"": 9721, ""2"": 11253, ""3"": 9491, ""4"": 11780, ""5"": 7890}",connected
60099,194,20000,0.050000000000000044,0.01804978435393423,-3.285599889536388,0.0,0.0,0,"{""0"": 9865, ""1"": 9726, ""2"": 11266, ""3"": 9495, ""4"": 11827, ""5"": 7920}",connected
60199,194,20000,0.050000000000000044,0.0191102487873286,-3.285599889536388,0.0,0.0,0,"{""0"": 9889, ""1"": 9730, ""2"": 11280, ""3"": 9502, ""4"": 11862, ""5"": 7936}",connected
60299,194,20000,0.050000000000000044,0.01962688989005983,-3.285599889536388,0.0,0.0,0,"{""0"": 9901, ""1"": 9743, ""2"": 11303, ""3"": 9514, ""4"": 11893, ""5"": 7945}",connected
60399,194,20000,0.050000000000000044,0.01987974960356951,-3.285599889536388,0.0,0.0,0,"{""0"": 9913, ""1"": 9756, ""2"": 11327, ""3"": 9518, ""4"": 11926, ""5"": 7959}",connected
60499,196,20000,0.050000000000000044,0.018108344580978156,-3.5410998889384793,0.0,0.0,0,"{""0"": 9923, ""1"": 9761, ""2"": 11364, ""3"": 9530, ""4"": 11958, ""5"": 7963}",connected
60599,196,20000,0.050000000000000044,0.016710745645686986,-3.5410998889384793,0.0,0.0,0,"{""0"": 9951, ""1"": 9766, ""2"": 11398, ""3"": 9539, ""4"": 11967, ""5"": 7978}",connected
60699,196,20000,0.050000000000000044,0.01756250875070691,-3.5410998889384793,0.0,0.0,0,"{""0"": 9974, ""1"": 9768, ""2"": 11429, ""3"": 9540, ""4"": 11984, ""5"": 8004}",connected
60799,196,20000,0.050000000000000044,0.01667201320640743,-3.5410998889384793,0.0,0.0,0,"{""0"": 10005, ""1"": 9773, ""2"": 11459, ""3"": 9554, ""4"": 11999, ""5"": 8009}",connected
60899,196,20000,0.050000000000000044,0.015118398531340062,-3.5410998889384793,0.0,0.0,0,"{""0"": 10025, ""1"": 9789, ""2"": 11494, ""3"": 9559, ""4"": 12009, ""5"": 8023}",connected
60999,196,20000,0.050000000000000044,0.014629095615819097,-3.5410998889384793,0.0,0.0,0,"{""0"": 10037, ""1"": 9797, ""2"": 11512, ""3"": 9578, ""4"": 12021, ""5"": 8054}",connected
61099,196,20000,0.050000000000000044,0.015986744407564403,-3.5410998889384793,0.0,0.0,0,"{""0"": 10064, ""1"": 9800, ""2"": 11542, ""3"": 9589, ""4"": 12038, ""5"": 8066}",connected
61199,198,20000,0.050000000000000044,0.017358957519754768,-3.576499891867861,0.0,0.0,0,"{""0"": 10094, ""1"": 9809, ""2"": 11574, ""3"": 9596, ""4"": 12057, ""5"": 8069}",connected
61299,198,20000,0.050000000000000044,0.01893501988146454,-3.576499891867861,0.0,0.0,0,"{""0"": 10125, ""1"": 9816, ""2"": 11593, ""3"": 9604, ""4"": 12075, ""5"": 8086}",connected
61399,198,20000,0.050000000000000044,0.020440170369111003,-3.576499891867861,0.0,0.0,0,"{""0"": 10133, ""1"": 9833, ""2"": 11603, ""3"": 9625, ""4"": 12109, ""5"": 8096}",connected
61499,198,20000,0.050000000000000044,0.018813986587338148,-3.576499891867861,0.0,0.0,0,"{""0"": 10148, ""1"": 9852, ""2"": 11623, ""3"": 9661, ""4"": 12116, ""5"": 8099}",connected
61599,200,20000,0.050000000000000044,0.018203023695386945,-3.4284198963828385,0.0,0.0,0,"{""0"": 10160, ""1"": 9856, ""2"": 11647, ""3"": 9665, ""4"": 12162, ""5"": 8109}",connected
61699,200,20000,0.050000000000000044,0.017198757505975663,-3.4284198963828385,0.0,0.0,0,"{""0"": 10179, ""1"": 9864, ""2"": 11671, ""3"": 9675, ""4"": 12173, ""5"": 8137}",connected
61799,200,20000,0.050000000000000044,0.015346365915611386,-3.4284198963828385,0.0,0.0,0,"{""0"": 10186, ""1"": 9877, ""2"": 11680, ""3"": 9689, ""4"": 12197, ""5"": 8170}",connected
61899,200,20000,0.050000000000000044,0.01562581917271018,-3.4284198963828385,0.0,0.0,0,"{""0"": 10203, ""1"": 9900, ""2"": 11693, ""3"": 9702, ""4"": 12213, ""5"": 8188}",connected
61999,200,20000,0.050000000000000044,0.01532389529980719,-3.4284198963828385,0.0,0.0,0,"{""0"": 10218, ""1"": 9925, ""2"": 11710, ""3"": 9714, ""4"": 12230, ""5"": 8202}",connected
62099,200,20000,0.050000000000000044,0.018016486670821907,-3.4284198963828385,0.0,0.0,0,"{""0"": 10260, ""1"": 9929, ""2"": 11710, ""3"": 9714, ""4"": 12273, ""5"": 8213}",connected
62199,200,20000,0.050000000000000044,0.019682370806112886,-3.4284198963828385,0.0,0.0,0,"{""0"": 10274, ""1"": 9954, ""2"": 11714, ""3"": 9727, ""4"": 12304, ""5"": 8226}",connected
62299,202,20000,0.050000000000000044,0.01917496438138187,-3.3678998953849075,0.0,0.0,0,"{""0"": 10278, ""1"": 9970, ""2"": 11723, ""3"": 9731, ""4"": 12337, ""5"": 8260}",connected
62399,202,20000,0.050000000000000044,0.01935980632901192,-3.3678998953849075,0.0,0.0,0,"{""0"": 10284, ""1"": 9986, ""2"": 11742, ""3"": 9752, ""4"": 12370, ""5"": 8265}",connected
62499,202,20000,0.050000000000000044,0.016663497034460305,-3.3678998953849075,0.0,0.0,0,"{""0"": 10286, ""1"": 9990, ""2"": 11777, ""3"": 9761, ""4"": 12385, ""5"": 8300}",connected
62599,202,20000,0.050000000000000044,0.015373656107112766,-3.3678998953849075,0.0,0.0,0,"{""0"": 10290, ""1"": 10004, ""2"": 11805, ""3"": 9766, ""4"": 12396, ""5"": 8338}",connected
62699,202,20000,0.050000000000000044,0.015077973119914531,-3.3678998953849075,0.0,0.0,0,"{""0"": 10290, ""1"": 10017, ""2"": 11839, ""3"": 9782, ""4"": 12415, ""5"": 8356}",connected
62799,202,20000,0.050000000000000044,0.014864090266637504,-3.3678998953849075,0.0,0.0,0,"{""0"": 10296, ""1"": 10022, ""2"": 11857, ""3"": 9827, ""4"": 12440, ""5"": 8357}",connected
62899,202,20000,0.050000000000000044,0.01474096971563995,-3.3678998953849075,0.0,0.0,0,"{""0"": 10298, ""1"": 10062, ""2"": 11861, ""3"": 9835, ""4"": 12477, ""5"": 8366}",connected
62999,204,20000,0.050000000000000044,0.013365398268215358,-3.3648898977926,0.0,0.0,0,"{""0"": 10309, ""1"": 10098, ""2"": 11874, ""3"": 9837, ""4"": 12509, ""5"": 8372}",connected
63099,204,20000,0.050000000000000044,0.01506666864734143,-3.3648898977926,0.0,0.0,0,"{""0"": 10320, ""1"": 10109, ""2"": 11906, ""3"": 9841, ""4"": 12549, ""5"": 8374}",connected
63199,204,20000,0.050000000000000044,0.01654044178314507,-3.3648898977926,0.0,0.0,0,"{""0"": 10336, ""1"": 10132, ""2"": 11935, ""3"": 9846, ""4"": 12560, ""5"": 8390}",connected
63299,206,20000,0.050000000000000044,0.017297999425791202,-3.2446699039265514,0.0,0.0,0,"{""0"": 10356, ""1"": 10141, ""2"": 11952, ""3"": 9859, ""4"": 12583, ""5"": 8408}",connected
63399,206,20000,0.050000000000000044,0.01898825685493648,-3.2446699039265514,0.0,0.0,0,"{""0"": 10375, ""1"": 10158, ""2"": 11974, ""3"": 9869, ""4"": 12595, ""5"": 8428}",connected
63499,206,20000,0.050000000000000044,0.017330223033204674,-3.2446699039265514,0.0,0.0,0,"{""0"": 10390, ""1"": 10159, ""2"": 11990, ""3"": 9871, ""4"": 12634, ""5"": 8455}",connected
63599,206,20000,0.050000000000000044,0.015812059328891338,-3.2446699039265514,0.0,0.0,0,"{""0"": 10431, ""1"": 10165, ""2"": 12018, ""3"": 9880, ""4"": 12645, ""5"": 8460}",connected
63699,206,20000,0.050000000000000044,0.015496242316439748,-3.2446699039265514,0.0,0.0,0,"{""0"": 10457, ""1"": 10173, ""2"": 12075, ""3"": 9884, ""4"": 12648, ""5"": 8462}",connected
63799,206,20000,0.050000000000000044,0.014035353986546397,-3.2446699039265514,0.0,0.0,0,"{""0"": 10475, ""1"": 10187, ""2"": 12099, ""3"": 9908, ""4"": 12662, ""5"": 8468}",connected
63899,206,20000,0.050000000000000044,0.013278049719519913,-3.2446699039265514,0.0,0.0,0,"{""0"": 10482, ""1"": 10198, ""2"": 12121, ""3"": 9915, ""4"": 12679, ""5"": 8504}",connected
63999,208,20000,0.050000000000000044,0.013909547156654298,-3.385709902574308,0.0,0.0,0,"{""0"": 10497, ""1"": 10211, ""2"": 12133, ""3"": 9918, ""4"": 12710, ""5"": 8530}",connected
64099,208,20000,0.050000000000000044,0.015669750655069946,-3.385709902574308,0.0,0.0,0,"{""0"": 10512, ""1"": 10213, ""2"": 12172, ""3"": 9923, ""4"": 12726, ""5"": 8553}",connected
64199,208,20000,0.050000000000000044,0.0174190678820014,-3.385709902574308,0.0,0.0,0,"{""0"": 10539, ""1"": 10215, ""2"": 12188, ""3"": 9934, ""4"": 12738, ""5"": 8585}",connected
64299,208,20000,0.050000000000000044,0.01967907585669309,-3.385709902574308,0.0,0.0,0,"{""0"": 10566, ""1"": 10222, ""2"": 12199, ""3"": 9950, ""4"": 12748, ""5"": 8614}",connected
64399,208,20000,0.050000000000000044,0.019782650442793967,-3.385709902574308,0.0,0.0,0,"{""0"": 10571, ""1"": 10230, ""2"": 12214, ""3"": 9971, ""4"": 12791, ""5"": 8622}",connected
64499,208,20000,0.050000000000000044,0.017682926366105675,-3.385709902574308,0.0,0.0,0,"{""0"": 10582, ""1"": 10247, ""2"": 12236, ""3"": 9985, ""4"": 12816, ""5"": 8633}",connected
64599,208,20000,0.050000000000000044,0.016141849970445037,-3.385709902574308,0.0,0.0,0,"{""0"": 10588, ""1"": 10259, ""2"": 12279, ""3"": 10011, ""4"": 12823, ""5"": 8639}",connected
64699,210,20000,0.050000000000000044,0.014948881552554668,-3.4141499073849992,0.0,0.0,0,"{""0"": 10603, ""1"": 10289, ""2"": 12293, ""3"": 10017, ""4"": 12847, ""5"": 8650}",connected
64799,210,20000,0.050000000000000044,0.014577511041425168,-3.4141499073849992,0.0,0.0,0,"{""0"": 10608, ""1"": 10299, ""2"": 12302, ""3"": 10047, ""4"": 12873, ""5"": 8670}",connected
64899,212,20000,0.050000000000000044,0.013845894122496247,-3.2584999129734933,0.0,0.0,0,"{""0"": 10624, ""1"": 10310, ""2"": 12331, ""3"": 10053, ""4"": 12902, ""5"": 8679}",connected
64999,212,20000,0.050000000000000044,0.014725966798141598,-3.2584999129734933,0.0,0.0,0,"{""0"": 10647, ""1"": 10322, ""2"": 12362, ""3"": 10068, ""4"": 12917, ""5"": 8683}",connected
65099,212,20000,0.050000000000000044,0.01639785310719162,-3.2584999129734933,0.0,0.0,0,"{""0"": 10666, ""1"": 10332, ""2"": 12374, ""3"": 10087, ""4"": 12939, ""5"": 8701}",connected
65199,212,20000,0.050000000000000044,0.017065862384624778,-3.2584999129734933,0.0,0.0,0,"{""0"": 10667, ""1"": 10366, ""2"": 12404, ""3"": 10103, ""4"": 12954, ""5"": 8705}",connected
65299,214,20000,0.050000000000000044,0.017923286501318216,-3.171609915276058,0.0,0.0,0,"{""0"": 10686, ""1"": 10377, ""2"": 12424, ""3"": 10109, ""4"": 12983, ""5"": 8720}",connected
65399,214,20000,0.050000000000000044,0.01844718648120761,-3.171609915276058,0.0,0.0,0,"{""0"": 10696, ""1"": 10391, ""2"": 12428, ""3"": 10130, ""4"": 13010, ""5"": 8744}",connected
65499,214,20000,0.050000000000000044,0.016510295988991855,-3.171609915276058,0.0,0.0,0,"{""0"": 10707, ""1"": 10396, ""2"": 12441, ""3"": 10152, ""4"": 13036, ""5"": 8767}",connected
65599,214,20000,0.050000000000000044,0.01610776884946972,-3.171609915276058,0.0,0.0,0,"{""0"": 10720, ""1"": 10412, ""2"": 12452, ""3"": 10176, ""4"": 13050, ""5"": 8789}",connected
65699,216,20000,0.050000000000000044,0.016276845703832806,-3.0268899190612135,0.0,0.0,0,"{""0"": 10726, ""1"": 10414, ""2"": 12479, ""3"": 10191, ""4"": 13095, ""5"": 8794}",connected
65799,216,20000,0.050000000000000044,0.014891382195055486,-3.0268899190612135,0.0,0.0,0,"{""0"": 10732, ""1"": 10441, ""2"": 12501, ""3"": 10203, ""4"": 13105, ""5"": 8817}",connected
65899,216,20000,0.050000000000000044,0.014437491642311215,-3.0268899190612135,0.0,0.0,0,"{""0"": 10752, ""1"": 10462, ""2"": 12519, ""3"": 10215, ""4"": 13115, ""5"": 8836}",connected
65999,218,20000,0.050000000000000044,0.014087348324246705,-3.019369918964803,0.0,0.0,0,"{""0"": 10773, ""1"": 10483, ""2"": 12545, ""3"": 10219, ""4"": 13132, ""5"": 8847}",connected
66099,220,20000,0.050000000000000044,0.015093277902342378,-2.9462699231132863,0.0,0.0,0,"{""0"": 10785, ""1"": 10499, ""2"": 12555, ""3"": 10244, ""4"": 13153, ""5"": 8863}",connected
66199,220,20000,0.050000000000000044,0.016890511261299253,-2.9462699231132863,0.0,0.0,0,"{""0"": 10797, ""1"": 10511, ""2"": 12584, ""3"": 10258, ""4"": 13183, ""5"": 8866}",connected
66299,220,20000,0.050000000000000044,0.017340309834107757,-2.9462699231132863,0.0,0.0,0,"{""0"": 10800, ""1"": 10542, ""2"": 12596, ""3"": 10266, ""4"": 13208, ""5"": 8887}",connected
66399,220,20000,0.050000000000000044,0.017171482145786284,-2.9462699231132863,0.0,0.0,0,"{""0"": 10808, ""1"": 10548, ""2"": 12637, ""3"": 10278, ""4"": 13215, ""5"": 8913}",connected
66499,220,20000,0.050000000000000044,0.015755828386172652,-2.9462699231132863,0.0,0.0,0,"{""0"": 10824, ""1"": 10560, ""2"": 12647, ""3"": 10298, ""4"": 13232, ""5"": 8938}",connected
66599,220,20000,0.050000000000000044,0.014290819270536303,-2.9462699231132863,0.0,0.0,0,"{""0"": 10870, ""1"": 10564, ""2"": 12658, ""3"": 10316, ""4"": 13246, ""5"": 8945}",connected
66699,220,20000,0.050000000000000044,0.014221238056197762,-2.9462699231132863,0.0,0.0,0,"{""0"": 10889, ""1"": 10578, ""2"": 12674, ""3"": 10337, ""4"": 13262, ""5"": 8959}",connected
66799,220,20000,0.050000000000000044,0.01360418448690325,-2.9462699231132863,0.0,0.0,0,"{""0"": 10901, ""1"": 10584, ""2"": 12710, ""3"": 10357, ""4"": 13276, ""5"": 8971}",connected
66899,222,20000,0.050000000000000044,0.0129381846729666,-2.9541099242912607,0.0,0.0,0,"{""0"": 10912, ""1"": 10594, ""2"": 12750, ""3"": 10357, ""4"": 13304, ""5"": 8982}",connected
66999,222,20000,0.050000000000000044,0.013871377436444163,-2.9541099242912607,0.0,0.0,0,"{""0"": 10917, ""1"": 10602, ""2"": 12765, ""3"": 10394, ""4"": 13330, ""5"": 8991}",connected
67099,222,20000,0.050000000000000044,0.015300467256456613,-2.9541099242912607,0.0,0.0,0,"{""0"": 10931, ""1"": 10623, ""2"": 12783, ""3"": 10405, ""4"": 13352, ""5"": 9005}",connected
67199,224,20000,0.050000000000000044,0.01607326796744019,-2.777919929763302,0.0,0.0,0,"{""0"": 10945, ""1"": 10633, ""2"": 12805, ""3"": 10407, ""4"": 13388, ""5"": 9021}",connected
67299,224,20000,0.050000000000000044,0.01728523962199688,-2.777919929763302,0.0,0.0,0,"{""0"": 10980, ""1"": 10641, ""2"": 12813, ""3"": 10430, ""4"": 13399, ""5"": 9036}",connected
67399,224,20000,0.050000000000000044,0.01664604026824236,-2.777919929763302,0.0,0.0,0,"{""0"": 11008, ""1"": 10649, ""2"": 12827, ""3"": 10449, ""4"": 13410, ""5"": 9056}",connected
67499,226,20000,0.050000000000000044,0.014918244816362858,-2.643719932446256,0.0,0.0,0,"{""0"": 11031, ""1"": 10656, ""2"": 12859, ""3"": 10460, ""4"": 13435, ""5"": 9058}",connected
67599,226,20000,0.050000000000000044,0.0144298603432253,-2.643719932446256,0.0,0.0,0,"{""0"": 11048, ""1"": 10670, ""2"": 12881, ""3"": 10474, ""4"": 13460, ""5"": 9066}",connected
67699,226,20000,0.050000000000000044,0.013874337947927416,-2.643719932446256,0.0,0.0,0,"{""0"": 11058, ""1"": 10685, ""2"": 12904, ""3"": 10484, ""4"": 13482, ""5"": 9086}",connected
67799,226,20000,0.050000000000000044,0.01340312027838081,-2.643719932446256,0.0,0.0,0,"{""0"": 11063, ""1"": 10697, ""2"": 12938, ""3"": 10491, ""4"": 13507, ""5"": 9103}",connected
67899,228,20000,0.050000000000000044,0.012846674732863904,-2.663809930542484,0.0,0.0,0,"{""0"": 11073, ""1"": 10704, ""2"": 12962, ""3"": 10507, ""4"": 13542, ""5"": 9111}",connected
67999,228,20000,0.050000000000000044,0.012583286175504327,-2.663809930542484,0.0,0.0,0,"{""0"": 11108, ""1"": 10714, ""2"": 12968, ""3"": 10538, ""4"": 13551, ""5"": 9120}",connected
68099,228,20000,0.050000000000000044,0.0148731969576329,-2.663809930542484,0.0,0.0,0,"{""0"": 11137, ""1"": 10741, ""2"": 12971, ""3"": 10563, ""4"": 13555, ""5"": 9132}",connected
68199,228,20000,0.050000000000000044,0.017397145703434945,-2.663809930542484,0.0,0.0,0,"{""0"": 11158, ""1"": 10760, ""2"": 12989, ""3"": 10580, ""4"": 13575, ""5"": 9137}",connected
68299,228,20000,0.050000000000000044,0.01786257408093661,-2.663809930542484,0.0,0.0,0,"{""0"": 11174, ""1"": 10777, ""2"": 13004, ""3"": 10602, ""4"": 13594, ""5"": 9148}",connected
68399,228,20000,0.050000000000000044,0.019003798658959566,-2.663809930542484,0.0,0.0,0,"{""0"": 11188, ""1"": 10781, ""2"": 13026, ""3"": 10630, ""4"": 13598, ""5"": 9176}",connected
68499,228,20000,0.050000000000000044,0.017891437988728286,-2.663809930542484,0.0,0.0,0,"{""0"": 11203, ""1"": 10787, ""2"": 13052, ""3"": 10647, ""4"": 13612, ""5"": 9198}",connected
68599,230,20000,0.050000000000000044,0.016191702969372272,-2.6982199347857385,0.0,0.0,0,"{""0"": 11230, ""1"": 10796, ""2"": 13077, ""3"": 10654, ""4"": 13635, ""5"": 9207}",connected
68699,230,20000,0.050000000000000044,0.016567001128569247,-2.6982199347857385,0.0,0.0,0,"{""0"": 11239, ""1"": 10808, ""2"": 13096, ""3"": 10679, ""4"": 13656, ""5"": 9221}",connected
68799,230,20000,0.050000000000000044,0.01620264007244259,-2.6982199347857385,0.0,0.0,0,"{""0"": 11248, ""1"": 10824, ""2"": 13110, ""3"": 10695, ""4"": 13694, ""5"": 9228}",connected
68899,230,20000,0.050000000000000044,0.015026326021179558,-2.6982199347857385,0.0,0.0,0,"{""0"": 11248, ""1"": 10824, ""2"": 13110, ""3"": 10701, ""4"": 13788, ""5"": 9228}",connected
68999,230,20000,0.050000000000000044,0.014781236271373928,-2.6982199347857385,0.0,0.0,0,"{""0"": 11254, ""1"": 10851, ""2"": 13127, ""3"": 10723, ""4"": 13800, ""5"": 9244}",connected
69099,230,20000,0.050000000000000044,0.015041081216186285,-2.6982199347857385,0.0,0.0,0,"{""0"": 11257, ""1"": 10885, ""2"": 13131, ""3"": 10746, ""4"": 13811, ""5"": 9269}",connected
69199,230,20000,0.050000000000000044,0.015071909418329596,-2.6982199347857385,0.0,0.0,0,"{""0"": 11261, ""1"": 10928, ""2"": 13131, ""3"": 10746, ""4"": 13848, ""5"": 9285}",connected
69299,232,20000,0.050000000000000044,0.01587784490548074,-2.6621299388445916,0.0,0.0,0,"{""0"": 11311, ""1"": 10950, ""2"": 13131, ""3"": 10746, ""4"": 13876, ""5"": 9285}",connected
69399,232,20000,0.050000000000000044,0.016358720711432396,-2.6621299388445916,0.0,0.0,0,"{""0"": 11327, ""1"": 10959, ""2"": 13152, ""3"": 10752, ""4"": 13907, ""5"": 9302}",connected
69499,232,20000,0.050000000000000044,0.01632227448746562,-2.6621299388445916,0.0,0.0,0,"{""0"": 11365, ""1"": 10974, ""2"": 13169, ""3"": 10766, ""4"": 13921, ""5"": 9304}",connected
69599,232,20000,0.050000000000000044,0.01624658068176359,-2.6621299388445916,0.0,0.0,0,"{""0"": 11465, ""1"": 10974, ""2"": 13169, ""3"": 10766, ""4"": 13921, ""5"": 9304}",connected
69699,232,20000,0.050000000000000044,0.014750242768786847,-2.6621299388445916,0.0,0.0,0,"{""0"": 11565, ""1"": 10974, ""2"": 13169, ""3"": 10766, ""4"": 13921, ""5"": 9304}",connected
69799,232,20000,0.050000000000000044,0.014728133664466441,-2.6621299388445916,0.0,0.0,0,"{""0"": 11665, ""1"": 10974, ""2"": 13169, ""3"": 10766, ""4"": 13921, ""5"": 9304}",connected
69899,232,20000,0.050000000000000044,0.01360231856815517,-2.6621299388445916,0.0,0.0,0,"{""0"": 11765, ""1"": 10974, ""2"": 13169, ""3"": 10766, ""4"": 13921, ""5"": 9304}",connected
69999,234,20000,0.050000000000000044,0.012854644674807786,-2.6441899410029874,0.0,0.0,0,"{""0"": 11865, ""1"": 10974, ""2"": 13169, ""3"": 10766, ""4"": 13921, ""5"": 9304}",connected
70099,234,20000,0.050000000000000044,0.01506146352738142,-2.6441899410029874,0.0,0.0,0,"{""0"": 11965, ""1"": 10974, ""2"": 13169, ""3"": 10766, ""4"": 13921, ""5"": 9304}",connected
70199,234,20000,0.050000000000000044,0.014189907424151897,-2.6441899410029874,0.0,0.0,0,"{""0"": 12065, ""1"": 10974, ""2"": 13169, ""3"": 10766, ""4"": 13921, ""5"": 9304}",connected
70299,234,20000,0.050000000000000044,0.014813088369555772,-2.6441899410029874,0.0,0.0,0,"{""0"": 12165, ""1"": 10974, ""2"": 13169, ""3"": 10766, ""4"": 13921, ""5"": 9304}",connected
70399,234,20000,0.050000000000000044,0.015080568846315145,-2.6441899410029874,0.0,0.0,0,"{""0"": 12173, ""1"": 10979, ""2"": 13211, ""3"": 10766, ""4"": 13966, ""5"": 9304}",connected
70499,234,20000,0.050000000000000044,0.013537021982483567,-2.6441899410029874,0.0,0.0,0,"{""0"": 12196, ""1"": 10983, ""2"": 13228, ""3"": 10794, ""4"": 13979, ""5"": 9319}",connected
70599,234,20000,0.050000000000000044,0.013720894479192794,-2.6441899410029874,0.0,0.0,0,"{""0"": 12196, ""1"": 10983, ""2"": 13228, ""3"": 10894, ""4"": 13979, ""5"": 9319}",connected
70699,236,20000,0.050000000000000044,0.013862380147911609,-2.652219945169054,0.0,0.0,0,"{""0"": 12267, ""1"": 10983, ""2"": 13228, ""3"": 10923, ""4"": 13979, ""5"": 9319}",connected
70799,236,20000,0.050000000000000044,0.013525114231742918,-2.652219945169054,0.0,0.0,0,"{""0"": 12367, ""1"": 10983, ""2"": 13228, ""3"": 10923, ""4"": 13979, ""5"": 9319}",connected
70899,236,20000,0.050000000000000044,0.013508013486862182,-2.652219945169054,0.0,0.0,0,"{""0"": 12467, ""1"": 10983, ""2"": 13228, ""3"": 10923, ""4"": 13979, ""5"": 9319}",connected
70999,236,20000,0.050000000000000044,0.01408280418254435,-2.652219945169054,0.0,0.0,0,"{""0"": 12536, ""1"": 10983, ""2"": 13228, ""3"": 10924, ""4"": 14009, ""5"": 9319}",connected
71099,236,20000,0.050000000000000044,0.014865227499976754,-2.652219945169054,0.0,0.0,0,"{""0"": 12541, ""1"": 11002, ""2"": 13245, ""3"": 10928, ""4"": 14055, ""5"": 9328}",connected
71199,236,20000,0.050000000000000044,0.016595135712996124,-2.652219945169054,0.0,0.0,0,"{""0"": 12548, ""1"": 11015, ""2"": 13275, ""3"": 10934, ""4"": 14080, ""5"": 9347}",connected
71299,236,20000,0.050000000000000044,0.01708597030490637,-2.652219945169054,0.0,0.0,0,"{""0"": 12561, ""1"": 11017, ""2"": 13311, ""3"": 10973, ""4"": 14090, ""5"": 9347}",connected
71399,238,20000,0.050000000000000044,0.016739395940676333,-2.648019946250133,0.0,0.0,0,"{""0"": 12563, ""1"": 11033, ""2"": 13337, ""3"": 10978, ""4"": 14133, ""5"": 9355}",connected
71499,238,20000,0.050000000000000044,0.01585992901585996,-2.648019946250133,0.0,0.0,0,"{""0"": 12566, ""1"": 11038, ""2"": 13339, ""3"": 11020, ""4"": 14175, ""5"": 9361}",connected
71599,238,20000,0.050000000000000044,0.015149974822998047,-2.648019946250133,0.0,0.0,0,"{""0"": 12566, ""1"": 11038, ""2"": 13339, ""3"": 11070, ""4"": 14225, ""5"": 9361}",connected
71699,238,20000,0.050000000000000044,0.015762027809396385,-2.648019946250133,0.0,0.0,0,"{""0"": 12566, ""1"": 11038, ""2"": 13339, ""3"": 11120, ""4"": 14275, ""5"": 9361}",connected
71799,238,20000,0.050000000000000044,0.01520345464348793,-2.648019946250133,0.0,0.0,0,"{""0"": 12566, ""1"": 11038, ""2"": 13339, ""3"": 11170, ""4"": 14325, ""5"": 9361}",connected
71899,238,20000,0.050000000000000044,0.014622041154652834,-2.648019946250133,0.0,0.0,0,"{""0"": 12566, ""1"": 11038, ""2"": 13339, ""3"": 11220, ""4"": 14375, ""5"": 9361}",connected
71999,239,20000,0.050000000000000044,0.013358673169277609,-2.614639946036041,0.0,0.0,0,"{""0"": 12566, ""1"": 11038, ""2"": 13339, ""3"": 11270, ""4"": 14425, ""5"": 9361}",connected
72099,240,20000,0.050000000000000044,0.013311172961257398,-2.6069699481036515,0.0,0.0,0,"{""0"": 12599, ""1"": 11049, ""2"": 13352, ""3"": 11273, ""4"": 14459, ""5"": 9367}",connected
72199,240,20000,0.050000000000000044,0.01380143363494426,-2.6069699481036515,0.0,0.0,0,"{""0"": 12609, ""1"": 11065, ""2"": 13401, ""3"": 11275, ""4"": 14473, ""5"": 9376}",connected
72299,240,20000,0.050000000000000044,0.013987758536823094,-2.6069699481036515,0.0,0.0,0,"{""0"": 12659, ""1"": 11065, ""2"": 13451, ""3"": 11275, ""4"": 14473, ""5"": 9376}",connected
72399,240,20000,0.050000000000000044,0.01450196897611022,-2.6069699481036515,0.0,0.0,0,"{""0"": 12709, ""1"": 11065, ""2"": 13501, ""3"": 11275, ""4"": 14473, ""5"": 9376}",connected
72499,240,20000,0.050000000000000044,0.01348998887464404,-2.6069699481036515,0.0,0.0,0,"{""0"": 12759, ""1"": 11065, ""2"": 13551, ""3"": 11275, ""4"": 14473, ""5"": 9376}",connected
72599,240,20000,0.050000000000000044,0.013472640947438776,-2.6069699481036515,0.0,0.0,0,"{""0"": 12768, ""1"": 11083, ""2"": 13573, ""3"": 11298, ""4"": 14491, ""5"": 9386}",connected
72699,242,20000,0.050000000000000044,0.014008911103010177,-2.466559946523048,0.0,0.0,0,"{""0"": 12775, ""1"": 11113, ""2"": 13593, ""3"": 11310, ""4"": 14513, ""5"": 9395}",connected
72799,242,20000,0.050000000000000044,0.014113400056958198,-2.466559946523048,0.0,0.0,0,"{""0"": 12782, ""1"": 11129, ""2"": 13610, ""3"": 11347, ""4"": 14531, ""5"": 9400}",connected
72899,242,20000,0.050000000000000044,0.013758893911726773,-2.466559946523048,0.0,0.0,0,"{""0"": 12784, ""1"": 11141, ""2"": 13642, ""3"": 11371, ""4"": 14540, ""5"": 9421}",connected
72999,242,20000,0.050000000000000044,0.012878501932136714,-2.466559946523048,0.0,0.0,0,"{""0"": 12802, ""1"": 11159, ""2"": 13663, ""3"": 11391, ""4"": 14549, ""5"": 9435}",connected
73099,242,20000,0.050000000000000044,0.013688318715430796,-2.466559946523048,0.0,0.0,0,"{""0"": 12810, ""1"": 11173, ""2"": 13681, ""3"": 11408, ""4"": 14582, ""5"": 9445}",connected
73199,242,20000,0.050000000000000044,0.013998847068287433,-2.466559946523048,0.0,0.0,0,"{""0"": 12827, ""1"": 11181, ""2"": 13692, ""3"": 11436, ""4"": 14609, ""5"": 9454}",connected
73299,244,20000,0.050000000000000044,0.01481790584512055,-2.5196699473401534,0.0,0.0,0,"{""0"": 12842, ""1"": 11213, ""2"": 13707, ""3"": 11448, ""4"": 14632, ""5"": 9457}",connected
73399,244,20000,0.050000000000000044,0.016130815311335027,-2.5196699473401534,0.0,0.0,0,"{""0"": 12862, ""1"": 11220, ""2"": 13715, ""3"": 11462, ""4"": 14663, ""5"": 9477}",connected
73499,244,20000,0.050000000000000044,0.01536363155581057,-2.5196699473401534,0.0,0.0,0,"{""0"": 12869, ""1"": 11236, ""2"": 13744, ""3"": 11485, ""4"": 14678, ""5"": 9487}",connected
73599,244,20000,0.050000000000000044,0.014423751728609205,-2.5196699473401534,0.0,0.0,0,"{""0"": 12873, ""1"": 11247, ""2"": 13769, ""3"": 11508, ""4"": 14701, ""5"": 9501}",connected
73699,246,20000,0.050000000000000044,0.014631014247424901,-2.4492699468042702,0.0,0.0,0,"{""0"": 12881, ""1"": 11269, ""2"": 13800, ""3"": 11518, ""4"": 14722, ""5"": 9509}",connected
73799,246,20000,0.050000000000000044,0.013979193470440805,-2.4492699468042702,0.0,0.0,0,"{""0"": 12889, ""1"": 11279, ""2"": 13825, ""3"": 11527, ""4"": 14754, ""5"": 9525}",connected
73899,246,20000,0.050000000000000044,0.013733313092961908,-2.4492699468042702,0.0,0.0,0,"{""0"": 12893, ""1"": 11287, ""2"": 13848, ""3"": 11535, ""4"": 14792, ""5"": 9544}",connected
73999,246,20000,0.050000000000000044,0.013946365406736732,-2.4492699468042702,0.0,0.0,0,"{""0"": 12914, ""1"": 11310, ""2"": 13869, ""3"": 11546, ""4"": 14807, ""5"": 9553}",connected
74099,246,20000,0.050000000000000044,0.014502434167079628,-2.4492699468042702,0.0,0.0,0,"{""0"": 12946, ""1"": 11328, ""2"": 13884, ""3"": 11561, ""4"": 14825, ""5"": 9555}",connected
74199,248,20000,0.050000000000000044,0.014727175147272646,-2.37898994626943,0.0,0.0,0,"{""0"": 12960, ""1"": 11347, ""2"": 13909, ""3"": 11568, ""4"": 14850, ""5"": 9565}",connected
74299,248,20000,0.050000000000000044,0.01481325102970004,-2.37898994626943,0.0,0.0,0,"{""0"": 12960, ""1"": 11347, ""2"": 13959, ""3"": 11568, ""4"": 14900, ""5"": 9565}",connected
74399,248,20000,0.050000000000000044,0.01636398787610233,-2.37898994626943,0.0,0.0,0,"{""0"": 12960, ""1"": 11347, ""2"": 14009, ""3"": 11568, ""4"": 14950, ""5"": 9565}",connected
74499,248,20000,0.050000000000000044,0.016061449055559934,-2.37898994626943,0.0,0.0,0,"{""0"": 12960, ""1"": 11347, ""2"": 14059, ""3"": 11568, ""4"": 15000, ""5"": 9565}",connected
74599,248,20000,0.050000000000000044,0.0164299977151677,-2.37898994626943,0.0,0.0,0,"{""0"": 12960, ""1"": 11347, ""2"": 14109, ""3"": 11568, ""4"": 15050, ""5"": 9565}",connected
74699,248,20000,0.050000000000000044,0.015660637109540403,-2.37898994626943,0.0,0.0,0,"{""0"": 12960, ""1"": 11347, ""2"": 14159, ""3"": 11568, ""4"": 15100, ""5"": 9565}",connected
74799,248,20000,0.050000000000000044,0.014187885038554669,-2.37898994626943,0.0,0.0,0,"{""0"": 12960, ""1"": 11347, ""2"": 14209, ""3"": 11568, ""4"": 15150, ""5"": 9565}",connected
74899,250,20000,0.050000000000000044,0.013261315179988742,-2.296209951136261,0.0,0.0,0,"{""0"": 12972, ""1"": 11357, ""2"": 14238, ""3"": 11568, ""4"": 15199, ""5"": 9565}",connected
74999,250,20000,0.050000000000000044,0.012650730242021381,-2.296209951136261,0.0,0.0,0,"{""0"": 13014, ""1"": 11362, ""2"": 14249, ""3"": 11568, ""4"": 15241, ""5"": 9565}",connected
75099,250,20000,0.050000000000000044,0.013463966953568161,-2.296209951136261,0.0,0.0,0,"{""0"": 13064, ""1"": 11362, ""2"": 14249, ""3"": 11568, ""4"": 15291, ""5"": 9565}",connected
75199,250,20000,0.050000000000000044,0.014107612799853087,-2.296209951136261,0.0,0.0,0,"{""0"": 13114, ""1"": 11362, ""2"": 14249, ""3"": 11568, ""4"": 15341, ""5"": 9565}",connected
75299,250,20000,0.050000000000000044,0.014123992607928813,-2.296209951136261,0.0,0.0,0,"{""0"": 13164, ""1"": 11362, ""2"": 14249, ""3"": 11568, ""4"": 15391, ""5"": 9565}",connected
75399,250,20000,0.050000000000000044,0.0139316181326285,-2.296209951136261,0.0,0.0,0,"{""0"": 13214, ""1"": 11362, ""2"": 14249, ""3"": 11568, ""4"": 15441, ""5"": 9565}",connected
75499,250,20000,0.050000000000000044,0.013250470594502985,-2.296209951136261,0.0,0.0,0,"{""0"": 13264, ""1"": 11362, ""2"": 14249, ""3"": 11568, ""4"": 15491, ""5"": 9565}",connected
75599,252,20000,0.050000000000000044,0.014007915831170977,-2.2945399513840674,0.0,0.0,0,"{""0"": 13360, ""1"": 11362, ""2"": 14249, ""3"": 11568, ""4"": 15495, ""5"": 9565}",connected
75699,252,20000,0.050000000000000044,0.013872557054273784,-2.2945399513840674,0.0,0.0,0,"{""0"": 13460, ""1"": 11362, ""2"": 14249, ""3"": 11568, ""4"": 15495, ""5"": 9565}",connected
75799,252,20000,0.050000000000000044,0.01325669134967029,-2.2945399513840674,0.0,0.0,0,"{""0"": 13560, ""1"": 11362, ""2"": 14249, ""3"": 11568, ""4"": 15495, ""5"": 9565}",connected
75899,252,20000,0.050000000000000044,0.012950483118183911,-2.2945399513840674,0.0,0.0,0,"{""0"": 13660, ""1"": 11362, ""2"": 14249, ""3"": 11568, ""4"": 15495, ""5"": 9565}",connected
75999,252,20000,0.050000000000000044,0.010848001316189767,-2.2945399513840674,0.0,0.0,0,"{""0"": 13704, ""1"": 11382, ""2"": 14262, ""3"": 11569, ""4"": 15514, ""5"": 9568}",connected
76099,253,20000,0.050000000000000044,0.011323999096639455,-2.1888899527769534,0.0,0.0,0,"{""0"": 13733, ""1"": 11396, ""2"": 14272, ""3"": 11579, ""4"": 15523, ""5"": 9596}",connected
76199,254,20000,0.050000000000000044,0.01243395334109664,-2.1965899524558337,0.0,0.0,0,"{""0"": 13743, ""1"": 11414, ""2"": 14291, ""3"": 11588, ""4"": 15550, ""5"": 9613}",connected
76299,254,20000,0.050000000000000044,0.012411216842010617,-2.1965899524558337,0.0,0.0,0,"{""0"": 13751, ""1"": 11417, ""2"": 14294, ""3"": 11635, ""4"": 15577, ""5"": 9625}",connected
76399,254,20000,0.050000000000000044,0.013467995654791594,-2.1965899524558337,0.0,0.0,0,"{""0"": 13764, ""1"": 11423, ""2"": 14307, ""3"": 11696, ""4"": 15583, ""5"": 9626}",connected
76499,254,20000,0.050000000000000044,0.0127121562929824,-2.1965899524558337,0.0,0.0,0,"{""0"": 13793, ""1"": 11430, ""2"": 14310, ""3"": 11746, ""4"": 15593, ""5"": 9627}",connected
76599,254,20000,0.050000000000000044,0.012851743162609636,-2.1965899524558337,0.0,0.0,0,"{""0"": 13798, ""1"": 11460, ""2"": 14328, ""3"": 11781, ""4"": 15596, ""5"": 9636}",connected
76699,254,20000,0.050000000000000044,0.012549517350271345,-2.1965899524558337,0.0,0.0,0,"{""0"": 13801, ""1"": 11496, ""2"": 14337, ""3"": 11818, ""4"": 15611, ""5"": 9636}",connected
76799,254,20000,0.050000000000000044,0.013243393660522997,-2.1965899524558337,0.0,0.0,0,"{""0"": 13820, ""1"": 11512, ""2"": 14364, ""3"": 11834, ""4"": 15629, ""5"": 9640}",connected
76899,256,20000,0.050000000000000044,0.012509092008695006,-2.0887899578781797,0.0,0.0,0,"{""0"": 13835, ""1"": 11530, ""2"": 14381, ""3"": 11838, ""4"": 15665, ""5"": 9650}",connected
76999,256,20000,0.050000000000000044,0.010923302401788532,-2.0887899578781797,0.0,0.0,0,"{""0"": 13858, ""1"": 11550, ""2"": 14397, ""3"": 11841, ""4"": 15690, ""5"": 9663}",connected
77099,256,20000,0.050000000000000044,0.012596465493552388,-2.0887899578781797,0.0,0.0,0,"{""0"": 13871, ""1"": 11565, ""2"": 14416, ""3"": 11868, ""4"": 15700, ""5"": 9679}",connected
77199,256,20000,0.050000000000000044,0.013180085606873036,-2.0887899578781797,0.0,0.0,0,"{""0"": 13885, ""1"": 11567, ""2"": 14442, ""3"": 11893, ""4"": 15715, ""5"": 9697}",connected
77299,256,20000,0.050000000000000044,0.01484562768600881,-2.0887899578781797,0.0,0.0,0,"{""0"": 13888, ""1"": 11596, ""2"": 14447, ""3"": 11919, ""4"": 15720, ""5"": 9729}",connected
77399,256,20000,0.050000000000000044,0.016169731225818395,-2.0887899578781797,0.0,0.0,0,"{""0"": 13909, ""1"": 11621, ""2"": 14452, ""3"": 11951, ""4"": 15734, ""5"": 9732}",connected
77499,256,20000,0.050000000000000044,0.015156314447522164,-2.0887899578781797,0.0,0.0,0,"{""0"": 13939, ""1"": 11633, ""2"": 14456, ""3"": 11980, ""4"": 15757, ""5"": 9734}",connected
77599,258,20000,0.050000000000000044,0.014563171681948007,-2.220429955157451,0.0,0.0,0,"{""0"": 13958, ""1"": 11637, ""2"": 14478, ""3"": 11985, ""4"": 15793, ""5"": 9748}",connected
77699,258,20000,0.050000000000000044,0.01373345700558275,-2.220429955157451,0.0,0.0,0,"{""0"": 13970, ""1"": 11663, ""2"": 14497, ""3"": 11991, ""4"": 15803, ""5"": 9775}",connected
77799,258,20000,0.050000000000000044,0.013259442667476832,-2.220429955157451,0.0,0.0,0,"{""0"": 13979, ""1"": 11679, ""2"": 14517, ""3"": 12005, ""4"": 15808, ""5"": 9811}",connected
77899,258,20000,0.050000000000000044,0.01301797474734485,-2.220429955157451,0.0,0.0,0,"{""0"": 13981, ""1"": 11696, ""2"": 14525, ""3"": 12036, ""4"": 15821, ""5"": 9840}",connected
77999,258,20000,0.050000000000000044,0.011717201275750995,-2.220429955157451,0.0,0.0,0,"{""0"": 13983, ""1"": 11717, ""2"": 14546, ""3"": 12070, ""4"": 15836, ""5"": 9847}",connected
78099,258,20000,0.050000000000000044,0.01271065287757665,-2.220429955157451,0.0,0.0,0,"{""0"": 13984, ""1"": 11764, ""2"": 14572, ""3"": 12082, ""4"": 15850, ""5"": 9847}",connected
78199,258,20000,0.050000000000000044,0.01422140309587121,-2.220429955157451,0.0,0.0,0,"{""0"": 13985, ""1"": 11802, ""2"": 14598, ""3"": 12098, ""4"": 15865, ""5"": 9851}",connected
78299,260,20000,0.050000000000000044,0.015266522276215255,-2.1878899531345812,0.0,0.0,0,"{""0"": 13991, ""1"": 11807, ""2"": 14624, ""3"": 12117, ""4"": 15899, ""5"": 9861}",connected
78399,260,20000,0.050000000000000044,0.01595671584829688,-2.1878899531345812,0.0,0.0,0,"{""0"": 14007, ""1"": 11825, ""2"": 14637, ""3"": 12128, ""4"": 15923, ""5"": 9879}",connected
78499,260,20000,0.050000000000000044,0.014930633809417487,-2.1878899531345812,0.0,0.0,0,"{""0"": 14029, ""1"": 11852, ""2"": 14659, ""3"": 12138, ""4"": 15932, ""5"": 9889}",connected
78599,260,20000,0.050000000000000044,0.014522568257525563,-2.1878899531345812,0.0,0.0,0,"{""0"": 14039, ""1"": 11867, ""2"": 14682, ""3"": 12157, ""4"": 15953, ""5"": 9901}",connected
78699,260,20000,0.050000000000000044,0.014170983033254743,-2.1878899531345812,0.0,0.0,0,"{""0"": 14063, ""1"": 11879, ""2"": 14690, ""3"": 12165, ""4"": 15987, ""5"": 9915}",connected
78799,260,20000,0.050000000000000044,0.013895230004563927,-2.1878899531345812,0.0,0.0,0,"{""0"": 14094, ""1"": 11895, ""2"": 14702, ""3"": 12183, ""4"": 15998, ""5"": 9927}",connected
78899,260,20000,0.050000000000000044,0.014557119770906866,-2.1878899531345812,0.0,0.0,0,"{""0"": 14116, ""1"": 11905, ""2"": 14724, ""3"": 12204, ""4"": 16005, ""5"": 9945}",connected
78999,262,20000,0.050000000000000044,0.0135731398826465,-2.194419951029122,0.0,0.0,0,"{""0"": 14130, ""1"": 11920, ""2"": 14736, ""3"": 12215, ""4"": 16034, ""5"": 9964}",connected
79099,262,20000,0.050000000000000044,0.0141288624657318,-2.194419951029122,0.0,0.0,0,"{""0"": 14130, ""1"": 11951, ""2"": 14761, ""3"": 12219, ""4"": 16071, ""5"": 9967}",connected
79199,262,20000,0.050000000000000044,0.015914118331857026,-2.194419951029122,0.0,0.0,0,"{""0"": 14140, ""1"": 11971, ""2"": 14775, ""3"": 12233, ""4"": 16080, ""5"": 10000}",connected
79299,262,20000,0.050000000000000044,0.0148720037098974,-2.194419951029122,0.0,0.0,0,"{""0"": 14158, ""1"": 11976, ""2"": 14790, ""3"": 12248, ""4"": 16091, ""5"": 10036}",connected
79399,262,20000,0.050000000000000044,0.01617872254922986,-2.194419951029122,0.0,0.0,0,"{""0"": 14167, ""1"": 11989, ""2"": 14804, ""3"": 12255, ""4"": 16091, ""5"": 10093}",connected
79499,262,20000,0.050000000000000044,0.015673460708931088,-2.194419951029122,0.0,0.0,0,"{""0"": 14187, ""1"": 12001, ""2"": 14824, ""3"": 12274, ""4"": 16094, ""5"": 10119}",connected
79599,262,20000,0.050000000000000044,0.014269901923835277,-2.194419951029122,0.0,0.0,0,"{""0"": 14204, ""1"": 12022, ""2"": 14830, ""3"": 12286, ""4"": 16108, ""5"": 10149}",connected
79699,264,20000,0.050000000000000044,0.014905494889244437,-2.1791399494372308,0.0,0.0,0,"{""0"": 14225, ""1"": 12026, ""2"": 14843, ""3"": 12320, ""4"": 16133, ""5"": 10152}",connected
79799,264,20000,0.050000000000000044,0.013249926436692476,-2.1791399494372308,0.0,0.0,0,"{""0"": 14235, ""1"": 12039, ""2"": 14859, ""3"": 12328, ""4"": 16164, ""5"": 10174}",connected
79899,264,20000,0.050000000000000044,0.013046759064309299,-2.1791399494372308,0.0,0.0,0,"{""0"": 14254, ""1"": 12067, ""2"": 14874, ""3"": 12342, ""4"": 16180, ""5"": 10182}",connected
79999,264,20000,0.050000000000000044,0.012662379359826446,-2.1791399494372308,0.0,0.0,0,"{""0"": 14266, ""1"": 12088, ""2"": 14888, ""3"": 12369, ""4"": 16197, ""5"": 10191}",connected
80099,264,20000,0.050000000000000044,0.013438020288012921,-2.1791399494372308,0.0,0.0,0,"{""0"": 14278, ""1"": 12094, ""2"": 14905, ""3"": 12392, ""4"": 16230, ""5"": 10200}",connected
80199,264,20000,0.050000000000000044,0.014686906109564007,-2.1791399494372308,0.0,0.0,0,"{""0"": 14298, ""1"": 12106, ""2"": 14924, ""3"": 12412, ""4"": 16242, ""5"": 10217}",connected
80299,264,20000,0.050000000000000044,0.014725441499613225,-2.1791399494372308,0.0,0.0,0,"{""0"": 14326, ""1"": 12129, ""2"": 14951, ""3"": 12417, ""4"": 16256, ""5"": 10220}",connected
80399,264,20000,0.050000000000000044,0.01572785183787346,-2.1791399494372308,0.0,0.0,0,"{""0"": 14354, ""1"": 12151, ""2"": 14965, ""3"": 12421, ""4"": 16269, ""5"": 10239}",connected
80499,266,20000,0.050000000000000044,0.015382071863859892,-2.2616699498659,0.0,0.0,0,"{""0"": 14363, ""1"": 12162, ""2"": 14983, ""3"": 12436, ""4"": 16306, ""5"": 10249}",connected
80599,266,20000,0.050000000000000044,0.014904561419971287,-2.2616699498659,0.0,0.0,0,"{""0"": 14374, ""1"": 12190, ""2"": 14985, ""3"": 12441, ""4"": 16330, ""5"": 10279}",connected
80699,266,20000,0.050000000000000044,0.01577251377515495,-2.2616699498659,0.0,0.0,0,"{""0"": 14393, ""1"": 12208, ""2"": 15004, ""3"": 12451, ""4"": 16341, ""5"": 10302}",connected
80799,266,20000,0.050000000000000044,0.016190256271511317,-2.2616699498659,0.0,0.0,0,"{""0"": 14411, ""1"": 12250, ""2"": 15029, ""3"": 12457, ""4"": 16344, ""5"": 10308}",connected
80899,266,20000,0.050000000000000044,0.016626002127304675,-2.2616699498659,0.0,0.0,0,"{""0"": 14444, ""1"": 12271, ""2"": 15043, ""3"": 12464, ""4"": 16367, ""5"": 10310}",connected
80999,266,20000,0.050000000000000044,0.01610093217343092,-2.2616699498659,0.0,0.0,0,"{""0"": 14490, ""1"": 12277, ""2"": 15043, ""3"": 12484, ""4"": 16385, ""5"": 10320}",connected
81099,266,20000,0.050000000000000044,0.016783018484711646,-2.2616699498659,0.0,0.0,0,"{""0"": 14505, ""1"": 12294, ""2"": 15059, ""3"": 12495, ""4"": 16410, ""5"": 10336}",connected
81199,268,20000,0.050000000000000044,0.016539528113789857,-2.397389950468205,0.0,0.0,0,"{""0"": 14515, ""1"": 12312, ""2"": 15071, ""3"": 12507, ""4"": 16444, ""5"": 10350}",connected
81299,268,20000,0.050000000000000044,0.015899130664765834,-2.397389950468205,0.0,0.0,0,"{""0"": 14524, ""1"": 12319, ""2"": 15091, ""3"": 12523, ""4"": 16481, ""5"": 10361}",connected
81399,268,20000,0.050000000000000044,0.016242511901073158,-2.397389950468205,0.0,0.0,0,"{""0"": 14541, ""1"": 12328, ""2"": 15109, ""3"": 12531, ""4"": 16502, ""5"": 10388}",connected
81499,268,20000,0.050000000000000044,0.015106279407627881,-2.397389950468205,0.0,0.0,0,"{""0"": 14555, ""1"": 12345, ""2"": 15134, ""3"": 12540, ""4"": 16512, ""5"": 10413}",connected
81599,268,20000,0.050000000000000044,0.01605294085573405,-2.397389950468205,0.0,0.0,0,"{""0"": 14573, ""1"": 12359, ""2"": 15147, ""3"": 12547, ""4"": 16526, ""5"": 10447}",connected
81699,268,20000,0.050000000000000044,0.01576243117917329,-2.397389950468205,0.0,0.0,0,"{""0"": 14587, ""1"": 12372, ""2"": 15156, ""3"": 12566, ""4"": 16558, ""5"": 10460}",connected
81799,268,20000,0.050000000000000044,0.014900608663447201,-2.397389950468205,0.0,0.0,0,"{""0"": 14604, ""1"": 12393, ""2"": 15162, ""3"": 12593, ""4"": 16581, ""5"": 10466}",connected
81899,270,20000,0.050000000000000044,0.014126927503384649,-2.563739945469424,0.0,0.0,0,"{""0"": 14610, ""1"": 12417, ""2"": 15180, ""3"": 12600, ""4"": 16610, ""5"": 10482}",connected
81999,270,20000,0.050000000000000044,0.011714874389581383,-2.563739945469424,0.0,0.0,0,"{""0"": 14611, ""1"": 12446, ""2"": 15201, ""3"": 12610, ""4"": 16623, ""5"": 10508}",connected
82099,270,20000,0.050000000000000044,0.012774971355684102,-2.563739945469424,0.0,0.0,0,"{""0"": 14631, ""1"": 12463, ""2"": 15211, ""3"": 12625, ""4"": 16642, ""5"": 10527}",connected
82199,270,20000,0.050000000000000044,0.014403742318972946,-2.563739945469424,0.0,0.0,0,"{""0"": 14642, ""1"": 12484, ""2"": 15215, ""3"": 12651, ""4"": 16656, ""5"": 10551}",connected
82299,270,20000,0.050000000000000044,0.015595235526561738,-2.563739945469424,0.0,0.0,0,"{""0"": 14655, ""1"": 12520, ""2"": 15227, ""3"": 12656, ""4"": 16680, ""5"": 10561}",connected
82399,270,20000,0.050000000000000044,0.01615757757332176,-2.563739945469424,0.0,0.0,0,"{""0"": 14660, ""1"": 12532, ""2"": 15252, ""3"": 12677, ""4"": 16708, ""5"": 10570}",connected
82499,270,20000,0.050000000000000044,0.014834430464543403,-2.563739945469424,0.0,0.0,0,"{""0"": 14681, ""1"": 12551, ""2"": 15277, ""3"": 12689, ""4"": 16730, ""5"": 10571}",connected
82599,272,20000,0.050000000000000044,0.014617328247986734,-2.6442699447833,0.0,0.0,0,"{""0"": 14691, ""1"": 12574, ""2"": 15291, ""3"": 12700, ""4"": 16751, ""5"": 10592}",connected
82699,272,20000,0.050000000000000044,0.013497545667923987,-2.6442699447833,0.0,0.0,0,"{""0"": 14698, ""1"": 12593, ""2"": 15321, ""3"": 12703, ""4"": 16772, ""5"": 10612}",connected
82799,272,20000,0.050000000000000044,0.013332708775997161,-2.6442699447833,0.0,0.0,0,"{""0"": 14702, ""1"": 12619, ""2"": 15341, ""3"": 12723, ""4"": 16791, ""5"": 10623}",connected
82899,274,20000,0.050000000000000044,0.01380667724646628,-2.615229943981394,0.0,0.0,0,"{""0"": 14725, ""1"": 12625, ""2"": 15376, ""3"": 12733, ""4"": 16798, ""5"": 10642}",connected
82999,274,20000,0.050000000000000044,0.01440662565175444,-2.615229943981394,0.0,0.0,0,"{""0"": 14729, ""1"": 12651, ""2"": 15393, ""3"": 12744, ""4"": 16830, ""5"": 10652}",connected
83099,276,20000,0.050000000000000044,0.01656921970192343,-2.5671099447179584,0.0,0.0,0,"{""0"": 14733, ""1"": 12661, ""2"": 15414, ""3"": 12763, ""4"": 16870, ""5"": 10658}",connected
83199,276,20000,0.050000000000000044,0.01810850965324789,-2.5671099447179584,0.0,0.0,0,"{""0"": 14734, ""1"": 12680, ""2"": 15434, ""3"": 12771, ""4"": 16906, ""5"": 10674}",connected
83299,276,20000,0.050000000000000044,0.018995727826841176,-2.5671099447179584,0.0,0.0,0,"{""0"": 14738, ""1"": 12719, ""2"": 15449, ""3"": 12776, ""4"": 16922, ""5"": 10695}",connected
83399,276,20000,0.050000000000000044,0.018578247600235045,-2.5671099447179584,0.0,0.0,0,"{""0"": 14770, ""1"": 12737, ""2"": 15455, ""3"": 12788, ""4"": 16935, ""5"": 10714}",connected
83499,276,20000,0.050000000000000044,0.016875982745550574,-2.5671099447179584,0.0,0.0,0,"{""0"": 14785, ""1"": 12750, ""2"": 15485, ""3"": 12803, ""4"": 16955, ""5"": 10721}",connected
83599,276,20000,0.050000000000000044,0.01545281333848834,-2.5671099447179584,0.0,0.0,0,"{""0"": 14793, ""1"": 12764, ""2"": 15494, ""3"": 12829, ""4"": 16980, ""5"": 10739}",connected
83699,276,20000,0.050000000000000044,0.015227121151983738,-2.5671099447179584,0.0,0.0,0,"{""0"": 14799, ""1"": 12785, ""2"": 15498, ""3"": 12856, ""4"": 17012, ""5"": 10749}",connected
83799,278,20000,0.050000000000000044,0.014634535969235004,-2.711909937639721,0.0,0.0,0,"{""0"": 14811, ""1"": 12805, ""2"": 15517, ""3"": 12868, ""4"": 17038, ""5"": 10760}",connected
83899,278,20000,0.050000000000000044,0.014614269682206214,-2.711909937639721,0.0,0.0,0,"{""0"": 14819, ""1"": 12826, ""2"": 15536, ""3"": 12881, ""4"": 17062, ""5"": 10775}",connected
83999,278,20000,0.050000000000000044,0.014566020900383591,-2.711909937639721,0.0,0.0,0,"{""0"": 14857, ""1"": 12850, ""2"": 15548, ""3"": 12886, ""4"": 17070, ""5"": 10788}",connected
84099,278,20000,0.050000000000000044,0.015448035867884756,-2.711909937639721,0.0,0.0,0,"{""0"": 14890, ""1"": 12862, ""2"": 15560, ""3"": 12900, ""4"": 17081, ""5"": 10806}",connected
84199,278,20000,0.050000000000000044,0.01666389680467546,-2.711909937639721,0.0,0.0,0,"{""0"": 14901, ""1"": 12884, ""2"": 15581, ""3"": 12913, ""4"": 17110, ""5"": 10810}",connected
84299,280,20000,0.050000000000000044,0.01727869828697294,-2.735659936550073,0.0,0.0,0,"{""0"": 14904, ""1"": 12893, ""2"": 15602, ""3"": 12941, ""4"": 17136, ""5"": 10823}",connected
84399,280,20000,0.050000000000000044,0.018194509516470135,-2.735659936550073,0.0,0.0,0,"{""0"": 14916, ""1"": 12905, ""2"": 15628, ""3"": 12944, ""4"": 17173, ""5"": 10833}",connected
84499,280,20000,0.050000000000000044,0.01765170243103057,-2.735659936550073,0.0,0.0,0,"{""0"": 14919, ""1"": 12912, ""2"": 15645, ""3"": 12956, ""4"": 17194, ""5"": 10873}",connected
84599,280,20000,0.050000000000000044,0.017653487282805146,-2.735659936550073,0.0,0.0,0,"{""0"": 14926, ""1"": 12943, ""2"": 15670, ""3"": 12971, ""4"": 17198, ""5"": 10891}",connected
84699,282,20000,0.050000000000000044,0.01815059401560575,-2.752739934609272,0.0,0.0,0,"{""0"": 14940, ""1"": 12955, ""2"": 15692, ""3"": 12991, ""4"": 17223, ""5"": 10898}",connected
84799,282,20000,0.050000000000000044,0.01800754858646542,-2.752739934609272,0.0,0.0,0,"{""0"": 14943, ""1"": 12971, ""2"": 15708, ""3"": 13003, ""4"": 17253, ""5"": 10921}",connected
84899,282,20000,0.050000000000000044,0.017771395542658865,-2.752739934609272,0.0,0.0,0,"{""0"": 14945, ""1"": 12988, ""2"": 15737, ""3"": 13016, ""4"": 17276, ""5"": 10937}",connected
84999,284,20000,0.050000000000000044,0.016833220277912914,-2.569239938580431,0.0,0.0,0,"{""0"": 14947, ""1"": 12993, ""2"": 15770, ""3"": 13033, ""4"": 17299, ""5"": 10957}",connected
85099,284,20000,0.050000000000000044,0.018359969770535826,-2.569239938580431,0.0,0.0,0,"{""0"": 14956, ""1"": 13011, ""2"": 15786, ""3"": 13044, ""4"": 17321, ""5"": 10981}",connected
85199,284,20000,0.050000000000000044,0.019594556586816907,-2.569239938580431,0.0,0.0,0,"{""0"": 14981, ""1"": 13024, ""2"": 15791, ""3"": 13069, ""4"": 17333, ""5"": 11001}",connected
85299,286,20000,0.050000000000000044,0.019007840752601625,-2.5837199383135885,0.0,0.0,0,"{""0"": 14992, ""1"": 13030, ""2"": 15816, ""3"": 13076, ""4"": 17366, ""5"": 11019}",connected
85399,286,20000,0.050000000000000044,0.020515330201014877,-2.5837199383135885,0.0,0.0,0,"{""0"": 14995, ""1"": 13042, ""2"": 15848, ""3"": 13079, ""4"": 17391, ""5"": 11044}",connected
85499,286,20000,0.050000000000000044,0.018608688181266188,-2.5837199383135885,0.0,0.0,0,"{""0"": 14998, ""1"": 13060, ""2"": 15862, ""3"": 13098, ""4"": 17415, ""5"": 11066}",connected
85599,286,20000,0.050000000000000044,0.017194410096853973,-2.5837199383135885,0.0,0.0,0,"{""0"": 15005, ""1"": 13065, ""2"": 15886, ""3"": 13134, ""4"": 17434, ""5"": 11075}",connected
85699,286,20000,0.050000000000000044,0.017616954101249575,-2.5837199383135885,0.0,0.0,0,"{""0"": 15009, ""1"": 13076, ""2"": 15906, ""3"": 13148, ""4"": 17471, ""5"": 11089}",connected
85799,286,20000,0.050000000000000044,0.0156369146425277,-2.5837199383135885,0.0,0.0,0,"{""0"": 15010, ""1"": 13101, ""2"": 15937, ""3"": 13174, ""4"": 17482, ""5"": 11095}",connected
85899,286,20000,0.050000000000000044,0.01502046055160463,-2.5837199383135885,0.0,0.0,0,"{""0"": 15024, ""1"": 13126, ""2"": 15980, ""3"": 13184, ""4"": 17489, ""5"": 11096}",connected
85999,286,20000,0.050000000000000044,0.015099794021807611,-2.5837199383135885,0.0,0.0,0,"{""0"": 15044, ""1"": 13153, ""2"": 15988, ""3"": 13195, ""4"": 17507, ""5"": 11112}",connected
86099,288,20000,0.050000000000000044,0.016013035108335315,-2.540639935429208,0.0,0.0,0,"{""0"": 15053, ""1"": 13171, ""2"": 16005, ""3"": 13208, ""4"": 17542, ""5"": 11120}",connected
86199,288,20000,0.050000000000000044,0.017781973364762962,-2.540639935429208,0.0,0.0,0,"{""0"": 15065, ""1"": 13189, ""2"": 16032, ""3"": 13225, ""4"": 17557, ""5"": 11131}",connected
86299,288,20000,0.050000000000000044,0.020097842938266695,-2.540639935429208,0.0,0.0,0,"{""0"": 15075, ""1"": 13209, ""2"": 16044, ""3"": 13247, ""4"": 17573, ""5"": 11151}",connected
86399,290,20000,0.050000000000000044,0.02015584715642035,-2.5369699333934115,0.0,0.0,0,"{""0"": 15079, ""1"": 13212, ""2"": 16073, ""3"": 13271, ""4"": 17600, ""5"": 11164}",connected
86499,290,20000,0.050000000000000044,0.02037188842892647,-2.5369699333934115,0.0,0.0,0,"{""0"": 15095, ""1"": 13223, ""2"": 16092, ""3"": 13276, ""4"": 17632, ""5"": 11181}",connected
86599,290,20000,0.050000000000000044,0.019291980545967816,-2.5369699333934115,0.0,0.0,0,"{""0"": 15105, ""1"": 13241, ""2"": 16118, ""3"": 13297, ""4"": 17644, ""5"": 11194}",connected
86699,292,20000,0.050000000000000044,0.016749122231267392,-2.559169938629493,0.0,0.0,0,"{""0"": 15118, ""1"": 13257, ""2"": 16137, ""3"": 13300, ""4"": 17680, ""5"": 11207}",connected
86799,292,20000,0.050000000000000044,0.01577507673762739,-2.559169938629493,0.0,0.0,0,"{""0"": 15122, ""1"": 13273, ""2"": 16156, ""3"": 13309, ""4"": 17701, ""5"": 11238}",connected
86899,292,20000,0.050000000000000044,0.01398147300351411,-2.559169938629493,0.0,0.0,0,"{""0"": 15133, ""1"": 13284, ""2"": 16168, ""3"": 13332, ""4"": 17723, ""5"": 11259}",connected
86999,294,20000,0.050000000000000044,0.013551137242466212,-2.3875099395867436,0.0,0.0,0,"{""0"": 15150, ""1"": 13295, ""2"": 16195, ""3"": 13353, ""4"": 17738, ""5"": 11268}",connected
87099,294,20000,0.050000000000000044,0.015559347583912314,-2.3875099395867436,0.0,0.0,0,"{""0"": 15152, ""1"": 13308, ""2"": 16229, ""3"": 13360, ""4"": 17770, ""5"": 11280}",connected
87199,294,20000,0.050000000000000044,0.01749928856268525,-2.3875099395867436,0.0,0.0,0,"{""0"": 15153, ""1"": 13320, ""2"": 16247, ""3"": 13387, ""4"": 17790, ""5"": 11302}",connected
87299,294,20000,0.050000000000000044,0.017867800197564065,-2.3875099395867436,0.0,0.0,0,"{""0"": 15157, ""1"": 13332, ""2"": 16251, ""3"": 13402, ""4"": 17815, ""5"": 11342}",connected
87399,294,20000,0.050000000000000044,0.01872778349556029,-2.3875099395867436,0.0,0.0,0,"{""0"": 15162, ""1"": 13344, ""2"": 16258, ""3"": 13421, ""4"": 17828, ""5"": 11386}",connected
87499,294,20000,0.050000000000000044,0.018298174347728492,-2.3875099395867436,0.0,0.0,0,"{""0"": 15173, ""1"": 13375, ""2"": 16272, ""3"": 13436, ""4"": 17843, ""5"": 11400}",connected
87599,294,20000,0.050000000000000044,0.018027177746407688,-2.3875099395867436,0.0,0.0,0,"{""0"": 15179, ""1"": 13431, ""2"": 16287, ""3"": 13446, ""4"": 17855, ""5"": 11401}",connected
87699,294,20000,0.050000000000000044,0.018959643919952213,-2.3875099395867436,0.0,0.0,0,"{""0"": 15188, ""1"": 13471, ""2"": 16296, ""3"": 13469, ""4"": 17869, ""5"": 11406}",connected
87799,296,20000,0.050000000000000044,0.017798171360045672,-2.299339935858734,0.0,0.0,0,"{""0"": 15196, ""1"": 13479, ""2"": 16320, ""3"": 13472, ""4"": 17914, ""5"": 11418}",connected
87899,296,20000,0.050000000000000044,0.01641663369257003,-2.299339935858734,0.0,0.0,0,"{""0"": 15199, ""1"": 13497, ""2"": 16329, ""3"": 13488, ""4"": 17939, ""5"": 11447}",connected
87999,296,20000,0.050000000000000044,0.015995992682874202,-2.299339935858734,0.0,0.0,0,"{""0"": 15215, ""1"": 13504, ""2"": 16348, ""3"": 13511, ""4"": 17960, ""5"": 11461}",connected
88099,296,20000,0.050000000000000044,0.01681609629187733,-2.299339935858734,0.0,0.0,0,"{""0"": 15241, ""1"": 13515, ""2"": 16353, ""3"": 13534, ""4"": 17977, ""5"": 11479}",connected
88199,296,20000,0.050000000000000044,0.01932428835891187,-2.299339935858734,0.0,0.0,0,"{""0"": 15250, ""1"": 13520, ""2"": 16370, ""3"": 13552, ""4"": 18012, ""5"": 11495}",connected
88299,298,20000,0.050000000000000044,0.02038398948032409,-2.1320499352691695,0.0,0.0,0,"{""0"": 15252, ""1"": 13532, ""2"": 16390, ""3"": 13564, ""4"": 18051, ""5"": 11510}",connected
88399,298,20000,0.050000000000000044,0.021006825785152613,-2.1320499352691695,0.0,0.0,0,"{""0"": 15256, ""1"": 13540, ""2"": 16440, ""3"": 13572, ""4"": 18061, ""5"": 11530}",connected
88499,300,20000,0.050000000000000044,0.019847477204166353,-2.147069935123436,0.0,0.0,0,"{""0"": 15278, ""1"": 13548, ""2"": 16461, ""3"": 13578, ""4"": 18086, ""5"": 11548}",connected
88599,300,20000,0.050000000000000044,0.01844047584105283,-2.147069935123436,0.0,0.0,0,"{""0"": 15286, ""1"": 13565, ""2"": 16473, ""3"": 13592, ""4"": 18114, ""5"": 11569}",connected
88699,300,20000,0.050000000000000044,0.018373179459013046,-2.147069935123436,0.0,0.0,0,"{""0"": 15292, ""1"": 13589, ""2"": 16479, ""3"": 13596, ""4"": 18146, ""5"": 11597}",connected
88799,300,20000,0.050000000000000044,0.016434801635332407,-2.147069935123436,0.0,0.0,0,"{""0"": 15305, ""1"": 13605, ""2"": 16494, ""3"": 13609, ""4"": 18168, ""5"": 11618}",connected
88899,300,20000,0.050000000000000044,0.01594200937077403,-2.147069935123436,0.0,0.0,0,"{""0"": 15326, ""1"": 13626, ""2"": 16516, ""3"": 13617, ""4"": 18186, ""5"": 11628}",connected
88999,300,20000,0.050000000000000044,0.01467602043878287,-2.147069935123436,0.0,0.0,0,"{""0"": 15352, ""1"": 13647, ""2"": 16530, ""3"": 13630, ""4"": 18198, ""5"": 11642}",connected
89099,300,20000,0.050000000000000044,0.014597416068427264,-2.147069935123436,0.0,0.0,0,"{""0"": 15359, ""1"": 13673, ""2"": 16557, ""3"": 13650, ""4"": 18212, ""5"": 11648}",connected
89199,302,20000,0.050000000000000044,0.01678929794114083,-2.091109938202426,0.0,0.0,0,"{""0"": 15368, ""1"": 13700, ""2"": 16580, ""3"": 13652, ""4"": 18241, ""5"": 11658}",connected
89299,302,20000,0.050000000000000044,0.017428871882148086,-2.091109938202426,0.0,0.0,0,"{""0"": 15388, ""1"": 13710, ""2"": 16595, ""3"": 13697, ""4"": 18249, ""5"": 11660}",connected
89399,302,20000,0.050000000000000044,0.018420416973531247,-2.091109938202426,0.0,0.0,0,"{""0"": 15395, ""1"": 13722, ""2"": 16609, ""3"": 13724, ""4"": 18272, ""5"": 11677}",connected
89499,302,20000,0.050000000000000044,0.017887697517871858,-2.091109938202426,0.0,0.0,0,"{""0"": 15410, ""1"": 13751, ""2"": 16632, ""3"": 13734, ""4"": 18287, ""5"": 11685}",connected
89599,304,20000,0.050000000000000044,0.01660692277364433,-1.9520199388777837,0.0,0.0,0,"{""0"": 15419, ""1"": 13767, ""2"": 16644, ""3"": 13746, ""4"": 18321, ""5"": 11702}",connected
89699,304,20000,0.050000000000000044,0.01630018712487072,-1.9520199388777837,0.0,0.0,0,"{""0"": 15423, ""1"": 13791, ""2"": 16668, ""3"": 13760, ""4"": 18334, ""5"": 11723}",connected
89799,304,20000,0.050000000000000044,0.015836088033393026,-1.9520199388777837,0.0,0.0,0,"{""0"": 15428, ""1"": 13812, ""2"": 16705, ""3"": 13779, ""4"": 18349, ""5"": 11726}",connected
89899,306,20000,0.050000000000000044,0.015683735967613757,-1.9040199381578713,0.0,0.0,0,"{""0"": 15434, ""1"": 13825, ""2"": 16723, ""3"": 13789, ""4"": 18387, ""5"": 11741}",connected
89999,306,20000,0.050000000000000044,0.015709382691420616,-1.9040199381578713,0.0,0.0,0,"{""0"": 15437, ""1"": 13831, ""2"": 16759, ""3"": 13797, ""4"": 18413, ""5"": 11762}",connected
90099,306,20000,0.050000000000000044,0.015849140016362073,-1.9040199381578713,0.0,0.0,0,"{""0"": 15467, ""1"": 13832, ""2"": 16826, ""3"": 13797, ""4"": 18413, ""5"": 11764}",connected
90199,306,20000,0.050000000000000044,0.01704885413404554,-1.9040199381578713,0.0,0.0,0,"{""0"": 15485, ""1"": 13845, ""2"": 16872, ""3"": 13801, ""4"": 18428, ""5"": 11768}",connected
90299,306,20000,0.050000000000000044,0.01703292928636074,-1.9040199381578713,0.0,0.0,0,"{""0"": 15497, ""1"": 13863, ""2"": 16923, ""3"": 13812, ""4"": 18434, ""5"": 11770}",connected
90399,306,20000,0.050000000000000044,0.017778450483456255,-1.9040199381578713,0.0,0.0,0,"{""0"": 15529, ""1"": 13875, ""2"": 16960, ""3"": 13816, ""4"": 18443, ""5"": 11776}",connected
90499,306,20000,0.050000000000000044,0.01746828865259886,-1.9040199381578713,0.0,0.0,0,"{""0"": 15537, ""1"": 13890, ""2"": 17010, ""3"": 13830, ""4"": 18452, ""5"": 11780}",connected
90599,308,20000,0.050000000000000044,0.016467905221506953,-2.016629940997809,0.0,0.0,0,"{""0"": 15545, ""1"": 13914, ""2"": 17038, ""3"": 13832, ""4"": 18486, ""5"": 11784}",connected
90699,308,20000,0.050000000000000044,0.016227125599980356,-2.016629940997809,0.0,0.0,0,"{""0"": 15555, ""1"": 13932, ""2"": 17049, ""3"": 13850, ""4"": 18516, ""5"": 11797}",connected
90799,308,20000,0.050000000000000044,0.01433467673137784,-2.016629940997809,0.0,0.0,0,"{""0"": 15572, ""1"": 13950, ""2"": 17074, ""3"": 13858, ""4"": 18537, ""5"": 11808}",connected
90899,310,20000,0.050000000000000044,0.013120168428868055,-1.8482099397853018,0.0,0.0,0,"{""0"": 15576, ""1"": 13963, ""2"": 17105, ""3"": 13859, ""4"": 18574, ""5"": 11822}",connected
90999,310,20000,0.050000000000000044,0.012641256842762232,-1.8482099397853018,0.0,0.0,0,"{""0"": 15580, ""1"": 13976, ""2"": 17117, ""3"": 13893, ""4"": 18600, ""5"": 11833}",connected
91099,310,20000,0.050000000000000044,0.013644450958818197,-1.8482099397853018,0.0,0.0,0,"{""0"": 15592, ""1"": 13995, ""2"": 17145, ""3"": 13901, ""4"": 18622, ""5"": 11844}",connected
91199,312,20000,0.050000000000000044,0.015663872240111232,-1.857549939248711,0.0,0.0,0,"{""0"": 15607, ""1"": 14003, ""2"": 17165, ""3"": 13915, ""4"": 18646, ""5"": 11863}",connected
91299,312,20000,0.050000000000000044,0.016591128520667554,-1.857549939248711,0.0,0.0,0,"{""0"": 15612, ""1"": 14017, ""2"": 17179, ""3"": 13921, ""4"": 18682, ""5"": 11888}",connected
91399,312,20000,0.050000000000000044,0.017049774592742324,-1.857549939248711,0.0,0.0,0,"{""0"": 15617, ""1"": 14070, ""2"": 17184, ""3"": 13931, ""4"": 18693, ""5"": 11904}",connected
91499,312,20000,0.050000000000000044,0.016834329655393956,-1.857549939248711,0.0,0.0,0,"{""0"": 15625, ""1"": 14100, ""2"": 17193, ""3"": 13957, ""4"": 18701, ""5"": 11923}",connected
91599,312,20000,0.050000000000000044,0.016168571962043642,-1.857549939248711,0.0,0.0,0,"{""0"": 15659, ""1"": 14110, ""2"": 17208, ""3"": 13968, ""4"": 18708, ""5"": 11946}",connected
91699,312,20000,0.050000000000000044,0.01579899965785444,-1.857549939248711,0.0,0.0,0,"{""0"": 15678, ""1"": 14133, ""2"": 17219, ""3"": 13988, ""4"": 18724, ""5"": 11957}",connected
91799,312,20000,0.050000000000000044,0.015233529033139348,-1.857549939248711,0.0,0.0,0,"{""0"": 15692, ""1"": 14149, ""2"": 17226, ""3"": 14007, ""4"": 18750, ""5"": 11975}",connected
91899,312,20000,0.050000000000000044,0.01437116443645209,-1.857549939248711,0.0,0.0,0,"{""0"": 15747, ""1"": 14155, ""2"": 17236, ""3"": 14016, ""4"": 18756, ""5"": 11989}",connected
91999,314,20000,0.050000000000000044,0.01321459496859461,-1.9129499354725703,0.0,0.0,0,"{""0"": 15755, ""1"": 14168, ""2"": 17258, ""3"": 14022, ""4"": 18793, ""5"": 12003}",connected
92099,314,20000,0.050000000000000044,0.014788844170980156,-1.9129499354725703,0.0,0.0,0,"{""0"": 15766, ""1"": 14197, ""2"": 17265, ""3"": 14042, ""4"": 18813, ""5"": 12016}",connected
92199,314,20000,0.050000000000000044,0.017070006313733756,-1.9129499354725703,0.0,0.0,0,"{""0"": 15778, ""1"": 14236, ""2"": 17278, ""3"": 14058, ""4"": 18830, ""5"": 12019}",connected
92299,316,20000,0.050000000000000044,0.017131777359172703,-1.900089934929274,0.0,0.0,0,"{""0"": 15792, ""1"": 14251, ""2"": 17298, ""3"": 14069, ""4"": 18863, ""5"": 12026}",connected
92399,316,20000,0.050000000000000044,0.019057198725640774,-1.900089934929274,0.0,0.0,0,"{""0"": 15804, ""1"": 14282, ""2"": 17311, ""3"": 14080, ""4"": 18879, ""5"": 12043}",connected
92499,316,20000,0.050000000000000044,0.017922872891649604,-1.900089934929274,0.0,0.0,0,"{""0"": 15820, ""1"": 14293, ""2"": 17316, ""3"": 14099, ""4"": 18886, ""5"": 12085}",connected
92599,316,20000,0.050000000000000044,0.015997717855498195,-1.900089934929274,0.0,0.0,0,"{""0"": 15822, ""1"": 14305, ""2"": 17333, ""3"": 14111, ""4"": 18909, ""5"": 12119}",connected
92699,316,20000,0.050000000000000044,0.015533809331245721,-1.900089934929274,0.0,0.0,0,"{""0"": 15827, ""1"": 14323, ""2"": 17359, ""3"": 14117, ""4"": 18934, ""5"": 12139}",connected
92799,318,20000,0.050000000000000044,0.0146247528353706,-1.9247799339331686,0.0,0.0,0,"{""0"": 15837, ""1"": 14340, ""2"": 17373, ""3"": 14137, ""4"": 18957, ""5"": 12155}",connected
92899,318,20000,0.050000000000000044,0.014799031657166778,-1.9247799339331686,0.0,0.0,0,"{""0"": 15841, ""1"": 14360, ""2"": 17384, ""3"": 14150, ""4"": 18993, ""5"": 12171}",connected
92999,318,20000,0.050000000000000044,0.01485497035086155,-1.9247799339331686,0.0,0.0,0,"{""0"": 15851, ""1"": 14375, ""2"": 17414, ""3"": 14169, ""4"": 19016, ""5"": 12174}",connected
93099,320,20000,0.050000000000000044,0.01606701285112649,-1.9258099310006946,0.0,0.0,0,"{""0"": 15858, ""1"": 14384, ""2"": 17429, ""3"": 14176, ""4"": 19070, ""5"": 12182}",connected
93199,320,20000,0.050000000000000044,0.01659942604135722,-1.9258099310006946,0.0,0.0,0,"{""0"": 15869, ""1"": 14413, ""2"": 17437, ""3"": 14179, ""4"": 19116, ""5"": 12185}",connected
93299,322,20000,0.050000000000000044,0.017178450510837138,-1.7444499341212214,0.0,0.0,0,"{""0"": 15873, ""1"": 14430, ""2"": 17466, ""3"": 14188, ""4"": 19151, ""5"": 12191}",connected
93399,322,20000,0.050000000000000044,0.0172340121306479,-1.7444499341212214,0.0,0.0,0,"{""0"": 15876, ""1"": 14441, ""2"": 17492, ""3"": 14209, ""4"": 19178, ""5"": 12203}",connected
93499,322,20000,0.050000000000000044,0.01639655354898423,-1.7444499341212214,0.0,0.0,0,"{""0"": 15889, ""1"": 14454, ""2"": 17521, ""3"": 14230, ""4"": 19187, ""5"": 12218}",connected
93599,322,20000,0.050000000000000044,0.015290077137760818,-1.7444499341212214,0.0,0.0,0,"{""0"": 15895, ""1"": 14466, ""2"": 17533, ""3"": 14245, ""4"": 19205, ""5"": 12255}",connected
93699,322,20000,0.050000000000000044,0.015560322809033095,-1.7444499341212214,0.0,0.0,0,"{""0"": 15915, ""1"": 14469, ""2"": 17573, ""3"": 14257, ""4"": 19217, ""5"": 12268}",connected
93799,322,20000,0.050000000000000044,0.015111362324096262,-1.7444499341212214,0.0,0.0,0,"{""0"": 15945, ""1"": 14471, ""2"": 17602, ""3"": 14280, ""4"": 19230, ""5"": 12271}",connected
93899,322,20000,0.050000000000000044,0.015132545013912022,-1.7444499341212214,0.0,0.0,0,"{""0"": 15961, ""1"": 14478, ""2"": 17626, ""3"": 14289, ""4"": 19248, ""5"": 12297}",connected
93999,324,20000,0.050000000000000044,0.015032959133386613,-1.962959932750091,0.0,0.0,0,"{""0"": 15966, ""1"": 14484, ""2"": 17637, ""3"": 14310, ""4"": 19279, ""5"": 12323}",connected
94099,324,20000,0.050000000000000044,0.01511334367096424,-1.962959932750091,0.0,0.0,0,"{""0"": 15971, ""1"": 14501, ""2"": 17663, ""3"": 14327, ""4"": 19306, ""5"": 12331}",connected
94199,324,20000,0.050000000000000044,0.015717769525945186,-1.962959932750091,0.0,0.0,0,"{""0"": 15981, ""1"": 14525, ""2"": 17692, ""3"": 14328, ""4"": 19323, ""5"": 12350}",connected
94299,324,20000,0.050000000000000044,0.017758696428500115,-1.962959932750091,0.0,0.0,0,"{""0"": 15986, ""1"": 14526, ""2"": 17720, ""3"": 14348, ""4"": 19334, ""5"": 12385}",connected
94399,326,20000,0.050000000000000044,0.01793997747823596,-1.9971999291423708,0.0,0.0,0,"{""0"": 15993, ""1"": 14530, ""2"": 17740, ""3"": 14377, ""4"": 19358, ""5"": 12401}",connected
94499,326,20000,0.050000000000000044,0.016982505144551397,-1.9971999291423708,0.0,0.0,0,"{""0"": 16001, ""1"": 14551, ""2"": 17764, ""3"": 14390, ""4"": 19374, ""5"": 12419}",connected
94599,326,20000,0.050000000000000044,0.016748962877318262,-1.9971999291423708,0.0,0.0,0,"{""0"": 16001, ""1"": 14596, ""2"": 17769, ""3"": 14403, ""4"": 19399, ""5"": 12431}",connected
94699,326,20000,0.050000000000000044,0.014715572372078895,-1.9971999291423708,0.0,0.0,0,"{""0"": 16006, ""1"": 14608, ""2"": 17805, ""3"": 14416, ""4"": 19417, ""5"": 12447}",connected
94799,328,20000,0.050000000000000044,0.014939029831439257,-1.942919929595664,0.0,0.0,0,"{""0"": 16016, ""1"": 14613, ""2"": 17829, ""3"": 14419, ""4"": 19458, ""5"": 12464}",connected
94899,328,20000,0.050000000000000044,0.014336481867358088,-1.942919929595664,0.0,0.0,0,"{""0"": 16024, ""1"": 14617, ""2"": 17850, ""3"": 14425, ""4"": 19487, ""5"": 12496}",connected
94999,328,20000,0.050000000000000044,0.013536427561193705,-1.942919929595664,0.0,0.0,0,"{""0"": 16029, ""1"": 14634, ""2"": 17888, ""3"": 14437, ""4"": 19501, ""5"": 12510}",connected
95099,328,20000,0.050000000000000044,0.01529719133861363,-1.942919929595664,0.0,0.0,0,"{""0"": 16034, ""1"": 14650, ""2"": 17908, ""3"": 14471, ""4"": 19521, ""5"": 12515}",connected
95199,329,20000,0.050000000000000044,0.01613442998379469,-1.7766599285323172,0.0,0.0,0,"{""0"": 16039, ""1"": 14662, ""2"": 17924, ""3"": 14505, ""4"": 19544, ""5"": 12525}",connected
95299,330,20000,0.050000000000000044,0.016825728518888354,-1.8145399295026436,0.0,0.0,0,"{""0"": 16045, ""1"": 14686, ""2"": 17953, ""3"": 14514, ""4"": 19565, ""5"": 12536}",connected
95399,330,20000,0.050000000000000044,0.01811064804904163,-1.8145399295026436,0.0,0.0,0,"{""0"": 16069, ""1"": 14698, ""2"": 17959, ""3"": 14538, ""4"": 19591, ""5"": 12544}",connected
95499,330,20000,0.050000000000000044,0.016684671565890312,-1.8145399295026436,0.0,0.0,0,"{""0"": 16080, ""1"": 14711, ""2"": 17970, ""3"": 14558, ""4"": 19630, ""5"": 12550}",connected
95599,332,20000,0.050000000000000044,0.015778045365586878,-1.6990699299471452,0.0,0.0,0,"{""0"": 16091, ""1"": 14724, ""2"": 17994, ""3"": 14560, ""4"": 19676, ""5"": 12554}",connected
95699,332,20000,0.050000000000000044,0.015433725910261273,-1.6990699299471452,0.0,0.0,0,"{""0"": 16101, ""1"": 14738, ""2"": 18008, ""3"": 14578, ""4"": 19706, ""5"": 12568}",connected
95799,334,20000,0.050000000000000044,0.014752053171396256,-1.5893799329269678,0.0,0.0,0,"{""0"": 16111, ""1"": 14756, ""2"": 18033, ""3"": 14586, ""4"": 19737, ""5"": 12576}",connected
95899,334,20000,0.050000000000000044,0.014507772475481033,-1.5893799329269678,0.0,0.0,0,"{""0"": 16128, ""1"": 14783, ""2"": 18045, ""3"": 14599, ""4"": 19766, ""5"": 12578}",connected
95999,334,20000,0.050000000000000044,0.014455549512058496,-1.5893799329269678,0.0,0.0,0,"{""0"": 16141, ""1"": 14800, ""2"": 18066, ""3"": 14622, ""4"": 19773, ""5"": 12597}",connected
96099,334,20000,0.050000000000000044,0.014583369744941592,-1.5893799329269678,0.0,0.0,0,"{""0"": 16176, ""1"": 14815, ""2"": 18099, ""3"": 14629, ""4"": 19773, ""5"": 12607}",connected
96199,334,20000,0.050000000000000044,0.015498554958030581,-1.5893799329269678,0.0,0.0,0,"{""0"": 16187, ""1"": 14833, ""2"": 18115, ""3"": 14648, ""4"": 19788, ""5"": 12628}",connected
96299,334,20000,0.050000000000000044,0.01615372747182846,-1.5893799329269678,0.0,0.0,0,"{""0"": 16191, ""1"": 14845, ""2"": 18130, ""3"": 14679, ""4"": 19810, ""5"": 12644}",connected
96399,334,20000,0.050000000000000044,0.016292592640966178,-1.5893799329269678,0.0,0.0,0,"{""0"": 16202, ""1"": 14869, ""2"": 18138, ""3"": 14705, ""4"": 19827, ""5"": 12658}",connected
96499,336,20000,0.050000000000000044,0.01650411288253963,-1.5711599304992705,0.0,0.0,0,"{""0"": 16215, ""1"": 14881, ""2"": 18162, ""3"": 14719, ""4"": 19863, ""5"": 12659}",connected
96599,336,20000,0.050000000000000044,0.015430411417037248,-1.5711599304992705,0.0,0.0,0,"{""0"": 16228, ""1"": 14902, ""2"": 18187, ""3"": 14727, ""4"": 19887, ""5"": 12668}",connected
96699,336,20000,0.050000000000000044,0.014652880067005753,-1.5711599304992705,0.0,0.0,0,"{""0"": 16243, ""1"": 14924, ""2"": 18208, ""3"": 14739, ""4"": 19903, ""5"": 12682}",connected
96799,338,20000,0.050000000000000044,0.014625060930848121,-1.4262599307578057,0.0,0.0,0,"{""0"": 16258, ""1"": 14934, ""2"": 18228, ""3"": 14763, ""4"": 19929, ""5"": 12687}",connected
96899,338,20000,0.050000000000000044,0.01477208463009447,-1.4262599307578057,0.0,0.0,0,"{""0"": 16268, ""1"": 14941, ""2"": 18243, ""3"": 14775, ""4"": 19970, ""5"": 12702}",connected
96999,338,20000,0.050000000000000044,0.014761384348385037,-1.4262599307578057,0.0,0.0,0,"{""0"": 16268, ""1"": 14959, ""2"": 18255, ""3"": 14810, ""4"": 19993, ""5"": 12714}",connected
97099,340,20000,0.050000000000000044,0.01625862419139594,-1.303939926577732,0.0,0.0,0,"{""0"": 16274, ""1"": 14962, ""2"": 18270, ""3"": 14822, ""4"": 20053, ""5"": 12718}",connected
97199,340,20000,0.050000000000000044,0.01685486313421279,-1.303939926577732,0.0,0.0,0,"{""0"": 16286, ""1"": 14986, ""2"": 18306, ""3"": 14829, ""4"": 20072, ""5"": 12720}",connected
97299,340,20000,0.050000000000000044,0.016335355443879963,-1.303939926577732,0.0,0.0,0,"{""0"": 16312, ""1"": 14998, ""2"": 18326, ""3"": 14841, ""4"": 20085, ""5"": 12737}",connected
97399,340,20000,0.050000000000000044,0.017067625829949976,-1.303939926577732,0.0,0.0,0,"{""0"": 16328, ""1"": 15017, ""2"": 18334, ""3"": 14867, ""4"": 20100, ""5"": 12753}",connected
97499,342,20000,0.050000000000000044,0.016193261286243796,-1.2722699228022247,0.0,0.0,0,"{""0"": 16349, ""1"": 15022, ""2"": 18346, ""3"": 14885, ""4"": 20123, ""5"": 12774}",connected
97599,342,20000,0.050000000000000044,0.014985354803502559,-1.2722699228022247,0.0,0.0,0,"{""0"": 16360, ""1"": 15039, ""2"": 18368, ""3"": 14888, ""4"": 20152, ""5"": 12792}",connected
97699,342,20000,0.050000000000000044,0.014558498389087618,-1.2722699228022247,0.0,0.0,0,"{""0"": 16365, ""1"": 15068, ""2"": 18377, ""3"": 14920, ""4"": 20167, ""5"": 12802}",connected
97799,342,20000,0.050000000000000044,0.013468372863717376,-1.2722699228022247,0.0,0.0,0,"{""0"": 16387, ""1"": 15079, ""2"": 18416, ""3"": 14935, ""4"": 20173, ""5"": 12809}",connected
97899,344,20000,0.050000000000000044,0.012847277824766934,-1.1944499204168095,0.0,0.0,0,"{""0"": 16405, ""1"": 15090, ""2"": 18438, ""3"": 14952, ""4"": 20194, ""5"": 12820}",connected
97999,344,20000,0.050000000000000044,0.013077396885491907,-1.1944499204168095,0.0,0.0,0,"{""0"": 16423, ""1"": 15105, ""2"": 18447, ""3"": 14967, ""4"": 20221, ""5"": 12836}",connected
98099,344,20000,0.050000000000000044,0.014402925595641136,-1.1944499204168095,0.0,0.0,0,"{""0"": 16439, ""1"": 15114, ""2"": 18482, ""3"": 14979, ""4"": 20241, ""5"": 12844}",connected
98199,344,20000,0.050000000000000044,0.01621966534294188,-1.1944499204168095,0.0,0.0,0,"{""0"": 16454, ""1"": 15125, ""2"": 18502, ""3"": 15002, ""4"": 20257, ""5"": 12859}",connected
98299,346,20000,0.050000000000000044,0.016556413294747472,-1.1820699221873656,0.0,0.0,0,"{""0"": 16462, ""1"": 15133, ""2"": 18527, ""3"": 15005, ""4"": 20303, ""5"": 12869}",connected
98399,346,20000,0.050000000000000044,0.017224689666181802,-1.1820699221873656,0.0,0.0,0,"{""0"": 16494, ""1"": 15145, ""2"": 18535, ""3"": 15016, ""4"": 20321, ""5"": 12888}",connected
98499,346,20000,0.050000000000000044,0.01634633474983275,-1.1820699221873656,0.0,0.0,0,"{""0"": 16513, ""1"": 15150, ""2"": 18550, ""3"": 15025, ""4"": 20362, ""5"": 12899}",connected
98599,348,20000,0.050000000000000044,0.014955368908122182,-1.1666099229594693,0.0,0.0,0,"{""0"": 16524, ""1"": 15164, ""2"": 18566, ""3"": 15034, ""4"": 20400, ""5"": 12911}",connected
98699,348,20000,0.050000000000000044,0.015652006976306438,-1.1666099229594693,0.0,0.0,0,"{""0"": 16532, ""1"": 15179, ""2"": 18585, ""3"": 15046, ""4"": 20423, ""5"": 12934}",connected
98799,348,20000,0.050000000000000044,0.0161337620485574,-1.1666099229594693,0.0,0.0,0,"{""0"": 16542, ""1"": 15195, ""2"": 18611, ""3"": 15060, ""4"": 20439, ""5"": 12952}",connected
98899,348,20000,0.050000000000000044,0.015790576320141553,-1.1666099229594693,0.0,0.0,0,"{""0"": 16556, ""1"": 15208, ""2"": 18651, ""3"": 15066, ""4"": 20459, ""5"": 12959}",connected
98999,348,20000,0.050000000000000044,0.015555801554583013,-1.1666099229594693,0.0,0.0,0,"{""0"": 16564, ""1"": 15233, ""2"": 18689, ""3"": 15081, ""4"": 20473, ""5"": 12959}",connected
99099,348,20000,0.050000000000000044,0.01595998885575682,-1.1666099229594693,0.0,0.0,0,"{""0"": 16591, ""1"": 15269, ""2"": 18701, ""3"": 15094, ""4"": 20482, ""5"": 12962}",connected
99199,348,20000,0.050000000000000044,0.016359885619021953,-1.1666099229594693,0.0,0.0,0,"{""0"": 16610, ""1"": 15302, ""2"": 18711, ""3"": 15110, ""4"": 20501, ""5"": 12965}",connected
99299,350,20000,0.050000000000000044,0.016725502000190316,-1.216049918825738,0.0,0.0,0,"{""0"": 16630, ""1"": 15329, ""2"": 18730, ""3"": 15113, ""4"": 20530, ""5"": 12967}",connected
99399,350,20000,0.050000000000000044,0.01757751607336104,-1.216049918825738,0.0,0.0,0,"{""0"": 16642, ""1"": 15342, ""2"": 18761, ""3"": 15124, ""4"": 20547, ""5"": 12983}",connected
99499,352,20000,0.050000000000000044,0.01663470091763884,-1.0372299236245452,0.0,0.0,0,"{""0"": 16649, ""1"": 15357, ""2"": 18782, ""3"": 15141, ""4"": 20571, ""5"": 12999}",connected
99599,352,20000,0.050000000000000044,0.014930965560488403,-1.0372299236245452,0.0,0.0,0,"{""0"": 16665, ""1"": 15374, ""2"": 18806, ""3"": 15158, ""4"": 20597, ""5"": 12999}",connected
99699,352,20000,0.050000000000000044,0.015184449316002428,-1.0372299236245452,0.0,0.0,0,"{""0"": 16672, ""1"": 15396, ""2"": 18818, ""3"": 15179, ""4"": 20629, ""5"": 13005}",connected
99799,352,20000,0.050000000000000044,0.015546831754036247,-1.0372299236245452,0.0,0.0,0,"{""0"": 16684, ""1"": 15408, ""2"": 18829, ""3"": 15211, ""4"": 20641, ""5"": 13026}",connected
99899,352,20000,0.050000000000000044,0.01535707438364625,-1.0372299236245452,0.0,0.0,0,"{""0"": 16704, ""1"": 15417, ""2"": 18843, ""3"": 15236, ""4"": 20664, ""5"": 13035}",connected
99999,352,20000,0.050000000000000044,0.015616805837489665,-1.0372299236245452,0.0,0.0,0,"{""0"": 16738, ""1"": 15445, ""2"": 18853, ""3"": 15253, ""4"": 20669, ""5"": 13041}",connected
100099,352,20000,0.050000000000000044,0.01634364446159452,-1.0372299236245452,0.0,0.0,0,"{""0"": 16754, ""1"": 15475, ""2"": 18870, ""3"": 15262, ""4"": 20687, ""5"": 13051}",connected
100199,354,20000,0.050000000000000044,0.016510865124873816,-1.1190199217852206,0.0,0.0,0,"{""0"": 16771, ""1"": 15504, ""2"": 18883, ""3"": 15285, ""4"": 20702, ""5"": 13054}",connected
100299,354,20000,0.050000000000000044,0.015933791049756108,-1.1190199217852206,0.0,0.0,0,"{""0"": 16774, ""1"": 15536, ""2"": 18910, ""3"": 15290, ""4"": 20717, ""5"": 13072}",connected
100399,356,20000,0.050000000000000044,0.01600041658617556,-1.0417699226131663,0.0,0.0,0,"{""0"": 16777, ""1"": 15538, ""2"": 18926, ""3"": 15319, ""4"": 20762, ""5"": 13077}",connected
100499,356,20000,0.050000000000000044,0.014512669225223363,-1.0417699226131663,0.0,0.0,0,"{""0"": 16792, ""1"": 15548, ""2"": 18938, ""3"": 15330, ""4"": 20794, ""5"": 13097}",connected
100599,358,20000,0.050000000000000044,0.013778234557248652,-0.9069099265290425,0.0,0.0,0,"{""0"": 16804, ""1"": 15557, ""2"": 18977, ""3"": 15336, ""4"": 20824, ""5"": 13101}",connected
100699,358,20000,0.050000000000000044,0.015171523289754987,-0.9069099265290425,0.0,0.0,0,"{""0"": 16822, ""1"": 15575, ""2"": 18995, ""3"": 15364, ""4"": 20838, ""5"": 13105}",connected
100799,358,20000,0.050000000000000044,0.015553911784663796,-0.9069099265290425,0.0,0.0,0,"{""0"": 16838, ""1"": 15589, ""2"": 19028, ""3"": 15372, ""4"": 20859, ""5"": 13113}",connected
100899,358,20000,0.050000000000000044,0.016163589819334447,-0.9069099265290425,0.0,0.0,0,"{""0"": 16846, ""1"": 15604, ""2"": 19041, ""3"": 15384, ""4"": 20900, ""5"": 13124}",connected
100999,360,20000,0.050000000000000044,0.016063373647630216,-0.7893899261346087,0.0,0.0,0,"{""0"": 16860, ""1"": 15618, ""2"": 19069, ""3"": 15400, ""4"": 20918, ""5"": 13134}",connected
101099,360,20000,0.050000000000000044,0.016250817836262286,-0.7893899261346087,0.0,0.0,0,"{""0"": 16866, ""1"": 15630, ""2"": 19098, ""3"": 15403, ""4"": 20935, ""5"": 13167}",connected
101199,360,20000,0.050000000000000044,0.017084419340826572,-0.7893899261346087,0.0,0.0,0,"{""0"": 16870, ""1"": 15644, ""2"": 19113, ""3"": 15412, ""4"": 20970, ""5"": 13190}",connected
101299,360,20000,0.050000000000000044,0.01805419395212084,-0.7893899261346087,0.0,0.0,0,"{""0"": 16876, ""1"": 15673, ""2"": 19131, ""3"": 15423, ""4"": 20982, ""5"": 13214}",connected
101399,362,20000,0.050000000000000044,0.019503960227593778,-0.6771099298633635,0.0,0.0,0,"{""0"": 16888, ""1"": 15679, ""2"": 19155, ""3"": 15436, ""4"": 21013, ""5"": 13228}",connected
101499,362,20000,0.050000000000000044,0.01932219762355089,-0.6771099298633635,0.0,0.0,0,"{""0"": 16891, ""1"": 15703, ""2"": 19179, ""3"": 15447, ""4"": 21032, ""5"": 13247}",connected
101599,362,20000,0.050000000000000044,0.018209417117759585,-0.6771099298633635,0.0,0.0,0,"{""0"": 16892, ""1"": 15710, ""2"": 19194, ""3"": 15461, ""4"": 21069, ""5"": 13273}",connected
101699,362,20000,0.050000000000000044,0.01731232140213251,-0.6771099298633635,0.0,0.0,0,"{""0"": 16894, ""1"": 15729, ""2"": 19238, ""3"": 15471, ""4"": 21089, ""5"": 13278}",connected
101799,362,20000,0.050000000000000044,0.015952033707872033,-0.6771099298633635,0.0,0.0,0,"{""0"": 16910, ""1"": 15736, ""2"": 19270, ""3"": 15481, ""4"": 21117, ""5"": 13285}",connected
101899,362,20000,0.050000000000000044,0.015237320847809314,-0.6771099298633635,0.0,0.0,0,"{""0"": 16920, ""1"": 15781, ""2"": 19273, ""3"": 15484, ""4"": 21145, ""5"": 13296}",connected
101999,362,20000,0.050000000000000044,0.015263098268769681,-0.6771099298633635,0.0,0.0,0,"{""0"": 16922, ""1"": 15813, ""2"": 19303, ""3"": 15494, ""4"": 21165, ""5"": 13302}",connected
102099,364,20000,0.050000000000000044,0.016371678872965277,-0.6681299328710884,0.0,0.0,0,"{""0"": 16929, ""1"": 15825, ""2"": 19336, ""3"": 15498, ""4"": 21208, ""5"": 13303}",connected
102199,364,20000,0.050000000000000044,0.01721166914794594,-0.6681299328710884,0.0,0.0,0,"{""0"": 16942, ""1"": 15843, ""2"": 19360, ""3"": 15510, ""4"": 21232, ""5"": 13312}",connected
102299,364,20000,0.050000000000000044,0.017986177601851523,-0.6681299328710884,0.0,0.0,0,"{""0"": 16949, ""1"": 15864, ""2"": 19381, ""3"": 15530, ""4"": 21243, ""5"": 13332}",connected
102399,364,20000,0.050000000000000044,0.017975912457332016,-0.6681299328710884,0.0,0.0,0,"{""0"": 16956, ""1"": 15873, ""2"": 19419, ""3"": 15537, ""4"": 21267, ""5"": 13347}",connected
102499,364,20000,0.050000000000000044,0.016142756892368198,-0.6681299328710884,0.0,0.0,0,"{""0"": 16968, ""1"": 15874, ""2"": 19421, ""3"": 15539, ""4"": 21316, ""5"": 13381}",connected
102599,364,20000,0.050000000000000044,0.01562734245322645,-0.6681299328710884,0.0,0.0,0,"{""0"": 16974, ""1"": 15889, ""2"": 19430, ""3"": 15571, ""4"": 21344, ""5"": 13391}",connected
102699,366,20000,0.050000000000000044,0.015165323121473194,-0.6510899329558015,0.0,0.0,0,"{""0"": 16988, ""1"": 15899, ""2"": 19452, ""3"": 15588, ""4"": 21372, ""5"": 13400}",connected
102799,366,20000,0.050000000000000044,0.014712078962475061,-0.6510899329558015,0.0,0.0,0,"{""0"": 17004, ""1"": 15929, ""2"": 19477, ""3"": 15595, ""4"": 21384, ""5"": 13410}",connected
102899,366,20000,0.050000000000000044,0.014502418702468276,-0.6510899329558015,0.0,0.0,0,"{""0"": 17029, ""1"": 15951, ""2"": 19494, ""3"": 15609, ""4"": 21399, ""5"": 13417}",connected
102999,366,20000,0.050000000000000044,0.014075171500444413,-0.6510899329558015,0.0,0.0,0,"{""0"": 17032, ""1"": 15969, ""2"": 19529, ""3"": 15630, ""4"": 21420, ""5"": 13419}",connected
103099,366,20000,0.050000000000000044,0.014341871584765613,-0.6510899329558015,0.0,0.0,0,"{""0"": 17043, ""1"": 15989, ""2"": 19542, ""3"": 15642, ""4"": 21457, ""5"": 13426}",connected
103199,368,20000,0.050000000000000044,0.014915679306723178,-0.5242099342634902,0.0,0.0,0,"{""0"": 17049, ""1"": 16008, ""2"": 19563, ""3"": 15649, ""4"": 21503, ""5"": 13427}",connected
103299,368,20000,0.050000000000000044,0.016090098679997028,-0.5242099342634902,0.0,0.0,0,"{""0"": 17056, ""1"": 16035, ""2"": 19579, ""3"": 15659, ""4"": 21526, ""5"": 13444}",connected
103399,368,20000,0.050000000000000044,0.016065919999964536,-0.5242099342634902,0.0,0.0,0,"{""0"": 17060, ""1"": 16042, ""2"": 19593, ""3"": 15674, ""4"": 21565, ""5"": 13465}",connected
103499,368,20000,0.050000000000000044,0.015208366578444838,-0.5242099342634902,0.0,0.0,0,"{""0"": 17067, ""1"": 16051, ""2"": 19595, ""3"": 15690, ""4"": 21618, ""5"": 13478}",connected
103599,370,20000,0.050000000000000044,0.01548369623720646,-0.38906993695534764,0.0,0.0,0,"{""0"": 17077, ""1"": 16061, ""2"": 19607, ""3"": 15707, ""4"": 21659, ""5"": 13488}",connected
103699,372,20000,0.050000000000000044,0.014604427982121707,-0.23808993717655538,0.0,0.0,0,"{""0"": 17090, ""1"": 16073, ""2"": 19629, ""3"": 15723, ""4"": 21690, ""5"": 13494}",connected
103799,372,20000,0.050000000000000044,0.014095309441909194,-0.23808993717655538,0.0,0.0,0,"{""0"": 17107, ""1"": 16083, ""2"": 19639, ""3"": 15734, ""4"": 21723, ""5"": 13513}",connected
103899,372,20000,0.050000000000000044,0.01415449595078826,-0.23808993717655538,0.0,0.0,0,"{""0"": 17114, ""1"": 16100, ""2"": 19650, ""3"": 15746, ""4"": 21737, ""5"": 13552}",connected
103999,372,20000,0.050000000000000044,0.013071572948247194,-0.23808993717655538,0.0,0.0,0,"{""0"": 17130, ""1"": 16110, ""2"": 19680, ""3"": 15767, ""4"": 21744, ""5"": 13568}",connected
104099,372,20000,0.050000000000000044,0.014056750498712063,-0.23808993717655538,0.0,0.0,0,"{""0"": 17141, ""1"": 16129, ""2"": 19711, ""3"": 15784, ""4"": 21759, ""5"": 13575}",connected
104199,372,20000,0.050000000000000044,0.01509694236330688,-0.23808993717655538,0.0,0.0,0,"{""0"": 17154, ""1"": 16133, ""2"": 19742, ""3"": 15792, ""4"": 21794, ""5"": 13584}",connected
104299,374,20000,0.050000000000000044,0.01523211524821818,-0.2308599379705265,0.0,0.0,0,"{""0"": 17166, ""1"": 16134, ""2"": 19766, ""3"": 15799, ""4"": 21838, ""5"": 13596}",connected
104399,374,20000,0.050000000000000044,0.016463738512247802,-0.2308599379705265,0.0,0.0,0,"{""0"": 17176, ""1"": 16156, ""2"": 19790, ""3"": 15807, ""4"": 21863, ""5"": 13607}",connected
104499,374,20000,0.050000000000000044,0.016378191336989402,-0.2308599379705265,0.0,0.0,0,"{""0"": 17187, ""1"": 16167, ""2"": 19825, ""3"": 15817, ""4"": 21886, ""5"": 13617}",connected
104599,374,20000,0.050000000000000044,0.016015257029794158,-0.2308599379705265,0.0,0.0,0,"{""0"": 17191, ""1"": 16186, ""2"": 19837, ""3"": 15854, ""4"": 21900, ""5"": 13631}",connected
104699,376,20000,0.050000000000000044,0.017090721498243512,-0.2836299365898594,0.0,0.0,0,"{""0"": 17205, ""1"": 16199, ""2"": 19865, ""3"": 15865, ""4"": 21932, ""5"": 13633}",connected
104799,376,20000,0.050000000000000044,0.017023869254626334,-0.2836299365898594,0.0,0.0,0,"{""0"": 17234, ""1"": 16202, ""2"": 19896, ""3"": 15877, ""4"": 21944, ""5"": 13646}",connected
104899,376,20000,0.050000000000000044,0.016755750929005445,-0.2836299365898594,0.0,0.0,0,"{""0"": 17235, ""1"": 16242, ""2"": 19908, ""3"": 15891, ""4"": 21956, ""5"": 13667}",connected
104999,378,20000,0.050000000000000044,0.017207279237918555,-0.20319994359277188,0.0,0.0,0,"{""0"": 17237, ""1"": 16258, ""2"": 19940, ""3"": 15904, ""4"": 21968, ""5"": 13692}",connected
105099,378,20000,0.050000000000000044,0.01749891855288297,-0.20319994359277188,0.0,0.0,0,"{""0"": 17248, ""1"": 16284, ""2"": 19957, ""3"": 15908, ""4"": 21999, ""5"": 13703}",connected
105199,378,20000,0.050000000000000044,0.01799867542926222,-0.20319994359277188,0.0,0.0,0,"{""0"": 17254, ""1"": 16308, ""2"": 19963, ""3"": 15922, ""4"": 22006, ""5"": 13746}",connected
105299,378,20000,0.050000000000000044,0.018365903827361762,-0.20319994359277188,0.0,0.0,0,"{""0"": 17254, ""1"": 16326, ""2"": 19965, ""3"": 15938, ""4"": 22021, ""5"": 13795}",connected
105399,378,20000,0.050000000000000044,0.018780568335205316,-0.20319994359277188,0.0,0.0,0,"{""0"": 17260, ""1"": 16357, ""2"": 19980, ""3"": 15954, ""4"": 22047, ""5"": 13801}",connected
105499,380,20000,0.050000000000000044,0.01785344741307199,-0.17367994002997875,0.0,0.0,0,"{""0"": 17284, ""1"": 16370, ""2"": 20008, ""3"": 15956, ""4"": 22074, ""5"": 13807}",connected
105599,380,20000,0.050000000000000044,0.017818162245675923,-0.17367994002997875,0.0,0.0,0,"{""0"": 17291, ""1"": 16377, ""2"": 20025, ""3"": 15972, ""4"": 22110, ""5"": 13824}",connected
105699,380,20000,0.050000000000000044,0.017316215219907463,-0.17367994002997875,0.0,0.0,0,"{""0"": 17307, ""1"": 16399, ""2"": 20047, ""3"": 15981, ""4"": 22135, ""5"": 13830}",connected
105799,380,20000,0.050000000000000044,0.01633834447246045,-0.17367994002997875,0.0,0.0,0,"{""0"": 17319, ""1"": 16446, ""2"": 20068, ""3"": 15990, ""4"": 22144, ""5"": 13832}",connected
105899,380,20000,0.050000000000000044,0.014730128832161427,-0.17367994002997875,0.0,0.0,0,"{""0"": 17321, ""1"": 16466, ""2"": 20080, ""3"": 16023, ""4"": 22154, ""5"": 13855}",connected
105999,380,20000,0.050000000000000044,0.013329972098581493,-0.17367994002997875,0.0,0.0,0,"{""0"": 17327, ""1"": 16487, ""2"": 20098, ""3"": 16050, ""4"": 22173, ""5"": 13864}",connected
106099,382,20000,0.050000000000000044,0.01407480202615261,-0.22154994189739227,0.0,0.0,0,"{""0"": 17332, ""1"": 16503, ""2"": 20125, ""3"": 16071, ""4"": 22198, ""5"": 13870}",connected
106199,382,20000,0.050000000000000044,0.014634081376716495,-0.22154994189739227,0.0,0.0,0,"{""0"": 17343, ""1"": 16518, ""2"": 20147, ""3"": 16085, ""4"": 22215, ""5"": 13891}",connected
106299,382,20000,0.050000000000000044,0.016035431963391602,-0.22154994189739227,0.0,0.0,0,"{""0"": 17356, ""1"": 16537, ""2"": 20171, ""3"": 16109, ""4"": 22227, ""5"": 13899}",connected
106399,382,20000,0.050000000000000044,0.01725784007459879,-0.22154994189739227,0.0,0.0,0,"{""0"": 17366, ""1"": 16555, ""2"": 20187, ""3"": 16117, ""4"": 22246, ""5"": 13928}",connected
106499,382,20000,0.050000000000000044,0.016856504995375873,-0.22154994189739227,0.0,0.0,0,"{""0"": 17370, ""1"": 16576, ""2"": 20200, ""3"": 16127, ""4"": 22269, ""5"": 13957}",connected
106599,382,20000,0.050000000000000044,0.01764013824984431,-0.22154994189739227,0.0,0.0,0,"{""0"": 17384, ""1"": 16582, ""2"": 20221, ""3"": 16150, ""4"": 22289, ""5"": 13973}",connected
106699,384,20000,0.050000000000000044,0.018146255747415126,-0.26638993781525644,0.0,0.0,0,"{""0"": 17386, ""1"": 16582, ""2"": 20261, ""3"": 16163, ""4"": 22327, ""5"": 13980}",connected
106799,384,20000,0.050000000000000044,0.01773326642345637,-0.26638993781525644,0.0,0.0,0,"{""0"": 17398, ""1"": 16588, ""2"": 20309, ""3"": 16166, ""4"": 22355, ""5"": 13983}",connected
106899,384,20000,0.050000000000000044,0.016880044038407503,-0.26638993781525644,0.0,0.0,0,"{""0"": 17404, ""1"": 16601, ""2"": 20328, ""3"": 16184, ""4"": 22379, ""5"": 14003}",connected
106999,384,20000,0.050000000000000044,0.01508331905119121,-0.26638993781525644,0.0,0.0,0,"{""0"": 17418, ""1"": 16607, ""2"": 20347, ""3"": 16199, ""4"": 22401, ""5"": 14027}",connected
107099,384,20000,0.050000000000000044,0.015194066395051777,-0.26638993781525644,0.0,0.0,0,"{""0"": 17422, ""1"": 16625, ""2"": 20357, ""3"": 16221, ""4"": 22423, ""5"": 14051}",connected
107199,384,20000,0.050000000000000044,0.015633093672804535,-0.26638993781525644,0.0,0.0,0,"{""0"": 17438, ""1"": 16643, ""2"": 20376, ""3"": 16248, ""4"": 22439, ""5"": 14055}",connected
107299,386,20000,0.050000000000000044,0.016471029431559144,-0.25482993689365685,0.0,0.0,0,"{""0"": 17450, ""1"": 16654, ""2"": 20402, ""3"": 16256, ""4"": 22478, ""5"": 14059}",connected
107399,386,20000,0.050000000000000044,0.017302919942885638,-0.25482993689365685,0.0,0.0,0,"{""0"": 17468, ""1"": 16673, ""2"": 20421, ""3"": 16275, ""4"": 22487, ""5"": 14075}",connected
107499,386,20000,0.050000000000000044,0.016662069326266647,-0.25482993689365685,0.0,0.0,0,"{""0"": 17486, ""1"": 16693, ""2"": 20435, ""3"": 16302, ""4"": 22504, ""5"": 14079}",connected
107599,386,20000,0.050000000000000044,0.01610586275346577,-0.25482993689365685,0.0,0.0,0,"{""0"": 17491, ""1"": 16711, ""2"": 20441, ""3"": 16328, ""4"": 22546, ""5"": 14082}",connected
107699,386,20000,0.050000000000000044,0.015398609880357982,-0.25482993689365685,0.0,0.0,0,"{""0"": 17496, ""1"": 16720, ""2"": 20452, ""3"": 16362, ""4"": 22580, ""5"": 14089}",connected
107799,386,20000,0.050000000000000044,0.014675587937235833,-0.25482993689365685,0.0,0.0,0,"{""0"": 17501, ""1"": 16726, ""2"": 20456, ""3"": 16402, ""4"": 22591, ""5"": 14123}",connected
107899,388,20000,0.050000000000000044,0.015153488479554653,-0.18959994126111268,0.0,0.0,0,"{""0"": 17518, ""1"": 16728, ""2"": 20479, ""3"": 16434, ""4"": 22600, ""5"": 14140}",connected
107999,388,20000,0.050000000000000044,0.013986667953431606,-0.18959994126111268,0.0,0.0,0,"{""0"": 17526, ""1"": 16741, ""2"": 20510, ""3"": 16437, ""4"": 22639, ""5"": 14146}",connected
108099,390,20000,0.050000000000000044,0.01465981911867857,-0.17689993930980563,0.0,0.0,0,"{""0"": 17551, ""1"": 16747, ""2"": 20523, ""3"": 16453, ""4"": 22670, ""5"": 14155}",connected
108199,390,20000,0.050000000000000044,0.015812062760815024,-0.17689993930980563,0.0,0.0,0,"{""0"": 17568, ""1"": 16776, ""2"": 20544, ""3"": 16460, ""4"": 22688, ""5"": 14163}",connected
108299,390,20000,0.050000000000000044,0.015273559726774693,-0.17689993930980563,0.0,0.0,0,"{""0"": 17604, ""1"": 16783, ""2"": 20556, ""3"": 16481, ""4"": 22710, ""5"": 14165}",connected
108399,390,20000,0.050000000000000044,0.016767648886889218,-0.17689993930980563,0.0,0.0,0,"{""0"": 17625, ""1"": 16792, ""2"": 20565, ""3"": 16510, ""4"": 22738, ""5"": 14169}",connected
108499,390,20000,0.050000000000000044,0.016596597312018277,-0.17689993930980563,0.0,0.0,0,"{""0"": 17637, ""1"": 16814, ""2"": 20580, ""3"": 16529, ""4"": 22760, ""5"": 14179}",connected
108599,390,20000,0.050000000000000044,0.01596052340231836,-0.17689993930980563,0.0,0.0,0,"{""0"": 17650, ""1"": 16852, ""2"": 20621, ""3"": 16536, ""4"": 22761, ""5"": 14179}",connected
108699,390,20000,0.050000000000000044,0.015815361170098186,-0.17689993930980563,0.0,0.0,0,"{""0"": 17660, ""1"": 16906, ""2"": 20643, ""3"": 16543, ""4"": 22764, ""5"": 14183}",connected
108799,390,20000,0.050000000000000044,0.01474445704370737,-0.17689993930980563,0.0,0.0,0,"{""0"": 17666, ""1"": 16961, ""2"": 20650, ""3"": 16549, ""4"": 22784, ""5"": 14189}",connected
108899,392,20000,0.050000000000000044,0.0140252033341676,-0.2913899368327111,0.0,0.0,0,"{""0"": 17704, ""1"": 16967, ""2"": 20686, ""3"": 16549, ""4"": 22802, ""5"": 14191}",connected
108999,392,20000,0.050000000000000044,0.013368570324964822,-0.2913899368327111,0.0,0.0,0,"{""0"": 17740, ""1"": 16968, ""2"": 20721, ""3"": 16549, ""4"": 22827, ""5"": 14194}",connected
109099,392,20000,0.050000000000000044,0.013736487939022482,-0.2913899368327111,0.0,0.0,0,"{""0"": 17749, ""1"": 17049, ""2"": 20721, ""3"": 16549, ""4"": 22835, ""5"": 14196}",connected
109199,392,20000,0.050000000000000044,0.01454366855788976,-0.2913899368327111,0.0,0.0,0,"{""0"": 17749, ""1"": 17107, ""2"": 20721, ""3"": 16549, ""4"": 22835, ""5"": 14238}",connected
109299,392,20000,0.050000000000000044,0.015130933257751167,-0.2913899368327111,0.0,0.0,0,"{""0"": 17750, ""1"": 17121, ""2"": 20747, ""3"": 16549, ""4"": 22853, ""5"": 14279}",connected
109399,394,20000,0.050000000000000044,0.015173439560458064,-0.4347199353482574,0.0,0.0,0,"{""0"": 17752, ""1"": 17121, ""2"": 20788, ""3"": 16555, ""4"": 22862, ""5"": 14321}",connected
109499,394,20000,0.050000000000000044,0.014444797919131815,-0.4347199353482574,0.0,0.0,0,"{""0"": 17759, ""1"": 17145, ""2"": 20813, ""3"": 16565, ""4"": 22893, ""5"": 14324}",connected
109599,394,20000,0.050000000000000044,0.014019125034101307,-0.4347199353482574,0.0,0.0,0,"{""0"": 17768, ""1"": 17157, ""2"": 20841, ""3"": 16582, ""4"": 22911, ""5"": 14340}",connected
109699,394,20000,0.050000000000000044,0.013186837201938034,-0.4347199353482574,0.0,0.0,0,"{""0"": 17793, ""1"": 17170, ""2"": 20858, ""3"": 16599, ""4"": 22934, ""5"": 14345}",connected
109799,394,20000,0.050000000000000044,0.012771991454064846,-0.4347199353482574,0.0,0.0,0,"{""0"": 17838, ""1"": 17171, ""2"": 20862, ""3"": 16628, ""4"": 22936, ""5"": 14364}",connected
109899,396,20000,0.050000000000000044,0.012776972898282111,-0.30303993977606297,0.0,0.0,0,"{""0"": 17858, ""1"": 17188, ""2"": 20890, ""3"": 16637, ""4"": 22956, ""5"": 14370}",connected
109999,396,20000,0.050000000000000044,0.012487456272356211,-0.30303993977606297,0.0,0.0,0,"{""0"": 17866, ""1"": 17209, ""2"": 20916, ""3"": 16647, ""4"": 22985, ""5"": 14376}",connected
110099,396,20000,0.050000000000000044,0.013797677382826804,-0.30303993977606297,0.0,0.0,0,"{""0"": 17866, ""1"": 17210, ""2"": 20918, ""3"": 16730, ""4"": 22992, ""5"": 14383}",connected
110199,396,20000,0.050000000000000044,0.015318182855844497,-0.30303993977606297,0.0,0.0,0,"{""0"": 17866, ""1"": 17210, ""2"": 20918, ""3"": 16830, ""4"": 22992, ""5"": 14383}",connected
110299,396,20000,0.050000000000000044,0.016234466833993794,-0.30303993977606297,0.0,0.0,0,"{""0"": 17866, ""1"": 17210, ""2"": 20918, ""3"": 16930, ""4"": 22992, ""5"": 14383}",connected
110399,396,20000,0.050000000000000044,0.01678794457577169,-0.30303993977606297,0.0,0.0,0,"{""0"": 17866, ""1"": 17210, ""2"": 20918, ""3"": 17030, ""4"": 22992, ""5"": 14383}",connected
110499,396,20000,0.050000000000000044,0.016347486739978195,-0.30303993977606297,0.0,0.0,0,"{""0"": 17866, ""1"": 17210, ""2"": 20918, ""3"": 17130, ""4"": 22992, ""5"": 14383}",connected
110599,398,20000,0.050000000000000044,0.015131561616435647,-0.4240199414500967,0.0,0.0,0,"{""0"": 17891, ""1"": 17210, ""2"": 20918, ""3"": 17205, ""4"": 22992, ""5"": 14383}",connected
110699,398,20000,0.050000000000000044,0.014635060201399028,-0.4240199414500967,0.0,0.0,0,"{""0"": 17991, ""1"": 17210, ""2"": 20918, ""3"": 17205, ""4"": 22992, ""5"": 14383}",connected
110799,398,20000,0.050000000000000044,0.014274527556262911,-0.4240199414500967,0.0,0.0,0,"{""0"": 18064, ""1"": 17212, ""2"": 20934, ""3"": 17206, ""4"": 23000, ""5"": 14383}",connected
110899,398,20000,0.050000000000000044,0.013334879730828107,-0.4240199414500967,0.0,0.0,0,"{""0"": 18066, ""1"": 17229, ""2"": 20957, ""3"": 17222, ""4"": 23028, ""5"": 14397}",connected
110999,398,20000,0.050000000000000044,0.012984997970052063,-0.4240199414500967,0.0,0.0,0,"{""0"": 18066, ""1"": 17229, ""2"": 20957, ""3"": 17222, ""4"": 23028, ""5"": 14497}",connected
111099,398,20000,0.050000000000000044,0.012886707107536494,-0.4240199414500967,0.0,0.0,0,"{""0"": 18066, ""1"": 17229, ""2"": 20957, ""3"": 17222, ""4"": 23028, ""5"": 14597}",connected
111199,398,20000,0.050000000000000044,0.01307807009201497,-0.4240199414500967,0.0,0.0,0,"{""0"": 18074, ""1"": 17240, ""2"": 20984, ""3"": 17233, ""4"": 23041, ""5"": 14627}",connected
111299,400,20000,0.050000000000000044,0.014138270546682178,-0.5062399409757927,0.0,0.0,0,"{""0"": 18087, ""1"": 17250, ""2"": 21008, ""3"": 17243, ""4"": 23072, ""5"": 14639}",connected
111399,400,20000,0.050000000000000044,0.014877822631970048,-0.5062399409757927,0.0,0.0,0,"{""0"": 18102, ""1"": 17264, ""2"": 21009, ""3"": 17271, ""4"": 23089, ""5"": 14664}",connected
111499,400,20000,0.050000000000000044,0.015365639473311604,-0.5062399409757927,0.0,0.0,0,"{""0"": 18131, ""1"": 17277, ""2"": 21017, ""3"": 17293, ""4"": 23102, ""5"": 14679}",connected
111599,400,20000,0.050000000000000044,0.015416071070358157,-0.5062399409757927,0.0,0.0,0,"{""0"": 18192, ""1"": 17277, ""2"": 21021, ""3"": 17306, ""4"": 23112, ""5"": 14691}",connected
111699,400,20000,0.050000000000000044,0.015067568691447377,-0.5062399409757927,0.0,0.0,0,"{""0"": 18211, ""1"": 17302, ""2"": 21040, ""3"": 17323, ""4"": 23127, ""5"": 14696}",connected
111799,400,20000,0.050000000000000044,0.014937694165855647,-0.5062399409757927,0.0,0.0,0,"{""0"": 18231, ""1"": 17319, ""2"": 21049, ""3"": 17335, ""4"": 23167, ""5"": 14698}",connected
111899,400,20000,0.050000000000000044,0.013477580095641315,-0.5062399409757927,0.0,0.0,0,"{""0"": 18249, ""1"": 17343, ""2"": 21067, ""3"": 17354, ""4"": 23186, ""5"": 14700}",connected
111999,402,20000,0.050000000000000044,0.012115901550278068,-0.5149699395848438,0.0,0.0,0,"{""0"": 18267, ""1"": 17348, ""2"": 21093, ""3"": 17357, ""4"": 23231, ""5"": 14703}",connected
112099,402,20000,0.050000000000000044,0.013347676955163479,-0.5149699395848438,0.0,0.0,0,"{""0"": 18269, ""1"": 17373, ""2"": 21103, ""3"": 17394, ""4"": 23246, ""5"": 14714}",connected
112199,404,20000,0.050000000000000044,0.015246375747956335,-0.4840199412731454,0.0,0.0,0,"{""0"": 18274, ""1"": 17376, ""2"": 21137, ""3"": 17402, ""4"": 23288, ""5"": 14722}",connected
112299,404,20000,0.050000000000000044,0.01652132618241012,-0.4840199412731454,0.0,0.0,0,"{""0"": 18292, ""1"": 17394, ""2"": 21146, ""3"": 17406, ""4"": 23309, ""5"": 14752}",connected
112399,406,20000,0.050000000000000044,0.01830777131021023,-0.5226799396285787,0.0,0.0,0,"{""0"": 18298, ""1"": 17399, ""2"": 21172, ""3"": 17429, ""4"": 23333, ""5"": 14768}",connected
112499,406,20000,0.050000000000000044,0.016968940449878574,-0.5226799396285787,0.0,0.0,0,"{""0"": 18319, ""1"": 17422, ""2"": 21196, ""3"": 17437, ""4"": 23348, ""5"": 14777}",connected
112599,408,20000,0.050000000000000044,0.014531139614991844,-0.2608799388818443,0.0,0.0,0,"{""0"": 18332, ""1"": 17428, ""2"": 21224, ""3"": 17452, ""4"": 23378, ""5"": 14785}",connected
112699,408,20000,0.050000000000000044,0.013854791545309126,-0.2608799388818443,0.0,0.0,0,"{""0"": 18338, ""1"": 17453, ""2"": 21241, ""3"": 17467, ""4"": 23410, ""5"": 14790}",connected
112799,408,20000,0.050000000000000044,0.012775555215775967,-0.2608799388818443,0.0,0.0,0,"{""0"": 18354, ""1"": 17463, ""2"": 21257, ""3"": 17478, ""4"": 23424, ""5"": 14823}",connected
112899,410,20000,0.050000000000000044,0.012325820620171726,-0.3046799383778125,0.0,0.0,0,"{""0"": 18363, ""1"": 17472, ""2"": 21287, ""3"": 17489, ""4"": 23451, ""5"": 14837}",connected
112999,410,20000,0.050000000000000044,0.012741263443604111,-0.3046799383778125,0.0,0.0,0,"{""0"": 18387, ""1"": 17490, ""2"": 21305, ""3"": 17494, ""4"": 23481, ""5"": 14842}",connected
113099,410,20000,0.050000000000000044,0.013743872698396444,-0.3046799383778125,0.0,0.0,0,"{""0"": 18407, ""1"": 17512, ""2"": 21332, ""3"": 17505, ""4"": 23491, ""5"": 14852}",connected
113199,410,20000,0.050000000000000044,0.015122832185588776,-0.3046799383778125,0.0,0.0,0,"{""0"": 18443, ""1"": 17514, ""2"": 21358, ""3"": 17522, ""4"": 23493, ""5"": 14869}",connected
113299,410,20000,0.050000000000000044,0.01575149123556912,-0.3046799383778125,0.0,0.0,0,"{""0"": 18482, ""1"": 17515, ""2"": 21393, ""3"": 17538, ""4"": 23494, ""5"": 14877}",connected
113399,410,20000,0.050000000000000044,0.01662569007370621,-0.3046799383778125,0.0,0.0,0,"{""0"": 18492, ""1"": 17526, ""2"": 21401, ""3"": 17559, ""4"": 23507, ""5"": 14914}",connected
113499,410,20000,0.050000000000000044,0.016050592744722963,-0.3046799383778125,0.0,0.0,0,"{""0"": 18499, ""1"": 17538, ""2"": 21424, ""3"": 17587, ""4"": 23530, ""5"": 14921}",connected
113599,412,20000,0.050000000000000044,0.01565250379499048,-0.46454993465915323,0.0,0.0,0,"{""0"": 18514, ""1"": 17548, ""2"": 21451, ""3"": 17595, ""4"": 23556, ""5"": 14935}",connected
113699,412,20000,0.050000000000000044,0.014880682611837982,-0.46454993465915323,0.0,0.0,0,"{""0"": 18532, ""1"": 17559, ""2"": 21473, ""3"": 17615, ""4"": 23578, ""5"": 14942}",connected
113799,412,20000,0.050000000000000044,0.01448000008240342,-0.46454993465915323,0.0,0.0,0,"{""0"": 18553, ""1"": 17572, ""2"": 21500, ""3"": 17639, ""4"": 23581, ""5"": 14954}",connected
113899,412,20000,0.050000000000000044,0.013980098692700267,-0.46454993465915323,0.0,0.0,0,"{""0"": 18578, ""1"": 17582, ""2"": 21533, ""3"": 17660, ""4"": 23590, ""5"": 14956}",connected
113999,412,20000,0.050000000000000044,0.014031318640336394,-0.46454993465915323,0.0,0.0,0,"{""0"": 18588, ""1"": 17596, ""2"": 21559, ""3"": 17682, ""4"": 23600, ""5"": 14974}",connected
114099,414,20000,0.050000000000000044,0.016710747117176652,-0.39314993780571966,0.0,0.0,0,"{""0"": 18593, ""1"": 17607, ""2"": 21593, ""3"": 17698, ""4"": 23627, ""5"": 14981}",connected
114199,414,20000,0.050000000000000044,0.017158652036450804,-0.39314993780571966,0.0,0.0,0,"{""0"": 18595, ""1"": 17634, ""2"": 21614, ""3"": 17714, ""4"": 23651, ""5"": 14991}",connected
114299,416,20000,0.050000000000000044,0.017606981042772533,-0.3885999386804178,0.0,0.0,0,"{""0"": 18609, ""1"": 17642, ""2"": 21637, ""3"": 17716, ""4"": 23696, ""5"": 14999}",connected
114399,416,20000,0.050000000000000044,0.01767617235891521,-0.3885999386804178,0.0,0.0,0,"{""0"": 18612, ""1"": 17667, ""2"": 21655, ""3"": 17723, ""4"": 23711, ""5"": 15031}",connected
114499,418,20000,0.050000000000000044,0.015770883476361634,-0.3734499373706058,0.0,0.0,0,"{""0"": 18633, ""1"": 17672, ""2"": 21683, ""3"": 17737, ""4"": 23741, ""5"": 15033}",connected
114599,418,20000,0.050000000000000044,0.015033735977485776,-0.3734499373706058,0.0,0.0,0,"{""0"": 18642, ""1"": 17688, ""2"": 21710, ""3"": 17738, ""4"": 23784, ""5"": 15037}",connected
114699,418,20000,0.050000000000000044,0.01444024873431772,-0.3734499373706058,0.0,0.0,0,"{""0"": 18674, ""1"": 17703, ""2"": 21726, ""3"": 17748, ""4"": 23798, ""5"": 15050}",connected
114799,418,20000,0.050000000000000044,0.013920476487837731,-0.3734499373706058,0.0,0.0,0,"{""0"": 18680, ""1"": 17715, ""2"": 21747, ""3"": 17751, ""4"": 23821, ""5"": 15085}",connected
114899,420,20000,0.050000000000000044,0.013297111135907471,-0.41085993718821556,0.0,0.0,0,"{""0"": 18691, ""1"": 17729, ""2"": 21768, ""3"": 17763, ""4"": 23845, ""5"": 15103}",connected
114999,420,20000,0.050000000000000044,0.012525437059812248,-0.41085993718821556,0.0,0.0,0,"{""0"": 18724, ""1"": 17743, ""2"": 21782, ""3"": 17781, ""4"": 23852, ""5"": 15117}",connected
115099,422,20000,0.050000000000000044,0.01485593169927597,-0.4122599337203428,0.0,0.0,0,"{""0"": 18728, ""1"": 17746, ""2"": 21810, ""3"": 17787, ""4"": 23906, ""5"": 15122}",connected
115199,424,20000,0.050000000000000044,0.015412646816112102,-0.17562993098516017,0.0,0.0,0,"{""0"": 18753, ""1"": 17761, ""2"": 21835, ""3"": 17800, ""4"": 23924, ""5"": 15126}",connected
115299,424,20000,0.050000000000000044,0.01640792130958289,-0.17562993098516017,0.0,0.0,0,"{""0"": 18764, ""1"": 17771, ""2"": 21859, ""3"": 17806, ""4"": 23968, ""5"": 15131}",connected
115399,426,20000,0.050000000000000044,0.017219568393193184,-0.1351599360955879,0.0,0.0,0,"{""0"": 18775, ""1"": 17779, ""2"": 21882, ""3"": 17819, ""4"": 24000, ""5"": 15144}",connected
115499,426,20000,0.050000000000000044,0.01539999368134886,-0.1351599360955879,0.0,0.0,0,"{""0"": 18783, ""1"": 17801, ""2"": 21900, ""3"": 17821, ""4"": 24041, ""5"": 15153}",connected
115599,426,20000,0.050000000000000044,0.01411950282752514,-0.1351599360955879,0.0,0.0,0,"{""0"": 18801, ""1"": 17821, ""2"": 21913, ""3"": 17847, ""4"": 24055, ""5"": 15162}",connected
115699,428,20000,0.050000000000000044,0.01346847763750702,-0.16712993630673736,0.0,0.0,0,"{""0"": 18817, ""1"": 17826, ""2"": 21936, ""3"": 17854, ""4"": 24101, ""5"": 15165}",connected
115799,428,20000,0.050000000000000044,0.01272164072841406,-0.16712993630673736,0.0,0.0,0,"{""0"": 18827, ""1"": 17838, ""2"": 21954, ""3"": 17877, ""4"": 24133, ""5"": 15170}",connected
115899,428,20000,0.050000000000000044,0.01218984586186707,-0.16712993630673736,0.0,0.0,0,"{""0"": 18845, ""1"": 17860, ""2"": 21985, ""3"": 17885, ""4"": 24154, ""5"": 15170}",connected
115999,430,20000,0.050000000000000044,0.012395192715339363,-0.1523699355032295,0.0,0.0,0,"{""0"": 18854, ""1"": 17879, ""2"": 22016, ""3"": 17887, ""4"": 24193, ""5"": 15170}",connected
116099,430,20000,0.050000000000000044,0.012458903403021394,-0.1523699355032295,0.0,0.0,0,"{""0"": 18879, ""1"": 17890, ""2"": 22034, ""3"": 17902, ""4"": 24214, ""5"": 15180}",connected
116199,430,20000,0.050000000000000044,0.013138276897370816,-0.1523699355032295,0.0,0.0,0,"{""0"": 18894, ""1"": 17905, ""2"": 22037, ""3"": 17916, ""4"": 24234, ""5"": 15213}",connected
116299,432,20000,0.050000000000000044,0.013718637581914663,-0.1539399343635887,0.0,0.0,0,"{""0"": 18908, ""1"": 17909, ""2"": 22066, ""3"": 17926, ""4"": 24256, ""5"": 15234}",connected
116399,432,20000,0.050000000000000044,0.013875670372508466,-0.1539399343635887,0.0,0.0,0,"{""0"": 18937, ""1"": 17914, ""2"": 22078, ""3"": 17926, ""4"": 24303, ""5"": 15241}",connected
116499,432,20000,0.050000000000000044,0.013410559347830713,-0.1539399343635887,0.0,0.0,0,"{""0"": 18965, ""1"": 17926, ""2"": 22097, ""3"": 17946, ""4"": 24314, ""5"": 15251}",connected
116599,434,20000,0.050000000000000044,0.013635454108007252,-0.17133993438910694,0.0,0.0,0,"{""0"": 18980, ""1"": 17928, ""2"": 22118, ""3"": 17962, ""4"": 24352, ""5"": 15259}",connected
116699,434,20000,0.050000000000000044,0.013034518216736615,-0.17133993438910694,0.0,0.0,0,"{""0"": 19001, ""1"": 17940, ""2"": 22131, ""3"": 17969, ""4"": 24374, ""5"": 15284}",connected
116799,434,20000,0.050000000000000044,0.013727896646596491,-0.17133993438910694,0.0,0.0,0,"{""0"": 19026, ""1"": 17973, ""2"": 22140, ""3"": 17980, ""4"": 24383, ""5"": 15297}",connected
116899,434,20000,0.050000000000000044,0.014004129744134843,-0.17133993438910694,0.0,0.0,0,"{""0"": 19069, ""1"": 17998, ""2"": 22157, ""3"": 17981, ""4"": 24393, ""5"": 15301}",connected
116999,434,20000,0.050000000000000044,0.013536896193400025,-0.17133993438910694,0.0,0.0,0,"{""0"": 19112, ""1"": 18024, ""2"": 22171, ""3"": 17982, ""4"": 24408, ""5"": 15302}",connected
117099,434,20000,0.050000000000000044,0.014383117272518574,-0.17133993438910694,0.0,0.0,0,"{""0"": 19141, ""1"": 18076, ""2"": 22174, ""3"": 17982, ""4"": 24423, ""5"": 15303}",connected
117199,434,20000,0.050000000000000044,0.01431504162028432,-0.17133993438910694,0.0,0.0,0,"{""0"": 19146, ""1"": 18103, ""2"": 22176, ""3"": 18005, ""4"": 24443, ""5"": 15326}",connected
117299,436,20000,0.050000000000000044,0.014953718716278673,-0.19994993437081576,0.0,0.0,0,"{""0"": 19171, ""1"": 18124, ""2"": 22183, ""3"": 18020, ""4"": 24473, ""5"": 15328}",connected
117399,436,20000,0.050000000000000044,0.015302196447737514,-0.19994993437081576,0.0,0.0,0,"{""0"": 19195, ""1"": 18133, ""2"": 22204, ""3"": 18036, ""4"": 24501, ""5"": 15330}",connected
117499,436,20000,0.050000000000000044,0.014125703065656126,-0.19994993437081576,0.0,0.0,0,"{""0"": 19198, ""1"": 18173, ""2"": 22208, ""3"": 18053, ""4"": 24507, ""5"": 15360}",connected
117599,436,20000,0.050000000000000044,0.013791906787082553,-0.19994993437081576,0.0,0.0,0,"{""0"": 19203, ""1"": 18221, ""2"": 22208, ""3"": 18073, ""4"": 24522, ""5"": 15372}",connected
117699,436,20000,0.050000000000000044,0.01293922598939389,-0.19994993437081576,0.0,0.0,0,"{""0"": 19204, ""1"": 18271, ""2"": 22212, ""3"": 18101, ""4"": 24525, ""5"": 15386}",connected
117799,436,20000,0.050000000000000044,0.011983420723117888,-0.19994993437081576,0.0,0.0,0,"{""0"": 19220, ""1"": 18307, ""2"": 22212, ""3"": 18118, ""4"": 24549, ""5"": 15393}",connected
117899,436,20000,0.050000000000000044,0.012940302826464176,-0.19994993437081576,0.0,0.0,0,"{""0"": 19224, ""1"": 18373, ""2"": 22214, ""3"": 18137, ""4"": 24552, ""5"": 15399}",connected
117999,438,20000,0.050000000000000044,0.01229793110396713,-0.3272599330637604,0.0,0.0,0,"{""0"": 19247, ""1"": 18429, ""2"": 22217, ""3"": 18142, ""4"": 24563, ""5"": 15401}",connected
118099,438,20000,0.050000000000000044,0.013322153622284531,-0.3272599330637604,0.0,0.0,0,"{""0"": 19260, ""1"": 18440, ""2"": 22245, ""3"": 18145, ""4"": 24604, ""5"": 15405}",connected
118199,438,20000,0.050000000000000044,0.01399322842247784,-0.3272599330637604,0.0,0.0,0,"{""0"": 19268, ""1"": 18471, ""2"": 22266, ""3"": 18159, ""4"": 24623, ""5"": 15412}",connected
118299,440,20000,0.050000000000000044,0.014471477246843278,-0.32319993680343034,0.0,0.0,0,"{""0"": 19284, ""1"": 18487, ""2"": 22279, ""3"": 18173, ""4"": 24657, ""5"": 15419}",connected
118399,440,20000,0.050000000000000044,0.014994195620529354,-0.32319993680343034,0.0,0.0,0,"{""0"": 19301, ""1"": 18505, ""2"": 22282, ""3"": 18203, ""4"": 24680, ""5"": 15428}",connected
118499,440,20000,0.050000000000000044,0.01475490391254425,-0.32319993680343034,0.0,0.0,0,"{""0"": 19330, ""1"": 18528, ""2"": 22283, ""3"": 18208, ""4"": 24689, ""5"": 15461}",connected
118599,440,20000,0.050000000000000044,0.015270792450755834,-0.32319993680343034,0.0,0.0,0,"{""0"": 19352, ""1"": 18552, ""2"": 22289, ""3"": 18237, ""4"": 24706, ""5"": 15463}",connected
118699,440,20000,0.050000000000000044,0.01452970749232918,-0.32319993680343034,0.0,0.0,0,"{""0"": 19362, ""1"": 18563, ""2"": 22318, ""3"": 18247, ""4"": 24729, ""5"": 15480}",connected
118799,440,20000,0.050000000000000044,0.014941443339921534,-0.32319993680343034,0.0,0.0,0,"{""0"": 19372, ""1"": 18591, ""2"": 22326, ""3"": 18274, ""4"": 24738, ""5"": 15498}",connected
118899,440,20000,0.050000000000000044,0.013799761007539928,-0.32319993680343034,0.0,0.0,0,"{""0"": 19374, ""1"": 18660, ""2"": 22326, ""3"": 18283, ""4"": 24753, ""5"": 15503}",connected
118999,442,20000,0.050000000000000044,0.01328961119055748,-0.4300299401488155,0.0,0.0,0,"{""0"": 19409, ""1"": 18674, ""2"": 22337, ""3"": 18295, ""4"": 24773, ""5"": 15511}",connected
119099,442,20000,0.050000000000000044,0.014139301208779216,-0.4300299401488155,0.0,0.0,0,"{""0"": 19422, ""1"": 18689, ""2"": 22356, ""3"": 18324, ""4"": 24794, ""5"": 15514}",connected
119199,444,20000,0.050000000000000044,0.014554866375401616,-0.40158994191791864,0.0,0.0,0,"{""0"": 19433, ""1"": 18701, ""2"": 22374, ""3"": 18340, ""4"": 24828, ""5"": 15523}",connected
119299,444,20000,0.050000000000000044,0.014789921566843986,-0.40158994191791864,0.0,0.0,0,"{""0"": 19450, ""1"": 18716, ""2"": 22387, ""3"": 18359, ""4"": 24841, ""5"": 15546}",connected
119399,444,20000,0.050000000000000044,0.015150561588816345,-0.40158994191791864,0.0,0.0,0,"{""0"": 19468, ""1"": 18736, ""2"": 22408, ""3"": 18375, ""4"": 24856, ""5"": 15556}",connected
119499,444,20000,0.050000000000000044,0.01500630286987871,-0.40158994191791864,0.0,0.0,0,"{""0"": 19496, ""1"": 18740, ""2"": 22414, ""3"": 18411, ""4"": 24873, ""5"": 15565}",connected
119599,446,20000,0.050000000000000044,0.013514067316427826,-0.392189938290976,0.0,0.0,0,"{""0"": 19498, ""1"": 18758, ""2"": 22433, ""3"": 18435, ""4"": 24903, ""5"": 15572}",connected
119699,446,20000,0.050000000000000044,0.014344496987760066,-0.392189938290976,0.0,0.0,0,"{""0"": 19516, ""1"": 18767, ""2"": 22455, ""3"": 18437, ""4"": 24946, ""5"": 15578}",connected
119799,446,20000,0.050000000000000044,0.01358335851226002,-0.392189938290976,0.0,0.0,0,"{""0"": 19530, ""1"": 18779, ""2"": 22471, ""3"": 18444, ""4"": 24982, ""5"": 15593}",connected
119899,446,20000,0.050000000000000044,0.012319910102523863,-0.392189938290976,0.0,0.0,0,"{""0"": 19579, ""1"": 18780, ""2"": 22484, ""3"": 18448, ""4"": 25007, ""5"": 15601}",connected
119999,446,20000,0.050000000000000044,0.012733451318927108,-0.392189938290976,0.0,0.0,0,"{""0"": 19602, ""1"": 18786, ""2"": 22488, ""3"": 18465, ""4"": 25031, ""5"": 15627}",connected
120099,446,20000,0.050000000000000044,0.013919291887432336,-0.392189938290976,0.0,0.0,0,"{""0"": 19636, ""1"": 18802, ""2"": 22496, ""3"": 18494, ""4"": 25039, ""5"": 15632}",connected
120199,446,20000,0.050000000000000044,0.015248081083409488,-0.392189938290976,0.0,0.0,0,"{""0"": 19652, ""1"": 18814, ""2"": 22504, ""3"": 18535, ""4"": 25056, ""5"": 15638}",connected
120299,448,20000,0.050000000000000044,0.015544551205821336,-0.5131899350369349,0.0,0.0,0,"{""0"": 19654, ""1"": 18854, ""2"": 22508, ""3"": 18552, ""4"": 25077, ""5"": 15654}",connected
120399,448,20000,0.050000000000000044,0.01655178318731487,-0.5131899350369349,0.0,0.0,0,"{""0"": 19669, ""1"": 18873, ""2"": 22529, ""3"": 18559, ""4"": 25111, ""5"": 15658}",connected
120499,448,20000,0.050000000000000044,0.015123832607641816,-0.5131899350369349,0.0,0.0,0,"{""0"": 19689, ""1"": 18878, ""2"": 22538, ""3"": 18602, ""4"": 25130, ""5"": 15662}",connected
120599,448,20000,0.050000000000000044,0.013995240116491914,-0.5131899350369349,0.0,0.0,0,"{""0"": 19715, ""1"": 18891, ""2"": 22555, ""3"": 18627, ""4"": 25142, ""5"": 15669}",connected
120699,450,20000,0.050000000000000044,0.014841072466224433,-0.38146993721369654,0.0,0.0,0,"{""0"": 19728, ""1"": 18892, ""2"": 22577, ""3"": 18634, ""4"": 25194, ""5"": 15674}",connected
120799,450,20000,0.050000000000000044,0.013870159126818181,-0.38146993721369654,0.0,0.0,0,"{""0"": 19747, ""1"": 18910, ""2"": 22581, ""3"": 18643, ""4"": 25231, ""5"": 15687}",connected
120899,450,20000,0.050000000000000044,0.013714540293440223,-0.38146993721369654,0.0,0.0,0,"{""0"": 19762, ""1"": 18917, ""2"": 22606, ""3"": 18672, ""4"": 25245, ""5"": 15697}",connected
120999,452,20000,0.050000000000000044,0.014056572313420475,-0.38484993531834333,0.0,0.0,0,"{""0"": 19779, ""1"": 18921, ""2"": 22636, ""3"": 18677, ""4"": 25285, ""5"": 15701}",connected
121099,452,20000,0.050000000000000044,0.01376022647600621,-0.38484993531834333,0.0,0.0,0,"{""0"": 19794, ""1"": 18932, ""2"": 22643, ""3"": 18689, ""4"": 25328, ""5"": 15713}",connected
121199,452,20000,0.050000000000000044,0.014349455893971026,-0.38484993531834333,0.0,0.0,0,"{""0"": 19820, ""1"": 18945, ""2"": 22655, ""3"": 18702, ""4"": 25347, ""5"": 15730}",connected
121299,452,20000,0.050000000000000044,0.01579036746174097,-0.38484993531834333,0.0,0.0,0,"{""0"": 19846, ""1"": 18956, ""2"": 22667, ""3"": 18724, ""4"": 25365, ""5"": 15741}",connected
121399,452,20000,0.050000000000000044,0.016652642232365907,-0.38484993531834333,0.0,0.0,0,"{""0"": 19856, ""1"": 18977, ""2"": 22706, ""3"": 18734, ""4"": 25382, ""5"": 15744}",connected
121499,454,20000,0.050000000000000044,0.015830499776639043,-0.2783299367083237,0.0,0.0,0,"{""0"": 19862, ""1"": 18995, ""2"": 22722, ""3"": 18742, ""4"": 25417, ""5"": 15761}",connected
121599,456,20000,0.050000000000000044,0.015677384892478587,-0.27651993648614737,0.0,0.0,0,"{""0"": 19878, ""1"": 19001, ""2"": 22739, ""3"": 18755, ""4"": 25454, ""5"": 15772}",connected
121699,456,20000,0.050000000000000044,0.013963142465800047,-0.27651993648614737,0.0,0.0,0,"{""0"": 19893, ""1"": 19021, ""2"": 22741, ""3"": 18765, ""4"": 25478, ""5"": 15801}",connected
121799,458,20000,0.050000000000000044,0.012610157933086157,-0.24449993438553064,0.0,0.0,0,"{""0"": 19919, ""1"": 19032, ""2"": 22766, ""3"": 18781, ""4"": 25497, ""5"": 15804}",connected
121899,458,20000,0.050000000000000044,0.01384134859777987,-0.24449993438553064,0.0,0.0,0,"{""0"": 19923, ""1"": 19037, ""2"": 22801, ""3"": 18788, ""4"": 25536, ""5"": 15814}",connected
121999,458,20000,0.050000000000000044,0.013887621788308024,-0.24449993438553064,0.0,0.0,0,"{""0"": 19935, ""1"": 19058, ""2"": 22808, ""3"": 18804, ""4"": 25555, ""5"": 15839}",connected
122099,458,20000,0.050000000000000044,0.014812495452351868,-0.24449993438553064,0.0,0.0,0,"{""0"": 19940, ""1"": 19079, ""2"": 22825, ""3"": 18831, ""4"": 25573, ""5"": 15851}",connected
122199,458,20000,0.050000000000000044,0.01622324134223163,-0.24449993438553064,0.0,0.0,0,"{""0"": 19942, ""1"": 19094, ""2"": 22858, ""3"": 18842, ""4"": 25598, ""5"": 15865}",connected
122299,458,20000,0.050000000000000044,0.016645133746787905,-0.24449993438553064,0.0,0.0,0,"{""0"": 19974, ""1"": 19104, ""2"": 22876, ""3"": 18849, ""4"": 25626, ""5"": 15870}",connected
122399,460,20000,0.050000000000000044,0.016703467573970555,-0.23399993717670442,0.0,0.0,0,"{""0"": 19993, ""1"": 19117, ""2"": 22900, ""3"": 18859, ""4"": 25652, ""5"": 15878}",connected
122499,460,20000,0.050000000000000044,0.01562038186006248,-0.23399993717670442,0.0,0.0,0,"{""0"": 20013, ""1"": 19132, ""2"": 22919, ""3"": 18866, ""4"": 25671, ""5"": 15898}",connected
122599,460,20000,0.050000000000000044,0.014333889512345195,-0.23399993717670442,0.0,0.0,0,"{""0"": 20021, ""1"": 19159, ""2"": 22934, ""3"": 18886, ""4"": 25683, ""5"": 15916}",connected
122699,460,20000,0.050000000000000044,0.012561412025243045,-0.23399993717670442,0.0,0.0,0,"{""0"": 20029, ""1"": 19188, ""2"": 22945, ""3"": 18915, ""4"": 25701, ""5"": 15921}",connected
122799,460,20000,0.050000000000000044,0.012192409471608698,-0.23399993717670442,0.0,0.0,0,"{""0"": 20038, ""1"": 19213, ""2"": 22952, ""3"": 18947, ""4"": 25722, ""5"": 15927}",connected
122899,460,20000,0.050000000000000044,0.012955758315511047,-0.23399993717670442,0.0,0.0,0,"{""0"": 20047, ""1"": 19245, ""2"": 22966, ""3"": 18959, ""4"": 25738, ""5"": 15944}",connected
122999,460,20000,0.050000000000000044,0.013314946498721838,-0.23399993717670442,0.0,0.0,0,"{""0"": 20049, ""1"": 19268, ""2"": 22973, ""3"": 18992, ""4"": 25762, ""5"": 15955}",connected
123099,462,20000,0.050000000000000044,0.014384407917968928,-0.38769993480760606,0.0,0.0,0,"{""0"": 20057, ""1"": 19302, ""2"": 22991, ""3"": 19001, ""4"": 25793, ""5"": 15955}",connected
123199,462,20000,0.050000000000000044,0.01499682757537812,-0.38769993480760606,0.0,0.0,0,"{""0"": 20077, ""1"": 19305, ""2"": 23006, ""3"": 19003, ""4"": 25831, ""5"": 15977}",connected
123299,462,20000,0.050000000000000044,0.015023726103827358,-0.38769993480760606,0.0,0.0,0,"{""0"": 20083, ""1"": 19322, ""2"": 23029, ""3"": 19029, ""4"": 25852, ""5"": 15984}",connected
123399,464,20000,0.050000000000000044,0.014759160429239273,-0.22948993250727653,0.0,0.0,0,"{""0"": 20100, ""1"": 19327, ""2"": 23044, ""3"": 19043, ""4"": 25892, ""5"": 15993}",connected
123499,464,20000,0.050000000000000044,0.013628293294459581,-0.22948993250727653,0.0,0.0,0,"{""0"": 20117, ""1"": 19363, ""2"": 23062, ""3"": 19050, ""4"": 25912, ""5"": 15995}",connected
123599,464,20000,0.050000000000000044,0.01283084656111896,-0.22948993250727653,0.0,0.0,0,"{""0"": 20130, ""1"": 19401, ""2"": 23081, ""3"": 19063, ""4"": 25923, ""5"": 16001}",connected
123699,464,20000,0.050000000000000044,0.01261788219679147,-0.22948993250727653,0.0,0.0,0,"{""0"": 20132, ""1"": 19415, ""2"": 23083, ""3"": 19097, ""4"": 25956, ""5"": 16016}",connected
123799,464,20000,0.050000000000000044,0.012690046150237323,-0.22948993250727653,0.0,0.0,0,"{""0"": 20140, ""1"": 19453, ""2"": 23086, ""3"": 19125, ""4"": 25970, ""5"": 16025}",connected
123899,464,20000,0.050000000000000044,0.0134544871840626,-0.22948993250727653,0.0,0.0,0,"{""0"": 20156, ""1"": 19493, ""2"": 23092, ""3"": 19140, ""4"": 25986, ""5"": 16032}",connected
123999,464,20000,0.050000000000000044,0.012635801937431097,-0.22948993250727653,0.0,0.0,0,"{""0"": 20173, ""1"": 19504, ""2"": 23103, ""3"": 19154, ""4"": 26017, ""5"": 16048}",connected
124099,466,20000,0.050000000000000044,0.012724505253136158,-0.3214699334045872,0.0,0.0,0,"{""0"": 20179, ""1"": 19519, ""2"": 23111, ""3"": 19176, ""4"": 26057, ""5"": 16057}",connected
124199,466,20000,0.050000000000000044,0.013227959629148245,-0.3214699334045872,0.0,0.0,0,"{""0"": 20217, ""1"": 19539, ""2"": 23120, ""3"": 19183, ""4"": 26075, ""5"": 16065}",connected
124299,468,20000,0.050000000000000044,0.012878918712958693,-0.2865099318884313,0.0,0.0,0,"{""0"": 20229, ""1"": 19551, ""2"": 23148, ""3"": 19194, ""4"": 26106, ""5"": 16071}",connected
124399,468,20000,0.050000000000000044,0.013644004627130925,-0.2865099318884313,0.0,0.0,0,"{""0"": 20249, ""1"": 19554, ""2"": 23193, ""3"": 19205, ""4"": 26116, ""5"": 16082}",connected
124499,468,20000,0.050000000000000044,0.013936962080188096,-0.2865099318884313,0.0,0.0,0,"{""0"": 20252, ""1"": 19589, ""2"": 23232, ""3"": 19206, ""4"": 26122, ""5"": 16098}",connected
124599,468,20000,0.050000000000000044,0.014023599522188306,-0.2865099318884313,0.0,0.0,0,"{""0"": 20261, ""1"": 19610, ""2"": 23273, ""3"": 19206, ""4"": 26134, ""5"": 16115}",connected
124699,468,20000,0.050000000000000044,0.013266298198141157,-0.2865099318884313,0.0,0.0,0,"{""0"": 20263, ""1"": 19632, ""2"": 23327, ""3"": 19220, ""4"": 26140, ""5"": 16117}",connected
124799,468,20000,0.050000000000000044,0.01264662847854197,-0.2865099318884313,0.0,0.0,0,"{""0"": 20263, ""1"": 19657, ""2"": 23365, ""3"": 19236, ""4"": 26151, ""5"": 16127}",connected
124899,468,20000,0.050000000000000044,0.01199017679784447,-0.2865099318884313,0.0,0.0,0,"{""0"": 20266, ""1"": 19700, ""2"": 23392, ""3"": 19244, ""4"": 26156, ""5"": 16141}",connected
124999,470,20000,0.050000000000000044,0.01057900940068066,-0.41862993058748543,0.0,0.0,0,"{""0"": 20269, ""1"": 19722, ""2"": 23421, ""3"": 19248, ""4"": 26185, ""5"": 16154}",connected
125099,470,20000,0.050000000000000044,0.011764483409933746,-0.41862993058748543,0.0,0.0,0,"{""0"": 20296, ""1"": 19736, ""2"": 23434, ""3"": 19257, ""4"": 26213, ""5"": 16163}",connected
125199,470,20000,0.050000000000000044,0.013160518477670849,-0.41862993058748543,0.0,0.0,0,"{""0"": 20319, ""1"": 19771, ""2"": 23439, ""3"": 19276, ""4"": 26227, ""5"": 16167}",connected
125299,470,20000,0.050000000000000044,0.013580323387868702,-0.41862993058748543,0.0,0.0,0,"{""0"": 20335, ""1"": 19797, ""2"": 23450, ""3"": 19289, ""4"": 26250, ""5"": 16178}",connected
125399,470,20000,0.050000000000000044,0.01393838919699192,-0.41862993058748543,0.0,0.0,0,"{""0"": 20350, ""1"": 19825, ""2"": 23467, ""3"": 19301, ""4"": 26267, ""5"": 16189}",connected
125499,470,20000,0.050000000000000044,0.014452444878406823,-0.41862993058748543,0.0,0.0,0,"{""0"": 20357, ""1"": 19850, ""2"": 23482, ""3"": 19319, ""4"": 26287, ""5"": 16204}",connected
125599,470,20000,0.050000000000000044,0.013869649008847773,-0.41862993058748543,0.0,0.0,0,"{""0"": 20376, ""1"": 19861, ""2"": 23505, ""3"": 19338, ""4"": 26310, ""5"": 16209}",connected
125699,472,20000,0.050000000000000044,0.012074201190844179,-0.5749299287982285,0.0,0.0,0,"{""0"": 20398, ""1"": 19870, ""2"": 23521, ""3"": 19348, ""4"": 26346, ""5"": 16216}",connected
125799,472,20000,0.050000000000000044,0.012225789255462588,-0.5749299287982285,0.0,0.0,0,"{""0"": 20413, ""1"": 19894, ""2"": 23528, ""3"": 19367, ""4"": 26374, ""5"": 16223}",connected
125899,472,20000,0.050000000000000044,0.011008152095600963,-0.5749299287982285,0.0,0.0,0,"{""0"": 20433, ""1"": 19905, ""2"": 23541, ""3"": 19395, ""4"": 26393, ""5"": 16232}",connected
125999,472,20000,0.050000000000000044,0.01094334905501455,-0.5749299287982285,0.0,0.0,0,"{""0"": 20436, ""1"": 19953, ""2"": 23553, ""3"": 19409, ""4"": 26416, ""5"": 16232}",connected
126099,472,20000,0.050000000000000044,0.012275135689415038,-0.5749299287982285,0.0,0.0,0,"{""0"": 20454, ""1"": 19966, ""2"": 23571, ""3"": 19430, ""4"": 26439, ""5"": 16239}",connected
126199,472,20000,0.050000000000000044,0.014630773263052106,-0.5749299287982285,0.0,0.0,0,"{""0"": 20480, ""1"": 19987, ""2"": 23584, ""3"": 19458, ""4"": 26445, ""5"": 16245}",connected
126299,472,20000,0.050000000000000044,0.015349150015972556,-0.5749299287982285,0.0,0.0,0,"{""0"": 20488, ""1"": 20016, ""2"": 23590, ""3"": 19489, ""4"": 26459, ""5"": 16257}",connected
126399,474,20000,0.050000000000000044,0.015669049276039005,-0.7234399296995252,0.0,0.0,0,"{""0"": 20491, ""1"": 20050, ""2"": 23601, ""3"": 19506, ""4"": 26479, ""5"": 16272}",connected
126499,474,20000,0.050000000000000044,0.015765028204768897,-0.7234399296995252,0.0,0.0,0,"{""0"": 20506, ""1"": 20076, ""2"": 23615, ""3"": 19519, ""4"": 26491, ""5"": 16292}",connected
126599,476,20000,0.050000000000000044,0.013017654111608863,-0.657599931769073,0.0,0.0,0,"{""0"": 20523, ""1"": 20089, ""2"": 23640, ""3"": 19524, ""4"": 26524, ""5"": 16299}",connected
126699,476,20000,0.050000000000000044,0.014044970707036555,-0.657599931769073,0.0,0.0,0,"{""0"": 20532, ""1"": 20136, ""2"": 23656, ""3"": 19535, ""4"": 26538, ""5"": 16302}",connected
126799,476,20000,0.050000000000000044,0.013046639170497656,-0.657599931769073,0.0,0.0,0,"{""0"": 20540, ""1"": 20160, ""2"": 23664, ""3"": 19548, ""4"": 26569, ""5"": 16318}",connected
126899,476,20000,0.050000000000000044,0.013170844265259803,-0.657599931769073,0.0,0.0,0,"{""0"": 20561, ""1"": 20185, ""2"": 23671, ""3"": 19561, ""4"": 26591, ""5"": 16330}",connected
126999,476,20000,0.050000000000000044,0.013020388339646161,-0.657599931769073,0.0,0.0,0,"{""0"": 20581, ""1"": 20205, ""2"": 23679, ""3"": 19584, ""4"": 26612, ""5"": 16338}",connected
127099,476,20000,0.050000000000000044,0.012409668518230318,-0.657599931769073,0.0,0.0,0,"{""0"": 20587, ""1"": 20226, ""2"": 23679, ""3"": 19611, ""4"": 26635, ""5"": 16361}",connected
127199,476,20000,0.050000000000000044,0.013252739636227489,-0.657599931769073,0.0,0.0,0,"{""0"": 20587, ""1"": 20234, ""2"": 23694, ""3"": 19643, ""4"": 26671, ""5"": 16370}",connected
127299,478,20000,0.050000000000000044,0.012478580074384809,-0.672069926969707,0.0,0.0,0,"{""0"": 20602, ""1"": 20253, ""2"": 23718, ""3"": 19647, ""4"": 26699, ""5"": 16380}",connected
127399,478,20000,0.050000000000000044,0.013204434793442488,-0.672069926969707,0.0,0.0,0,"{""0"": 20615, ""1"": 20278, ""2"": 23729, ""3"": 19664, ""4"": 26720, ""5"": 16393}",connected
127499,478,20000,0.050000000000000044,0.012417761203832924,-0.672069926969707,0.0,0.0,0,"{""0"": 20620, ""1"": 20314, ""2"": 23757, ""3"": 19679, ""4"": 26734, ""5"": 16395}",connected
127599,478,20000,0.050000000000000044,0.011659920634701847,-0.672069926969707,0.0,0.0,0,"{""0"": 20631, ""1"": 20325, ""2"": 23792, ""3"": 19690, ""4"": 26764, ""5"": 16397}",connected
127699,478,20000,0.050000000000000044,0.010765392910689115,-0.672069926969707,0.0,0.0,0,"{""0"": 20651, ""1"": 20343, ""2"": 23816, ""3"": 19704, ""4"": 26780, ""5"": 16405}",connected
127799,478,20000,0.050000000000000044,0.011942572742700577,-0.672069926969707,0.0,0.0,0,"{""0"": 20657, ""1"": 20373, ""2"": 23836, ""3"": 19714, ""4"": 26804, ""5"": 16415}",connected
127899,478,20000,0.050000000000000044,0.011858824044466018,-0.672069926969707,0.0,0.0,0,"{""0"": 20661, ""1"": 20404, ""2"": 23856, ""3"": 19742, ""4"": 26817, ""5"": 16419}",connected
127999,480,20000,0.050000000000000044,0.011462900824844836,-0.8151699276641011,0.0,0.0,0,"{""0"": 20674, ""1"": 20417, ""2"": 23891, ""3"": 19755, ""4"": 26841, ""5"": 16421}",connected
128099,480,20000,0.050000000000000044,0.013299136403948069,-0.8151699276641011,0.0,0.0,0,"{""0"": 20685, ""1"": 20447, ""2"": 23899, ""3"": 19762, ""4"": 26866, ""5"": 16440}",connected
128199,480,20000,0.050000000000000044,0.013506592479534446,-0.8151699276641011,0.0,0.0,0,"{""0"": 20692, ""1"": 20462, ""2"": 23913, ""3"": 19791, ""4"": 26871, ""5"": 16470}",connected
128299,480,20000,0.050000000000000044,0.013868597140535711,-0.8151699276641011,0.0,0.0,0,"{""0"": 20695, ""1"": 20477, ""2"": 23929, ""3"": 19815, ""4"": 26884, ""5"": 16499}",connected
128399,480,20000,0.050000000000000044,0.014621291789226235,-0.8151699276641011,0.0,0.0,0,"{""0"": 20733, ""1"": 20488, ""2"": 23931, ""3"": 19826, ""4"": 26913, ""5"": 16508}",connected
128499,482,20000,0.050000000000000044,0.014543924815952777,-0.7476699278317391,0.0,0.0,0,"{""0"": 20744, ""1"": 20500, ""2"": 23942, ""3"": 19842, ""4"": 26956, ""5"": 16515}",connected
128599,482,20000,0.050000000000000044,0.014119190392084419,-0.7476699278317391,0.0,0.0,0,"{""0"": 20755, ""1"": 20517, ""2"": 23969, ""3"": 19852, ""4"": 26982, ""5"": 16524}",connected
128699,482,20000,0.050000000000000044,0.014401784311048686,-0.7476699278317391,0.0,0.0,0,"{""0"": 20767, ""1"": 20550, ""2"": 23981, ""3"": 19871, ""4"": 27003, ""5"": 16527}",connected
128799,482,20000,0.050000000000000044,0.014058345160447062,-0.7476699278317391,0.0,0.0,0,"{""0"": 20785, ""1"": 20571, ""2"": 23992, ""3"": 19897, ""4"": 27020, ""5"": 16534}",connected
128899,482,20000,0.050000000000000044,0.013858459149487317,-0.7476699278317391,0.0,0.0,0,"{""0"": 20786, ""1"": 20612, ""2"": 24021, ""3"": 19899, ""4"": 27043, ""5"": 16538}",connected
128999,482,20000,0.050000000000000044,0.014392593731172383,-0.7476699278317391,0.0,0.0,0,"{""0"": 20831, ""1"": 20617, ""2"": 24055, ""3"": 19899, ""4"": 27052, ""5"": 16545}",connected
129099,482,20000,0.050000000000000044,0.014129439862444996,-0.7476699278317391,0.0,0.0,0,"{""0"": 20870, ""1"": 20629, ""2"": 24083, ""3"": 19905, ""4"": 27059, ""5"": 16553}",connected
129199,484,20000,0.050000000000000044,0.016279958169907332,-0.8824199284194038,0.0,0.0,0,"{""0"": 20873, ""1"": 20661, ""2"": 24101, ""3"": 19922, ""4"": 27069, ""5"": 16573}",connected
129299,484,20000,0.050000000000000044,0.01654680314939469,-0.8824199284194038,0.0,0.0,0,"{""0"": 20880, ""1"": 20681, ""2"": 24127, ""3"": 19926, ""4"": 27108, ""5"": 16577}",connected
129399,484,20000,0.050000000000000044,0.015360591826029122,-0.8824199284194038,0.0,0.0,0,"{""0"": 20880, ""1"": 20690, ""2"": 24144, ""3"": 19950, ""4"": 27142, ""5"": 16593}",connected
129499,486,20000,0.050000000000000044,0.015739661366678773,-0.8708599292719736,0.0,0.0,0,"{""0"": 20895, ""1"": 20720, ""2"": 24161, ""3"": 19962, ""4"": 27167, ""5"": 16594}",connected
129599,486,20000,0.050000000000000044,0.014941015667282044,-0.8708599292719736,0.0,0.0,0,"{""0"": 20901, ""1"": 20758, ""2"": 24203, ""3"": 19967, ""4"": 27167, ""5"": 16603}",connected
129699,488,20000,0.050000000000000044,0.016073991334997116,-0.8096999304415659,0.0,0.0,0,"{""0"": 20927, ""1"": 20768, ""2"": 24221, ""3"": 19976, ""4"": 27198, ""5"": 16609}",connected
129799,488,20000,0.050000000000000044,0.016224335385486482,-0.8096999304415659,0.0,0.0,0,"{""0"": 20935, ""1"": 20813, ""2"": 24230, ""3"": 19979, ""4"": 27198, ""5"": 16644}",connected
129899,488,20000,0.050000000000000044,0.015153629989363253,-0.8096999304415659,0.0,0.0,0,"{""0"": 20938, ""1"": 20857, ""2"": 24232, ""3"": 19982, ""4"": 27198, ""5"": 16692}",connected
129999,488,20000,0.050000000000000044,0.014838923504576086,-0.8096999304415659,0.0,0.0,0,"{""0"": 20957, ""1"": 20883, ""2"": 24244, ""3"": 20002, ""4"": 27213, ""5"": 16700}",connected
130099,488,20000,0.050000000000000044,0.012847564616240561,-0.8096999304415659,0.0,0.0,0,"{""0"": 20996, ""1"": 20908, ""2"": 24246, ""3"": 20017, ""4"": 27225, ""5"": 16707}",connected
130199,488,20000,0.050000000000000044,0.012726408820599317,-0.8096999304415659,0.0,0.0,0,"{""0"": 21006, ""1"": 20936, ""2"": 24258, ""3"": 20032, ""4"": 27232, ""5"": 16735}",connected
130299,488,20000,0.050000000000000044,0.013000936284661292,-0.8096999304415659,0.0,0.0,0,"{""0"": 21022, ""1"": 20951, ""2"": 24275, ""3"": 20050, ""4"": 27241, ""5"": 16760}",connected
130399,490,20000,0.050000000000000044,0.014702431531623006,-0.9586299283104017,0.0,0.0,0,"{""0"": 21033, ""1"": 20964, ""2"": 24297, ""3"": 20056, ""4"": 27283, ""5"": 16766}",connected
130499,490,20000,0.050000000000000044,0.015133778862655163,-0.9586299283104017,0.0,0.0,0,"{""0"": 21037, ""1"": 20989, ""2"": 24322, ""3"": 20075, ""4"": 27301, ""5"": 16775}",connected
130599,490,20000,0.050000000000000044,0.015396173144690693,-0.9586299283104017,0.0,0.0,0,"{""0"": 21082, ""1"": 20997, ""2"": 24331, ""3"": 20108, ""4"": 27306, ""5"": 16775}",connected
130699,490,20000,0.050000000000000044,0.014682721458375453,-0.9586299283104017,0.0,0.0,0,"{""0"": 21132, ""1"": 20997, ""2"": 24331, ""3"": 20158, ""4"": 27306, ""5"": 16775}",connected
130799,490,20000,0.050000000000000044,0.012198792858980597,-0.9586299283104017,0.0,0.0,0,"{""0"": 21180, ""1"": 20997, ""2"": 24331, ""3"": 20210, ""4"": 27306, ""5"": 16775}",connected
130899,490,20000,0.050000000000000044,0.012041267133317888,-0.9586299283104017,0.0,0.0,0,"{""0"": 21197, ""1"": 21028, ""2"": 24340, ""3"": 20231, ""4"": 27324, ""5"": 16779}",connected
130999,490,20000,0.050000000000000044,0.012025871369987727,-0.9586299283104017,0.0,0.0,0,"{""0"": 21207, ""1"": 21038, ""2"": 24356, ""3"": 20261, ""4"": 27345, ""5"": 16792}",connected
131099,492,20000,0.050000000000000044,0.013488968485035002,-0.9721399280661717,0.0,0.0,0,"{""0"": 21213, ""1"": 21056, ""2"": 24380, ""3"": 20271, ""4"": 27378, ""5"": 16801}",connected
131199,492,20000,0.050000000000000044,0.014372121240012348,-0.9721399280661717,0.0,0.0,0,"{""0"": 21222, ""1"": 21072, ""2"": 24407, ""3"": 20284, ""4"": 27406, ""5"": 16808}",connected
131299,492,20000,0.050000000000000044,0.01512408561538905,-0.9721399280661717,0.0,0.0,0,"{""0"": 21244, ""1"": 21111, ""2"": 24428, ""3"": 20292, ""4"": 27413, ""5"": 16811}",connected
131399,492,20000,0.050000000000000044,0.013835110100917519,-0.9721399280661717,0.0,0.0,0,"{""0"": 21251, ""1"": 21113, ""2"": 24519, ""3"": 20292, ""4"": 27413, ""5"": 16811}",connected
131499,492,20000,0.050000000000000044,0.014652098319493235,-0.9721399280661717,0.0,0.0,0,"{""0"": 21262, ""1"": 21125, ""2"": 24569, ""3"": 20310, ""4"": 27422, ""5"": 16811}",connected
131599,492,20000,0.050000000000000044,0.013495083707384765,-0.9721399280661717,0.0,0.0,0,"{""0"": 21270, ""1"": 21144, ""2"": 24587, ""3"": 20332, ""4"": 27449, ""5"": 16817}",connected
131699,492,20000,0.050000000000000044,0.013864320144057274,-0.9721399280661717,0.0,0.0,0,"{""0"": 21283, ""1"": 21166, ""2"": 24596, ""3"": 20351, ""4"": 27478, ""5"": 16825}",connected
131799,494,20000,0.050000000000000044,0.014885681038722396,-0.9647399266436696,0.0,0.0,0,"{""0"": 21298, ""1"": 21170, ""2"": 24607, ""3"": 20372, ""4"": 27518, ""5"": 16834}",connected
131899,494,20000,0.050000000000000044,0.013210449521429836,-0.9647399266436696,0.0,0.0,0,"{""0"": 21318, ""1"": 21198, ""2"": 24623, ""3"": 20372, ""4"": 27550, ""5"": 16838}",connected
131999,496,20000,0.050000000000000044,0.013367828549817204,-0.9073399233585223,0.0,0.0,0,"{""0"": 21347, ""1"": 21198, ""2"": 24655, ""3"": 20380, ""4"": 27579, ""5"": 16840}",connected
132099,496,20000,0.050000000000000044,0.01385462140198797,-0.9073399233585223,0.0,0.0,0,"{""0"": 21355, ""1"": 21213, ""2"": 24669, ""3"": 20402, ""4"": 27610, ""5"": 16850}",connected
132199,496,20000,0.050000000000000044,0.014450663761235773,-0.9073399233585223,0.0,0.0,0,"{""0"": 21381, ""1"": 21224, ""2"": 24681, ""3"": 20426, ""4"": 27636, ""5"": 16851}",connected
132299,496,20000,0.050000000000000044,0.015250584422610701,-0.9073399233585223,0.0,0.0,0,"{""0"": 21444, ""1"": 21224, ""2"": 24681, ""3"": 20431, ""4"": 27636, ""5"": 16883}",connected
132399,496,20000,0.050000000000000044,0.016025662268511952,-0.9073399233585223,0.0,0.0,0,"{""0"": 21458, ""1"": 21251, ""2"": 24681, ""3"": 20440, ""4"": 27636, ""5"": 16933}",connected
132499,496,20000,0.050000000000000044,0.014237103173509241,-0.9073399233585223,0.0,0.0,0,"{""0"": 21488, ""1"": 21286, ""2"": 24681, ""3"": 20443, ""4"": 27642, ""5"": 16959}",connected
132599,496,20000,0.050000000000000044,0.01300065727904439,-0.9073399233585223,0.0,0.0,0,"{""0"": 21502, ""1"": 21336, ""2"": 24681, ""3"": 20460, ""4"": 27654, ""5"": 16966}",connected
132699,498,20000,0.050000000000000044,0.011891919216141104,-0.9003999202232807,0.0,0.0,0,"{""0"": 21515, ""1"": 21360, ""2"": 24701, ""3"": 20480, ""4"": 27676, ""5"": 16967}",connected
132799,498,20000,0.050000000000000044,0.013193251648917794,-0.9003999202232807,0.0,0.0,0,"{""0"": 21516, ""1"": 21383, ""2"": 24718, ""3"": 20502, ""4"": 27699, ""5"": 16981}",connected
132899,500,20000,0.050000000000000044,0.013083474095910787,-0.7586799226887524,0.0,0.0,0,"{""0"": 21529, ""1"": 21414, ""2"": 24745, ""3"": 20508, ""4"": 27720, ""5"": 16983}",connected
132999,500,20000,0.050000000000000044,0.013763442875351757,-0.7586799226887524,0.0,0.0,0,"{""0"": 21544, ""1"": 21444, ""2"": 24760, ""3"": 20515, ""4"": 27732, ""5"": 17004}",connected
133099,500,20000,0.050000000000000044,0.014251842142548411,-0.7586799226887524,0.0,0.0,0,"{""0"": 21547, ""1"": 21491, ""2"": 24763, ""3"": 20560, ""4"": 27732, ""5"": 17006}",connected
133199,500,20000,0.050000000000000044,0.012007547451648861,-0.7586799226887524,0.0,0.0,0,"{""0"": 21547, ""1"": 21541, ""2"": 24763, ""3"": 20610, ""4"": 27732, ""5"": 17006}",connected
133299,500,20000,0.050000000000000044,0.012810060905758291,-0.7586799226887524,0.0,0.0,0,"{""0"": 21547, ""1"": 21591, ""2"": 24763, ""3"": 20660, ""4"": 27732, ""5"": 17006}",connected
133399,500,20000,0.050000000000000044,0.012721057506278157,-0.7586799226887524,0.0,0.0,0,"{""0"": 21547, ""1"": 21641, ""2"": 24763, ""3"": 20710, ""4"": 27732, ""5"": 17006}",connected
133499,500,20000,0.050000000000000044,0.012437284174375236,-0.7586799226887524,0.0,0.0,0,"{""0"": 21547, ""1"": 21691, ""2"": 24763, ""3"": 20760, ""4"": 27732, ""5"": 17006}",connected
133599,502,20000,0.050000000000000044,0.012398594222031534,-0.8310799260251224,0.0,0.0,0,"{""0"": 21555, ""1"": 21736, ""2"": 24771, ""3"": 20772, ""4"": 27747, ""5"": 17018}",connected
133699,502,20000,0.050000000000000044,0.012341206637211144,-0.8310799260251224,0.0,0.0,0,"{""0"": 21556, ""1"": 21757, ""2"": 24789, ""3"": 20780, ""4"": 27796, ""5"": 17021}",connected
133799,502,20000,0.050000000000000044,0.011899434784427286,-0.8310799260251224,0.0,0.0,0,"{""0"": 21570, ""1"": 21773, ""2"": 24804, ""3"": 20799, ""4"": 27807, ""5"": 17046}",connected
133899,502,20000,0.050000000000000044,0.012715057553723454,-0.8310799260251224,0.0,0.0,0,"{""0"": 21576, ""1"": 21799, ""2"": 24822, ""3"": 20820, ""4"": 27820, ""5"": 17062}",connected
133999,504,20000,0.050000000000000044,0.013713850844651461,-0.8535899235494435,0.0,0.0,0,"{""0"": 21589, ""1"": 21805, ""2"": 24850, ""3"": 20827, ""4"": 27856, ""5"": 17072}",connected
134099,504,20000,0.050000000000000044,0.014539230805821717,-0.8535899235494435,0.0,0.0,0,"{""0"": 21596, ""1"": 21825, ""2"": 24879, ""3"": 20847, ""4"": 27874, ""5"": 17078}",connected
134199,504,20000,0.050000000000000044,0.014546472085639835,-0.8535899235494435,0.0,0.0,0,"{""0"": 21636, ""1"": 21831, ""2"": 24884, ""3"": 20870, ""4"": 27894, ""5"": 17084}",connected
134299,504,20000,0.050000000000000044,0.014364370456896723,-0.8535899235494435,0.0,0.0,0,"{""0"": 21676, ""1"": 21838, ""2"": 24886, ""3"": 20891, ""4"": 27910, ""5"": 17098}",connected
134399,504,20000,0.050000000000000044,0.013992056250572205,-0.8535899235494435,0.0,0.0,0,"{""0"": 21690, ""1"": 21854, ""2"": 24901, ""3"": 20927, ""4"": 27923, ""5"": 17104}",connected
134499,504,20000,0.050000000000000044,0.013431191914714874,-0.8535899235494435,0.0,0.0,0,"{""0"": 21698, ""1"": 21878, ""2"": 24917, ""3"": 20954, ""4"": 27943, ""5"": 17109}",connected
134599,506,20000,0.050000000000000044,0.014400911089032888,-0.8604499252466485,0.0,0.0,0,"{""0"": 21703, ""1"": 21888, ""2"": 24956, ""3"": 20963, ""4"": 27970, ""5"": 17119}",connected
134699,506,20000,0.050000000000000044,0.01393658968154341,-0.8604499252466485,0.0,0.0,0,"{""0"": 21720, ""1"": 21906, ""2"": 24977, ""3"": 20968, ""4"": 27981, ""5"": 17147}",connected
134799,508,20000,0.050000000000000044,0.013839845322072506,-0.8953199264826253,0.0,0.0,0,"{""0"": 21740, ""1"": 21911, ""2"": 24992, ""3"": 20973, ""4"": 28005, ""5"": 17178}",connected
134899,508,20000,0.050000000000000044,0.013246843530796469,-0.8953199264826253,0.0,0.0,0,"{""0"": 21752, ""1"": 21939, ""2"": 25018, ""3"": 20979, ""4"": 28027, ""5"": 17184}",connected
134999,508,20000,0.050000000000000044,0.013395195172633975,-0.8953199264826253,0.0,0.0,0,"{""0"": 21771, ""1"": 21948, ""2"": 25030, ""3"": 21007, ""4"": 28059, ""5"": 17184}",connected
135099,508,20000,0.050000000000000044,0.014252411171328276,-0.8953199264826253,0.0,0.0,0,"{""0"": 21797, ""1"": 21955, ""2"": 25052, ""3"": 21029, ""4"": 28080, ""5"": 17186}",connected
135199,510,20000,0.050000000000000044,0.014414395571220666,-0.8661099273944274,0.0,0.0,0,"{""0"": 21813, ""1"": 21955, ""2"": 25076, ""3"": 21029, ""4"": 28128, ""5"": 17198}",connected
135299,510,20000,0.050000000000000044,0.015042717594187707,-0.8661099273944274,0.0,0.0,0,"{""0"": 21833, ""1"": 22002, ""2"": 25079, ""3"": 21044, ""4"": 28135, ""5"": 17206}",connected
135399,510,20000,0.050000000000000044,0.015014917720109225,-0.8661099273944274,0.0,0.0,0,"{""0"": 21833, ""1"": 22026, ""2"": 25093, ""3"": 21074, ""4"": 28135, ""5"": 17238}",connected
135499,510,20000,0.050000000000000044,0.013884527618065476,-0.8661099273944274,0.0,0.0,0,"{""0"": 21883, ""1"": 22026, ""2"": 25093, ""3"": 21124, ""4"": 28135, ""5"": 17238}",connected
135599,510,20000,0.050000000000000044,0.014374299529008568,-0.8661099273944274,0.0,0.0,0,"{""0"": 21933, ""1"": 22026, ""2"": 25093, ""3"": 21174, ""4"": 28135, ""5"": 17238}",connected
135699,510,20000,0.050000000000000044,0.013357109453063459,-0.8661099273944274,0.0,0.0,0,"{""0"": 21976, ""1"": 22028, ""2"": 25093, ""3"": 21226, ""4"": 28135, ""5"": 17241}",connected
135799,510,20000,0.050000000000000044,0.012482031357940286,-0.8661099273944274,0.0,0.0,0,"{""0"": 21978, ""1"": 22059, ""2"": 25131, ""3"": 21239, ""4"": 28144, ""5"": 17248}",connected
135899,512,20000,0.050000000000000044,0.013271583628375083,-0.786799931069836,0.0,0.0,0,"{""0"": 21989, ""1"": 22064, ""2"": 25152, ""3"": 21239, ""4"": 28201, ""5"": 17254}",connected
135999,512,20000,0.050000000000000044,0.01168153258273378,-0.786799931069836,0.0,0.0,0,"{""0"": 22008, ""1"": 22074, ""2"": 25191, ""3"": 21247, ""4"": 28220, ""5"": 17259}",connected
136099,512,20000,0.050000000000000044,0.013074997146613896,-0.786799931069836,0.0,0.0,0,"{""0"": 22012, ""1"": 22085, ""2"": 25196, ""3"": 21326, ""4"": 28221, ""5"": 17259}",connected
136199,512,20000,0.050000000000000044,0.014553410289809108,-0.786799931069836,0.0,0.0,0,"{""0"": 22012, ""1"": 22085, ""2"": 25196, ""3"": 21426, ""4"": 28221, ""5"": 17259}",connected
136299,512,20000,0.050000000000000044,0.01443102229386568,-0.786799931069836,0.0,0.0,0,"{""0"": 22012, ""1"": 22085, ""2"": 25196, ""3"": 21526, ""4"": 28221, ""5"": 17259}",connected
136399,512,20000,0.050000000000000044,0.015259804842062295,-0.786799931069836,0.0,0.0,0,"{""0"": 22012, ""1"": 22098, ""2"": 25209, ""3"": 21594, ""4"": 28227, ""5"": 17259}",connected
136499,512,20000,0.050000000000000044,0.01404120328836143,-0.786799931069836,0.0,0.0,0,"{""0"": 22019, ""1"": 22129, ""2"": 25226, ""3"": 21607, ""4"": 28249, ""5"": 17269}",connected
136599,514,20000,0.050000000000000044,0.013811737317591905,-0.8850299294898286,0.0,0.0,0,"{""0"": 22025, ""1"": 22139, ""2"": 25242, ""3"": 21612, ""4"": 28303, ""5"": 17278}",connected
136699,514,20000,0.050000000000000044,0.013860867680050433,-0.8850299294898286,0.0,0.0,0,"{""0"": 22033, ""1"": 22163, ""2"": 25258, ""3"": 21626, ""4"": 28316, ""5"": 17303}",connected
136799,514,20000,0.050000000000000044,0.01381295990664512,-0.8850299294898286,0.0,0.0,0,"{""0"": 22033, ""1"": 22163, ""2"": 25258, ""3"": 21676, ""4"": 28316, ""5"": 17353}",connected
136899,514,20000,0.050000000000000044,0.015068584578111768,-0.8850299294898286,0.0,0.0,0,"{""0"": 22033, ""1"": 22163, ""2"": 25258, ""3"": 21726, ""4"": 28316, ""5"": 17403}",connected
136999,514,20000,0.050000000000000044,0.013692396855913103,-0.8850299294898286,0.0,0.0,0,"{""0"": 22033, ""1"": 22163, ""2"": 25258, ""3"": 21776, ""4"": 28316, ""5"": 17453}",connected
137099,514,20000,0.050000000000000044,0.01346421412192285,-0.8850299294898286,0.0,0.0,0,"{""0"": 22044, ""1"": 22195, ""2"": 25267, ""3"": 21803, ""4"": 28322, ""5"": 17468}",connected
137199,516,20000,0.050000000000000044,0.013531377683393657,-0.9682999263098463,0.0,0.0,0,"{""0"": 22047, ""1"": 22207, ""2"": 25305, ""3"": 21811, ""4"": 28354, ""5"": 17475}",connected
137299,516,20000,0.050000000000000044,0.011964059104211628,-0.9682999263098463,0.0,0.0,0,"{""0"": 22059, ""1"": 22210, ""2"": 25344, ""3"": 21816, ""4"": 28376, ""5"": 17494}",connected
137399,516,20000,0.050000000000000044,0.011936774519272149,-0.9682999263098463,0.0,0.0,0,"{""0"": 22075, ""1"": 22236, ""2"": 25365, ""3"": 21828, ""4"": 28394, ""5"": 17501}",connected
137499,518,20000,0.050000000000000044,0.011312247342430056,-0.9951799276890233,0.0,0.0,0,"{""0"": 22103, ""1"": 22245, ""2"": 25380, ""3"": 21846, ""4"": 28419, ""5"": 17506}",connected
137599,518,20000,0.050000000000000044,0.01137281273957342,-0.9951799276890233,0.0,0.0,0,"{""0"": 22108, ""1"": 22259, ""2"": 25411, ""3"": 21862, ""4"": 28452, ""5"": 17507}",connected
137699,518,20000,0.050000000000000044,0.011976962182670832,-0.9951799276890233,0.0,0.0,0,"{""0"": 22128, ""1"": 22271, ""2"": 25429, ""3"": 21874, ""4"": 28473, ""5"": 17524}",connected
137799,518,20000,0.050000000000000044,0.012267985655926168,-0.9951799276890233,0.0,0.0,0,"{""0"": 22147, ""1"": 22286, ""2"": 25445, ""3"": 21881, ""4"": 28491, ""5"": 17549}",connected
137899,518,20000,0.050000000000000044,0.012077063205651939,-0.9951799276890233,0.0,0.0,0,"{""0"": 22167, ""1"": 22305, ""2"": 25457, ""3"": 21902, ""4"": 28493, ""5"": 17575}",connected
137999,518,20000,0.050000000000000044,0.011354975681751967,-0.9951799276890233,0.0,0.0,0,"{""0"": 22174, ""1"": 22329, ""2"": 25490, ""3"": 21923, ""4"": 28500, ""5"": 17583}",connected
138099,520,20000,0.050000000000000044,0.01190672928467393,-1.0159999266127124,0.0,0.0,0,"{""0"": 22181, ""1"": 22356, ""2"": 25517, ""3"": 21926, ""4"": 28526, ""5"": 17593}",connected
138199,520,20000,0.050000000000000044,0.012427077339962124,-1.0159999266127124,0.0,0.0,0,"{""0"": 22185, ""1"": 22361, ""2"": 25520, ""3"": 21964, ""4"": 28542, ""5"": 17627}",connected
138299,520,20000,0.050000000000000044,0.014167691352777184,-1.0159999266127124,0.0,0.0,0,"{""0"": 22202, ""1"": 22368, ""2"": 25533, ""3"": 21984, ""4"": 28548, ""5"": 17664}",connected
138399,520,20000,0.050000000000000044,0.01674013108480722,-1.0159999266127124,0.0,0.0,0,"{""0"": 22205, ""1"": 22375, ""2"": 25545, ""3"": 22027, ""4"": 28572, ""5"": 17675}",connected
138499,520,20000,0.050000000000000044,0.017016992894932626,-1.0159999266127124,0.0,0.0,0,"{""0"": 22205, ""1"": 22380, ""2"": 25586, ""3"": 22039, ""4"": 28610, ""5"": 17679}",connected
138599,520,20000,0.050000000000000044,0.018087413581088185,-1.0159999266127124,0.0,0.0,0,"{""0"": 22205, ""1"": 22384, ""2"": 25609, ""3"": 22056, ""4"": 28635, ""5"": 17710}",connected
138699,520,20000,0.050000000000000044,0.01690476636402309,-1.0159999266127124,0.0,0.0,0,"{""0"": 22212, ""1"": 22389, ""2"": 25639, ""3"": 22058, ""4"": 28669, ""5"": 17732}",connected
138799,522,20000,0.050000000000000044,0.014914169129915535,-1.1935599281312899,0.0,0.0,0,"{""0"": 22214, ""1"": 22393, ""2"": 25675, ""3"": 22061, ""4"": 28703, ""5"": 17753}",connected
138899,522,20000,0.050000000000000044,0.0141030081640929,-1.1935599281312899,0.0,0.0,0,"{""0"": 22218, ""1"": 22414, ""2"": 25696, ""3"": 22077, ""4"": 28723, ""5"": 17771}",connected
138999,522,20000,0.050000000000000044,0.012033248320221901,-1.1935599281312899,0.0,0.0,0,"{""0"": 22228, ""1"": 22436, ""2"": 25707, ""3"": 22097, ""4"": 28750, ""5"": 17781}",connected
139099,522,20000,0.050000000000000044,0.012368186824023724,-1.1935599281312899,0.0,0.0,0,"{""0"": 22256, ""1"": 22456, ""2"": 25720, ""3"": 22113, ""4"": 28763, ""5"": 17791}",connected
139199,524,20000,0.050000000000000044,0.013001146204769611,-1.2046599307423458,0.0,0.0,0,"{""0"": 22271, ""1"": 22471, ""2"": 25744, ""3"": 22128, ""4"": 28790, ""5"": 17795}",connected
139299,524,20000,0.050000000000000044,0.012833177978172898,-1.2046599307423458,0.0,0.0,0,"{""0"": 22271, ""1"": 22517, ""2"": 25744, ""3"": 22128, ""4"": 28803, ""5"": 17836}",connected
139399,524,20000,0.050000000000000044,0.013951617823913694,-1.2046599307423458,0.0,0.0,0,"{""0"": 22271, ""1"": 22567, ""2"": 25744, ""3"": 22128, ""4"": 28803, ""5"": 17886}",connected
139499,524,20000,0.050000000000000044,0.013592973733320832,-1.2046599307423458,0.0,0.0,0,"{""0"": 22271, ""1"": 22617, ""2"": 25744, ""3"": 22128, ""4"": 28803, ""5"": 17936}",connected
139599,524,20000,0.050000000000000044,0.013039174554869533,-1.2046599307423458,0.0,0.0,0,"{""0"": 22271, ""1"": 22667, ""2"": 25744, ""3"": 22128, ""4"": 28803, ""5"": 17986}",connected
139699,524,20000,0.050000000000000044,0.013045973577536642,-1.2046599307423458,0.0,0.0,0,"{""0"": 22271, ""1"": 22717, ""2"": 25744, ""3"": 22128, ""4"": 28803, ""5"": 18036}",connected
139799,524,20000,0.050000000000000044,0.01225230319891125,-1.2046599307423458,0.0,0.0,0,"{""0"": 22276, ""1"": 22751, ""2"": 25749, ""3"": 22147, ""4"": 28811, ""5"": 18065}",connected
139899,526,20000,0.050000000000000044,0.01161643755622208,-1.3227399292076008,0.0,0.0,0,"{""0"": 22282, ""1"": 22769, ""2"": 25764, ""3"": 22165, ""4"": 28841, ""5"": 18078}",connected
139999,526,20000,0.050000000000000044,0.01147437332663685,-1.3227399292076008,0.0,0.0,0,"{""0"": 22314, ""1"": 22781, ""2"": 25791, ""3"": 22169, ""4"": 28864, ""5"": 18080}",connected
140099,526,20000,0.050000000000000044,0.011835874286480247,-1.3227399292076008,0.0,0.0,0,"{""0"": 22343, ""1"": 22797, ""2"": 25803, ""3"": 22206, ""4"": 28867, ""5"": 18083}",connected
140199,526,20000,0.050000000000000044,0.0127124054543674,-1.3227399292076008,0.0,0.0,0,"{""0"": 22393, ""1"": 22797, ""2"": 25803, ""3"": 22256, ""4"": 28867, ""5"": 18083}",connected
140299,526,20000,0.050000000000000044,0.014040723517537117,-1.3227399292076008,0.0,0.0,0,"{""0"": 22443, ""1"": 22797, ""2"": 25803, ""3"": 22306, ""4"": 28867, ""5"": 18083}",connected
140399,526,20000,0.050000000000000044,0.01443851764779538,-1.3227399292076008,0.0,0.0,0,"{""0"": 22447, ""1"": 22825, ""2"": 25838, ""3"": 22326, ""4"": 28872, ""5"": 18091}",connected
140499,526,20000,0.050000000000000044,0.014293428668752313,-1.3227399292076008,0.0,0.0,0,"{""0"": 22466, ""1"": 22833, ""2"": 25857, ""3"": 22341, ""4"": 28893, ""5"": 18109}",connected
140599,528,20000,0.050000000000000044,0.013426856133155524,-1.4378499283548445,0.0,0.0,0,"{""0"": 22470, ""1"": 22849, ""2"": 25878, ""3"": 22361, ""4"": 28917, ""5"": 18124}",connected
140699,528,20000,0.050000000000000044,0.013083233558572828,-1.4378499283548445,0.0,0.0,0,"{""0"": 22480, ""1"": 22866, ""2"": 25888, ""3"": 22374, ""4"": 28953, ""5"": 18138}",connected
140799,530,20000,0.050000000000000044,0.012971645100042223,-1.3591899291425944,0.0,0.0,0,"{""0"": 22487, ""1"": 22868, ""2"": 25918, ""3"": 22394, ""4"": 28988, ""5"": 18144}",connected
140899,530,20000,0.050000000000000044,0.01245952959638089,-1.3591899291425944,0.0,0.0,0,"{""0"": 22496, ""1"": 22879, ""2"": 25954, ""3"": 22397, ""4"": 29027, ""5"": 18146}",connected
140999,530,20000,0.050000000000000044,0.012249389751814306,-1.3591899291425944,0.0,0.0,0,"{""0"": 22505, ""1"": 22899, ""2"": 25981, ""3"": 22406, ""4"": 29051, ""5"": 18157}",connected
141099,530,20000,0.050000000000000044,0.012707013664767145,-1.3591899291425944,0.0,0.0,0,"{""0"": 22521, ""1"": 22923, ""2"": 26003, ""3"": 22416, ""4"": 29071, ""5"": 18165}",connected
141199,532,20000,0.050000000000000044,0.012473524990491569,-1.3773999274335802,0.0,0.0,0,"{""0"": 22526, ""1"": 22940, ""2"": 26032, ""3"": 22433, ""4"": 29101, ""5"": 18167}",connected
141299,532,20000,0.050000000000000044,0.012834830218926072,-1.3773999274335802,0.0,0.0,0,"{""0"": 22552, ""1"": 22961, ""2"": 26045, ""3"": 22446, ""4"": 29120, ""5"": 18175}",connected
141399,532,20000,0.050000000000000044,0.013588061244226991,-1.3773999274335802,0.0,0.0,0,"{""0"": 22602, ""1"": 22961, ""2"": 26045, ""3"": 22496, ""4"": 29120, ""5"": 18175}",connected
141499,532,20000,0.050000000000000044,0.012881596055813134,-1.3773999274335802,0.0,0.0,0,"{""0"": 22627, ""1"": 22967, ""2"": 26061, ""3"": 22522, ""4"": 29139, ""5"": 18183}",connected
141599,534,20000,0.050000000000000044,0.012925998899154365,-1.3434699272131547,0.0,0.0,0,"{""0"": 22640, ""1"": 22975, ""2"": 26083, ""3"": 22535, ""4"": 29179, ""5"": 18187}",connected
141699,534,20000,0.050000000000000044,0.013021075921133161,-1.3434699272131547,0.0,0.0,0,"{""0"": 22647, ""1"": 22989, ""2"": 26092, ""3"": 22556, ""4"": 29186, ""5"": 18229}",connected
141799,536,20000,0.050000000000000044,0.012086410853080452,-1.161949929087423,0.0,0.0,0,"{""0"": 22657, ""1"": 23000, ""2"": 26122, ""3"": 22561, ""4"": 29224, ""5"": 18235}",connected
141899,536,20000,0.050000000000000044,0.011244594263844191,-1.161949929087423,0.0,0.0,0,"{""0"": 22662, ""1"": 23030, ""2"": 26140, ""3"": 22561, ""4"": 29243, ""5"": 18263}",connected
141999,538,20000,0.050000000000000044,0.011397065343335271,-1.0245999307604508,0.0,0.0,0,"{""0"": 22668, ""1"": 23042, ""2"": 26164, ""3"": 22577, ""4"": 29279, ""5"": 18269}",connected
142099,538,20000,0.050000000000000044,0.011963225277140737,-1.0245999307604508,0.0,0.0,0,"{""0"": 22680, ""1"": 23060, ""2"": 26189, ""3"": 22589, ""4"": 29300, ""5"": 18281}",connected
142199,538,20000,0.050000000000000044,0.011886017839424312,-1.0245999307604508,0.0,0.0,0,"{""0"": 22683, ""1"": 23074, ""2"": 26212, ""3"": 22609, ""4"": 29309, ""5"": 18312}",connected
142299,538,20000,0.050000000000000044,0.011838549943640829,-1.0245999307604508,0.0,0.0,0,"{""0"": 22709, ""1"": 23080, ""2"": 26220, ""3"": 22627, ""4"": 29335, ""5"": 18328}",connected
142399,538,20000,0.050000000000000044,0.012586136157624423,-1.0245999307604508,0.0,0.0,0,"{""0"": 22763, ""1"": 23080, ""2"": 26220, ""3"": 22629, ""4"": 29375, ""5"": 18332}",connected
142499,538,20000,0.050000000000000044,0.010891324155963958,-1.0245999307604508,0.0,0.0,0,"{""0"": 22785, ""1"": 23082, ""2"": 26223, ""3"": 22644, ""4"": 29410, ""5"": 18355}",connected
142599,540,20000,0.050000000000000044,0.012054523262195289,-1.0418799300538375,0.0,0.0,0,"{""0"": 22805, ""1"": 23100, ""2"": 26241, ""3"": 22658, ""4"": 29436, ""5"": 18359}",connected
142699,540,20000,0.050000000000000044,0.013177497005090117,-1.0418799300538375,0.0,0.0,0,"{""0"": 22832, ""1"": 23105, ""2"": 26272, ""3"": 22671, ""4"": 29443, ""5"": 18376}",connected
142799,540,20000,0.050000000000000044,0.01309855935163796,-1.0418799300538375,0.0,0.0,0,"{""0"": 22864, ""1"": 23115, ""2"": 26289, ""3"": 22697, ""4"": 29445, ""5"": 18389}",connected
142899,540,20000,0.050000000000000044,0.013410251322202384,-1.0418799300538375,0.0,0.0,0,"{""0"": 22890, ""1"": 23122, ""2"": 26325, ""3"": 22723, ""4"": 29447, ""5"": 18392}",connected
142999,540,20000,0.050000000000000044,0.01257511795964092,-1.0418799300538375,0.0,0.0,0,"{""0"": 22927, ""1"": 23129, ""2"": 26375, ""3"": 22727, ""4"": 29447, ""5"": 18394}",connected
143099,540,20000,0.050000000000000044,0.012974325991235673,-1.0418799300538375,0.0,0.0,0,"{""0"": 22974, ""1"": 23130, ""2"": 26419, ""3"": 22730, ""4"": 29447, ""5"": 18399}",connected
143199,540,20000,0.050000000000000044,0.01261392716318369,-1.0418799300538375,0.0,0.0,0,"{""0"": 23019, ""1"": 23136, ""2"": 26448, ""3"": 22737, ""4"": 29456, ""5"": 18403}",connected
143299,542,20000,0.050000000000000044,0.013405513851903379,-1.0226999337878078,0.0,0.0,0,"{""0"": 23066, ""1"": 23137, ""2"": 26472, ""3"": 22745, ""4"": 29470, ""5"": 18409}",connected
143399,542,20000,0.050000000000000044,0.01401991317048669,-1.0226999337878078,0.0,0.0,0,"{""0"": 23098, ""1"": 23151, ""2"": 26491, ""3"": 22747, ""4"": 29493, ""5"": 18419}",connected
143499,542,20000,0.050000000000000044,0.013488581543788314,-1.0226999337878078,0.0,0.0,0,"{""0"": 23105, ""1"": 23158, ""2"": 26505, ""3"": 22756, ""4"": 29530, ""5"": 18445}",connected
143599,542,20000,0.050000000000000044,0.013764877058565616,-1.0226999337878078,0.0,0.0,0,"{""0"": 23114, ""1"": 23166, ""2"": 26528, ""3"": 22772, ""4"": 29548, ""5"": 18471}",connected
143699,542,20000,0.050000000000000044,0.013632831862196326,-1.0226999337878078,0.0,0.0,0,"{""0"": 23122, ""1"": 23179, ""2"": 26554, ""3"": 22788, ""4"": 29563, ""5"": 18493}",connected
143799,544,20000,0.050000000000000044,0.013372802673839033,-1.0387699315557257,0.0,0.0,0,"{""0"": 23128, ""1"": 23194, ""2"": 26584, ""3"": 22800, ""4"": 29588, ""5"": 18505}",connected
143899,544,20000,0.050000000000000044,0.013111503818072379,-1.0387699315557257,0.0,0.0,0,"{""0"": 23139, ""1"": 23200, ""2"": 26621, ""3"": 22806, ""4"": 29601, ""5"": 18532}",connected
143999,544,20000,0.050000000000000044,0.012515586484223604,-1.0387699315557257,0.0,0.0,0,"{""0"": 23153, ""1"": 23211, ""2"": 26641, ""3"": 22822, ""4"": 29613, ""5"": 18559}",connected
144099,544,20000,0.050000000000000044,0.012778614843264223,-1.0387699315557257,0.0,0.0,0,"{""0"": 23159, ""1"": 23251, ""2"": 26644, ""3"": 22832, ""4"": 29628, ""5"": 18585}",connected
144199,544,20000,0.050000000000000044,0.01236725096590817,-1.0387699315557257,0.0,0.0,0,"{""0"": 23163, ""1"": 23300, ""2"": 26646, ""3"": 22833, ""4"": 29660, ""5"": 18597}",connected
144299,544,20000,0.050000000000000044,0.012921513309702277,-1.0387699315557257,0.0,0.0,0,"{""0"": 23182, ""1"": 23329, ""2"": 26661, ""3"": 22852, ""4"": 29666, ""5"": 18609}",connected
144399,544,20000,0.050000000000000044,0.013234830512665212,-1.0387699315557257,0.0,0.0,0,"{""0"": 23224, ""1"": 23363, ""2"": 26665, ""3"": 22864, ""4"": 29671, ""5"": 18612}",connected
144499,546,20000,0.050000000000000044,0.014038347448222339,-1.1807999328291043,0.0,0.0,0,"{""0"": 23252, ""1"": 23401, ""2"": 26678, ""3"": 22867, ""4"": 29688, ""5"": 18613}",connected
144599,546,20000,0.050000000000000044,0.01405911254696548,-1.1807999328291043,0.0,0.0,0,"{""0"": 23266, ""1"": 23417, ""2"": 26697, ""3"": 22871, ""4"": 29707, ""5"": 18641}",connected
144699,546,20000,0.050000000000000044,0.013645956465043128,-1.1807999328291043,0.0,0.0,0,"{""0"": 23281, ""1"": 23440, ""2"": 26703, ""3"": 22889, ""4"": 29725, ""5"": 18661}",connected
144799,546,20000,0.050000000000000044,0.01368171553593129,-1.1807999328291043,0.0,0.0,0,"{""0"": 23319, ""1"": 23452, ""2"": 26704, ""3"": 22927, ""4"": 29725, ""5"": 18672}",connected
144899,548,20000,0.050000000000000044,0.012419755994342268,-1.0515799353830517,0.0,0.0,0,"{""0"": 23325, ""1"": 23459, ""2"": 26735, ""3"": 22932, ""4"": 29775, ""5"": 18673}",connected
144999,548,20000,0.050000000000000044,0.0122575613996014,-1.0515799353830517,0.0,0.0,0,"{""0"": 23334, ""1"": 23475, ""2"": 26763, ""3"": 22941, ""4"": 29804, ""5"": 18682}",connected
145099,548,20000,0.050000000000000044,0.013930475092492997,-1.0515799353830517,0.0,0.0,0,"{""0"": 23349, ""1"": 23490, ""2"": 26780, ""3"": 22952, ""4"": 29826, ""5"": 18702}",connected
145199,550,20000,0.050000000000000044,0.014088944825343787,-1.0723199346661567,0.0,0.0,0,"{""0"": 23373, ""1"": 23496, ""2"": 26804, ""3"": 22961, ""4"": 29851, ""5"": 18714}",connected
145299,550,20000,0.050000000000000044,0.01495115456636995,-1.0723199346661567,0.0,0.0,0,"{""0"": 23388, ""1"": 23517, ""2"": 26818, ""3"": 22966, ""4"": 29891, ""5"": 18719}",connected
145399,552,20000,0.050000000000000044,0.016024244693107904,-1.0533099355595186,0.0,0.0,0,"{""0"": 23393, ""1"": 23525, ""2"": 26851, ""3"": 22986, ""4"": 29919, ""5"": 18725}",connected
145499,552,20000,0.050000000000000044,0.014999459055252374,-1.0533099355595186,0.0,0.0,0,"{""0"": 23400, ""1"": 23551, ""2"": 26886, ""3"": 22986, ""4"": 29937, ""5"": 18739}",connected
145599,552,20000,0.050000000000000044,0.014919026140123606,-1.0533099355595186,0.0,0.0,0,"{""0"": 23410, ""1"": 23567, ""2"": 26921, ""3"": 22989, ""4"": 29961, ""5"": 18751}",connected
145699,554,20000,0.050000000000000044,0.014250730690546333,-1.0712999376934023,0.0,0.0,0,"{""0"": 23431, ""1"": 23580, ""2"": 26939, ""3"": 23000, ""4"": 29988, ""5"": 18761}",connected
145799,554,20000,0.050000000000000044,0.012925879727117718,-1.0712999376934023,0.0,0.0,0,"{""0"": 23447, ""1"": 23603, ""2"": 26965, ""3"": 23000, ""4"": 30012, ""5"": 18772}",connected
145899,554,20000,0.050000000000000044,0.012314387494698167,-1.0712999376934023,0.0,0.0,0,"{""0"": 23462, ""1"": 23621, ""2"": 26984, ""3"": 23017, ""4"": 30024, ""5"": 18791}",connected
145999,556,20000,0.050000000000000044,0.011717579807154835,-1.0951499366480857,0.0,0.0,0,"{""0"": 23471, ""1"": 23632, ""2"": 27010, ""3"": 23028, ""4"": 30057, ""5"": 18801}",connected
146099,556,20000,0.050000000000000044,0.011965473401360213,-1.0951499366480857,0.0,0.0,0,"{""0"": 23480, ""1"": 23656, ""2"": 27025, ""3"": 23045, ""4"": 30076, ""5"": 18817}",connected
146199,556,20000,0.050000000000000044,0.012480750801041723,-1.0951499366480857,0.0,0.0,0,"{""0"": 23501, ""1"": 23673, ""2"": 27042, ""3"": 23050, ""4"": 30100, ""5"": 18833}",connected
146299,558,20000,0.050000000000000044,0.012755879415199161,-1.121849933215417,0.0,0.0,0,"{""0"": 23511, ""1"": 23684, ""2"": 27071, ""3"": 23063, ""4"": 30126, ""5"": 18844}",connected
146399,558,20000,0.050000000000000044,0.012824931810609997,-1.121849933215417,0.0,0.0,0,"{""0"": 23521, ""1"": 23695, ""2"": 27086, ""3"": 23081, ""4"": 30143, ""5"": 18873}",connected
146499,558,20000,0.050000000000000044,0.01247106669936329,-1.121849933215417,0.0,0.0,0,"{""0"": 23535, ""1"": 23725, ""2"": 27094, ""3"": 23110, ""4"": 30158, ""5"": 18877}",connected
146599,558,20000,0.050000000000000044,0.012379877464845777,-1.121849933215417,0.0,0.0,0,"{""0"": 23535, ""1"": 23765, ""2"": 27096, ""3"": 23144, ""4"": 30178, ""5"": 18881}",connected
146699,558,20000,0.050000000000000044,0.012038189978338778,-1.121849933215417,0.0,0.0,0,"{""0"": 23538, ""1"": 23793, ""2"": 27097, ""3"": 23187, ""4"": 30200, ""5"": 18884}",connected
146799,558,20000,0.050000000000000044,0.011788100143894554,-1.121849933215417,0.0,0.0,0,"{""0"": 23546, ""1"": 23839, ""2"": 27097, ""3"": 23208, ""4"": 30224, ""5"": 18885}",connected
146899,558,20000,0.050000000000000044,0.012323473603464663,-1.121849933215417,0.0,0.0,0,"{""0"": 23554, ""1"": 23865, ""2"": 27100, ""3"": 23253, ""4"": 30242, ""5"": 18885}",connected
146999,560,20000,0.050000000000000044,0.01303373368922621,-1.2362199332285673,0.0,0.0,0,"{""0"": 23564, ""1"": 23884, ""2"": 27118, ""3"": 23270, ""4"": 30278, ""5"": 18885}",connected
147099,560,20000,0.050000000000000044,0.01434028547257185,-1.2362199332285673,0.0,0.0,0,"{""0"": 23571, ""1"": 23897, ""2"": 27159, ""3"": 23270, ""4"": 30315, ""5"": 18887}",connected
147199,562,20000,0.050000000000000044,0.01575553277041763,-1.079249935010448,0.0,0.0,0,"{""0"": 23584, ""1"": 23919, ""2"": 27180, ""3"": 23285, ""4"": 30344, ""5"": 18887}",connected
147299,562,20000,0.050000000000000044,0.01614366166293621,-1.079249935010448,0.0,0.0,0,"{""0"": 23598, ""1"": 23933, ""2"": 27206, ""3"": 23305, ""4"": 30364, ""5"": 18893}",connected
147399,562,20000,0.050000000000000044,0.0162176753859967,-1.079249935010448,0.0,0.0,0,"{""0"": 23601, ""1"": 23946, ""2"": 27218, ""3"": 23336, ""4"": 30381, ""5"": 18917}",connected
147499,562,20000,0.050000000000000044,0.014467563736252487,-1.079249935010448,0.0,0.0,0,"{""0"": 23603, ""1"": 23956, ""2"": 27240, ""3"": 23343, ""4"": 30410, ""5"": 18947}",connected
147599,564,20000,0.050000000000000044,0.013345853113569318,-1.1304799380665644,0.0,0.0,0,"{""0"": 23618, ""1"": 23964, ""2"": 27260, ""3"": 23355, ""4"": 30452, ""5"": 18950}",connected
147699,564,20000,0.050000000000000044,0.012557445047423243,-1.1304799380665644,0.0,0.0,0,"{""0"": 23632, ""1"": 23991, ""2"": 27299, ""3"": 23367, ""4"": 30456, ""5"": 18954}",connected
147799,564,20000,0.050000000000000044,0.011555840512737631,-1.1304799380665644,0.0,0.0,0,"{""0"": 23653, ""1"": 24001, ""2"": 27317, ""3"": 23393, ""4"": 30475, ""5"": 18960}",connected
147899,564,20000,0.050000000000000044,0.011753700799308717,-1.1304799380665644,0.0,0.0,0,"{""0"": 23657, ""1"": 24016, ""2"": 27336, ""3"": 23408, ""4"": 30506, ""5"": 18976}",connected
147999,566,20000,0.050000000000000044,0.011225185221992433,-1.0008899396518245,0.0,0.0,0,"{""0"": 23663, ""1"": 24026, ""2"": 27363, ""3"": 23416, ""4"": 30538, ""5"": 18993}",connected
148099,566,20000,0.050000000000000044,0.011496294140815735,-1.0008899396518245,0.0,0.0,0,"{""0"": 23665, ""1"": 24048, ""2"": 27400, ""3"": 23424, ""4"": 30552, ""5"": 19010}",connected
148199,566,20000,0.050000000000000044,0.012635977347381413,-1.0008899396518245,0.0,0.0,0,"{""0"": 23671, ""1"": 24053, ""2"": 27445, ""3"": 23430, ""4"": 30582, ""5"": 19018}",connected
148299,566,20000,0.050000000000000044,0.013549557900987566,-1.0008899396518245,0.0,0.0,0,"{""0"": 23675, ""1"": 24058, ""2"": 27461, ""3"": 23446, ""4"": 30611, ""5"": 19048}",connected
148399,566,20000,0.050000000000000044,0.014608749835751951,-1.0008899396518245,0.0,0.0,0,"{""0"": 23676, ""1"": 24086, ""2"": 27472, ""3"": 23465, ""4"": 30628, ""5"": 19072}",connected
148499,566,20000,0.050000000000000044,0.014932154170237482,-1.0008899396518245,0.0,0.0,0,"{""0"": 23692, ""1"": 24092, ""2"": 27498, ""3"": 23486, ""4"": 30635, ""5"": 19096}",connected
148599,568,20000,0.050000000000000044,0.014204774755053223,-1.0593999400548637,0.0,0.0,0,"{""0"": 23695, ""1"": 24103, ""2"": 27534, ""3"": 23498, ""4"": 30654, ""5"": 19115}",connected
148699,568,20000,0.050000000000000044,0.013564815209247173,-1.0593999400548637,0.0,0.0,0,"{""0"": 23724, ""1"": 24113, ""2"": 27567, ""3"": 23499, ""4"": 30664, ""5"": 19132}",connected
148799,570,20000,0.050000000000000044,0.013063277355395258,-0.9396499428758398,0.0,0.0,0,"{""0"": 23732, ""1"": 24125, ""2"": 27582, ""3"": 23511, ""4"": 30693, ""5"": 19156}",connected
148899,571,20000,0.050000000000000044,0.012741379775106906,-0.8253699466446415,0.0,0.0,0,"{""0"": 23740, ""1"": 24137, ""2"": 27609, ""3"": 23529, ""4"": 30721, ""5"": 19163}",connected
148999,572,20000,0.050000000000000044,0.01281164909247309,-0.7814099482772872,0.0,0.0,0,"{""0"": 23747, ""1"": 24164, ""2"": 27636, ""3"": 23536, ""4"": 30745, ""5"": 19171}",connected
149099,572,20000,0.050000000000000044,0.013209686554037035,-0.7814099482772872,0.0,0.0,0,"{""0"": 23748, ""1"": 24182, ""2"": 27642, ""3"": 23553, ""4"": 30775, ""5"": 19199}",connected
149199,572,20000,0.050000000000000044,0.014348953114822507,-0.7814099482772872,0.0,0.0,0,"{""0"": 23755, ""1"": 24184, ""2"": 27671, ""3"": 23559, ""4"": 30791, ""5"": 19239}",connected
149299,572,20000,0.050000000000000044,0.013894551401026547,-0.7814099482772872,0.0,0.0,0,"{""0"": 23759, ""1"": 24195, ""2"": 27677, ""3"": 23571, ""4"": 30830, ""5"": 19267}",connected
149399,572,20000,0.050000000000000044,0.013456543497741223,-0.7814099482772872,0.0,0.0,0,"{""0"": 23764, ""1"": 24216, ""2"": 27702, ""3"": 23597, ""4"": 30844, ""5"": 19276}",connected
149499,574,20000,0.050000000000000044,0.013606173940934241,-0.6607999511389062,0.0,0.0,0,"{""0"": 23774, ""1"": 24231, ""2"": 27733, ""3"": 23607, ""4"": 30868, ""5"": 19286}",connected
149599,574,20000,0.050000000000000044,0.012784069385379553,-0.6607999511389062,0.0,0.0,0,"{""0"": 23786, ""1"": 24248, ""2"": 27749, ""3"": 23619, ""4"": 30902, ""5"": 19295}",connected
149699,576,20000,0.050000000000000044,0.012360612694174052,-0.6847299461485818,0.0,0.0,0,"{""0"": 23798, ""1"": 24255, ""2"": 27770, ""3"": 23633, ""4"": 30938, ""5"": 19305}",connected
149799,576,20000,0.050000000000000044,0.011950488444417715,-0.6847299461485818,0.0,0.0,0,"{""0"": 23805, ""1"": 24265, ""2"": 27818, ""3"": 23634, ""4"": 30970, ""5"": 19307}",connected
149899,576,20000,0.050000000000000044,0.011454959707334638,-0.6847299461485818,0.0,0.0,0,"{""0"": 23816, ""1"": 24298, ""2"": 27844, ""3"": 23640, ""4"": 30990, ""5"": 19311}",connected
149999,578,20000,0.050000000000000044,0.010951642962172627,-0.6304399502417073,0.0,0.0,0,"{""0"": 23828, ""1"": 24305, ""2"": 27873, ""3"": 23647, ""4"": 31027, ""5"": 19319}",connected
150099,578,20000,0.050000000000000044,0.01150352722965181,-0.6304399502417073,0.0,0.0,0,"{""0"": 23832, ""1"": 24321, ""2"": 27902, ""3"": 23657, ""4"": 31058, ""5"": 19329}",connected
150199,578,20000,0.050000000000000044,0.012807852276600896,-0.6304399502417073,0.0,0.0,0,"{""0"": 23865, ""1"": 24332, ""2"": 27921, ""3"": 23667, ""4"": 31077, ""5"": 19337}",connected
150299,578,20000,0.050000000000000044,0.013058165418915451,-0.6304399502417073,0.0,0.0,0,"{""0"": 23905, ""1"": 24344, ""2"": 27935, ""3"": 23687, ""4"": 31088, ""5"": 19340}",connected
150399,578,20000,0.050000000000000044,0.014283880493603646,-0.6304399502417073,0.0,0.0,0,"{""0"": 23928, ""1"": 24367, ""2"": 27946, ""3"": 23704, ""4"": 31110, ""5"": 19344}",connected
150499,578,20000,0.050000000000000044,0.014108109856024384,-0.6304399502417073,0.0,0.0,0,"{""0"": 23939, ""1"": 24390, ""2"": 27966, ""3"": 23735, ""4"": 31114, ""5"": 19355}",connected
150599,578,20000,0.050000000000000044,0.013228881671093404,-0.6304399502417073,0.0,0.0,0,"{""0"": 23939, ""1"": 24407, ""2"": 28011, ""3"": 23752, ""4"": 31132, ""5"": 19358}",connected
150699,580,20000,0.050000000000000044,0.012780556194484234,-0.6128499501338228,0.0,0.0,0,"{""0"": 23962, ""1"": 24419, ""2"": 28036, ""3"": 23762, ""4"": 31160, ""5"": 19360}",connected
150799,580,20000,0.050000000000000044,0.011342807225883007,-0.6128499501338228,0.0,0.0,0,"{""0"": 23969, ""1"": 24444, ""2"": 28046, ""3"": 23798, ""4"": 31173, ""5"": 19369}",connected
150899,580,20000,0.050000000000000044,0.011751212608069182,-0.6128499501338228,0.0,0.0,0,"{""0"": 23971, ""1"": 24459, ""2"": 28053, ""3"": 23830, ""4"": 31210, ""5"": 19376}",connected
150999,580,20000,0.050000000000000044,0.012248982484452426,-0.6128499501338228,0.0,0.0,0,"{""0"": 23982, ""1"": 24477, ""2"": 28079, ""3"": 23847, ""4"": 31229, ""5"": 19385}",connected
151099,582,20000,0.050000000000000044,0.014100894266739487,-0.6204499499406666,0.0,0.0,0,"{""0"": 23987, ""1"": 24485, ""2"": 28099, ""3"": 23876, ""4"": 31264, ""5"": 19388}",connected
151199,582,20000,0.050000000000000044,0.014924628846347331,-0.6204499499406666,0.0,0.0,0,"{""0"": 24017, ""1"": 24492, ""2"": 28107, ""3"": 23898, ""4"": 31289, ""5"": 19396}",connected
151299,582,20000,0.050000000000000044,0.015180815593339503,-0.6204499499406666,0.0,0.0,0,"{""0"": 24030, ""1"": 24513, ""2"": 28120, ""3"": 23917, ""4"": 31311, ""5"": 19408}",connected
151399,584,20000,0.050000000000000044,0.015254594297148287,-0.46963995300233363,0.0,0.0,0,"{""0"": 24048, ""1"": 24520, ""2"": 28145, ""3"": 23933, ""4"": 31339, ""5"": 19414}",connected
151499,584,20000,0.050000000000000044,0.014085552641190588,-0.46963995300233363,0.0,0.0,0,"{""0"": 24056, ""1"": 24550, ""2"": 28154, ""3"": 23944, ""4"": 31361, ""5"": 19434}",connected
151599,584,20000,0.050000000000000044,0.014991060420870781,-0.46963995300233363,0.0,0.0,0,"{""0"": 24070, ""1"": 24569, ""2"": 28168, ""3"": 23971, ""4"": 31367, ""5"": 19454}",connected
151699,586,20000,0.050000000000000044,0.015213521933183073,-0.4591499536996707,0.0,0.0,0,"{""0"": 24081, ""1"": 24583, ""2"": 28198, ""3"": 23977, ""4"": 31398, ""5"": 19462}",connected
151799,586,20000,0.050000000000000044,0.014854031116701662,-0.4591499536996707,0.0,0.0,0,"{""0"": 24095, ""1"": 24595, ""2"": 28216, ""3"": 23993, ""4"": 31410, ""5"": 19490}",connected
151899,586,20000,0.050000000000000044,0.015033377609215677,-0.4591499536996707,0.0,0.0,0,"{""0"": 24119, ""1"": 24602, ""2"": 28229, ""3"": 24020, ""4"": 31431, ""5"": 19498}",connected
151999,588,20000,0.050000000000000044,0.013872782890684903,-0.4699399540945888,0.0,0.0,0,"{""0"": 24134, ""1"": 24610, ""2"": 28247, ""3"": 24033, ""4"": 31477, ""5"": 19498}",connected
152099,588,20000,0.050000000000000044,0.01462993745226413,-0.4699399540945888,0.0,0.0,0,"{""0"": 24142, ""1"": 24649, ""2"": 28270, ""3"": 24048, ""4"": 31483, ""5"": 19507}",connected
152199,590,20000,0.050000000000000044,0.014945736937224865,-0.30741995784454046,0.0,0.0,0,"{""0"": 24157, ""1"": 24669, ""2"": 28300, ""3"": 24052, ""4"": 31509, ""5"": 19512}",connected
152299,590,20000,0.050000000000000044,0.014931462123058736,-0.30741995784454046,0.0,0.0,0,"{""0"": 24172, ""1"": 24691, ""2"": 28325, ""3"": 24066, ""4"": 31517, ""5"": 19528}",connected
152399,590,20000,0.050000000000000044,0.01486370355822146,-0.30741995784454046,0.0,0.0,0,"{""0"": 24196, ""1"": 24698, ""2"": 28346, ""3"": 24071, ""4"": 31539, ""5"": 19549}",connected
152499,590,20000,0.050000000000000044,0.014591366369277239,-0.30741995784454046,0.0,0.0,0,"{""0"": 24224, ""1"": 24712, ""2"": 28347, ""3"": 24112, ""4"": 31545, ""5"": 19559}",connected
152599,590,20000,0.050000000000000044,0.014545048642903567,-0.30741995784454046,0.0,0.0,0,"{""0"": 24238, ""1"": 24727, ""2"": 28367, ""3"": 24139, ""4"": 31550, ""5"": 19578}",connected
152699,590,20000,0.050000000000000044,0.013289981447160244,-0.30741995784454046,0.0,0.0,0,"{""0"": 24250, ""1"": 24776, ""2"": 28397, ""3"": 24144, ""4"": 31552, ""5"": 19580}",connected
152799,590,20000,0.050000000000000044,0.012958405399695038,-0.30741995784454046,0.0,0.0,0,"{""0"": 24277, ""1"": 24801, ""2"": 28414, ""3"": 24148, ""4"": 31554, ""5"": 19605}",connected
152899,592,20000,0.050000000000000044,0.011902290154248476,-0.3116299583204091,0.0,0.0,0,"{""0"": 24286, ""1"": 24816, ""2"": 28433, ""3"": 24177, ""4"": 31566, ""5"": 19621}",connected
152999,592,20000,0.050000000000000044,0.011011021449230612,-0.3116299583204091,0.0,0.0,0,"{""0"": 24294, ""1"": 24826, ""2"": 28477, ""3"": 24177, ""4"": 31596, ""5"": 19629}",connected
153099,592,20000,0.050000000000000044,0.012318454454652966,-0.3116299583204091,0.0,0.0,0,"{""0"": 24307, ""1"": 24844, ""2"": 28499, ""3"": 24197, ""4"": 31604, ""5"": 19648}",connected
153140,592,20000,0.050000000000000044,0.012717274329625071,-0.3116299583204091,0.0,0.0,0,"{""0"": 24310, ""1"": 24846, ""2"": 28505, ""3"": 24203, ""4"": 31615, ""5"": 19661}",stopped
