global_step,episode_count,replay_size,epsilon,loss,mean_reward_100,action_counts,connection_status
99,0,99,0.9984325,0.0,0.0,"{""0"": 22, ""1"": 13, ""2"": 19, ""3"": 13, ""4"": 19, ""5"": 13}",connected
199,2,199,0.9968491666666667,0.0,-1.6983521685469896,"{""0"": 46, ""1"": 38, ""2"": 27, ""3"": 26, ""4"": 31, ""5"": 31}",connected
299,2,299,0.9952658333333333,0.0,-1.6983521685469896,"{""0"": 69, ""1"": 49, ""2"": 40, ""3"": 45, ""4"": 50, ""5"": 46}",connected
399,4,399,0.9936825,0.0,-2.2649004390696064,"{""0"": 86, ""1"": 65, ""2"": 61, ""3"": 63, ""4"": 65, ""5"": 59}",connected
499,4,499,0.9920991666666666,0.0,-2.2649004390696064,"{""0"": 104, ""1"": 84, ""2"": 76, ""3"": 81, ""4"": 79, ""5"": 75}",connected
599,6,599,0.9905158333333334,0.0,-2.167744218449419,"{""0"": 127, ""1"": 98, ""2"": 87, ""3"": 99, ""4"": 93, ""5"": 95}",connected
699,6,699,0.9889325,0.0,-2.167744218449419,"{""0"": 148, ""1"": 115, ""2"": 108, ""3"": 115, ""4"": 104, ""5"": 109}",connected
799,8,799,0.9873491666666667,0.0,-2.4585601837025024,"{""0"": 167, ""1"": 129, ""2"": 122, ""3"": 132, ""4"": 125, ""5"": 124}",connected
899,10,899,0.9857658333333333,0.0,-2.362543694162741,"{""0"": 188, ""1"": 143, ""2"": 141, ""3"": 148, ""4"": 140, ""5"": 139}",connected
999,10,999,0.9841825,0.0,-2.362543694162741,"{""0"": 211, ""1"": 159, ""2"": 158, ""3"": 165, ""4"": 149, ""5"": 157}",connected
1099,12,1099,0.9825991666666667,0.0,-2.1765272058546543,"{""0"": 228, ""1"": 182, ""2"": 175, ""3"": 180, ""4"": 164, ""5"": 170}",connected
1199,12,1199,0.9810158333333333,0.0,-2.1765272058546543,"{""0"": 245, ""1"": 199, ""2"": 190, ""3"": 201, ""4"": 182, ""5"": 182}",connected
1299,14,1299,0.9794325,0.0,-2.3710432824612195,"{""0"": 261, ""1"": 213, ""2"": 208, ""3"": 219, ""4"": 198, ""5"": 200}",connected
1399,14,1399,0.9778491666666667,0.0,-2.3710432824612195,"{""0"": 282, ""1"": 223, ""2"": 226, ""3"": 240, ""4"": 216, ""5"": 212}",connected
1499,16,1499,0.9762658333333334,0.0,-2.7000586867216043,"{""0"": 298, ""1"": 247, ""2"": 251, ""3"": 249, ""4"": 232, ""5"": 222}",connected
1599,16,1599,0.9746825,0.0,-2.7000586867216043,"{""0"": 315, ""1"": 267, ""2"": 265, ""3"": 269, ""4"": 244, ""5"": 239}",connected
1699,18,1699,0.9730991666666666,0.0,-2.878545675219761,"{""0"": 337, ""1"": 280, ""2"": 278, ""3"": 280, ""4"": 265, ""5"": 259}",connected
1799,20,1799,0.9715158333333334,0.0,-2.3880249339621513,"{""0"": 355, ""1"": 294, ""2"": 292, ""3"": 296, ""4"": 284, ""5"": 278}",connected
1899,20,1899,0.9699325,0.0,-2.3880249339621513,"{""0"": 374, ""1"": 313, ""2"": 309, ""3"": 313, ""4"": 303, ""5"": 287}",connected
1999,22,1999,0.9683491666666667,0.0,-2.403891202125868,"{""0"": 397, ""1"": 326, ""2"": 324, ""3"": 328, ""4"": 319, ""5"": 305}",connected
2099,24,2099,0.9667658333333333,0.009178984260652214,-2.0227518367076605,"{""0"": 418, ""1"": 350, ""2"": 336, ""3"": 344, ""4"": 328, ""5"": 323}",connected
2199,26,2199,0.9651825,0.009165492946049198,-1.9933999068497752,"{""0"": 443, ""1"": 373, ""2"": 339, ""3"": 356, ""4"": 354, ""5"": 334}",connected
2299,26,2299,0.9635991666666667,0.009145766001505157,-1.9933999068497752,"{""0"": 459, ""1"": 390, ""2"": 355, ""3"": 369, ""4"": 374, ""5"": 352}",connected
2399,28,2399,0.9620158333333333,0.00925675917067565,-1.9697349374847752,"{""0"": 484, ""1"": 407, ""2"": 365, ""3"": 387, ""4"": 386, ""5"": 370}",connected
2499,28,2499,0.9604325,0.008467213735566475,-1.9697349374847752,"{""0"": 496, ""1"": 419, ""2"": 381, ""3"": 405, ""4"": 411, ""5"": 387}",connected
2599,28,2599,0.9588491666666666,0.008222448810120114,-1.9697349374847752,"{""0"": 506, ""1"": 438, ""2"": 399, ""3"": 421, ""4"": 429, ""5"": 406}",connected
2699,28,2699,0.9572658333333334,0.008382961663883179,-1.9697349374847752,"{""0"": 519, ""1"": 456, ""2"": 412, ""3"": 434, ""4"": 448, ""5"": 430}",connected
2799,28,2799,0.9556825,0.008434489882201888,-1.9697349374847752,"{""0"": 533, ""1"": 470, ""2"": 428, ""3"": 451, ""4"": 469, ""5"": 448}",connected
2899,28,2899,0.9540991666666667,0.009312080779927782,-1.9697349374847752,"{""0"": 559, ""1"": 480, ""2"": 437, ""3"": 463, ""4"": 490, ""5"": 470}",connected
2999,28,2999,0.9525158333333333,0.009832929225522093,-1.9697349374847752,"{""0"": 570, ""1"": 497, ""2"": 465, ""3"": 482, ""4"": 501, ""5"": 484}",connected
3099,28,3099,0.9509325,0.009939823403256014,-1.9697349374847752,"{""0"": 586, ""1"": 506, ""2"": 487, ""3"": 502, ""4"": 527, ""5"": 491}",connected
3199,30,3199,0.9493491666666667,0.01037426820199471,-2.178769923358535,"{""0"": 604, ""1"": 518, ""2"": 506, ""3"": 516, ""4"": 548, ""5"": 507}",connected
3299,30,3299,0.9477658333333333,0.010463494586874731,-2.178769923358535,"{""0"": 617, ""1"": 545, ""2"": 516, ""3"": 537, ""4"": 560, ""5"": 524}",connected
3399,30,3399,0.9461825,0.010021350434981287,-2.178769923358535,"{""0"": 632, ""1"": 562, ""2"": 529, ""3"": 555, ""4"": 576, ""5"": 545}",connected
3499,30,3499,0.9445991666666667,0.009279483451973648,-2.178769923358535,"{""0"": 647, ""1"": 577, ""2"": 540, ""3"": 571, ""4"": 601, ""5"": 563}",connected
3599,30,3599,0.9430158333333334,0.008424580065184272,-2.178769923358535,"{""0"": 664, ""1"": 594, ""2"": 554, ""3"": 589, ""4"": 624, ""5"": 574}",connected
3699,30,3699,0.9414325,0.008159794491366484,-2.178769923358535,"{""0"": 675, ""1"": 609, ""2"": 571, ""3"": 604, ""4"": 654, ""5"": 586}",connected
3799,30,3799,0.9398491666666666,0.007304395730025135,-2.178769923358535,"{""0"": 688, ""1"": 626, ""2"": 583, ""3"": 629, ""4"": 670, ""5"": 603}",connected
3899,32,3899,0.9382658333333334,0.007725815929588862,-2.3298774507275084,"{""0"": 702, ""1"": 639, ""2"": 594, ""3"": 646, ""4"": 694, ""5"": 624}",connected
3999,32,3999,0.9366825,0.007572937128134072,-2.3298774507275084,"{""0"": 719, ""1"": 655, ""2"": 615, ""3"": 665, ""4"": 707, ""5"": 638}",connected
4099,32,4099,0.9350991666666667,0.006994641225319355,-2.3298774507275084,"{""0"": 732, ""1"": 667, ""2"": 632, ""3"": 679, ""4"": 734, ""5"": 655}",connected
4199,32,4199,0.9335158333333333,0.007462311193812639,-2.3298774507275084,"{""0"": 758, ""1"": 684, ""2"": 647, ""3"": 695, ""4"": 741, ""5"": 674}",connected
4299,34,4299,0.9319325,0.006571608954109251,-2.150193371508709,"{""0"": 773, ""1"": 699, ""2"": 672, ""3"": 709, ""4"": 755, ""5"": 691}",connected
4399,34,4399,0.9303491666666667,0.007705314790364355,-2.150193371508709,"{""0"": 794, ""1"": 717, ""2"": 686, ""3"": 726, ""4"": 772, ""5"": 704}",connected
4499,34,4499,0.9287658333333333,0.008631121421349235,-2.150193371508709,"{""0"": 808, ""1"": 734, ""2"": 705, ""3"": 739, ""4"": 797, ""5"": 716}",connected
4599,34,4599,0.9271825,0.009405331716407091,-2.150193371508709,"{""0"": 830, ""1"": 746, ""2"": 718, ""3"": 762, ""4"": 813, ""5"": 730}",connected
4699,34,4699,0.9255991666666666,0.010115632539964281,-2.150193371508709,"{""0"": 845, ""1"": 755, ""2"": 734, ""3"": 779, ""4"": 843, ""5"": 743}",connected
4799,34,4799,0.9240158333333334,0.008552988451556302,-2.150193371508709,"{""0"": 863, ""1"": 768, ""2"": 746, ""3"": 798, ""4"": 864, ""5"": 760}",connected
4899,34,4899,0.9224325,0.007784645848150831,-2.150193371508709,"{""0"": 889, ""1"": 778, ""2"": 769, ""3"": 804, ""4"": 880, ""5"": 779}",connected
4999,36,4999,0.9208491666666667,0.007923143191437703,-2.3334275930085115,"{""0"": 906, ""1"": 787, ""2"": 787, ""3"": 827, ""4"": 892, ""5"": 800}",connected
5099,36,5099,0.9192658333333333,0.007364406029228121,-2.3334275930085115,"{""0"": 926, ""1"": 797, ""2"": 801, ""3"": 845, ""4"": 912, ""5"": 818}",connected
5199,36,5199,0.9176825,0.007322880748833995,-2.3334275930085115,"{""0"": 938, ""1"": 816, ""2"": 814, ""3"": 861, ""4"": 933, ""5"": 837}",connected
5299,36,5299,0.9160991666666667,0.006705308886012062,-2.3334275930085115,"{""0"": 962, ""1"": 826, ""2"": 836, ""3"": 880, ""4"": 947, ""5"": 848}",connected
5399,36,5399,0.9145158333333333,0.006043648416525684,-2.3334275930085115,"{""0"": 984, ""1"": 836, ""2"": 863, ""3"": 897, ""4"": 963, ""5"": 856}",connected
5499,36,5499,0.9129325,0.005808214209100698,-2.3334275930085115,"{""0"": 994, ""1"": 851, ""2"": 881, ""3"": 910, ""4"": 991, ""5"": 872}",connected
5599,36,5599,0.9113491666666667,0.005334813660010695,-2.3334275930085115,"{""0"": 1001, ""1"": 873, ""2"": 906, ""3"": 924, ""4"": 1003, ""5"": 892}",connected
5699,38,5699,0.9097658333333334,0.005887867153214757,-2.47283573359202,"{""0"": 1023, ""1"": 887, ""2"": 927, ""3"": 938, ""4"": 1016, ""5"": 908}",connected
5799,38,5799,0.9081825,0.0049727917596464975,-2.47283573359202,"{""0"": 1034, ""1"": 900, ""2"": 940, ""3"": 958, ""4"": 1041, ""5"": 926}",connected
5899,38,5899,0.9065991666666666,0.005274125979049131,-2.47283573359202,"{""0"": 1048, ""1"": 914, ""2"": 956, ""3"": 975, ""4"": 1069, ""5"": 937}",connected
5999,38,5999,0.9050158333333334,0.006038984518381767,-2.47283573359202,"{""0"": 1064, ""1"": 930, ""2"": 979, ""3"": 987, ""4"": 1087, ""5"": 952}",connected
6099,38,6099,0.9034325,0.005819133552722633,-2.47283573359202,"{""0"": 1083, ""1"": 943, ""2"": 999, ""3"": 999, ""4"": 1099, ""5"": 976}",connected
6199,38,6199,0.9018491666666667,0.005546493914735038,-2.47283573359202,"{""0"": 1099, ""1"": 957, ""2"": 1013, ""3"": 1018, ""4"": 1116, ""5"": 996}",connected
6299,38,6299,0.9002658333333333,0.005924515916849487,-2.47283573359202,"{""0"": 1114, ""1"": 983, ""2"": 1030, ""3"": 1030, ""4"": 1130, ""5"": 1012}",connected
6399,40,6399,0.8986825,0.006386949387961067,-2.6267028696136547,"{""0"": 1136, ""1"": 998, ""2"": 1049, ""3"": 1038, ""4"": 1158, ""5"": 1020}",connected
6499,40,6499,0.8970991666666667,0.0075882020575227214,-2.6267028696136547,"{""0"": 1147, ""1"": 1016, ""2"": 1066, ""3"": 1051, ""4"": 1182, ""5"": 1037}",connected
6599,40,6599,0.8955158333333333,0.008076412486407208,-2.6267028696136547,"{""0"": 1156, ""1"": 1030, ""2"": 1079, ""3"": 1070, ""4"": 1208, ""5"": 1056}",connected
6699,40,6699,0.8939325,0.008339884011511457,-2.6267028696136547,"{""0"": 1173, ""1"": 1040, ""2"": 1094, ""3"": 1082, ""4"": 1240, ""5"": 1070}",connected
6799,40,6799,0.8923491666666666,0.007484124663606053,-2.6267028696136547,"{""0"": 1183, ""1"": 1057, ""2"": 1114, ""3"": 1103, ""4"": 1253, ""5"": 1089}",connected
6899,40,6899,0.8907658333333334,0.005856222467991756,-2.6267028696136547,"{""0"": 1195, ""1"": 1076, ""2"": 1129, ""3"": 1115, ""4"": 1274, ""5"": 1110}",connected
6999,40,6999,0.8891825,0.006666824329586234,-2.6267028696136547,"{""0"": 1208, ""1"": 1097, ""2"": 1149, ""3"": 1137, ""4"": 1290, ""5"": 1118}",connected
7099,40,7099,0.8875991666666667,0.0068854474593536,-2.6267028696136547,"{""0"": 1237, ""1"": 1109, ""2"": 1162, ""3"": 1147, ""4"": 1317, ""5"": 1127}",connected
7199,42,7199,0.8860158333333333,0.007674229993426707,-2.77856703430769,"{""0"": 1250, ""1"": 1127, ""2"": 1179, ""3"": 1160, ""4"": 1341, ""5"": 1142}",connected
7299,42,7299,0.8844325,0.008105787187523673,-2.77856703430769,"{""0"": 1271, ""1"": 1149, ""2"": 1193, ""3"": 1170, ""4"": 1360, ""5"": 1156}",connected
7399,42,7399,0.8828491666666667,0.00789997510088142,-2.77856703430769,"{""0"": 1286, ""1"": 1160, ""2"": 1213, ""3"": 1184, ""4"": 1380, ""5"": 1176}",connected
7499,42,7499,0.8812658333333333,0.007687851054070052,-2.77856703430769,"{""0"": 1305, ""1"": 1174, ""2"": 1239, ""3"": 1201, ""4"": 1390, ""5"": 1190}",connected
7599,42,7599,0.8796825,0.007891498539829627,-2.77856703430769,"{""0"": 1330, ""1"": 1192, ""2"": 1262, ""3"": 1215, ""4"": 1403, ""5"": 1197}",connected
7699,42,7699,0.8780991666666667,0.00807047139678616,-2.77856703430769,"{""0"": 1347, ""1"": 1206, ""2"": 1274, ""3"": 1229, ""4"": 1428, ""5"": 1215}",connected
7799,42,7799,0.8765158333333334,0.007990382442076225,-2.77856703430769,"{""0"": 1377, ""1"": 1220, ""2"": 1282, ""3"": 1247, ""4"": 1437, ""5"": 1236}",connected
7899,44,7899,0.8749325,0.007880048736988101,-2.9411970862949435,"{""0"": 1399, ""1"": 1235, ""2"": 1293, ""3"": 1259, ""4"": 1462, ""5"": 1251}",connected
7999,44,7999,0.8733491666666666,0.007181833267677576,-2.9411970862949435,"{""0"": 1420, ""1"": 1250, ""2"": 1304, ""3"": 1277, ""4"": 1479, ""5"": 1269}",connected
8099,44,8099,0.8717658333333334,0.0075823438027873636,-2.9411970862949435,"{""0"": 1434, ""1"": 1258, ""2"": 1325, ""3"": 1296, ""4"": 1507, ""5"": 1279}",connected
8199,44,8199,0.8701825000000001,0.007711429674818646,-2.9411970862949435,"{""0"": 1457, ""1"": 1275, ""2"": 1341, ""3"": 1306, ""4"": 1526, ""5"": 1294}",connected
8299,44,8299,0.8685991666666667,0.007318530144693795,-2.9411970862949435,"{""0"": 1476, ""1"": 1294, ""2"": 1357, ""3"": 1323, ""4"": 1537, ""5"": 1312}",connected
8399,44,8399,0.8670158333333333,0.007071575651934836,-2.9411970862949435,"{""0"": 1495, ""1"": 1310, ""2"": 1374, ""3"": 1334, ""4"": 1558, ""5"": 1328}",connected
8499,44,8499,0.8654325,0.005539436260878574,-2.9411970862949435,"{""0"": 1513, ""1"": 1324, ""2"": 1394, ""3"": 1348, ""4"": 1577, ""5"": 1343}",connected
8599,46,8599,0.8638491666666667,0.005319392637466081,-3.0419126162001784,"{""0"": 1533, ""1"": 1339, ""2"": 1408, ""3"": 1363, ""4"": 1598, ""5"": 1358}",connected
8699,46,8699,0.8622658333333333,0.005189926455495879,-3.0419126162001784,"{""0"": 1547, ""1"": 1344, ""2"": 1422, ""3"": 1383, ""4"": 1621, ""5"": 1382}",connected
8799,46,8799,0.8606825,0.00474377472884953,-3.0419126162001784,"{""0"": 1562, ""1"": 1360, ""2"": 1440, ""3"": 1391, ""4"": 1642, ""5"": 1404}",connected
8899,46,8899,0.8590991666666666,0.0066742922901175915,-3.0419126162001784,"{""0"": 1573, ""1"": 1372, ""2"": 1468, ""3"": 1408, ""4"": 1659, ""5"": 1419}",connected
8999,46,8999,0.8575158333333334,0.00657600157224806,-3.0419126162001784,"{""0"": 1589, ""1"": 1390, ""2"": 1481, ""3"": 1425, ""4"": 1677, ""5"": 1437}",connected
9099,46,9099,0.8559325,0.0057635501245385965,-3.0419126162001784,"{""0"": 1613, ""1"": 1400, ""2"": 1500, ""3"": 1436, ""4"": 1695, ""5"": 1455}",connected
9199,46,9199,0.8543491666666667,0.006919989647285547,-3.0419126162001784,"{""0"": 1628, ""1"": 1416, ""2"": 1521, ""3"": 1444, ""4"": 1712, ""5"": 1478}",connected
9299,48,9299,0.8527658333333333,0.006180178034701385,-3.260281581460731,"{""0"": 1651, ""1"": 1435, ""2"": 1534, ""3"": 1453, ""4"": 1730, ""5"": 1496}",connected
9399,48,9399,0.8511825,0.005316797436971683,-3.260281581460731,"{""0"": 1670, ""1"": 1456, ""2"": 1548, ""3"": 1464, ""4"": 1749, ""5"": 1512}",connected
9499,48,9499,0.8495991666666667,0.006680669015622698,-3.260281581460731,"{""0"": 1688, ""1"": 1471, ""2"": 1570, ""3"": 1480, ""4"": 1770, ""5"": 1520}",connected
9599,48,9599,0.8480158333333333,0.005598502776119858,-3.260281581460731,"{""0"": 1701, ""1"": 1486, ""2"": 1588, ""3"": 1500, ""4"": 1784, ""5"": 1540}",connected
9699,48,9699,0.8464325,0.0046283705093082975,-3.260281581460731,"{""0"": 1710, ""1"": 1507, ""2"": 1618, ""3"": 1516, ""4"": 1795, ""5"": 1553}",connected
9799,48,9799,0.8448491666666667,0.005196649304125458,-3.260281581460731,"{""0"": 1721, ""1"": 1519, ""2"": 1633, ""3"": 1536, ""4"": 1816, ""5"": 1574}",connected
9899,48,9899,0.8432658333333334,0.004450790457194671,-3.260281581460731,"{""0"": 1740, ""1"": 1527, ""2"": 1651, ""3"": 1548, ""4"": 1840, ""5"": 1593}",connected
9999,50,9999,0.8416825,0.004842646728211548,-3.3605220227036625,"{""0"": 1752, ""1"": 1542, ""2"": 1672, ""3"": 1563, ""4"": 1865, ""5"": 1605}",connected
10099,50,10099,0.8400991666666666,0.006010186324128881,-3.3605220227036625,"{""0"": 1773, ""1"": 1550, ""2"": 1680, ""3"": 1577, ""4"": 1894, ""5"": 1625}",connected
10199,50,10199,0.8385158333333333,0.005671153356670402,-3.3605220227036625,"{""0"": 1787, ""1"": 1564, ""2"": 1698, ""3"": 1595, ""4"": 1915, ""5"": 1640}",connected
10299,50,10299,0.8369325000000001,0.006105244641948957,-3.3605220227036625,"{""0"": 1808, ""1"": 1583, ""2"": 1712, ""3"": 1613, ""4"": 1930, ""5"": 1653}",connected
10399,50,10399,0.8353491666666667,0.005888820305117406,-3.3605220227036625,"{""0"": 1826, ""1"": 1602, ""2"": 1727, ""3"": 1624, ""4"": 1953, ""5"": 1667}",connected
10499,50,10499,0.8337658333333333,0.0056187033490277824,-3.3605220227036625,"{""0"": 1843, ""1"": 1619, ""2"": 1748, ""3"": 1639, ""4"": 1968, ""5"": 1682}",connected
10599,50,10599,0.8321825,0.006642484831972979,-3.3605220227036625,"{""0"": 1859, ""1"": 1641, ""2"": 1764, ""3"": 1647, ""4"": 1994, ""5"": 1694}",connected
10699,50,10699,0.8305991666666667,0.00654540560382884,-3.3605220227036625,"{""0"": 1875, ""1"": 1654, ""2"": 1781, ""3"": 1672, ""4"": 2013, ""5"": 1704}",connected
10799,52,10799,0.8290158333333333,0.00703422707360005,-3.4419834124945248,"{""0"": 1892, ""1"": 1672, ""2"": 1796, ""3"": 1693, ""4"": 2025, ""5"": 1721}",connected
10899,52,10899,0.8274325,0.007187413480714895,-3.4419834124945248,"{""0"": 1910, ""1"": 1691, ""2"": 1812, ""3"": 1705, ""4"": 2043, ""5"": 1738}",connected
10999,52,10999,0.8258491666666667,0.007141688831034117,-3.4419834124945248,"{""0"": 1922, ""1"": 1703, ""2"": 1828, ""3"": 1719, ""4"": 2074, ""5"": 1753}",connected
11099,52,11099,0.8242658333333334,0.006875478087749798,-3.4419834124945248,"{""0"": 1931, ""1"": 1723, ""2"": 1850, ""3"": 1732, ""4"": 2097, ""5"": 1766}",connected
11199,52,11199,0.8226825,0.006459121599909849,-3.4419834124945248,"{""0"": 1946, ""1"": 1735, ""2"": 1871, ""3"": 1752, ""4"": 2111, ""5"": 1784}",connected
11299,52,11299,0.8210991666666667,0.006437656562193297,-3.4419834124945248,"{""0"": 1962, ""1"": 1754, ""2"": 1892, ""3"": 1765, ""4"": 2123, ""5"": 1803}",connected
11399,52,11399,0.8195158333333333,0.0057977551606018096,-3.4419834124945248,"{""0"": 1984, ""1"": 1765, ""2"": 1909, ""3"": 1785, ""4"": 2137, ""5"": 1819}",connected
11499,54,11499,0.8179325000000001,0.005597721599770011,-3.509751094074023,"{""0"": 2002, ""1"": 1791, ""2"": 1918, ""3"": 1798, ""4"": 2157, ""5"": 1833}",connected
11599,54,11599,0.8163491666666667,0.006108493180508958,-3.509751094074023,"{""0"": 2019, ""1"": 1806, ""2"": 1933, ""3"": 1820, ""4"": 2177, ""5"": 1844}",connected
11699,54,11699,0.8147658333333333,0.006692280610877788,-3.509751094074023,"{""0"": 2027, ""1"": 1823, ""2"": 1956, ""3"": 1832, ""4"": 2204, ""5"": 1857}",connected
11799,54,11799,0.8131825,0.007955888084106846,-3.509751094074023,"{""0"": 2039, ""1"": 1841, ""2"": 1977, ""3"": 1838, ""4"": 2223, ""5"": 1881}",connected
11899,54,11899,0.8115991666666666,0.007836102836008649,-3.509751094074023,"{""0"": 2049, ""1"": 1856, ""2"": 1997, ""3"": 1848, ""4"": 2254, ""5"": 1895}",connected
11999,54,11999,0.8100158333333334,0.007488700495596277,-3.509751094074023,"{""0"": 2054, ""1"": 1879, ""2"": 2016, ""3"": 1865, ""4"": 2273, ""5"": 1912}",connected
12099,56,12099,0.8084325,0.0070917037954495755,-3.4514140706742182,"{""0"": 2063, ""1"": 1900, ""2"": 2032, ""3"": 1878, ""4"": 2293, ""5"": 1933}",connected
12199,56,12199,0.8068491666666666,0.005150267622229876,-3.4514140706742182,"{""0"": 2075, ""1"": 1908, ""2"": 2052, ""3"": 1897, ""4"": 2320, ""5"": 1947}",connected
12299,56,12299,0.8052658333333333,0.006552349360572407,-3.4514140706742182,"{""0"": 2095, ""1"": 1922, ""2"": 2063, ""3"": 1908, ""4"": 2338, ""5"": 1973}",connected
12399,56,12399,0.8036825000000001,0.006151861072576139,-3.4514140706742182,"{""0"": 2111, ""1"": 1944, ""2"": 2076, ""3"": 1922, ""4"": 2353, ""5"": 1993}",connected
12499,56,12499,0.8020991666666667,0.005485842908965424,-3.4514140706742182,"{""0"": 2122, ""1"": 1966, ""2"": 2084, ""3"": 1942, ""4"": 2379, ""5"": 2006}",connected
12599,56,12599,0.8005158333333333,0.006103244626428932,-3.4514140706742182,"{""0"": 2140, ""1"": 1978, ""2"": 2096, ""3"": 1958, ""4"": 2403, ""5"": 2024}",connected
12699,56,12699,0.7989325,0.00530912119691493,-3.4514140706742182,"{""0"": 2159, ""1"": 1996, ""2"": 2108, ""3"": 1981, ""4"": 2418, ""5"": 2037}",connected
12799,56,12799,0.7973491666666667,0.005601029109093361,-3.4514140706742182,"{""0"": 2166, ""1"": 2005, ""2"": 2136, ""3"": 2000, ""4"": 2433, ""5"": 2059}",connected
12899,58,12899,0.7957658333333333,0.006271939154248685,-3.5199999717497747,"{""0"": 2184, ""1"": 2019, ""2"": 2152, ""3"": 2019, ""4"": 2454, ""5"": 2071}",connected
12999,58,12999,0.7941825,0.00630993735336233,-3.5199999717497747,"{""0"": 2197, ""1"": 2037, ""2"": 2170, ""3"": 2031, ""4"": 2475, ""5"": 2089}",connected
13099,58,13099,0.7925991666666667,0.00610837761865696,-3.5199999717497747,"{""0"": 2212, ""1"": 2064, ""2"": 2178, ""3"": 2050, ""4"": 2493, ""5"": 2102}",connected
13199,58,13199,0.7910158333333334,0.006060322048724629,-3.5199999717497747,"{""0"": 2227, ""1"": 2078, ""2"": 2193, ""3"": 2069, ""4"": 2512, ""5"": 2120}",connected
13299,58,13299,0.7894325,0.00472265482560033,-3.5199999717497747,"{""0"": 2237, ""1"": 2101, ""2"": 2206, ""3"": 2091, ""4"": 2529, ""5"": 2135}",connected
13399,58,13399,0.7878491666666667,0.004655315540730953,-3.5199999717497747,"{""0"": 2255, ""1"": 2121, ""2"": 2217, ""3"": 2100, ""4"": 2549, ""5"": 2157}",connected
13499,58,13499,0.7862658333333333,0.004310399916139431,-3.5199999717497747,"{""0"": 2271, ""1"": 2135, ""2"": 2234, ""3"": 2117, ""4"": 2563, ""5"": 2179}",connected
13599,60,13599,0.7846825000000001,0.004371964758611284,-3.584514124613876,"{""0"": 2288, ""1"": 2146, ""2"": 2249, ""3"": 2130, ""4"": 2588, ""5"": 2198}",connected
13699,60,13699,0.7830991666666667,0.005143781972292345,-3.584514124613876,"{""0"": 2303, ""1"": 2170, ""2"": 2267, ""3"": 2138, ""4"": 2613, ""5"": 2208}",connected
13799,60,13799,0.7815158333333333,0.005391730615810957,-3.584514124613876,"{""0"": 2327, ""1"": 2182, ""2"": 2286, ""3"": 2156, ""4"": 2626, ""5"": 2222}",connected
13899,60,13899,0.7799325,0.005624703429930378,-3.584514124613876,"{""0"": 2349, ""1"": 2195, ""2"": 2294, ""3"": 2176, ""4"": 2640, ""5"": 2245}",connected
13999,60,13999,0.7783491666666666,0.004950668998935726,-3.584514124613876,"{""0"": 2364, ""1"": 2207, ""2"": 2320, ""3"": 2187, ""4"": 2652, ""5"": 2269}",connected
14099,62,14099,0.7767658333333334,0.005140170439844951,-3.5225578372577027,"{""0"": 2385, ""1"": 2217, ""2"": 2355, ""3"": 2199, ""4"": 2665, ""5"": 2278}",connected
14199,62,14199,0.7751825,0.00541425239527598,-3.5225578372577027,"{""0"": 2393, ""1"": 2234, ""2"": 2372, ""3"": 2212, ""4"": 2689, ""5"": 2299}",connected
14299,62,14299,0.7735991666666666,0.0054285815573530275,-3.5225578372577027,"{""0"": 2408, ""1"": 2251, ""2"": 2384, ""3"": 2225, ""4"": 2713, ""5"": 2318}",connected
14399,62,14399,0.7720158333333333,0.005582683074171655,-3.5225578372577027,"{""0"": 2413, ""1"": 2271, ""2"": 2396, ""3"": 2248, ""4"": 2731, ""5"": 2340}",connected
14499,62,14499,0.7704325000000001,0.0058140262617962435,-3.5225578372577027,"{""0"": 2424, ""1"": 2285, ""2"": 2410, ""3"": 2268, ""4"": 2755, ""5"": 2357}",connected
14599,62,14599,0.7688491666666667,0.004867258818412665,-3.5225578372577027,"{""0"": 2446, ""1"": 2309, ""2"": 2425, ""3"": 2281, ""4"": 2767, ""5"": 2371}",connected
14699,62,14699,0.7672658333333333,0.004296231170010287,-3.5225578372577027,"{""0"": 2462, ""1"": 2326, ""2"": 2437, ""3"": 2296, ""4"": 2787, ""5"": 2391}",connected
14799,62,14799,0.7656825,0.004552851930202451,-3.5225578372577027,"{""0"": 2485, ""1"": 2338, ""2"": 2451, ""3"": 2313, ""4"": 2801, ""5"": 2411}",connected
14899,64,14899,0.7640991666666667,0.004091152334003709,-3.5797063635618542,"{""0"": 2502, ""1"": 2358, ""2"": 2465, ""3"": 2324, ""4"": 2816, ""5"": 2434}",connected
14999,64,14999,0.7625158333333333,0.004341758521622979,-3.5797063635618542,"{""0"": 2517, ""1"": 2377, ""2"": 2481, ""3"": 2342, ""4"": 2835, ""5"": 2447}",connected
15099,64,15099,0.7609325,0.005059723015292548,-3.5797063635618542,"{""0"": 2530, ""1"": 2395, ""2"": 2498, ""3"": 2362, ""4"": 2848, ""5"": 2466}",connected
15199,64,15199,0.7593491666666666,0.0061235779337584974,-3.5797063635618542,"{""0"": 2552, ""1"": 2406, ""2"": 2513, ""3"": 2375, ""4"": 2870, ""5"": 2483}",connected
15299,64,15299,0.7577658333333334,0.005790369180322159,-3.5797063635618542,"{""0"": 2581, ""1"": 2420, ""2"": 2528, ""3"": 2389, ""4"": 2886, ""5"": 2495}",connected
15399,64,15399,0.7561825,0.006957575284759514,-3.5797063635618542,"{""0"": 2596, ""1"": 2437, ""2"": 2551, ""3"": 2406, ""4"": 2897, ""5"": 2512}",connected
15499,64,15499,0.7545991666666667,0.006496925423271023,-3.5797063635618542,"{""0"": 2616, ""1"": 2450, ""2"": 2570, ""3"": 2419, ""4"": 2920, ""5"": 2524}",connected
15599,66,15599,0.7530158333333333,0.005787405287846923,-3.6316276271898076,"{""0"": 2644, ""1"": 2463, ""2"": 2578, ""3"": 2428, ""4"": 2941, ""5"": 2545}",connected
15699,66,15699,0.7514325000000001,0.0058148944334243426,-3.6316276271898076,"{""0"": 2653, ""1"": 2473, ""2"": 2599, ""3"": 2442, ""4"": 2958, ""5"": 2574}",connected
15799,66,15799,0.7498491666666667,0.004372720305109396,-3.6316276271898076,"{""0"": 2669, ""1"": 2489, ""2"": 2617, ""3"": 2448, ""4"": 2973, ""5"": 2603}",connected
15899,66,15899,0.7482658333333334,0.004537672588485293,-3.6316276271898076,"{""0"": 2690, ""1"": 2507, ""2"": 2640, ""3"": 2461, ""4"": 2986, ""5"": 2615}",connected
15999,66,15999,0.7466825,0.004467547893291339,-3.6316276271898076,"{""0"": 2702, ""1"": 2532, ""2"": 2656, ""3"": 2475, ""4"": 3002, ""5"": 2632}",connected
16099,66,16099,0.7450991666666666,0.004737628026923631,-3.6316276271898076,"{""0"": 2725, ""1"": 2550, ""2"": 2672, ""3"": 2488, ""4"": 3018, ""5"": 2646}",connected
16199,66,16199,0.7435158333333334,0.004869532462907955,-3.6316276271898076,"{""0"": 2742, ""1"": 2560, ""2"": 2683, ""3"": 2501, ""4"": 3032, ""5"": 2681}",connected
16299,68,16299,0.7419325,0.005096136311185546,-3.686050422681386,"{""0"": 2759, ""1"": 2578, ""2"": 2701, ""3"": 2517, ""4"": 3047, ""5"": 2697}",connected
16399,68,16399,0.7403491666666666,0.004678821181878448,-3.686050422681386,"{""0"": 2774, ""1"": 2590, ""2"": 2717, ""3"": 2529, ""4"": 3079, ""5"": 2710}",connected
16499,68,16499,0.7387658333333333,0.004778539052349515,-3.686050422681386,"{""0"": 2795, ""1"": 2601, ""2"": 2731, ""3"": 2541, ""4"": 3098, ""5"": 2733}",connected
16599,68,16599,0.7371825000000001,0.004752262479742058,-3.686050422681386,"{""0"": 2811, ""1"": 2616, ""2"": 2757, ""3"": 2555, ""4"": 3113, ""5"": 2747}",connected
16699,68,16699,0.7355991666666667,0.004601125407789368,-3.686050422681386,"{""0"": 2828, ""1"": 2628, ""2"": 2761, ""3"": 2579, ""4"": 3139, ""5"": 2764}",connected
16799,68,16799,0.7340158333333333,0.004849242327909451,-3.686050422681386,"{""0"": 2856, ""1"": 2634, ""2"": 2766, ""3"": 2605, ""4"": 3154, ""5"": 2784}",connected
16899,68,16899,0.7324325,0.005339003660192247,-3.686050422681386,"{""0"": 2866, ""1"": 2655, ""2"": 2780, ""3"": 2617, ""4"": 3176, ""5"": 2805}",connected
16999,70,16999,0.7308491666666667,0.00496032809431199,-3.7362976679777993,"{""0"": 2888, ""1"": 2669, ""2"": 2792, ""3"": 2630, ""4"": 3184, ""5"": 2836}",connected
17099,70,17099,0.7292658333333334,0.005465475329838227,-3.7362976679777993,"{""0"": 2901, ""1"": 2685, ""2"": 2802, ""3"": 2639, ""4"": 3218, ""5"": 2854}",connected
17199,70,17199,0.7276825,0.005314315716968849,-3.7362976679777993,"{""0"": 2920, ""1"": 2704, ""2"": 2817, ""3"": 2647, ""4"": 3243, ""5"": 2868}",connected
17299,70,17299,0.7260991666666667,0.003921716761542484,-3.7362976679777993,"{""0"": 2936, ""1"": 2723, ""2"": 2828, ""3"": 2662, ""4"": 3259, ""5"": 2891}",connected
17399,70,17399,0.7245158333333334,0.004328320027852896,-3.7362976679777993,"{""0"": 2960, ""1"": 2738, ""2"": 2838, ""3"": 2679, ""4"": 3265, ""5"": 2919}",connected
17499,70,17499,0.7229325,0.0031884609680855646,-3.7362976679777993,"{""0"": 2973, ""1"": 2749, ""2"": 2851, ""3"": 2695, ""4"": 3282, ""5"": 2949}",connected
17599,70,17599,0.7213491666666667,0.003269647663983051,-3.7362976679777993,"{""0"": 2997, ""1"": 2752, ""2"": 2871, ""3"": 2702, ""4"": 3293, ""5"": 2984}",connected
17699,72,17699,0.7197658333333334,0.0037943489279132336,-3.6899849815397627,"{""0"": 3023, ""1"": 2762, ""2"": 2894, ""3"": 2711, ""4"": 3317, ""5"": 2992}",connected
17799,72,17799,0.7181825,0.004149692479404621,-3.6899849815397627,"{""0"": 3035, ""1"": 2778, ""2"": 2905, ""3"": 2734, ""4"": 3339, ""5"": 3008}",connected
17899,72,17899,0.7165991666666667,0.004471386597433593,-3.6899849815397627,"{""0"": 3056, ""1"": 2786, ""2"": 2913, ""3"": 2742, ""4"": 3358, ""5"": 3044}",connected
17999,72,17999,0.7150158333333334,0.004045017337484751,-3.6899849815397627,"{""0"": 3064, ""1"": 2802, ""2"": 2935, ""3"": 2763, ""4"": 3366, ""5"": 3069}",connected
18099,72,18099,0.7134325,0.003734933753439691,-3.6899849815397627,"{""0"": 3082, ""1"": 2815, ""2"": 2950, ""3"": 2773, ""4"": 3384, ""5"": 3095}",connected
18199,72,18199,0.7118491666666666,0.003740944475866854,-3.6899849815397627,"{""0"": 3092, ""1"": 2835, ""2"": 2972, ""3"": 2786, ""4"": 3401, ""5"": 3113}",connected
18299,72,18299,0.7102658333333334,0.003711442825733684,-3.6899849815397627,"{""0"": 3108, ""1"": 2851, ""2"": 2987, ""3"": 2800, ""4"": 3419, ""5"": 3134}",connected
18399,74,18399,0.7086825000000001,0.0034606159417307934,-3.738353856153333,"{""0"": 3121, ""1"": 2864, ""2"": 3003, ""3"": 2810, ""4"": 3448, ""5"": 3153}",connected
18499,74,18499,0.7070991666666666,0.004842198522528634,-3.738353856153333,"{""0"": 3139, ""1"": 2874, ""2"": 3024, ""3"": 2822, ""4"": 3467, ""5"": 3173}",connected
18599,74,18599,0.7055158333333333,0.004779801771219354,-3.738353856153333,"{""0"": 3156, ""1"": 2887, ""2"": 3037, ""3"": 2832, ""4"": 3478, ""5"": 3209}",connected
18699,74,18699,0.7039325000000001,0.004815686686197296,-3.738353856153333,"{""0"": 3177, ""1"": 2912, ""2"": 3053, ""3"": 2840, ""4"": 3487, ""5"": 3230}",connected
18799,74,18799,0.7023491666666666,0.005296027580916416,-3.738353856153333,"{""0"": 3191, ""1"": 2933, ""2"": 3066, ""3"": 2852, ""4"": 3504, ""5"": 3253}",connected
18899,74,18899,0.7007658333333333,0.005039094167295843,-3.738353856153333,"{""0"": 3211, ""1"": 2946, ""2"": 3079, ""3"": 2867, ""4"": 3518, ""5"": 3278}",connected
18999,74,18999,0.6991825,0.005376956770196557,-3.738353856153333,"{""0"": 3226, ""1"": 2959, ""2"": 3095, ""3"": 2881, ""4"": 3537, ""5"": 3301}",connected
19099,76,19099,0.6975991666666667,0.005666644168377389,-3.7908278595300784,"{""0"": 3244, ""1"": 2976, ""2"": 3119, ""3"": 2891, ""4"": 3549, ""5"": 3320}",connected
19199,76,19199,0.6960158333333333,0.00568542175780749,-3.7908278595300784,"{""0"": 3265, ""1"": 2992, ""2"": 3129, ""3"": 2903, ""4"": 3569, ""5"": 3341}",connected
19299,78,19299,0.6944325,0.005020902712712996,-3.640954795657681,"{""0"": 3279, ""1"": 3008, ""2"": 3152, ""3"": 2914, ""4"": 3582, ""5"": 3364}",connected
19399,78,19399,0.6928491666666667,0.004111469219496939,-3.640954795657681,"{""0"": 3300, ""1"": 3018, ""2"": 3170, ""3"": 2928, ""4"": 3603, ""5"": 3380}",connected
19499,78,19499,0.6912658333333334,0.0035101319785462693,-3.640954795657681,"{""0"": 3317, ""1"": 3041, ""2"": 3182, ""3"": 2935, ""4"": 3620, ""5"": 3404}",connected
19599,78,19599,0.6896825,0.004767390181659721,-3.640954795657681,"{""0"": 3343, ""1"": 3059, ""2"": 3192, ""3"": 2940, ""4"": 3637, ""5"": 3428}",connected
19699,78,19699,0.6880991666666667,0.004684223318181466,-3.640954795657681,"{""0"": 3359, ""1"": 3078, ""2"": 3212, ""3"": 2957, ""4"": 3649, ""5"": 3444}",connected
19799,78,19799,0.6865158333333333,0.004983287255163305,-3.640954795657681,"{""0"": 3382, ""1"": 3092, ""2"": 3222, ""3"": 2971, ""4"": 3671, ""5"": 3461}",connected
19899,78,19899,0.6849324999999999,0.005707984934560955,-3.640954795657681,"{""0"": 3397, ""1"": 3112, ""2"": 3233, ""3"": 2976, ""4"": 3694, ""5"": 3487}",connected
19999,80,19999,0.6833491666666667,0.004534483976312913,-3.687887820665492,"{""0"": 3426, ""1"": 3123, ""2"": 3248, ""3"": 2993, ""4"": 3707, ""5"": 3502}",connected
20099,80,20000,0.6817658333333334,0.004374332831066568,-3.687887820665492,"{""0"": 3442, ""1"": 3130, ""2"": 3274, ""3"": 3008, ""4"": 3727, ""5"": 3518}",connected
20199,80,20000,0.6801825,0.004352320953621529,-3.687887820665492,"{""0"": 3447, ""1"": 3144, ""2"": 3292, ""3"": 3023, ""4"": 3750, ""5"": 3543}",connected
20299,80,20000,0.6785991666666666,0.003569104479101952,-3.687887820665492,"{""0"": 3465, ""1"": 3155, ""2"": 3317, ""3"": 3035, ""4"": 3769, ""5"": 3558}",connected
20399,80,20000,0.6770158333333334,0.0036682466586353255,-3.687887820665492,"{""0"": 3482, ""1"": 3173, ""2"": 3334, ""3"": 3047, ""4"": 3781, ""5"": 3582}",connected
20499,80,20000,0.6754325,0.0038301568987662905,-3.687887820665492,"{""0"": 3510, ""1"": 3182, ""2"": 3350, ""3"": 3056, ""4"": 3795, ""5"": 3606}",connected
20599,80,20000,0.6738491666666666,0.004626136319711804,-3.687887820665492,"{""0"": 3529, ""1"": 3194, ""2"": 3362, ""3"": 3073, ""4"": 3809, ""5"": 3632}",connected
20699,82,20000,0.6722658333333333,0.005164300716714933,-3.7269075266028775,"{""0"": 3539, ""1"": 3207, ""2"": 3380, ""3"": 3093, ""4"": 3827, ""5"": 3653}",connected
20799,82,20000,0.6706825000000001,0.005668840173166245,-3.7269075266028775,"{""0"": 3564, ""1"": 3211, ""2"": 3394, ""3"": 3104, ""4"": 3850, ""5"": 3676}",connected
20899,82,20000,0.6690991666666667,0.0063578067443449985,-3.7269075266028775,"{""0"": 3581, ""1"": 3222, ""2"": 3405, ""3"": 3111, ""4"": 3874, ""5"": 3706}",connected
20999,82,20000,0.6675158333333333,0.005584271905245259,-3.7269075266028775,"{""0"": 3601, ""1"": 3231, ""2"": 3426, ""3"": 3120, ""4"": 3895, ""5"": 3726}",connected
21099,82,20000,0.6659325,0.004726409139111638,-3.7269075266028775,"{""0"": 3624, ""1"": 3245, ""2"": 3436, ""3"": 3131, ""4"": 3908, ""5"": 3755}",connected
21199,82,20000,0.6643491666666667,0.004638922391750384,-3.7269075266028775,"{""0"": 3643, ""1"": 3258, ""2"": 3452, ""3"": 3149, ""4"": 3934, ""5"": 3763}",connected
21299,82,20000,0.6627658333333334,0.0035459678617189637,-3.7269075266028775,"{""0"": 3660, ""1"": 3271, ""2"": 3470, ""3"": 3167, ""4"": 3946, ""5"": 3785}",connected
21399,82,20000,0.6611825,0.00400525702512823,-3.7269075266028775,"{""0"": 3681, ""1"": 3282, ""2"": 3487, ""3"": 3181, ""4"": 3965, ""5"": 3803}",connected
21499,84,20000,0.6595991666666667,0.004550431619863957,-3.7881433594572758,"{""0"": 3696, ""1"": 3298, ""2"": 3506, ""3"": 3186, ""4"": 3984, ""5"": 3829}",connected
21599,84,20000,0.6580158333333334,0.0038180397314135917,-3.7881433594572758,"{""0"": 3721, ""1"": 3312, ""2"": 3522, ""3"": 3201, ""4"": 4001, ""5"": 3842}",connected
21699,84,20000,0.6564325,0.004093101147736889,-3.7881433594572758,"{""0"": 3732, ""1"": 3325, ""2"": 3530, ""3"": 3216, ""4"": 4025, ""5"": 3871}",connected
21799,84,20000,0.6548491666666667,0.0037875821505440397,-3.7881433594572758,"{""0"": 3753, ""1"": 3335, ""2"": 3542, ""3"": 3229, ""4"": 4044, ""5"": 3896}",connected
21899,84,20000,0.6532658333333334,0.0035445879359031094,-3.7881433594572758,"{""0"": 3774, ""1"": 3348, ""2"": 3562, ""3"": 3244, ""4"": 4055, ""5"": 3916}",connected
21999,84,20000,0.6516825,0.0035875962060526946,-3.7881433594572758,"{""0"": 3796, ""1"": 3361, ""2"": 3572, ""3"": 3261, ""4"": 4073, ""5"": 3936}",connected
22099,84,20000,0.6500991666666667,0.0035982219883590005,-3.7881433594572758,"{""0"": 3816, ""1"": 3374, ""2"": 3588, ""3"": 3273, ""4"": 4090, ""5"": 3958}",connected
22199,86,20000,0.6485158333333334,0.003211958145548124,-3.828099865293087,"{""0"": 3834, ""1"": 3391, ""2"": 3606, ""3"": 3277, ""4"": 4121, ""5"": 3970}",connected
22299,86,20000,0.6469325,0.003744629048742354,-3.828099865293087,"{""0"": 3846, ""1"": 3406, ""2"": 3615, ""3"": 3303, ""4"": 4140, ""5"": 3989}",connected
22399,86,20000,0.6453491666666666,0.004212226705567446,-3.828099865293087,"{""0"": 3874, ""1"": 3419, ""2"": 3622, ""3"": 3318, ""4"": 4159, ""5"": 4007}",connected
22499,86,20000,0.6437658333333334,0.004213538595649879,-3.828099865293087,"{""0"": 3895, ""1"": 3426, ""2"": 3644, ""3"": 3328, ""4"": 4178, ""5"": 4028}",connected
22599,86,20000,0.6421825000000001,0.0038228269506362265,-3.828099865293087,"{""0"": 3942, ""1"": 3433, ""2"": 3652, ""3"": 3338, ""4"": 4186, ""5"": 4048}",connected
22699,86,20000,0.6405991666666666,0.003855217600648757,-3.828099865293087,"{""0"": 3979, ""1"": 3446, ""2"": 3667, ""3"": 3351, ""4"": 4192, ""5"": 4064}",connected
22799,86,20000,0.6390158333333333,0.003733145400765352,-3.828099865293087,"{""0"": 4001, ""1"": 3454, ""2"": 3680, ""3"": 3362, ""4"": 4209, ""5"": 4093}",connected
22899,88,20000,0.6374325000000001,0.0031156726222252473,-3.8746963801730256,"{""0"": 4022, ""1"": 3480, ""2"": 3688, ""3"": 3368, ""4"": 4233, ""5"": 4108}",connected
22999,88,20000,0.6358491666666666,0.003716930577356834,-3.8746963801730256,"{""0"": 4038, ""1"": 3492, ""2"": 3702, ""3"": 3388, ""4"": 4259, ""5"": 4120}",connected
23099,88,20000,0.6342658333333333,0.0032268427521921694,-3.8746963801730256,"{""0"": 4054, ""1"": 3502, ""2"": 3717, ""3"": 3395, ""4"": 4270, ""5"": 4161}",connected
23199,88,20000,0.6326825,0.003434587366937194,-3.8746963801730256,"{""0"": 4070, ""1"": 3509, ""2"": 3731, ""3"": 3413, ""4"": 4283, ""5"": 4193}",connected
23299,88,20000,0.6310991666666668,0.0037280262220883743,-3.8746963801730256,"{""0"": 4080, ""1"": 3526, ""2"": 3757, ""3"": 3427, ""4"": 4299, ""5"": 4210}",connected
23399,88,20000,0.6295158333333333,0.003884474310616497,-3.8746963801730256,"{""0"": 4092, ""1"": 3546, ""2"": 3782, ""3"": 3439, ""4"": 4317, ""5"": 4223}",connected
23499,88,20000,0.6279325,0.005215936661988963,-3.8746963801730256,"{""0"": 4103, ""1"": 3563, ""2"": 3800, ""3"": 3461, ""4"": 4332, ""5"": 4240}",connected
23599,90,20000,0.6263491666666667,0.004711843382683583,-3.9116578759884253,"{""0"": 4132, ""1"": 3583, ""2"": 3808, ""3"": 3471, ""4"": 4346, ""5"": 4259}",connected
23699,90,20000,0.6247658333333334,0.00526612646470312,-3.9116578759884253,"{""0"": 4157, ""1"": 3592, ""2"": 3826, ""3"": 3478, ""4"": 4382, ""5"": 4264}",connected
23799,90,20000,0.6231825,0.005093174687062856,-3.9116578759884253,"{""0"": 4182, ""1"": 3605, ""2"": 3842, ""3"": 3493, ""4"": 4395, ""5"": 4282}",connected
23899,90,20000,0.6215991666666667,0.004858595785917714,-3.9116578759884253,"{""0"": 4213, ""1"": 3617, ""2"": 3861, ""3"": 3503, ""4"": 4410, ""5"": 4295}",connected
23999,90,20000,0.6200158333333333,0.004797851281182375,-3.9116578759884253,"{""0"": 4236, ""1"": 3629, ""2"": 3893, ""3"": 3511, ""4"": 4424, ""5"": 4306}",connected
24099,90,20000,0.6184324999999999,0.00436175567243481,-3.9116578759884253,"{""0"": 4258, ""1"": 3641, ""2"": 3909, ""3"": 3528, ""4"": 4439, ""5"": 4324}",connected
24199,90,20000,0.6168491666666667,0.00446107958588982,-3.9116578759884253,"{""0"": 4282, ""1"": 3655, ""2"": 3929, ""3"": 3543, ""4"": 4454, ""5"": 4336}",connected
24299,91,20000,0.6152658333333334,0.0043709016105276536,-3.932123508739316,"{""0"": 4302, ""1"": 3663, ""2"": 3947, ""3"": 3558, ""4"": 4464, ""5"": 4365}",connected
24399,92,20000,0.6136825,0.0050763624519458974,-3.960677892916188,"{""0"": 4320, ""1"": 3674, ""2"": 3970, ""3"": 3568, ""4"": 4491, ""5"": 4376}",connected
24499,92,20000,0.6120991666666666,0.0056632487571914684,-3.960677892916188,"{""0"": 4354, ""1"": 3686, ""2"": 3977, ""3"": 3580, ""4"": 4504, ""5"": 4398}",connected
24599,92,20000,0.6105158333333334,0.0052091946429573,-3.960677892916188,"{""0"": 4380, ""1"": 3701, ""2"": 3996, ""3"": 3601, ""4"": 4516, ""5"": 4405}",connected
24699,92,20000,0.6089325,0.004682883782952558,-3.960677892916188,"{""0"": 4413, ""1"": 3713, ""2"": 4011, ""3"": 3613, ""4"": 4533, ""5"": 4416}",connected
24799,92,20000,0.6073491666666666,0.0035402981378138067,-3.960677892916188,"{""0"": 4446, ""1"": 3729, ""2"": 4026, ""3"": 3622, ""4"": 4543, ""5"": 4433}",connected
24899,92,20000,0.6057658333333333,0.0028886677187983877,-3.960677892916188,"{""0"": 4471, ""1"": 3740, ""2"": 4044, ""3"": 3635, ""4"": 4553, ""5"": 4456}",connected
24999,92,20000,0.6041825000000001,0.0031871655947179533,-3.960677892916188,"{""0"": 4484, ""1"": 3752, ""2"": 4057, ""3"": 3647, ""4"": 4571, ""5"": 4488}",connected
25099,94,20000,0.6025991666666667,0.0035828196656075306,-3.9964165737248085,"{""0"": 4495, ""1"": 3779, ""2"": 4086, ""3"": 3663, ""4"": 4578, ""5"": 4498}",connected
25199,94,20000,0.6010158333333333,0.004464657223434187,-3.9964165737248085,"{""0"": 4506, ""1"": 3788, ""2"": 4108, ""3"": 3682, ""4"": 4601, ""5"": 4514}",connected
25299,94,20000,0.5994325,0.004178477219247725,-3.9964165737248085,"{""0"": 4521, ""1"": 3804, ""2"": 4115, ""3"": 3703, ""4"": 4624, ""5"": 4532}",connected
25399,94,20000,0.5978491666666667,0.004648708588501904,-3.9964165737248085,"{""0"": 4548, ""1"": 3815, ""2"": 4124, ""3"": 3722, ""4"": 4641, ""5"": 4549}",connected
25499,94,20000,0.5962658333333334,0.003748425576777663,-3.9964165737248085,"{""0"": 4569, ""1"": 3832, ""2"": 4134, ""3"": 3735, ""4"": 4661, ""5"": 4568}",connected
25599,94,20000,0.5946825,0.003399719458830077,-3.9964165737248085,"{""0"": 4585, ""1"": 3852, ""2"": 4148, ""3"": 3740, ""4"": 4670, ""5"": 4604}",connected
25699,94,20000,0.5930991666666667,0.003427115439553745,-3.9964165737248085,"{""0"": 4615, ""1"": 3865, ""2"": 4163, ""3"": 3755, ""4"": 4684, ""5"": 4617}",connected
25799,96,20000,0.5915158333333334,0.003014937728003133,-4.022709158622699,"{""0"": 4633, ""1"": 3884, ""2"": 4171, ""3"": 3770, ""4"": 4705, ""5"": 4636}",connected
25899,96,20000,0.5899325,0.0033648320217616857,-4.022709158622699,"{""0"": 4645, ""1"": 3890, ""2"": 4182, ""3"": 3797, ""4"": 4728, ""5"": 4657}",connected
25999,96,20000,0.5883491666666667,0.0036783633622690104,-4.022709158622699,"{""0"": 4654, ""1"": 3904, ""2"": 4196, ""3"": 3807, ""4"": 4750, ""5"": 4688}",connected
26099,96,20000,0.5867658333333334,0.003814033586822916,-4.022709158622699,"{""0"": 4673, ""1"": 3913, ""2"": 4207, ""3"": 3831, ""4"": 4769, ""5"": 4706}",connected
26199,96,20000,0.5851825,0.003330030396464281,-4.022709158622699,"{""0"": 4685, ""1"": 3930, ""2"": 4221, ""3"": 3843, ""4"": 4784, ""5"": 4736}",connected
26299,96,20000,0.5835991666666667,0.0028854913599207065,-4.022709158622699,"{""0"": 4719, ""1"": 3939, ""2"": 4234, ""3"": 3866, ""4"": 4791, ""5"": 4750}",connected
26399,96,20000,0.5820158333333334,0.00285558924486395,-4.022709158622699,"{""0"": 4743, ""1"": 3953, ""2"": 4255, ""3"": 3875, ""4"": 4802, ""5"": 4771}",connected
26499,98,20000,0.5804325,0.003033257646020502,-4.056264429747564,"{""0"": 4757, ""1"": 3961, ""2"": 4266, ""3"": 3891, ""4"": 4825, ""5"": 4799}",connected
26599,98,20000,0.5788491666666666,0.003736832861904986,-4.056264429747564,"{""0"": 4763, ""1"": 3987, ""2"": 4296, ""3"": 3902, ""4"": 4844, ""5"": 4807}",connected
26699,98,20000,0.5772658333333334,0.003969638276612386,-4.056264429747564,"{""0"": 4768, ""1"": 4013, ""2"": 4323, ""3"": 3923, ""4"": 4859, ""5"": 4813}",connected
26799,98,20000,0.5756825000000001,0.003673521288437769,-4.056264429747564,"{""0"": 4778, ""1"": 4020, ""2"": 4379, ""3"": 3933, ""4"": 4867, ""5"": 4822}",connected
26899,98,20000,0.5740991666666667,0.003534017964848317,-4.056264429747564,"{""0"": 4787, ""1"": 4033, ""2"": 4433, ""3"": 3943, ""4"": 4877, ""5"": 4826}",connected
26999,98,20000,0.5725158333333333,0.0036856525961775333,-4.056264429747564,"{""0"": 4807, ""1"": 4047, ""2"": 4466, ""3"": 3951, ""4"": 4889, ""5"": 4839}",connected
27099,98,20000,0.5709325000000001,0.0035447745604324154,-4.056264429747564,"{""0"": 4818, ""1"": 4078, ""2"": 4489, ""3"": 3962, ""4"": 4905, ""5"": 4847}",connected
27199,100,20000,0.5693491666666667,0.0032897996582323687,-4.083312491183169,"{""0"": 4833, ""1"": 4107, ""2"": 4514, ""3"": 3967, ""4"": 4916, ""5"": 4862}",connected
27299,100,20000,0.5677658333333333,0.0033814093098044396,-4.083312491183169,"{""0"": 4853, ""1"": 4124, ""2"": 4535, ""3"": 3970, ""4"": 4935, ""5"": 4882}",connected
27399,100,20000,0.5661825,0.0025873135891743004,-4.083312491183169,"{""0"": 4877, ""1"": 4139, ""2"": 4543, ""3"": 3979, ""4"": 4947, ""5"": 4914}",connected
27499,100,20000,0.5645991666666668,0.002546839639544487,-4.083312491183169,"{""0"": 4895, ""1"": 4152, ""2"": 4557, ""3"": 3987, ""4"": 4955, ""5"": 4953}",connected
27599,100,20000,0.5630158333333333,0.0031439265856170098,-4.083312491183169,"{""0"": 4905, ""1"": 4170, ""2"": 4568, ""3"": 4005, ""4"": 4964, ""5"": 4987}",connected
27699,100,20000,0.5614325,0.0034914149020914918,-4.083312491183169,"{""0"": 4911, ""1"": 4176, ""2"": 4593, ""3"": 4021, ""4"": 4982, ""5"": 5016}",connected
27799,100,20000,0.5598491666666667,0.003874203006562311,-4.083312491183169,"{""0"": 4941, ""1"": 4193, ""2"": 4600, ""3"": 4027, ""4"": 5000, ""5"": 5038}",connected
27899,100,20000,0.5582658333333334,0.004501200737140607,-4.083312491183169,"{""0"": 4962, ""1"": 4204, ""2"": 4613, ""3"": 4038, ""4"": 5009, ""5"": 5073}",connected
27999,102,20000,0.5566825,0.004199962664279156,-4.155770878619514,"{""0"": 4977, ""1"": 4211, ""2"": 4638, ""3"": 4069, ""4"": 5020, ""5"": 5084}",connected
28099,102,20000,0.5550991666666667,0.0038177617022302,-4.155770878619514,"{""0"": 4988, ""1"": 4219, ""2"": 4664, ""3"": 4084, ""4"": 5046, ""5"": 5098}",connected
28199,102,20000,0.5535158333333334,0.003736213289666921,-4.155770878619514,"{""0"": 4996, ""1"": 4225, ""2"": 4673, ""3"": 4098, ""4"": 5067, ""5"": 5140}",connected
28299,102,20000,0.5519324999999999,0.0029614008494536393,-4.155770878619514,"{""0"": 5009, ""1"": 4235, ""2"": 4689, ""3"": 4117, ""4"": 5082, ""5"": 5167}",connected
28399,102,20000,0.5503491666666667,0.0033251811386435294,-4.155770878619514,"{""0"": 5021, ""1"": 4245, ""2"": 4710, ""3"": 4126, ""4"": 5090, ""5"": 5207}",connected
28499,102,20000,0.5487658333333334,0.003853423360560555,-4.155770878619514,"{""0"": 5036, ""1"": 4256, ""2"": 4725, ""3"": 4143, ""4"": 5100, ""5"": 5239}",connected
28599,102,20000,0.5471825,0.0035853270720690488,-4.155770878619514,"{""0"": 5053, ""1"": 4262, ""2"": 4744, ""3"": 4155, ""4"": 5114, ""5"": 5271}",connected
28699,104,20000,0.5455991666666666,0.004296658100793138,-4.1916510474635285,"{""0"": 5085, ""1"": 4273, ""2"": 4756, ""3"": 4167, ""4"": 5136, ""5"": 5282}",connected
28799,104,20000,0.5440158333333334,0.003806692826328799,-4.1916510474635285,"{""0"": 5099, ""1"": 4283, ""2"": 4769, ""3"": 4188, ""4"": 5167, ""5"": 5293}",connected
28899,104,20000,0.5424325,0.00331136250984855,-4.1916510474635285,"{""0"": 5118, ""1"": 4294, ""2"": 4783, ""3"": 4202, ""4"": 5185, ""5"": 5317}",connected
28999,104,20000,0.5408491666666666,0.004175594929547515,-4.1916510474635285,"{""0"": 5131, ""1"": 4307, ""2"": 4789, ""3"": 4218, ""4"": 5203, ""5"": 5351}",connected
29099,104,20000,0.5392658333333333,0.0033070423331810163,-4.1916510474635285,"{""0"": 5164, ""1"": 4323, ""2"": 4801, ""3"": 4228, ""4"": 5213, ""5"": 5370}",connected
29199,104,20000,0.5376825000000001,0.003854363781574648,-4.1916510474635285,"{""0"": 5213, ""1"": 4334, ""2"": 4817, ""3"": 4239, ""4"": 5219, ""5"": 5377}",connected
29299,104,20000,0.5360991666666667,0.004082497246272397,-4.1916510474635285,"{""0"": 5235, ""1"": 4349, ""2"": 4827, ""3"": 4259, ""4"": 5233, ""5"": 5396}",connected
29399,106,20000,0.5345158333333333,0.003272458165301941,-4.256387164411135,"{""0"": 5246, ""1"": 4366, ""2"": 4847, ""3"": 4270, ""4"": 5259, ""5"": 5411}",connected
29499,106,20000,0.5329325,0.0034735597437247634,-4.256387164411135,"{""0"": 5267, ""1"": 4374, ""2"": 4860, ""3"": 4285, ""4"": 5274, ""5"": 5439}",connected
29599,106,20000,0.5313491666666667,0.0031595942183048464,-4.256387164411135,"{""0"": 5293, ""1"": 4384, ""2"": 4866, ""3"": 4298, ""4"": 5293, ""5"": 5465}",connected
29699,106,20000,0.5297658333333334,0.00321261504519498,-4.256387164411135,"{""0"": 5335, ""1"": 4391, ""2"": 4872, ""3"": 4314, ""4"": 5298, ""5"": 5489}",connected
29799,106,20000,0.5281825,0.003712266058137175,-4.256387164411135,"{""0"": 5360, ""1"": 4407, ""2"": 4884, ""3"": 4324, ""4"": 5316, ""5"": 5508}",connected
29899,106,20000,0.5265991666666667,0.004146545370458625,-4.256387164411135,"{""0"": 5383, ""1"": 4412, ""2"": 4891, ""3"": 4346, ""4"": 5328, ""5"": 5539}",connected
29999,106,20000,0.5250158333333333,0.004447024987020995,-4.256387164411135,"{""0"": 5402, ""1"": 4425, ""2"": 4908, ""3"": 4362, ""4"": 5336, ""5"": 5566}",connected
30099,108,20000,0.5234325,0.004387464091123548,-4.294294209545479,"{""0"": 5424, ""1"": 4431, ""2"": 4924, ""3"": 4372, ""4"": 5356, ""5"": 5592}",connected
30199,108,20000,0.5218491666666667,0.0045463451754767445,-4.294294209545479,"{""0"": 5429, ""1"": 4449, ""2"": 4960, ""3"": 4380, ""4"": 5372, ""5"": 5609}",connected
30299,108,20000,0.5202658333333334,0.004056750434974674,-4.294294209545479,"{""0"": 5458, ""1"": 4454, ""2"": 4983, ""3"": 4391, ""4"": 5393, ""5"": 5620}",connected
30399,108,20000,0.5186824999999999,0.003583438534406014,-4.294294209545479,"{""0"": 5468, ""1"": 4472, ""2"": 5003, ""3"": 4405, ""4"": 5405, ""5"": 5646}",connected
30499,108,20000,0.5170991666666667,0.003372408344584983,-4.294294209545479,"{""0"": 5481, ""1"": 4482, ""2"": 5023, ""3"": 4419, ""4"": 5420, ""5"": 5674}",connected
30599,108,20000,0.5155158333333334,0.0040106573983212,-4.294294209545479,"{""0"": 5496, ""1"": 4495, ""2"": 5036, ""3"": 4435, ""4"": 5446, ""5"": 5691}",connected
30699,108,20000,0.5139324999999999,0.004411299505736679,-4.294294209545479,"{""0"": 5504, ""1"": 4507, ""2"": 5064, ""3"": 4457, ""4"": 5462, ""5"": 5705}",connected
30799,110,20000,0.5123491666666666,0.0046724027217715045,-4.3504601395083595,"{""0"": 5530, ""1"": 4517, ""2"": 5091, ""3"": 4467, ""4"": 5474, ""5"": 5720}",connected
30899,110,20000,0.5107658333333334,0.004717121776775457,-4.3504601395083595,"{""0"": 5552, ""1"": 4529, ""2"": 5111, ""3"": 4476, ""4"": 5498, ""5"": 5733}",connected
30999,110,20000,0.5091825,0.003228793871239759,-4.3504601395083595,"{""0"": 5579, ""1"": 4536, ""2"": 5118, ""3"": 4488, ""4"": 5512, ""5"": 5766}",connected
31099,110,20000,0.5075991666666667,0.0031164723381516524,-4.3504601395083595,"{""0"": 5618, ""1"": 4549, ""2"": 5124, ""3"": 4494, ""4"": 5518, ""5"": 5796}",connected
31199,110,20000,0.5060158333333333,0.0028227273822994904,-4.3504601395083595,"{""0"": 5652, ""1"": 4568, ""2"": 5129, ""3"": 4503, ""4"": 5526, ""5"": 5821}",connected
31299,110,20000,0.5044325000000001,0.0028437603730708362,-4.3504601395083595,"{""0"": 5693, ""1"": 4583, ""2"": 5134, ""3"": 4512, ""4"": 5533, ""5"": 5844}",connected
31399,110,20000,0.5028491666666667,0.003410991590062622,-4.3504601395083595,"{""0"": 5700, ""1"": 4589, ""2"": 5162, ""3"": 4525, ""4"": 5547, ""5"": 5876}",connected
31499,110,20000,0.5012658333333333,0.0032886928188963793,-4.3504601395083595,"{""0"": 5727, ""1"": 4605, ""2"": 5167, ""3"": 4542, ""4"": 5559, ""5"": 5899}",connected
31599,112,20000,0.49968250000000003,0.003438591809826903,-4.435529545582831,"{""0"": 5753, ""1"": 4626, ""2"": 5187, ""3"": 4553, ""4"": 5575, ""5"": 5905}",connected
31699,112,20000,0.49809916666666665,0.00301899446407333,-4.435529545582831,"{""0"": 5789, ""1"": 4637, ""2"": 5204, ""3"": 4561, ""4"": 5587, ""5"": 5921}",connected
31799,112,20000,0.4965158333333334,0.0027861617138842123,-4.435529545582831,"{""0"": 5808, ""1"": 4653, ""2"": 5214, ""3"": 4568, ""4"": 5605, ""5"": 5951}",connected
31899,112,20000,0.4949325000000001,0.002787843446421903,-4.435529545582831,"{""0"": 5856, ""1"": 4662, ""2"": 5218, ""3"": 4581, ""4"": 5621, ""5"": 5961}",connected
31999,112,20000,0.4933491666666667,0.002322316919162404,-4.435529545582831,"{""0"": 5892, ""1"": 4672, ""2"": 5230, ""3"": 4595, ""4"": 5631, ""5"": 5979}",connected
32099,112,20000,0.49176583333333335,0.002773930124239996,-4.435529545582831,"{""0"": 5938, ""1"": 4676, ""2"": 5247, ""3"": 4606, ""4"": 5640, ""5"": 5992}",connected
32199,112,20000,0.4901825000000001,0.0027774118617526255,-4.435529545582831,"{""0"": 5978, ""1"": 4693, ""2"": 5259, ""3"": 4621, ""4"": 5649, ""5"": 5999}",connected
32299,114,20000,0.4885991666666667,0.003270134014892392,-4.4600429157586765,"{""0"": 6006, ""1"": 4711, ""2"": 5279, ""3"": 4629, ""4"": 5664, ""5"": 6010}",connected
32399,114,20000,0.4870158333333333,0.003962090295099188,-4.4600429157586765,"{""0"": 6021, ""1"": 4723, ""2"": 5293, ""3"": 4639, ""4"": 5704, ""5"": 6019}",connected
32499,114,20000,0.48543250000000004,0.003925749160698615,-4.4600429157586765,"{""0"": 6031, ""1"": 4768, ""2"": 5307, ""3"": 4652, ""4"": 5712, ""5"": 6029}",connected
32599,114,20000,0.48384916666666666,0.004066588541318197,-4.4600429157586765,"{""0"": 6042, ""1"": 4800, ""2"": 5320, ""3"": 4663, ""4"": 5723, ""5"": 6051}",connected
32699,114,20000,0.4822658333333333,0.0034580585703952236,-4.4600429157586765,"{""0"": 6057, ""1"": 4818, ""2"": 5340, ""3"": 4673, ""4"": 5735, ""5"": 6076}",connected
32799,114,20000,0.4806825,0.002671818308008369,-4.4600429157586765,"{""0"": 6075, ""1"": 4831, ""2"": 5372, ""3"": 4687, ""4"": 5747, ""5"": 6087}",connected
32899,114,20000,0.47909916666666663,0.0024441877554636448,-4.4600429157586765,"{""0"": 6090, ""1"": 4857, ""2"": 5384, ""3"": 4699, ""4"": 5768, ""5"": 6101}",connected
32999,116,20000,0.47751583333333336,0.001970539856120013,-4.454376149424352,"{""0"": 6110, ""1"": 4874, ""2"": 5396, ""3"": 4713, ""4"": 5792, ""5"": 6114}",connected
33099,116,20000,0.4759325000000001,0.0017348185114678927,-4.454376149424352,"{""0"": 6125, ""1"": 4877, ""2"": 5427, ""3"": 4719, ""4"": 5804, ""5"": 6147}",connected
33199,116,20000,0.4743491666666667,0.0022711244539823385,-4.454376149424352,"{""0"": 6155, ""1"": 4883, ""2"": 5438, ""3"": 4746, ""4"": 5815, ""5"": 6162}",connected
33299,116,20000,0.47276583333333333,0.002564516596030444,-4.454376149424352,"{""0"": 6177, ""1"": 4894, ""2"": 5452, ""3"": 4761, ""4"": 5835, ""5"": 6180}",connected
33399,118,20000,0.47118250000000006,0.003206376233429182,-4.370884574702941,"{""0"": 6205, ""1"": 4901, ""2"": 5475, ""3"": 4774, ""4"": 5853, ""5"": 6191}",connected
33499,118,20000,0.4695991666666667,0.0038869331747991964,-4.370884574702941,"{""0"": 6242, ""1"": 4907, ""2"": 5488, ""3"": 4792, ""4"": 5871, ""5"": 6199}",connected
33599,118,20000,0.4680158333333333,0.0037908257768140175,-4.370884574702941,"{""0"": 6252, ""1"": 4920, ""2"": 5511, ""3"": 4810, ""4"": 5886, ""5"": 6220}",connected
33699,118,20000,0.4664325,0.004217992856283672,-4.370884574702941,"{""0"": 6283, ""1"": 4930, ""2"": 5521, ""3"": 4826, ""4"": 5901, ""5"": 6238}",connected
33799,118,20000,0.46484916666666665,0.0034879657294368373,-4.370884574702941,"{""0"": 6301, ""1"": 4953, ""2"": 5534, ""3"": 4834, ""4"": 5913, ""5"": 6264}",connected
33899,118,20000,0.4632658333333334,0.0036606309295166284,-4.370884574702941,"{""0"": 6307, ""1"": 4964, ""2"": 5546, ""3"": 4857, ""4"": 5927, ""5"": 6298}",connected
33999,118,20000,0.4616825,0.003995538271556143,-4.370884574702941,"{""0"": 6337, ""1"": 4972, ""2"": 5559, ""3"": 4873, ""4"": 5945, ""5"": 6313}",connected
34099,120,20000,0.4600991666666666,0.003603763840801548,-4.509704578663222,"{""0"": 6351, ""1"": 4977, ""2"": 5577, ""3"": 4890, ""4"": 5955, ""5"": 6349}",connected
34199,120,20000,0.45851583333333346,0.004298130765382666,-4.509704578663222,"{""0"": 6362, ""1"": 4985, ""2"": 5603, ""3"": 4903, ""4"": 5975, ""5"": 6371}",connected
34299,120,20000,0.4569325000000001,0.003977958511968609,-4.509704578663222,"{""0"": 6375, ""1"": 4995, ""2"": 5613, ""3"": 4921, ""4"": 5997, ""5"": 6398}",connected
34399,120,20000,0.4553491666666667,0.0038330270402366297,-4.509704578663222,"{""0"": 6390, ""1"": 5006, ""2"": 5624, ""3"": 4942, ""4"": 6014, ""5"": 6423}",connected
34499,120,20000,0.4537658333333334,0.003605686200025957,-4.509704578663222,"{""0"": 6416, ""1"": 5014, ""2"": 5633, ""3"": 4963, ""4"": 6030, ""5"": 6443}",connected
34599,120,20000,0.45218250000000004,0.003681874907342717,-4.509704578663222,"{""0"": 6433, ""1"": 5032, ""2"": 5642, ""3"": 4967, ""4"": 6044, ""5"": 6481}",connected
34699,120,20000,0.45059916666666666,0.0039029281682451257,-4.509704578663222,"{""0"": 6481, ""1"": 5037, ""2"": 5649, ""3"": 4983, ""4"": 6051, ""5"": 6498}",connected
34799,122,20000,0.4490158333333334,0.0030914640781702475,-4.557168881227263,"{""0"": 6496, ""1"": 5051, ""2"": 5663, ""3"": 4996, ""4"": 6062, ""5"": 6531}",connected
34899,122,20000,0.4474325,0.003071414142032154,-4.557168881227263,"{""0"": 6514, ""1"": 5074, ""2"": 5678, ""3"": 5008, ""4"": 6080, ""5"": 6545}",connected
34999,122,20000,0.44584916666666663,0.0025987100007478147,-4.557168881227263,"{""0"": 6529, ""1"": 5082, ""2"": 5688, ""3"": 5020, ""4"": 6100, ""5"": 6580}",connected
35099,122,20000,0.44426583333333336,0.0025229462454444728,-4.557168881227263,"{""0"": 6548, ""1"": 5104, ""2"": 5706, ""3"": 5034, ""4"": 6108, ""5"": 6599}",connected
35199,122,20000,0.4426825,0.0029678296664496884,-4.557168881227263,"{""0"": 6576, ""1"": 5114, ""2"": 5728, ""3"": 5047, ""4"": 6124, ""5"": 6610}",connected
35299,122,20000,0.4410991666666666,0.0036942986297071913,-4.557168881227263,"{""0"": 6599, ""1"": 5126, ""2"": 5740, ""3"": 5062, ""4"": 6137, ""5"": 6635}",connected
35399,122,20000,0.43951583333333344,0.0036800441227387635,-4.557168881227263,"{""0"": 6608, ""1"": 5138, ""2"": 5758, ""3"": 5076, ""4"": 6156, ""5"": 6663}",connected
35499,122,20000,0.43793250000000006,0.00358309159608325,-4.557168881227263,"{""0"": 6661, ""1"": 5146, ""2"": 5767, ""3"": 5080, ""4"": 6162, ""5"": 6683}",connected
35599,124,20000,0.4363491666666667,0.003442629199125804,-4.699218990788795,"{""0"": 6675, ""1"": 5178, ""2"": 5786, ""3"": 5096, ""4"": 6171, ""5"": 6693}",connected
35699,124,20000,0.4347658333333334,0.002553642196871806,-4.699218990788795,"{""0"": 6695, ""1"": 5190, ""2"": 5806, ""3"": 5110, ""4"": 6184, ""5"": 6714}",connected
35799,124,20000,0.4331825,0.0029455901149776764,-4.699218990788795,"{""0"": 6707, ""1"": 5200, ""2"": 5828, ""3"": 5119, ""4"": 6208, ""5"": 6737}",connected
35899,124,20000,0.43159916666666664,0.002749376968713477,-4.699218990788795,"{""0"": 6720, ""1"": 5207, ""2"": 5854, ""3"": 5133, ""4"": 6215, ""5"": 6770}",connected
35999,124,20000,0.4300158333333334,0.0028185305459192023,-4.699218990788795,"{""0"": 6752, ""1"": 5212, ""2"": 5866, ""3"": 5143, ""4"": 6231, ""5"": 6795}",connected
36099,124,20000,0.4284325,0.002659594281867612,-4.699218990788795,"{""0"": 6773, ""1"": 5225, ""2"": 5883, ""3"": 5156, ""4"": 6238, ""5"": 6824}",connected
36199,124,20000,0.4268491666666667,0.0020439152279868723,-4.699218990788795,"{""0"": 6788, ""1"": 5235, ""2"": 5895, ""3"": 5170, ""4"": 6256, ""5"": 6855}",connected
36299,126,20000,0.42526583333333334,0.001664117992622778,-4.762330196062103,"{""0"": 6805, ""1"": 5240, ""2"": 5907, ""3"": 5188, ""4"": 6279, ""5"": 6880}",connected
36399,126,20000,0.42368249999999996,0.001797533991630189,-4.762330196062103,"{""0"": 6823, ""1"": 5256, ""2"": 5929, ""3"": 5202, ""4"": 6295, ""5"": 6894}",connected
36499,126,20000,0.4220991666666667,0.0016579940236988477,-4.762330196062103,"{""0"": 6839, ""1"": 5263, ""2"": 5941, ""3"": 5217, ""4"": 6310, ""5"": 6929}",connected
36599,126,20000,0.4205158333333334,0.0017427256747032515,-4.762330196062103,"{""0"": 6860, ""1"": 5270, ""2"": 5945, ""3"": 5234, ""4"": 6320, ""5"": 6970}",connected
36699,126,20000,0.41893250000000004,0.0018423822883050888,-4.762330196062103,"{""0"": 6875, ""1"": 5277, ""2"": 5957, ""3"": 5247, ""4"": 6347, ""5"": 6996}",connected
36799,126,20000,0.41734916666666677,0.0015209574901382439,-4.762330196062103,"{""0"": 6907, ""1"": 5287, ""2"": 5976, ""3"": 5258, ""4"": 6361, ""5"": 7010}",connected
36899,126,20000,0.4157658333333334,0.0018560618185438215,-4.762330196062103,"{""0"": 6918, ""1"": 5298, ""2"": 5997, ""3"": 5279, ""4"": 6378, ""5"": 7029}",connected
36999,128,20000,0.4141825,0.0018843631137860938,-4.81996277728118,"{""0"": 6926, ""1"": 5307, ""2"": 6016, ""3"": 5295, ""4"": 6389, ""5"": 7066}",connected
37099,128,20000,0.41259916666666674,0.001990981492854189,-4.81996277728118,"{""0"": 6956, ""1"": 5319, ""2"": 6036, ""3"": 5298, ""4"": 6400, ""5"": 7090}",connected
37199,128,20000,0.41101583333333336,0.002361872267210856,-4.81996277728118,"{""0"": 6974, ""1"": 5333, ""2"": 6054, ""3"": 5313, ""4"": 6423, ""5"": 7102}",connected
37299,128,20000,0.4094325,0.0024907646796782502,-4.81996277728118,"{""0"": 6996, ""1"": 5346, ""2"": 6067, ""3"": 5342, ""4"": 6438, ""5"": 7110}",connected
37399,128,20000,0.4078491666666667,0.0025494601315585895,-4.81996277728118,"{""0"": 7008, ""1"": 5359, ""2"": 6090, ""3"": 5351, ""4"": 6465, ""5"": 7126}",connected
37499,128,20000,0.4062658333333333,0.0025318355174385942,-4.81996277728118,"{""0"": 7012, ""1"": 5378, ""2"": 6113, ""3"": 5368, ""4"": 6473, ""5"": 7155}",connected
37599,128,20000,0.40468249999999995,0.00210191246093018,-4.81996277728118,"{""0"": 7027, ""1"": 5393, ""2"": 6133, ""3"": 5384, ""4"": 6496, ""5"": 7166}",connected
37699,130,20000,0.4030991666666667,0.001852276575518772,-4.811216034651734,"{""0"": 7043, ""1"": 5405, ""2"": 6137, ""3"": 5397, ""4"": 6509, ""5"": 7208}",connected
37799,130,20000,0.4015158333333334,0.0018706732348073274,-4.811216034651734,"{""0"": 7069, ""1"": 5419, ""2"": 6158, ""3"": 5411, ""4"": 6526, ""5"": 7216}",connected
37899,130,20000,0.3999325,0.0018741723921266384,-4.811216034651734,"{""0"": 7098, ""1"": 5424, ""2"": 6173, ""3"": 5421, ""4"": 6542, ""5"": 7241}",connected
37999,130,20000,0.39834916666666675,0.0018953766315826215,-4.811216034651734,"{""0"": 7132, ""1"": 5430, ""2"": 6183, ""3"": 5431, ""4"": 6558, ""5"": 7265}",connected
38099,130,20000,0.3967658333333334,0.0021283840585965665,-4.811216034651734,"{""0"": 7167, ""1"": 5438, ""2"": 6202, ""3"": 5443, ""4"": 6566, ""5"": 7283}",connected
38199,130,20000,0.3951825,0.0023125769061152824,-4.811216034651734,"{""0"": 7187, ""1"": 5444, ""2"": 6213, ""3"": 5487, ""4"": 6578, ""5"": 7290}",connected
38299,130,20000,0.3935991666666667,0.0023720884072827176,-4.811216034651734,"{""0"": 7218, ""1"": 5468, ""2"": 6227, ""3"": 5496, ""4"": 6595, ""5"": 7295}",connected
38399,132,20000,0.39201583333333334,0.0024120700635830872,-4.815804730746895,"{""0"": 7247, ""1"": 5478, ""2"": 6253, ""3"": 5505, ""4"": 6615, ""5"": 7301}",connected
38499,132,20000,0.39043249999999996,0.002017150022438727,-4.815804730746895,"{""0"": 7272, ""1"": 5481, ""2"": 6270, ""3"": 5517, ""4"": 6648, ""5"": 7311}",connected
38599,132,20000,0.3888491666666667,0.0018981587220332585,-4.815804730746895,"{""0"": 7281, ""1"": 5499, ""2"": 6298, ""3"": 5536, ""4"": 6667, ""5"": 7318}",connected
38699,132,20000,0.3872658333333333,0.001976597175525967,-4.815804730746895,"{""0"": 7309, ""1"": 5504, ""2"": 6317, ""3"": 5554, ""4"": 6690, ""5"": 7325}",connected
38799,132,20000,0.38568250000000004,0.0020236075506545603,-4.815804730746895,"{""0"": 7338, ""1"": 5513, ""2"": 6328, ""3"": 5571, ""4"": 6704, ""5"": 7345}",connected
38899,132,20000,0.38409916666666666,0.0022969102690694855,-4.815804730746895,"{""0"": 7348, ""1"": 5529, ""2"": 6343, ""3"": 5591, ""4"": 6717, ""5"": 7371}",connected
38999,132,20000,0.3825158333333334,0.0026188345227274113,-4.815804730746895,"{""0"": 7377, ""1"": 5551, ""2"": 6344, ""3"": 5605, ""4"": 6730, ""5"": 7392}",connected
39099,132,20000,0.3809325000000001,0.00275652636482846,-4.815804730746895,"{""0"": 7399, ""1"": 5567, ""2"": 6355, ""3"": 5624, ""4"": 6739, ""5"": 7415}",connected
39199,134,20000,0.37934916666666674,0.0026122994133038445,-4.934124769289046,"{""0"": 7410, ""1"": 5572, ""2"": 6370, ""3"": 5643, ""4"": 6771, ""5"": 7433}",connected
39299,134,20000,0.37776583333333336,0.002995431731978897,-4.934124769289046,"{""0"": 7432, ""1"": 5583, ""2"": 6395, ""3"": 5647, ""4"": 6788, ""5"": 7454}",connected
39399,134,20000,0.3761825000000001,0.0024979917367454617,-4.934124769289046,"{""0"": 7448, ""1"": 5593, ""2"": 6431, ""3"": 5660, ""4"": 6804, ""5"": 7463}",connected
39499,134,20000,0.3745991666666667,0.0020019109098939223,-4.934124769289046,"{""0"": 7459, ""1"": 5607, ""2"": 6463, ""3"": 5678, ""4"": 6813, ""5"": 7479}",connected
39599,134,20000,0.3730158333333333,0.002195598036632873,-4.934124769289046,"{""0"": 7465, ""1"": 5616, ""2"": 6494, ""3"": 5686, ""4"": 6845, ""5"": 7493}",connected
39699,134,20000,0.37143250000000005,0.0016822998461429961,-4.934124769289046,"{""0"": 7470, ""1"": 5632, ""2"": 6525, ""3"": 5705, ""4"": 6873, ""5"": 7494}",connected
39799,134,20000,0.3698491666666667,0.001640556899656076,-4.934124769289046,"{""0"": 7487, ""1"": 5648, ""2"": 6544, ""3"": 5727, ""4"": 6885, ""5"": 7508}",connected
39899,136,20000,0.3682658333333333,0.0020202072666143066,-4.915613803914749,"{""0"": 7498, ""1"": 5666, ""2"": 6559, ""3"": 5760, ""4"": 6904, ""5"": 7512}",connected
39999,136,20000,0.3666825,0.001776481771375984,-4.915613803914749,"{""0"": 7522, ""1"": 5675, ""2"": 6584, ""3"": 5773, ""4"": 6925, ""5"": 7520}",connected
40099,136,20000,0.36509916666666664,0.002008114701893646,-4.915613803914749,"{""0"": 7550, ""1"": 5678, ""2"": 6590, ""3"": 5784, ""4"": 6939, ""5"": 7558}",connected
40199,136,20000,0.36351583333333337,0.0019692002501687966,-4.915613803914749,"{""0"": 7575, ""1"": 5691, ""2"": 6596, ""3"": 5794, ""4"": 6949, ""5"": 7594}",connected
40299,136,20000,0.3619325000000001,0.0017252220670343377,-4.915613803914749,"{""0"": 7602, ""1"": 5707, ""2"": 6609, ""3"": 5798, ""4"": 6954, ""5"": 7629}",connected
40399,136,20000,0.3603491666666667,0.001923309106787201,-4.915613803914749,"{""0"": 7625, ""1"": 5714, ""2"": 6632, ""3"": 5806, ""4"": 6966, ""5"": 7656}",connected
40499,136,20000,0.35876583333333334,0.0016924824321176857,-4.915613803914749,"{""0"": 7642, ""1"": 5724, ""2"": 6648, ""3"": 5823, ""4"": 6979, ""5"": 7683}",connected
40599,138,20000,0.35718250000000007,0.0020448333644890225,-4.916292293984443,"{""0"": 7655, ""1"": 5746, ""2"": 6669, ""3"": 5839, ""4"": 6999, ""5"": 7691}",connected
40699,138,20000,0.3555991666666667,0.0024831286480184647,-4.916292293984443,"{""0"": 7667, ""1"": 5753, ""2"": 6696, ""3"": 5849, ""4"": 7024, ""5"": 7710}",connected
40799,138,20000,0.3540158333333333,0.0024047635501483456,-4.916292293984443,"{""0"": 7682, ""1"": 5766, ""2"": 6724, ""3"": 5865, ""4"": 7038, ""5"": 7724}",connected
40899,138,20000,0.35243250000000004,0.002683734158927109,-4.916292293984443,"{""0"": 7699, ""1"": 5778, ""2"": 6746, ""3"": 5881, ""4"": 7058, ""5"": 7737}",connected
40999,138,20000,0.35084916666666666,0.0022717319379444234,-4.916292293984443,"{""0"": 7705, ""1"": 5800, ""2"": 6780, ""3"": 5893, ""4"": 7067, ""5"": 7754}",connected
41099,138,20000,0.3492658333333333,0.0020790994790149853,-4.916292293984443,"{""0"": 7718, ""1"": 5813, ""2"": 6798, ""3"": 5906, ""4"": 7084, ""5"": 7780}",connected
41199,138,20000,0.3476825,0.0021823517186567187,-4.916292293984443,"{""0"": 7740, ""1"": 5828, ""2"": 6822, ""3"": 5919, ""4"": 7101, ""5"": 7789}",connected
41299,140,20000,0.3460991666666666,0.0021065644363989122,-4.889245454738848,"{""0"": 7749, ""1"": 5847, ""2"": 6847, ""3"": 5936, ""4"": 7114, ""5"": 7806}",connected
41399,140,20000,0.34451583333333347,0.002429799109522719,-4.889245454738848,"{""0"": 7763, ""1"": 5859, ""2"": 6884, ""3"": 5941, ""4"": 7134, ""5"": 7818}",connected
41499,140,20000,0.3429325000000001,0.0023734831865294837,-4.889245454738848,"{""0"": 7775, ""1"": 5880, ""2"": 6913, ""3"": 5947, ""4"": 7151, ""5"": 7833}",connected
41599,140,20000,0.3413491666666667,0.0023105830029817296,-4.889245454738848,"{""0"": 7793, ""1"": 5898, ""2"": 6937, ""3"": 5969, ""4"": 7164, ""5"": 7838}",connected
41699,140,20000,0.33976583333333343,0.0023081297261524016,-4.889245454738848,"{""0"": 7842, ""1"": 5910, ""2"": 6948, ""3"": 5977, ""4"": 7174, ""5"": 7848}",connected
41799,140,20000,0.33818250000000005,0.002096765519527253,-4.889245454738848,"{""0"": 7862, ""1"": 5926, ""2"": 6967, ""3"": 5990, ""4"": 7198, ""5"": 7856}",connected
41899,140,20000,0.33659916666666667,0.0021594066204852426,-4.889245454738848,"{""0"": 7869, ""1"": 5942, ""2"": 6985, ""3"": 6014, ""4"": 7215, ""5"": 7874}",connected
41999,140,20000,0.3350158333333334,0.002451945391949266,-4.889245454738848,"{""0"": 7890, ""1"": 5954, ""2"": 6998, ""3"": 6033, ""4"": 7227, ""5"": 7897}",connected
42099,142,20000,0.3334325,0.0024184797602356412,-4.86386181992013,"{""0"": 7900, ""1"": 5966, ""2"": 7019, ""3"": 6041, ""4"": 7264, ""5"": 7909}",connected
42199,142,20000,0.33184916666666664,0.0025022773680393583,-4.86386181992013,"{""0"": 7919, ""1"": 5974, ""2"": 7039, ""3"": 6054, ""4"": 7281, ""5"": 7932}",connected
42299,142,20000,0.33026583333333337,0.0021493426998495124,-4.86386181992013,"{""0"": 7934, ""1"": 5989, ""2"": 7063, ""3"": 6063, ""4"": 7310, ""5"": 7940}",connected
42399,142,20000,0.3286825,0.002292112251161598,-4.86386181992013,"{""0"": 7943, ""1"": 6013, ""2"": 7083, ""3"": 6082, ""4"": 7328, ""5"": 7950}",connected
42499,142,20000,0.3270991666666666,0.002069431236886885,-4.86386181992013,"{""0"": 7967, ""1"": 6018, ""2"": 7103, ""3"": 6104, ""4"": 7339, ""5"": 7968}",connected
42599,142,20000,0.32551583333333345,0.0020028206627466716,-4.86386181992013,"{""0"": 7983, ""1"": 6032, ""2"": 7127, ""3"": 6116, ""4"": 7357, ""5"": 7984}",connected
42699,142,20000,0.32393250000000007,0.0019574108120286836,-4.86386181992013,"{""0"": 8004, ""1"": 6055, ""2"": 7146, ""3"": 6127, ""4"": 7366, ""5"": 8001}",connected
42799,144,20000,0.3223491666666667,0.001439746673568152,-4.825308751445264,"{""0"": 8039, ""1"": 6071, ""2"": 7166, ""3"": 6135, ""4"": 7380, ""5"": 8008}",connected
42899,144,20000,0.3207658333333334,0.0016554620090755633,-4.825308751445264,"{""0"": 8068, ""1"": 6090, ""2"": 7176, ""3"": 6153, ""4"": 7392, ""5"": 8020}",connected
42999,144,20000,0.31918250000000004,0.0014949843776412308,-4.825308751445264,"{""0"": 8096, ""1"": 6102, ""2"": 7189, ""3"": 6177, ""4"": 7409, ""5"": 8026}",connected
43099,144,20000,0.31759916666666665,0.0019335346473963,-4.825308751445264,"{""0"": 8121, ""1"": 6112, ""2"": 7206, ""3"": 6184, ""4"": 7434, ""5"": 8042}",connected
43199,144,20000,0.3160158333333334,0.0025778994921711275,-4.825308751445264,"{""0"": 8136, ""1"": 6120, ""2"": 7220, ""3"": 6201, ""4"": 7451, ""5"": 8071}",connected
43299,144,20000,0.3144325,0.0024470604670932517,-4.825308751445264,"{""0"": 8148, ""1"": 6132, ""2"": 7231, ""3"": 6222, ""4"": 7471, ""5"": 8095}",connected
43399,144,20000,0.3128491666666666,0.002756547233730089,-4.825308751445264,"{""0"": 8175, ""1"": 6147, ""2"": 7242, ""3"": 6234, ""4"": 7484, ""5"": 8117}",connected
43499,146,20000,0.31126583333333335,0.0023226027164491825,-4.80859491606243,"{""0"": 8191, ""1"": 6172, ""2"": 7261, ""3"": 6243, ""4"": 7493, ""5"": 8139}",connected
43599,146,20000,0.30968249999999997,0.002094577512179967,-4.80859491606243,"{""0"": 8239, ""1"": 6183, ""2"": 7277, ""3"": 6253, ""4"": 7505, ""5"": 8142}",connected
43699,146,20000,0.3080991666666667,0.002088468045985792,-4.80859491606243,"{""0"": 8286, ""1"": 6189, ""2"": 7299, ""3"": 6260, ""4"": 7517, ""5"": 8148}",connected
43799,146,20000,0.30651583333333343,0.001927314097119961,-4.80859491606243,"{""0"": 8315, ""1"": 6204, ""2"": 7314, ""3"": 6265, ""4"": 7536, ""5"": 8165}",connected
43899,146,20000,0.30493250000000005,0.0018392451680847445,-4.80859491606243,"{""0"": 8333, ""1"": 6212, ""2"": 7343, ""3"": 6282, ""4"": 7556, ""5"": 8173}",connected
43999,146,20000,0.3033491666666668,0.0013960192358354107,-4.80859491606243,"{""0"": 8343, ""1"": 6232, ""2"": 7365, ""3"": 6306, ""4"": 7577, ""5"": 8176}",connected
44099,146,20000,0.3017658333333334,0.0016316924022976309,-4.80859491606243,"{""0"": 8366, ""1"": 6241, ""2"": 7378, ""3"": 6320, ""4"": 7591, ""5"": 8203}",connected
44199,148,20000,0.3001825,0.0015515343876904809,-4.725951823685318,"{""0"": 8390, ""1"": 6251, ""2"": 7403, ""3"": 6331, ""4"": 7601, ""5"": 8223}",connected
44299,148,20000,0.29859916666666675,0.0020821502749458886,-4.725951823685318,"{""0"": 8409, ""1"": 6260, ""2"": 7414, ""3"": 6336, ""4"": 7625, ""5"": 8255}",connected
44399,148,20000,0.29701583333333337,0.002116254884458613,-4.725951823685318,"{""0"": 8423, ""1"": 6267, ""2"": 7438, ""3"": 6346, ""4"": 7640, ""5"": 8285}",connected
44499,148,20000,0.2954325,0.0020055768865859134,-4.725951823685318,"{""0"": 8446, ""1"": 6287, ""2"": 7460, ""3"": 6358, ""4"": 7654, ""5"": 8294}",connected
44599,148,20000,0.2938491666666667,0.002632482506451197,-4.725951823685318,"{""0"": 8460, ""1"": 6299, ""2"": 7473, ""3"": 6366, ""4"": 7662, ""5"": 8339}",connected
44699,148,20000,0.29226583333333334,0.002470813227701001,-4.725951823685318,"{""0"": 8484, ""1"": 6307, ""2"": 7487, ""3"": 6387, ""4"": 7680, ""5"": 8354}",connected
44799,148,20000,0.29068249999999995,0.002630535323987715,-4.725951823685318,"{""0"": 8498, ""1"": 6322, ""2"": 7507, ""3"": 6408, ""4"": 7702, ""5"": 8362}",connected
44899,150,20000,0.2890991666666667,0.00292444324149983,-4.693685911023058,"{""0"": 8538, ""1"": 6330, ""2"": 7534, ""3"": 6412, ""4"": 7708, ""5"": 8377}",connected
44999,150,20000,0.2875158333333334,0.002871497917221859,-4.693685911023058,"{""0"": 8553, ""1"": 6332, ""2"": 7562, ""3"": 6424, ""4"": 7728, ""5"": 8400}",connected
45099,150,20000,0.28593250000000003,0.002912153571669478,-4.693685911023058,"{""0"": 8569, ""1"": 6346, ""2"": 7572, ""3"": 6433, ""4"": 7740, ""5"": 8439}",connected
45199,150,20000,0.28434916666666676,0.0033994632947724314,-4.693685911023058,"{""0"": 8580, ""1"": 6355, ""2"": 7590, ""3"": 6450, ""4"": 7769, ""5"": 8455}",connected
45299,150,20000,0.2827658333333334,0.0032855129867675713,-4.693685911023058,"{""0"": 8589, ""1"": 6358, ""2"": 7617, ""3"": 6476, ""4"": 7797, ""5"": 8462}",connected
45399,150,20000,0.2811825,0.002746319509751629,-4.693685911023058,"{""0"": 8613, ""1"": 6369, ""2"": 7648, ""3"": 6479, ""4"": 7814, ""5"": 8476}",connected
45499,150,20000,0.27959916666666673,0.0027458363768528217,-4.693685911023058,"{""0"": 8626, ""1"": 6379, ""2"": 7656, ""3"": 6501, ""4"": 7840, ""5"": 8497}",connected
45599,150,20000,0.27801583333333335,0.002427867389342282,-4.693685911023058,"{""0"": 8657, ""1"": 6397, ""2"": 7672, ""3"": 6512, ""4"": 7846, ""5"": 8515}",connected
45699,152,20000,0.27643249999999997,0.002543362334545236,-4.665699685774744,"{""0"": 8670, ""1"": 6410, ""2"": 7684, ""3"": 6542, ""4"": 7866, ""5"": 8527}",connected
45799,152,20000,0.2748491666666667,0.0024853052172693424,-4.665699685774744,"{""0"": 8701, ""1"": 6418, ""2"": 7692, ""3"": 6563, ""4"": 7892, ""5"": 8533}",connected
45899,152,20000,0.2732658333333333,0.0026794914892525412,-4.665699685774744,"{""0"": 8729, ""1"": 6422, ""2"": 7713, ""3"": 6567, ""4"": 7896, ""5"": 8572}",connected
45999,152,20000,0.27168249999999994,0.002531422714528162,-4.665699685774744,"{""0"": 8760, ""1"": 6429, ""2"": 7718, ""3"": 6573, ""4"": 7918, ""5"": 8601}",connected
46099,152,20000,0.27009916666666667,0.002074318999366369,-4.665699685774744,"{""0"": 8771, ""1"": 6432, ""2"": 7733, ""3"": 6596, ""4"": 7940, ""5"": 8627}",connected
46199,152,20000,0.2685158333333334,0.002325854937371332,-4.665699685774744,"{""0"": 8785, ""1"": 6436, ""2"": 7787, ""3"": 6602, ""4"": 7946, ""5"": 8643}",connected
46299,152,20000,0.26693250000000013,0.0024670499123749324,-4.665699685774744,"{""0"": 8808, ""1"": 6445, ""2"": 7805, ""3"": 6617, ""4"": 7961, ""5"": 8663}",connected
46399,154,20000,0.26534916666666675,0.002800011704384815,-4.661504580900073,"{""0"": 8824, ""1"": 6457, ""2"": 7819, ""3"": 6625, ""4"": 7982, ""5"": 8692}",connected
46499,154,20000,0.26376583333333337,0.0027556866308441385,-4.661504580900073,"{""0"": 8842, ""1"": 6466, ""2"": 7825, ""3"": 6660, ""4"": 8011, ""5"": 8695}",connected
46599,154,20000,0.2621825000000001,0.0026700528620858676,-4.661504580900073,"{""0"": 8849, ""1"": 6498, ""2"": 7853, ""3"": 6677, ""4"": 8025, ""5"": 8697}",connected
46699,154,20000,0.2605991666666667,0.002108552054560278,-4.661504580900073,"{""0"": 8855, ""1"": 6519, ""2"": 7871, ""3"": 6708, ""4"": 8047, ""5"": 8699}",connected
46799,154,20000,0.25901583333333333,0.0017559750608052128,-4.661504580900073,"{""0"": 8861, ""1"": 6528, ""2"": 7889, ""3"": 6727, ""4"": 8089, ""5"": 8705}",connected
46899,154,20000,0.25743250000000006,0.0017708838259568437,-4.661504580900073,"{""0"": 8872, ""1"": 6560, ""2"": 7894, ""3"": 6744, ""4"": 8107, ""5"": 8722}",connected
46999,154,20000,0.2558491666666667,0.0018128856262774207,-4.661504580900073,"{""0"": 8882, ""1"": 6601, ""2"": 7897, ""3"": 6747, ""4"": 8109, ""5"": 8763}",connected
47099,156,20000,0.2542658333333333,0.0017724714742507785,-4.707466214210727,"{""0"": 8905, ""1"": 6620, ""2"": 7915, ""3"": 6762, ""4"": 8121, ""5"": 8776}",connected
47199,156,20000,0.25268250000000003,0.0016577960713766516,-4.707466214210727,"{""0"": 8945, ""1"": 6624, ""2"": 7923, ""3"": 6770, ""4"": 8137, ""5"": 8800}",connected
47299,156,20000,0.25109916666666665,0.0018423210782930256,-4.707466214210727,"{""0"": 8966, ""1"": 6637, ""2"": 7950, ""3"": 6779, ""4"": 8157, ""5"": 8810}",connected
47399,156,20000,0.24951583333333338,0.001867298732686322,-4.707466214210727,"{""0"": 8996, ""1"": 6642, ""2"": 7957, ""3"": 6799, ""4"": 8186, ""5"": 8819}",connected
47499,156,20000,0.2479325000000001,0.0021097396870027297,-4.707466214210727,"{""0"": 9014, ""1"": 6655, ""2"": 7977, ""3"": 6819, ""4"": 8202, ""5"": 8832}",connected
47599,156,20000,0.24634916666666673,0.0025372559067909604,-4.707466214210727,"{""0"": 9031, ""1"": 6673, ""2"": 7998, ""3"": 6834, ""4"": 8208, ""5"": 8855}",connected
47699,156,20000,0.24476583333333335,0.002494285269640386,-4.707466214210727,"{""0"": 9046, ""1"": 6675, ""2"": 8022, ""3"": 6861, ""4"": 8236, ""5"": 8859}",connected
47799,158,20000,0.24318250000000008,0.0023233525824616665,-4.687131860433146,"{""0"": 9068, ""1"": 6684, ""2"": 8044, ""3"": 6877, ""4"": 8259, ""5"": 8867}",connected
47899,158,20000,0.2415991666666667,0.002223524445143994,-4.687131860433146,"{""0"": 9073, ""1"": 6696, ""2"": 8065, ""3"": 6885, ""4"": 8300, ""5"": 8880}",connected
47999,158,20000,0.24001583333333332,0.0019043107543257065,-4.687131860433146,"{""0"": 9081, ""1"": 6704, ""2"": 8077, ""3"": 6910, ""4"": 8324, ""5"": 8903}",connected
48099,158,20000,0.23843250000000005,0.0016521132230991498,-4.687131860433146,"{""0"": 9086, ""1"": 6716, ""2"": 8093, ""3"": 6934, ""4"": 8354, ""5"": 8916}",connected
48199,158,20000,0.23684916666666667,0.002112412216956727,-4.687131860433146,"{""0"": 9111, ""1"": 6730, ""2"": 8107, ""3"": 6954, ""4"": 8374, ""5"": 8923}",connected
48299,158,20000,0.23526583333333329,0.002221963082847651,-4.687131860433146,"{""0"": 9120, ""1"": 6737, ""2"": 8114, ""3"": 6972, ""4"": 8400, ""5"": 8956}",connected
48399,158,20000,0.23368250000000002,0.0022869225670001467,-4.687131860433146,"{""0"": 9131, ""1"": 6748, ""2"": 8127, ""3"": 6994, ""4"": 8426, ""5"": 8973}",connected
48499,158,20000,0.23209916666666663,0.0025362464637146333,-4.687131860433146,"{""0"": 9159, ""1"": 6756, ""2"": 8137, ""3"": 7014, ""4"": 8447, ""5"": 8986}",connected
48599,160,20000,0.23051583333333336,0.0019279635077691637,-4.66483970049303,"{""0"": 9169, ""1"": 6760, ""2"": 8147, ""3"": 7047, ""4"": 8487, ""5"": 8989}",connected
48699,160,20000,0.2289325000000001,0.001570029683643952,-4.66483970049303,"{""0"": 9180, ""1"": 6772, ""2"": 8167, ""3"": 7062, ""4"": 8516, ""5"": 9002}",connected
48799,160,20000,0.2273491666666667,0.0013959229149622843,-4.66483970049303,"{""0"": 9201, ""1"": 6778, ""2"": 8178, ""3"": 7075, ""4"": 8543, ""5"": 9024}",connected
48899,160,20000,0.22576583333333344,0.0015244645028724335,-4.66483970049303,"{""0"": 9213, ""1"": 6787, ""2"": 8190, ""3"": 7102, ""4"": 8566, ""5"": 9041}",connected
48999,160,20000,0.22418250000000006,0.001759754654194694,-4.66483970049303,"{""0"": 9217, ""1"": 6795, ""2"": 8199, ""3"": 7126, ""4"": 8605, ""5"": 9057}",connected
49099,160,20000,0.22259916666666668,0.0017981066516949795,-4.66483970049303,"{""0"": 9239, ""1"": 6798, ""2"": 8204, ""3"": 7154, ""4"": 8637, ""5"": 9067}",connected
49199,160,20000,0.2210158333333334,0.0016596579880570062,-4.66483970049303,"{""0"": 9247, ""1"": 6805, ""2"": 8215, ""3"": 7179, ""4"": 8667, ""5"": 9086}",connected
49299,162,20000,0.21943250000000003,0.0012740329862572252,-4.716170800426044,"{""0"": 9277, ""1"": 6808, ""2"": 8229, ""3"": 7191, ""4"": 8690, ""5"": 9104}",connected
49399,162,20000,0.21784916666666665,0.0015021209191763774,-4.716170800426044,"{""0"": 9291, ""1"": 6812, ""2"": 8247, ""3"": 7201, ""4"": 8711, ""5"": 9137}",connected
49499,162,20000,0.21626583333333338,0.0019339854098507202,-4.716170800426044,"{""0"": 9306, ""1"": 6819, ""2"": 8250, ""3"": 7218, ""4"": 8741, ""5"": 9165}",connected
49599,162,20000,0.2146825,0.0022237250773468986,-4.716170800426044,"{""0"": 9328, ""1"": 6824, ""2"": 8257, ""3"": 7234, ""4"": 8764, ""5"": 9192}",connected
49699,162,20000,0.21309916666666662,0.00250042741332436,-4.716170800426044,"{""0"": 9349, ""1"": 6833, ""2"": 8269, ""3"": 7256, ""4"": 8786, ""5"": 9206}",connected
49799,162,20000,0.21151583333333346,0.002073611891537439,-4.716170800426044,"{""0"": 9373, ""1"": 6839, ""2"": 8293, ""3"": 7276, ""4"": 8807, ""5"": 9211}",connected
49899,162,20000,0.20993250000000008,0.0019095079734688626,-4.716170800426044,"{""0"": 9380, ""1"": 6843, ""2"": 8302, ""3"": 7313, ""4"": 8846, ""5"": 9215}",connected
49999,164,20000,0.2083491666666667,0.001998997273040004,-4.691323503945023,"{""0"": 9394, ""1"": 6848, ""2"": 8321, ""3"": 7332, ""4"": 8883, ""5"": 9221}",connected
50099,164,20000,0.20676583333333343,0.002452817639277782,-4.691323503945023,"{""0"": 9428, ""1"": 6861, ""2"": 8336, ""3"": 7351, ""4"": 8898, ""5"": 9225}",connected
50199,164,20000,0.20518250000000005,0.0025381568950251674,-4.691323503945023,"{""0"": 9461, ""1"": 6867, ""2"": 8347, ""3"": 7367, ""4"": 8920, ""5"": 9237}",connected
50299,164,20000,0.20359916666666666,0.0026638472118065692,-4.691323503945023,"{""0"": 9488, ""1"": 6880, ""2"": 8369, ""3"": 7376, ""4"": 8942, ""5"": 9244}",connected
50399,164,20000,0.2020158333333334,0.002539368541620206,-4.691323503945023,"{""0"": 9499, ""1"": 6881, ""2"": 8404, ""3"": 7387, ""4"": 8960, ""5"": 9268}",connected
50499,164,20000,0.2004325,0.002015319110651035,-4.691323503945023,"{""0"": 9502, ""1"": 6887, ""2"": 8415, ""3"": 7415, ""4"": 8993, ""5"": 9287}",connected
50599,164,20000,0.19884916666666663,0.002234961685608141,-4.691323503945023,"{""0"": 9552, ""1"": 6902, ""2"": 8432, ""3"": 7422, ""4"": 9001, ""5"": 9290}",connected
50699,166,20000,0.19726583333333336,0.0021639097516890616,-4.669228181927465,"{""0"": 9576, ""1"": 6904, ""2"": 8454, ""3"": 7443, ""4"": 9028, ""5"": 9294}",connected
50799,166,20000,0.19568249999999998,0.002318682469194755,-4.669228181927465,"{""0"": 9607, ""1"": 6920, ""2"": 8481, ""3"": 7449, ""4"": 9041, ""5"": 9301}",connected
50899,166,20000,0.1940991666666666,0.0022533149280934595,-4.669228181927465,"{""0"": 9618, ""1"": 6930, ""2"": 8495, ""3"": 7455, ""4"": 9079, ""5"": 9322}",connected
50999,166,20000,0.19251583333333344,0.0020698196280864068,-4.669228181927465,"{""0"": 9644, ""1"": 6945, ""2"": 8509, ""3"": 7458, ""4"": 9106, ""5"": 9337}",connected
51099,166,20000,0.19093250000000006,0.0020124783710343762,-4.669228181927465,"{""0"": 9659, ""1"": 6951, ""2"": 8533, ""3"": 7480, ""4"": 9135, ""5"": 9341}",connected
51199,166,20000,0.1893491666666668,0.0021321232678019443,-4.669228181927465,"{""0"": 9675, ""1"": 6960, ""2"": 8550, ""3"": 7507, ""4"": 9158, ""5"": 9349}",connected
51299,166,20000,0.1877658333333334,0.0023617154231760653,-4.669228181927465,"{""0"": 9682, ""1"": 6969, ""2"": 8568, ""3"": 7521, ""4"": 9188, ""5"": 9371}",connected
51399,168,20000,0.18618250000000003,0.002437115036591422,-4.648195634246804,"{""0"": 9700, ""1"": 6984, ""2"": 8587, ""3"": 7538, ""4"": 9213, ""5"": 9377}",connected
51499,168,20000,0.18459916666666676,0.002694536448980216,-4.648195634246804,"{""0"": 9705, ""1"": 6986, ""2"": 8652, ""3"": 7545, ""4"": 9227, ""5"": 9384}",connected
51599,168,20000,0.18301583333333338,0.0025289206704474055,-4.648195634246804,"{""0"": 9724, ""1"": 6994, ""2"": 8662, ""3"": 7557, ""4"": 9243, ""5"": 9419}",connected
51699,168,20000,0.1814325,0.0026082579093053937,-4.648195634246804,"{""0"": 9747, ""1"": 7003, ""2"": 8672, ""3"": 7569, ""4"": 9278, ""5"": 9430}",connected
51799,168,20000,0.17984916666666673,0.0031550815104856157,-4.648195634246804,"{""0"": 9775, ""1"": 7012, ""2"": 8689, ""3"": 7582, ""4"": 9293, ""5"": 9448}",connected
51899,168,20000,0.17826583333333335,0.002866261489398312,-4.648195634246804,"{""0"": 9792, ""1"": 7023, ""2"": 8699, ""3"": 7608, ""4"": 9320, ""5"": 9457}",connected
51999,168,20000,0.17668249999999996,0.0027213860661140644,-4.648195634246804,"{""0"": 9834, ""1"": 7025, ""2"": 8702, ""3"": 7627, ""4"": 9349, ""5"": 9462}",connected
52099,168,20000,0.1750991666666667,0.0022672519512707367,-4.648195634246804,"{""0"": 9854, ""1"": 7035, ""2"": 8709, ""3"": 7653, ""4"": 9372, ""5"": 9476}",connected
52199,170,20000,0.17351583333333342,0.0021320111173554323,-4.621439554132521,"{""0"": 9879, ""1"": 7037, ""2"": 8754, ""3"": 7655, ""4"": 9392, ""5"": 9482}",connected
52299,170,20000,0.17193250000000004,0.002620980859210249,-4.621439554132521,"{""0"": 9922, ""1"": 7049, ""2"": 8763, ""3"": 7666, ""4"": 9412, ""5"": 9487}",connected
52399,170,20000,0.17034916666666677,0.0032791981092304924,-4.621439554132521,"{""0"": 9940, ""1"": 7082, ""2"": 8794, ""3"": 7666, ""4"": 9419, ""5"": 9498}",connected
52499,170,20000,0.1687658333333334,0.0036579314287519082,-4.621439554132521,"{""0"": 9943, ""1"": 7105, ""2"": 8821, ""3"": 7684, ""4"": 9442, ""5"": 9504}",connected
52599,170,20000,0.1671825,0.0037767078398610464,-4.621439554132521,"{""0"": 9947, ""1"": 7124, ""2"": 8859, ""3"": 7699, ""4"": 9462, ""5"": 9508}",connected
52699,170,20000,0.16559916666666674,0.003363433735212311,-4.621439554132521,"{""0"": 9949, ""1"": 7143, ""2"": 8924, ""3"": 7705, ""4"": 9465, ""5"": 9513}",connected
52799,170,20000,0.16401583333333336,0.0032091609769850037,-4.621439554132521,"{""0"": 9966, ""1"": 7152, ""2"": 8935, ""3"": 7735, ""4"": 9497, ""5"": 9514}",connected
52899,172,20000,0.16243249999999998,0.0031109793730138336,-4.665463873245753,"{""0"": 9977, ""1"": 7166, ""2"": 8956, ""3"": 7744, ""4"": 9534, ""5"": 9522}",connected
52999,172,20000,0.1608491666666667,0.003027162908256287,-4.665463873245753,"{""0"": 10012, ""1"": 7174, ""2"": 8960, ""3"": 7766, ""4"": 9549, ""5"": 9538}",connected
53099,172,20000,0.15926583333333333,0.0031141581835981923,-4.665463873245753,"{""0"": 10042, ""1"": 7182, ""2"": 8961, ""3"": 7777, ""4"": 9565, ""5"": 9572}",connected
53199,172,20000,0.15768249999999995,0.0024863904183439443,-4.665463873245753,"{""0"": 10096, ""1"": 7192, ""2"": 8963, ""3"": 7780, ""4"": 9568, ""5"": 9600}",connected
53299,172,20000,0.15609916666666668,0.0024332003205199725,-4.665463873245753,"{""0"": 10122, ""1"": 7196, ""2"": 8966, ""3"": 7793, ""4"": 9588, ""5"": 9634}",connected
53399,172,20000,0.1545158333333334,0.0023188585523166694,-4.665463873245753,"{""0"": 10131, ""1"": 7207, ""2"": 8975, ""3"": 7800, ""4"": 9606, ""5"": 9680}",connected
53499,172,20000,0.15293250000000003,0.0019239672608091496,-4.665463873245753,"{""0"": 10142, ""1"": 7217, ""2"": 9000, ""3"": 7806, ""4"": 9614, ""5"": 9720}",connected
53599,174,20000,0.15134916666666676,0.002256070924049709,-4.645646466035396,"{""0"": 10150, ""1"": 7221, ""2"": 9033, ""3"": 7820, ""4"": 9633, ""5"": 9742}",connected
53699,174,20000,0.14976583333333338,0.002023754128313158,-4.645646466035396,"{""0"": 10191, ""1"": 7223, ""2"": 9047, ""3"": 7832, ""4"": 9655, ""5"": 9751}",connected
53799,174,20000,0.1481825000000001,0.001686237019021064,-4.645646466035396,"{""0"": 10219, ""1"": 7227, ""2"": 9061, ""3"": 7848, ""4"": 9679, ""5"": 9765}",connected
53899,174,20000,0.14659916666666672,0.0016646721039433033,-4.645646466035396,"{""0"": 10233, ""1"": 7246, ""2"": 9097, ""3"": 7857, ""4"": 9697, ""5"": 9769}",connected
53999,174,20000,0.14501583333333334,0.0015758103635744192,-4.645646466035396,"{""0"": 10252, ""1"": 7257, ""2"": 9107, ""3"": 7875, ""4"": 9715, ""5"": 9793}",connected
54099,174,20000,0.14343250000000007,0.0016092453079181723,-4.645646466035396,"{""0"": 10260, ""1"": 7280, ""2"": 9126, ""3"": 7894, ""4"": 9735, ""5"": 9804}",connected
54199,174,20000,0.1418491666666667,0.0017188707008608617,-4.645646466035396,"{""0"": 10274, ""1"": 7297, ""2"": 9145, ""3"": 7912, ""4"": 9758, ""5"": 9813}",connected
54299,176,20000,0.1402658333333333,0.0017018310335697607,-4.616670855674893,"{""0"": 10282, ""1"": 7306, ""2"": 9155, ""3"": 7935, ""4"": 9784, ""5"": 9837}",connected
54399,176,20000,0.13868250000000004,0.0013445025635883212,-4.616670855674893,"{""0"": 10340, ""1"": 7314, ""2"": 9159, ""3"": 7941, ""4"": 9788, ""5"": 9857}",connected
54499,176,20000,0.13709916666666666,0.0017203191510634496,-4.616670855674893,"{""0"": 10430, ""1"": 7315, ""2"": 9160, ""3"": 7943, ""4"": 9792, ""5"": 9859}",connected
54599,176,20000,0.1355158333333334,0.0014689361603814177,-4.616670855674893,"{""0"": 10524, ""1"": 7316, ""2"": 9162, ""3"": 7943, ""4"": 9793, ""5"": 9861}",connected
54699,176,20000,0.13393250000000012,0.0021003637136891486,-4.616670855674893,"{""0"": 10588, ""1"": 7326, ""2"": 9174, ""3"": 7952, ""4"": 9795, ""5"": 9864}",connected
54799,176,20000,0.13234916666666674,0.0020907228332362137,-4.616670855674893,"{""0"": 10644, ""1"": 7337, ""2"": 9177, ""3"": 7958, ""4"": 9807, ""5"": 9876}",connected
54899,176,20000,0.13076583333333336,0.002143818762851879,-4.616670855674893,"{""0"": 10706, ""1"": 7349, ""2"": 9184, ""3"": 7965, ""4"": 9815, ""5"": 9880}",connected
54999,176,20000,0.1291825000000001,0.0027968750064610503,-4.616670855674893,"{""0"": 10724, ""1"": 7362, ""2"": 9192, ""3"": 8007, ""4"": 9819, ""5"": 9895}",connected
55099,178,20000,0.1275991666666667,0.002741968375921715,-4.740597172961571,"{""0"": 10729, ""1"": 7375, ""2"": 9222, ""3"": 8014, ""4"": 9853, ""5"": 9906}",connected
55199,178,20000,0.12601583333333333,0.0032310989653342405,-4.740597172961571,"{""0"": 10755, ""1"": 7382, ""2"": 9232, ""3"": 8039, ""4"": 9869, ""5"": 9922}",connected
55299,178,20000,0.12443250000000006,0.002951873069687281,-4.740597172961571,"{""0"": 10769, ""1"": 7402, ""2"": 9265, ""3"": 8044, ""4"": 9881, ""5"": 9938}",connected
55399,178,20000,0.12284916666666668,0.002338376911939122,-4.740597172961571,"{""0"": 10796, ""1"": 7420, ""2"": 9282, ""3"": 8057, ""4"": 9897, ""5"": 9947}",connected
55499,178,20000,0.1212658333333333,0.0023405317935976198,-4.740597172961571,"{""0"": 10801, ""1"": 7432, ""2"": 9301, ""3"": 8082, ""4"": 9928, ""5"": 9955}",connected
55599,178,20000,0.11968250000000002,0.002233402856218163,-4.740597172961571,"{""0"": 10834, ""1"": 7448, ""2"": 9318, ""3"": 8092, ""4"": 9936, ""5"": 9971}",connected
55699,178,20000,0.11809916666666664,0.002287660640431568,-4.740597172961571,"{""0"": 10851, ""1"": 7458, ""2"": 9341, ""3"": 8102, ""4"": 9953, ""5"": 9994}",connected
55799,180,20000,0.11651583333333337,0.0023606450721854345,-4.714852141742594,"{""0"": 10871, ""1"": 7460, ""2"": 9369, ""3"": 8109, ""4"": 9989, ""5"": 10001}",connected
55899,180,20000,0.1149325000000001,0.002239855275256559,-4.714852141742594,"{""0"": 10896, ""1"": 7474, ""2"": 9379, ""3"": 8116, ""4"": 10018, ""5"": 10016}",connected
55999,180,20000,0.11334916666666672,0.0021341780063812623,-4.714852141742594,"{""0"": 10905, ""1"": 7481, ""2"": 9395, ""3"": 8146, ""4"": 10047, ""5"": 10025}",connected
56099,180,20000,0.11176583333333334,0.002080943111504894,-4.714852141742594,"{""0"": 10913, ""1"": 7488, ""2"": 9423, ""3"": 8165, ""4"": 10074, ""5"": 10036}",connected
56199,180,20000,0.11018250000000007,0.0019222510379040614,-4.714852141742594,"{""0"": 10930, ""1"": 7510, ""2"": 9443, ""3"": 8179, ""4"": 10097, ""5"": 10040}",connected
56299,180,20000,0.10859916666666669,0.001564429692516569,-4.714852141742594,"{""0"": 10961, ""1"": 7520, ""2"": 9457, ""3"": 8195, ""4"": 10121, ""5"": 10045}",connected
56399,180,20000,0.10701583333333342,0.0018633246218087152,-4.714852141742594,"{""0"": 10981, ""1"": 7530, ""2"": 9468, ""3"": 8222, ""4"": 10151, ""5"": 10047}",connected
56499,182,20000,0.10543250000000004,0.002108031994430348,-4.695462731309235,"{""0"": 11023, ""1"": 7539, ""2"": 9483, ""3"": 8241, ""4"": 10155, ""5"": 10058}",connected
56599,182,20000,0.10384916666666666,0.003111438828636892,-4.695462731309235,"{""0"": 11057, ""1"": 7542, ""2"": 9489, ""3"": 8244, ""4"": 10180, ""5"": 10087}",connected
56699,182,20000,0.10226583333333339,0.003355892864638008,-4.695462731309235,"{""0"": 11082, ""1"": 7550, ""2"": 9510, ""3"": 8251, ""4"": 10210, ""5"": 10096}",connected
56799,182,20000,0.10068250000000001,0.0035302282866905444,-4.695462731309235,"{""0"": 11092, ""1"": 7567, ""2"": 9531, ""3"": 8264, ""4"": 10233, ""5"": 10112}",connected
56899,182,20000,0.09909916666666663,0.0030071743653388694,-4.695462731309235,"{""0"": 11098, ""1"": 7582, ""2"": 9551, ""3"": 8290, ""4"": 10261, ""5"": 10117}",connected
56999,182,20000,0.09751583333333347,0.0022601467574713753,-4.695462731309235,"{""0"": 11114, ""1"": 7598, ""2"": 9565, ""3"": 8297, ""4"": 10286, ""5"": 10139}",connected
57099,182,20000,0.09593250000000009,0.002511532623611856,-4.695462731309235,"{""0"": 11117, ""1"": 7605, ""2"": 9590, ""3"": 8321, ""4"": 10317, ""5"": 10149}",connected
57199,184,20000,0.0943491666666667,0.001983733138185926,-4.658898655166849,"{""0"": 11123, ""1"": 7621, ""2"": 9613, ""3"": 8337, ""4"": 10350, ""5"": 10155}",connected
57299,184,20000,0.09276583333333344,0.002063619166146964,-4.658898655166849,"{""0"": 11153, ""1"": 7628, ""2"": 9625, ""3"": 8358, ""4"": 10379, ""5"": 10156}",connected
57399,184,20000,0.09118250000000006,0.0018118888350727503,-4.658898655166849,"{""0"": 11158, ""1"": 7634, ""2"": 9655, ""3"": 8364, ""4"": 10387, ""5"": 10201}",connected
57499,184,20000,0.08959916666666667,0.001434907771908911,-4.658898655166849,"{""0"": 11175, ""1"": 7645, ""2"": 9664, ""3"": 8376, ""4"": 10430, ""5"": 10209}",connected
57599,184,20000,0.0880158333333334,0.001549477726657642,-4.658898655166849,"{""0"": 11181, ""1"": 7658, ""2"": 9683, ""3"": 8398, ""4"": 10454, ""5"": 10225}",connected
57699,184,20000,0.08643250000000002,0.001567122115084203,-4.658898655166849,"{""0"": 11194, ""1"": 7681, ""2"": 9708, ""3"": 8408, ""4"": 10469, ""5"": 10239}",connected
57799,184,20000,0.08484916666666664,0.001913285842165351,-4.658898655166849,"{""0"": 11199, ""1"": 7687, ""2"": 9716, ""3"": 8422, ""4"": 10507, ""5"": 10268}",connected
57899,184,20000,0.08326583333333337,0.0023385373133351095,-4.658898655166849,"{""0"": 11203, ""1"": 7700, ""2"": 9736, ""3"": 8441, ""4"": 10539, ""5"": 10280}",connected
57999,186,20000,0.08168249999999999,0.0026090731634758413,-4.634306717622094,"{""0"": 11232, ""1"": 7708, ""2"": 9767, ""3"": 8444, ""4"": 10550, ""5"": 10298}",connected
58099,186,20000,0.08009916666666661,0.002775351240852615,-4.634306717622094,"{""0"": 11237, ""1"": 7717, ""2"": 9770, ""3"": 8456, ""4"": 10581, ""5"": 10338}",connected
58199,186,20000,0.07851583333333345,0.0032279651916178407,-4.634306717622094,"{""0"": 11267, ""1"": 7717, ""2"": 9773, ""3"": 8469, ""4"": 10607, ""5"": 10366}",connected
58299,186,20000,0.07693250000000007,0.0027993866136239377,-4.634306717622094,"{""0"": 11273, ""1"": 7734, ""2"": 9798, ""3"": 8480, ""4"": 10628, ""5"": 10386}",connected
58399,186,20000,0.07534916666666669,0.0024079517177597156,-4.634306717622094,"{""0"": 11298, ""1"": 7755, ""2"": 9820, ""3"": 8491, ""4"": 10645, ""5"": 10390}",connected
58499,186,20000,0.07376583333333342,0.0025288676927448252,-4.634306717622094,"{""0"": 11335, ""1"": 7768, ""2"": 9836, ""3"": 8503, ""4"": 10665, ""5"": 10392}",connected
58599,186,20000,0.07218250000000004,0.001907999730319716,-4.634306717622094,"{""0"": 11358, ""1"": 7773, ""2"": 9850, ""3"": 8526, ""4"": 10694, ""5"": 10398}",connected
58699,188,20000,0.07059916666666677,0.001997548434592318,-4.603067138544284,"{""0"": 11399, ""1"": 7781, ""2"": 9866, ""3"": 8540, ""4"": 10707, ""5"": 10406}",connected
58799,188,20000,0.06901583333333339,0.002155085555277765,-4.603067138544284,"{""0"": 11403, ""1"": 7787, ""2"": 9872, ""3"": 8554, ""4"": 10749, ""5"": 10434}",connected
58899,188,20000,0.0674325,0.001858863464440219,-4.603067138544284,"{""0"": 11414, ""1"": 7794, ""2"": 9915, ""3"": 8567, ""4"": 10768, ""5"": 10441}",connected
58999,188,20000,0.06584916666666674,0.0017351443908410146,-4.603067138544284,"{""0"": 11418, ""1"": 7821, ""2"": 9954, ""3"": 8573, ""4"": 10783, ""5"": 10450}",connected
59099,188,20000,0.06426583333333336,0.0019067973052733578,-4.603067138544284,"{""0"": 11419, ""1"": 7849, ""2"": 9982, ""3"": 8591, ""4"": 10804, ""5"": 10454}",connected
59199,188,20000,0.06268249999999997,0.0017865714503568597,-4.603067138544284,"{""0"": 11460, ""1"": 7868, ""2"": 9999, ""3"": 8594, ""4"": 10817, ""5"": 10461}",connected
59299,188,20000,0.061099166666666704,0.00227244287612848,-4.603067138544284,"{""0"": 11472, ""1"": 7882, ""2"": 10024, ""3"": 8608, ""4"": 10831, ""5"": 10482}",connected
59399,190,20000,0.059515833333333434,0.003512137382058427,-4.578353159893304,"{""0"": 11487, ""1"": 7900, ""2"": 10059, ""3"": 8612, ""4"": 10850, ""5"": 10491}",connected
59499,190,20000,0.05793250000000005,0.00324821337882895,-4.578353159893304,"{""0"": 11509, ""1"": 7917, ""2"": 10087, ""3"": 8614, ""4"": 10878, ""5"": 10494}",connected
59599,190,20000,0.05634916666666678,0.003057406489388086,-4.578353159893304,"{""0"": 11514, ""1"": 7935, ""2"": 10114, ""3"": 8628, ""4"": 10897, ""5"": 10511}",connected
59699,190,20000,0.0547658333333334,0.003100767909490969,-4.578353159893304,"{""0"": 11529, ""1"": 7944, ""2"": 10126, ""3"": 8640, ""4"": 10907, ""5"": 10553}",connected
59799,190,20000,0.05318250000000002,0.0024435769332922064,-4.578353159893304,"{""0"": 11543, ""1"": 7947, ""2"": 10136, ""3"": 8659, ""4"": 10937, ""5"": 10577}",connected
59899,190,20000,0.05159916666666675,0.0022862837844877504,-4.578353159893304,"{""0"": 11549, ""1"": 7959, ""2"": 10154, ""3"": 8680, ""4"": 10966, ""5"": 10591}",connected
59999,190,20000,0.05001583333333337,0.002840284247940872,-4.578353159893304,"{""0"": 11589, ""1"": 7973, ""2"": 10183, ""3"": 8689, ""4"": 10974, ""5"": 10591}",connected
60099,192,20000,0.050000000000000044,0.0028980450952076353,-4.542293372452259,"{""0"": 11625, ""1"": 7983, ""2"": 10196, ""3"": 8699, ""4"": 10999, ""5"": 10597}",connected
60199,192,20000,0.050000000000000044,0.002504328709183028,-4.542293372452259,"{""0"": 11643, ""1"": 7992, ""2"": 10206, ""3"": 8729, ""4"": 11028, ""5"": 10601}",connected
60299,192,20000,0.050000000000000044,0.0031398510810686274,-4.542293372452259,"{""0"": 11662, ""1"": 8008, ""2"": 10225, ""3"": 8739, ""4"": 11056, ""5"": 10609}",connected
60399,192,20000,0.050000000000000044,0.0025375340550090188,-4.542293372452259,"{""0"": 11676, ""1"": 8019, ""2"": 10235, ""3"": 8762, ""4"": 11086, ""5"": 10621}",connected
60499,192,20000,0.050000000000000044,0.001975763530936092,-4.542293372452259,"{""0"": 11693, ""1"": 8034, ""2"": 10258, ""3"": 8781, ""4"": 11112, ""5"": 10621}",connected
60599,192,20000,0.050000000000000044,0.001835876277036732,-4.542293372452259,"{""0"": 11723, ""1"": 8044, ""2"": 10285, ""3"": 8795, ""4"": 11128, ""5"": 10624}",connected
60699,192,20000,0.050000000000000044,0.002027197255374631,-4.542293372452259,"{""0"": 11732, ""1"": 8070, ""2"": 10312, ""3"": 8799, ""4"": 11153, ""5"": 10633}",connected
60799,194,20000,0.050000000000000044,0.0022745993109128905,-4.516329486304894,"{""0"": 11740, ""1"": 8072, ""2"": 10324, ""3"": 8829, ""4"": 11187, ""5"": 10647}",connected
60899,194,20000,0.050000000000000044,0.0022920325717132074,-4.516329486304894,"{""0"": 11742, ""1"": 8100, ""2"": 10337, ""3"": 8845, ""4"": 11206, ""5"": 10669}",connected
60999,194,20000,0.050000000000000044,0.0023043760917789767,-4.516329486304894,"{""0"": 11753, ""1"": 8114, ""2"": 10356, ""3"": 8855, ""4"": 11239, ""5"": 10682}",connected
61099,194,20000,0.050000000000000044,0.0019539225424523464,-4.516329486304894,"{""0"": 11762, ""1"": 8134, ""2"": 10377, ""3"": 8865, ""4"": 11248, ""5"": 10713}",connected
61199,194,20000,0.050000000000000044,0.0020523032390337903,-4.516329486304894,"{""0"": 11775, ""1"": 8155, ""2"": 10396, ""3"": 8883, ""4"": 11269, ""5"": 10721}",connected
61299,194,20000,0.050000000000000044,0.0022487595088023227,-4.516329486304894,"{""0"": 11783, ""1"": 8175, ""2"": 10409, ""3"": 8903, ""4"": 11299, ""5"": 10730}",connected
61399,194,20000,0.050000000000000044,0.002234234247735003,-4.516329486304894,"{""0"": 11807, ""1"": 8177, ""2"": 10414, ""3"": 8923, ""4"": 11334, ""5"": 10744}",connected
61499,194,20000,0.050000000000000044,0.002139158649224555,-4.516329486304894,"{""0"": 11836, ""1"": 8186, ""2"": 10434, ""3"": 8935, ""4"": 11356, ""5"": 10752}",connected
61599,196,20000,0.050000000000000044,0.00217141802306287,-4.495418392741121,"{""0"": 11869, ""1"": 8210, ""2"": 10444, ""3"": 8944, ""4"": 11369, ""5"": 10763}",connected
61699,196,20000,0.050000000000000044,0.002094710938981734,-4.495418392741121,"{""0"": 11892, ""1"": 8253, ""2"": 10448, ""3"": 8944, ""4"": 11371, ""5"": 10791}",connected
61799,196,20000,0.050000000000000044,0.001993442691746168,-4.495418392741121,"{""0"": 11918, ""1"": 8313, ""2"": 10456, ""3"": 8946, ""4"": 11373, ""5"": 10793}",connected
61899,196,20000,0.050000000000000044,0.002542072299111169,-4.495418392741121,"{""0"": 11941, ""1"": 8382, ""2"": 10463, ""3"": 8946, ""4"": 11374, ""5"": 10793}",connected
61999,196,20000,0.050000000000000044,0.002502316263562534,-4.495418392741121,"{""0"": 11943, ""1"": 8457, ""2"": 10479, ""3"": 8951, ""4"": 11374, ""5"": 10795}",connected
62099,196,20000,0.050000000000000044,0.0029913461999967693,-4.495418392741121,"{""0"": 11964, ""1"": 8505, ""2"": 10501, ""3"": 8957, ""4"": 11377, ""5"": 10795}",connected
62199,196,20000,0.050000000000000044,0.003938293457613326,-4.495418392741121,"{""0"": 12001, ""1"": 8553, ""2"": 10510, ""3"": 8957, ""4"": 11381, ""5"": 10797}",connected
62299,198,20000,0.050000000000000044,0.0032108893897384405,-4.482086385451257,"{""0"": 12016, ""1"": 8600, ""2"": 10517, ""3"": 8972, ""4"": 11392, ""5"": 10802}",connected
62399,198,20000,0.050000000000000044,0.003404952313285321,-4.482086385451257,"{""0"": 12040, ""1"": 8633, ""2"": 10535, ""3"": 8980, ""4"": 11400, ""5"": 10811}",connected
62499,198,20000,0.050000000000000044,0.0029579375192406586,-4.482086385451257,"{""0"": 12117, ""1"": 8647, ""2"": 10538, ""3"": 8984, ""4"": 11402, ""5"": 10811}",connected
62599,198,20000,0.050000000000000044,0.0025189752559526823,-4.482086385451257,"{""0"": 12130, ""1"": 8671, ""2"": 10559, ""3"": 8984, ""4"": 11404, ""5"": 10851}",connected
62699,198,20000,0.050000000000000044,0.0028048466620384715,-4.482086385451257,"{""0"": 12138, ""1"": 8698, ""2"": 10574, ""3"": 8984, ""4"": 11404, ""5"": 10901}",connected
62799,198,20000,0.050000000000000044,0.0028311530049541034,-4.482086385451257,"{""0"": 12153, ""1"": 8709, ""2"": 10580, ""3"": 8986, ""4"": 11407, ""5"": 10964}",connected
62899,198,20000,0.050000000000000044,0.0028724210767541083,-4.482086385451257,"{""0"": 12166, ""1"": 8761, ""2"": 10600, ""3"": 8993, ""4"": 11415, ""5"": 10964}",connected
62999,200,20000,0.050000000000000044,0.0024385085157700814,-4.460392305706628,"{""0"": 12172, ""1"": 8804, ""2"": 10616, ""3"": 9006, ""4"": 11430, ""5"": 10971}",connected
63099,200,20000,0.050000000000000044,0.0022207427094690503,-4.460392305706628,"{""0"": 12205, ""1"": 8844, ""2"": 10629, ""3"": 9010, ""4"": 11434, ""5"": 10977}",connected
63199,200,20000,0.050000000000000044,0.0016294630960328503,-4.460392305706628,"{""0"": 12221, ""1"": 8907, ""2"": 10641, ""3"": 9014, ""4"": 11438, ""5"": 10978}",connected
63299,200,20000,0.050000000000000044,0.0018010418760241009,-4.460392305706628,"{""0"": 12245, ""1"": 8960, ""2"": 10656, ""3"": 9018, ""4"": 11442, ""5"": 10978}",connected
63399,200,20000,0.050000000000000044,0.0019182528898818419,-4.460392305706628,"{""0"": 12258, ""1"": 9016, ""2"": 10676, ""3"": 9024, ""4"": 11447, ""5"": 10978}",connected
63499,200,20000,0.050000000000000044,0.0016291013802401722,-4.460392305706628,"{""0"": 12285, ""1"": 9042, ""2"": 10690, ""3"": 9041, ""4"": 11459, ""5"": 10982}",connected
63599,200,20000,0.050000000000000044,0.0022719974801293573,-4.460392305706628,"{""0"": 12329, ""1"": 9073, ""2"": 10706, ""3"": 9043, ""4"": 11466, ""5"": 10982}",connected
63699,202,20000,0.050000000000000044,0.003013314705749508,-4.448067644517868,"{""0"": 12351, ""1"": 9106, ""2"": 10721, ""3"": 9059, ""4"": 11479, ""5"": 10983}",connected
63799,202,20000,0.050000000000000044,0.0028012853863765485,-4.448067644517868,"{""0"": 12351, ""1"": 9160, ""2"": 10736, ""3"": 9081, ""4"": 11488, ""5"": 10983}",connected
63899,202,20000,0.050000000000000044,0.0027840041631134226,-4.448067644517868,"{""0"": 12398, ""1"": 9207, ""2"": 10742, ""3"": 9081, ""4"": 11488, ""5"": 10983}",connected
63999,202,20000,0.050000000000000044,0.0026833184258430263,-4.448067644517868,"{""0"": 12408, ""1"": 9271, ""2"": 10763, ""3"": 9081, ""4"": 11488, ""5"": 10988}",connected
64099,202,20000,0.050000000000000044,0.0019638422850403003,-4.448067644517868,"{""0"": 12410, ""1"": 9312, ""2"": 10787, ""3"": 9085, ""4"": 11492, ""5"": 11013}",connected
64199,202,20000,0.050000000000000044,0.002017102545360103,-4.448067644517868,"{""0"": 12416, ""1"": 9320, ""2"": 10793, ""3"": 9159, ""4"": 11492, ""5"": 11019}",connected
64299,202,20000,0.050000000000000044,0.002314875431766268,-4.448067644517868,"{""0"": 12419, ""1"": 9379, ""2"": 10811, ""3"": 9166, ""4"": 11494, ""5"": 11030}",connected
64399,202,20000,0.050000000000000044,0.0017848390870494769,-4.448067644517868,"{""0"": 12430, ""1"": 9399, ""2"": 10826, ""3"": 9185, ""4"": 11504, ""5"": 11055}",connected
64499,204,20000,0.050000000000000044,0.0017543224735709372,-4.439742586393841,"{""0"": 12448, ""1"": 9412, ""2"": 10829, ""3"": 9204, ""4"": 11524, ""5"": 11082}",connected
64599,204,20000,0.050000000000000044,0.001599693105526967,-4.439742586393841,"{""0"": 12482, ""1"": 9459, ""2"": 10835, ""3"": 9209, ""4"": 11529, ""5"": 11085}",connected
64699,204,20000,0.050000000000000044,0.0019326476787682623,-4.439742586393841,"{""0"": 12528, ""1"": 9496, ""2"": 10841, ""3"": 9211, ""4"": 11529, ""5"": 11094}",connected
64799,204,20000,0.050000000000000044,0.0022421595652122052,-4.439742586393841,"{""0"": 12564, ""1"": 9520, ""2"": 10857, ""3"": 9217, ""4"": 11538, ""5"": 11103}",connected
64899,204,20000,0.050000000000000044,0.001883145354950102,-4.439742586393841,"{""0"": 12568, ""1"": 9587, ""2"": 10874, ""3"": 9221, ""4"": 11540, ""5"": 11109}",connected
64999,204,20000,0.050000000000000044,0.0026971917213813867,-4.439742586393841,"{""0"": 12596, ""1"": 9639, ""2"": 10885, ""3"": 9222, ""4"": 11540, ""5"": 11117}",connected
65099,204,20000,0.050000000000000044,0.0021844457008410247,-4.439742586393841,"{""0"": 12607, ""1"": 9661, ""2"": 10896, ""3"": 9228, ""4"": 11544, ""5"": 11163}",connected
65199,206,20000,0.050000000000000044,0.0024763904479914345,-4.423871478298679,"{""0"": 12626, ""1"": 9679, ""2"": 10912, ""3"": 9236, ""4"": 11551, ""5"": 11195}",connected
65299,206,20000,0.050000000000000044,0.0028219301128410736,-4.423871478298679,"{""0"": 12627, ""1"": 9686, ""2"": 10915, ""3"": 9249, ""4"": 11562, ""5"": 11260}",connected
65399,206,20000,0.050000000000000044,0.0029442722455132755,-4.423871478298679,"{""0"": 12631, ""1"": 9691, ""2"": 10919, ""3"": 9286, ""4"": 11598, ""5"": 11274}",connected
65499,206,20000,0.050000000000000044,0.0032037962111644445,-4.423871478298679,"{""0"": 12631, ""1"": 9720, ""2"": 10939, ""3"": 9309, ""4"": 11608, ""5"": 11292}",connected
65599,206,20000,0.050000000000000044,0.0027517123239522334,-4.423871478298679,"{""0"": 12632, ""1"": 9747, ""2"": 10958, ""3"": 9333, ""4"": 11615, ""5"": 11314}",connected
65699,206,20000,0.050000000000000044,0.0025928409582411404,-4.423871478298679,"{""0"": 12639, ""1"": 9787, ""2"": 10970, ""3"": 9365, ""4"": 11623, ""5"": 11315}",connected
65799,206,20000,0.050000000000000044,0.0026221110798360313,-4.423871478298679,"{""0"": 12639, ""1"": 9868, ""2"": 10988, ""3"": 9365, ""4"": 11623, ""5"": 11316}",connected
65899,208,20000,0.050000000000000044,0.0027870279508351815,-4.420586157571524,"{""0"": 12644, ""1"": 9927, ""2"": 11004, ""3"": 9367, ""4"": 11628, ""5"": 11329}",connected
65999,208,20000,0.050000000000000044,0.0029069072392303497,-4.420586157571524,"{""0"": 12682, ""1"": 9944, ""2"": 11013, ""3"": 9376, ""4"": 11641, ""5"": 11343}",connected
66099,208,20000,0.050000000000000044,0.0025917116526397877,-4.420586157571524,"{""0"": 12699, ""1"": 9993, ""2"": 11030, ""3"": 9383, ""4"": 11645, ""5"": 11349}",connected
66199,208,20000,0.050000000000000044,0.002406388643430546,-4.420586157571524,"{""0"": 12734, ""1"": 10007, ""2"": 11035, ""3"": 9388, ""4"": 11654, ""5"": 11381}",connected
66299,208,20000,0.050000000000000044,0.0022665589165990242,-4.420586157571524,"{""0"": 12788, ""1"": 10025, ""2"": 11040, ""3"": 9401, ""4"": 11658, ""5"": 11387}",connected
66399,208,20000,0.050000000000000044,0.002207470765861217,-4.420586157571524,"{""0"": 12792, ""1"": 10109, ""2"": 11040, ""3"": 9402, ""4"": 11658, ""5"": 11398}",connected
66499,208,20000,0.050000000000000044,0.002396683287079213,-4.420586157571524,"{""0"": 12794, ""1"": 10158, ""2"": 11063, ""3"": 9412, ""4"": 11666, ""5"": 11406}",connected
66599,210,20000,0.050000000000000044,0.002020453950535739,-4.407050763689913,"{""0"": 12810, ""1"": 10205, ""2"": 11074, ""3"": 9413, ""4"": 11675, ""5"": 11422}",connected
66699,210,20000,0.050000000000000044,0.0018518552080786321,-4.407050763689913,"{""0"": 12811, ""1"": 10259, ""2"": 11093, ""3"": 9426, ""4"": 11682, ""5"": 11428}",connected
66799,210,20000,0.050000000000000044,0.001935511937335832,-4.407050763689913,"{""0"": 12849, ""1"": 10288, ""2"": 11098, ""3"": 9426, ""4"": 11682, ""5"": 11456}",connected
66899,210,20000,0.050000000000000044,0.002347770695632789,-4.407050763689913,"{""0"": 12866, ""1"": 10311, ""2"": 11109, ""3"": 9446, ""4"": 11707, ""5"": 11460}",connected
66999,210,20000,0.050000000000000044,0.002026040334312711,-4.407050763689913,"{""0"": 12869, ""1"": 10365, ""2"": 11130, ""3"": 9457, ""4"": 11715, ""5"": 11463}",connected
67099,210,20000,0.050000000000000044,0.0018774154070706572,-4.407050763689913,"{""0"": 12883, ""1"": 10394, ""2"": 11146, ""3"": 9476, ""4"": 11727, ""5"": 11473}",connected
67199,210,20000,0.050000000000000044,0.002083118943264708,-4.407050763689913,"{""0"": 12883, ""1"": 10432, ""2"": 11165, ""3"": 9504, ""4"": 11733, ""5"": 11482}",connected
67299,211,20000,0.050000000000000044,0.002077386503224261,-4.39208504665643,"{""0"": 12889, ""1"": 10466, ""2"": 11168, ""3"": 9548, ""4"": 11739, ""5"": 11489}",connected
67399,212,20000,0.050000000000000044,0.002425686489441432,-4.381587963434868,"{""0"": 12896, ""1"": 10503, ""2"": 11190, ""3"": 9571, ""4"": 11742, ""5"": 11497}",connected
67499,212,20000,0.050000000000000044,0.0023255177745886615,-4.381587963434868,"{""0"": 12904, ""1"": 10561, ""2"": 11200, ""3"": 9577, ""4"": 11750, ""5"": 11507}",connected
67599,212,20000,0.050000000000000044,0.002687950525287306,-4.381587963434868,"{""0"": 12927, ""1"": 10599, ""2"": 11217, ""3"": 9581, ""4"": 11757, ""5"": 11518}",connected
67699,212,20000,0.050000000000000044,0.0022513709556369575,-4.381587963434868,"{""0"": 12937, ""1"": 10624, ""2"": 11224, ""3"": 9599, ""4"": 11775, ""5"": 11540}",connected
67799,212,20000,0.050000000000000044,0.00276358831251855,-4.381587963434868,"{""0"": 12952, ""1"": 10646, ""2"": 11241, ""3"": 9623, ""4"": 11789, ""5"": 11548}",connected
67899,212,20000,0.050000000000000044,0.0031713008052611257,-4.381587963434868,"{""0"": 12957, ""1"": 10662, ""2"": 11248, ""3"": 9642, ""4"": 11818, ""5"": 11572}",connected
67999,212,20000,0.050000000000000044,0.002561128692468628,-4.381587963434868,"{""0"": 12970, ""1"": 10729, ""2"": 11256, ""3"": 9643, ""4"": 11819, ""5"": 11582}",connected
68099,214,20000,0.050000000000000044,0.002775074914970901,-4.373534896066412,"{""0"": 12975, ""1"": 10765, ""2"": 11263, ""3"": 9658, ""4"": 11838, ""5"": 11600}",connected
68199,214,20000,0.050000000000000044,0.0027420522266766055,-4.373534896066412,"{""0"": 12989, ""1"": 10819, ""2"": 11275, ""3"": 9660, ""4"": 11840, ""5"": 11616}",connected
68299,214,20000,0.050000000000000044,0.0026458285507396794,-4.373534896066412,"{""0"": 12992, ""1"": 10895, ""2"": 11283, ""3"": 9662, ""4"": 11842, ""5"": 11625}",connected
68399,214,20000,0.050000000000000044,0.002612201528099831,-4.373534896066412,"{""0"": 13005, ""1"": 10977, ""2"": 11285, ""3"": 9663, ""4"": 11842, ""5"": 11627}",connected
68499,214,20000,0.050000000000000044,0.0024416569250752217,-4.373534896066412,"{""0"": 13014, ""1"": 11030, ""2"": 11297, ""3"": 9668, ""4"": 11843, ""5"": 11647}",connected
68599,214,20000,0.050000000000000044,0.0016626101307338104,-4.373534896066412,"{""0"": 13021, ""1"": 11037, ""2"": 11301, ""3"": 9729, ""4"": 11862, ""5"": 11649}",connected
68699,214,20000,0.050000000000000044,0.001615483495988883,-4.373534896066412,"{""0"": 13057, ""1"": 11082, ""2"": 11307, ""3"": 9735, ""4"": 11866, ""5"": 11652}",connected
68799,216,20000,0.050000000000000044,0.001758035603852477,-4.363040688214824,"{""0"": 13079, ""1"": 11089, ""2"": 11309, ""3"": 9777, ""4"": 11888, ""5"": 11657}",connected
68899,216,20000,0.050000000000000044,0.0021027366616181097,-4.363040688214824,"{""0"": 13120, ""1"": 11113, ""2"": 11316, ""3"": 9796, ""4"": 11893, ""5"": 11661}",connected
68999,216,20000,0.050000000000000044,0.002579523926106049,-4.363040688214824,"{""0"": 13127, ""1"": 11176, ""2"": 11326, ""3"": 9803, ""4"": 11906, ""5"": 11661}",connected
69099,216,20000,0.050000000000000044,0.002305198108224431,-4.363040688214824,"{""0"": 13136, ""1"": 11180, ""2"": 11330, ""3"": 9852, ""4"": 11938, ""5"": 11663}",connected
69199,216,20000,0.050000000000000044,0.002071726669091731,-4.363040688214824,"{""0"": 13183, ""1"": 11205, ""2"": 11337, ""3"": 9861, ""4"": 11948, ""5"": 11665}",connected
69299,216,20000,0.050000000000000044,0.0018754206656012684,-4.363040688214824,"{""0"": 13223, ""1"": 11261, ""2"": 11340, ""3"": 9861, ""4"": 11948, ""5"": 11666}",connected
69399,216,20000,0.050000000000000044,0.0018128060297749472,-4.363040688214824,"{""0"": 13265, ""1"": 11269, ""2"": 11358, ""3"": 9869, ""4"": 11960, ""5"": 11678}",connected
69499,218,20000,0.050000000000000044,0.0022524097563291433,-4.447351014278829,"{""0"": 13294, ""1"": 11281, ""2"": 11377, ""3"": 9890, ""4"": 11967, ""5"": 11690}",connected
69599,218,20000,0.050000000000000044,0.002681363929586951,-4.447351014278829,"{""0"": 13295, ""1"": 11284, ""2"": 11382, ""3"": 9927, ""4"": 11992, ""5"": 11719}",connected
69699,218,20000,0.050000000000000044,0.0030249206311418675,-4.447351014278829,"{""0"": 13303, ""1"": 11329, ""2"": 11394, ""3"": 9940, ""4"": 12004, ""5"": 11729}",connected
69799,218,20000,0.050000000000000044,0.003210683791548945,-4.447351014278829,"{""0"": 13342, ""1"": 11361, ""2"": 11399, ""3"": 9947, ""4"": 12011, ""5"": 11739}",connected
69899,218,20000,0.050000000000000044,0.0028302516497205944,-4.447351014278829,"{""0"": 13348, ""1"": 11415, ""2"": 11412, ""3"": 9958, ""4"": 12017, ""5"": 11749}",connected
69999,218,20000,0.050000000000000044,0.0022961454631877133,-4.447351014278829,"{""0"": 13374, ""1"": 11457, ""2"": 11418, ""3"": 9969, ""4"": 12026, ""5"": 11755}",connected
70099,218,20000,0.050000000000000044,0.002195714481349569,-4.447351014278829,"{""0"": 13392, ""1"": 11506, ""2"": 11422, ""3"": 9983, ""4"": 12039, ""5"": 11757}",connected
70199,220,20000,0.050000000000000044,0.001995558258640813,-4.435240678782574,"{""0"": 13395, ""1"": 11579, ""2"": 11430, ""3"": 9984, ""4"": 12042, ""5"": 11769}",connected
70299,220,20000,0.050000000000000044,0.00224859612993896,-4.435240678782574,"{""0"": 13413, ""1"": 11594, ""2"": 11436, ""3"": 10000, ""4"": 12063, ""5"": 11793}",connected
70399,220,20000,0.050000000000000044,0.0024175580733572133,-4.435240678782574,"{""0"": 13427, ""1"": 11630, ""2"": 11444, ""3"": 10018, ""4"": 12077, ""5"": 11803}",connected
70499,220,20000,0.050000000000000044,0.0022827542619779707,-4.435240678782574,"{""0"": 13430, ""1"": 11701, ""2"": 11453, ""3"": 10028, ""4"": 12084, ""5"": 11803}",connected
70599,220,20000,0.050000000000000044,0.00235692765461863,-4.435240678782574,"{""0"": 13460, ""1"": 11764, ""2"": 11458, ""3"": 10030, ""4"": 12084, ""5"": 11803}",connected
70699,220,20000,0.050000000000000044,0.0025053931688307786,-4.435240678782574,"{""0"": 13473, ""1"": 11791, ""2"": 11476, ""3"": 10039, ""4"": 12095, ""5"": 11825}",connected
70799,220,20000,0.050000000000000044,0.003034246469469508,-4.435240678782574,"{""0"": 13475, ""1"": 11807, ""2"": 11480, ""3"": 10079, ""4"": 12129, ""5"": 11829}",connected
70899,220,20000,0.050000000000000044,0.0027869349195680116,-4.435240678782574,"{""0"": 13497, ""1"": 11844, ""2"": 11488, ""3"": 10093, ""4"": 12143, ""5"": 11834}",connected
70999,222,20000,0.050000000000000044,0.0025554481912695337,-4.416705531156622,"{""0"": 13510, ""1"": 11881, ""2"": 11499, ""3"": 10111, ""4"": 12164, ""5"": 11834}",connected
71099,222,20000,0.050000000000000044,0.0020799115813861136,-4.416705531156622,"{""0"": 13530, ""1"": 11918, ""2"": 11515, ""3"": 10118, ""4"": 12166, ""5"": 11852}",connected
71199,222,20000,0.050000000000000044,0.0019783217302756385,-4.416705531156622,"{""0"": 13540, ""1"": 11958, ""2"": 11523, ""3"": 10140, ""4"": 12182, ""5"": 11856}",connected
71299,222,20000,0.050000000000000044,0.0019357004029734526,-4.416705531156622,"{""0"": 13572, ""1"": 11972, ""2"": 11532, ""3"": 10158, ""4"": 12199, ""5"": 11866}",connected
71399,222,20000,0.050000000000000044,0.0018527248347527349,-4.416705531156622,"{""0"": 13588, ""1"": 12041, ""2"": 11538, ""3"": 10165, ""4"": 12200, ""5"": 11867}",connected
71499,222,20000,0.050000000000000044,0.0020719066163292156,-4.416705531156622,"{""0"": 13602, ""1"": 12080, ""2"": 11556, ""3"": 10175, ""4"": 12211, ""5"": 11875}",connected
71599,222,20000,0.050000000000000044,0.0016808633349137381,-4.416705531156622,"{""0"": 13622, ""1"": 12114, ""2"": 11556, ""3"": 10201, ""4"": 12231, ""5"": 11875}",connected
71699,224,20000,0.050000000000000044,0.002209413887030678,-4.4015487888036295,"{""0"": 13633, ""1"": 12165, ""2"": 11568, ""3"": 10210, ""4"": 12244, ""5"": 11879}",connected
71799,224,20000,0.050000000000000044,0.0023285485731321387,-4.4015487888036295,"{""0"": 13648, ""1"": 12177, ""2"": 11573, ""3"": 10247, ""4"": 12272, ""5"": 11882}",connected
71899,224,20000,0.050000000000000044,0.002167828097444726,-4.4015487888036295,"{""0"": 13680, ""1"": 12216, ""2"": 11579, ""3"": 10259, ""4"": 12283, ""5"": 11882}",connected
71999,224,20000,0.050000000000000044,0.002451694291230524,-4.4015487888036295,"{""0"": 13693, ""1"": 12260, ""2"": 11588, ""3"": 10277, ""4"": 12299, ""5"": 11882}",connected
72099,224,20000,0.050000000000000044,0.00188363448556629,-4.4015487888036295,"{""0"": 13694, ""1"": 12281, ""2"": 11594, ""3"": 10315, ""4"": 12329, ""5"": 11886}",connected
72199,224,20000,0.050000000000000044,0.0015962253070028964,-4.4015487888036295,"{""0"": 13696, ""1"": 12309, ""2"": 11598, ""3"": 10343, ""4"": 12365, ""5"": 11888}",connected
72299,224,20000,0.050000000000000044,0.001748705876962049,-4.4015487888036295,"{""0"": 13707, ""1"": 12316, ""2"": 11603, ""3"": 10381, ""4"": 12403, ""5"": 11889}",connected
72399,226,20000,0.050000000000000044,0.0015929751626390497,-4.386219667550177,"{""0"": 13726, ""1"": 12362, ""2"": 11614, ""3"": 10389, ""4"": 12413, ""5"": 11895}",connected
72499,226,20000,0.050000000000000044,0.0015520380485395434,-4.386219667550177,"{""0"": 13731, ""1"": 12442, ""2"": 11622, ""3"": 10389, ""4"": 12415, ""5"": 11900}",connected
72599,226,20000,0.050000000000000044,0.0017883008207718377,-4.386219667550177,"{""0"": 13741, ""1"": 12469, ""2"": 11628, ""3"": 10416, ""4"": 12438, ""5"": 11907}",connected
72699,226,20000,0.050000000000000044,0.0025611221813596785,-4.386219667550177,"{""0"": 13757, ""1"": 12503, ""2"": 11634, ""3"": 10434, ""4"": 12461, ""5"": 11910}",connected
72799,226,20000,0.050000000000000044,0.002583132843428757,-4.386219667550177,"{""0"": 13781, ""1"": 12569, ""2"": 11634, ""3"": 10435, ""4"": 12466, ""5"": 11914}",connected
72899,226,20000,0.050000000000000044,0.003043003579659853,-4.386219667550177,"{""0"": 13805, ""1"": 12600, ""2"": 11646, ""3"": 10448, ""4"": 12476, ""5"": 11924}",connected
72999,226,20000,0.050000000000000044,0.003077712889353279,-4.386219667550177,"{""0"": 13810, ""1"": 12627, ""2"": 11650, ""3"": 10470, ""4"": 12492, ""5"": 11950}",connected
73099,228,20000,0.050000000000000044,0.003021857258863747,-4.378792604766786,"{""0"": 13813, ""1"": 12674, ""2"": 11657, ""3"": 10490, ""4"": 12515, ""5"": 11950}",connected
73199,228,20000,0.050000000000000044,0.0027112388066598213,-4.378792604766786,"{""0"": 13837, ""1"": 12709, ""2"": 11665, ""3"": 10507, ""4"": 12526, ""5"": 11955}",connected
73299,228,20000,0.050000000000000044,0.0024524211607058533,-4.378792604766786,"{""0"": 13868, ""1"": 12756, ""2"": 11675, ""3"": 10509, ""4"": 12531, ""5"": 11960}",connected
73399,228,20000,0.050000000000000044,0.0021956816816236825,-4.378792604766786,"{""0"": 13877, ""1"": 12818, ""2"": 11678, ""3"": 10520, ""4"": 12540, ""5"": 11966}",connected
73499,228,20000,0.050000000000000044,0.0013805285000125878,-4.378792604766786,"{""0"": 13882, ""1"": 12824, ""2"": 11688, ""3"": 10545, ""4"": 12561, ""5"": 11999}",connected
73599,228,20000,0.050000000000000044,0.0015799373338813893,-4.378792604766786,"{""0"": 13889, ""1"": 12868, ""2"": 11696, ""3"": 10552, ""4"": 12569, ""5"": 12025}",connected
73699,228,20000,0.050000000000000044,0.0016143351428036113,-4.378792604766786,"{""0"": 13899, ""1"": 12890, ""2"": 11698, ""3"": 10564, ""4"": 12580, ""5"": 12068}",connected
73799,228,20000,0.050000000000000044,0.001981164860917488,-4.378792604766786,"{""0"": 13916, ""1"": 12903, ""2"": 11704, ""3"": 10581, ""4"": 12593, ""5"": 12102}",connected
73899,230,20000,0.050000000000000044,0.002177679562882986,-4.370060070357286,"{""0"": 13924, ""1"": 12954, ""2"": 11709, ""3"": 10589, ""4"": 12602, ""5"": 12121}",connected
73999,230,20000,0.050000000000000044,0.0019423426341381854,-4.370060070357286,"{""0"": 13940, ""1"": 13010, ""2"": 11719, ""3"": 10599, ""4"": 12608, ""5"": 12123}",connected
74099,230,20000,0.050000000000000044,0.0018773289678210858,-4.370060070357286,"{""0"": 13956, ""1"": 13027, ""2"": 11732, ""3"": 10609, ""4"": 12622, ""5"": 12153}",connected
74199,230,20000,0.050000000000000044,0.0017598411001381465,-4.370060070357286,"{""0"": 13981, ""1"": 13054, ""2"": 11739, ""3"": 10619, ""4"": 12629, ""5"": 12177}",connected
74299,230,20000,0.050000000000000044,0.0017049954590038397,-4.370060070357286,"{""0"": 14009, ""1"": 13080, ""2"": 11740, ""3"": 10626, ""4"": 12635, ""5"": 12209}",connected
74399,230,20000,0.050000000000000044,0.0019789136596955357,-4.370060070357286,"{""0"": 14012, ""1"": 13115, ""2"": 11742, ""3"": 10635, ""4"": 12648, ""5"": 12247}",connected
74499,230,20000,0.050000000000000044,0.0018633813536143861,-4.370060070357286,"{""0"": 14045, ""1"": 13140, ""2"": 11757, ""3"": 10641, ""4"": 12650, ""5"": 12266}",connected
74599,232,20000,0.050000000000000044,0.0017054748063674197,-4.354996007513255,"{""0"": 14082, ""1"": 13171, ""2"": 11758, ""3"": 10641, ""4"": 12653, ""5"": 12294}",connected
74699,232,20000,0.050000000000000044,0.0017533928070042747,-4.354996007513255,"{""0"": 14112, ""1"": 13186, ""2"": 11761, ""3"": 10651, ""4"": 12667, ""5"": 12322}",connected
74799,232,20000,0.050000000000000044,0.001869462231261423,-4.354996007513255,"{""0"": 14125, ""1"": 13241, ""2"": 11761, ""3"": 10655, ""4"": 12667, ""5"": 12350}",connected
74899,232,20000,0.050000000000000044,0.002091403940139571,-4.354996007513255,"{""0"": 14142, ""1"": 13270, ""2"": 11768, ""3"": 10656, ""4"": 12672, ""5"": 12391}",connected
74999,232,20000,0.050000000000000044,0.0021556830935878677,-4.354996007513255,"{""0"": 14143, ""1"": 13321, ""2"": 11772, ""3"": 10672, ""4"": 12685, ""5"": 12406}",connected
75099,232,20000,0.050000000000000044,0.00198951676429715,-4.354996007513255,"{""0"": 14145, ""1"": 13356, ""2"": 11779, ""3"": 10685, ""4"": 12693, ""5"": 12441}",connected
75199,232,20000,0.050000000000000044,0.002141737018537242,-4.354996007513255,"{""0"": 14192, ""1"": 13380, ""2"": 11784, ""3"": 10686, ""4"": 12696, ""5"": 12461}",connected
75299,234,20000,0.050000000000000044,0.0019767962445621378,-4.3356153657892715,"{""0"": 14208, ""1"": 13412, ""2"": 11787, ""3"": 10703, ""4"": 12718, ""5"": 12471}",connected
75399,234,20000,0.050000000000000044,0.001943882645573467,-4.3356153657892715,"{""0"": 14257, ""1"": 13415, ""2"": 11793, ""3"": 10712, ""4"": 12737, ""5"": 12485}",connected
75499,234,20000,0.050000000000000044,0.0020748898669262416,-4.3356153657892715,"{""0"": 14283, ""1"": 13454, ""2"": 11794, ""3"": 10724, ""4"": 12749, ""5"": 12495}",connected
75599,234,20000,0.050000000000000044,0.002400700452417368,-4.3356153657892715,"{""0"": 14322, ""1"": 13489, ""2"": 11801, ""3"": 10730, ""4"": 12753, ""5"": 12504}",connected
75699,234,20000,0.050000000000000044,0.0025328954646829517,-4.3356153657892715,"{""0"": 14338, ""1"": 13522, ""2"": 11815, ""3"": 10734, ""4"": 12757, ""5"": 12533}",connected
75799,234,20000,0.050000000000000044,0.002507488133269362,-4.3356153657892715,"{""0"": 14348, ""1"": 13551, ""2"": 11823, ""3"": 10759, ""4"": 12773, ""5"": 12545}",connected
75899,234,20000,0.050000000000000044,0.0026004166417988015,-4.3356153657892715,"{""0"": 14374, ""1"": 13592, ""2"": 11832, ""3"": 10768, ""4"": 12787, ""5"": 12546}",connected
75999,236,20000,0.050000000000000044,0.002135506402264582,-4.331900553554297,"{""0"": 14404, ""1"": 13622, ""2"": 11838, ""3"": 10784, ""4"": 12799, ""5"": 12552}",connected
76099,236,20000,0.050000000000000044,0.001892479604430264,-4.331900553554297,"{""0"": 14442, ""1"": 13634, ""2"": 11841, ""3"": 10808, ""4"": 12821, ""5"": 12553}",connected
76199,236,20000,0.050000000000000044,0.0023731411728658714,-4.331900553554297,"{""0"": 14462, ""1"": 13661, ""2"": 11854, ""3"": 10810, ""4"": 12825, ""5"": 12587}",connected
76299,236,20000,0.050000000000000044,0.00257947172402055,-4.331900553554297,"{""0"": 14493, ""1"": 13699, ""2"": 11862, ""3"": 10818, ""4"": 12826, ""5"": 12601}",connected
76399,236,20000,0.050000000000000044,0.0026658499841869343,-4.331900553554297,"{""0"": 14542, ""1"": 13729, ""2"": 11866, ""3"": 10820, ""4"": 12831, ""5"": 12611}",connected
76499,236,20000,0.050000000000000044,0.0026497470842150508,-4.331900553554297,"{""0"": 14610, ""1"": 13732, ""2"": 11871, ""3"": 10824, ""4"": 12832, ""5"": 12630}",connected
76599,236,20000,0.050000000000000044,0.0024690802732948215,-4.331900553554297,"{""0"": 14626, ""1"": 13745, ""2"": 11874, ""3"": 10824, ""4"": 12837, ""5"": 12693}",connected
76699,236,20000,0.050000000000000044,0.0022902512298605873,-4.331900553554297,"{""0"": 14640, ""1"": 13757, ""2"": 11878, ""3"": 10837, ""4"": 12848, ""5"": 12739}",connected
76799,238,20000,0.050000000000000044,0.0020650686549197415,-4.317990228687413,"{""0"": 14663, ""1"": 13788, ""2"": 11886, ""3"": 10842, ""4"": 12862, ""5"": 12758}",connected
76899,238,20000,0.050000000000000044,0.0023806032285210678,-4.317990228687413,"{""0"": 14674, ""1"": 13808, ""2"": 11890, ""3"": 10849, ""4"": 12870, ""5"": 12808}",connected
76999,238,20000,0.050000000000000044,0.0025954859447665513,-4.317990228687413,"{""0"": 14702, ""1"": 13831, ""2"": 11890, ""3"": 10854, ""4"": 12875, ""5"": 12847}",connected
77099,238,20000,0.050000000000000044,0.0025444647925905884,-4.317990228687413,"{""0"": 14735, ""1"": 13856, ""2"": 11899, ""3"": 10859, ""4"": 12880, ""5"": 12870}",connected
77199,238,20000,0.050000000000000044,0.002265816589788301,-4.317990228687413,"{""0"": 14770, ""1"": 13895, ""2"": 11910, ""3"": 10865, ""4"": 12881, ""5"": 12878}",connected
77299,238,20000,0.050000000000000044,0.0022080764501879457,-4.317990228687413,"{""0"": 14795, ""1"": 13921, ""2"": 11918, ""3"": 10888, ""4"": 12885, ""5"": 12892}",connected
77399,238,20000,0.050000000000000044,0.001790662621060619,-4.317990228687413,"{""0"": 14798, ""1"": 13968, ""2"": 11925, ""3"": 10906, ""4"": 12899, ""5"": 12903}",connected
77499,240,20000,0.050000000000000044,0.001859189005481312,-4.312645565331914,"{""0"": 14848, ""1"": 13981, ""2"": 11930, ""3"": 10909, ""4"": 12910, ""5"": 12921}",connected
77599,240,20000,0.050000000000000044,0.002199744100071257,-4.312645565331914,"{""0"": 14854, ""1"": 14043, ""2"": 11937, ""3"": 10917, ""4"": 12918, ""5"": 12930}",connected
77699,240,20000,0.050000000000000044,0.0020026949922612404,-4.312645565331914,"{""0"": 14863, ""1"": 14098, ""2"": 11954, ""3"": 10918, ""4"": 12920, ""5"": 12946}",connected
77799,240,20000,0.050000000000000044,0.0018968485250661616,-4.312645565331914,"{""0"": 14886, ""1"": 14121, ""2"": 11958, ""3"": 10921, ""4"": 12924, ""5"": 12989}",connected
77899,240,20000,0.050000000000000044,0.0015935403858020436,-4.312645565331914,"{""0"": 14906, ""1"": 14150, ""2"": 11967, ""3"": 10930, ""4"": 12931, ""5"": 13015}",connected
77999,240,20000,0.050000000000000044,0.0015233565110247581,-4.312645565331914,"{""0"": 14920, ""1"": 14171, ""2"": 11978, ""3"": 10946, ""4"": 12949, ""5"": 13035}",connected
78099,240,20000,0.050000000000000044,0.0018704827755573205,-4.312645565331914,"{""0"": 14938, ""1"": 14233, ""2"": 11988, ""3"": 10950, ""4"": 12951, ""5"": 13039}",connected
78199,242,20000,0.050000000000000044,0.001853185141517315,-4.3163560657761995,"{""0"": 14987, ""1"": 14251, ""2"": 11989, ""3"": 10953, ""4"": 12969, ""5"": 13050}",connected
78299,242,20000,0.050000000000000044,0.002105252257315442,-4.3163560657761995,"{""0"": 15019, ""1"": 14277, ""2"": 11999, ""3"": 10954, ""4"": 12984, ""5"": 13066}",connected
78399,242,20000,0.050000000000000044,0.0018941411023843102,-4.3163560657761995,"{""0"": 15056, ""1"": 14295, ""2"": 12007, ""3"": 10962, ""4"": 12997, ""5"": 13082}",connected
78499,242,20000,0.050000000000000044,0.001713113773439545,-4.3163560657761995,"{""0"": 15084, ""1"": 14315, ""2"": 12015, ""3"": 10970, ""4"": 13005, ""5"": 13110}",connected
78599,242,20000,0.050000000000000044,0.0020636698303860613,-4.3163560657761995,"{""0"": 15106, ""1"": 14348, ""2"": 12033, ""3"": 10981, ""4"": 13014, ""5"": 13117}",connected
78699,242,20000,0.050000000000000044,0.0022207855351734905,-4.3163560657761995,"{""0"": 15156, ""1"": 14383, ""2"": 12035, ""3"": 10989, ""4"": 13018, ""5"": 13118}",connected
78799,242,20000,0.050000000000000044,0.0026908368439762854,-4.3163560657761995,"{""0"": 15172, ""1"": 14395, ""2"": 12046, ""3"": 10989, ""4"": 13022, ""5"": 13175}",connected
78899,244,20000,0.050000000000000044,0.0027916396365617402,-4.313060669815168,"{""0"": 15228, ""1"": 14419, ""2"": 12047, ""3"": 10990, ""4"": 13027, ""5"": 13188}",connected
78999,244,20000,0.050000000000000044,0.0030798516249342356,-4.313060669815168,"{""0"": 15275, ""1"": 14429, ""2"": 12058, ""3"": 10995, ""4"": 13038, ""5"": 13204}",connected
79099,244,20000,0.050000000000000044,0.002884451573918341,-4.313060669815168,"{""0"": 15285, ""1"": 14449, ""2"": 12077, ""3"": 11001, ""4"": 13044, ""5"": 13243}",connected
79199,244,20000,0.050000000000000044,0.0031098013218434062,-4.313060669815168,"{""0"": 15331, ""1"": 14463, ""2"": 12086, ""3"": 11004, ""4"": 13052, ""5"": 13263}",connected
79299,244,20000,0.050000000000000044,0.003150534867309034,-4.313060669815168,"{""0"": 15337, ""1"": 14508, ""2"": 12111, ""3"": 11015, ""4"": 13056, ""5"": 13272}",connected
79399,244,20000,0.050000000000000044,0.0028720024894573724,-4.313060669815168,"{""0"": 15346, ""1"": 14577, ""2"": 12122, ""3"": 11023, ""4"": 13058, ""5"": 13273}",connected
79499,244,20000,0.050000000000000044,0.003017843727429863,-4.313060669815168,"{""0"": 15354, ""1"": 14595, ""2"": 12131, ""3"": 11045, ""4"": 13077, ""5"": 13297}",connected
79599,246,20000,0.050000000000000044,0.0024574456246045885,-4.332624474586919,"{""0"": 15390, ""1"": 14617, ""2"": 12144, ""3"": 11056, ""4"": 13081, ""5"": 13311}",connected
79699,246,20000,0.050000000000000044,0.0027173611099715347,-4.332624474586919,"{""0"": 15409, ""1"": 14627, ""2"": 12149, ""3"": 11084, ""4"": 13110, ""5"": 13320}",connected
79799,246,20000,0.050000000000000044,0.0025597102144092787,-4.332624474586919,"{""0"": 15413, ""1"": 14677, ""2"": 12161, ""3"": 11097, ""4"": 13123, ""5"": 13328}",connected
79899,246,20000,0.050000000000000044,0.002563265962235164,-4.332624474586919,"{""0"": 15416, ""1"": 14737, ""2"": 12184, ""3"": 11101, ""4"": 13127, ""5"": 13334}",connected
79999,246,20000,0.050000000000000044,0.0030922417862166186,-4.332624474586919,"{""0"": 15431, ""1"": 14770, ""2"": 12190, ""3"": 11120, ""4"": 13141, ""5"": 13347}",connected
80099,246,20000,0.050000000000000044,0.0030507940518145916,-4.332624474586919,"{""0"": 15441, ""1"": 14818, ""2"": 12212, ""3"": 11130, ""4"": 13145, ""5"": 13353}",connected
80199,246,20000,0.050000000000000044,0.003115518843551399,-4.332624474586919,"{""0"": 15471, ""1"": 14836, ""2"": 12225, ""3"": 11142, ""4"": 13165, ""5"": 13360}",connected
80299,246,20000,0.050000000000000044,0.0025986721807566937,-4.332624474586919,"{""0"": 15473, ""1"": 14886, ""2"": 12242, ""3"": 11159, ""4"": 13174, ""5"": 13365}",connected
80399,248,20000,0.050000000000000044,0.001993022909737192,-4.3360403412673625,"{""0"": 15490, ""1"": 14925, ""2"": 12261, ""3"": 11164, ""4"": 13185, ""5"": 13374}",connected
80499,248,20000,0.050000000000000044,0.0019107888801954687,-4.3360403412673625,"{""0"": 15497, ""1"": 14952, ""2"": 12270, ""3"": 11194, ""4"": 13211, ""5"": 13375}",connected
80599,248,20000,0.050000000000000044,0.001565468453190988,-4.3360403412673625,"{""0"": 15507, ""1"": 15000, ""2"": 12287, ""3"": 11206, ""4"": 13222, ""5"": 13377}",connected
80699,248,20000,0.050000000000000044,0.0019491773724439553,-4.3360403412673625,"{""0"": 15522, ""1"": 15044, ""2"": 12303, ""3"": 11218, ""4"": 13234, ""5"": 13378}",connected
80799,248,20000,0.050000000000000044,0.002018310296407435,-4.3360403412673625,"{""0"": 15541, ""1"": 15070, ""2"": 12309, ""3"": 11241, ""4"": 13243, ""5"": 13395}",connected
80899,248,20000,0.050000000000000044,0.0017839043837739154,-4.3360403412673625,"{""0"": 15572, ""1"": 15084, ""2"": 12316, ""3"": 11241, ""4"": 13247, ""5"": 13439}",connected
80999,248,20000,0.050000000000000044,0.001992179748631315,-4.3360403412673625,"{""0"": 15581, ""1"": 15127, ""2"": 12321, ""3"": 11253, ""4"": 13262, ""5"": 13455}",connected
81099,250,20000,0.050000000000000044,0.001680236318061361,-4.347399307582528,"{""0"": 15622, ""1"": 15147, ""2"": 12331, ""3"": 11256, ""4"": 13277, ""5"": 13466}",connected
81199,250,20000,0.050000000000000044,0.001647743066714611,-4.347399307582528,"{""0"": 15653, ""1"": 15166, ""2"": 12336, ""3"": 11275, ""4"": 13285, ""5"": 13484}",connected
81299,250,20000,0.050000000000000044,0.0017989042267436161,-4.347399307582528,"{""0"": 15663, ""1"": 15194, ""2"": 12351, ""3"": 11294, ""4"": 13306, ""5"": 13491}",connected
81399,250,20000,0.050000000000000044,0.0019279938834370113,-4.347399307582528,"{""0"": 15666, ""1"": 15245, ""2"": 12373, ""3"": 11305, ""4"": 13319, ""5"": 13491}",connected
81499,250,20000,0.050000000000000044,0.002085740508628078,-4.347399307582528,"{""0"": 15672, ""1"": 15294, ""2"": 12383, ""3"": 11316, ""4"": 13324, ""5"": 13510}",connected
81599,250,20000,0.050000000000000044,0.0022536097606644036,-4.347399307582528,"{""0"": 15683, ""1"": 15327, ""2"": 12397, ""3"": 11326, ""4"": 13338, ""5"": 13528}",connected
81699,250,20000,0.050000000000000044,0.0022107740813225975,-4.347399307582528,"{""0"": 15701, ""1"": 15363, ""2"": 12417, ""3"": 11342, ""4"": 13341, ""5"": 13535}",connected
81799,252,20000,0.050000000000000044,0.002413378466735594,-4.355535063142888,"{""0"": 15706, ""1"": 15381, ""2"": 12429, ""3"": 11361, ""4"": 13376, ""5"": 13546}",connected
81899,252,20000,0.050000000000000044,0.002339397503528744,-4.355535063142888,"{""0"": 15788, ""1"": 15383, ""2"": 12431, ""3"": 11369, ""4"": 13378, ""5"": 13550}",connected
81999,252,20000,0.050000000000000044,0.002260457217344083,-4.355535063142888,"{""0"": 15834, ""1"": 15392, ""2"": 12439, ""3"": 11381, ""4"": 13391, ""5"": 13562}",connected
82099,252,20000,0.050000000000000044,0.0022331788959854748,-4.355535063142888,"{""0"": 15867, ""1"": 15427, ""2"": 12452, ""3"": 11390, ""4"": 13394, ""5"": 13569}",connected
82199,252,20000,0.050000000000000044,0.00215410854871152,-4.355535063142888,"{""0"": 15888, ""1"": 15461, ""2"": 12470, ""3"": 11402, ""4"": 13406, ""5"": 13572}",connected
82299,252,20000,0.050000000000000044,0.002167523341195192,-4.355535063142888,"{""0"": 15933, ""1"": 15500, ""2"": 12473, ""3"": 11406, ""4"": 13412, ""5"": 13575}",connected
82399,252,20000,0.050000000000000044,0.0019523545150877909,-4.355535063142888,"{""0"": 15953, ""1"": 15516, ""2"": 12490, ""3"": 11438, ""4"": 13420, ""5"": 13582}",connected
82499,254,20000,0.050000000000000044,0.0023450474778655916,-4.3374450301006435,"{""0"": 15974, ""1"": 15547, ""2"": 12498, ""3"": 11456, ""4"": 13440, ""5"": 13584}",connected
82599,254,20000,0.050000000000000044,0.002147444695001468,-4.3374450301006435,"{""0"": 15992, ""1"": 15579, ""2"": 12505, ""3"": 11457, ""4"": 13453, ""5"": 13613}",connected
82699,254,20000,0.050000000000000044,0.002088289834209718,-4.3374450301006435,"{""0"": 15992, ""1"": 15626, ""2"": 12513, ""3"": 11476, ""4"": 13470, ""5"": 13622}",connected
82799,254,20000,0.050000000000000044,0.0024016874312656,-4.3374450301006435,"{""0"": 15998, ""1"": 15646, ""2"": 12528, ""3"": 11508, ""4"": 13491, ""5"": 13628}",connected
82899,254,20000,0.050000000000000044,0.0021641299087787045,-4.3374450301006435,"{""0"": 16019, ""1"": 15677, ""2"": 12541, ""3"": 11527, ""4"": 13502, ""5"": 13633}",connected
82999,254,20000,0.050000000000000044,0.0022443693119566887,-4.3374450301006435,"{""0"": 16023, ""1"": 15738, ""2"": 12548, ""3"": 11535, ""4"": 13508, ""5"": 13647}",connected
83099,254,20000,0.050000000000000044,0.0025790683101513424,-4.3374450301006435,"{""0"": 16069, ""1"": 15770, ""2"": 12560, ""3"": 11545, ""4"": 13508, ""5"": 13647}",connected
83199,254,20000,0.050000000000000044,0.002253069238649914,-4.3374450301006435,"{""0"": 16079, ""1"": 15812, ""2"": 12566, ""3"": 11559, ""4"": 13534, ""5"": 13649}",connected
83299,256,20000,0.050000000000000044,0.0024648126313695684,-4.340258955773898,"{""0"": 16099, ""1"": 15826, ""2"": 12567, ""3"": 11562, ""4"": 13536, ""5"": 13709}",connected
83399,256,20000,0.050000000000000044,0.002296137338707922,-4.340258955773898,"{""0"": 16139, ""1"": 15833, ""2"": 12576, ""3"": 11564, ""4"": 13548, ""5"": 13739}",connected
83499,256,20000,0.050000000000000044,0.0023686186429404186,-4.340258955773898,"{""0"": 16161, ""1"": 15862, ""2"": 12577, ""3"": 11577, ""4"": 13556, ""5"": 13766}",connected
83599,256,20000,0.050000000000000044,0.002661857065395452,-4.340258955773898,"{""0"": 16204, ""1"": 15870, ""2"": 12592, ""3"": 11588, ""4"": 13564, ""5"": 13781}",connected
83699,256,20000,0.050000000000000044,0.0022556823791819625,-4.340258955773898,"{""0"": 16226, ""1"": 15923, ""2"": 12597, ""3"": 11597, ""4"": 13566, ""5"": 13790}",connected
83799,256,20000,0.050000000000000044,0.0022053001668245996,-4.340258955773898,"{""0"": 16259, ""1"": 15951, ""2"": 12605, ""3"": 11610, ""4"": 13584, ""5"": 13790}",connected
83899,256,20000,0.050000000000000044,0.0017517499296809548,-4.340258955773898,"{""0"": 16270, ""1"": 15986, ""2"": 12616, ""3"": 11625, ""4"": 13601, ""5"": 13801}",connected
83999,258,20000,0.050000000000000044,0.0015204850940790493,-4.340336161269806,"{""0"": 16292, ""1"": 16011, ""2"": 12621, ""3"": 11631, ""4"": 13606, ""5"": 13838}",connected
84099,258,20000,0.050000000000000044,0.0022889945479983,-4.340336161269806,"{""0"": 16319, ""1"": 16042, ""2"": 12630, ""3"": 11647, ""4"": 13616, ""5"": 13845}",connected
84199,258,20000,0.050000000000000044,0.0023662138897634576,-4.340336161269806,"{""0"": 16322, ""1"": 16092, ""2"": 12642, ""3"": 11657, ""4"": 13638, ""5"": 13848}",connected
84299,258,20000,0.050000000000000044,0.002887505695834989,-4.340336161269806,"{""0"": 16332, ""1"": 16148, ""2"": 12645, ""3"": 11677, ""4"": 13646, ""5"": 13851}",connected
84399,258,20000,0.050000000000000044,0.002711762106628157,-4.340336161269806,"{""0"": 16350, ""1"": 16177, ""2"": 12650, ""3"": 11692, ""4"": 13668, ""5"": 13862}",connected
84499,258,20000,0.050000000000000044,0.002176676065282663,-4.340336161269806,"{""0"": 16367, ""1"": 16182, ""2"": 12650, ""3"": 11730, ""4"": 13708, ""5"": 13862}",connected
84599,258,20000,0.050000000000000044,0.002546993898868095,-4.340336161269806,"{""0"": 16389, ""1"": 16204, ""2"": 12657, ""3"": 11744, ""4"": 13719, ""5"": 13886}",connected
84699,260,20000,0.050000000000000044,0.002126851499633631,-4.339392536436208,"{""0"": 16423, ""1"": 16229, ""2"": 12658, ""3"": 11748, ""4"": 13748, ""5"": 13893}",connected
84799,260,20000,0.050000000000000044,0.0025025707262102516,-4.339392536436208,"{""0"": 16482, ""1"": 16235, ""2"": 12664, ""3"": 11753, ""4"": 13762, ""5"": 13903}",connected
84899,260,20000,0.050000000000000044,0.00207307993186987,-4.339392536436208,"{""0"": 16495, ""1"": 16248, ""2"": 12671, ""3"": 11753, ""4"": 13763, ""5"": 13969}",connected
84999,260,20000,0.050000000000000044,0.0018883826668024994,-4.339392536436208,"{""0"": 16515, ""1"": 16293, ""2"": 12675, ""3"": 11763, ""4"": 13765, ""5"": 13988}",connected
85099,260,20000,0.050000000000000044,0.0018581155181163923,-4.339392536436208,"{""0"": 16524, ""1"": 16357, ""2"": 12683, ""3"": 11766, ""4"": 13769, ""5"": 14000}",connected
85199,260,20000,0.050000000000000044,0.001702234312397195,-4.339392536436208,"{""0"": 16556, ""1"": 16370, ""2"": 12690, ""3"": 11777, ""4"": 13780, ""5"": 14026}",connected
85299,260,20000,0.050000000000000044,0.0019011295400559903,-4.339392536436208,"{""0"": 16565, ""1"": 16422, ""2"": 12706, ""3"": 11796, ""4"": 13782, ""5"": 14028}",connected
85399,262,20000,0.050000000000000044,0.0018959940058994108,-4.3370736000640315,"{""0"": 16573, ""1"": 16466, ""2"": 12711, ""3"": 11812, ""4"": 13805, ""5"": 14032}",connected
85499,262,20000,0.050000000000000044,0.0021484736853744834,-4.3370736000640315,"{""0"": 16589, ""1"": 16516, ""2"": 12724, ""3"": 11823, ""4"": 13808, ""5"": 14039}",connected
85599,262,20000,0.050000000000000044,0.00199480778814177,-4.3370736000640315,"{""0"": 16631, ""1"": 16551, ""2"": 12732, ""3"": 11824, ""4"": 13820, ""5"": 14041}",connected
85699,262,20000,0.050000000000000044,0.0017113784994580784,-4.3370736000640315,"{""0"": 16688, ""1"": 16552, ""2"": 12732, ""3"": 11827, ""4"": 13820, ""5"": 14080}",connected
85799,262,20000,0.050000000000000044,0.0012403346232895275,-4.3370736000640315,"{""0"": 16704, ""1"": 16603, ""2"": 12743, ""3"": 11837, ""4"": 13822, ""5"": 14090}",connected
85899,262,20000,0.050000000000000044,0.0008990167650335934,-4.3370736000640315,"{""0"": 16714, ""1"": 16613, ""2"": 12749, ""3"": 11871, ""4"": 13847, ""5"": 14105}",connected
85999,262,20000,0.050000000000000044,0.001413565049006138,-4.3370736000640315,"{""0"": 16727, ""1"": 16621, ""2"": 12757, ""3"": 11892, ""4"": 13883, ""5"": 14119}",connected
86099,264,20000,0.050000000000000044,0.001956015247706091,-4.333801839863882,"{""0"": 16740, ""1"": 16639, ""2"": 12759, ""3"": 11905, ""4"": 13894, ""5"": 14162}",connected
86199,264,20000,0.050000000000000044,0.0025458872492890804,-4.333801839863882,"{""0"": 16762, ""1"": 16669, ""2"": 12771, ""3"": 11920, ""4"": 13904, ""5"": 14173}",connected
86299,264,20000,0.050000000000000044,0.002767218895169208,-4.333801839863882,"{""0"": 16790, ""1"": 16699, ""2"": 12785, ""3"": 11923, ""4"": 13916, ""5"": 14186}",connected
86399,264,20000,0.050000000000000044,0.0025561018961889202,-4.333801839863882,"{""0"": 16825, ""1"": 16711, ""2"": 12792, ""3"": 11936, ""4"": 13927, ""5"": 14208}",connected
86499,264,20000,0.050000000000000044,0.0019451534369727597,-4.333801839863882,"{""0"": 16839, ""1"": 16742, ""2"": 12798, ""3"": 11951, ""4"": 13937, ""5"": 14232}",connected
86599,264,20000,0.050000000000000044,0.0020747540824231693,-4.333801839863882,"{""0"": 16853, ""1"": 16781, ""2"": 12813, ""3"": 11961, ""4"": 13950, ""5"": 14241}",connected
86699,264,20000,0.050000000000000044,0.0020343068648071496,-4.333801839863882,"{""0"": 16866, ""1"": 16799, ""2"": 12827, ""3"": 11989, ""4"": 13970, ""5"": 14248}",connected
86799,264,20000,0.050000000000000044,0.0021264199419238137,-4.333801839863882,"{""0"": 16874, ""1"": 16842, ""2"": 12840, ""3"": 12001, ""4"": 13982, ""5"": 14260}",connected
86899,266,20000,0.050000000000000044,0.002405426237237407,-4.333139251437969,"{""0"": 16886, ""1"": 16872, ""2"": 12850, ""3"": 12012, ""4"": 13996, ""5"": 14283}",connected
86999,266,20000,0.050000000000000044,0.0019043335650349037,-4.333139251437969,"{""0"": 16892, ""1"": 16916, ""2"": 12856, ""3"": 12030, ""4"": 14014, ""5"": 14291}",connected
87099,266,20000,0.050000000000000044,0.0021129716295399704,-4.333139251437969,"{""0"": 16903, ""1"": 16968, ""2"": 12885, ""3"": 12031, ""4"": 14014, ""5"": 14298}",connected
87199,266,20000,0.050000000000000044,0.0028964512055972592,-4.333139251437969,"{""0"": 16926, ""1"": 17004, ""2"": 12909, ""3"": 12033, ""4"": 14016, ""5"": 14311}",connected
87299,266,20000,0.050000000000000044,0.00293480178079335,-4.333139251437969,"{""0"": 16942, ""1"": 17030, ""2"": 12928, ""3"": 12033, ""4"": 14019, ""5"": 14347}",connected
87399,266,20000,0.050000000000000044,0.0032098021570709533,-4.333139251437969,"{""0"": 16959, ""1"": 17050, ""2"": 12938, ""3"": 12049, ""4"": 14036, ""5"": 14367}",connected
87499,266,20000,0.050000000000000044,0.0029107976335217244,-4.333139251437969,"{""0"": 16965, ""1"": 17080, ""2"": 12954, ""3"": 12065, ""4"": 14044, ""5"": 14391}",connected
87599,268,20000,0.050000000000000044,0.0018493606761330738,-4.389632237767801,"{""0"": 17003, ""1"": 17102, ""2"": 12960, ""3"": 12088, ""4"": 14054, ""5"": 14392}",connected
87699,268,20000,0.050000000000000044,0.0021003544838458766,-4.389632237767801,"{""0"": 17011, ""1"": 17134, ""2"": 12982, ""3"": 12097, ""4"": 14066, ""5"": 14409}",connected
87799,268,20000,0.050000000000000044,0.0017973273916868492,-4.389632237767801,"{""0"": 17060, ""1"": 17140, ""2"": 12999, ""3"": 12101, ""4"": 14068, ""5"": 14431}",connected
87899,268,20000,0.050000000000000044,0.0018923905194969848,-4.389632237767801,"{""0"": 17073, ""1"": 17173, ""2"": 13005, ""3"": 12113, ""4"": 14074, ""5"": 14461}",connected
87999,268,20000,0.050000000000000044,0.0020411244127899407,-4.389632237767801,"{""0"": 17075, ""1"": 17212, ""2"": 13020, ""3"": 12123, ""4"": 14086, ""5"": 14483}",connected
88099,268,20000,0.050000000000000044,0.0019734398811124265,-4.389632237767801,"{""0"": 17092, ""1"": 17259, ""2"": 13034, ""3"": 12131, ""4"": 14089, ""5"": 14494}",connected
88199,268,20000,0.050000000000000044,0.001893278495845152,-4.389632237767801,"{""0"": 17122, ""1"": 17279, ""2"": 13044, ""3"": 12147, ""4"": 14109, ""5"": 14498}",connected
88299,270,20000,0.050000000000000044,0.0019243591478152666,-4.394784600613638,"{""0"": 17155, ""1"": 17291, ""2"": 13053, ""3"": 12152, ""4"": 14125, ""5"": 14523}",connected
88399,270,20000,0.050000000000000044,0.0017551867441216017,-4.394784600613638,"{""0"": 17189, ""1"": 17320, ""2"": 13063, ""3"": 12161, ""4"": 14132, ""5"": 14534}",connected
88499,270,20000,0.050000000000000044,0.001214782106981147,-4.394784600613638,"{""0"": 17204, ""1"": 17372, ""2"": 13075, ""3"": 12164, ""4"": 14133, ""5"": 14551}",connected
88599,270,20000,0.050000000000000044,0.0015005766125977971,-4.394784600613638,"{""0"": 17244, ""1"": 17400, ""2"": 13094, ""3"": 12165, ""4"": 14134, ""5"": 14562}",connected
88699,270,20000,0.050000000000000044,0.0015376475849188864,-4.394784600613638,"{""0"": 17281, ""1"": 17434, ""2"": 13107, ""3"": 12168, ""4"": 14136, ""5"": 14573}",connected
88799,270,20000,0.050000000000000044,0.0020608634920790793,-4.394784600613638,"{""0"": 17283, ""1"": 17470, ""2"": 13127, ""3"": 12181, ""4"": 14151, ""5"": 14587}",connected
88899,270,20000,0.050000000000000044,0.0023521519674977753,-4.394784600613638,"{""0"": 17298, ""1"": 17498, ""2"": 13140, ""3"": 12192, ""4"": 14164, ""5"": 14607}",connected
88999,272,20000,0.050000000000000044,0.0022508211675449277,-4.427839069915936,"{""0"": 17316, ""1"": 17533, ""2"": 13159, ""3"": 12205, ""4"": 14174, ""5"": 14612}",connected
89099,272,20000,0.050000000000000044,0.002305851628188975,-4.427839069915936,"{""0"": 17359, ""1"": 17552, ""2"": 13171, ""3"": 12212, ""4"": 14188, ""5"": 14617}",connected
89199,272,20000,0.050000000000000044,0.0018063276034081355,-4.427839069915936,"{""0"": 17361, ""1"": 17637, ""2"": 13174, ""3"": 12217, ""4"": 14190, ""5"": 14620}",connected
89299,272,20000,0.050000000000000044,0.0022478619229514153,-4.427839069915936,"{""0"": 17380, ""1"": 17670, ""2"": 13188, ""3"": 12229, ""4"": 14199, ""5"": 14633}",connected
89399,272,20000,0.050000000000000044,0.0023899599543074144,-4.427839069915936,"{""0"": 17395, ""1"": 17710, ""2"": 13195, ""3"": 12249, ""4"": 14210, ""5"": 14640}",connected
89499,272,20000,0.050000000000000044,0.002717456191312522,-4.427839069915936,"{""0"": 17435, ""1"": 17726, ""2"": 13204, ""3"": 12265, ""4"": 14221, ""5"": 14648}",connected
89599,272,20000,0.050000000000000044,0.002620422509207856,-4.427839069915936,"{""0"": 17453, ""1"": 17762, ""2"": 13211, ""3"": 12280, ""4"": 14231, ""5"": 14662}",connected
89699,273,20000,0.050000000000000044,0.002075127055431949,-4.422863873750902,"{""0"": 17480, ""1"": 17804, ""2"": 13219, ""3"": 12287, ""4"": 14237, ""5"": 14672}",connected
89799,274,20000,0.050000000000000044,0.0017928446951555087,-4.419222875223495,"{""0"": 17485, ""1"": 17824, ""2"": 13225, ""3"": 12312, ""4"": 14274, ""5"": 14679}",connected
89899,274,20000,0.050000000000000044,0.0012481762416427955,-4.419222875223495,"{""0"": 17521, ""1"": 17834, ""2"": 13234, ""3"": 12334, ""4"": 14290, ""5"": 14686}",connected
89999,274,20000,0.050000000000000044,0.0014703750156331808,-4.419222875223495,"{""0"": 17549, ""1"": 17846, ""2"": 13247, ""3"": 12348, ""4"": 14297, ""5"": 14712}",connected
90099,274,20000,0.050000000000000044,0.0014039494961616582,-4.419222875223495,"{""0"": 17564, ""1"": 17868, ""2"": 13250, ""3"": 12375, ""4"": 14319, ""5"": 14723}",connected
90199,274,20000,0.050000000000000044,0.0013803474557062146,-4.419222875223495,"{""0"": 17575, ""1"": 17912, ""2"": 13266, ""3"": 12383, ""4"": 14323, ""5"": 14740}",connected
90299,274,20000,0.050000000000000044,0.0015902084443951026,-4.419222875223495,"{""0"": 17591, ""1"": 17944, ""2"": 13281, ""3"": 12391, ""4"": 14330, ""5"": 14762}",connected
90399,274,20000,0.050000000000000044,0.001715625886718044,-4.419222875223495,"{""0"": 17615, ""1"": 17986, ""2"": 13291, ""3"": 12391, ""4"": 14330, ""5"": 14786}",connected
90499,276,20000,0.050000000000000044,0.0016089932527393104,-4.423460882348008,"{""0"": 17638, ""1"": 18027, ""2"": 13297, ""3"": 12400, ""4"": 14331, ""5"": 14806}",connected
90599,276,20000,0.050000000000000044,0.0017598903880571015,-4.423460882348008,"{""0"": 17645, ""1"": 18056, ""2"": 13308, ""3"": 12407, ""4"": 14349, ""5"": 14834}",connected
90699,276,20000,0.050000000000000044,0.0019168305311177392,-4.423460882348008,"{""0"": 17661, ""1"": 18116, ""2"": 13318, ""3"": 12412, ""4"": 14349, ""5"": 14843}",connected
90799,276,20000,0.050000000000000044,0.0018455301865469664,-4.423460882348008,"{""0"": 17688, ""1"": 18129, ""2"": 13322, ""3"": 12423, ""4"": 14365, ""5"": 14872}",connected
90899,276,20000,0.050000000000000044,0.0024075717767118475,-4.423460882348008,"{""0"": 17707, ""1"": 18148, ""2"": 13330, ""3"": 12452, ""4"": 14383, ""5"": 14879}",connected
90999,276,20000,0.050000000000000044,0.0026634560764068737,-4.423460882348008,"{""0"": 17729, ""1"": 18191, ""2"": 13340, ""3"": 12460, ""4"": 14390, ""5"": 14889}",connected
91099,276,20000,0.050000000000000044,0.002701566058822209,-4.423460882348008,"{""0"": 17749, ""1"": 18230, ""2"": 13349, ""3"": 12469, ""4"": 14401, ""5"": 14901}",connected
91199,278,20000,0.050000000000000044,0.0024333253009535837,-4.4229744702298195,"{""0"": 17753, ""1"": 18266, ""2"": 13353, ""3"": 12475, ""4"": 14415, ""5"": 14937}",connected
91299,278,20000,0.050000000000000044,0.002430276797822444,-4.4229744702298195,"{""0"": 17787, ""1"": 18285, ""2"": 13363, ""3"": 12475, ""4"": 14419, ""5"": 14970}",connected
91399,278,20000,0.050000000000000044,0.002056027894286672,-4.4229744702298195,"{""0"": 17806, ""1"": 18298, ""2"": 13369, ""3"": 12496, ""4"": 14438, ""5"": 14992}",connected
91499,278,20000,0.050000000000000044,0.001583977855334524,-4.4229744702298195,"{""0"": 17808, ""1"": 18334, ""2"": 13385, ""3"": 12519, ""4"": 14457, ""5"": 14996}",connected
91599,278,20000,0.050000000000000044,0.0016240290738642215,-4.4229744702298195,"{""0"": 17828, ""1"": 18364, ""2"": 13394, ""3"": 12531, ""4"": 14472, ""5"": 15010}",connected
91699,278,20000,0.050000000000000044,0.001277217128663324,-4.4229744702298195,"{""0"": 17838, ""1"": 18381, ""2"": 13400, ""3"": 12558, ""4"": 14494, ""5"": 15028}",connected
91799,278,20000,0.050000000000000044,0.0012433643348049373,-4.4229744702298195,"{""0"": 17875, ""1"": 18407, ""2"": 13411, ""3"": 12565, ""4"": 14500, ""5"": 15041}",connected
91899,280,20000,0.050000000000000044,0.0013193021609913557,-4.435265264497138,"{""0"": 17880, ""1"": 18448, ""2"": 13415, ""3"": 12583, ""4"": 14522, ""5"": 15051}",connected
91999,280,20000,0.050000000000000044,0.0018895583582343534,-4.435265264497138,"{""0"": 17900, ""1"": 18453, ""2"": 13421, ""3"": 12632, ""4"": 14540, ""5"": 15053}",connected
92099,280,20000,0.050000000000000044,0.0018973425934382248,-4.435265264497138,"{""0"": 17933, ""1"": 18458, ""2"": 13429, ""3"": 12659, ""4"": 14545, ""5"": 15075}",connected
92199,280,20000,0.050000000000000044,0.0023947388571104967,-4.435265264497138,"{""0"": 18012, ""1"": 18460, ""2"": 13432, ""3"": 12660, ""4"": 14551, ""5"": 15084}",connected
92299,280,20000,0.050000000000000044,0.0023135467465908734,-4.435265264497138,"{""0"": 18064, ""1"": 18471, ""2"": 13439, ""3"": 12677, ""4"": 14560, ""5"": 15088}",connected
92399,280,20000,0.050000000000000044,0.0021836901117058007,-4.435265264497138,"{""0"": 18081, ""1"": 18511, ""2"": 13450, ""3"": 12684, ""4"": 14567, ""5"": 15106}",connected
92499,280,20000,0.050000000000000044,0.002115771604294423,-4.435265264497138,"{""0"": 18097, ""1"": 18546, ""2"": 13470, ""3"": 12695, ""4"": 14573, ""5"": 15118}",connected
92599,282,20000,0.050000000000000044,0.00207520336160087,-4.439446704755537,"{""0"": 18111, ""1"": 18610, ""2"": 13487, ""3"": 12695, ""4"": 14577, ""5"": 15119}",connected
92699,282,20000,0.050000000000000044,0.0020907254953635855,-4.439446704755537,"{""0"": 18129, ""1"": 18647, ""2"": 13501, ""3"": 12703, ""4"": 14589, ""5"": 15130}",connected
92799,282,20000,0.050000000000000044,0.0015874366108619142,-4.439446704755537,"{""0"": 18129, ""1"": 18680, ""2"": 13512, ""3"": 12726, ""4"": 14612, ""5"": 15140}",connected
92899,282,20000,0.050000000000000044,0.0015109683162881993,-4.439446704755537,"{""0"": 18160, ""1"": 18701, ""2"": 13524, ""3"": 12734, ""4"": 14620, ""5"": 15160}",connected
92999,282,20000,0.050000000000000044,0.0011698305132449604,-4.439446704755537,"{""0"": 18179, ""1"": 18729, ""2"": 13532, ""3"": 12752, ""4"": 14642, ""5"": 15165}",connected
93099,282,20000,0.050000000000000044,0.0014353169266541955,-4.439446704755537,"{""0"": 18188, ""1"": 18740, ""2"": 13537, ""3"": 12787, ""4"": 14678, ""5"": 15169}",connected
93199,282,20000,0.050000000000000044,0.0015299917370430194,-4.439446704755537,"{""0"": 18214, ""1"": 18761, ""2"": 13550, ""3"": 12806, ""4"": 14696, ""5"": 15172}",connected
93299,282,20000,0.050000000000000044,0.0019269422990328166,-4.439446704755537,"{""0"": 18216, ""1"": 18836, ""2"": 13570, ""3"": 12806, ""4"": 14696, ""5"": 15175}",connected
93399,284,20000,0.050000000000000044,0.0019920825495501047,-4.435715585318394,"{""0"": 18272, ""1"": 18857, ""2"": 13574, ""3"": 12807, ""4"": 14698, ""5"": 15191}",connected
93499,284,20000,0.050000000000000044,0.0017866149741166738,-4.435715585318394,"{""0"": 18287, ""1"": 18863, ""2"": 13577, ""3"": 12825, ""4"": 14750, ""5"": 15197}",connected
93599,284,20000,0.050000000000000044,0.0019262776205141562,-4.435715585318394,"{""0"": 18314, ""1"": 18873, ""2"": 13591, ""3"": 12852, ""4"": 14771, ""5"": 15198}",connected
93699,284,20000,0.050000000000000044,0.0016880637065332848,-4.435715585318394,"{""0"": 18360, ""1"": 18897, ""2"": 13609, ""3"": 12855, ""4"": 14773, ""5"": 15205}",connected
93799,284,20000,0.050000000000000044,0.001446124245558167,-4.435715585318394,"{""0"": 18419, ""1"": 18927, ""2"": 13618, ""3"": 12855, ""4"": 14773, ""5"": 15207}",connected
93899,284,20000,0.050000000000000044,0.0017000369491870515,-4.435715585318394,"{""0"": 18430, ""1"": 18959, ""2"": 13638, ""3"": 12871, ""4"": 14790, ""5"": 15211}",connected
93999,284,20000,0.050000000000000044,0.0016683836776064708,-4.435715585318394,"{""0"": 18448, ""1"": 18967, ""2"": 13644, ""3"": 12891, ""4"": 14815, ""5"": 15234}",connected
94099,286,20000,0.050000000000000044,0.001614005063311197,-4.437462113066577,"{""0"": 18469, ""1"": 18994, ""2"": 13658, ""3"": 12904, ""4"": 14822, ""5"": 15252}",connected
94199,286,20000,0.050000000000000044,0.0019113271865353453,-4.437462113066577,"{""0"": 18482, ""1"": 19027, ""2"": 13673, ""3"": 12922, ""4"": 14840, ""5"": 15255}",connected
94299,286,20000,0.050000000000000044,0.0016493960344814696,-4.437462113066577,"{""0"": 18496, ""1"": 19031, ""2"": 13675, ""3"": 12955, ""4"": 14878, ""5"": 15264}",connected
94399,286,20000,0.050000000000000044,0.0016029578872257843,-4.437462113066577,"{""0"": 18503, ""1"": 19032, ""2"": 13680, ""3"": 12997, ""4"": 14898, ""5"": 15289}",connected
94499,286,20000,0.050000000000000044,0.0016842952245497145,-4.437462113066577,"{""0"": 18533, ""1"": 19036, ""2"": 13686, ""3"": 13034, ""4"": 14901, ""5"": 15309}",connected
94599,286,20000,0.050000000000000044,0.0014392833605234045,-4.437462113066577,"{""0"": 18576, ""1"": 19049, ""2"": 13688, ""3"": 13054, ""4"": 14913, ""5"": 15319}",connected
94699,286,20000,0.050000000000000044,0.001639506904321024,-4.437462113066577,"{""0"": 18610, ""1"": 19062, ""2"": 13694, ""3"": 13062, ""4"": 14923, ""5"": 15348}",connected
94799,288,20000,0.050000000000000044,0.0021577394833730066,-4.440037433211692,"{""0"": 18627, ""1"": 19081, ""2"": 13701, ""3"": 13076, ""4"": 14948, ""5"": 15366}",connected
94899,288,20000,0.050000000000000044,0.0023667223866505084,-4.440037433211692,"{""0"": 18632, ""1"": 19096, ""2"": 13710, ""3"": 13124, ""4"": 14964, ""5"": 15373}",connected
94999,288,20000,0.050000000000000044,0.0025336949719348923,-4.440037433211692,"{""0"": 18637, ""1"": 19119, ""2"": 13718, ""3"": 13131, ""4"": 14971, ""5"": 15423}",connected
95099,288,20000,0.050000000000000044,0.0024923185061197727,-4.440037433211692,"{""0"": 18669, ""1"": 19133, ""2"": 13723, ""3"": 13158, ""4"": 14979, ""5"": 15437}",connected
95199,288,20000,0.050000000000000044,0.001962209939665627,-4.440037433211692,"{""0"": 18686, ""1"": 19164, ""2"": 13737, ""3"": 13169, ""4"": 14991, ""5"": 15452}",connected
95299,288,20000,0.050000000000000044,0.0015892845648340882,-4.440037433211692,"{""0"": 18704, ""1"": 19169, ""2"": 13744, ""3"": 13199, ""4"": 15006, ""5"": 15477}",connected
95399,288,20000,0.050000000000000044,0.0014833983077551238,-4.440037433211692,"{""0"": 18724, ""1"": 19200, ""2"": 13753, ""3"": 13211, ""4"": 15015, ""5"": 15496}",connected
95499,290,20000,0.050000000000000044,0.0014890238227962982,-4.435709032914601,"{""0"": 18732, ""1"": 19225, ""2"": 13763, ""3"": 13224, ""4"": 15026, ""5"": 15529}",connected
95599,290,20000,0.050000000000000044,0.002059454771660967,-4.435709032914601,"{""0"": 18751, ""1"": 19238, ""2"": 13778, ""3"": 13230, ""4"": 15032, ""5"": 15570}",connected
95699,290,20000,0.050000000000000044,0.0020319413287506905,-4.435709032914601,"{""0"": 18810, ""1"": 19248, ""2"": 13781, ""3"": 13243, ""4"": 15042, ""5"": 15575}",connected
95799,290,20000,0.050000000000000044,0.0020951381204940846,-4.435709032914601,"{""0"": 18863, ""1"": 19268, ""2"": 13793, ""3"": 13245, ""4"": 15046, ""5"": 15584}",connected
95899,290,20000,0.050000000000000044,0.0019185541674960405,-4.435709032914601,"{""0"": 18901, ""1"": 19270, ""2"": 13797, ""3"": 13251, ""4"": 15057, ""5"": 15623}",connected
95999,290,20000,0.050000000000000044,0.0015007961499213707,-4.435709032914601,"{""0"": 18929, ""1"": 19284, ""2"": 13806, ""3"": 13264, ""4"": 15065, ""5"": 15651}",connected
96099,290,20000,0.050000000000000044,0.001646313425299013,-4.435709032914601,"{""0"": 18949, ""1"": 19309, ""2"": 13813, ""3"": 13277, ""4"": 15078, ""5"": 15673}",connected
96199,290,20000,0.050000000000000044,0.001743141455372097,-4.435709032914601,"{""0"": 18989, ""1"": 19311, ""2"": 13816, ""3"": 13297, ""4"": 15091, ""5"": 15695}",connected
96299,292,20000,0.050000000000000044,0.00201455825343146,-4.446654082122259,"{""0"": 19002, ""1"": 19327, ""2"": 13822, ""3"": 13313, ""4"": 15133, ""5"": 15702}",connected
96399,292,20000,0.050000000000000044,0.0018244171648984775,-4.446654082122259,"{""0"": 19069, ""1"": 19331, ""2"": 13823, ""3"": 13315, ""4"": 15140, ""5"": 15721}",connected
96499,292,20000,0.050000000000000044,0.0018730434391181917,-4.446654082122259,"{""0"": 19114, ""1"": 19333, ""2"": 13830, ""3"": 13318, ""4"": 15140, ""5"": 15764}",connected
96599,292,20000,0.050000000000000044,0.0019208941602846608,-4.446654082122259,"{""0"": 19154, ""1"": 19339, ""2"": 13832, ""3"": 13325, ""4"": 15144, ""5"": 15805}",connected
96699,292,20000,0.050000000000000044,0.0016973875474650413,-4.446654082122259,"{""0"": 19159, ""1"": 19403, ""2"": 13840, ""3"": 13334, ""4"": 15156, ""5"": 15807}",connected
96799,292,20000,0.050000000000000044,0.0017330927244620397,-4.446654082122259,"{""0"": 19176, ""1"": 19408, ""2"": 13849, ""3"": 13354, ""4"": 15190, ""5"": 15822}",connected
96899,292,20000,0.050000000000000044,0.0016727420120150782,-4.446654082122259,"{""0"": 19188, ""1"": 19429, ""2"": 13856, ""3"": 13366, ""4"": 15200, ""5"": 15860}",connected
96999,294,20000,0.050000000000000044,0.0015016221307450905,-4.441286505851894,"{""0"": 19195, ""1"": 19460, ""2"": 13860, ""3"": 13383, ""4"": 15225, ""5"": 15876}",connected
97099,294,20000,0.050000000000000044,0.001593930122326128,-4.441286505851894,"{""0"": 19237, ""1"": 19471, ""2"": 13870, ""3"": 13398, ""4"": 15241, ""5"": 15882}",connected
97199,294,20000,0.050000000000000044,0.0015383347788883838,-4.441286505851894,"{""0"": 19241, ""1"": 19501, ""2"": 13874, ""3"": 13421, ""4"": 15261, ""5"": 15901}",connected
97299,294,20000,0.050000000000000044,0.0016061760879529175,-4.441286505851894,"{""0"": 19268, ""1"": 19516, ""2"": 13883, ""3"": 13449, ""4"": 15281, ""5"": 15902}",connected
97399,294,20000,0.050000000000000044,0.0016067654387734364,-4.441286505851894,"{""0"": 19291, ""1"": 19545, ""2"": 13907, ""3"": 13452, ""4"": 15286, ""5"": 15918}",connected
97499,294,20000,0.050000000000000044,0.0015937698412744794,-4.441286505851894,"{""0"": 19308, ""1"": 19568, ""2"": 13912, ""3"": 13471, ""4"": 15300, ""5"": 15940}",connected
97599,294,20000,0.050000000000000044,0.0015745308656187262,-4.441286505851894,"{""0"": 19324, ""1"": 19587, ""2"": 13926, ""3"": 13489, ""4"": 15320, ""5"": 15953}",connected
97699,296,20000,0.050000000000000044,0.0017764642809925135,-4.443196429610253,"{""0"": 19356, ""1"": 19597, ""2"": 13930, ""3"": 13514, ""4"": 15340, ""5"": 15962}",connected
97799,296,20000,0.050000000000000044,0.002137925928836921,-4.443196429610253,"{""0"": 19365, ""1"": 19610, ""2"": 13939, ""3"": 13522, ""4"": 15356, ""5"": 16007}",connected
97899,296,20000,0.050000000000000044,0.0020869679916359018,-4.443196429610253,"{""0"": 19428, ""1"": 19615, ""2"": 13947, ""3"": 13522, ""4"": 15356, ""5"": 16031}",connected
97999,296,20000,0.050000000000000044,0.002172939131123712,-4.443196429610253,"{""0"": 19454, ""1"": 19645, ""2"": 13963, ""3"": 13534, ""4"": 15365, ""5"": 16038}",connected
98099,296,20000,0.050000000000000044,0.001829264123662142,-4.443196429610253,"{""0"": 19521, ""1"": 19650, ""2"": 13967, ""3"": 13543, ""4"": 15374, ""5"": 16044}",connected
98199,296,20000,0.050000000000000044,0.001510642862849636,-4.443196429610253,"{""0"": 19561, ""1"": 19667, ""2"": 13969, ""3"": 13559, ""4"": 15393, ""5"": 16050}",connected
98299,296,20000,0.050000000000000044,0.001618022149632452,-4.443196429610253,"{""0"": 19590, ""1"": 19683, ""2"": 13977, ""3"": 13581, ""4"": 15415, ""5"": 16053}",connected
98399,298,20000,0.050000000000000044,0.0014886785892304034,-4.43620347823482,"{""0"": 19622, ""1"": 19704, ""2"": 13991, ""3"": 13586, ""4"": 15420, ""5"": 16076}",connected
98499,298,20000,0.050000000000000044,0.0015270386202610097,-4.43620347823482,"{""0"": 19640, ""1"": 19732, ""2"": 14016, ""3"": 13596, ""4"": 15431, ""5"": 16084}",connected
98599,298,20000,0.050000000000000044,0.001819500933343079,-4.43620347823482,"{""0"": 19650, ""1"": 19761, ""2"": 14025, ""3"": 13617, ""4"": 15454, ""5"": 16092}",connected
98699,298,20000,0.050000000000000044,0.0016305441869189962,-4.43620347823482,"{""0"": 19651, ""1"": 19774, ""2"": 14032, ""3"": 13651, ""4"": 15490, ""5"": 16101}",connected
98799,298,20000,0.050000000000000044,0.0019310867341118866,-4.43620347823482,"{""0"": 19681, ""1"": 19807, ""2"": 14040, ""3"": 13658, ""4"": 15503, ""5"": 16110}",connected
98899,298,20000,0.050000000000000044,0.002225483072688803,-4.43620347823482,"{""0"": 19727, ""1"": 19822, ""2"": 14047, ""3"": 13675, ""4"": 15505, ""5"": 16123}",connected
98999,298,20000,0.050000000000000044,0.0020524118051980624,-4.43620347823482,"{""0"": 19731, ""1"": 19854, ""2"": 14058, ""3"": 13697, ""4"": 15531, ""5"": 16128}",connected
99099,300,20000,0.050000000000000044,0.0022648466101964004,-4.432526428862475,"{""0"": 19748, ""1"": 19876, ""2"": 14094, ""3"": 13709, ""4"": 15536, ""5"": 16136}",connected
99199,300,20000,0.050000000000000044,0.0021462231008626985,-4.432526428862475,"{""0"": 19758, ""1"": 19908, ""2"": 14117, ""3"": 13712, ""4"": 15561, ""5"": 16143}",connected
99299,300,20000,0.050000000000000044,0.0020659322281426284,-4.432526428862475,"{""0"": 19791, ""1"": 19911, ""2"": 14119, ""3"": 13739, ""4"": 15578, ""5"": 16161}",connected
99399,300,20000,0.050000000000000044,0.0022609594067034776,-4.432526428862475,"{""0"": 19805, ""1"": 19914, ""2"": 14129, ""3"": 13756, ""4"": 15587, ""5"": 16208}",connected
99499,300,20000,0.050000000000000044,0.0019319418854138349,-4.432526428862475,"{""0"": 19817, ""1"": 19956, ""2"": 14145, ""3"": 13768, ""4"": 15600, ""5"": 16213}",connected
99599,300,20000,0.050000000000000044,0.0022376509028254076,-4.432526428862475,"{""0"": 19820, ""1"": 19992, ""2"": 14149, ""3"": 13775, ""4"": 15608, ""5"": 16255}",connected
99699,300,20000,0.050000000000000044,0.002342475644836668,-4.432526428862475,"{""0"": 19861, ""1"": 20003, ""2"": 14152, ""3"": 13782, ""4"": 15616, ""5"": 16285}",connected
99799,300,20000,0.050000000000000044,0.0019522748334566131,-4.432526428862475,"{""0"": 19872, ""1"": 20018, ""2"": 14155, ""3"": 13809, ""4"": 15639, ""5"": 16306}",connected
99899,302,20000,0.050000000000000044,0.0020275849988684058,-4.425789929050953,"{""0"": 19879, ""1"": 20044, ""2"": 14159, ""3"": 13835, ""4"": 15669, ""5"": 16313}",connected
99999,302,20000,0.050000000000000044,0.0016274384901043958,-4.425789929050953,"{""0"": 19916, ""1"": 20059, ""2"": 14168, ""3"": 13849, ""4"": 15685, ""5"": 16322}",connected
100099,302,20000,0.050000000000000044,0.0014684597018640487,-4.425789929050953,"{""0"": 19938, ""1"": 20075, ""2"": 14176, ""3"": 13852, ""4"": 15690, ""5"": 16368}",connected
100199,302,20000,0.050000000000000044,0.0013148931637988427,-4.425789929050953,"{""0"": 19950, ""1"": 20093, ""2"": 14179, ""3"": 13872, ""4"": 15708, ""5"": 16397}",connected
100299,302,20000,0.050000000000000044,0.0014755477567086927,-4.425789929050953,"{""0"": 19966, ""1"": 20104, ""2"": 14186, ""3"": 13890, ""4"": 15736, ""5"": 16417}",connected
100399,302,20000,0.050000000000000044,0.0016830967264831998,-4.425789929050953,"{""0"": 20016, ""1"": 20105, ""2"": 14192, ""3"": 13904, ""4"": 15750, ""5"": 16432}",connected
100499,302,20000,0.050000000000000044,0.0015570378437405451,-4.425789929050953,"{""0"": 20044, ""1"": 20134, ""2"": 14198, ""3"": 13905, ""4"": 15754, ""5"": 16464}",connected
100599,304,20000,0.050000000000000044,0.0017807852089754305,-4.436111121186986,"{""0"": 20073, ""1"": 20159, ""2"": 14204, ""3"": 13910, ""4"": 15770, ""5"": 16483}",connected
100699,304,20000,0.050000000000000044,0.0019627894286531953,-4.436111121186986,"{""0"": 20109, ""1"": 20162, ""2"": 14207, ""3"": 13927, ""4"": 15779, ""5"": 16515}",connected
100799,304,20000,0.050000000000000044,0.002053814292594325,-4.436111121186986,"{""0"": 20140, ""1"": 20188, ""2"": 14214, ""3"": 13938, ""4"": 15794, ""5"": 16525}",connected
100899,304,20000,0.050000000000000044,0.0023502128425752743,-4.436111121186986,"{""0"": 20175, ""1"": 20196, ""2"": 14219, ""3"": 13948, ""4"": 15804, ""5"": 16557}",connected
100999,304,20000,0.050000000000000044,0.0022062649443978445,-4.436111121186986,"{""0"": 20231, ""1"": 20196, ""2"": 14219, ""3"": 13949, ""4"": 15804, ""5"": 16600}",connected
101099,304,20000,0.050000000000000044,0.0019291267404332756,-4.436111121186986,"{""0"": 20262, ""1"": 20201, ""2"": 14225, ""3"": 13969, ""4"": 15821, ""5"": 16621}",connected
101199,304,20000,0.050000000000000044,0.0017972294399805832,-4.436111121186986,"{""0"": 20325, ""1"": 20201, ""2"": 14225, ""3"": 13988, ""4"": 15833, ""5"": 16627}",connected
101299,306,20000,0.050000000000000044,0.0017052344749390613,-4.431501862299629,"{""0"": 20346, ""1"": 20215, ""2"": 14230, ""3"": 14005, ""4"": 15868, ""5"": 16635}",connected
101399,306,20000,0.050000000000000044,0.0020353136166522743,-4.431501862299629,"{""0"": 20355, ""1"": 20267, ""2"": 14254, ""3"": 14009, ""4"": 15871, ""5"": 16643}",connected
101499,306,20000,0.050000000000000044,0.002474960468389327,-4.431501862299629,"{""0"": 20385, ""1"": 20271, ""2"": 14259, ""3"": 14039, ""4"": 15887, ""5"": 16658}",connected
101599,306,20000,0.050000000000000044,0.0025102587314904667,-4.431501862299629,"{""0"": 20398, ""1"": 20305, ""2"": 14268, ""3"": 14048, ""4"": 15894, ""5"": 16686}",connected
101699,306,20000,0.050000000000000044,0.002181015122041572,-4.431501862299629,"{""0"": 20423, ""1"": 20325, ""2"": 14274, ""3"": 14080, ""4"": 15904, ""5"": 16693}",connected
101799,306,20000,0.050000000000000044,0.001809291632816894,-4.431501862299629,"{""0"": 20445, ""1"": 20355, ""2"": 14283, ""3"": 14093, ""4"": 15921, ""5"": 16702}",connected
101899,306,20000,0.050000000000000044,0.0014853086865332444,-4.431501862299629,"{""0"": 20473, ""1"": 20367, ""2"": 14288, ""3"": 14105, ""4"": 15935, ""5"": 16731}",connected
101999,308,20000,0.050000000000000044,0.0012084631684410852,-4.405830590506084,"{""0"": 20507, ""1"": 20376, ""2"": 14291, ""3"": 14111, ""4"": 15942, ""5"": 16772}",connected
102099,308,20000,0.050000000000000044,0.0015176066390995401,-4.405830590506084,"{""0"": 20515, ""1"": 20409, ""2"": 14309, ""3"": 14128, ""4"": 15962, ""5"": 16776}",connected
102199,308,20000,0.050000000000000044,0.0015226048667682335,-4.405830590506084,"{""0"": 20548, ""1"": 20410, ""2"": 14312, ""3"": 14170, ""4"": 15962, ""5"": 16797}",connected
102299,308,20000,0.050000000000000044,0.0015813325409544633,-4.405830590506084,"{""0"": 20564, ""1"": 20418, ""2"": 14315, ""3"": 14184, ""4"": 15975, ""5"": 16843}",connected
102399,308,20000,0.050000000000000044,0.001651085105841048,-4.405830590506084,"{""0"": 20592, ""1"": 20431, ""2"": 14315, ""3"": 14212, ""4"": 16001, ""5"": 16848}",connected
102499,308,20000,0.050000000000000044,0.001498928043001797,-4.405830590506084,"{""0"": 20624, ""1"": 20453, ""2"": 14322, ""3"": 14224, ""4"": 16009, ""5"": 16867}",connected
102599,308,20000,0.050000000000000044,0.0014654473766859155,-4.405830590506084,"{""0"": 20636, ""1"": 20500, ""2"": 14327, ""3"": 14238, ""4"": 16024, ""5"": 16874}",connected
102699,308,20000,0.050000000000000044,0.0017994002719933632,-4.405830590506084,"{""0"": 20671, ""1"": 20507, ""2"": 14336, ""3"": 14257, ""4"": 16035, ""5"": 16893}",connected
102799,310,20000,0.050000000000000044,0.001827215896337293,-4.408501915917732,"{""0"": 20696, ""1"": 20525, ""2"": 14348, ""3"": 14271, ""4"": 16054, ""5"": 16905}",connected
102899,310,20000,0.050000000000000044,0.0022924074245383964,-4.408501915917732,"{""0"": 20728, ""1"": 20554, ""2"": 14359, ""3"": 14280, ""4"": 16065, ""5"": 16913}",connected
102999,310,20000,0.050000000000000044,0.0026067120286461434,-4.408501915917732,"{""0"": 20773, ""1"": 20560, ""2"": 14366, ""3"": 14284, ""4"": 16077, ""5"": 16939}",connected
103099,310,20000,0.050000000000000044,0.002145876260328805,-4.408501915917732,"{""0"": 20833, ""1"": 20569, ""2"": 14368, ""3"": 14291, ""4"": 16080, ""5"": 16958}",connected
103199,310,20000,0.050000000000000044,0.0021040205685130785,-4.408501915917732,"{""0"": 20835, ""1"": 20598, ""2"": 14375, ""3"": 14295, ""4"": 16085, ""5"": 17011}",connected
103299,310,20000,0.050000000000000044,0.0016704667299927678,-4.408501915917732,"{""0"": 20855, ""1"": 20599, ""2"": 14375, ""3"": 14309, ""4"": 16097, ""5"": 17064}",connected
103399,310,20000,0.050000000000000044,0.0014452501900086645,-4.408501915917732,"{""0"": 20888, ""1"": 20600, ""2"": 14376, ""3"": 14329, ""4"": 16113, ""5"": 17093}",connected
103499,312,20000,0.050000000000000044,0.0016842114987957756,-4.403370119296015,"{""0"": 20945, ""1"": 20610, ""2"": 14381, ""3"": 14335, ""4"": 16127, ""5"": 17101}",connected
103599,312,20000,0.050000000000000044,0.00170952705811942,-4.403370119296015,"{""0"": 20980, ""1"": 20612, ""2"": 14383, ""3"": 14370, ""4"": 16143, ""5"": 17111}",connected
103699,312,20000,0.050000000000000044,0.0019374814799812156,-4.403370119296015,"{""0"": 21029, ""1"": 20618, ""2"": 14387, ""3"": 14372, ""4"": 16147, ""5"": 17146}",connected
103799,312,20000,0.050000000000000044,0.0021293563592189456,-4.403370119296015,"{""0"": 21051, ""1"": 20620, ""2"": 14391, ""3"": 14374, ""4"": 16148, ""5"": 17215}",connected
103899,312,20000,0.050000000000000044,0.0018664079230802598,-4.403370119296015,"{""0"": 21093, ""1"": 20628, ""2"": 14397, ""3"": 14378, ""4"": 16154, ""5"": 17249}",connected
103999,312,20000,0.050000000000000044,0.0020480774719908367,-4.403370119296015,"{""0"": 21119, ""1"": 20639, ""2"": 14399, ""3"": 14383, ""4"": 16158, ""5"": 17301}",connected
104099,312,20000,0.050000000000000044,0.0017469127556250896,-4.403370119296015,"{""0"": 21150, ""1"": 20669, ""2"": 14405, ""3"": 14385, ""4"": 16160, ""5"": 17330}",connected
104199,314,20000,0.050000000000000044,0.001725214991165558,-4.397113902489655,"{""0"": 21182, ""1"": 20695, ""2"": 14412, ""3"": 14393, ""4"": 16163, ""5"": 17354}",connected
104299,314,20000,0.050000000000000044,0.001757253700197907,-4.397113902489655,"{""0"": 21238, ""1"": 20699, ""2"": 14413, ""3"": 14402, ""4"": 16178, ""5"": 17369}",connected
104399,314,20000,0.050000000000000044,0.0017336225254985039,-4.397113902489655,"{""0"": 21247, ""1"": 20713, ""2"": 14422, ""3"": 14419, ""4"": 16193, ""5"": 17405}",connected
104499,314,20000,0.050000000000000044,0.0017029556119814515,-4.397113902489655,"{""0"": 21282, ""1"": 20730, ""2"": 14433, ""3"": 14424, ""4"": 16203, ""5"": 17427}",connected
104599,314,20000,0.050000000000000044,0.0019232036011817399,-4.397113902489655,"{""0"": 21325, ""1"": 20735, ""2"": 14435, ""3"": 14434, ""4"": 16208, ""5"": 17462}",connected
104699,314,20000,0.050000000000000044,0.002053425558115123,-4.397113902489655,"{""0"": 21331, ""1"": 20806, ""2"": 14440, ""3"": 14439, ""4"": 16216, ""5"": 17467}",connected
104799,314,20000,0.050000000000000044,0.0017794343423156533,-4.397113902489655,"{""0"": 21352, ""1"": 20809, ""2"": 14443, ""3"": 14464, ""4"": 16235, ""5"": 17496}",connected
104899,316,20000,0.050000000000000044,0.001778338609583443,-4.40120047503151,"{""0"": 21394, ""1"": 20814, ""2"": 14446, ""3"": 14469, ""4"": 16244, ""5"": 17532}",connected
104999,316,20000,0.050000000000000044,0.0012354226093157195,-4.40120047503151,"{""0"": 21436, ""1"": 20824, ""2"": 14454, ""3"": 14482, ""4"": 16263, ""5"": 17540}",connected
105099,316,20000,0.050000000000000044,0.000961451830517035,-4.40120047503151,"{""0"": 21456, ""1"": 20841, ""2"": 14458, ""3"": 14500, ""4"": 16272, ""5"": 17572}",connected
105199,316,20000,0.050000000000000044,0.0011471005326893647,-4.40120047503151,"{""0"": 21469, ""1"": 20865, ""2"": 14466, ""3"": 14534, ""4"": 16285, ""5"": 17580}",connected
105299,316,20000,0.050000000000000044,0.0011404669635521713,-4.40120047503151,"{""0"": 21501, ""1"": 20875, ""2"": 14484, ""3"": 14538, ""4"": 16290, ""5"": 17611}",connected
105399,316,20000,0.050000000000000044,0.0014102817718230653,-4.40120047503151,"{""0"": 21505, ""1"": 20877, ""2"": 14490, ""3"": 14558, ""4"": 16307, ""5"": 17662}",connected
105499,316,20000,0.050000000000000044,0.0015121959934185725,-4.40120047503151,"{""0"": 21518, ""1"": 20902, ""2"": 14492, ""3"": 14564, ""4"": 16312, ""5"": 17711}",connected
105599,316,20000,0.050000000000000044,0.001434405944601167,-4.40120047503151,"{""0"": 21526, ""1"": 20911, ""2"": 14500, ""3"": 14576, ""4"": 16328, ""5"": 17758}",connected
105699,318,20000,0.050000000000000044,0.0012680216005537658,-4.396367844170891,"{""0"": 21545, ""1"": 20931, ""2"": 14511, ""3"": 14589, ""4"": 16349, ""5"": 17774}",connected
105799,318,20000,0.050000000000000044,0.0011544101424806287,-4.396367844170891,"{""0"": 21580, ""1"": 20937, ""2"": 14514, ""3"": 14608, ""4"": 16360, ""5"": 17800}",connected
105899,318,20000,0.050000000000000044,0.0010583799496816937,-4.396367844170891,"{""0"": 21605, ""1"": 20945, ""2"": 14519, ""3"": 14633, ""4"": 16371, ""5"": 17826}",connected
105999,318,20000,0.050000000000000044,0.0018583782711357345,-4.396367844170891,"{""0"": 21651, ""1"": 20945, ""2"": 14519, ""3"": 14635, ""4"": 16371, ""5"": 17878}",connected
106099,318,20000,0.050000000000000044,0.0021102019133104476,-4.396367844170891,"{""0"": 21709, ""1"": 20945, ""2"": 14520, ""3"": 14638, ""4"": 16373, ""5"": 17914}",connected
106199,318,20000,0.050000000000000044,0.0023302949749631806,-4.396367844170891,"{""0"": 21754, ""1"": 20947, ""2"": 14522, ""3"": 14641, ""4"": 16376, ""5"": 17959}",connected
106299,318,20000,0.050000000000000044,0.002862239507085178,-4.396367844170891,"{""0"": 21787, ""1"": 20969, ""2"": 14532, ""3"": 14646, ""4"": 16383, ""5"": 17982}",connected
106399,320,20000,0.050000000000000044,0.002245727806875948,-4.405596057209186,"{""0"": 21827, ""1"": 21003, ""2"": 14535, ""3"": 14648, ""4"": 16385, ""5"": 18001}",connected
106499,320,20000,0.050000000000000044,0.002102904005732853,-4.405596057209186,"{""0"": 21841, ""1"": 21009, ""2"": 14545, ""3"": 14652, ""4"": 16409, ""5"": 18043}",connected
106599,320,20000,0.050000000000000044,0.0017325117415748536,-4.405596057209186,"{""0"": 21858, ""1"": 21023, ""2"": 14551, ""3"": 14653, ""4"": 16423, ""5"": 18091}",connected
106699,320,20000,0.050000000000000044,0.0015293819448561408,-4.405596057209186,"{""0"": 21875, ""1"": 21079, ""2"": 14559, ""3"": 14662, ""4"": 16429, ""5"": 18095}",connected
106799,320,20000,0.050000000000000044,0.0012777995615033432,-4.405596057209186,"{""0"": 21882, ""1"": 21111, ""2"": 14565, ""3"": 14665, ""4"": 16437, ""5"": 18139}",connected
106899,320,20000,0.050000000000000044,0.0012317362862813751,-4.405596057209186,"{""0"": 21905, ""1"": 21121, ""2"": 14579, ""3"": 14687, ""4"": 16449, ""5"": 18158}",connected
106999,320,20000,0.050000000000000044,0.0015258718135009986,-4.405596057209186,"{""0"": 21933, ""1"": 21129, ""2"": 14587, ""3"": 14700, ""4"": 16469, ""5"": 18181}",connected
107099,322,20000,0.050000000000000044,0.0017512216478644406,-4.411541022555903,"{""0"": 21935, ""1"": 21154, ""2"": 14599, ""3"": 14731, ""4"": 16486, ""5"": 18194}",connected
107199,322,20000,0.050000000000000044,0.0018962405309139285,-4.411541022555903,"{""0"": 21947, ""1"": 21160, ""2"": 14601, ""3"": 14749, ""4"": 16508, ""5"": 18234}",connected
107299,322,20000,0.050000000000000044,0.0018775092824944294,-4.411541022555903,"{""0"": 21957, ""1"": 21174, ""2"": 14614, ""3"": 14784, ""4"": 16523, ""5"": 18247}",connected
107399,322,20000,0.050000000000000044,0.001724770253931638,-4.411541022555903,"{""0"": 21980, ""1"": 21221, ""2"": 14616, ""3"": 14788, ""4"": 16533, ""5"": 18261}",connected
107499,322,20000,0.050000000000000044,0.0012496420889510772,-4.411541022555903,"{""0"": 21988, ""1"": 21252, ""2"": 14627, ""3"": 14798, ""4"": 16541, ""5"": 18293}",connected
107599,322,20000,0.050000000000000044,0.0012369278483674861,-4.411541022555903,"{""0"": 22013, ""1"": 21291, ""2"": 14636, ""3"": 14809, ""4"": 16556, ""5"": 18294}",connected
107699,322,20000,0.050000000000000044,0.0012748736873618328,-4.411541022555903,"{""0"": 22030, ""1"": 21297, ""2"": 14640, ""3"": 14840, ""4"": 16577, ""5"": 18315}",connected
107799,324,20000,0.050000000000000044,0.0016617432981729508,-4.408899213974364,"{""0"": 22066, ""1"": 21315, ""2"": 14645, ""3"": 14852, ""4"": 16590, ""5"": 18331}",connected
107899,324,20000,0.050000000000000044,0.0018584540183655919,-4.408899213974364,"{""0"": 22108, ""1"": 21322, ""2"": 14645, ""3"": 14858, ""4"": 16617, ""5"": 18349}",connected
107999,324,20000,0.050000000000000044,0.0016489866642223204,-4.408899213974364,"{""0"": 22125, ""1"": 21339, ""2"": 14650, ""3"": 14872, ""4"": 16636, ""5"": 18377}",connected
108099,324,20000,0.050000000000000044,0.0016741063147492242,-4.408899213974364,"{""0"": 22150, ""1"": 21340, ""2"": 14655, ""3"": 14886, ""4"": 16638, ""5"": 18430}",connected
108199,324,20000,0.050000000000000044,0.0012804406495706645,-4.408899213974364,"{""0"": 22173, ""1"": 21340, ""2"": 14684, ""3"": 14886, ""4"": 16638, ""5"": 18478}",connected
108299,324,20000,0.050000000000000044,0.0010394397367781494,-4.408899213974364,"{""0"": 22216, ""1"": 21341, ""2"": 14705, ""3"": 14886, ""4"": 16639, ""5"": 18512}",connected
108399,324,20000,0.050000000000000044,0.0011680585209978744,-4.408899213974364,"{""0"": 22246, ""1"": 21355, ""2"": 14711, ""3"": 14902, ""4"": 16646, ""5"": 18539}",connected
108499,324,20000,0.050000000000000044,0.0013935838536417576,-4.408899213974364,"{""0"": 22249, ""1"": 21363, ""2"": 14736, ""3"": 14935, ""4"": 16657, ""5"": 18559}",connected
108599,326,20000,0.050000000000000044,0.001250658010103507,-4.41565976921469,"{""0"": 22257, ""1"": 21383, ""2"": 14752, ""3"": 14949, ""4"": 16679, ""5"": 18579}",connected
108699,326,20000,0.050000000000000044,0.0015083378528652246,-4.41565976921469,"{""0"": 22264, ""1"": 21391, ""2"": 14758, ""3"": 14955, ""4"": 16704, ""5"": 18627}",connected
108799,326,20000,0.050000000000000044,0.0014448901063587982,-4.41565976921469,"{""0"": 22279, ""1"": 21398, ""2"": 14785, ""3"": 14960, ""4"": 16713, ""5"": 18664}",connected
108899,326,20000,0.050000000000000044,0.0015930262941401452,-4.41565976921469,"{""0"": 22323, ""1"": 21409, ""2"": 14791, ""3"": 14974, ""4"": 16718, ""5"": 18684}",connected
108999,326,20000,0.050000000000000044,0.001852738186280476,-4.41565976921469,"{""0"": 22338, ""1"": 21447, ""2"": 14807, ""3"": 14982, ""4"": 16726, ""5"": 18699}",connected
109099,326,20000,0.050000000000000044,0.001820352864015149,-4.41565976921469,"{""0"": 22414, ""1"": 21450, ""2"": 14811, ""3"": 14984, ""4"": 16726, ""5"": 18714}",connected
109199,326,20000,0.050000000000000044,0.0019509252997522708,-4.41565976921469,"{""0"": 22429, ""1"": 21482, ""2"": 14827, ""3"": 14999, ""4"": 16741, ""5"": 18721}",connected
109299,328,20000,0.050000000000000044,0.0017065206488769036,-4.421773552307859,"{""0"": 22452, ""1"": 21519, ""2"": 14849, ""3"": 15006, ""4"": 16744, ""5"": 18729}",connected
109399,328,20000,0.050000000000000044,0.0015058277401840314,-4.421773552307859,"{""0"": 22476, ""1"": 21537, ""2"": 14856, ""3"": 15028, ""4"": 16768, ""5"": 18734}",connected
109499,328,20000,0.050000000000000044,0.0014590736004174687,-4.421773552307859,"{""0"": 22483, ""1"": 21537, ""2"": 14869, ""3"": 15057, ""4"": 16794, ""5"": 18759}",connected
109599,328,20000,0.050000000000000044,0.0015532679995521903,-4.421773552307859,"{""0"": 22509, ""1"": 21538, ""2"": 14878, ""3"": 15064, ""4"": 16800, ""5"": 18810}",connected
109699,328,20000,0.050000000000000044,0.001980583670374472,-4.421773552307859,"{""0"": 22521, ""1"": 21556, ""2"": 14890, ""3"": 15086, ""4"": 16811, ""5"": 18835}",connected
109799,328,20000,0.050000000000000044,0.0019490221957676112,-4.421773552307859,"{""0"": 22554, ""1"": 21591, ""2"": 14901, ""3"": 15094, ""4"": 16814, ""5"": 18845}",connected
109899,328,20000,0.050000000000000044,0.0020484655085601846,-4.421773552307859,"{""0"": 22582, ""1"": 21606, ""2"": 14912, ""3"": 15120, ""4"": 16819, ""5"": 18860}",connected
109999,330,20000,0.050000000000000044,0.002440696127305273,-4.422992514218204,"{""0"": 22594, ""1"": 21649, ""2"": 14930, ""3"": 15121, ""4"": 16836, ""5"": 18869}",connected
110099,330,20000,0.050000000000000044,0.001990753113932442,-4.422992514218204,"{""0"": 22611, ""1"": 21663, ""2"": 14935, ""3"": 15144, ""4"": 16851, ""5"": 18895}",connected
110199,330,20000,0.050000000000000044,0.0022170504769019315,-4.422992514218204,"{""0"": 22641, ""1"": 21700, ""2"": 14948, ""3"": 15157, ""4"": 16855, ""5"": 18898}",connected
110299,330,20000,0.050000000000000044,0.0021177818649448454,-4.422992514218204,"{""0"": 22669, ""1"": 21709, ""2"": 14956, ""3"": 15185, ""4"": 16864, ""5"": 18916}",connected
110399,330,20000,0.050000000000000044,0.0015271303319605066,-4.422992514218204,"{""0"": 22699, ""1"": 21723, ""2"": 14967, ""3"": 15187, ""4"": 16868, ""5"": 18955}",connected
110499,330,20000,0.050000000000000044,0.0014054162777028978,-4.422992514218204,"{""0"": 22728, ""1"": 21748, ""2"": 14990, ""3"": 15198, ""4"": 16878, ""5"": 18957}",connected
110599,330,20000,0.050000000000000044,0.0014526984495751094,-4.422992514218204,"{""0"": 22764, ""1"": 21764, ""2"": 14996, ""3"": 15228, ""4"": 16878, ""5"": 18969}",connected
110699,332,20000,0.050000000000000044,0.0014785289956489578,-4.427714241310023,"{""0"": 22793, ""1"": 21794, ""2"": 15013, ""3"": 15241, ""4"": 16884, ""5"": 18974}",connected
110799,332,20000,0.050000000000000044,0.001872214133036323,-4.427714241310023,"{""0"": 22836, ""1"": 21802, ""2"": 15013, ""3"": 15265, ""4"": 16885, ""5"": 18998}",connected
110899,332,20000,0.050000000000000044,0.0018845463485922663,-4.427714241310023,"{""0"": 22881, ""1"": 21802, ""2"": 15015, ""3"": 15265, ""4"": 16889, ""5"": 19047}",connected
110999,332,20000,0.050000000000000044,0.0016353831566812006,-4.427714241310023,"{""0"": 22950, ""1"": 21808, ""2"": 15019, ""3"": 15273, ""4"": 16897, ""5"": 19052}",connected
111099,332,20000,0.050000000000000044,0.0016914651886327193,-4.427714241310023,"{""0"": 22970, ""1"": 21817, ""2"": 15031, ""3"": 15292, ""4"": 16911, ""5"": 19078}",connected
111199,332,20000,0.050000000000000044,0.0016283987069618889,-4.427714241310023,"{""0"": 22975, ""1"": 21827, ""2"": 15035, ""3"": 15333, ""4"": 16931, ""5"": 19098}",connected
111299,332,20000,0.050000000000000044,0.0015659791787038556,-4.427714241310023,"{""0"": 23008, ""1"": 21873, ""2"": 15047, ""3"": 15335, ""4"": 16931, ""5"": 19105}",connected
111399,334,20000,0.050000000000000044,0.0016793986411357763,-4.422361105899326,"{""0"": 23048, ""1"": 21880, ""2"": 15057, ""3"": 15342, ""4"": 16939, ""5"": 19133}",connected
111499,334,20000,0.050000000000000044,0.0019871466007316484,-4.422361105899326,"{""0"": 23067, ""1"": 21907, ""2"": 15062, ""3"": 15359, ""4"": 16970, ""5"": 19134}",connected
111599,334,20000,0.050000000000000044,0.0016985522481263616,-4.422361105899326,"{""0"": 23081, ""1"": 21916, ""2"": 15071, ""3"": 15378, ""4"": 16992, ""5"": 19161}",connected
111699,334,20000,0.050000000000000044,0.002033632097300142,-4.422361105899326,"{""0"": 23119, ""1"": 21923, ""2"": 15083, ""3"": 15404, ""4"": 17003, ""5"": 19167}",connected
111799,334,20000,0.050000000000000044,0.0021725288120796903,-4.422361105899326,"{""0"": 23176, ""1"": 21939, ""2"": 15090, ""3"": 15411, ""4"": 17009, ""5"": 19174}",connected
111899,334,20000,0.050000000000000044,0.0017394288317882456,-4.422361105899326,"{""0"": 23186, ""1"": 21953, ""2"": 15100, ""3"": 15432, ""4"": 17033, ""5"": 19195}",connected
111999,334,20000,0.050000000000000044,0.0017078668344765902,-4.422361105899326,"{""0"": 23214, ""1"": 21992, ""2"": 15111, ""3"": 15446, ""4"": 17037, ""5"": 19199}",connected
112099,334,20000,0.050000000000000044,0.0015317169741319958,-4.422361105899326,"{""0"": 23241, ""1"": 22007, ""2"": 15117, ""3"": 15462, ""4"": 17067, ""5"": 19205}",connected
112199,336,20000,0.050000000000000044,0.0015375142499397044,-4.421396839967929,"{""0"": 23282, ""1"": 22020, ""2"": 15118, ""3"": 15475, ""4"": 17077, ""5"": 19227}",connected
112299,336,20000,0.050000000000000044,0.0015343234706961084,-4.421396839967929,"{""0"": 23315, ""1"": 22024, ""2"": 15126, ""3"": 15496, ""4"": 17097, ""5"": 19241}",connected
112399,336,20000,0.050000000000000044,0.0015121054799237753,-4.421396839967929,"{""0"": 23360, ""1"": 22030, ""2"": 15126, ""3"": 15505, ""4"": 17114, ""5"": 19264}",connected
112499,336,20000,0.050000000000000044,0.001448855896887835,-4.421396839967929,"{""0"": 23416, ""1"": 22038, ""2"": 15126, ""3"": 15520, ""4"": 17122, ""5"": 19277}",connected
112599,336,20000,0.050000000000000044,0.0012928407784784212,-4.421396839967929,"{""0"": 23486, ""1"": 22042, ""2"": 15129, ""3"": 15530, ""4"": 17126, ""5"": 19286}",connected
112699,336,20000,0.050000000000000044,0.001103983679204248,-4.421396839967929,"{""0"": 23520, ""1"": 22055, ""2"": 15136, ""3"": 15538, ""4"": 17141, ""5"": 19309}",connected
112799,336,20000,0.050000000000000044,0.0012235068369773217,-4.421396839967929,"{""0"": 23563, ""1"": 22071, ""2"": 15140, ""3"": 15564, ""4"": 17151, ""5"": 19310}",connected
112899,338,20000,0.050000000000000044,0.001188354904006701,-4.420267586354166,"{""0"": 23580, ""1"": 22102, ""2"": 15148, ""3"": 15574, ""4"": 17166, ""5"": 19329}",connected
112999,338,20000,0.050000000000000044,0.0013618600348127075,-4.420267586354166,"{""0"": 23615, ""1"": 22123, ""2"": 15157, ""3"": 15592, ""4"": 17181, ""5"": 19331}",connected
113099,338,20000,0.050000000000000044,0.0013878368645964655,-4.420267586354166,"{""0"": 23640, ""1"": 22126, ""2"": 15162, ""3"": 15619, ""4"": 17198, ""5"": 19354}",connected
113199,338,20000,0.050000000000000044,0.0014048123885004316,-4.420267586354166,"{""0"": 23692, ""1"": 22135, ""2"": 15177, ""3"": 15632, ""4"": 17202, ""5"": 19361}",connected
113299,338,20000,0.050000000000000044,0.0014480800078308675,-4.420267586354166,"{""0"": 23737, ""1"": 22152, ""2"": 15193, ""3"": 15640, ""4"": 17211, ""5"": 19366}",connected
113399,338,20000,0.050000000000000044,0.0013329621816228609,-4.420267586354166,"{""0"": 23754, ""1"": 22163, ""2"": 15249, ""3"": 15645, ""4"": 17214, ""5"": 19374}",connected
113499,338,20000,0.050000000000000044,0.0013162567211838904,-4.420267586354166,"{""0"": 23787, ""1"": 22195, ""2"": 15258, ""3"": 15657, ""4"": 17217, ""5"": 19385}",connected
113599,340,20000,0.050000000000000044,0.001250093950511655,-4.428657766543329,"{""0"": 23822, ""1"": 22208, ""2"": 15264, ""3"": 15674, ""4"": 17230, ""5"": 19401}",connected
113699,340,20000,0.050000000000000044,0.0012268896646855864,-4.428657766543329,"{""0"": 23872, ""1"": 22214, ""2"": 15270, ""3"": 15685, ""4"": 17243, ""5"": 19415}",connected
113799,340,20000,0.050000000000000044,0.0010508649591065477,-4.428657766543329,"{""0"": 23924, ""1"": 22218, ""2"": 15275, ""3"": 15691, ""4"": 17244, ""5"": 19447}",connected
113899,340,20000,0.050000000000000044,0.0010794389291550032,-4.428657766543329,"{""0"": 23981, ""1"": 22244, ""2"": 15284, ""3"": 15693, ""4"": 17248, ""5"": 19449}",connected
113999,340,20000,0.050000000000000044,0.0012205120432190596,-4.428657766543329,"{""0"": 24014, ""1"": 22251, ""2"": 15291, ""3"": 15717, ""4"": 17265, ""5"": 19461}",connected
114099,340,20000,0.050000000000000044,0.0014373982133110985,-4.428657766543329,"{""0"": 24040, ""1"": 22275, ""2"": 15315, ""3"": 15727, ""4"": 17267, ""5"": 19475}",connected
114199,340,20000,0.050000000000000044,0.0016861415671883151,-4.428657766543329,"{""0"": 24061, ""1"": 22284, ""2"": 15323, ""3"": 15744, ""4"": 17283, ""5"": 19504}",connected
114299,342,20000,0.050000000000000044,0.0019664409168763087,-4.42672702150885,"{""0"": 24112, ""1"": 22324, ""2"": 15324, ""3"": 15750, ""4"": 17285, ""5"": 19504}",connected
114399,342,20000,0.050000000000000044,0.0019268841244047508,-4.42672702150885,"{""0"": 24117, ""1"": 22324, ""2"": 15324, ""3"": 15818, ""4"": 17311, ""5"": 19505}",connected
114499,342,20000,0.050000000000000044,0.0019145529496017843,-4.42672702150885,"{""0"": 24139, ""1"": 22357, ""2"": 15344, ""3"": 15830, ""4"": 17315, ""5"": 19514}",connected
114599,342,20000,0.050000000000000044,0.001898397439508699,-4.42672702150885,"{""0"": 24179, ""1"": 22388, ""2"": 15349, ""3"": 15835, ""4"": 17326, ""5"": 19522}",connected
114699,342,20000,0.050000000000000044,0.0017403521988308057,-4.42672702150885,"{""0"": 24202, ""1"": 22407, ""2"": 15373, ""3"": 15853, ""4"": 17338, ""5"": 19526}",connected
114799,342,20000,0.050000000000000044,0.0017141932813683524,-4.42672702150885,"{""0"": 24258, ""1"": 22423, ""2"": 15383, ""3"": 15855, ""4"": 17342, ""5"": 19538}",connected
114899,342,20000,0.050000000000000044,0.0015440052273334004,-4.42672702150885,"{""0"": 24292, ""1"": 22424, ""2"": 15390, ""3"": 15884, ""4"": 17347, ""5"": 19562}",connected
114999,342,20000,0.050000000000000044,0.001436254009604454,-4.42672702150885,"{""0"": 24326, ""1"": 22436, ""2"": 15402, ""3"": 15895, ""4"": 17349, ""5"": 19591}",connected
115099,344,20000,0.050000000000000044,0.00164826297754189,-4.4214153863070536,"{""0"": 24380, ""1"": 22461, ""2"": 15407, ""3"": 15898, ""4"": 17349, ""5"": 19604}",connected
115199,344,20000,0.050000000000000044,0.0015382414552732372,-4.4214153863070536,"{""0"": 24420, ""1"": 22473, ""2"": 15411, ""3"": 15933, ""4"": 17356, ""5"": 19606}",connected
115299,344,20000,0.050000000000000044,0.0017198360325710383,-4.4214153863070536,"{""0"": 24437, ""1"": 22502, ""2"": 15424, ""3"": 15961, ""4"": 17363, ""5"": 19612}",connected
115399,344,20000,0.050000000000000044,0.0017037470966170076,-4.4214153863070536,"{""0"": 24518, ""1"": 22506, ""2"": 15424, ""3"": 15964, ""4"": 17373, ""5"": 19614}",connected
115499,344,20000,0.050000000000000044,0.0013827220445091371,-4.4214153863070536,"{""0"": 24568, ""1"": 22508, ""2"": 15428, ""3"": 15993, ""4"": 17381, ""5"": 19621}",connected
115599,344,20000,0.050000000000000044,0.0016908615552529227,-4.4214153863070536,"{""0"": 24603, ""1"": 22540, ""2"": 15438, ""3"": 16013, ""4"": 17381, ""5"": 19624}",connected
115699,344,20000,0.050000000000000044,0.0014384751093166415,-4.4214153863070536,"{""0"": 24653, ""1"": 22561, ""2"": 15451, ""3"": 16023, ""4"": 17386, ""5"": 19625}",connected
115799,346,20000,0.050000000000000044,0.0015229188204102684,-4.393252208707854,"{""0"": 24671, ""1"": 22580, ""2"": 15465, ""3"": 16057, ""4"": 17394, ""5"": 19632}",connected
115899,346,20000,0.050000000000000044,0.001610679918230744,-4.393252208707854,"{""0"": 24704, ""1"": 22580, ""2"": 15466, ""3"": 16095, ""4"": 17422, ""5"": 19632}",connected
115999,346,20000,0.050000000000000044,0.0013119188859127462,-4.393252208707854,"{""0"": 24735, ""1"": 22589, ""2"": 15474, ""3"": 16117, ""4"": 17446, ""5"": 19638}",connected
116099,346,20000,0.050000000000000044,0.001254024772933917,-4.393252208707854,"{""0"": 24765, ""1"": 22595, ""2"": 15477, ""3"": 16164, ""4"": 17459, ""5"": 19639}",connected
116199,346,20000,0.050000000000000044,0.001109492388641229,-4.393252208707854,"{""0"": 24777, ""1"": 22603, ""2"": 15486, ""3"": 16184, ""4"": 17504, ""5"": 19645}",connected
116299,346,20000,0.050000000000000044,0.0012564421542629134,-4.393252208707854,"{""0"": 24795, ""1"": 22609, ""2"": 15489, ""3"": 16203, ""4"": 17532, ""5"": 19671}",connected
116399,346,20000,0.050000000000000044,0.001484546810388565,-4.393252208707854,"{""0"": 24824, ""1"": 22612, ""2"": 15496, ""3"": 16218, ""4"": 17546, ""5"": 19703}",connected
116499,348,20000,0.050000000000000044,0.0015986957342829554,-4.391839768285863,"{""0"": 24829, ""1"": 22620, ""2"": 15496, ""3"": 16239, ""4"": 17581, ""5"": 19734}",connected
116599,348,20000,0.050000000000000044,0.001753108584380243,-4.391839768285863,"{""0"": 24841, ""1"": 22637, ""2"": 15510, ""3"": 16270, ""4"": 17600, ""5"": 19741}",connected
116699,348,20000,0.050000000000000044,0.0015740201428707224,-4.391839768285863,"{""0"": 24868, ""1"": 22659, ""2"": 15513, ""3"": 16290, ""4"": 17621, ""5"": 19748}",connected
116799,348,20000,0.050000000000000044,0.0014591179786657448,-4.391839768285863,"{""0"": 24888, ""1"": 22687, ""2"": 15523, ""3"": 16304, ""4"": 17625, ""5"": 19772}",connected
116899,348,20000,0.050000000000000044,0.0015311373358417768,-4.391839768285863,"{""0"": 24959, ""1"": 22692, ""2"": 15523, ""3"": 16327, ""4"": 17626, ""5"": 19772}",connected
116999,348,20000,0.050000000000000044,0.0015289267546904739,-4.391839768285863,"{""0"": 24975, ""1"": 22715, ""2"": 15523, ""3"": 16386, ""4"": 17626, ""5"": 19774}",connected
117099,348,20000,0.050000000000000044,0.0014721911374363118,-4.391839768285863,"{""0"": 24988, ""1"": 22726, ""2"": 15537, ""3"": 16406, ""4"": 17642, ""5"": 19800}",connected
117199,350,20000,0.050000000000000044,0.0015174250944983215,-4.3844863627851005,"{""0"": 24990, ""1"": 22776, ""2"": 15537, ""3"": 16406, ""4"": 17645, ""5"": 19845}",connected
117299,350,20000,0.050000000000000044,0.001441253021475859,-4.3844863627851005,"{""0"": 24995, ""1"": 22777, ""2"": 15542, ""3"": 16460, ""4"": 17675, ""5"": 19850}",connected
117399,350,20000,0.050000000000000044,0.0014530302394996396,-4.3844863627851005,"{""0"": 25031, ""1"": 22785, ""2"": 15551, ""3"": 16488, ""4"": 17681, ""5"": 19863}",connected
117499,350,20000,0.050000000000000044,0.0019863882107893005,-4.3844863627851005,"{""0"": 25093, ""1"": 22786, ""2"": 15552, ""3"": 16491, ""4"": 17685, ""5"": 19892}",connected
117599,350,20000,0.050000000000000044,0.002001902931369841,-4.3844863627851005,"{""0"": 25119, ""1"": 22836, ""2"": 15558, ""3"": 16497, ""4"": 17686, ""5"": 19903}",connected
117699,350,20000,0.050000000000000044,0.002288606345828157,-4.3844863627851005,"{""0"": 25144, ""1"": 22892, ""2"": 15563, ""3"": 16502, ""4"": 17694, ""5"": 19904}",connected
117799,350,20000,0.050000000000000044,0.0023051731823943555,-4.3844863627851005,"{""0"": 25180, ""1"": 22896, ""2"": 15569, ""3"": 16523, ""4"": 17710, ""5"": 19921}",connected
117899,350,20000,0.050000000000000044,0.001691999982285779,-4.3844863627851005,"{""0"": 25216, ""1"": 22923, ""2"": 15579, ""3"": 16523, ""4"": 17711, ""5"": 19947}",connected
117999,352,20000,0.050000000000000044,0.0014410516110365278,-4.373266245527193,"{""0"": 25256, ""1"": 22936, ""2"": 15580, ""3"": 16548, ""4"": 17729, ""5"": 19950}",connected
118099,352,20000,0.050000000000000044,0.0012359804291918407,-4.373266245527193,"{""0"": 25268, ""1"": 22948, ""2"": 15588, ""3"": 16566, ""4"": 17749, ""5"": 19980}",connected
118199,352,20000,0.050000000000000044,0.0011534464544092772,-4.373266245527193,"{""0"": 25281, ""1"": 22961, ""2"": 15604, ""3"": 16577, ""4"": 17753, ""5"": 20023}",connected
118299,352,20000,0.050000000000000044,0.0013986020568700042,-4.373266245527193,"{""0"": 25324, ""1"": 22975, ""2"": 15610, ""3"": 16594, ""4"": 17766, ""5"": 20030}",connected
118399,352,20000,0.050000000000000044,0.0016151214471028651,-4.373266245527193,"{""0"": 25336, ""1"": 23017, ""2"": 15615, ""3"": 16611, ""4"": 17766, ""5"": 20054}",connected
118499,352,20000,0.050000000000000044,0.0015567091837874615,-4.373266245527193,"{""0"": 25345, ""1"": 23044, ""2"": 15624, ""3"": 16636, ""4"": 17776, ""5"": 20074}",connected
118599,352,20000,0.050000000000000044,0.00151306551968446,-4.373266245527193,"{""0"": 25412, ""1"": 23066, ""2"": 15629, ""3"": 16637, ""4"": 17780, ""5"": 20075}",connected
118699,354,20000,0.050000000000000044,0.001471368907514261,-4.382149601173587,"{""0"": 25431, ""1"": 23075, ""2"": 15640, ""3"": 16682, ""4"": 17793, ""5"": 20078}",connected
118799,354,20000,0.050000000000000044,0.0013580251683015375,-4.382149601173587,"{""0"": 25441, ""1"": 23090, ""2"": 15654, ""3"": 16717, ""4"": 17810, ""5"": 20087}",connected
118899,354,20000,0.050000000000000044,0.0014375058747828006,-4.382149601173587,"{""0"": 25450, ""1"": 23116, ""2"": 15665, ""3"": 16733, ""4"": 17842, ""5"": 20093}",connected
118999,354,20000,0.050000000000000044,0.0016425662371329962,-4.382149601173587,"{""0"": 25478, ""1"": 23155, ""2"": 15670, ""3"": 16746, ""4"": 17848, ""5"": 20102}",connected
119099,354,20000,0.050000000000000044,0.0014995079782966058,-4.382149601173587,"{""0"": 25479, ""1"": 23159, ""2"": 15674, ""3"": 16795, ""4"": 17855, ""5"": 20137}",connected
119199,354,20000,0.050000000000000044,0.0014644012444477994,-4.382149601173587,"{""0"": 25484, ""1"": 23188, ""2"": 15687, ""3"": 16809, ""4"": 17865, ""5"": 20166}",connected
119299,354,20000,0.050000000000000044,0.0013130976039974485,-4.382149601173587,"{""0"": 25526, ""1"": 23211, ""2"": 15698, ""3"": 16814, ""4"": 17869, ""5"": 20181}",connected
119399,356,20000,0.050000000000000044,0.0009676705204765312,-4.38037403433118,"{""0"": 25544, ""1"": 23252, ""2"": 15709, ""3"": 16822, ""4"": 17890, ""5"": 20182}",connected
119499,356,20000,0.050000000000000044,0.0009185406303731724,-4.38037403433118,"{""0"": 25563, ""1"": 23275, ""2"": 15733, ""3"": 16838, ""4"": 17900, ""5"": 20190}",connected
119599,356,20000,0.050000000000000044,0.0007840394917002413,-4.38037403433118,"{""0"": 25578, ""1"": 23292, ""2"": 15747, ""3"": 16856, ""4"": 17929, ""5"": 20197}",connected
119699,356,20000,0.050000000000000044,0.0009631574385275598,-4.38037403433118,"{""0"": 25599, ""1"": 23315, ""2"": 15760, ""3"": 16866, ""4"": 17949, ""5"": 20210}",connected
119799,356,20000,0.050000000000000044,0.0013252021264634096,-4.38037403433118,"{""0"": 25629, ""1"": 23346, ""2"": 15769, ""3"": 16876, ""4"": 17963, ""5"": 20216}",connected
119899,356,20000,0.050000000000000044,0.0013426966493716463,-4.38037403433118,"{""0"": 25631, ""1"": 23359, ""2"": 15773, ""3"": 16890, ""4"": 18003, ""5"": 20243}",connected
119999,356,20000,0.050000000000000044,0.0014341305351990741,-4.38037403433118,"{""0"": 25644, ""1"": 23367, ""2"": 15780, ""3"": 16949, ""4"": 18016, ""5"": 20243}",connected
120099,358,20000,0.050000000000000044,0.0013878175971331075,-4.37697709267959,"{""0"": 25649, ""1"": 23378, ""2"": 15787, ""3"": 16981, ""4"": 18034, ""5"": 20270}",connected
120199,358,20000,0.050000000000000044,0.001081934694084339,-4.37697709267959,"{""0"": 25649, ""1"": 23400, ""2"": 15798, ""3"": 16992, ""4"": 18048, ""5"": 20312}",connected
120299,358,20000,0.050000000000000044,0.001115973853302421,-4.37697709267959,"{""0"": 25660, ""1"": 23406, ""2"": 15807, ""3"": 17025, ""4"": 18076, ""5"": 20325}",connected
120399,358,20000,0.050000000000000044,0.0011807721678633242,-4.37697709267959,"{""0"": 25711, ""1"": 23409, ""2"": 15815, ""3"": 17037, ""4"": 18090, ""5"": 20337}",connected
120499,358,20000,0.050000000000000044,0.0012500659706711304,-4.37697709267959,"{""0"": 25717, ""1"": 23409, ""2"": 15820, ""3"": 17056, ""4"": 18091, ""5"": 20406}",connected
120599,358,20000,0.050000000000000044,0.0013304287868959363,-4.37697709267959,"{""0"": 25729, ""1"": 23473, ""2"": 15821, ""3"": 17070, ""4"": 18098, ""5"": 20408}",connected
120699,358,20000,0.050000000000000044,0.0017558680457295849,-4.37697709267959,"{""0"": 25746, ""1"": 23485, ""2"": 15849, ""3"": 17078, ""4"": 18108, ""5"": 20433}",connected
120799,358,20000,0.050000000000000044,0.0018487978316261433,-4.37697709267959,"{""0"": 25774, ""1"": 23512, ""2"": 15871, ""3"": 17083, ""4"": 18109, ""5"": 20450}",connected
120899,360,20000,0.050000000000000044,0.0016838330798782408,-4.380012345588766,"{""0"": 25787, ""1"": 23528, ""2"": 15882, ""3"": 17088, ""4"": 18158, ""5"": 20456}",connected
120999,360,20000,0.050000000000000044,0.0019948573369765656,-4.380012345588766,"{""0"": 25799, ""1"": 23528, ""2"": 15883, ""3"": 17090, ""4"": 18231, ""5"": 20468}",connected
121099,360,20000,0.050000000000000044,0.0015993729038746097,-4.380012345588766,"{""0"": 25819, ""1"": 23538, ""2"": 15894, ""3"": 17111, ""4"": 18261, ""5"": 20476}",connected
121199,360,20000,0.050000000000000044,0.0016146062669577077,-4.380012345588766,"{""0"": 25824, ""1"": 23541, ""2"": 15896, ""3"": 17120, ""4"": 18323, ""5"": 20495}",connected
121299,360,20000,0.050000000000000044,0.0017989697199664078,-4.380012345588766,"{""0"": 25838, ""1"": 23548, ""2"": 15905, ""3"": 17135, ""4"": 18359, ""5"": 20514}",connected
121399,360,20000,0.050000000000000044,0.0014539312652777881,-4.380012345588766,"{""0"": 25851, ""1"": 23558, ""2"": 15915, ""3"": 17150, ""4"": 18375, ""5"": 20550}",connected
121499,360,20000,0.050000000000000044,0.0014024911256274209,-4.380012345588766,"{""0"": 25862, ""1"": 23564, ""2"": 15927, ""3"": 17155, ""4"": 18406, ""5"": 20585}",connected
121599,362,20000,0.050000000000000044,0.0014210993199958465,-4.38223542811349,"{""0"": 25874, ""1"": 23584, ""2"": 15946, ""3"": 17167, ""4"": 18420, ""5"": 20608}",connected
121699,362,20000,0.050000000000000044,0.0016050305624958129,-4.38223542811349,"{""0"": 25875, ""1"": 23593, ""2"": 15960, ""3"": 17206, ""4"": 18432, ""5"": 20633}",connected
121799,362,20000,0.050000000000000044,0.001908624321076786,-4.38223542811349,"{""0"": 25912, ""1"": 23617, ""2"": 15964, ""3"": 17227, ""4"": 18434, ""5"": 20645}",connected
121899,362,20000,0.050000000000000044,0.0018801882614206988,-4.38223542811349,"{""0"": 25922, ""1"": 23629, ""2"": 15987, ""3"": 17251, ""4"": 18448, ""5"": 20662}",connected
121999,362,20000,0.050000000000000044,0.001851032440463314,-4.38223542811349,"{""0"": 26003, ""1"": 23633, ""2"": 15989, ""3"": 17261, ""4"": 18448, ""5"": 20665}",connected
122099,362,20000,0.050000000000000044,0.0015645755879813805,-4.38223542811349,"{""0"": 26008, ""1"": 23650, ""2"": 16032, ""3"": 17272, ""4"": 18456, ""5"": 20681}",connected
122199,362,20000,0.050000000000000044,0.0011940024589421228,-4.38223542811349,"{""0"": 26041, ""1"": 23681, ""2"": 16064, ""3"": 17274, ""4"": 18456, ""5"": 20683}",connected
122299,364,20000,0.050000000000000044,0.001518078229855746,-4.392111195554025,"{""0"": 26058, ""1"": 23716, ""2"": 16085, ""3"": 17288, ""4"": 18465, ""5"": 20687}",connected
122399,364,20000,0.050000000000000044,0.001539615466754185,-4.392111195554025,"{""0"": 26076, ""1"": 23728, ""2"": 16100, ""3"": 17294, ""4"": 18473, ""5"": 20728}",connected
122499,364,20000,0.050000000000000044,0.0014075572061119602,-4.392111195554025,"{""0"": 26119, ""1"": 23737, ""2"": 16107, ""3"": 17301, ""4"": 18477, ""5"": 20758}",connected
122599,364,20000,0.050000000000000044,0.0015397468123410363,-4.392111195554025,"{""0"": 26147, ""1"": 23760, ""2"": 16127, ""3"": 17328, ""4"": 18478, ""5"": 20759}",connected
122699,364,20000,0.050000000000000044,0.0014500720672367606,-4.392111195554025,"{""0"": 26188, ""1"": 23771, ""2"": 16139, ""3"": 17330, ""4"": 18510, ""5"": 20761}",connected
122799,364,20000,0.050000000000000044,0.0012419213162502274,-4.392111195554025,"{""0"": 26197, ""1"": 23804, ""2"": 16153, ""3"": 17338, ""4"": 18544, ""5"": 20763}",connected
122899,364,20000,0.050000000000000044,0.0012557146747712977,-4.392111195554025,"{""0"": 26219, ""1"": 23815, ""2"": 16154, ""3"": 17340, ""4"": 18601, ""5"": 20770}",connected
122999,366,20000,0.050000000000000044,0.0011279719723097513,-4.3982843134971334,"{""0"": 26241, ""1"": 23843, ""2"": 16174, ""3"": 17358, ""4"": 18611, ""5"": 20772}",connected
123099,366,20000,0.050000000000000044,0.0009299770042707678,-4.3982843134971334,"{""0"": 26268, ""1"": 23857, ""2"": 16189, ""3"": 17377, ""4"": 18636, ""5"": 20772}",connected
123199,366,20000,0.050000000000000044,0.0010414801568549592,-4.3982843134971334,"{""0"": 26302, ""1"": 23884, ""2"": 16212, ""3"": 17381, ""4"": 18641, ""5"": 20779}",connected
123299,366,20000,0.050000000000000044,0.001188555883272784,-4.3982843134971334,"{""0"": 26330, ""1"": 23897, ""2"": 16226, ""3"": 17415, ""4"": 18651, ""5"": 20780}",connected
123399,366,20000,0.050000000000000044,0.0012668187823146582,-4.3982843134971334,"{""0"": 26380, ""1"": 23920, ""2"": 16251, ""3"": 17415, ""4"": 18651, ""5"": 20782}",connected
123499,366,20000,0.050000000000000044,0.0012007561599602923,-4.3982843134971334,"{""0"": 26418, ""1"": 23932, ""2"": 16263, ""3"": 17432, ""4"": 18669, ""5"": 20785}",connected
123599,366,20000,0.050000000000000044,0.001074341341445688,-4.3982843134971334,"{""0"": 26452, ""1"": 23951, ""2"": 16263, ""3"": 17441, ""4"": 18678, ""5"": 20814}",connected
123699,366,20000,0.050000000000000044,0.0008530560348299332,-4.3982843134971334,"{""0"": 26471, ""1"": 23978, ""2"": 16283, ""3"": 17456, ""4"": 18678, ""5"": 20833}",connected
123799,368,20000,0.050000000000000044,0.0008361076388973742,-4.344462332651019,"{""0"": 26497, ""1"": 23998, ""2"": 16298, ""3"": 17484, ""4"": 18689, ""5"": 20833}",connected
123899,368,20000,0.050000000000000044,0.0010596340148185846,-4.344462332651019,"{""0"": 26510, ""1"": 24021, ""2"": 16317, ""3"": 17507, ""4"": 18703, ""5"": 20841}",connected
123999,368,20000,0.050000000000000044,0.0012612805022217798,-4.344462332651019,"{""0"": 26528, ""1"": 24038, ""2"": 16337, ""3"": 17541, ""4"": 18712, ""5"": 20843}",connected
124099,368,20000,0.050000000000000044,0.0015367980809241999,-4.344462332651019,"{""0"": 26537, ""1"": 24052, ""2"": 16350, ""3"": 17564, ""4"": 18743, ""5"": 20853}",connected
124199,368,20000,0.050000000000000044,0.0015211769151210319,-4.344462332651019,"{""0"": 26565, ""1"": 24053, ""2"": 16355, ""3"": 17616, ""4"": 18752, ""5"": 20858}",connected
124299,368,20000,0.050000000000000044,0.001368643857713323,-4.344462332651019,"{""0"": 26599, ""1"": 24056, ""2"": 16367, ""3"": 17625, ""4"": 18783, ""5"": 20869}",connected
124399,368,20000,0.050000000000000044,0.0011831800898653455,-4.344462332651019,"{""0"": 26638, ""1"": 24058, ""2"": 16375, ""3"": 17649, ""4"": 18803, ""5"": 20876}",connected
124499,370,20000,0.050000000000000044,0.0009574387843895238,-4.341986597506329,"{""0"": 26652, ""1"": 24073, ""2"": 16395, ""3"": 17682, ""4"": 18809, ""5"": 20888}",connected
124599,370,20000,0.050000000000000044,0.0010116828225727658,-4.341986597506329,"{""0"": 26672, ""1"": 24099, ""2"": 16419, ""3"": 17704, ""4"": 18817, ""5"": 20888}",connected
124699,370,20000,0.050000000000000044,0.0009567843355762307,-4.341986597506329,"{""0"": 26711, ""1"": 24122, ""2"": 16442, ""3"": 17716, ""4"": 18818, ""5"": 20890}",connected
124799,370,20000,0.050000000000000044,0.000982742295745993,-4.341986597506329,"{""0"": 26752, ""1"": 24130, ""2"": 16450, ""3"": 17754, ""4"": 18823, ""5"": 20890}",connected
124899,370,20000,0.050000000000000044,0.0010977944693877362,-4.341986597506329,"{""0"": 26764, ""1"": 24159, ""2"": 16475, ""3"": 17775, ""4"": 18835, ""5"": 20891}",connected
124999,370,20000,0.050000000000000044,0.0013523100322345271,-4.341986597506329,"{""0"": 26791, ""1"": 24172, ""2"": 16492, ""3"": 17786, ""4"": 18845, ""5"": 20913}",connected
125099,370,20000,0.050000000000000044,0.0015310751103970689,-4.341986597506329,"{""0"": 26830, ""1"": 24195, ""2"": 16515, ""3"": 17788, ""4"": 18845, ""5"": 20926}",connected
125199,372,20000,0.050000000000000044,0.0015257266139087732,-4.305845095473342,"{""0"": 26858, ""1"": 24219, ""2"": 16544, ""3"": 17807, ""4"": 18845, ""5"": 20926}",connected
125299,372,20000,0.050000000000000044,0.0014192884316435084,-4.305845095473342,"{""0"": 26903, ""1"": 24241, ""2"": 16563, ""3"": 17811, ""4"": 18848, ""5"": 20933}",connected
125399,372,20000,0.050000000000000044,0.00125268156916718,-4.305845095473342,"{""0"": 26924, ""1"": 24252, ""2"": 16577, ""3"": 17837, ""4"": 18860, ""5"": 20949}",connected
125499,372,20000,0.050000000000000044,0.0011369552501128055,-4.305845095473342,"{""0"": 26963, ""1"": 24270, ""2"": 16592, ""3"": 17844, ""4"": 18865, ""5"": 20965}",connected
125599,372,20000,0.050000000000000044,0.001382672069594264,-4.305845095473342,"{""0"": 26991, ""1"": 24279, ""2"": 16602, ""3"": 17854, ""4"": 18872, ""5"": 21001}",connected
125699,372,20000,0.050000000000000044,0.0015562240958388429,-4.305845095473342,"{""0"": 27022, ""1"": 24287, ""2"": 16608, ""3"": 17864, ""4"": 18887, ""5"": 21031}",connected
125799,372,20000,0.050000000000000044,0.0014119953400222585,-4.305845095473342,"{""0"": 27051, ""1"": 24297, ""2"": 16613, ""3"": 17902, ""4"": 18892, ""5"": 21044}",connected
125899,374,20000,0.050000000000000044,0.0015786035417113453,-4.314796020635404,"{""0"": 27072, ""1"": 24322, ""2"": 16647, ""3"": 17922, ""4"": 18892, ""5"": 21044}",connected
125999,374,20000,0.050000000000000044,0.0016264669600059279,-4.314796020635404,"{""0"": 27098, ""1"": 24349, ""2"": 16667, ""3"": 17944, ""4"": 18892, ""5"": 21049}",connected
126099,374,20000,0.050000000000000044,0.0016105970289208927,-4.314796020635404,"{""0"": 27120, ""1"": 24367, ""2"": 16685, ""3"": 17956, ""4"": 18917, ""5"": 21054}",connected
126199,374,20000,0.050000000000000044,0.0016821359118330292,-4.314796020635404,"{""0"": 27124, ""1"": 24374, ""2"": 16692, ""3"": 17991, ""4"": 18956, ""5"": 21062}",connected
126299,374,20000,0.050000000000000044,0.0015273870676173829,-4.314796020635404,"{""0"": 27145, ""1"": 24392, ""2"": 16712, ""3"": 17999, ""4"": 18970, ""5"": 21081}",connected
126399,374,20000,0.050000000000000044,0.001127514106046874,-4.314796020635404,"{""0"": 27173, ""1"": 24410, ""2"": 16734, ""3"": 18002, ""4"": 18984, ""5"": 21096}",connected
126499,374,20000,0.050000000000000044,0.000929990043368889,-4.314796020635404,"{""0"": 27192, ""1"": 24428, ""2"": 16752, ""3"": 18014, ""4"": 19005, ""5"": 21108}",connected
126599,374,20000,0.050000000000000044,0.000797307207249105,-4.314796020635404,"{""0"": 27224, ""1"": 24442, ""2"": 16765, ""3"": 18029, ""4"": 19020, ""5"": 21119}",connected
126699,376,20000,0.050000000000000044,0.0007207212803768925,-4.307521610874683,"{""0"": 27247, ""1"": 24452, ""2"": 16772, ""3"": 18084, ""4"": 19020, ""5"": 21124}",connected
126799,376,20000,0.050000000000000044,0.001150224141019862,-4.307521610874683,"{""0"": 27265, ""1"": 24480, ""2"": 16802, ""3"": 18103, ""4"": 19024, ""5"": 21125}",connected
126899,376,20000,0.050000000000000044,0.0011692554670298704,-4.307521610874683,"{""0"": 27296, ""1"": 24500, ""2"": 16823, ""3"": 18121, ""4"": 19033, ""5"": 21126}",connected
126999,376,20000,0.050000000000000044,0.0015392860792780994,-4.307521610874683,"{""0"": 27308, ""1"": 24538, ""2"": 16855, ""3"": 18127, ""4"": 19039, ""5"": 21132}",connected
127099,376,20000,0.050000000000000044,0.0017352531558572082,-4.307521610874683,"{""0"": 27341, ""1"": 24550, ""2"": 16870, ""3"": 18130, ""4"": 19050, ""5"": 21158}",connected
127199,376,20000,0.050000000000000044,0.0014841964488005032,-4.307521610874683,"{""0"": 27352, ""1"": 24583, ""2"": 16898, ""3"": 18142, ""4"": 19055, ""5"": 21169}",connected
127299,376,20000,0.050000000000000044,0.001577328681887593,-4.307521610874683,"{""0"": 27381, ""1"": 24608, ""2"": 16919, ""3"": 18149, ""4"": 19061, ""5"": 21181}",connected
127399,378,20000,0.050000000000000044,0.0012276225996902214,-4.307823832472787,"{""0"": 27392, ""1"": 24633, ""2"": 16939, ""3"": 18167, ""4"": 19074, ""5"": 21194}",connected
127499,378,20000,0.050000000000000044,0.0010978184742270968,-4.307823832472787,"{""0"": 27424, ""1"": 24661, ""2"": 16962, ""3"": 18174, ""4"": 19075, ""5"": 21203}",connected
127599,378,20000,0.050000000000000044,0.0011960957589326427,-4.307823832472787,"{""0"": 27438, ""1"": 24673, ""2"": 16969, ""3"": 18219, ""4"": 19093, ""5"": 21207}",connected
127699,378,20000,0.050000000000000044,0.001122246607847046,-4.307823832472787,"{""0"": 27470, ""1"": 24689, ""2"": 16985, ""3"": 18244, ""4"": 19104, ""5"": 21207}",connected
127799,378,20000,0.050000000000000044,0.0011066926243074704,-4.307823832472787,"{""0"": 27497, ""1"": 24712, ""2"": 17009, ""3"": 18251, ""4"": 19110, ""5"": 21220}",connected
127899,378,20000,0.050000000000000044,0.0011433561267040204,-4.307823832472787,"{""0"": 27524, ""1"": 24739, ""2"": 17033, ""3"": 18251, ""4"": 19110, ""5"": 21242}",connected
127999,378,20000,0.050000000000000044,0.0011805237448425032,-4.307823832472787,"{""0"": 27548, ""1"": 24747, ""2"": 17037, ""3"": 18254, ""4"": 19131, ""5"": 21282}",connected
128099,380,20000,0.050000000000000044,0.0014473971142433583,-4.289155558161437,"{""0"": 27554, ""1"": 24760, ""2"": 17054, ""3"": 18282, ""4"": 19143, ""5"": 21306}",connected
128199,380,20000,0.050000000000000044,0.00150852260470856,-4.289155558161437,"{""0"": 27579, ""1"": 24774, ""2"": 17065, ""3"": 18318, ""4"": 19155, ""5"": 21308}",connected
128299,380,20000,0.050000000000000044,0.0014954121584014502,-4.289155558161437,"{""0"": 27606, ""1"": 24796, ""2"": 17089, ""3"": 18322, ""4"": 19173, ""5"": 21313}",connected
128399,380,20000,0.050000000000000044,0.001230954853235744,-4.289155558161437,"{""0"": 27628, ""1"": 24826, ""2"": 17113, ""3"": 18335, ""4"": 19178, ""5"": 21319}",connected
128499,380,20000,0.050000000000000044,0.0009814175919746048,-4.289155558161437,"{""0"": 27654, ""1"": 24834, ""2"": 17122, ""3"": 18389, ""4"": 19179, ""5"": 21321}",connected
128599,380,20000,0.050000000000000044,0.001192253472545417,-4.289155558161437,"{""0"": 27670, ""1"": 24868, ""2"": 17149, ""3"": 18398, ""4"": 19188, ""5"": 21326}",connected
128699,380,20000,0.050000000000000044,0.001224304338975344,-4.289155558161437,"{""0"": 27709, ""1"": 24871, ""2"": 17155, ""3"": 18398, ""4"": 19205, ""5"": 21361}",connected
128799,382,20000,0.050000000000000044,0.001447705983009655,-4.281139300530777,"{""0"": 27749, ""1"": 24875, ""2"": 17160, ""3"": 18409, ""4"": 19205, ""5"": 21401}",connected
128899,382,20000,0.050000000000000044,0.001444502993253991,-4.281139300530777,"{""0"": 27762, ""1"": 24901, ""2"": 17184, ""3"": 18417, ""4"": 19217, ""5"": 21418}",connected
128999,382,20000,0.050000000000000044,0.0011231671762652695,-4.281139300530777,"{""0"": 27805, ""1"": 24909, ""2"": 17192, ""3"": 18421, ""4"": 19219, ""5"": 21453}",connected
129099,382,20000,0.050000000000000044,0.0010924624900508207,-4.281139300530777,"{""0"": 27836, ""1"": 24933, ""2"": 17201, ""3"": 18436, ""4"": 19240, ""5"": 21453}",connected
129199,382,20000,0.050000000000000044,0.0010671924373309594,-4.281139300530777,"{""0"": 27875, ""1"": 24946, ""2"": 17211, ""3"": 18461, ""4"": 19253, ""5"": 21453}",connected
129299,382,20000,0.050000000000000044,0.0010154063679510728,-4.281139300530777,"{""0"": 27899, ""1"": 24968, ""2"": 17224, ""3"": 18485, ""4"": 19267, ""5"": 21456}",connected
129399,382,20000,0.050000000000000044,0.001263510882126866,-4.281139300530777,"{""0"": 27948, ""1"": 24983, ""2"": 17246, ""3"": 18494, ""4"": 19269, ""5"": 21459}",connected
129499,384,20000,0.050000000000000044,0.0014255421081907115,-4.285375710129738,"{""0"": 27963, ""1"": 25015, ""2"": 17266, ""3"": 18505, ""4"": 19278, ""5"": 21472}",connected
129599,384,20000,0.050000000000000044,0.0016119015676667914,-4.285375710129738,"{""0"": 27984, ""1"": 25039, ""2"": 17293, ""3"": 18532, ""4"": 19279, ""5"": 21472}",connected
129699,384,20000,0.050000000000000044,0.0019315857776382472,-4.285375710129738,"{""0"": 27992, ""1"": 25081, ""2"": 17331, ""3"": 18544, ""4"": 19279, ""5"": 21472}",connected
129799,384,20000,0.050000000000000044,0.002027374185563531,-4.285375710129738,"{""0"": 28002, ""1"": 25106, ""2"": 17361, ""3"": 18573, ""4"": 19284, ""5"": 21473}",connected
129899,384,20000,0.050000000000000044,0.0019428959698416294,-4.285375710129738,"{""0"": 28004, ""1"": 25143, ""2"": 17396, ""3"": 18578, ""4"": 19297, ""5"": 21481}",connected
129999,384,20000,0.050000000000000044,0.0017939715244574472,-4.285375710129738,"{""0"": 28011, ""1"": 25180, ""2"": 17433, ""3"": 18592, ""4"": 19297, ""5"": 21486}",connected
130099,384,20000,0.050000000000000044,0.001772467381088063,-4.285375710129738,"{""0"": 28025, ""1"": 25213, ""2"": 17468, ""3"": 18594, ""4"": 19300, ""5"": 21499}",connected
130199,384,20000,0.050000000000000044,0.0015129068243550136,-4.285375710129738,"{""0"": 28035, ""1"": 25242, ""2"": 17496, ""3"": 18611, ""4"": 19304, ""5"": 21511}",connected
130299,386,20000,0.050000000000000044,0.0015904061040782835,-4.281861351267435,"{""0"": 28045, ""1"": 25266, ""2"": 17521, ""3"": 18640, ""4"": 19311, ""5"": 21516}",connected
130399,386,20000,0.050000000000000044,0.0013387454932671972,-4.281861351267435,"{""0"": 28063, ""1"": 25296, ""2"": 17544, ""3"": 18641, ""4"": 19328, ""5"": 21527}",connected
130499,386,20000,0.050000000000000044,0.0010652714149910025,-4.281861351267435,"{""0"": 28118, ""1"": 25303, ""2"": 17552, ""3"": 18652, ""4"": 19347, ""5"": 21527}",connected
130599,386,20000,0.050000000000000044,0.0011379127218970097,-4.281861351267435,"{""0"": 28127, ""1"": 25341, ""2"": 17593, ""3"": 18661, ""4"": 19349, ""5"": 21528}",connected
130699,386,20000,0.050000000000000044,0.0010118159087141975,-4.281861351267435,"{""0"": 28160, ""1"": 25359, ""2"": 17612, ""3"": 18688, ""4"": 19350, ""5"": 21530}",connected
130799,386,20000,0.050000000000000044,0.0011074789619306103,-4.281861351267435,"{""0"": 28180, ""1"": 25371, ""2"": 17627, ""3"": 18696, ""4"": 19385, ""5"": 21540}",connected
130899,386,20000,0.050000000000000044,0.0011377792578423395,-4.281861351267435,"{""0"": 28210, ""1"": 25394, ""2"": 17653, ""3"": 18714, ""4"": 19387, ""5"": 21541}",connected
130999,388,20000,0.050000000000000044,0.0011140781207359396,-4.279609337761067,"{""0"": 28222, ""1"": 25421, ""2"": 17668, ""3"": 18738, ""4"": 19400, ""5"": 21550}",connected
131099,388,20000,0.050000000000000044,0.001109153804864036,-4.279609337761067,"{""0"": 28228, ""1"": 25441, ""2"": 17686, ""3"": 18793, ""4"": 19400, ""5"": 21551}",connected
131199,388,20000,0.050000000000000044,0.001032363715057727,-4.279609337761067,"{""0"": 28247, ""1"": 25471, ""2"": 17722, ""3"": 18805, ""4"": 19401, ""5"": 21553}",connected
131299,388,20000,0.050000000000000044,0.0011579158397216815,-4.279609337761067,"{""0"": 28255, ""1"": 25507, ""2"": 17757, ""3"": 18817, ""4"": 19402, ""5"": 21561}",connected
131399,388,20000,0.050000000000000044,0.0014450267802749294,-4.279609337761067,"{""0"": 28269, ""1"": 25529, ""2"": 17776, ""3"": 18844, ""4"": 19404, ""5"": 21577}",connected
131499,388,20000,0.050000000000000044,0.0018826132644608152,-4.279609337761067,"{""0"": 28278, ""1"": 25566, ""2"": 17817, ""3"": 18852, ""4"": 19404, ""5"": 21582}",connected
131599,388,20000,0.050000000000000044,0.0020268594576918985,-4.279609337761067,"{""0"": 28288, ""1"": 25604, ""2"": 17853, ""3"": 18861, ""4"": 19408, ""5"": 21585}",connected
131699,390,20000,0.050000000000000044,0.0021557589201256634,-4.282077306960709,"{""0"": 28294, ""1"": 25633, ""2"": 17888, ""3"": 18882, ""4"": 19410, ""5"": 21592}",connected
131799,390,20000,0.050000000000000044,0.001880105275195092,-4.282077306960709,"{""0"": 28300, ""1"": 25666, ""2"": 17915, ""3"": 18915, ""4"": 19410, ""5"": 21593}",connected
131899,390,20000,0.050000000000000044,0.0013601460662903263,-4.282077306960709,"{""0"": 28301, ""1"": 25692, ""2"": 17947, ""3"": 18952, ""4"": 19410, ""5"": 21597}",connected
131999,390,20000,0.050000000000000044,0.001325800831837114,-4.282077306960709,"{""0"": 28321, ""1"": 25725, ""2"": 17980, ""3"": 18963, ""4"": 19411, ""5"": 21599}",connected
132099,390,20000,0.050000000000000044,0.0010473998257657512,-4.282077306960709,"{""0"": 28336, ""1"": 25745, ""2"": 18001, ""3"": 18984, ""4"": 19424, ""5"": 21609}",connected
132199,390,20000,0.050000000000000044,0.0010787986508512405,-4.282077306960709,"{""0"": 28376, ""1"": 25761, ""2"": 18014, ""3"": 19000, ""4"": 19424, ""5"": 21624}",connected
132299,390,20000,0.050000000000000044,0.0011320872946816963,-4.282077306960709,"{""0"": 28418, ""1"": 25771, ""2"": 18025, ""3"": 19022, ""4"": 19426, ""5"": 21637}",connected
132399,392,20000,0.050000000000000044,0.00136456946915132,-4.268436550004408,"{""0"": 28430, ""1"": 25803, ""2"": 18060, ""3"": 19028, ""4"": 19430, ""5"": 21648}",connected
132499,392,20000,0.050000000000000044,0.0014181959010602441,-4.268436550004408,"{""0"": 28459, ""1"": 25825, ""2"": 18074, ""3"": 19036, ""4"": 19438, ""5"": 21667}",connected
132599,392,20000,0.050000000000000044,0.00141449600138003,-4.268436550004408,"{""0"": 28493, ""1"": 25846, ""2"": 18101, ""3"": 19037, ""4"": 19439, ""5"": 21683}",connected
132699,392,20000,0.050000000000000044,0.0017353715852368623,-4.268436550004408,"{""0"": 28502, ""1"": 25881, ""2"": 18133, ""3"": 19043, ""4"": 19450, ""5"": 21690}",connected
132799,392,20000,0.050000000000000044,0.0014237715725903398,-4.268436550004408,"{""0"": 28509, ""1"": 25907, ""2"": 18159, ""3"": 19045, ""4"": 19479, ""5"": 21700}",connected
132899,392,20000,0.050000000000000044,0.0014920274069299922,-4.268436550004408,"{""0"": 28545, ""1"": 25927, ""2"": 18173, ""3"": 19058, ""4"": 19486, ""5"": 21710}",connected
132999,392,20000,0.050000000000000044,0.0016431889636442066,-4.268436550004408,"{""0"": 28593, ""1"": 25937, ""2"": 18185, ""3"": 19069, ""4"": 19496, ""5"": 21719}",connected
133099,392,20000,0.050000000000000044,0.0014800924726296215,-4.268436550004408,"{""0"": 28656, ""1"": 25952, ""2"": 18195, ""3"": 19074, ""4"": 19499, ""5"": 21723}",connected
133199,394,20000,0.050000000000000044,0.0015871338087890762,-4.269155329247005,"{""0"": 28660, ""1"": 25961, ""2"": 18207, ""3"": 19118, ""4"": 19499, ""5"": 21754}",connected
133299,394,20000,0.050000000000000044,0.0014407916956406552,-4.269155329247005,"{""0"": 28697, ""1"": 25966, ""2"": 18215, ""3"": 19149, ""4"": 19499, ""5"": 21773}",connected
133399,394,20000,0.050000000000000044,0.001174291288043605,-4.269155329247005,"{""0"": 28741, ""1"": 25969, ""2"": 18219, ""3"": 19156, ""4"": 19499, ""5"": 21815}",connected
133499,394,20000,0.050000000000000044,0.0009805470397986937,-4.269155329247005,"{""0"": 28829, ""1"": 25969, ""2"": 18221, ""3"": 19158, ""4"": 19502, ""5"": 21820}",connected
133599,394,20000,0.050000000000000044,0.0009468139379168861,-4.269155329247005,"{""0"": 28927, ""1"": 25969, ""2"": 18223, ""3"": 19158, ""4"": 19502, ""5"": 21820}",connected
133699,394,20000,0.050000000000000044,0.0011551682071876711,-4.269155329247005,"{""0"": 29025, ""1"": 25971, ""2"": 18223, ""3"": 19158, ""4"": 19502, ""5"": 21820}",connected
133799,394,20000,0.050000000000000044,0.0012375375145347789,-4.269155329247005,"{""0"": 29061, ""1"": 25983, ""2"": 18235, ""3"": 19176, ""4"": 19502, ""5"": 21842}",connected
133899,396,20000,0.050000000000000044,0.001388014071271755,-4.266845331890509,"{""0"": 29067, ""1"": 26011, ""2"": 18257, ""3"": 19209, ""4"": 19502, ""5"": 21853}",connected
133999,396,20000,0.050000000000000044,0.0013841909953043797,-4.266845331890509,"{""0"": 29087, ""1"": 26034, ""2"": 18274, ""3"": 19233, ""4"": 19503, ""5"": 21868}",connected
134099,396,20000,0.050000000000000044,0.0013345043481967878,-4.266845331890509,"{""0"": 29094, ""1"": 26071, ""2"": 18318, ""3"": 19237, ""4"": 19503, ""5"": 21876}",connected
134199,396,20000,0.050000000000000044,0.0014118222710385452,-4.266845331890509,"{""0"": 29173, ""1"": 26079, ""2"": 18325, ""3"": 19237, ""4"": 19505, ""5"": 21880}",connected
134299,396,20000,0.050000000000000044,0.0014318116591311991,-4.266845331890509,"{""0"": 29206, ""1"": 26090, ""2"": 18336, ""3"": 19269, ""4"": 19505, ""5"": 21893}",connected
134399,396,20000,0.050000000000000044,0.0014082457002950832,-4.266845331890509,"{""0"": 29220, ""1"": 26114, ""2"": 18361, ""3"": 19285, ""4"": 19513, ""5"": 21906}",connected
134499,396,20000,0.050000000000000044,0.0014534160032053478,-4.266845331890509,"{""0"": 29254, ""1"": 26125, ""2"": 18375, ""3"": 19317, ""4"": 19516, ""5"": 21912}",connected
134599,398,20000,0.050000000000000044,0.001691472799575422,-4.258651196500287,"{""0"": 29273, ""1"": 26150, ""2"": 18403, ""3"": 19330, ""4"": 19521, ""5"": 21922}",connected
134699,398,20000,0.050000000000000044,0.0014675422802974936,-4.258651196500287,"{""0"": 29279, ""1"": 26162, ""2"": 18412, ""3"": 19381, ""4"": 19529, ""5"": 21936}",connected
134799,398,20000,0.050000000000000044,0.0016032946812629234,-4.258651196500287,"{""0"": 29286, ""1"": 26195, ""2"": 18441, ""3"": 19406, ""4"": 19531, ""5"": 21940}",connected
134899,398,20000,0.050000000000000044,0.0015009379772527609,-4.258651196500287,"{""0"": 29309, ""1"": 26221, ""2"": 18476, ""3"": 19417, ""4"": 19531, ""5"": 21945}",connected
134999,398,20000,0.050000000000000044,0.001202225593588082,-4.258651196500287,"{""0"": 29324, ""1"": 26233, ""2"": 18492, ""3"": 19440, ""4"": 19532, ""5"": 21978}",connected
135099,398,20000,0.050000000000000044,0.0013202603110403289,-4.258651196500287,"{""0"": 29333, ""1"": 26240, ""2"": 18496, ""3"": 19518, ""4"": 19532, ""5"": 21980}",connected
135199,398,20000,0.050000000000000044,0.0012845161299628672,-4.258651196500287,"{""0"": 29352, ""1"": 26251, ""2"": 18510, ""3"": 19567, ""4"": 19532, ""5"": 21987}",connected
135299,399,20000,0.050000000000000044,0.0013606133892608342,-4.2609196725022045,"{""0"": 29367, ""1"": 26280, ""2"": 18536, ""3"": 19577, ""4"": 19534, ""5"": 22005}",connected
135399,400,20000,0.050000000000000044,0.0014553768474434036,-4.261008887486533,"{""0"": 29399, ""1"": 26284, ""2"": 18545, ""3"": 19617, ""4"": 19534, ""5"": 22020}",connected
135499,400,20000,0.050000000000000044,0.0014913124982558657,-4.261008887486533,"{""0"": 29401, ""1"": 26316, ""2"": 18580, ""3"": 19635, ""4"": 19536, ""5"": 22031}",connected
135599,400,20000,0.050000000000000044,0.001746077124698786,-4.261008887486533,"{""0"": 29425, ""1"": 26334, ""2"": 18600, ""3"": 19652, ""4"": 19538, ""5"": 22050}",connected
135699,400,20000,0.050000000000000044,0.0015199380116246175,-4.261008887486533,"{""0"": 29432, ""1"": 26358, ""2"": 18625, ""3"": 19666, ""4"": 19541, ""5"": 22077}",connected
135799,400,20000,0.050000000000000044,0.0013503053794556763,-4.261008887486533,"{""0"": 29460, ""1"": 26379, ""2"": 18650, ""3"": 19679, ""4"": 19543, ""5"": 22088}",connected
135899,400,20000,0.050000000000000044,0.0013261539362429174,-4.261008887486533,"{""0"": 29489, ""1"": 26385, ""2"": 18655, ""3"": 19704, ""4"": 19545, ""5"": 22121}",connected
135999,400,20000,0.050000000000000044,0.0009502638089179527,-4.261008887486533,"{""0"": 29501, ""1"": 26412, ""2"": 18685, ""3"": 19731, ""4"": 19545, ""5"": 22125}",connected
136099,402,20000,0.050000000000000044,0.0012160990180564114,-4.257655736487359,"{""0"": 29533, ""1"": 26420, ""2"": 18698, ""3"": 19770, ""4"": 19545, ""5"": 22133}",connected
136199,402,20000,0.050000000000000044,0.0014862816587265116,-4.257655736487359,"{""0"": 29547, ""1"": 26429, ""2"": 18713, ""3"": 19819, ""4"": 19547, ""5"": 22144}",connected
136299,402,20000,0.050000000000000044,0.0017308127747674006,-4.257655736487359,"{""0"": 29567, ""1"": 26447, ""2"": 18728, ""3"": 19860, ""4"": 19550, ""5"": 22147}",connected
136399,402,20000,0.050000000000000044,0.0018598887675034348,-4.257655736487359,"{""0"": 29579, ""1"": 26463, ""2"": 18743, ""3"": 19875, ""4"": 19550, ""5"": 22189}",connected
136499,402,20000,0.050000000000000044,0.0016448652834515087,-4.257655736487359,"{""0"": 29599, ""1"": 26485, ""2"": 18771, ""3"": 19881, ""4"": 19550, ""5"": 22213}",connected
136599,402,20000,0.050000000000000044,0.001475525832938729,-4.257655736487359,"{""0"": 29622, ""1"": 26492, ""2"": 18787, ""3"": 19926, ""4"": 19550, ""5"": 22222}",connected
136699,402,20000,0.050000000000000044,0.0013880471912852954,-4.257655736487359,"{""0"": 29636, ""1"": 26512, ""2"": 18804, ""3"": 19959, ""4"": 19550, ""5"": 22238}",connected
136799,404,20000,0.050000000000000044,0.0015115521462575998,-4.247697693463415,"{""0"": 29667, ""1"": 26526, ""2"": 18821, ""3"": 19972, ""4"": 19551, ""5"": 22262}",connected
136899,404,20000,0.050000000000000044,0.0015346956279245205,-4.247697693463415,"{""0"": 29678, ""1"": 26531, ""2"": 18830, ""3"": 20022, ""4"": 19552, ""5"": 22286}",connected
136999,404,20000,0.050000000000000044,0.001396264296490699,-4.247697693463415,"{""0"": 29699, ""1"": 26540, ""2"": 18843, ""3"": 20057, ""4"": 19552, ""5"": 22308}",connected
137099,404,20000,0.050000000000000044,0.0013419684098334983,-4.247697693463415,"{""0"": 29707, ""1"": 26576, ""2"": 18880, ""3"": 20069, ""4"": 19553, ""5"": 22314}",connected
137199,404,20000,0.050000000000000044,0.0010614516549685505,-4.247697693463415,"{""0"": 29723, ""1"": 26594, ""2"": 18901, ""3"": 20096, ""4"": 19559, ""5"": 22326}",connected
137299,404,20000,0.050000000000000044,0.0013117303590115625,-4.247697693463415,"{""0"": 29737, ""1"": 26613, ""2"": 18921, ""3"": 20132, ""4"": 19559, ""5"": 22337}",connected
137399,404,20000,0.050000000000000044,0.0016485828427539673,-4.247697693463415,"{""0"": 29742, ""1"": 26632, ""2"": 18939, ""3"": 20175, ""4"": 19570, ""5"": 22341}",connected
137499,406,20000,0.050000000000000044,0.0015158654782862868,-4.247476856191643,"{""0"": 29756, ""1"": 26660, ""2"": 18965, ""3"": 20194, ""4"": 19580, ""5"": 22344}",connected
137599,406,20000,0.050000000000000044,0.0017863887990824878,-4.247476856191643,"{""0"": 29788, ""1"": 26675, ""2"": 18982, ""3"": 20218, ""4"": 19585, ""5"": 22351}",connected
137699,406,20000,0.050000000000000044,0.0017058890782936942,-4.247476856191643,"{""0"": 29799, ""1"": 26706, ""2"": 19018, ""3"": 20226, ""4"": 19585, ""5"": 22365}",connected
137799,406,20000,0.050000000000000044,0.0014760655448480976,-4.247476856191643,"{""0"": 29809, ""1"": 26726, ""2"": 19047, ""3"": 20242, ""4"": 19589, ""5"": 22386}",connected
137899,406,20000,0.050000000000000044,0.0014148161899356637,-4.247476856191643,"{""0"": 29842, ""1"": 26729, ""2"": 19085, ""3"": 20255, ""4"": 19601, ""5"": 22387}",connected
137999,406,20000,0.050000000000000044,0.0012829291095840744,-4.247476856191643,"{""0"": 29846, ""1"": 26733, ""2"": 19097, ""3"": 20300, ""4"": 19620, ""5"": 22403}",connected
138099,406,20000,0.050000000000000044,0.0015542585379444062,-4.247476856191643,"{""0"": 29862, ""1"": 26744, ""2"": 19112, ""3"": 20321, ""4"": 19642, ""5"": 22418}",connected
138199,408,20000,0.050000000000000044,0.0013897254967014305,-4.253524072328583,"{""0"": 29868, ""1"": 26751, ""2"": 19144, ""3"": 20338, ""4"": 19654, ""5"": 22444}",connected
138299,408,20000,0.050000000000000044,0.0015234351002436598,-4.253524072328583,"{""0"": 29907, ""1"": 26759, ""2"": 19150, ""3"": 20363, ""4"": 19670, ""5"": 22450}",connected
138399,408,20000,0.050000000000000044,0.0015135717511293478,-4.253524072328583,"{""0"": 29944, ""1"": 26772, ""2"": 19163, ""3"": 20379, ""4"": 19681, ""5"": 22460}",connected
138499,408,20000,0.050000000000000044,0.0011195652700553183,-4.253524072328583,"{""0"": 29986, ""1"": 26774, ""2"": 19166, ""3"": 20388, ""4"": 19696, ""5"": 22489}",connected
138599,408,20000,0.050000000000000044,0.001313323354406748,-4.253524072328583,"{""0"": 30016, ""1"": 26788, ""2"": 19178, ""3"": 20411, ""4"": 19701, ""5"": 22505}",connected
138699,408,20000,0.050000000000000044,0.0012110653585114051,-4.253524072328583,"{""0"": 30049, ""1"": 26797, ""2"": 19193, ""3"": 20423, ""4"": 19710, ""5"": 22527}",connected
138799,408,20000,0.050000000000000044,0.0011232955309969839,-4.253524072328583,"{""0"": 30066, ""1"": 26819, ""2"": 19209, ""3"": 20444, ""4"": 19718, ""5"": 22543}",connected
138899,408,20000,0.050000000000000044,0.0010892489392426796,-4.253524072328583,"{""0"": 30085, ""1"": 26838, ""2"": 19227, ""3"": 20459, ""4"": 19720, ""5"": 22570}",connected
138999,410,20000,0.050000000000000044,0.0009157024756132159,-4.257335483119823,"{""0"": 30105, ""1"": 26846, ""2"": 19234, ""3"": 20497, ""4"": 19732, ""5"": 22585}",connected
139099,410,20000,0.050000000000000044,0.001040883538807975,-4.257335483119823,"{""0"": 30146, ""1"": 26849, ""2"": 19238, ""3"": 20532, ""4"": 19738, ""5"": 22596}",connected
139199,410,20000,0.050000000000000044,0.0011320518155116589,-4.257335483119823,"{""0"": 30160, ""1"": 26869, ""2"": 19260, ""3"": 20558, ""4"": 19746, ""5"": 22606}",connected
139299,410,20000,0.050000000000000044,0.0014380536145472433,-4.257335483119823,"{""0"": 30167, ""1"": 26885, ""2"": 19279, ""3"": 20608, ""4"": 19749, ""5"": 22611}",connected
139399,410,20000,0.050000000000000044,0.0016476280185452198,-4.257335483119823,"{""0"": 30169, ""1"": 26888, ""2"": 19283, ""3"": 20657, ""4"": 19759, ""5"": 22643}",connected
139499,410,20000,0.050000000000000044,0.0015655349024746102,-4.257335483119823,"{""0"": 30192, ""1"": 26895, ""2"": 19288, ""3"": 20721, ""4"": 19759, ""5"": 22644}",connected
139599,410,20000,0.050000000000000044,0.0014970622397959233,-4.257335483119823,"{""0"": 30240, ""1"": 26902, ""2"": 19303, ""3"": 20746, ""4"": 19763, ""5"": 22645}",connected
139699,412,20000,0.050000000000000044,0.0011818654724629596,-4.264658242231235,"{""0"": 30283, ""1"": 26907, ""2"": 19310, ""3"": 20781, ""4"": 19772, ""5"": 22646}",connected
139799,412,20000,0.050000000000000044,0.0012839348590932788,-4.264658242231235,"{""0"": 30291, ""1"": 26918, ""2"": 19319, ""3"": 20808, ""4"": 19795, ""5"": 22668}",connected
139899,412,20000,0.050000000000000044,0.0012970153067726642,-4.264658242231235,"{""0"": 30305, ""1"": 26920, ""2"": 19324, ""3"": 20830, ""4"": 19808, ""5"": 22712}",connected
139999,412,20000,0.050000000000000044,0.0013503463607048615,-4.264658242231235,"{""0"": 30352, ""1"": 26934, ""2"": 19329, ""3"": 20848, ""4"": 19820, ""5"": 22716}",connected
140099,412,20000,0.050000000000000044,0.0018010953147313557,-4.264658242231235,"{""0"": 30399, ""1"": 26936, ""2"": 19336, ""3"": 20873, ""4"": 19826, ""5"": 22729}",connected
140199,412,20000,0.050000000000000044,0.0016496122980606742,-4.264658242231235,"{""0"": 30440, ""1"": 26944, ""2"": 19344, ""3"": 20901, ""4"": 19827, ""5"": 22743}",connected
140299,412,20000,0.050000000000000044,0.0016438839051988907,-4.264658242231235,"{""0"": 30461, ""1"": 26961, ""2"": 19360, ""3"": 20908, ""4"": 19837, ""5"": 22772}",connected
140399,414,20000,0.050000000000000044,0.0015666788935777731,-4.2721227850392465,"{""0"": 30526, ""1"": 26964, ""2"": 19368, ""3"": 20923, ""4"": 19839, ""5"": 22779}",connected
140499,414,20000,0.050000000000000044,0.0011806116811931132,-4.2721227850392465,"{""0"": 30530, ""1"": 26984, ""2"": 19377, ""3"": 20947, ""4"": 19839, ""5"": 22822}",connected
140599,414,20000,0.050000000000000044,0.0011002071814436932,-4.2721227850392465,"{""0"": 30564, ""1"": 26994, ""2"": 19399, ""3"": 20973, ""4"": 19840, ""5"": 22829}",connected
140699,414,20000,0.050000000000000044,0.0011237952591909562,-4.2721227850392465,"{""0"": 30588, ""1"": 27016, ""2"": 19431, ""3"": 20990, ""4"": 19845, ""5"": 22829}",connected
140799,414,20000,0.050000000000000044,0.0010944743065920194,-4.2721227850392465,"{""0"": 30591, ""1"": 27029, ""2"": 19441, ""3"": 21030, ""4"": 19854, ""5"": 22854}",connected
140899,414,20000,0.050000000000000044,0.0011908992152893916,-4.2721227850392465,"{""0"": 30642, ""1"": 27039, ""2"": 19450, ""3"": 21048, ""4"": 19856, ""5"": 22864}",connected
140999,414,20000,0.050000000000000044,0.0012776552559807897,-4.2721227850392465,"{""0"": 30651, ""1"": 27041, ""2"": 19473, ""3"": 21075, ""4"": 19874, ""5"": 22885}",connected
141099,416,20000,0.050000000000000044,0.0011032035654352512,-4.264797129970975,"{""0"": 30659, ""1"": 27043, ""2"": 19514, ""3"": 21075, ""4"": 19876, ""5"": 22932}",connected
141199,416,20000,0.050000000000000044,0.0012871306923625525,-4.264797129970975,"{""0"": 30679, ""1"": 27059, ""2"": 19537, ""3"": 21089, ""4"": 19881, ""5"": 22954}",connected
141299,416,20000,0.050000000000000044,0.0011869628973363432,-4.264797129970975,"{""0"": 30702, ""1"": 27059, ""2"": 19559, ""3"": 21100, ""4"": 19889, ""5"": 22990}",connected
141399,416,20000,0.050000000000000044,0.0010829280629695859,-4.264797129970975,"{""0"": 30722, ""1"": 27062, ""2"": 19587, ""3"": 21112, ""4"": 19890, ""5"": 23026}",connected
141499,416,20000,0.050000000000000044,0.0013649599542259238,-4.264797129970975,"{""0"": 30724, ""1"": 27074, ""2"": 19653, ""3"": 21112, ""4"": 19890, ""5"": 23046}",connected
141599,416,20000,0.050000000000000044,0.001252577839914011,-4.264797129970975,"{""0"": 30730, ""1"": 27084, ""2"": 19712, ""3"": 21123, ""4"": 19890, ""5"": 23060}",connected
141699,416,20000,0.050000000000000044,0.0012565908173564821,-4.264797129970975,"{""0"": 30738, ""1"": 27090, ""2"": 19753, ""3"": 21149, ""4"": 19894, ""5"": 23075}",connected
141799,416,20000,0.050000000000000044,0.0015021564169728663,-4.264797129970975,"{""0"": 30761, ""1"": 27095, ""2"": 19785, ""3"": 21178, ""4"": 19894, ""5"": 23086}",connected
141899,418,20000,0.050000000000000044,0.0014201016955485103,-4.264761841841973,"{""0"": 30792, ""1"": 27105, ""2"": 19806, ""3"": 21183, ""4"": 19899, ""5"": 23114}",connected
141999,418,20000,0.050000000000000044,0.0014564494023215956,-4.264761841841973,"{""0"": 30837, ""1"": 27113, ""2"": 19811, ""3"": 21211, ""4"": 19899, ""5"": 23128}",connected
142099,418,20000,0.050000000000000044,0.001632629882369656,-4.264761841841973,"{""0"": 30870, ""1"": 27124, ""2"": 19835, ""3"": 21222, ""4"": 19912, ""5"": 23136}",connected
142199,418,20000,0.050000000000000044,0.0014369369891937822,-4.264761841841973,"{""0"": 30888, ""1"": 27124, ""2"": 19860, ""3"": 21246, ""4"": 19931, ""5"": 23150}",connected
142299,418,20000,0.050000000000000044,0.001312642894044984,-4.264761841841973,"{""0"": 30901, ""1"": 27126, ""2"": 19883, ""3"": 21278, ""4"": 19947, ""5"": 23164}",connected
142399,418,20000,0.050000000000000044,0.0013596624846104533,-4.264761841841973,"{""0"": 30913, ""1"": 27126, ""2"": 19904, ""3"": 21304, ""4"": 19969, ""5"": 23183}",connected
142499,418,20000,0.050000000000000044,0.0011080446775304153,-4.264761841841973,"{""0"": 30918, ""1"": 27126, ""2"": 19946, ""3"": 21327, ""4"": 19975, ""5"": 23207}",connected
142599,420,20000,0.050000000000000044,0.0010936497352668085,-4.253881616694852,"{""0"": 30920, ""1"": 27139, ""2"": 19981, ""3"": 21346, ""4"": 19976, ""5"": 23237}",connected
142699,420,20000,0.050000000000000044,0.0013839855455444194,-4.253881616694852,"{""0"": 30944, ""1"": 27157, ""2"": 20007, ""3"": 21367, ""4"": 19977, ""5"": 23247}",connected
142799,420,20000,0.050000000000000044,0.0012195778280147352,-4.253881616694852,"{""0"": 30946, ""1"": 27180, ""2"": 20044, ""3"": 21377, ""4"": 19977, ""5"": 23275}",connected
142899,420,20000,0.050000000000000044,0.0012572159207775257,-4.253881616694852,"{""0"": 30954, ""1"": 27201, ""2"": 20076, ""3"": 21388, ""4"": 19984, ""5"": 23296}",connected
142999,420,20000,0.050000000000000044,0.0012361484873690642,-4.253881616694852,"{""0"": 30970, ""1"": 27201, ""2"": 20104, ""3"": 21399, ""4"": 19993, ""5"": 23332}",connected
143099,420,20000,0.050000000000000044,0.0011031516586081124,-4.253881616694852,"{""0"": 30977, ""1"": 27212, ""2"": 20151, ""3"": 21415, ""4"": 20000, ""5"": 23344}",connected
143199,420,20000,0.050000000000000044,0.0010765981135773472,-4.253881616694852,"{""0"": 30980, ""1"": 27223, ""2"": 20207, ""3"": 21420, ""4"": 20002, ""5"": 23367}",connected
143299,422,20000,0.050000000000000044,0.0012747781682992355,-4.24925714595709,"{""0"": 30991, ""1"": 27240, ""2"": 20256, ""3"": 21425, ""4"": 20003, ""5"": 23384}",connected
143399,422,20000,0.050000000000000044,0.0013823786162538453,-4.24925714595709,"{""0"": 30997, ""1"": 27270, ""2"": 20298, ""3"": 21434, ""4"": 20004, ""5"": 23396}",connected
143499,422,20000,0.050000000000000044,0.0012253726810740773,-4.24925714595709,"{""0"": 31006, ""1"": 27308, ""2"": 20330, ""3"": 21437, ""4"": 20011, ""5"": 23407}",connected
143599,422,20000,0.050000000000000044,0.0015861404048337136,-4.24925714595709,"{""0"": 31039, ""1"": 27321, ""2"": 20350, ""3"": 21454, ""4"": 20012, ""5"": 23423}",connected
143699,422,20000,0.050000000000000044,0.0014205128762114327,-4.24925714595709,"{""0"": 31063, ""1"": 27338, ""2"": 20366, ""3"": 21478, ""4"": 20013, ""5"": 23441}",connected
143799,422,20000,0.050000000000000044,0.001319442328385776,-4.24925714595709,"{""0"": 31093, ""1"": 27341, ""2"": 20370, ""3"": 21487, ""4"": 20018, ""5"": 23490}",connected
143899,422,20000,0.050000000000000044,0.0018078129876812454,-4.24925714595709,"{""0"": 31149, ""1"": 27343, ""2"": 20371, ""3"": 21497, ""4"": 20024, ""5"": 23515}",connected
143999,424,20000,0.050000000000000044,0.0015973717557790223,-4.254779860056005,"{""0"": 31169, ""1"": 27389, ""2"": 20374, ""3"": 21512, ""4"": 20029, ""5"": 23526}",connected
144099,424,20000,0.050000000000000044,0.001509697704022983,-4.254779860056005,"{""0"": 31177, ""1"": 27392, ""2"": 20397, ""3"": 21537, ""4"": 20039, ""5"": 23557}",connected
144199,424,20000,0.050000000000000044,0.0015945589855255093,-4.254779860056005,"{""0"": 31193, ""1"": 27400, ""2"": 20428, ""3"": 21562, ""4"": 20049, ""5"": 23567}",connected
144299,424,20000,0.050000000000000044,0.001252013416378759,-4.254779860056005,"{""0"": 31227, ""1"": 27415, ""2"": 20461, ""3"": 21570, ""4"": 20053, ""5"": 23573}",connected
144399,424,20000,0.050000000000000044,0.001199050656578038,-4.254779860056005,"{""0"": 31232, ""1"": 27426, ""2"": 20507, ""3"": 21581, ""4"": 20061, ""5"": 23592}",connected
144499,424,20000,0.050000000000000044,0.0014557254017563536,-4.254779860056005,"{""0"": 31245, ""1"": 27442, ""2"": 20556, ""3"": 21583, ""4"": 20063, ""5"": 23610}",connected
144599,424,20000,0.050000000000000044,0.0013943933087284678,-4.254779860056005,"{""0"": 31251, ""1"": 27450, ""2"": 20601, ""3"": 21584, ""4"": 20066, ""5"": 23647}",connected
144699,424,20000,0.050000000000000044,0.001358327832131181,-4.254779860056005,"{""0"": 31273, ""1"": 27454, ""2"": 20617, ""3"": 21622, ""4"": 20077, ""5"": 23656}",connected
144799,426,20000,0.050000000000000044,0.0013520358888490592,-4.251182938353159,"{""0"": 31290, ""1"": 27461, ""2"": 20628, ""3"": 21683, ""4"": 20080, ""5"": 23657}",connected
144899,426,20000,0.050000000000000044,0.001212062862032326,-4.251182938353159,"{""0"": 31315, ""1"": 27469, ""2"": 20648, ""3"": 21706, ""4"": 20094, ""5"": 23667}",connected
144999,426,20000,0.050000000000000044,0.0012366144447878468,-4.251182938353159,"{""0"": 31326, ""1"": 27479, ""2"": 20673, ""3"": 21724, ""4"": 20109, ""5"": 23688}",connected
145099,426,20000,0.050000000000000044,0.0011620123300235719,-4.251182938353159,"{""0"": 31329, ""1"": 27483, ""2"": 20696, ""3"": 21745, ""4"": 20126, ""5"": 23720}",connected
145199,426,20000,0.050000000000000044,0.0011229844663466792,-4.251182938353159,"{""0"": 31354, ""1"": 27487, ""2"": 20717, ""3"": 21757, ""4"": 20129, ""5"": 23755}",connected
145299,426,20000,0.050000000000000044,0.0011100132887077053,-4.251182938353159,"{""0"": 31376, ""1"": 27499, ""2"": 20749, ""3"": 21768, ""4"": 20144, ""5"": 23763}",connected
145399,426,20000,0.050000000000000044,0.001123077282536542,-4.251182938353159,"{""0"": 31383, ""1"": 27504, ""2"": 20793, ""3"": 21780, ""4"": 20149, ""5"": 23790}",connected
145499,428,20000,0.050000000000000044,0.001362593533413019,-4.243894864427857,"{""0"": 31410, ""1"": 27509, ""2"": 20840, ""3"": 21787, ""4"": 20158, ""5"": 23795}",connected
145599,428,20000,0.050000000000000044,0.0014097881948691793,-4.243894864427857,"{""0"": 31410, ""1"": 27509, ""2"": 20846, ""3"": 21790, ""4"": 20164, ""5"": 23880}",connected
145699,428,20000,0.050000000000000044,0.0016516898132977076,-4.243894864427857,"{""0"": 31416, ""1"": 27511, ""2"": 20865, ""3"": 21800, ""4"": 20174, ""5"": 23933}",connected
145799,428,20000,0.050000000000000044,0.0018188247570651583,-4.243894864427857,"{""0"": 31421, ""1"": 27513, ""2"": 20907, ""3"": 21800, ""4"": 20175, ""5"": 23983}",connected
145899,428,20000,0.050000000000000044,0.0016253236314514653,-4.243894864427857,"{""0"": 31452, ""1"": 27516, ""2"": 20939, ""3"": 21806, ""4"": 20175, ""5"": 24011}",connected
145999,428,20000,0.050000000000000044,0.0015774100451380947,-4.243894864427857,"{""0"": 31467, ""1"": 27518, ""2"": 21001, ""3"": 21815, ""4"": 20181, ""5"": 24017}",connected
146099,428,20000,0.050000000000000044,0.001694346065632999,-4.243894864427857,"{""0"": 31474, ""1"": 27519, ""2"": 21010, ""3"": 21834, ""4"": 20201, ""5"": 24061}",connected
146199,430,20000,0.050000000000000044,0.0015916777250822634,-4.238344392227009,"{""0"": 31487, ""1"": 27519, ""2"": 21028, ""3"": 21853, ""4"": 20233, ""5"": 24079}",connected
146299,430,20000,0.050000000000000044,0.0016961665730923414,-4.238344392227009,"{""0"": 31495, ""1"": 27527, ""2"": 21069, ""3"": 21880, ""4"": 20245, ""5"": 24083}",connected
146399,430,20000,0.050000000000000044,0.0016947028564754873,-4.238344392227009,"{""0"": 31511, ""1"": 27537, ""2"": 21093, ""3"": 21900, ""4"": 20266, ""5"": 24092}",connected
146499,430,20000,0.050000000000000044,0.0013276712017250248,-4.238344392227009,"{""0"": 31513, ""1"": 27539, ""2"": 21103, ""3"": 21943, ""4"": 20291, ""5"": 24110}",connected
146599,430,20000,0.050000000000000044,0.0013493417407153174,-4.238344392227009,"{""0"": 31518, ""1"": 27543, ""2"": 21141, ""3"": 21967, ""4"": 20315, ""5"": 24115}",connected
146699,430,20000,0.050000000000000044,0.0012720657998579554,-4.238344392227009,"{""0"": 31524, ""1"": 27559, ""2"": 21168, ""3"": 21986, ""4"": 20330, ""5"": 24132}",connected
146799,430,20000,0.050000000000000044,0.001277878876135219,-4.238344392227009,"{""0"": 31533, ""1"": 27565, ""2"": 21182, ""3"": 22008, ""4"": 20351, ""5"": 24160}",connected
146899,432,20000,0.050000000000000044,0.001389076971245231,-4.2341851799143475,"{""0"": 31555, ""1"": 27575, ""2"": 21220, ""3"": 22023, ""4"": 20358, ""5"": 24168}",connected
146999,432,20000,0.050000000000000044,0.0013740431940823328,-4.2341851799143475,"{""0"": 31556, ""1"": 27581, ""2"": 21253, ""3"": 22042, ""4"": 20371, ""5"": 24196}",connected
147099,432,20000,0.050000000000000044,0.001310370286955731,-4.2341851799143475,"{""0"": 31589, ""1"": 27596, ""2"": 21273, ""3"": 22056, ""4"": 20373, ""5"": 24212}",connected
147199,432,20000,0.050000000000000044,0.0013061879501037766,-4.2341851799143475,"{""0"": 31596, ""1"": 27602, ""2"": 21306, ""3"": 22075, ""4"": 20391, ""5"": 24229}",connected
147299,432,20000,0.050000000000000044,0.001080816402391065,-4.2341851799143475,"{""0"": 31609, ""1"": 27613, ""2"": 21328, ""3"": 22089, ""4"": 20404, ""5"": 24256}",connected
147399,432,20000,0.050000000000000044,0.000981432934786426,-4.2341851799143475,"{""0"": 31631, ""1"": 27627, ""2"": 21344, ""3"": 22107, ""4"": 20425, ""5"": 24265}",connected
147499,432,20000,0.050000000000000044,0.001093134251277661,-4.2341851799143475,"{""0"": 31657, ""1"": 27641, ""2"": 21352, ""3"": 22134, ""4"": 20445, ""5"": 24270}",connected
147599,432,20000,0.050000000000000044,0.001110595181962708,-4.2341851799143475,"{""0"": 31698, ""1"": 27642, ""2"": 21357, ""3"": 22154, ""4"": 20452, ""5"": 24296}",connected
147699,434,20000,0.050000000000000044,0.0015989170160901267,-4.236329432292841,"{""0"": 31713, ""1"": 27643, ""2"": 21382, ""3"": 22168, ""4"": 20467, ""5"": 24326}",connected
147799,434,20000,0.050000000000000044,0.001619074305635877,-4.236329432292841,"{""0"": 31722, ""1"": 27646, ""2"": 21396, ""3"": 22181, ""4"": 20479, ""5"": 24375}",connected
147899,434,20000,0.050000000000000044,0.0018356505472911522,-4.236329432292841,"{""0"": 31754, ""1"": 27646, ""2"": 21399, ""3"": 22182, ""4"": 20480, ""5"": 24438}",connected
147999,434,20000,0.050000000000000044,0.0017502374088508078,-4.236329432292841,"{""0"": 31759, ""1"": 27647, ""2"": 21410, ""3"": 22195, ""4"": 20498, ""5"": 24490}",connected
148099,434,20000,0.050000000000000044,0.0015667190597741865,-4.236329432292841,"{""0"": 31768, ""1"": 27648, ""2"": 21413, ""3"": 22198, ""4"": 20533, ""5"": 24539}",connected
148199,434,20000,0.050000000000000044,0.0016783323552226647,-4.236329432292841,"{""0"": 31769, ""1"": 27648, ""2"": 21414, ""3"": 22220, ""4"": 20534, ""5"": 24614}",connected
148299,434,20000,0.050000000000000044,0.0013795977327390573,-4.236329432292841,"{""0"": 31771, ""1"": 27648, ""2"": 21420, ""3"": 22238, ""4"": 20536, ""5"": 24686}",connected
148399,436,20000,0.050000000000000044,0.0017979668974294327,-4.230004869978875,"{""0"": 31790, ""1"": 27649, ""2"": 21432, ""3"": 22244, ""4"": 20557, ""5"": 24727}",connected
148499,436,20000,0.050000000000000044,0.001716044224158395,-4.230004869978875,"{""0"": 31794, ""1"": 27649, ""2"": 21439, ""3"": 22259, ""4"": 20565, ""5"": 24793}",connected
148599,436,20000,0.050000000000000044,0.001774414308310952,-4.230004869978875,"{""0"": 31803, ""1"": 27650, ""2"": 21440, ""3"": 22273, ""4"": 20566, ""5"": 24867}",connected
148699,436,20000,0.050000000000000044,0.0018578162995981984,-4.230004869978875,"{""0"": 31803, ""1"": 27650, ""2"": 21446, ""3"": 22294, ""4"": 20567, ""5"": 24939}",connected
148799,436,20000,0.050000000000000044,0.0017235790501581505,-4.230004869978875,"{""0"": 31811, ""1"": 27653, ""2"": 21450, ""3"": 22306, ""4"": 20575, ""5"": 25004}",connected
148899,436,20000,0.050000000000000044,0.0017388306913198902,-4.230004869978875,"{""0"": 31822, ""1"": 27653, ""2"": 21453, ""3"": 22307, ""4"": 20575, ""5"": 25089}",connected
148999,436,20000,0.050000000000000044,0.001567619870766066,-4.230004869978875,"{""0"": 31828, ""1"": 27655, ""2"": 21460, ""3"": 22307, ""4"": 20577, ""5"": 25172}",connected
149099,438,20000,0.050000000000000044,0.00139521284843795,-4.227419676696882,"{""0"": 31835, ""1"": 27655, ""2"": 21476, ""3"": 22331, ""4"": 20577, ""5"": 25225}",connected
149199,438,20000,0.050000000000000044,0.001377006057591643,-4.227419676696882,"{""0"": 31838, ""1"": 27655, ""2"": 21490, ""3"": 22335, ""4"": 20604, ""5"": 25277}",connected
149299,438,20000,0.050000000000000044,0.001301441517425701,-4.227419676696882,"{""0"": 31840, ""1"": 27655, ""2"": 21520, ""3"": 22337, ""4"": 20606, ""5"": 25341}",connected
149399,438,20000,0.050000000000000044,0.0014048114529578014,-4.227419676696882,"{""0"": 31840, ""1"": 27656, ""2"": 21520, ""3"": 22337, ""4"": 20606, ""5"": 25440}",connected
149499,438,20000,0.050000000000000044,0.001636947822989896,-4.227419676696882,"{""0"": 31844, ""1"": 27656, ""2"": 21520, ""3"": 22337, ""4"": 20606, ""5"": 25536}",connected
149599,438,20000,0.050000000000000044,0.0014563850231934339,-4.227419676696882,"{""0"": 31846, ""1"": 27656, ""2"": 21522, ""3"": 22337, ""4"": 20608, ""5"": 25630}",connected
149699,438,20000,0.050000000000000044,0.0013187232191557996,-4.227419676696882,"{""0"": 31848, ""1"": 27656, ""2"": 21528, ""3"": 22337, ""4"": 20608, ""5"": 25722}",connected
149799,440,20000,0.050000000000000044,0.0011213003812008536,-4.220309020592831,"{""0"": 31851, ""1"": 27657, ""2"": 21531, ""3"": 22354, ""4"": 20614, ""5"": 25792}",connected
149899,440,20000,0.050000000000000044,0.0008734059805283323,-4.220309020592831,"{""0"": 31867, ""1"": 27657, ""2"": 21553, ""3"": 22365, ""4"": 20638, ""5"": 25819}",connected
149999,440,20000,0.050000000000000044,0.0009053157351445407,-4.220309020592831,"{""0"": 31867, ""1"": 27657, ""2"": 21559, ""3"": 22366, ""4"": 20647, ""5"": 25903}",connected
150099,440,20000,0.050000000000000044,0.0011205721824080683,-4.220309020592831,"{""0"": 31867, ""1"": 27657, ""2"": 21561, ""3"": 22366, ""4"": 20661, ""5"": 25987}",connected
150199,440,20000,0.050000000000000044,0.0013017647730885074,-4.220309020592831,"{""0"": 31868, ""1"": 27657, ""2"": 21565, ""3"": 22368, ""4"": 20680, ""5"": 26061}",connected
150299,440,20000,0.050000000000000044,0.001525831025792286,-4.220309020592831,"{""0"": 31870, ""1"": 27658, ""2"": 21569, ""3"": 22368, ""4"": 20683, ""5"": 26151}",connected
150399,440,20000,0.050000000000000044,0.0015251088331569918,-4.220309020592831,"{""0"": 31874, ""1"": 27658, ""2"": 21583, ""3"": 22368, ""4"": 20685, ""5"": 26231}",connected
150499,440,20000,0.050000000000000044,0.0014246406467282213,-4.220309020592831,"{""0"": 31879, ""1"": 27658, ""2"": 21594, ""3"": 22368, ""4"": 20686, ""5"": 26314}",connected
150599,442,20000,0.050000000000000044,0.0012787144191679545,-4.206679403432645,"{""0"": 31912, ""1"": 27667, ""2"": 21612, ""3"": 22374, ""4"": 20703, ""5"": 26331}",connected
150699,442,20000,0.050000000000000044,0.0010898810833168682,-4.206679403432645,"{""0"": 31932, ""1"": 27677, ""2"": 21637, ""3"": 22383, ""4"": 20715, ""5"": 26355}",connected
150799,442,20000,0.050000000000000044,0.0010252632964693476,-4.206679403432645,"{""0"": 31984, ""1"": 27694, ""2"": 21643, ""3"": 22388, ""4"": 20719, ""5"": 26371}",connected
150899,442,20000,0.050000000000000044,0.0011579873599112033,-4.206679403432645,"{""0"": 32041, ""1"": 27699, ""2"": 21648, ""3"": 22393, ""4"": 20720, ""5"": 26398}",connected
150999,442,20000,0.050000000000000044,0.0014228898542933165,-4.206679403432645,"{""0"": 32090, ""1"": 27719, ""2"": 21662, ""3"": 22398, ""4"": 20723, ""5"": 26407}",connected
151099,442,20000,0.050000000000000044,0.001480944362556329,-4.206679403432645,"{""0"": 32102, ""1"": 27720, ""2"": 21690, ""3"": 22411, ""4"": 20743, ""5"": 26433}",connected
151199,442,20000,0.050000000000000044,0.0015644979833450633,-4.206679403432645,"{""0"": 32102, ""1"": 27720, ""2"": 21747, ""3"": 22424, ""4"": 20761, ""5"": 26445}",connected
151299,444,20000,0.050000000000000044,0.0013698088604724035,-4.204918045657687,"{""0"": 32112, ""1"": 27722, ""2"": 21789, ""3"": 22434, ""4"": 20791, ""5"": 26451}",connected
151399,444,20000,0.050000000000000044,0.0012889560422627256,-4.204918045657687,"{""0"": 32112, ""1"": 27722, ""2"": 21843, ""3"": 22446, ""4"": 20806, ""5"": 26470}",connected
151499,444,20000,0.050000000000000044,0.0013881486502941697,-4.204918045657687,"{""0"": 32116, ""1"": 27722, ""2"": 21873, ""3"": 22447, ""4"": 20808, ""5"": 26533}",connected
151599,444,20000,0.050000000000000044,0.0014038344548316672,-4.204918045657687,"{""0"": 32118, ""1"": 27722, ""2"": 21908, ""3"": 22447, ""4"": 20808, ""5"": 26596}",connected
151699,444,20000,0.050000000000000044,0.0014222581277135759,-4.204918045657687,"{""0"": 32118, ""1"": 27726, ""2"": 21961, ""3"": 22448, ""4"": 20809, ""5"": 26637}",connected
151799,444,20000,0.050000000000000044,0.0012360861228080467,-4.204918045657687,"{""0"": 32120, ""1"": 27729, ""2"": 22022, ""3"": 22449, ""4"": 20809, ""5"": 26670}",connected
151899,444,20000,0.050000000000000044,0.0014477038403856567,-4.204918045657687,"{""0"": 32131, ""1"": 27729, ""2"": 22084, ""3"": 22451, ""4"": 20812, ""5"": 26692}",connected
151999,446,20000,0.050000000000000044,0.0016795130248647182,-4.205695166713558,"{""0"": 32135, ""1"": 27729, ""2"": 22146, ""3"": 22452, ""4"": 20824, ""5"": 26713}",connected
152099,446,20000,0.050000000000000044,0.0016629157829447648,-4.205695166713558,"{""0"": 32135, ""1"": 27730, ""2"": 22189, ""3"": 22453, ""4"": 20843, ""5"": 26749}",connected
152199,446,20000,0.050000000000000044,0.0021332343958783894,-4.205695166713558,"{""0"": 32151, ""1"": 27730, ""2"": 22205, ""3"": 22454, ""4"": 20866, ""5"": 26793}",connected
152299,446,20000,0.050000000000000044,0.001703108673391398,-4.205695166713558,"{""0"": 32155, ""1"": 27731, ""2"": 22241, ""3"": 22454, ""4"": 20884, ""5"": 26834}",connected
152399,446,20000,0.050000000000000044,0.0016453378307051026,-4.205695166713558,"{""0"": 32164, ""1"": 27731, ""2"": 22242, ""3"": 22455, ""4"": 20885, ""5"": 26922}",connected
152499,446,20000,0.050000000000000044,0.001705597139080055,-4.205695166713558,"{""0"": 32178, ""1"": 27731, ""2"": 22269, ""3"": 22460, ""4"": 20898, ""5"": 26963}",connected
152599,446,20000,0.050000000000000044,0.0015645583398872986,-4.205695166713558,"{""0"": 32184, ""1"": 27732, ""2"": 22308, ""3"": 22463, ""4"": 20901, ""5"": 27011}",connected
152699,448,20000,0.050000000000000044,0.0018299270729767159,-4.201622742176987,"{""0"": 32186, ""1"": 27732, ""2"": 22329, ""3"": 22466, ""4"": 20910, ""5"": 27076}",connected
152799,448,20000,0.050000000000000044,0.0018458513251971454,-4.201622742176987,"{""0"": 32187, ""1"": 27732, ""2"": 22368, ""3"": 22473, ""4"": 20928, ""5"": 27111}",connected
152899,448,20000,0.050000000000000044,0.0019028380923555232,-4.201622742176987,"{""0"": 32187, ""1"": 27732, ""2"": 22384, ""3"": 22489, ""4"": 20940, ""5"": 27167}",connected
152999,448,20000,0.050000000000000044,0.0015926629462046549,-4.201622742176987,"{""0"": 32189, ""1"": 27732, ""2"": 22451, ""3"": 22490, ""4"": 20941, ""5"": 27196}",connected
153099,448,20000,0.050000000000000044,0.0014296439528698102,-4.201622742176987,"{""0"": 32190, ""1"": 27732, ""2"": 22519, ""3"": 22490, ""4"": 20941, ""5"": 27227}",connected
153199,448,20000,0.050000000000000044,0.0013929786550579593,-4.201622742176987,"{""0"": 32191, ""1"": 27732, ""2"": 22605, ""3"": 22490, ""4"": 20941, ""5"": 27240}",connected
153299,448,20000,0.050000000000000044,0.001611884814919904,-4.201622742176987,"{""0"": 32191, ""1"": 27732, ""2"": 22661, ""3"": 22495, ""4"": 20949, ""5"": 27271}",connected
153399,448,20000,0.050000000000000044,0.0018046531765139662,-4.201622742176987,"{""0"": 32194, ""1"": 27733, ""2"": 22713, ""3"": 22510, ""4"": 20963, ""5"": 27286}",connected
153499,450,20000,0.050000000000000044,0.0019007935147965327,-4.194713894529269,"{""0"": 32201, ""1"": 27734, ""2"": 22781, ""3"": 22512, ""4"": 20973, ""5"": 27298}",connected
153599,450,20000,0.050000000000000044,0.0016798125975765288,-4.194713894529269,"{""0"": 32203, ""1"": 27734, ""2"": 22868, ""3"": 22512, ""4"": 20973, ""5"": 27309}",connected
153699,450,20000,0.050000000000000044,0.0016993457029457204,-4.194713894529269,"{""0"": 32215, ""1"": 27736, ""2"": 22953, ""3"": 22513, ""4"": 20973, ""5"": 27309}",connected
153799,450,20000,0.050000000000000044,0.0015697416401235387,-4.194713894529269,"{""0"": 32228, ""1"": 27736, ""2"": 23014, ""3"": 22513, ""4"": 20973, ""5"": 27335}",connected
153899,450,20000,0.050000000000000044,0.0015267174728796817,-4.194713894529269,"{""0"": 32237, ""1"": 27736, ""2"": 23094, ""3"": 22513, ""4"": 20973, ""5"": 27346}",connected
153999,450,20000,0.050000000000000044,0.001502765293698758,-4.194713894529269,"{""0"": 32274, ""1"": 27738, ""2"": 23132, ""3"": 22513, ""4"": 20973, ""5"": 27369}",connected
154099,450,20000,0.050000000000000044,0.0012720157371950336,-4.194713894529269,"{""0"": 32284, ""1"": 27738, ""2"": 23163, ""3"": 22514, ""4"": 20975, ""5"": 27425}",connected
154199,452,20000,0.050000000000000044,0.0012856347259366885,-4.1961013737786566,"{""0"": 32289, ""1"": 27738, ""2"": 23229, ""3"": 22514, ""4"": 20989, ""5"": 27440}",connected
154299,452,20000,0.050000000000000044,0.0012261751969344914,-4.1961013737786566,"{""0"": 32289, ""1"": 27739, ""2"": 23262, ""3"": 22517, ""4"": 20990, ""5"": 27502}",connected
154399,452,20000,0.050000000000000044,0.001288916062330827,-4.1961013737786566,"{""0"": 32290, ""1"": 27740, ""2"": 23284, ""3"": 22517, ""4"": 20992, ""5"": 27576}",connected
154499,452,20000,0.050000000000000044,0.0011301637336146087,-4.1961013737786566,"{""0"": 32292, ""1"": 27740, ""2"": 23284, ""3"": 22517, ""4"": 20996, ""5"": 27670}",connected
154599,452,20000,0.050000000000000044,0.0010475281599792651,-4.1961013737786566,"{""0"": 32306, ""1"": 27742, ""2"": 23297, ""3"": 22521, ""4"": 20998, ""5"": 27735}",connected
154699,452,20000,0.050000000000000044,0.0013696095981867984,-4.1961013737786566,"{""0"": 32306, ""1"": 27742, ""2"": 23302, ""3"": 22527, ""4"": 21007, ""5"": 27815}",connected
154799,452,20000,0.050000000000000044,0.0013382488628849386,-4.1961013737786566,"{""0"": 32306, ""1"": 27742, ""2"": 23331, ""3"": 22529, ""4"": 21009, ""5"": 27882}",connected
154899,454,20000,0.050000000000000044,0.0012926864510518499,-4.184597690203227,"{""0"": 32308, ""1"": 27744, ""2"": 23381, ""3"": 22531, ""4"": 21021, ""5"": 27914}",connected
154999,454,20000,0.050000000000000044,0.0014531469832581934,-4.184597690203227,"{""0"": 32309, ""1"": 27744, ""2"": 23383, ""3"": 22531, ""4"": 21023, ""5"": 28009}",connected
155099,454,20000,0.050000000000000044,0.001134938778122887,-4.184597690203227,"{""0"": 32311, ""1"": 27744, ""2"": 23384, ""3"": 22533, ""4"": 21027, ""5"": 28100}",connected
155199,454,20000,0.050000000000000044,0.0013831001881044358,-4.184597690203227,"{""0"": 32313, ""1"": 27746, ""2"": 23391, ""3"": 22534, ""4"": 21045, ""5"": 28170}",connected
155299,454,20000,0.050000000000000044,0.00167857071995968,-4.184597690203227,"{""0"": 32327, ""1"": 27750, ""2"": 23430, ""3"": 22536, ""4"": 21056, ""5"": 28200}",connected
155399,454,20000,0.050000000000000044,0.0016118875150277745,-4.184597690203227,"{""0"": 32334, ""1"": 27750, ""2"": 23493, ""3"": 22546, ""4"": 21064, ""5"": 28212}",connected
155499,454,20000,0.050000000000000044,0.0017556305209291167,-4.184597690203227,"{""0"": 32357, ""1"": 27751, ""2"": 23543, ""3"": 22546, ""4"": 21065, ""5"": 28237}",connected
155599,456,20000,0.050000000000000044,0.0015723047655774281,-4.180093187340535,"{""0"": 32365, ""1"": 27751, ""2"": 23592, ""3"": 22548, ""4"": 21067, ""5"": 28276}",connected
155699,456,20000,0.050000000000000044,0.0014549443690339103,-4.180093187340535,"{""0"": 32379, ""1"": 27752, ""2"": 23644, ""3"": 22548, ""4"": 21077, ""5"": 28299}",connected
155799,456,20000,0.050000000000000044,0.0013601614328217692,-4.180093187340535,"{""0"": 32390, ""1"": 27752, ""2"": 23678, ""3"": 22550, ""4"": 21077, ""5"": 28352}",connected
155899,456,20000,0.050000000000000044,0.001285800205951091,-4.180093187340535,"{""0"": 32423, ""1"": 27752, ""2"": 23720, ""3"": 22552, ""4"": 21078, ""5"": 28374}",connected
155999,456,20000,0.050000000000000044,0.0011947589201736263,-4.180093187340535,"{""0"": 32443, ""1"": 27752, ""2"": 23773, ""3"": 22553, ""4"": 21081, ""5"": 28397}",connected
156099,456,20000,0.050000000000000044,0.0012261510541429744,-4.180093187340535,"{""0"": 32507, ""1"": 27753, ""2"": 23791, ""3"": 22555, ""4"": 21081, ""5"": 28412}",connected
156199,456,20000,0.050000000000000044,0.0015135540469782428,-4.180093187340535,"{""0"": 32567, ""1"": 27753, ""2"": 23813, ""3"": 22557, ""4"": 21085, ""5"": 28424}",connected
156299,456,20000,0.050000000000000044,0.001433313706656918,-4.180093187340535,"{""0"": 32597, ""1"": 27753, ""2"": 23848, ""3"": 22557, ""4"": 21085, ""5"": 28459}",connected
156399,458,20000,0.050000000000000044,0.001524999171087984,-4.175032294718549,"{""0"": 32611, ""1"": 27754, ""2"": 23893, ""3"": 22558, ""4"": 21095, ""5"": 28488}",connected
156499,458,20000,0.050000000000000044,0.001433036007802002,-4.175032294718549,"{""0"": 32646, ""1"": 27754, ""2"": 23952, ""3"": 22561, ""4"": 21095, ""5"": 28491}",connected
156599,458,20000,0.050000000000000044,0.0014163258834742009,-4.175032294718549,"{""0"": 32694, ""1"": 27756, ""2"": 23973, ""3"": 22561, ""4"": 21097, ""5"": 28518}",connected
156699,458,20000,0.050000000000000044,0.0017297205090289936,-4.175032294718549,"{""0"": 32720, ""1"": 27757, ""2"": 23996, ""3"": 22576, ""4"": 21113, ""5"": 28537}",connected
156799,458,20000,0.050000000000000044,0.0017115677060792222,-4.175032294718549,"{""0"": 32728, ""1"": 27757, ""2"": 24061, ""3"": 22576, ""4"": 21113, ""5"": 28564}",connected
156899,458,20000,0.050000000000000044,0.0017038427654188126,-4.175032294718549,"{""0"": 32747, ""1"": 27758, ""2"": 24123, ""3"": 22576, ""4"": 21117, ""5"": 28578}",connected
156999,458,20000,0.050000000000000044,0.0014795817289268598,-4.175032294718549,"{""0"": 32755, ""1"": 27761, ""2"": 24154, ""3"": 22592, ""4"": 21128, ""5"": 28609}",connected
157099,460,20000,0.050000000000000044,0.0012108225468546153,-4.165801600329578,"{""0"": 32759, ""1"": 27761, ""2"": 24238, ""3"": 22592, ""4"": 21136, ""5"": 28613}",connected
157199,460,20000,0.050000000000000044,0.0011334724287735299,-4.165801600329578,"{""0"": 32819, ""1"": 27762, ""2"": 24268, ""3"": 22594, ""4"": 21138, ""5"": 28618}",connected
157299,460,20000,0.050000000000000044,0.001278409349033609,-4.165801600329578,"{""0"": 32845, ""1"": 27764, ""2"": 24308, ""3"": 22603, ""4"": 21151, ""5"": 28628}",connected
157399,460,20000,0.050000000000000044,0.0014844962078495883,-4.165801600329578,"{""0"": 32851, ""1"": 27764, ""2"": 24396, ""3"": 22603, ""4"": 21152, ""5"": 28633}",connected
157499,460,20000,0.050000000000000044,0.0016891094515449367,-4.165801600329578,"{""0"": 32867, ""1"": 27764, ""2"": 24439, ""3"": 22611, ""4"": 21161, ""5"": 28657}",connected
157599,460,20000,0.050000000000000044,0.0016855775845760945,-4.165801600329578,"{""0"": 32903, ""1"": 27764, ""2"": 24461, ""3"": 22613, ""4"": 21162, ""5"": 28696}",connected
157699,460,20000,0.050000000000000044,0.0016315657969971653,-4.165801600329578,"{""0"": 32918, ""1"": 27764, ""2"": 24469, ""3"": 22613, ""4"": 21162, ""5"": 28773}",connected
157799,462,20000,0.050000000000000044,0.0013116790556523482,-4.1608204035973175,"{""0"": 32930, ""1"": 27766, ""2"": 24519, ""3"": 22617, ""4"": 21175, ""5"": 28792}",connected
157899,462,20000,0.050000000000000044,0.001018579425435746,-4.1608204035973175,"{""0"": 32980, ""1"": 27769, ""2"": 24545, ""3"": 22617, ""4"": 21176, ""5"": 28812}",connected
157999,462,20000,0.050000000000000044,0.0010286347358487546,-4.1608204035973175,"{""0"": 33000, ""1"": 27769, ""2"": 24581, ""3"": 22617, ""4"": 21176, ""5"": 28856}",connected
158099,462,20000,0.050000000000000044,0.0010089079293538817,-4.1608204035973175,"{""0"": 33017, ""1"": 27770, ""2"": 24599, ""3"": 22618, ""4"": 21176, ""5"": 28919}",connected
158199,462,20000,0.050000000000000044,0.0010145847935928032,-4.1608204035973175,"{""0"": 33074, ""1"": 27770, ""2"": 24618, ""3"": 22618, ""4"": 21177, ""5"": 28942}",connected
158299,462,20000,0.050000000000000044,0.0010458870834554545,-4.1608204035973175,"{""0"": 33108, ""1"": 27772, ""2"": 24654, ""3"": 22620, ""4"": 21178, ""5"": 28967}",connected
158399,462,20000,0.050000000000000044,0.001236750354146352,-4.1608204035973175,"{""0"": 33151, ""1"": 27772, ""2"": 24673, ""3"": 22620, ""4"": 21178, ""5"": 29005}",connected
158499,464,20000,0.050000000000000044,0.0010787208772671875,-4.1529042766010384,"{""0"": 33225, ""1"": 27773, ""2"": 24683, ""3"": 22621, ""4"": 21178, ""5"": 29019}",connected
158599,464,20000,0.050000000000000044,0.0012982419738546015,-4.1529042766010384,"{""0"": 33232, ""1"": 27773, ""2"": 24717, ""3"": 22629, ""4"": 21199, ""5"": 29049}",connected
158699,464,20000,0.050000000000000044,0.0012941288281581365,-4.1529042766010384,"{""0"": 33233, ""1"": 27775, ""2"": 24764, ""3"": 22629, ""4"": 21199, ""5"": 29099}",connected
158799,464,20000,0.050000000000000044,0.001219013245572569,-4.1529042766010384,"{""0"": 33244, ""1"": 27775, ""2"": 24792, ""3"": 22629, ""4"": 21199, ""5"": 29160}",connected
158899,464,20000,0.050000000000000044,0.0013332976093806792,-4.1529042766010384,"{""0"": 33248, ""1"": 27775, ""2"": 24844, ""3"": 22634, ""4"": 21204, ""5"": 29194}",connected
158999,464,20000,0.050000000000000044,0.0011394824451417662,-4.1529042766010384,"{""0"": 33256, ""1"": 27777, ""2"": 24906, ""3"": 22638, ""4"": 21207, ""5"": 29215}",connected
159099,464,20000,0.050000000000000044,0.0012447286667884327,-4.1529042766010384,"{""0"": 33316, ""1"": 27777, ""2"": 24918, ""3"": 22638, ""4"": 21207, ""5"": 29243}",connected
159199,464,20000,0.050000000000000044,0.0017863184967427514,-4.1529042766010384,"{""0"": 33345, ""1"": 27777, ""2"": 24943, ""3"": 22648, ""4"": 21218, ""5"": 29268}",connected
159299,466,20000,0.050000000000000044,0.0018200094485655426,-4.143580574360676,"{""0"": 33373, ""1"": 27777, ""2"": 24998, ""3"": 22652, ""4"": 21225, ""5"": 29274}",connected
159399,466,20000,0.050000000000000044,0.0018653600057587027,-4.143580574360676,"{""0"": 33394, ""1"": 27778, ""2"": 25017, ""3"": 22662, ""4"": 21261, ""5"": 29287}",connected
159499,466,20000,0.050000000000000044,0.0019198163540568203,-4.143580574360676,"{""0"": 33427, ""1"": 27778, ""2"": 25023, ""3"": 22663, ""4"": 21297, ""5"": 29311}",connected
159599,466,20000,0.050000000000000044,0.0014247760162106715,-4.143580574360676,"{""0"": 33437, ""1"": 27781, ""2"": 25059, ""3"": 22665, ""4"": 21305, ""5"": 29352}",connected
159699,466,20000,0.050000000000000044,0.0013642128184437753,-4.143580574360676,"{""0"": 33464, ""1"": 27782, ""2"": 25073, ""3"": 22679, ""4"": 21314, ""5"": 29387}",connected
159799,466,20000,0.050000000000000044,0.0014627075601310936,-4.143580574360676,"{""0"": 33477, ""1"": 27782, ""2"": 25078, ""3"": 22707, ""4"": 21324, ""5"": 29431}",connected
159899,466,20000,0.050000000000000044,0.0013774833946081345,-4.143580574360676,"{""0"": 33491, ""1"": 27784, ""2"": 25093, ""3"": 22729, ""4"": 21336, ""5"": 29466}",connected
159999,468,20000,0.050000000000000044,0.0012382556303055026,-4.13320663113147,"{""0"": 33532, ""1"": 27786, ""2"": 25113, ""3"": 22733, ""4"": 21348, ""5"": 29487}",connected
160099,468,20000,0.050000000000000044,0.0012901890857028775,-4.13320663113147,"{""0"": 33540, ""1"": 27786, ""2"": 25151, ""3"": 22736, ""4"": 21359, ""5"": 29527}",connected
160199,468,20000,0.050000000000000044,0.0011789568171661812,-4.13320663113147,"{""0"": 33602, ""1"": 27787, ""2"": 25153, ""3"": 22739, ""4"": 21377, ""5"": 29541}",connected
160299,468,20000,0.050000000000000044,0.0012821667910611722,-4.13320663113147,"{""0"": 33629, ""1"": 27788, ""2"": 25165, ""3"": 22743, ""4"": 21393, ""5"": 29581}",connected
160399,468,20000,0.050000000000000044,0.001288460361538455,-4.13320663113147,"{""0"": 33687, ""1"": 27788, ""2"": 25173, ""3"": 22747, ""4"": 21410, ""5"": 29594}",connected
160499,468,20000,0.050000000000000044,0.001386938538053073,-4.13320663113147,"{""0"": 33715, ""1"": 27788, ""2"": 25177, ""3"": 22747, ""4"": 21456, ""5"": 29616}",connected
160599,468,20000,0.050000000000000044,0.001505212354240939,-4.13320663113147,"{""0"": 33738, ""1"": 27788, ""2"": 25183, ""3"": 22747, ""4"": 21499, ""5"": 29644}",connected
160699,470,20000,0.050000000000000044,0.001631480540963821,-4.128956528133712,"{""0"": 33763, ""1"": 27788, ""2"": 25211, ""3"": 22751, ""4"": 21531, ""5"": 29655}",connected
160799,470,20000,0.050000000000000044,0.0016227325171348638,-4.128956528133712,"{""0"": 33784, ""1"": 27789, ""2"": 25258, ""3"": 22751, ""4"": 21532, ""5"": 29685}",connected
160899,470,20000,0.050000000000000044,0.0015968141605844722,-4.128956528133712,"{""0"": 33839, ""1"": 27789, ""2"": 25298, ""3"": 22752, ""4"": 21532, ""5"": 29689}",connected
160999,470,20000,0.050000000000000044,0.001776901087432634,-4.128956528133712,"{""0"": 33889, ""1"": 27789, ""2"": 25347, ""3"": 22752, ""4"": 21532, ""5"": 29690}",connected
161099,470,20000,0.050000000000000044,0.0015994268815848044,-4.128956528133712,"{""0"": 33968, ""1"": 27790, ""2"": 25365, ""3"": 22752, ""4"": 21532, ""5"": 29692}",connected
161199,470,20000,0.050000000000000044,0.001546791186410701,-4.128956528133712,"{""0"": 34021, ""1"": 27793, ""2"": 25406, ""3"": 22753, ""4"": 21533, ""5"": 29693}",connected
161299,470,20000,0.050000000000000044,0.0014124051113321911,-4.128956528133712,"{""0"": 34094, ""1"": 27797, ""2"": 25426, ""3"": 22754, ""4"": 21535, ""5"": 29693}",connected
161399,472,20000,0.050000000000000044,0.0012333783504436724,-4.125173071697354,"{""0"": 34120, ""1"": 27799, ""2"": 25434, ""3"": 22770, ""4"": 21564, ""5"": 29712}",connected
161499,472,20000,0.050000000000000044,0.0012079290120163933,-4.125173071697354,"{""0"": 34184, ""1"": 27800, ""2"": 25450, ""3"": 22775, ""4"": 21573, ""5"": 29717}",connected
161599,472,20000,0.050000000000000044,0.0014318154017382767,-4.125173071697354,"{""0"": 34216, ""1"": 27800, ""2"": 25458, ""3"": 22779, ""4"": 21577, ""5"": 29769}",connected
161699,472,20000,0.050000000000000044,0.0015124119746906218,-4.125173071697354,"{""0"": 34267, ""1"": 27800, ""2"": 25487, ""3"": 22779, ""4"": 21577, ""5"": 29789}",connected
161799,472,20000,0.050000000000000044,0.0015638955845497548,-4.125173071697354,"{""0"": 34320, ""1"": 27802, ""2"": 25518, ""3"": 22782, ""4"": 21584, ""5"": 29793}",connected
161899,472,20000,0.050000000000000044,0.001451424426632002,-4.125173071697354,"{""0"": 34323, ""1"": 27802, ""2"": 25538, ""3"": 22782, ""4"": 21584, ""5"": 29870}",connected
161999,472,20000,0.050000000000000044,0.001213658536580624,-4.125173071697354,"{""0"": 34363, ""1"": 27803, ""2"": 25554, ""3"": 22782, ""4"": 21585, ""5"": 29912}",connected
162099,472,20000,0.050000000000000044,0.0010411795396066737,-4.125173071697354,"{""0"": 34374, ""1"": 27803, ""2"": 25555, ""3"": 22782, ""4"": 21585, ""5"": 30000}",connected
162199,474,20000,0.050000000000000044,0.0009835202920658048,-4.114505880498327,"{""0"": 34404, ""1"": 27805, ""2"": 25567, ""3"": 22782, ""4"": 21591, ""5"": 30050}",connected
162299,474,20000,0.050000000000000044,0.0012211136681435164,-4.114505880498327,"{""0"": 34480, ""1"": 27807, ""2"": 25574, ""3"": 22782, ""4"": 21592, ""5"": 30064}",connected
162399,474,20000,0.050000000000000044,0.001388214744220022,-4.114505880498327,"{""0"": 34515, ""1"": 27807, ""2"": 25582, ""3"": 22796, ""4"": 21610, ""5"": 30089}",connected
162499,474,20000,0.050000000000000044,0.0015279161679791287,-4.114505880498327,"{""0"": 34530, ""1"": 27808, ""2"": 25656, ""3"": 22798, ""4"": 21614, ""5"": 30093}",connected
162599,474,20000,0.050000000000000044,0.0016989531664876266,-4.114505880498327,"{""0"": 34570, ""1"": 27809, ""2"": 25698, ""3"": 22799, ""4"": 21614, ""5"": 30109}",connected
162699,474,20000,0.050000000000000044,0.0016046843377989716,-4.114505880498327,"{""0"": 34595, ""1"": 27810, ""2"": 25728, ""3"": 22799, ""4"": 21614, ""5"": 30153}",connected
162799,474,20000,0.050000000000000044,0.0015566741507791449,-4.114505880498327,"{""0"": 34645, ""1"": 27812, ""2"": 25745, ""3"": 22801, ""4"": 21614, ""5"": 30182}",connected
162899,476,20000,0.050000000000000044,0.0014805126993451267,-4.111848535309545,"{""0"": 34660, ""1"": 27812, ""2"": 25809, ""3"": 22806, ""4"": 21625, ""5"": 30187}",connected
162999,476,20000,0.050000000000000044,0.0014147735593724065,-4.111848535309545,"{""0"": 34687, ""1"": 27812, ""2"": 25877, ""3"": 22806, ""4"": 21625, ""5"": 30192}",connected
163099,476,20000,0.050000000000000044,0.0014677313328138554,-4.111848535309545,"{""0"": 34751, ""1"": 27812, ""2"": 25904, ""3"": 22807, ""4"": 21627, ""5"": 30198}",connected
163199,476,20000,0.050000000000000044,0.0014264358340005856,-4.111848535309545,"{""0"": 34803, ""1"": 27813, ""2"": 25938, ""3"": 22808, ""4"": 21628, ""5"": 30209}",connected
163299,476,20000,0.050000000000000044,0.0014331876565120182,-4.111848535309545,"{""0"": 34855, ""1"": 27816, ""2"": 25982, ""3"": 22808, ""4"": 21628, ""5"": 30210}",connected
163399,476,20000,0.050000000000000044,0.00127734781766776,-4.111848535309545,"{""0"": 34926, ""1"": 27816, ""2"": 26007, ""3"": 22808, ""4"": 21628, ""5"": 30214}",connected
163499,476,20000,0.050000000000000044,0.0010918500847765245,-4.111848535309545,"{""0"": 34981, ""1"": 27818, ""2"": 26035, ""3"": 22809, ""4"": 21629, ""5"": 30227}",connected
163599,478,20000,0.050000000000000044,0.0010356343688908965,-4.110280109220184,"{""0"": 34994, ""1"": 27819, ""2"": 26066, ""3"": 22809, ""4"": 21634, ""5"": 30277}",connected
163699,478,20000,0.050000000000000044,0.0012359688090509734,-4.110280109220184,"{""0"": 35037, ""1"": 27819, ""2"": 26073, ""3"": 22822, ""4"": 21661, ""5"": 30287}",connected
163799,478,20000,0.050000000000000044,0.0013675487641012297,-4.110280109220184,"{""0"": 35046, ""1"": 27871, ""2"": 26083, ""3"": 22834, ""4"": 21676, ""5"": 30289}",connected
163899,478,20000,0.050000000000000044,0.001475184016453568,-4.110280109220184,"{""0"": 35049, ""1"": 27925, ""2"": 26100, ""3"": 22847, ""4"": 21688, ""5"": 30290}",connected
163999,478,20000,0.050000000000000044,0.0015523126677726396,-4.110280109220184,"{""0"": 35055, ""1"": 27972, ""2"": 26132, ""3"": 22853, ""4"": 21696, ""5"": 30291}",connected
164099,478,20000,0.050000000000000044,0.001393535122042522,-4.110280109220184,"{""0"": 35075, ""1"": 27992, ""2"": 26155, ""3"": 22866, ""4"": 21715, ""5"": 30296}",connected
164199,478,20000,0.050000000000000044,0.0015205136305303313,-4.110280109220184,"{""0"": 35078, ""1"": 27999, ""2"": 26181, ""3"": 22891, ""4"": 21732, ""5"": 30318}",connected
164299,480,20000,0.050000000000000044,0.0015497312473598869,-4.147170449350961,"{""0"": 35099, ""1"": 28000, ""2"": 26225, ""3"": 22898, ""4"": 21737, ""5"": 30340}",connected
164399,480,20000,0.050000000000000044,0.0014802146280999296,-4.147170449350961,"{""0"": 35108, ""1"": 28006, ""2"": 26268, ""3"": 22908, ""4"": 21760, ""5"": 30349}",connected
164499,480,20000,0.050000000000000044,0.0014475484291324391,-4.147170449350961,"{""0"": 35169, ""1"": 28007, ""2"": 26270, ""3"": 22908, ""4"": 21763, ""5"": 30382}",connected
164599,480,20000,0.050000000000000044,0.0011641203233739362,-4.147170449350961,"{""0"": 35179, ""1"": 28007, ""2"": 26283, ""3"": 22939, ""4"": 21775, ""5"": 30416}",connected
164699,480,20000,0.050000000000000044,0.0012201668880879879,-4.147170449350961,"{""0"": 35180, ""1"": 28009, ""2"": 26298, ""3"": 22973, ""4"": 21803, ""5"": 30436}",connected
164799,480,20000,0.050000000000000044,0.0011892470266320742,-4.147170449350961,"{""0"": 35200, ""1"": 28011, ""2"": 26322, ""3"": 22996, ""4"": 21815, ""5"": 30455}",connected
164899,480,20000,0.050000000000000044,0.0010839968745131046,-4.147170449350961,"{""0"": 35212, ""1"": 28023, ""2"": 26345, ""3"": 23014, ""4"": 21827, ""5"": 30478}",connected
164999,480,20000,0.050000000000000044,0.0011540793927269988,-4.147170449350961,"{""0"": 35216, ""1"": 28039, ""2"": 26371, ""3"": 23031, ""4"": 21842, ""5"": 30500}",connected
165099,482,20000,0.050000000000000044,0.0010939795141166541,-4.149978235913441,"{""0"": 35283, ""1"": 28043, ""2"": 26392, ""3"": 23031, ""4"": 21846, ""5"": 30504}",connected
165199,482,20000,0.050000000000000044,0.0011194840744428803,-4.149978235913441,"{""0"": 35341, ""1"": 28044, ""2"": 26432, ""3"": 23031, ""4"": 21846, ""5"": 30505}",connected
165299,482,20000,0.050000000000000044,0.001167032418452436,-4.149978235913441,"{""0"": 35388, ""1"": 28045, ""2"": 26477, ""3"": 23032, ""4"": 21846, ""5"": 30511}",connected
165399,482,20000,0.050000000000000044,0.0011092617048416287,-4.149978235913441,"{""0"": 35429, ""1"": 28047, ""2"": 26534, ""3"": 23032, ""4"": 21846, ""5"": 30511}",connected
165499,482,20000,0.050000000000000044,0.0011173741244419944,-4.149978235913441,"{""0"": 35482, ""1"": 28056, ""2"": 26551, ""3"": 23036, ""4"": 21854, ""5"": 30520}",connected
165599,482,20000,0.050000000000000044,0.0010940749403380323,-4.149978235913441,"{""0"": 35494, ""1"": 28060, ""2"": 26568, ""3"": 23062, ""4"": 21886, ""5"": 30529}",connected
165699,482,20000,0.050000000000000044,0.0012635388971830252,-4.149978235913441,"{""0"": 35512, ""1"": 28065, ""2"": 26581, ""3"": 23081, ""4"": 21910, ""5"": 30550}",connected
165799,484,20000,0.050000000000000044,0.0012094777305901516,-4.139987129867077,"{""0"": 35527, ""1"": 28068, ""2"": 26625, ""3"": 23087, ""4"": 21927, ""5"": 30565}",connected
165899,484,20000,0.050000000000000044,0.0010742043903155718,-4.139987129867077,"{""0"": 35567, ""1"": 28068, ""2"": 26647, ""3"": 23105, ""4"": 21946, ""5"": 30566}",connected
165999,484,20000,0.050000000000000044,0.0012597458036907483,-4.139987129867077,"{""0"": 35607, ""1"": 28069, ""2"": 26658, ""3"": 23116, ""4"": 21968, ""5"": 30581}",connected
166099,484,20000,0.050000000000000044,0.0011336985988600644,-4.139987129867077,"{""0"": 35650, ""1"": 28069, ""2"": 26670, ""3"": 23118, ""4"": 21978, ""5"": 30614}",connected
166199,484,20000,0.050000000000000044,0.001248332351242425,-4.139987129867077,"{""0"": 35679, ""1"": 28069, ""2"": 26705, ""3"": 23125, ""4"": 21986, ""5"": 30635}",connected
166299,484,20000,0.050000000000000044,0.0011599448270862922,-4.139987129867077,"{""0"": 35705, ""1"": 28069, ""2"": 26741, ""3"": 23129, ""4"": 21991, ""5"": 30664}",connected
166399,484,20000,0.050000000000000044,0.00105864178360207,-4.139987129867077,"{""0"": 35731, ""1"": 28071, ""2"": 26748, ""3"": 23136, ""4"": 22026, ""5"": 30687}",connected
166499,486,20000,0.050000000000000044,0.0009996127607882954,-4.139858523099683,"{""0"": 35755, ""1"": 28081, ""2"": 26781, ""3"": 23148, ""4"": 22039, ""5"": 30695}",connected
166599,486,20000,0.050000000000000044,0.0010611697245622054,-4.139858523099683,"{""0"": 35774, ""1"": 28086, ""2"": 26832, ""3"": 23154, ""4"": 22055, ""5"": 30698}",connected
166699,486,20000,0.050000000000000044,0.00114482583157951,-4.139858523099683,"{""0"": 35789, ""1"": 28087, ""2"": 26839, ""3"": 23187, ""4"": 22093, ""5"": 30704}",connected
166799,486,20000,0.050000000000000044,0.001100773019134067,-4.139858523099683,"{""0"": 35800, ""1"": 28090, ""2"": 26865, ""3"": 23214, ""4"": 22109, ""5"": 30721}",connected
166899,486,20000,0.050000000000000044,0.0010947077465243637,-4.139858523099683,"{""0"": 35801, ""1"": 28091, ""2"": 26871, ""3"": 23218, ""4"": 22114, ""5"": 30804}",connected
166999,486,20000,0.050000000000000044,0.0009617910069937352,-4.139858523099683,"{""0"": 35824, ""1"": 28091, ""2"": 26875, ""3"": 23243, ""4"": 22131, ""5"": 30835}",connected
167099,486,20000,0.050000000000000044,0.0009146749781211839,-4.139858523099683,"{""0"": 35852, ""1"": 28093, ""2"": 26880, ""3"": 23258, ""4"": 22145, ""5"": 30871}",connected
167199,488,20000,0.050000000000000044,0.001174541872314876,-4.137966745323501,"{""0"": 35865, ""1"": 28096, ""2"": 26893, ""3"": 23289, ""4"": 22181, ""5"": 30875}",connected
167299,488,20000,0.050000000000000044,0.0011313913280901033,-4.137966745323501,"{""0"": 35888, ""1"": 28096, ""2"": 26904, ""3"": 23304, ""4"": 22208, ""5"": 30899}",connected
167399,488,20000,0.050000000000000044,0.0010118932370096446,-4.137966745323501,"{""0"": 35910, ""1"": 28098, ""2"": 26912, ""3"": 23311, ""4"": 22232, ""5"": 30936}",connected
167499,488,20000,0.050000000000000044,0.0011325009800202679,-4.137966745323501,"{""0"": 35929, ""1"": 28101, ""2"": 26942, ""3"": 23327, ""4"": 22254, ""5"": 30946}",connected
167599,488,20000,0.050000000000000044,0.0010793639611802065,-4.137966745323501,"{""0"": 35940, ""1"": 28104, ""2"": 26996, ""3"": 23331, ""4"": 22256, ""5"": 30972}",connected
167699,488,20000,0.050000000000000044,0.0010942030718433672,-4.137966745323501,"{""0"": 35961, ""1"": 28109, ""2"": 27040, ""3"": 23331, ""4"": 22258, ""5"": 31000}",connected
167799,488,20000,0.050000000000000044,0.0013542660367966163,-4.137966745323501,"{""0"": 36001, ""1"": 28111, ""2"": 27088, ""3"": 23336, ""4"": 22259, ""5"": 31004}",connected
167899,488,20000,0.050000000000000044,0.0011858425062382593,-4.137966745323501,"{""0"": 36046, ""1"": 28121, ""2"": 27111, ""3"": 23339, ""4"": 22273, ""5"": 31009}",connected
167999,490,20000,0.050000000000000044,0.0012813573723542504,-4.137718422110193,"{""0"": 36120, ""1"": 28121, ""2"": 27124, ""3"": 23340, ""4"": 22282, ""5"": 31012}",connected
168099,490,20000,0.050000000000000044,0.0012987499698647298,-4.137718422110193,"{""0"": 36144, ""1"": 28121, ""2"": 27190, ""3"": 23340, ""4"": 22282, ""5"": 31022}",connected
168199,490,20000,0.050000000000000044,0.001258188147621695,-4.137718422110193,"{""0"": 36177, ""1"": 28122, ""2"": 27199, ""3"": 23340, ""4"": 22282, ""5"": 31079}",connected
168299,490,20000,0.050000000000000044,0.0014818934313370847,-4.137718422110193,"{""0"": 36189, ""1"": 28122, ""2"": 27227, ""3"": 23340, ""4"": 22282, ""5"": 31139}",connected
168399,490,20000,0.050000000000000044,0.0011809887044364586,-4.137718422110193,"{""0"": 36189, ""1"": 28150, ""2"": 27260, ""3"": 23345, ""4"": 22286, ""5"": 31169}",connected
168499,490,20000,0.050000000000000044,0.0012275242649775464,-4.137718422110193,"{""0"": 36196, ""1"": 28171, ""2"": 27304, ""3"": 23371, ""4"": 22288, ""5"": 31169}",connected
168599,490,20000,0.050000000000000044,0.0010704443739086855,-4.137718422110193,"{""0"": 36196, ""1"": 28171, ""2"": 27346, ""3"": 23420, ""4"": 22291, ""5"": 31175}",connected
168699,492,20000,0.050000000000000044,0.0009014174148614984,-4.155215314812958,"{""0"": 36204, ""1"": 28171, ""2"": 27385, ""3"": 23445, ""4"": 22311, ""5"": 31183}",connected
168799,492,20000,0.050000000000000044,0.0009939872335235122,-4.155215314812958,"{""0"": 36229, ""1"": 28174, ""2"": 27400, ""3"": 23460, ""4"": 22323, ""5"": 31213}",connected
168899,492,20000,0.050000000000000044,0.0010220342138200066,-4.155215314812958,"{""0"": 36243, ""1"": 28191, ""2"": 27425, ""3"": 23470, ""4"": 22340, ""5"": 31230}",connected
168999,492,20000,0.050000000000000044,0.0010217314830515533,-4.155215314812958,"{""0"": 36258, ""1"": 28196, ""2"": 27461, ""3"": 23473, ""4"": 22341, ""5"": 31270}",connected
169099,492,20000,0.050000000000000044,0.0012662977060244884,-4.155215314812958,"{""0"": 36263, ""1"": 28196, ""2"": 27479, ""3"": 23488, ""4"": 22353, ""5"": 31320}",connected
169199,492,20000,0.050000000000000044,0.0012171043069974985,-4.155215314812958,"{""0"": 36304, ""1"": 28198, ""2"": 27517, ""3"": 23492, ""4"": 22356, ""5"": 31332}",connected
169299,492,20000,0.050000000000000044,0.001441428140969947,-4.155215314812958,"{""0"": 36360, ""1"": 28198, ""2"": 27523, ""3"": 23496, ""4"": 22359, ""5"": 31363}",connected
169399,494,20000,0.050000000000000044,0.0016162945234100335,-4.156599603863433,"{""0"": 36377, ""1"": 28198, ""2"": 27576, ""3"": 23508, ""4"": 22372, ""5"": 31368}",connected
169499,494,20000,0.050000000000000044,0.0014536651897651609,-4.156599603863433,"{""0"": 36382, ""1"": 28198, ""2"": 27583, ""3"": 23570, ""4"": 22396, ""5"": 31370}",connected
169599,494,20000,0.050000000000000044,0.0014298657119798009,-4.156599603863433,"{""0"": 36387, ""1"": 28200, ""2"": 27635, ""3"": 23577, ""4"": 22414, ""5"": 31386}",connected
169699,494,20000,0.050000000000000044,0.0011615086105302907,-4.156599603863433,"{""0"": 36438, ""1"": 28202, ""2"": 27663, ""3"": 23581, ""4"": 22417, ""5"": 31398}",connected
169799,494,20000,0.050000000000000044,0.001063068533258047,-4.156599603863433,"{""0"": 36458, ""1"": 28202, ""2"": 27682, ""3"": 23581, ""4"": 22446, ""5"": 31430}",connected
169899,494,20000,0.050000000000000044,0.0009794043502188287,-4.156599603863433,"{""0"": 36472, ""1"": 28202, ""2"": 27690, ""3"": 23597, ""4"": 22467, ""5"": 31471}",connected
169999,494,20000,0.050000000000000044,0.0012395379776717163,-4.156599603863433,"{""0"": 36521, ""1"": 28202, ""2"": 27716, ""3"": 23598, ""4"": 22470, ""5"": 31492}",connected
170099,496,20000,0.050000000000000044,0.0011675258731702342,-4.152711599702015,"{""0"": 36538, ""1"": 28202, ""2"": 27720, ""3"": 23601, ""4"": 22491, ""5"": 31547}",connected
170199,496,20000,0.050000000000000044,0.001154867768927943,-4.152711599702015,"{""0"": 36571, ""1"": 28205, ""2"": 27738, ""3"": 23611, ""4"": 22506, ""5"": 31568}",connected
170299,496,20000,0.050000000000000044,0.001272809271758888,-4.152711599702015,"{""0"": 36583, ""1"": 28205, ""2"": 27754, ""3"": 23612, ""4"": 22541, ""5"": 31604}",connected
170399,496,20000,0.050000000000000044,0.0011407168678124436,-4.152711599702015,"{""0"": 36616, ""1"": 28205, ""2"": 27788, ""3"": 23618, ""4"": 22553, ""5"": 31619}",connected
170499,496,20000,0.050000000000000044,0.0012305841939814855,-4.152711599702015,"{""0"": 36646, ""1"": 28206, ""2"": 27811, ""3"": 23620, ""4"": 22567, ""5"": 31649}",connected
170599,496,20000,0.050000000000000044,0.0013410579469928052,-4.152711599702015,"{""0"": 36657, ""1"": 28206, ""2"": 27813, ""3"": 23638, ""4"": 22588, ""5"": 31697}",connected
170699,496,20000,0.050000000000000044,0.0012060043976816815,-4.152711599702015,"{""0"": 36674, ""1"": 28206, ""2"": 27813, ""3"": 23640, ""4"": 22592, ""5"": 31774}",connected
170799,496,20000,0.050000000000000044,0.0009896727102750448,-4.152711599702015,"{""0"": 36717, ""1"": 28207, ""2"": 27821, ""3"": 23656, ""4"": 22602, ""5"": 31796}",connected
170899,498,20000,0.050000000000000044,0.0011267804238013924,-4.148452627970837,"{""0"": 36732, ""1"": 28208, ""2"": 27852, ""3"": 23658, ""4"": 22629, ""5"": 31820}",connected
170999,498,20000,0.050000000000000044,0.0010859888308914379,-4.148452627970837,"{""0"": 36750, ""1"": 28210, ""2"": 27889, ""3"": 23664, ""4"": 22635, ""5"": 31851}",connected
171099,498,20000,0.050000000000000044,0.001161630701390095,-4.148452627970837,"{""0"": 36764, ""1"": 28211, ""2"": 27895, ""3"": 23684, ""4"": 22673, ""5"": 31872}",connected
171199,498,20000,0.050000000000000044,0.0012783374020364135,-4.148452627970837,"{""0"": 36777, ""1"": 28211, ""2"": 27898, ""3"": 23725, ""4"": 22701, ""5"": 31887}",connected
171299,498,20000,0.050000000000000044,0.0011556258908240124,-4.148452627970837,"{""0"": 36783, ""1"": 28211, ""2"": 27902, ""3"": 23751, ""4"": 22725, ""5"": 31927}",connected
171399,498,20000,0.050000000000000044,0.0010650085061206483,-4.148452627970837,"{""0"": 36830, ""1"": 28211, ""2"": 27907, ""3"": 23770, ""4"": 22735, ""5"": 31946}",connected
171499,498,20000,0.050000000000000044,0.0011414547948515974,-4.148452627970837,"{""0"": 36850, ""1"": 28213, ""2"": 27913, ""3"": 23786, ""4"": 22739, ""5"": 31998}",connected
171599,500,20000,0.050000000000000044,0.0010541937257221433,-4.144353794232011,"{""0"": 36899, ""1"": 28213, ""2"": 27923, ""3"": 23788, ""4"": 22749, ""5"": 32027}",connected
171699,500,20000,0.050000000000000044,0.0011897687302553095,-4.144353794232011,"{""0"": 36902, ""1"": 28215, ""2"": 27940, ""3"": 23802, ""4"": 22773, ""5"": 32067}",connected
171799,500,20000,0.050000000000000044,0.0013378379200003109,-4.144353794232011,"{""0"": 36905, ""1"": 28215, ""2"": 27955, ""3"": 23812, ""4"": 22781, ""5"": 32131}",connected
171899,500,20000,0.050000000000000044,0.0012983521725982428,-4.144353794232011,"{""0"": 36908, ""1"": 28216, ""2"": 27964, ""3"": 23815, ""4"": 22783, ""5"": 32213}",connected
171999,500,20000,0.050000000000000044,0.001266704870358808,-4.144353794232011,"{""0"": 36919, ""1"": 28218, ""2"": 27984, ""3"": 23816, ""4"": 22785, ""5"": 32277}",connected
172099,500,20000,0.050000000000000044,0.0010868611682963091,-4.144353794232011,"{""0"": 36945, ""1"": 28219, ""2"": 27987, ""3"": 23817, ""4"": 22786, ""5"": 32345}",connected
172199,500,20000,0.050000000000000044,0.0009325576144328806,-4.144353794232011,"{""0"": 36947, ""1"": 28220, ""2"": 27993, ""3"": 23818, ""4"": 22787, ""5"": 32434}",connected
172299,502,20000,0.050000000000000044,0.0008247804948769044,-4.140717123788781,"{""0"": 36978, ""1"": 28221, ""2"": 28005, ""3"": 23823, ""4"": 22801, ""5"": 32471}",connected
172399,502,20000,0.050000000000000044,0.000970806529658148,-4.140717123788781,"{""0"": 37019, ""1"": 28221, ""2"": 28013, ""3"": 23825, ""4"": 22824, ""5"": 32497}",connected
172499,502,20000,0.050000000000000044,0.001089289118826855,-4.140717123788781,"{""0"": 37020, ""1"": 28224, ""2"": 28056, ""3"": 23829, ""4"": 22832, ""5"": 32538}",connected
172599,502,20000,0.050000000000000044,0.001094530722766649,-4.140717123788781,"{""0"": 37028, ""1"": 28226, ""2"": 28065, ""3"": 23831, ""4"": 22838, ""5"": 32611}",connected
172699,502,20000,0.050000000000000044,0.0012978321601985953,-4.140717123788781,"{""0"": 37034, ""1"": 28227, ""2"": 28066, ""3"": 23850, ""4"": 22851, ""5"": 32671}",connected
172799,502,20000,0.050000000000000044,0.0011634906075778417,-4.140717123788781,"{""0"": 37059, ""1"": 28231, ""2"": 28075, ""3"": 23867, ""4"": 22866, ""5"": 32701}",connected
172899,502,20000,0.050000000000000044,0.0011140830742078834,-4.140717123788781,"{""0"": 37064, ""1"": 28231, ""2"": 28076, ""3"": 23878, ""4"": 22870, ""5"": 32780}",connected
172999,504,20000,0.050000000000000044,0.0012017723909229971,-4.139031356680207,"{""0"": 37107, ""1"": 28233, ""2"": 28086, ""3"": 23879, ""4"": 22876, ""5"": 32818}",connected
173099,504,20000,0.050000000000000044,0.001047696942841867,-4.139031356680207,"{""0"": 37123, ""1"": 28233, ""2"": 28111, ""3"": 23886, ""4"": 22890, ""5"": 32856}",connected
173199,504,20000,0.050000000000000044,0.0011473032111825887,-4.139031356680207,"{""0"": 37134, ""1"": 28234, ""2"": 28152, ""3"": 23889, ""4"": 22905, ""5"": 32885}",connected
173299,504,20000,0.050000000000000044,0.0010404147281951736,-4.139031356680207,"{""0"": 37137, ""1"": 28235, ""2"": 28159, ""3"": 23889, ""4"": 22916, ""5"": 32963}",connected
173399,504,20000,0.050000000000000044,0.0009541684582654853,-4.139031356680207,"{""0"": 37153, ""1"": 28237, ""2"": 28161, ""3"": 23912, ""4"": 22928, ""5"": 33008}",connected
173499,504,20000,0.050000000000000044,0.0009880746668204665,-4.139031356680207,"{""0"": 37181, ""1"": 28237, ""2"": 28175, ""3"": 23921, ""4"": 22931, ""5"": 33054}",connected
173599,504,20000,0.050000000000000044,0.0009485532389953733,-4.139031356680207,"{""0"": 37185, ""1"": 28238, ""2"": 28176, ""3"": 23929, ""4"": 22935, ""5"": 33136}",connected
173699,504,20000,0.050000000000000044,0.0010598907637177036,-4.139031356680207,"{""0"": 37187, ""1"": 28238, ""2"": 28183, ""3"": 23961, ""4"": 22969, ""5"": 33161}",connected
173799,506,20000,0.050000000000000044,0.0011410874521243387,-4.137298175310716,"{""0"": 37203, ""1"": 28239, ""2"": 28208, ""3"": 23979, ""4"": 22990, ""5"": 33180}",connected
173899,506,20000,0.050000000000000044,0.0012556132028112188,-4.137298175310716,"{""0"": 37215, ""1"": 28240, ""2"": 28270, ""3"": 23979, ""4"": 22992, ""5"": 33203}",connected
173999,506,20000,0.050000000000000044,0.0012650364174623973,-4.137298175310716,"{""0"": 37229, ""1"": 28242, ""2"": 28281, ""3"": 23996, ""4"": 23019, ""5"": 33232}",connected
174099,506,20000,0.050000000000000044,0.0012175495436531493,-4.137298175310716,"{""0"": 37245, ""1"": 28245, ""2"": 28290, ""3"": 24021, ""4"": 23039, ""5"": 33259}",connected
174199,506,20000,0.050000000000000044,0.0010757362459844445,-4.137298175310716,"{""0"": 37264, ""1"": 28245, ""2"": 28293, ""3"": 24039, ""4"": 23050, ""5"": 33308}",connected
174299,506,20000,0.050000000000000044,0.0010096041795623024,-4.137298175310716,"{""0"": 37279, ""1"": 28245, ""2"": 28295, ""3"": 24058, ""4"": 23061, ""5"": 33361}",connected
174399,506,20000,0.050000000000000044,0.0009168112148472574,-4.137298175310716,"{""0"": 37279, ""1"": 28245, ""2"": 28309, ""3"": 24077, ""4"": 23067, ""5"": 33422}",connected
174499,508,20000,0.050000000000000044,0.0009219531030976214,-4.136699261059984,"{""0"": 37309, ""1"": 28249, ""2"": 28327, ""3"": 24092, ""4"": 23082, ""5"": 33440}",connected
174599,508,20000,0.050000000000000044,0.0011016025187564082,-4.136699261059984,"{""0"": 37337, ""1"": 28249, ""2"": 28344, ""3"": 24118, ""4"": 23099, ""5"": 33452}",connected
174699,508,20000,0.050000000000000044,0.0010867230597068555,-4.136699261059984,"{""0"": 37390, ""1"": 28250, ""2"": 28369, ""3"": 24133, ""4"": 23105, ""5"": 33452}",connected
174799,508,20000,0.050000000000000044,0.0012263229108066297,-4.136699261059984,"{""0"": 37398, ""1"": 28252, ""2"": 28387, ""3"": 24178, ""4"": 23121, ""5"": 33463}",connected
174899,508,20000,0.050000000000000044,0.0015597416016680653,-4.136699261059984,"{""0"": 37403, ""1"": 28256, ""2"": 28442, ""3"": 24178, ""4"": 23121, ""5"": 33499}",connected
174999,508,20000,0.050000000000000044,0.0014820925946696661,-4.136699261059984,"{""0"": 37418, ""1"": 28258, ""2"": 28487, ""3"": 24183, ""4"": 23146, ""5"": 33507}",connected
175099,508,20000,0.050000000000000044,0.0015115704413619824,-4.136699261059984,"{""0"": 37442, ""1"": 28259, ""2"": 28492, ""3"": 24185, ""4"": 23185, ""5"": 33536}",connected
175199,510,20000,0.050000000000000044,0.0013717642069968861,-4.130252745673061,"{""0"": 37524, ""1"": 28260, ""2"": 28500, ""3"": 24191, ""4"": 23186, ""5"": 33538}",connected
175299,510,20000,0.050000000000000044,0.0010343495414417703,-4.130252745673061,"{""0"": 37567, ""1"": 28260, ""2"": 28501, ""3"": 24218, ""4"": 23189, ""5"": 33564}",connected
175399,510,20000,0.050000000000000044,0.00109691093370202,-4.130252745673061,"{""0"": 37626, ""1"": 28260, ""2"": 28501, ""3"": 24238, ""4"": 23191, ""5"": 33583}",connected
175499,510,20000,0.050000000000000044,0.0010134637470764574,-4.130252745673061,"{""0"": 37686, ""1"": 28261, ""2"": 28501, ""3"": 24248, ""4"": 23191, ""5"": 33612}",connected
175599,510,20000,0.050000000000000044,0.0010094970880891196,-4.130252745673061,"{""0"": 37696, ""1"": 28265, ""2"": 28515, ""3"": 24289, ""4"": 23210, ""5"": 33624}",connected
175699,510,20000,0.050000000000000044,0.001036362754093716,-4.130252745673061,"{""0"": 37724, ""1"": 28267, ""2"": 28532, ""3"": 24318, ""4"": 23228, ""5"": 33630}",connected
175799,510,20000,0.050000000000000044,0.0008949315750214736,-4.130252745673061,"{""0"": 37769, ""1"": 28267, ""2"": 28542, ""3"": 24325, ""4"": 23240, ""5"": 33656}",connected
175899,512,20000,0.050000000000000044,0.0008752833047765308,-4.122673131758347,"{""0"": 37813, ""1"": 28268, ""2"": 28557, ""3"": 24326, ""4"": 23248, ""5"": 33687}",connected
175999,512,20000,0.050000000000000044,0.0009648375253891573,-4.122673131758347,"{""0"": 37825, ""1"": 28269, ""2"": 28576, ""3"": 24342, ""4"": 23265, ""5"": 33722}",connected
176099,512,20000,0.050000000000000044,0.0010471803693508264,-4.122673131758347,"{""0"": 37829, ""1"": 28269, ""2"": 28628, ""3"": 24347, ""4"": 23287, ""5"": 33739}",connected
176199,512,20000,0.050000000000000044,0.0010696900106268003,-4.122673131758347,"{""0"": 37881, ""1"": 28269, ""2"": 28644, ""3"": 24349, ""4"": 23288, ""5"": 33768}",connected
176299,512,20000,0.050000000000000044,0.0011095555681094992,-4.122673131758347,"{""0"": 37903, ""1"": 28272, ""2"": 28686, ""3"": 24351, ""4"": 23304, ""5"": 33783}",connected
176399,512,20000,0.050000000000000044,0.0013015728983737063,-4.122673131758347,"{""0"": 37904, ""1"": 28272, ""2"": 28764, ""3"": 24355, ""4"": 23308, ""5"": 33796}",connected
176499,512,20000,0.050000000000000044,0.0011329068614577408,-4.122673131758347,"{""0"": 37919, ""1"": 28274, ""2"": 28784, ""3"": 24377, ""4"": 23332, ""5"": 33813}",connected
176599,514,20000,0.050000000000000044,0.0010602903393737506,-4.115367248347029,"{""0"": 37936, ""1"": 28278, ""2"": 28798, ""3"": 24403, ""4"": 23337, ""5"": 33847}",connected
176699,514,20000,0.050000000000000044,0.000964686085935682,-4.115367248347029,"{""0"": 37963, ""1"": 28278, ""2"": 28816, ""3"": 24426, ""4"": 23363, ""5"": 33853}",connected
176799,514,20000,0.050000000000000044,0.000753983641625382,-4.115367248347029,"{""0"": 37981, ""1"": 28278, ""2"": 28832, ""3"": 24426, ""4"": 23382, ""5"": 33900}",connected
176899,514,20000,0.050000000000000044,0.0008519454287306871,-4.115367248347029,"{""0"": 38014, ""1"": 28283, ""2"": 28855, ""3"": 24438, ""4"": 23397, ""5"": 33912}",connected
176999,514,20000,0.050000000000000044,0.0009268482722109184,-4.115367248347029,"{""0"": 38021, ""1"": 28286, ""2"": 28880, ""3"": 24439, ""4"": 23400, ""5"": 33973}",connected
177099,514,20000,0.050000000000000044,0.0009188706439454109,-4.115367248347029,"{""0"": 38076, ""1"": 28286, ""2"": 28894, ""3"": 24439, ""4"": 23402, ""5"": 34002}",connected
177199,514,20000,0.050000000000000044,0.0010285151621792466,-4.115367248347029,"{""0"": 38110, ""1"": 28286, ""2"": 28899, ""3"": 24460, ""4"": 23412, ""5"": 34032}",connected
177299,514,20000,0.050000000000000044,0.000935872470290633,-4.115367248347029,"{""0"": 38184, ""1"": 28286, ""2"": 28899, ""3"": 24460, ""4"": 23412, ""5"": 34058}",connected
177399,516,20000,0.050000000000000044,0.000870932509569684,-4.115937750698067,"{""0"": 38225, ""1"": 28286, ""2"": 28916, ""3"": 24466, ""4"": 23431, ""5"": 34075}",connected
177499,516,20000,0.050000000000000044,0.0008937561808852479,-4.115937750698067,"{""0"": 38238, ""1"": 28287, ""2"": 28953, ""3"": 24474, ""4"": 23447, ""5"": 34100}",connected
177599,516,20000,0.050000000000000044,0.0007040374533971771,-4.115937750698067,"{""0"": 38256, ""1"": 28289, ""2"": 28973, ""3"": 24487, ""4"": 23474, ""5"": 34120}",connected
177699,516,20000,0.050000000000000044,0.0008948490879265591,-4.115937750698067,"{""0"": 38290, ""1"": 28295, ""2"": 28997, ""3"": 24489, ""4"": 23482, ""5"": 34146}",connected
177799,516,20000,0.050000000000000044,0.0009282326264656149,-4.115937750698067,"{""0"": 38298, ""1"": 28296, ""2"": 29012, ""3"": 24532, ""4"": 23487, ""5"": 34174}",connected
177899,516,20000,0.050000000000000044,0.0013529737776843832,-4.115937750698067,"{""0"": 38313, ""1"": 28296, ""2"": 29016, ""3"": 24558, ""4"": 23507, ""5"": 34209}",connected
177999,516,20000,0.050000000000000044,0.001434142645157408,-4.115937750698067,"{""0"": 38315, ""1"": 28296, ""2"": 29048, ""3"": 24573, ""4"": 23552, ""5"": 34215}",connected
178099,518,20000,0.050000000000000044,0.0012876528888591564,-4.118174840589054,"{""0"": 38330, ""1"": 28297, ""2"": 29076, ""3"": 24582, ""4"": 23582, ""5"": 34232}",connected
178199,518,20000,0.050000000000000044,0.0012376958783715964,-4.118174840589054,"{""0"": 38354, ""1"": 28301, ""2"": 29090, ""3"": 24584, ""4"": 23591, ""5"": 34279}",connected
178299,518,20000,0.050000000000000044,0.0010075036545458716,-4.118174840589054,"{""0"": 38361, ""1"": 28303, ""2"": 29128, ""3"": 24591, ""4"": 23597, ""5"": 34319}",connected
178399,518,20000,0.050000000000000044,0.001089867954578949,-4.118174840589054,"{""0"": 38364, ""1"": 28307, ""2"": 29160, ""3"": 24593, ""4"": 23598, ""5"": 34377}",connected
178499,518,20000,0.050000000000000044,0.0013224887011165265,-4.118174840589054,"{""0"": 38365, ""1"": 28307, ""2"": 29166, ""3"": 24595, ""4"": 23600, ""5"": 34466}",connected
178599,518,20000,0.050000000000000044,0.0013553803677496036,-4.118174840589054,"{""0"": 38393, ""1"": 28309, ""2"": 29182, ""3"": 24597, ""4"": 23601, ""5"": 34517}",connected
178699,518,20000,0.050000000000000044,0.0012079391843872146,-4.118174840589054,"{""0"": 38394, ""1"": 28310, ""2"": 29202, ""3"": 24604, ""4"": 23604, ""5"": 34585}",connected
178799,520,20000,0.050000000000000044,0.0011447014796431177,-4.115485551324673,"{""0"": 38443, ""1"": 28310, ""2"": 29210, ""3"": 24614, ""4"": 23615, ""5"": 34607}",connected
178899,520,20000,0.050000000000000044,0.0009754948833142407,-4.115485551324673,"{""0"": 38462, ""1"": 28313, ""2"": 29242, ""3"": 24647, ""4"": 23626, ""5"": 34609}",connected
178999,520,20000,0.050000000000000044,0.0009625368453271222,-4.115485551324673,"{""0"": 38490, ""1"": 28313, ""2"": 29273, ""3"": 24679, ""4"": 23634, ""5"": 34610}",connected
179099,520,20000,0.050000000000000044,0.0009891338016313966,-4.115485551324673,"{""0"": 38521, ""1"": 28313, ""2"": 29315, ""3"": 24702, ""4"": 23638, ""5"": 34610}",connected
179199,520,20000,0.050000000000000044,0.0009289540941244922,-4.115485551324673,"{""0"": 38567, ""1"": 28314, ""2"": 29358, ""3"": 24710, ""4"": 23638, ""5"": 34612}",connected
179299,520,20000,0.050000000000000044,0.0008332633221289142,-4.115485551324673,"{""0"": 38573, ""1"": 28315, ""2"": 29405, ""3"": 24752, ""4"": 23642, ""5"": 34612}",connected
179399,520,20000,0.050000000000000044,0.0010020168688788544,-4.115485551324673,"{""0"": 38579, ""1"": 28315, ""2"": 29461, ""3"": 24786, ""4"": 23646, ""5"": 34612}",connected
179499,522,20000,0.050000000000000044,0.0009344469889765605,-4.113516418668442,"{""0"": 38592, ""1"": 28315, ""2"": 29479, ""3"": 24792, ""4"": 23660, ""5"": 34661}",connected
179599,522,20000,0.050000000000000044,0.000983523058675928,-4.113516418668442,"{""0"": 38633, ""1"": 28323, ""2"": 29503, ""3"": 24801, ""4"": 23678, ""5"": 34661}",connected
179699,522,20000,0.050000000000000044,0.001089870690339012,-4.113516418668442,"{""0"": 38669, ""1"": 28330, ""2"": 29522, ""3"": 24807, ""4"": 23691, ""5"": 34680}",connected
179799,522,20000,0.050000000000000044,0.0009145039053692017,-4.113516418668442,"{""0"": 38671, ""1"": 28330, ""2"": 29547, ""3"": 24807, ""4"": 23697, ""5"": 34747}",connected
179899,522,20000,0.050000000000000044,0.0010195947389001958,-4.113516418668442,"{""0"": 38671, ""1"": 28330, ""2"": 29565, ""3"": 24818, ""4"": 23721, ""5"": 34794}",connected
179999,522,20000,0.050000000000000044,0.0011378390272147954,-4.113516418668442,"{""0"": 38694, ""1"": 28330, ""2"": 29577, ""3"": 24818, ""4"": 23730, ""5"": 34850}",connected
180099,522,20000,0.050000000000000044,0.0010746426285186317,-4.113516418668442,"{""0"": 38706, ""1"": 28330, ""2"": 29586, ""3"": 24819, ""4"": 23747, ""5"": 34911}",connected
180199,522,20000,0.050000000000000044,0.0010973913631460164,-4.113516418668442,"{""0"": 38750, ""1"": 28330, ""2"": 29597, ""3"": 24824, ""4"": 23754, ""5"": 34944}",connected
180299,524,20000,0.050000000000000044,0.0009615201890119351,-4.107484995783307,"{""0"": 38765, ""1"": 28331, ""2"": 29609, ""3"": 24873, ""4"": 23767, ""5"": 34954}",connected
180399,524,20000,0.050000000000000044,0.0007322650332935155,-4.107484995783307,"{""0"": 38814, ""1"": 28334, ""2"": 29627, ""3"": 24885, ""4"": 23784, ""5"": 34955}",connected
180499,524,20000,0.050000000000000044,0.000992966524354415,-4.107484995783307,"{""0"": 38873, ""1"": 28337, ""2"": 29642, ""3"": 24891, ""4"": 23793, ""5"": 34963}",connected
180599,524,20000,0.050000000000000044,0.0010720137604221236,-4.107484995783307,"{""0"": 38928, ""1"": 28338, ""2"": 29675, ""3"": 24894, ""4"": 23793, ""5"": 34971}",connected
180699,524,20000,0.050000000000000044,0.0011300773822586051,-4.107484995783307,"{""0"": 38956, ""1"": 28341, ""2"": 29727, ""3"": 24896, ""4"": 23795, ""5"": 34984}",connected
180799,524,20000,0.050000000000000044,0.0013293470384087413,-4.107484995783307,"{""0"": 38960, ""1"": 28341, ""2"": 29734, ""3"": 24896, ""4"": 23815, ""5"": 35053}",connected
180899,524,20000,0.050000000000000044,0.00107848232408287,-4.107484995783307,"{""0"": 39010, ""1"": 28341, ""2"": 29746, ""3"": 24896, ""4"": 23815, ""5"": 35091}",connected
180999,526,20000,0.050000000000000044,0.001069455528340768,-4.103208957621828,"{""0"": 39020, ""1"": 28342, ""2"": 29777, ""3"": 24923, ""4"": 23827, ""5"": 35110}",connected
181099,526,20000,0.050000000000000044,0.0010363158477412072,-4.103208957621828,"{""0"": 39053, ""1"": 28342, ""2"": 29795, ""3"": 24938, ""4"": 23848, ""5"": 35123}",connected
181199,526,20000,0.050000000000000044,0.0009995735307165886,-4.103208957621828,"{""0"": 39073, ""1"": 28344, ""2"": 29827, ""3"": 24945, ""4"": 23858, ""5"": 35152}",connected
181299,526,20000,0.050000000000000044,0.0009352581370330881,-4.103208957621828,"{""0"": 39107, ""1"": 28344, ""2"": 29851, ""3"": 24952, ""4"": 23875, ""5"": 35170}",connected
181399,526,20000,0.050000000000000044,0.0009540702532103751,-4.103208957621828,"{""0"": 39132, ""1"": 28346, ""2"": 29886, ""3"": 24960, ""4"": 23882, ""5"": 35193}",connected
181499,526,20000,0.050000000000000044,0.0010424217188847252,-4.103208957621828,"{""0"": 39166, ""1"": 28347, ""2"": 29898, ""3"": 24969, ""4"": 23898, ""5"": 35221}",connected
181599,526,20000,0.050000000000000044,0.000932768992788624,-4.103208957621828,"{""0"": 39179, ""1"": 28357, ""2"": 29921, ""3"": 24982, ""4"": 23914, ""5"": 35246}",connected
181699,528,20000,0.050000000000000044,0.001216850141354371,-4.102180740577169,"{""0"": 39194, ""1"": 28357, ""2"": 29954, ""3"": 24997, ""4"": 23928, ""5"": 35269}",connected
181799,528,20000,0.050000000000000044,0.0011325305569334888,-4.102180740577169,"{""0"": 39213, ""1"": 28361, ""2"": 29995, ""3"": 25007, ""4"": 23949, ""5"": 35274}",connected
181899,528,20000,0.050000000000000044,0.0010533094906713814,-4.102180740577169,"{""0"": 39219, ""1"": 28363, ""2"": 30021, ""3"": 25018, ""4"": 23964, ""5"": 35314}",connected
181999,528,20000,0.050000000000000044,0.0012032713493681513,-4.102180740577169,"{""0"": 39247, ""1"": 28365, ""2"": 30035, ""3"": 25034, ""4"": 23972, ""5"": 35346}",connected
182099,528,20000,0.050000000000000044,0.0009498850893578492,-4.102180740577169,"{""0"": 39249, ""1"": 28365, ""2"": 30044, ""3"": 25046, ""4"": 23977, ""5"": 35418}",connected
182199,528,20000,0.050000000000000044,0.0009561125683831051,-4.102180740577169,"{""0"": 39256, ""1"": 28365, ""2"": 30048, ""3"": 25074, ""4"": 23992, ""5"": 35464}",connected
182299,528,20000,0.050000000000000044,0.0009736107106436975,-4.102180740577169,"{""0"": 39266, ""1"": 28367, ""2"": 30058, ""3"": 25095, ""4"": 23998, ""5"": 35515}",connected
182399,530,20000,0.050000000000000044,0.0007653564035717864,-4.1035871603526175,"{""0"": 39288, ""1"": 28368, ""2"": 30065, ""3"": 25118, ""4"": 24004, ""5"": 35556}",connected
182499,530,20000,0.050000000000000044,0.0008381823086529038,-4.1035871603526175,"{""0"": 39294, ""1"": 28369, ""2"": 30083, ""3"": 25158, ""4"": 24025, ""5"": 35570}",connected
182599,530,20000,0.050000000000000044,0.0007691341097233817,-4.1035871603526175,"{""0"": 39317, ""1"": 28371, ""2"": 30104, ""3"": 25177, ""4"": 24046, ""5"": 35584}",connected
182699,530,20000,0.050000000000000044,0.0008264540479285642,-4.1035871603526175,"{""0"": 39335, ""1"": 28379, ""2"": 30129, ""3"": 25184, ""4"": 24051, ""5"": 35621}",connected
182799,530,20000,0.050000000000000044,0.0008513724645308685,-4.1035871603526175,"{""0"": 39347, ""1"": 28379, ""2"": 30175, ""3"": 25185, ""4"": 24058, ""5"": 35655}",connected
182899,530,20000,0.050000000000000044,0.0007985156000358984,-4.1035871603526175,"{""0"": 39404, ""1"": 28381, ""2"": 30188, ""3"": 25191, ""4"": 24059, ""5"": 35676}",connected
182999,530,20000,0.050000000000000044,0.0008437787898583338,-4.1035871603526175,"{""0"": 39413, ""1"": 28384, ""2"": 30217, ""3"": 25201, ""4"": 24074, ""5"": 35710}",connected
183099,530,20000,0.050000000000000044,0.0009204385519842617,-4.1035871603526175,"{""0"": 39468, ""1"": 28385, ""2"": 30255, ""3"": 25201, ""4"": 24074, ""5"": 35716}",connected
183199,532,20000,0.050000000000000044,0.0011244377444381826,-4.102466292856261,"{""0"": 39523, ""1"": 28385, ""2"": 30262, ""3"": 25230, ""4"": 24082, ""5"": 35717}",connected
183299,532,20000,0.050000000000000044,0.0012345897109480575,-4.102466292856261,"{""0"": 39621, ""1"": 28385, ""2"": 30262, ""3"": 25230, ""4"": 24082, ""5"": 35719}",connected
183399,532,20000,0.050000000000000044,0.0014183339642477222,-4.102466292856261,"{""0"": 39641, ""1"": 28386, ""2"": 30290, ""3"": 25264, ""4"": 24097, ""5"": 35721}",connected
183499,532,20000,0.050000000000000044,0.0018071833511930891,-4.102466292856261,"{""0"": 39719, ""1"": 28386, ""2"": 30304, ""3"": 25265, ""4"": 24101, ""5"": 35724}",connected
183599,532,20000,0.050000000000000044,0.0017199854299542493,-4.102466292856261,"{""0"": 39743, ""1"": 28386, ""2"": 30317, ""3"": 25271, ""4"": 24135, ""5"": 35747}",connected
183699,532,20000,0.050000000000000044,0.0015440908342134207,-4.102466292856261,"{""0"": 39781, ""1"": 28387, ""2"": 30325, ""3"": 25277, ""4"": 24139, ""5"": 35790}",connected
183799,532,20000,0.050000000000000044,0.0013193159831280355,-4.102466292856261,"{""0"": 39802, ""1"": 28388, ""2"": 30340, ""3"": 25289, ""4"": 24158, ""5"": 35822}",connected
183899,534,20000,0.050000000000000044,0.0007533293774758932,-4.100076225474477,"{""0"": 39808, ""1"": 28388, ""2"": 30367, ""3"": 25302, ""4"": 24172, ""5"": 35862}",connected
183999,534,20000,0.050000000000000044,0.0007500260921369773,-4.100076225474477,"{""0"": 39832, ""1"": 28390, ""2"": 30386, ""3"": 25315, ""4"": 24186, ""5"": 35890}",connected
184099,534,20000,0.050000000000000044,0.0008776063586992677,-4.100076225474477,"{""0"": 39859, ""1"": 28392, ""2"": 30395, ""3"": 25315, ""4"": 24187, ""5"": 35951}",connected
184199,534,20000,0.050000000000000044,0.0009040239115711301,-4.100076225474477,"{""0"": 39866, ""1"": 28393, ""2"": 30456, ""3"": 25316, ""4"": 24190, ""5"": 35978}",connected
184299,534,20000,0.050000000000000044,0.0010000456214766017,-4.100076225474477,"{""0"": 39880, ""1"": 28399, ""2"": 30474, ""3"": 25319, ""4"": 24193, ""5"": 36034}",connected
184399,534,20000,0.050000000000000044,0.0009808838651224506,-4.100076225474477,"{""0"": 39887, ""1"": 28399, ""2"": 30514, ""3"": 25319, ""4"": 24196, ""5"": 36084}",connected
184499,534,20000,0.050000000000000044,0.0009675942694593687,-4.100076225474477,"{""0"": 39894, ""1"": 28401, ""2"": 30524, ""3"": 25327, ""4"": 24202, ""5"": 36151}",connected
184599,536,20000,0.050000000000000044,0.000996891143877292,-4.101869781068526,"{""0"": 39915, ""1"": 28403, ""2"": 30541, ""3"": 25351, ""4"": 24213, ""5"": 36176}",connected
184699,536,20000,0.050000000000000044,0.0010222677655110602,-4.101869781068526,"{""0"": 39948, ""1"": 28407, ""2"": 30551, ""3"": 25368, ""4"": 24234, ""5"": 36191}",connected
184799,536,20000,0.050000000000000044,0.001278650366148213,-4.101869781068526,"{""0"": 39972, ""1"": 28407, ""2"": 30613, ""3"": 25369, ""4"": 24246, ""5"": 36192}",connected
184899,536,20000,0.050000000000000044,0.0011605441110441462,-4.101869781068526,"{""0"": 40006, ""1"": 28408, ""2"": 30630, ""3"": 25371, ""4"": 24259, ""5"": 36225}",connected
184999,536,20000,0.050000000000000044,0.0010722520948911551,-4.101869781068526,"{""0"": 40049, ""1"": 28408, ""2"": 30644, ""3"": 25371, ""4"": 24262, ""5"": 36265}",connected
185099,536,20000,0.050000000000000044,0.001145361405215226,-4.101869781068526,"{""0"": 40075, ""1"": 28410, ""2"": 30647, ""3"": 25380, ""4"": 24275, ""5"": 36312}",connected
185199,536,20000,0.050000000000000044,0.0007911755907116458,-4.101869781068526,"{""0"": 40094, ""1"": 28410, ""2"": 30669, ""3"": 25384, ""4"": 24279, ""5"": 36363}",connected
185299,538,20000,0.050000000000000044,0.0009231057549186517,-4.09918975125067,"{""0"": 40114, ""1"": 28415, ""2"": 30690, ""3"": 25390, ""4"": 24284, ""5"": 36406}",connected
185399,538,20000,0.050000000000000044,0.0010031716788944322,-4.09918975125067,"{""0"": 40140, ""1"": 28420, ""2"": 30711, ""3"": 25394, ""4"": 24303, ""5"": 36431}",connected
185499,538,20000,0.050000000000000044,0.0007877083109633532,-4.09918975125067,"{""0"": 40157, ""1"": 28425, ""2"": 30728, ""3"": 25394, ""4"": 24306, ""5"": 36489}",connected
185599,538,20000,0.050000000000000044,0.0007718479131290224,-4.09918975125067,"{""0"": 40159, ""1"": 28427, ""2"": 30738, ""3"": 25401, ""4"": 24307, ""5"": 36567}",connected
185699,538,20000,0.050000000000000044,0.0008658451268274802,-4.09918975125067,"{""0"": 40180, ""1"": 28427, ""2"": 30741, ""3"": 25432, ""4"": 24322, ""5"": 36597}",connected
185799,538,20000,0.050000000000000044,0.0008122166855901014,-4.09918975125067,"{""0"": 40184, ""1"": 28427, ""2"": 30776, ""3"": 25458, ""4"": 24339, ""5"": 36615}",connected
185899,538,20000,0.050000000000000044,0.0009092109247285407,-4.09918975125067,"{""0"": 40208, ""1"": 28427, ""2"": 30778, ""3"": 25477, ""4"": 24344, ""5"": 36665}",connected
185999,538,20000,0.050000000000000044,0.0009622767975088209,-4.09918975125067,"{""0"": 40219, ""1"": 28429, ""2"": 30812, ""3"": 25501, ""4"": 24367, ""5"": 36671}",connected
186099,540,20000,0.050000000000000044,0.00074485602643108,-4.101565070990473,"{""0"": 40237, ""1"": 28434, ""2"": 30832, ""3"": 25521, ""4"": 24391, ""5"": 36684}",connected
186199,540,20000,0.050000000000000044,0.0010857785973348655,-4.101565070990473,"{""0"": 40286, ""1"": 28438, ""2"": 30847, ""3"": 25525, ""4"": 24392, ""5"": 36711}",connected
186299,540,20000,0.050000000000000044,0.001060414649255108,-4.101565070990473,"{""0"": 40295, ""1"": 28451, ""2"": 30877, ""3"": 25526, ""4"": 24397, ""5"": 36753}",connected
186399,540,20000,0.050000000000000044,0.0010799527252675035,-4.101565070990473,"{""0"": 40336, ""1"": 28453, ""2"": 30884, ""3"": 25530, ""4"": 24403, ""5"": 36793}",connected
186499,540,20000,0.050000000000000044,0.001151492627686821,-4.101565070990473,"{""0"": 40351, ""1"": 28456, ""2"": 30909, ""3"": 25531, ""4"": 24408, ""5"": 36844}",connected
186599,540,20000,0.050000000000000044,0.0010108094486349728,-4.101565070990473,"{""0"": 40380, ""1"": 28458, ""2"": 30935, ""3"": 25536, ""4"": 24410, ""5"": 36880}",connected
186699,540,20000,0.050000000000000044,0.0009766571382351685,-4.101565070990473,"{""0"": 40412, ""1"": 28458, ""2"": 30977, ""3"": 25536, ""4"": 24415, ""5"": 36901}",connected
186799,542,20000,0.050000000000000044,0.0010869841116073076,-4.107770792515948,"{""0"": 40439, ""1"": 28460, ""2"": 30998, ""3"": 25550, ""4"": 24429, ""5"": 36923}",connected
186899,542,20000,0.050000000000000044,0.001132104927819455,-4.107770792515948,"{""0"": 40470, ""1"": 28462, ""2"": 31011, ""3"": 25569, ""4"": 24451, ""5"": 36936}",connected
186999,542,20000,0.050000000000000044,0.0009108812027261592,-4.107770792515948,"{""0"": 40485, ""1"": 28462, ""2"": 31039, ""3"": 25573, ""4"": 24459, ""5"": 36981}",connected
187099,542,20000,0.050000000000000044,0.0010724690057395492,-4.107770792515948,"{""0"": 40517, ""1"": 28468, ""2"": 31051, ""3"": 25578, ""4"": 24466, ""5"": 37019}",connected
187199,542,20000,0.050000000000000044,0.0009244587873399724,-4.107770792515948,"{""0"": 40527, ""1"": 28481, ""2"": 31083, ""3"": 25590, ""4"": 24480, ""5"": 37038}",connected
187299,542,20000,0.050000000000000044,0.0008144156588241458,-4.107770792515948,"{""0"": 40534, ""1"": 28483, ""2"": 31157, ""3"": 25593, ""4"": 24491, ""5"": 37041}",connected
187399,542,20000,0.050000000000000044,0.000840136831975542,-4.107770792515948,"{""0"": 40536, ""1"": 28484, ""2"": 31254, ""3"": 25593, ""4"": 24491, ""5"": 37041}",connected
187499,544,20000,0.050000000000000044,0.000664947256736923,-4.111444182563573,"{""0"": 40540, ""1"": 28485, ""2"": 31315, ""3"": 25615, ""4"": 24499, ""5"": 37045}",connected
187599,544,20000,0.050000000000000044,0.0009278679275303148,-4.111444182563573,"{""0"": 40561, ""1"": 28488, ""2"": 31342, ""3"": 25620, ""4"": 24508, ""5"": 37080}",connected
187699,544,20000,0.050000000000000044,0.0009479594147705939,-4.111444182563573,"{""0"": 40580, ""1"": 28506, ""2"": 31362, ""3"": 25631, ""4"": 24519, ""5"": 37101}",connected
187799,544,20000,0.050000000000000044,0.0011278429883532226,-4.111444182563573,"{""0"": 40584, ""1"": 28517, ""2"": 31405, ""3"": 25634, ""4"": 24524, ""5"": 37135}",connected
187899,544,20000,0.050000000000000044,0.0011371518867963459,-4.111444182563573,"{""0"": 40603, ""1"": 28519, ""2"": 31441, ""3"": 25634, ""4"": 24528, ""5"": 37174}",connected
187999,544,20000,0.050000000000000044,0.000879396501404699,-4.111444182563573,"{""0"": 40656, ""1"": 28521, ""2"": 31448, ""3"": 25636, ""4"": 24532, ""5"": 37206}",connected
188099,544,20000,0.050000000000000044,0.0010654154267103876,-4.111444182563573,"{""0"": 40656, ""1"": 28529, ""2"": 31485, ""3"": 25642, ""4"": 24534, ""5"": 37253}",connected
188199,546,20000,0.050000000000000044,0.0008912902139127254,-4.115641145617701,"{""0"": 40666, ""1"": 28535, ""2"": 31506, ""3"": 25657, ""4"": 24544, ""5"": 37291}",connected
188299,546,20000,0.050000000000000044,0.0009115415367705282,-4.115641145617701,"{""0"": 40677, ""1"": 28547, ""2"": 31545, ""3"": 25658, ""4"": 24558, ""5"": 37314}",connected
188399,546,20000,0.050000000000000044,0.0008769930967537221,-4.115641145617701,"{""0"": 40684, ""1"": 28558, ""2"": 31572, ""3"": 25665, ""4"": 24565, ""5"": 37355}",connected
188499,546,20000,0.050000000000000044,0.0007109547423897311,-4.115641145617701,"{""0"": 40713, ""1"": 28560, ""2"": 31577, ""3"": 25666, ""4"": 24566, ""5"": 37417}",connected
188599,546,20000,0.050000000000000044,0.00097928904069704,-4.115641145617701,"{""0"": 40743, ""1"": 28565, ""2"": 31605, ""3"": 25672, ""4"": 24573, ""5"": 37441}",connected
188699,546,20000,0.050000000000000044,0.0009905314135539812,-4.115641145617701,"{""0"": 40761, ""1"": 28566, ""2"": 31617, ""3"": 25689, ""4"": 24594, ""5"": 37472}",connected
188799,546,20000,0.050000000000000044,0.0011044102463347372,-4.115641145617701,"{""0"": 40815, ""1"": 28568, ""2"": 31626, ""3"": 25695, ""4"": 24603, ""5"": 37492}",connected
188899,546,20000,0.050000000000000044,0.0015393492695875465,-4.115641145617701,"{""0"": 40828, ""1"": 28574, ""2"": 31642, ""3"": 25707, ""4"": 24619, ""5"": 37529}",connected
188999,548,20000,0.050000000000000044,0.0014360148493142333,-4.119144610799849,"{""0"": 40831, ""1"": 28578, ""2"": 31663, ""3"": 25721, ""4"": 24633, ""5"": 37573}",connected
189099,548,20000,0.050000000000000044,0.0013654954642697704,-4.119144610799849,"{""0"": 40839, ""1"": 28601, ""2"": 31692, ""3"": 25726, ""4"": 24636, ""5"": 37605}",connected
189199,548,20000,0.050000000000000044,0.0013602140069997404,-4.119144610799849,"{""0"": 40868, ""1"": 28612, ""2"": 31715, ""3"": 25735, ""4"": 24657, ""5"": 37612}",connected
189299,548,20000,0.050000000000000044,0.0010400208884675521,-4.119144610799849,"{""0"": 40877, ""1"": 28616, ""2"": 31727, ""3"": 25759, ""4"": 24680, ""5"": 37640}",connected
189399,548,20000,0.050000000000000044,0.0008586667204508558,-4.119144610799849,"{""0"": 40915, ""1"": 28629, ""2"": 31746, ""3"": 25767, ""4"": 24685, ""5"": 37657}",connected
189499,548,20000,0.050000000000000044,0.0008997195324627682,-4.119144610799849,"{""0"": 40927, ""1"": 28632, ""2"": 31776, ""3"": 25768, ""4"": 24699, ""5"": 37697}",connected
189599,548,20000,0.050000000000000044,0.000935548571869731,-4.119144610799849,"{""0"": 40963, ""1"": 28634, ""2"": 31800, ""3"": 25769, ""4"": 24713, ""5"": 37720}",connected
189699,550,20000,0.050000000000000044,0.0009455280729162041,-4.124675326030701,"{""0"": 40992, ""1"": 28635, ""2"": 31813, ""3"": 25785, ""4"": 24723, ""5"": 37751}",connected
189799,550,20000,0.050000000000000044,0.0009689720977621619,-4.124675326030701,"{""0"": 41012, ""1"": 28647, ""2"": 31858, ""3"": 25787, ""4"": 24736, ""5"": 37759}",connected
189899,550,20000,0.050000000000000044,0.0010543766706541647,-4.124675326030701,"{""0"": 41019, ""1"": 28659, ""2"": 31894, ""3"": 25798, ""4"": 24747, ""5"": 37782}",connected
189999,550,20000,0.050000000000000044,0.000988619127892889,-4.124675326030701,"{""0"": 41031, ""1"": 28662, ""2"": 31958, ""3"": 25802, ""4"": 24748, ""5"": 37798}",connected
190099,550,20000,0.050000000000000044,0.0007841179147362709,-4.124675326030701,"{""0"": 41047, ""1"": 28667, ""2"": 31998, ""3"": 25808, ""4"": 24755, ""5"": 37824}",connected
190199,550,20000,0.050000000000000044,0.0008218244400632102,-4.124675326030701,"{""0"": 41059, ""1"": 28678, ""2"": 32018, ""3"": 25816, ""4"": 24759, ""5"": 37869}",connected
190299,550,20000,0.050000000000000044,0.0007731488857825752,-4.124675326030701,"{""0"": 41082, ""1"": 28680, ""2"": 32024, ""3"": 25819, ""4"": 24770, ""5"": 37924}",connected
190399,552,20000,0.050000000000000044,0.0008262388201546856,-4.1304166302504015,"{""0"": 41101, ""1"": 28690, ""2"": 32047, ""3"": 25837, ""4"": 24789, ""5"": 37935}",connected
190499,552,20000,0.050000000000000044,0.0009403964839293621,-4.1304166302504015,"{""0"": 41120, ""1"": 28690, ""2"": 32084, ""3"": 25838, ""4"": 24799, ""5"": 37968}",connected
190599,552,20000,0.050000000000000044,0.0009190555935492739,-4.1304166302504015,"{""0"": 41182, ""1"": 28693, ""2"": 32086, ""3"": 25847, ""4"": 24807, ""5"": 37984}",connected
190699,552,20000,0.050000000000000044,0.0008296106933266856,-4.1304166302504015,"{""0"": 41197, ""1"": 28708, ""2"": 32115, ""3"": 25854, ""4"": 24817, ""5"": 38008}",connected
190799,552,20000,0.050000000000000044,0.0007266723645443562,-4.1304166302504015,"{""0"": 41231, ""1"": 28708, ""2"": 32152, ""3"": 25859, ""4"": 24821, ""5"": 38028}",connected
190899,552,20000,0.050000000000000044,0.0007631740249053109,-4.1304166302504015,"{""0"": 41238, ""1"": 28710, ""2"": 32167, ""3"": 25879, ""4"": 24851, ""5"": 38054}",connected
190999,552,20000,0.050000000000000044,0.0009014685182773973,-4.1304166302504015,"{""0"": 41264, ""1"": 28727, ""2"": 32182, ""3"": 25893, ""4"": 24866, ""5"": 38067}",connected
191099,554,20000,0.050000000000000044,0.0011039537674514576,-4.133088523508049,"{""0"": 41291, ""1"": 28729, ""2"": 32216, ""3"": 25899, ""4"": 24872, ""5"": 38092}",connected
191199,554,20000,0.050000000000000044,0.00127252704143757,-4.133088523508049,"{""0"": 41307, ""1"": 28729, ""2"": 32286, ""3"": 25900, ""4"": 24881, ""5"": 38096}",connected
191299,554,20000,0.050000000000000044,0.0012623713852372021,-4.133088523508049,"{""0"": 41328, ""1"": 28732, ""2"": 32312, ""3"": 25906, ""4"": 24892, ""5"": 38129}",connected
191399,554,20000,0.050000000000000044,0.001241461965983035,-4.133088523508049,"{""0"": 41371, ""1"": 28732, ""2"": 32317, ""3"": 25919, ""4"": 24903, ""5"": 38157}",connected
191499,554,20000,0.050000000000000044,0.0013071492296876386,-4.133088523508049,"{""0"": 41374, ""1"": 28754, ""2"": 32338, ""3"": 25926, ""4"": 24914, ""5"": 38193}",connected
191599,554,20000,0.050000000000000044,0.0011732726957416162,-4.133088523508049,"{""0"": 41393, ""1"": 28808, ""2"": 32340, ""3"": 25926, ""4"": 24914, ""5"": 38218}",connected
191699,554,20000,0.050000000000000044,0.0010897993613616563,-4.133088523508049,"{""0"": 41405, ""1"": 28871, ""2"": 32343, ""3"": 25926, ""4"": 24926, ""5"": 38228}",connected
191799,554,20000,0.050000000000000044,0.0010771121834113728,-4.133088523508049,"{""0"": 41438, ""1"": 28882, ""2"": 32362, ""3"": 25935, ""4"": 24935, ""5"": 38247}",connected
191899,556,20000,0.050000000000000044,0.000856639869598439,-4.15779968558345,"{""0"": 41478, ""1"": 28882, ""2"": 32377, ""3"": 25952, ""4"": 24957, ""5"": 38253}",connected
191999,556,20000,0.050000000000000044,0.0007834890473168343,-4.15779968558345,"{""0"": 41522, ""1"": 28885, ""2"": 32391, ""3"": 25966, ""4"": 24968, ""5"": 38267}",connected
192099,556,20000,0.050000000000000044,0.0009059004148002713,-4.15779968558345,"{""0"": 41563, ""1"": 28885, ""2"": 32393, ""3"": 25966, ""4"": 24975, ""5"": 38317}",connected
192199,556,20000,0.050000000000000044,0.0007772793159529101,-4.15779968558345,"{""0"": 41627, ""1"": 28887, ""2"": 32400, ""3"": 25974, ""4"": 24982, ""5"": 38329}",connected
192299,556,20000,0.050000000000000044,0.0008213534540846012,-4.15779968558345,"{""0"": 41670, ""1"": 28889, ""2"": 32408, ""3"": 25987, ""4"": 24999, ""5"": 38346}",connected
192399,556,20000,0.050000000000000044,0.0008983848347270396,-4.15779968558345,"{""0"": 41682, ""1"": 28889, ""2"": 32413, ""3"": 25998, ""4"": 25008, ""5"": 38409}",connected
192499,556,20000,0.050000000000000044,0.0007167092943564057,-4.15779968558345,"{""0"": 41688, ""1"": 28892, ""2"": 32429, ""3"": 26011, ""4"": 25034, ""5"": 38445}",connected
192599,558,20000,0.050000000000000044,0.0007201700762379914,-4.158771389517933,"{""0"": 41703, ""1"": 28892, ""2"": 32444, ""3"": 26033, ""4"": 25052, ""5"": 38475}",connected
192699,558,20000,0.050000000000000044,0.0008434910238429438,-4.158771389517933,"{""0"": 41725, ""1"": 28908, ""2"": 32454, ""3"": 26039, ""4"": 25057, ""5"": 38516}",connected
192799,558,20000,0.050000000000000044,0.0009212374643539079,-4.158771389517933,"{""0"": 41743, ""1"": 28910, ""2"": 32466, ""3"": 26041, ""4"": 25063, ""5"": 38576}",connected
192899,558,20000,0.050000000000000044,0.0009649365293444135,-4.158771389517933,"{""0"": 41759, ""1"": 28910, ""2"": 32506, ""3"": 26045, ""4"": 25064, ""5"": 38615}",connected
192999,558,20000,0.050000000000000044,0.0009638033410010394,-4.158771389517933,"{""0"": 41782, ""1"": 28916, ""2"": 32513, ""3"": 26051, ""4"": 25071, ""5"": 38666}",connected
193099,558,20000,0.050000000000000044,0.0007850485917879268,-4.158771389517933,"{""0"": 41808, ""1"": 28917, ""2"": 32528, ""3"": 26056, ""4"": 25077, ""5"": 38713}",connected
193199,558,20000,0.050000000000000044,0.000651866542029893,-4.158771389517933,"{""0"": 41834, ""1"": 28917, ""2"": 32541, ""3"": 26060, ""4"": 25078, ""5"": 38769}",connected
193299,560,20000,0.050000000000000044,0.0008683223022671882,-4.162940684678033,"{""0"": 41863, ""1"": 28917, ""2"": 32557, ""3"": 26076, ""4"": 25097, ""5"": 38789}",connected
193399,560,20000,0.050000000000000044,0.0009415256197098643,-4.162940684678033,"{""0"": 41892, ""1"": 28925, ""2"": 32567, ""3"": 26083, ""4"": 25105, ""5"": 38827}",connected
193499,560,20000,0.050000000000000044,0.0010142777746659703,-4.162940684678033,"{""0"": 41930, ""1"": 28928, ""2"": 32576, ""3"": 26084, ""4"": 25113, ""5"": 38868}",connected
193599,560,20000,0.050000000000000044,0.0010130708369251807,-4.162940684678033,"{""0"": 41940, ""1"": 28932, ""2"": 32599, ""3"": 26087, ""4"": 25119, ""5"": 38922}",connected
193699,560,20000,0.050000000000000044,0.0007598311016045045,-4.162940684678033,"{""0"": 41945, ""1"": 28936, ""2"": 32616, ""3"": 26105, ""4"": 25129, ""5"": 38968}",connected
193799,560,20000,0.050000000000000044,0.000873005126049975,-4.162940684678033,"{""0"": 41950, ""1"": 28960, ""2"": 32649, ""3"": 26107, ""4"": 25134, ""5"": 38999}",connected
193899,560,20000,0.050000000000000044,0.0008592376668821089,-4.162940684678033,"{""0"": 41984, ""1"": 28961, ""2"": 32676, ""3"": 26113, ""4"": 25149, ""5"": 39016}",connected
193999,562,20000,0.050000000000000044,0.0009628042117401492,-4.171374677410349,"{""0"": 42002, ""1"": 28979, ""2"": 32702, ""3"": 26138, ""4"": 25154, ""5"": 39024}",connected
194099,562,20000,0.050000000000000044,0.0012148123487713746,-4.171374677410349,"{""0"": 42022, ""1"": 28983, ""2"": 32722, ""3"": 26145, ""4"": 25184, ""5"": 39043}",connected
194199,562,20000,0.050000000000000044,0.001145166837668512,-4.171374677410349,"{""0"": 42054, ""1"": 28986, ""2"": 32725, ""3"": 26159, ""4"": 25197, ""5"": 39078}",connected
194299,562,20000,0.050000000000000044,0.0011126997432438657,-4.171374677410349,"{""0"": 42069, ""1"": 28987, ""2"": 32757, ""3"": 26161, ""4"": 25205, ""5"": 39120}",connected
194399,562,20000,0.050000000000000044,0.0011676242321846076,-4.171374677410349,"{""0"": 42069, ""1"": 28998, ""2"": 32789, ""3"": 26171, ""4"": 25211, ""5"": 39161}",connected
194499,562,20000,0.050000000000000044,0.0009205822867079405,-4.171374677410349,"{""0"": 42096, ""1"": 29012, ""2"": 32801, ""3"": 26173, ""4"": 25213, ""5"": 39204}",connected
194599,562,20000,0.050000000000000044,0.0008569435279787285,-4.171374677410349,"{""0"": 42101, ""1"": 29014, ""2"": 32841, ""3"": 26176, ""4"": 25217, ""5"": 39250}",connected
194699,562,20000,0.050000000000000044,0.0008571434005716583,-4.171374677410349,"{""0"": 42110, ""1"": 29019, ""2"": 32856, ""3"": 26195, ""4"": 25235, ""5"": 39284}",connected
194799,564,20000,0.050000000000000044,0.000889228463274776,-4.174647992057726,"{""0"": 42118, ""1"": 29020, ""2"": 32906, ""3"": 26202, ""4"": 25252, ""5"": 39301}",connected
194899,564,20000,0.050000000000000044,0.0009228164215164725,-4.174647992057726,"{""0"": 42140, ""1"": 29021, ""2"": 32926, ""3"": 26219, ""4"": 25262, ""5"": 39331}",connected
194999,564,20000,0.050000000000000044,0.0009500170795945451,-4.174647992057726,"{""0"": 42159, ""1"": 29033, ""2"": 32943, ""3"": 26231, ""4"": 25278, ""5"": 39355}",connected
195099,564,20000,0.050000000000000044,0.0010542140794859733,-4.174647992057726,"{""0"": 42187, ""1"": 29053, ""2"": 32963, ""3"": 26233, ""4"": 25279, ""5"": 39384}",connected
195199,564,20000,0.050000000000000044,0.0008649983348732349,-4.174647992057726,"{""0"": 42225, ""1"": 29074, ""2"": 32976, ""3"": 26234, ""4"": 25279, ""5"": 39411}",connected
195299,564,20000,0.050000000000000044,0.001061236410459969,-4.174647992057726,"{""0"": 42234, ""1"": 29082, ""2"": 33003, ""3"": 26247, ""4"": 25295, ""5"": 39438}",connected
195399,564,20000,0.050000000000000044,0.0010782163917610887,-4.174647992057726,"{""0"": 42260, ""1"": 29092, ""2"": 33020, ""3"": 26259, ""4"": 25305, ""5"": 39463}",connected
195499,566,20000,0.050000000000000044,0.000922435014945222,-4.17697951647453,"{""0"": 42281, ""1"": 29095, ""2"": 33040, ""3"": 26278, ""4"": 25335, ""5"": 39470}",connected
195599,566,20000,0.050000000000000044,0.0010065534830209799,-4.17697951647453,"{""0"": 42313, ""1"": 29100, ""2"": 33052, ""3"": 26290, ""4"": 25347, ""5"": 39497}",connected
