global_step,episode_count,replay_size,epsilon,loss,mean_reward_100,expert_action_loss,expert_bc_weight,expert_replay_size,action_counts,connection_status
99,0,99,0.9984325,0.0,0.0,0.0,0.0,0,"{""0"": 22, ""1"": 13, ""2"": 19, ""3"": 13, ""4"": 19, ""5"": 13}",connected
199,0,199,0.9968491666666667,0.0,0.0,0.0,0.0,0,"{""0"": 45, ""1"": 38, ""2"": 28, ""3"": 26, ""4"": 31, ""5"": 31}",connected
299,0,299,0.9952658333333333,0.0,0.0,0.0,0.0,0,"{""0"": 67, ""1"": 50, ""2"": 41, ""3"": 46, ""4"": 49, ""5"": 46}",connected
399,0,399,0.9936825,0.0,0.0,0.0,0.0,0,"{""0"": 82, ""1"": 66, ""2"": 62, ""3"": 65, ""4"": 65, ""5"": 59}",connected
499,0,499,0.9920991666666666,0.0,0.0,0.0,0.0,0,"{""0"": 100, ""1"": 85, ""2"": 77, ""3"": 83, ""4"": 79, ""5"": 75}",connected
599,0,599,0.9905158333333334,0.0,0.0,0.0,0.0,0,"{""0"": 122, ""1"": 99, ""2"": 88, ""3"": 101, ""4"": 94, ""5"": 95}",connected
699,0,699,0.9889325,0.0,0.0,0.0,0.0,0,"{""0"": 143, ""1"": 116, ""2"": 109, ""3"": 118, ""4"": 104, ""5"": 109}",connected
799,2,799,0.9873491666666667,0.0,-6.3899998888373375,0.0,0.0,0,"{""0"": 162, ""1"": 132, ""2"": 122, ""3"": 135, ""4"": 125, ""5"": 123}",connected
899,2,899,0.9857658333333333,0.0,-6.3899998888373375,0.0,0.0,0,"{""0"": 181, ""1"": 146, ""2"": 141, ""3"": 151, ""4"": 140, ""5"": 140}",connected
999,2,999,0.9841825,0.0,-6.3899998888373375,0.0,0.0,0,"{""0"": 205, ""1"": 162, ""2"": 158, ""3"": 168, ""4"": 149, ""5"": 157}",connected
1099,2,1099,0.9825991666666667,0.0,-6.3899998888373375,0.0,0.0,0,"{""0"": 220, ""1"": 184, ""2"": 175, ""3"": 184, ""4"": 165, ""5"": 171}",connected
1199,2,1199,0.9810158333333333,0.0,-6.3899998888373375,0.0,0.0,0,"{""0"": 237, ""1"": 202, ""2"": 190, ""3"": 204, ""4"": 183, ""5"": 183}",connected
1299,2,1299,0.9794325,0.0,-6.3899998888373375,0.0,0.0,0,"{""0"": 252, ""1"": 216, ""2"": 208, ""3"": 224, ""4"": 198, ""5"": 201}",connected
1399,2,1399,0.9778491666666667,0.0,-6.3899998888373375,0.0,0.0,0,"{""0"": 273, ""1"": 226, ""2"": 225, ""3"": 245, ""4"": 217, ""5"": 213}",connected
1499,4,1499,0.9762658333333334,0.0,-6.364749881555326,0.0,0.0,0,"{""0"": 289, ""1"": 249, ""2"": 252, ""3"": 254, ""4"": 232, ""5"": 223}",connected
1599,4,1599,0.9746825,0.0,-6.364749881555326,0.0,0.0,0,"{""0"": 306, ""1"": 269, ""2"": 266, ""3"": 274, ""4"": 244, ""5"": 240}",connected
1699,4,1699,0.9730991666666666,0.0,-6.364749881555326,0.0,0.0,0,"{""0"": 326, ""1"": 282, ""2"": 279, ""3"": 285, ""4"": 266, ""5"": 261}",connected
1799,4,1799,0.9715158333333334,0.0,-6.364749881555326,0.0,0.0,0,"{""0"": 344, ""1"": 296, ""2"": 293, ""3"": 301, ""4"": 285, ""5"": 280}",connected
1899,4,1899,0.9699325,0.0,-6.364749881555326,0.0,0.0,0,"{""0"": 363, ""1"": 315, ""2"": 309, ""3"": 320, ""4"": 303, ""5"": 289}",connected
1999,4,1999,0.9683491666666667,0.0,-6.364749881555326,0.0,0.0,0,"{""0"": 384, ""1"": 329, ""2"": 325, ""3"": 335, ""4"": 319, ""5"": 307}",connected
2099,4,2099,0.9667658333333333,0.0014491620543412864,-6.364749881555326,0.0,0.0,0,"{""0"": 410, ""1"": 354, ""2"": 336, ""3"": 349, ""4"": 329, ""5"": 321}",connected
2199,6,2199,0.9651825,0.0015726962871849537,-6.158666554838419,0.0,0.0,0,"{""0"": 435, ""1"": 375, ""2"": 343, ""3"": 364, ""4"": 349, ""5"": 333}",connected
2299,6,2299,0.9635991666666667,0.0015292510041035711,-6.158666554838419,0.0,0.0,0,"{""0"": 451, ""1"": 396, ""2"": 356, ""3"": 381, ""4"": 366, ""5"": 349}",connected
2399,6,2399,0.9620158333333333,0.0015529484435683116,-6.158666554838419,0.0,0.0,0,"{""0"": 467, ""1"": 413, ""2"": 368, ""3"": 401, ""4"": 384, ""5"": 366}",connected
2499,6,2499,0.9604325,0.0015048575366381556,-6.158666554838419,0.0,0.0,0,"{""0"": 477, ""1"": 434, ""2"": 390, ""3"": 415, ""4"": 397, ""5"": 386}",connected
2599,6,2599,0.9588491666666666,0.00147719077183865,-6.158666554838419,0.0,0.0,0,"{""0"": 492, ""1"": 454, ""2"": 397, ""3"": 434, ""4"": 416, ""5"": 406}",connected
2699,6,2699,0.9572658333333334,0.0015545021957950667,-6.158666554838419,0.0,0.0,0,"{""0"": 508, ""1"": 469, ""2"": 412, ""3"": 449, ""4"": 433, ""5"": 428}",connected
2799,6,2799,0.9556825,0.0015410453296499328,-6.158666554838419,0.0,0.0,0,"{""0"": 521, ""1"": 486, ""2"": 436, ""3"": 468, ""4"": 445, ""5"": 443}",connected
2899,6,2899,0.9540991666666667,0.001720300418091938,-6.158666554838419,0.0,0.0,0,"{""0"": 540, ""1"": 502, ""2"": 457, ""3"": 486, ""4"": 465, ""5"": 449}",connected
2999,8,2999,0.9525158333333333,0.001710016048164107,-6.2847498883493245,0.0,0.0,0,"{""0"": 560, ""1"": 517, ""2"": 474, ""3"": 501, ""4"": 482, ""5"": 465}",connected
3099,8,3099,0.9509325,0.0016326046123867856,-6.2847498883493245,0.0,0.0,0,"{""0"": 577, ""1"": 531, ""2"": 488, ""3"": 518, ""4"": 502, ""5"": 483}",connected
3199,8,3199,0.9493491666666667,0.0015983963839244098,-6.2847498883493245,0.0,0.0,0,"{""0"": 594, ""1"": 547, ""2"": 503, ""3"": 531, ""4"": 523, ""5"": 501}",connected
3299,8,3299,0.9477658333333333,0.0014492175460327416,-6.2847498883493245,0.0,0.0,0,"{""0"": 607, ""1"": 565, ""2"": 517, ""3"": 550, ""4"": 548, ""5"": 512}",connected
3399,8,3399,0.9461825,0.0013115305121755227,-6.2847498883493245,0.0,0.0,0,"{""0"": 620, ""1"": 583, ""2"": 529, ""3"": 575, ""4"": 565, ""5"": 527}",connected
3499,8,3499,0.9445991666666667,0.0012912964902352542,-6.2847498883493245,0.0,0.0,0,"{""0"": 632, ""1"": 601, ""2"": 542, ""3"": 592, ""4"": 583, ""5"": 549}",connected
3599,8,3599,0.9430158333333334,0.001299277312355116,-6.2847498883493245,0.0,0.0,0,"{""0"": 651, ""1"": 625, ""2"": 557, ""3"": 605, ""4"": 598, ""5"": 563}",connected
3699,10,3699,0.9414325,0.0012773630203446373,-6.460899893986062,0.0,0.0,0,"{""0"": 674, ""1"": 644, ""2"": 571, ""3"": 617, ""4"": 612, ""5"": 581}",connected
3799,10,3799,0.9398491666666666,0.0013992875593248754,-6.460899893986062,0.0,0.0,0,"{""0"": 693, ""1"": 661, ""2"": 594, ""3"": 631, ""4"": 622, ""5"": 598}",connected
3899,10,3899,0.9382658333333334,0.0013605364656541497,-6.460899893986062,0.0,0.0,0,"{""0"": 711, ""1"": 681, ""2"": 607, ""3"": 646, ""4"": 639, ""5"": 615}",connected
3999,10,3999,0.9366825,0.0012727791402721777,-6.460899893986062,0.0,0.0,0,"{""0"": 725, ""1"": 697, ""2"": 622, ""3"": 666, ""4"": 662, ""5"": 627}",connected
4099,10,4099,0.9350991666666667,0.0012997273303335534,-6.460899893986062,0.0,0.0,0,"{""0"": 746, ""1"": 712, ""2"": 634, ""3"": 689, ""4"": 677, ""5"": 641}",connected
4199,10,4199,0.9335158333333333,0.0011861895694164559,-6.460899893986062,0.0,0.0,0,"{""0"": 767, ""1"": 726, ""2"": 648, ""3"": 706, ""4"": 698, ""5"": 654}",connected
4299,10,4299,0.9319325,0.0011774433992104605,-6.460899893986062,0.0,0.0,0,"{""0"": 783, ""1"": 742, ""2"": 673, ""3"": 716, ""4"": 712, ""5"": 673}",connected
4399,12,4399,0.9303491666666667,0.001265213325386867,-6.430333223969986,0.0,0.0,0,"{""0"": 803, ""1"": 755, ""2"": 691, ""3"": 733, ""4"": 729, ""5"": 688}",connected
4499,12,4499,0.9287658333333333,0.0012269302870845421,-6.430333223969986,0.0,0.0,0,"{""0"": 818, ""1"": 772, ""2"": 707, ""3"": 751, ""4"": 742, ""5"": 709}",connected
4599,12,4599,0.9271825,0.0012941347516607492,-6.430333223969986,0.0,0.0,0,"{""0"": 837, ""1"": 785, ""2"": 726, ""3"": 771, ""4"": 760, ""5"": 720}",connected
4699,12,4699,0.9255991666666666,0.0013266267167637124,-6.430333223969986,0.0,0.0,0,"{""0"": 856, ""1"": 798, ""2"": 748, ""3"": 789, ""4"": 780, ""5"": 728}",connected
4799,12,4799,0.9240158333333334,0.0012226762005593628,-6.430333223969986,0.0,0.0,0,"{""0"": 868, ""1"": 819, ""2"": 762, ""3"": 807, ""4"": 795, ""5"": 748}",connected
4899,12,4899,0.9224325,0.0012157040979946033,-6.430333223969986,0.0,0.0,0,"{""0"": 887, ""1"": 838, ""2"": 785, ""3"": 819, ""4"": 809, ""5"": 761}",connected
4999,12,4999,0.9208491666666667,0.0011475360253825784,-6.430333223969986,0.0,0.0,0,"{""0"": 912, ""1"": 854, ""2"": 804, ""3"": 829, ""4"": 826, ""5"": 774}",connected
5099,14,5099,0.9192658333333333,0.0011421171785332262,-6.473785608075559,0.0,0.0,0,"{""0"": 932, ""1"": 871, ""2"": 822, ""3"": 846, ""4"": 840, ""5"": 788}",connected
5199,14,5199,0.9176825,0.0011945867975009605,-6.473785608075559,0.0,0.0,0,"{""0"": 950, ""1"": 889, ""2"": 841, ""3"": 860, ""4"": 856, ""5"": 803}",connected
5299,14,5299,0.9160991666666667,0.0011540954577503725,-6.473785608075559,0.0,0.0,0,"{""0"": 965, ""1"": 906, ""2"": 866, ""3"": 880, ""4"": 866, ""5"": 816}",connected
5399,14,5399,0.9145158333333333,0.0012906096613733097,-6.473785608075559,0.0,0.0,0,"{""0"": 982, ""1"": 929, ""2"": 883, ""3"": 893, ""4"": 882, ""5"": 830}",connected
5499,14,5499,0.9129325,0.0012154172285227104,-6.473785608075559,0.0,0.0,0,"{""0"": 995, ""1"": 947, ""2"": 900, ""3"": 904, ""4"": 912, ""5"": 841}",connected
5599,14,5599,0.9113491666666667,0.001219829561887309,-6.473785608075559,0.0,0.0,0,"{""0"": 1007, ""1"": 970, ""2"": 913, ""3"": 923, ""4"": 926, ""5"": 860}",connected
5699,14,5699,0.9097658333333334,0.001207714788033627,-6.473785608075559,0.0,0.0,0,"{""0"": 1027, ""1"": 980, ""2"": 926, ""3"": 935, ""4"": 954, ""5"": 877}",connected
5799,14,5799,0.9081825,0.0011781243691802957,-6.473785608075559,0.0,0.0,0,"{""0"": 1037, ""1"": 1000, ""2"": 944, ""3"": 956, ""4"": 968, ""5"": 894}",connected
5899,16,5899,0.9065991666666666,0.0013092321049771273,-6.342687397525879,0.0,0.0,0,"{""0"": 1054, ""1"": 1022, ""2"": 961, ""3"": 972, ""4"": 983, ""5"": 907}",connected
5999,16,5999,0.9050158333333334,0.0012899554488831199,-6.342687397525879,0.0,0.0,0,"{""0"": 1074, ""1"": 1038, ""2"": 982, ""3"": 983, ""4"": 1006, ""5"": 916}",connected
6099,16,6099,0.9034325,0.0013238645499222912,-6.342687397525879,0.0,0.0,0,"{""0"": 1085, ""1"": 1065, ""2"": 993, ""3"": 1001, ""4"": 1019, ""5"": 936}",connected
6199,16,6199,0.9018491666666667,0.0013209695625118912,-6.342687397525879,0.0,0.0,0,"{""0"": 1099, ""1"": 1091, ""2"": 1009, ""3"": 1017, ""4"": 1032, ""5"": 951}",connected
6299,16,6299,0.9002658333333333,0.0012508860998786985,-6.342687397525879,0.0,0.0,0,"{""0"": 1114, ""1"": 1113, ""2"": 1029, ""3"": 1031, ""4"": 1044, ""5"": 968}",connected
6399,16,6399,0.8986825,0.0013351982622407377,-6.342687397525879,0.0,0.0,0,"{""0"": 1132, ""1"": 1136, ""2"": 1044, ""3"": 1048, ""4"": 1056, ""5"": 983}",connected
6499,16,6499,0.8970991666666667,0.0013191531359916552,-6.342687397525879,0.0,0.0,0,"{""0"": 1146, ""1"": 1157, ""2"": 1055, ""3"": 1067, ""4"": 1073, ""5"": 1001}",connected
6599,18,6599,0.8955158333333333,0.0012896859913598747,-6.384333229623735,0.0,0.0,0,"{""0"": 1168, ""1"": 1170, ""2"": 1068, ""3"": 1081, ""4"": 1098, ""5"": 1014}",connected
6699,18,6699,0.8939325,0.0012558563402853907,-6.384333229623735,0.0,0.0,0,"{""0"": 1186, ""1"": 1191, ""2"": 1082, ""3"": 1096, ""4"": 1119, ""5"": 1025}",connected
6799,18,6799,0.8923491666666666,0.0011759064893703908,-6.384333229623735,0.0,0.0,0,"{""0"": 1201, ""1"": 1216, ""2"": 1099, ""3"": 1112, ""4"": 1140, ""5"": 1031}",connected
6899,18,6899,0.8907658333333334,0.0012116470118053258,-6.384333229623735,0.0,0.0,0,"{""0"": 1223, ""1"": 1239, ""2"": 1116, ""3"": 1126, ""4"": 1154, ""5"": 1041}",connected
6999,18,6999,0.8891825,0.0011235157045302912,-6.384333229623735,0.0,0.0,0,"{""0"": 1235, ""1"": 1264, ""2"": 1135, ""3"": 1143, ""4"": 1172, ""5"": 1050}",connected
7099,18,7099,0.8875991666666667,0.0011349322675960139,-6.384333229623735,0.0,0.0,0,"{""0"": 1246, ""1"": 1290, ""2"": 1155, ""3"": 1153, ""4"": 1191, ""5"": 1064}",connected
7199,18,7199,0.8860158333333333,0.0011643719085259363,-6.384333229623735,0.0,0.0,0,"{""0"": 1266, ""1"": 1314, ""2"": 1166, ""3"": 1169, ""4"": 1205, ""5"": 1079}",connected
7299,20,7299,0.8844325,0.001137681042891927,-6.42514989587944,0.0,0.0,0,"{""0"": 1283, ""1"": 1328, ""2"": 1180, ""3"": 1184, ""4"": 1228, ""5"": 1096}",connected
7399,20,7399,0.8828491666666667,0.0011281699198298157,-6.42514989587944,0.0,0.0,0,"{""0"": 1302, ""1"": 1346, ""2"": 1195, ""3"": 1197, ""4"": 1249, ""5"": 1110}",connected
7499,20,7499,0.8812658333333333,0.0011955174466129392,-6.42514989587944,0.0,0.0,0,"{""0"": 1314, ""1"": 1365, ""2"": 1207, ""3"": 1219, ""4"": 1269, ""5"": 1125}",connected
7599,20,7599,0.8796825,0.001175830292631872,-6.42514989587944,0.0,0.0,0,"{""0"": 1328, ""1"": 1386, ""2"": 1223, ""3"": 1228, ""4"": 1292, ""5"": 1142}",connected
7699,20,7699,0.8780991666666667,0.0012286514445440844,-6.42514989587944,0.0,0.0,0,"{""0"": 1349, ""1"": 1409, ""2"": 1238, ""3"": 1240, ""4"": 1309, ""5"": 1154}",connected
7799,20,7799,0.8765158333333334,0.001306300847500097,-6.42514989587944,0.0,0.0,0,"{""0"": 1364, ""1"": 1430, ""2"": 1254, ""3"": 1255, ""4"": 1328, ""5"": 1168}",connected
7899,20,7899,0.8749325,0.0011999112661578693,-6.42514989587944,0.0,0.0,0,"{""0"": 1379, ""1"": 1455, ""2"": 1270, ""3"": 1271, ""4"": 1347, ""5"": 1177}",connected
7999,22,7999,0.8733491666666666,0.0010789584598387592,-6.42968171489933,0.0,0.0,0,"{""0"": 1395, ""1"": 1473, ""2"": 1285, ""3"": 1286, ""4"": 1369, ""5"": 1191}",connected
8099,22,8099,0.8717658333333334,0.0010547612988739275,-6.42968171489933,0.0,0.0,0,"{""0"": 1413, ""1"": 1489, ""2"": 1300, ""3"": 1302, ""4"": 1386, ""5"": 1209}",connected
8199,22,8199,0.8701825000000001,0.0011285413627047092,-6.42968171489933,0.0,0.0,0,"{""0"": 1430, ""1"": 1508, ""2"": 1318, ""3"": 1315, ""4"": 1407, ""5"": 1221}",connected
8299,22,8299,0.8685991666666667,0.0012350658368086443,-6.42968171489933,0.0,0.0,0,"{""0"": 1441, ""1"": 1531, ""2"": 1332, ""3"": 1333, ""4"": 1425, ""5"": 1237}",connected
8399,22,8399,0.8670158333333333,0.001380285412305966,-6.42968171489933,0.0,0.0,0,"{""0"": 1457, ""1"": 1551, ""2"": 1354, ""3"": 1350, ""4"": 1437, ""5"": 1250}",connected
8499,22,8499,0.8654325,0.0014377940184203907,-6.42968171489933,0.0,0.0,0,"{""0"": 1478, ""1"": 1571, ""2"": 1370, ""3"": 1368, ""4"": 1450, ""5"": 1262}",connected
8599,22,8599,0.8638491666666667,0.0013270601694239303,-6.42968171489933,0.0,0.0,0,"{""0"": 1491, ""1"": 1585, ""2"": 1388, ""3"": 1377, ""4"": 1477, ""5"": 1281}",connected
8699,24,8699,0.8622658333333333,0.0012822324235457927,-6.426916563902826,0.0,0.0,0,"{""0"": 1507, ""1"": 1604, ""2"": 1402, ""3"": 1399, ""4"": 1497, ""5"": 1290}",connected
8799,24,8799,0.8606825,0.0012042431777808816,-6.426916563902826,0.0,0.0,0,"{""0"": 1523, ""1"": 1614, ""2"": 1416, ""3"": 1418, ""4"": 1523, ""5"": 1305}",connected
8899,24,8899,0.8590991666666666,0.0011068826064001768,-6.426916563902826,0.0,0.0,0,"{""0"": 1534, ""1"": 1631, ""2"": 1431, ""3"": 1440, ""4"": 1546, ""5"": 1317}",connected
8999,24,8999,0.8575158333333334,0.001117896530777216,-6.426916563902826,0.0,0.0,0,"{""0"": 1556, ""1"": 1654, ""2"": 1445, ""3"": 1451, ""4"": 1562, ""5"": 1331}",connected
9099,24,9099,0.8559325,0.001135835056193173,-6.426916563902826,0.0,0.0,0,"{""0"": 1570, ""1"": 1671, ""2"": 1469, ""3"": 1468, ""4"": 1576, ""5"": 1345}",connected
9199,24,9199,0.8543491666666667,0.0012025149096734822,-6.426916563902826,0.0,0.0,0,"{""0"": 1587, ""1"": 1693, ""2"": 1485, ""3"": 1485, ""4"": 1591, ""5"": 1358}",connected
9299,24,9299,0.8527658333333333,0.0012283350143115967,-6.426916563902826,0.0,0.0,0,"{""0"": 1608, ""1"": 1714, ""2"": 1502, ""3"": 1502, ""4"": 1603, ""5"": 1370}",connected
9399,26,9399,0.8511825,0.001198374415107537,-6.385807584004047,0.0,0.0,0,"{""0"": 1636, ""1"": 1734, ""2"": 1513, ""3"": 1516, ""4"": 1616, ""5"": 1384}",connected
9499,26,9499,0.8495991666666667,0.001191009354952257,-6.385807584004047,0.0,0.0,0,"{""0"": 1650, ""1"": 1754, ""2"": 1533, ""3"": 1535, ""4"": 1631, ""5"": 1396}",connected
9599,26,9599,0.8480158333333333,0.0011226550725405105,-6.385807584004047,0.0,0.0,0,"{""0"": 1671, ""1"": 1768, ""2"": 1555, ""3"": 1552, ""4"": 1645, ""5"": 1408}",connected
9699,26,9699,0.8464325,0.001144069974834565,-6.385807584004047,0.0,0.0,0,"{""0"": 1683, ""1"": 1784, ""2"": 1574, ""3"": 1563, ""4"": 1668, ""5"": 1427}",connected
9799,26,9799,0.8448491666666667,0.0011809277429711074,-6.385807584004047,0.0,0.0,0,"{""0"": 1696, ""1"": 1810, ""2"": 1599, ""3"": 1577, ""4"": 1679, ""5"": 1438}",connected
9899,26,9899,0.8432658333333334,0.0010860313111334108,-6.385807584004047,0.0,0.0,0,"{""0"": 1706, ""1"": 1835, ""2"": 1615, ""3"": 1593, ""4"": 1692, ""5"": 1458}",connected
9999,26,9999,0.8416825,0.001139268402766902,-6.385807584004047,0.0,0.0,0,"{""0"": 1719, ""1"": 1850, ""2"": 1638, ""3"": 1609, ""4"": 1713, ""5"": 1470}",connected
10099,26,10099,0.8400991666666666,0.0010929450902040117,-6.385807584004047,0.0,0.0,0,"{""0"": 1735, ""1"": 1869, ""2"": 1647, ""3"": 1634, ""4"": 1726, ""5"": 1488}",connected
10199,28,10199,0.8385158333333333,0.0011180925476946867,-6.3702498869471516,0.0,0.0,0,"{""0"": 1751, ""1"": 1891, ""2"": 1669, ""3"": 1648, ""4"": 1740, ""5"": 1500}",connected
10299,28,10299,0.8369325000000001,0.0012490533775417134,-6.3702498869471516,0.0,0.0,0,"{""0"": 1763, ""1"": 1906, ""2"": 1688, ""3"": 1667, ""4"": 1760, ""5"": 1515}",connected
10399,28,10399,0.8353491666666667,0.0012017109408043326,-6.3702498869471516,0.0,0.0,0,"{""0"": 1778, ""1"": 1929, ""2"": 1701, ""3"": 1683, ""4"": 1779, ""5"": 1529}",connected
10499,28,10499,0.8337658333333333,0.001277427057211753,-6.3702498869471516,0.0,0.0,0,"{""0"": 1790, ""1"": 1943, ""2"": 1719, ""3"": 1698, ""4"": 1795, ""5"": 1554}",connected
10599,28,10599,0.8321825,0.0012477604654850438,-6.3702498869471516,0.0,0.0,0,"{""0"": 1799, ""1"": 1968, ""2"": 1737, ""3"": 1714, ""4"": 1813, ""5"": 1568}",connected
10699,28,10699,0.8305991666666667,0.0012867761316010728,-6.3702498869471516,0.0,0.0,0,"{""0"": 1813, ""1"": 1988, ""2"": 1751, ""3"": 1726, ""4"": 1842, ""5"": 1579}",connected
10799,28,10799,0.8290158333333333,0.0012900693994015455,-6.3702498869471516,0.0,0.0,0,"{""0"": 1824, ""1"": 2007, ""2"": 1765, ""3"": 1739, ""4"": 1868, ""5"": 1596}",connected
10899,30,10899,0.8274325,0.0011511002850602382,-6.39733321897996,0.0,0.0,0,"{""0"": 1843, ""1"": 2026, ""2"": 1786, ""3"": 1759, ""4"": 1881, ""5"": 1604}",connected
10999,30,10999,0.8258491666666667,0.0011510973703116178,-6.39733321897996,0.0,0.0,0,"{""0"": 1864, ""1"": 2046, ""2"": 1800, ""3"": 1772, ""4"": 1899, ""5"": 1618}",connected
11099,30,11099,0.8242658333333334,0.001083652024390176,-6.39733321897996,0.0,0.0,0,"{""0"": 1873, ""1"": 2067, ""2"": 1819, ""3"": 1793, ""4"": 1919, ""5"": 1628}",connected
11199,30,11199,0.8226825,0.00110952555492986,-6.39733321897996,0.0,0.0,0,"{""0"": 1888, ""1"": 2096, ""2"": 1841, ""3"": 1805, ""4"": 1931, ""5"": 1638}",connected
11299,30,11299,0.8210991666666667,0.0012174635223345831,-6.39733321897996,0.0,0.0,0,"{""0"": 1905, ""1"": 2109, ""2"": 1858, ""3"": 1822, ""4"": 1947, ""5"": 1658}",connected
11399,30,11399,0.8195158333333333,0.0012350385606987402,-6.39733321897996,0.0,0.0,0,"{""0"": 1920, ""1"": 2127, ""2"": 1867, ""3"": 1835, ""4"": 1979, ""5"": 1671}",connected
11499,30,11499,0.8179325000000001,0.0011691913841059432,-6.39733321897996,0.0,0.0,0,"{""0"": 1934, ""1"": 2152, ""2"": 1888, ""3"": 1845, ""4"": 1992, ""5"": 1688}",connected
11599,32,11599,0.8163491666666667,0.0012228659266838803,-6.333468632743461,0.0,0.0,0,"{""0"": 1962, ""1"": 2167, ""2"": 1907, ""3"": 1855, ""4"": 2009, ""5"": 1699}",connected
11699,32,11699,0.8147658333333333,0.0012068241683300584,-6.333468632743461,0.0,0.0,0,"{""0"": 1978, ""1"": 2182, ""2"": 1922, ""3"": 1870, ""4"": 2023, ""5"": 1724}",connected
11799,32,11799,0.8131825,0.0011664199893129988,-6.333468632743461,0.0,0.0,0,"{""0"": 1993, ""1"": 2199, ""2"": 1932, ""3"": 1891, ""4"": 2042, ""5"": 1742}",connected
11899,32,11899,0.8115991666666666,0.0011899002216523512,-6.333468632743461,0.0,0.0,0,"{""0"": 2001, ""1"": 2213, ""2"": 1957, ""3"": 1918, ""4"": 2053, ""5"": 1757}",connected
11999,32,11999,0.8100158333333334,0.0011919456662144513,-6.333468632743461,0.0,0.0,0,"{""0"": 2021, ""1"": 2236, ""2"": 1974, ""3"": 1925, ""4"": 2073, ""5"": 1770}",connected
12099,32,12099,0.8084325,0.001133711430011317,-6.333468632743461,0.0,0.0,0,"{""0"": 2036, ""1"": 2258, ""2"": 1985, ""3"": 1946, ""4"": 2089, ""5"": 1785}",connected
12199,32,12199,0.8068491666666666,0.0012241732969414444,-6.333468632743461,0.0,0.0,0,"{""0"": 2046, ""1"": 2273, ""2"": 2000, ""3"": 1968, ""4"": 2111, ""5"": 1801}",connected
12299,34,12299,0.8052658333333333,0.001258659460581839,-6.3214116434511896,0.0,0.0,0,"{""0"": 2068, ""1"": 2296, ""2"": 2015, ""3"": 1982, ""4"": 2124, ""5"": 1814}",connected
12399,34,12399,0.8036825000000001,0.001193505278788507,-6.3214116434511896,0.0,0.0,0,"{""0"": 2082, ""1"": 2315, ""2"": 2035, ""3"": 2000, ""4"": 2139, ""5"": 1828}",connected
12499,34,12499,0.8020991666666667,0.0012849532096879557,-6.3214116434511896,0.0,0.0,0,"{""0"": 2107, ""1"": 2328, ""2"": 2046, ""3"": 2023, ""4"": 2155, ""5"": 1840}",connected
12599,34,12599,0.8005158333333333,0.0013149718986824154,-6.3214116434511896,0.0,0.0,0,"{""0"": 2121, ""1"": 2347, ""2"": 2068, ""3"": 2035, ""4"": 2171, ""5"": 1857}",connected
12699,34,12699,0.7989325,0.0012969103956129403,-6.3214116434511896,0.0,0.0,0,"{""0"": 2136, ""1"": 2362, ""2"": 2087, ""3"": 2051, ""4"": 2192, ""5"": 1871}",connected
12799,34,12799,0.7973491666666667,0.0013095266636810265,-6.3214116434511896,0.0,0.0,0,"{""0"": 2163, ""1"": 2374, ""2"": 2102, ""3"": 2063, ""4"": 2205, ""5"": 1892}",connected
12899,34,12899,0.7957658333333333,0.0012797759883687832,-6.3214116434511896,0.0,0.0,0,"{""0"": 2177, ""1"": 2387, ""2"": 2112, ""3"": 2080, ""4"": 2226, ""5"": 1917}",connected
12999,36,12999,0.7941825,0.0012334054781240411,-6.31449987522016,0.0,0.0,0,"{""0"": 2191, ""1"": 2407, ""2"": 2137, ""3"": 2095, ""4"": 2241, ""5"": 1928}",connected
13099,36,13099,0.7925991666666667,0.0012455764794140124,-6.31449987522016,0.0,0.0,0,"{""0"": 2210, ""1"": 2427, ""2"": 2156, ""3"": 2111, ""4"": 2253, ""5"": 1942}",connected
13199,36,13199,0.7910158333333334,0.001359552327194251,-6.31449987522016,0.0,0.0,0,"{""0"": 2227, ""1"": 2446, ""2"": 2175, ""3"": 2125, ""4"": 2274, ""5"": 1952}",connected
13299,36,13299,0.7894325,0.0013532516418490559,-6.31449987522016,0.0,0.0,0,"{""0"": 2244, ""1"": 2456, ""2"": 2192, ""3"": 2133, ""4"": 2306, ""5"": 1968}",connected
13399,36,13399,0.7878491666666667,0.0013044251094106584,-6.31449987522016,0.0,0.0,0,"{""0"": 2263, ""1"": 2468, ""2"": 2207, ""3"": 2147, ""4"": 2330, ""5"": 1984}",connected
13499,36,13499,0.7862658333333333,0.0012712368392385543,-6.31449987522016,0.0,0.0,0,"{""0"": 2281, ""1"": 2481, ""2"": 2225, ""3"": 2163, ""4"": 2357, ""5"": 1992}",connected
13599,36,13599,0.7846825000000001,0.0011124607748934068,-6.31449987522016,0.0,0.0,0,"{""0"": 2296, ""1"": 2499, ""2"": 2243, ""3"": 2182, ""4"": 2372, ""5"": 2007}",connected
13699,36,13699,0.7830991666666667,0.0010892954209703021,-6.31449987522016,0.0,0.0,0,"{""0"": 2311, ""1"": 2517, ""2"": 2258, ""3"": 2206, ""4"": 2392, ""5"": 2015}",connected
13799,38,13799,0.7815158333333333,0.0011521292247925884,-6.30276303132996,0.0,0.0,0,"{""0"": 2331, ""1"": 2530, ""2"": 2278, ""3"": 2220, ""4"": 2416, ""5"": 2024}",connected
13899,38,13899,0.7799325,0.0012198945143609308,-6.30276303132996,0.0,0.0,0,"{""0"": 2347, ""1"": 2544, ""2"": 2292, ""3"": 2236, ""4"": 2443, ""5"": 2037}",connected
13999,38,13999,0.7783491666666666,0.001288385955267586,-6.30276303132996,0.0,0.0,0,"{""0"": 2361, ""1"": 2578, ""2"": 2300, ""3"": 2250, ""4"": 2459, ""5"": 2051}",connected
14099,38,14099,0.7767658333333334,0.0013104353862581776,-6.30276303132996,0.0,0.0,0,"{""0"": 2375, ""1"": 2600, ""2"": 2326, ""3"": 2262, ""4"": 2469, ""5"": 2067}",connected
14199,38,14199,0.7751825,0.0012270114268176258,-6.30276303132996,0.0,0.0,0,"{""0"": 2389, ""1"": 2624, ""2"": 2339, ""3"": 2273, ""4"": 2488, ""5"": 2086}",connected
14299,38,14299,0.7735991666666666,0.0012732200272148476,-6.30276303132996,0.0,0.0,0,"{""0"": 2406, ""1"": 2652, ""2"": 2356, ""3"": 2284, ""4"": 2502, ""5"": 2099}",connected
14399,38,14399,0.7720158333333333,0.001319983620196581,-6.30276303132996,0.0,0.0,0,"{""0"": 2421, ""1"": 2663, ""2"": 2377, ""3"": 2303, ""4"": 2518, ""5"": 2117}",connected
14499,40,14499,0.7704325000000001,0.0012740526115521788,-6.303949870739598,0.0,0.0,0,"{""0"": 2439, ""1"": 2684, ""2"": 2394, ""3"": 2325, ""4"": 2532, ""5"": 2125}",connected
14599,40,14599,0.7688491666666667,0.0013036029966315254,-6.303949870739598,0.0,0.0,0,"{""0"": 2458, ""1"": 2694, ""2"": 2404, ""3"": 2339, ""4"": 2563, ""5"": 2141}",connected
14699,40,14699,0.7672658333333333,0.001231522062444128,-6.303949870739598,0.0,0.0,0,"{""0"": 2473, ""1"": 2700, ""2"": 2416, ""3"": 2354, ""4"": 2598, ""5"": 2158}",connected
14799,40,14799,0.7656825,0.0013490655610803514,-6.303949870739598,0.0,0.0,0,"{""0"": 2484, ""1"": 2724, ""2"": 2434, ""3"": 2374, ""4"": 2611, ""5"": 2172}",connected
14899,40,14899,0.7640991666666667,0.001444942220696248,-6.303949870739598,0.0,0.0,0,"{""0"": 2503, ""1"": 2740, ""2"": 2450, ""3"": 2385, ""4"": 2634, ""5"": 2187}",connected
14999,40,14999,0.7625158333333333,0.0014841768675250932,-6.303949870739598,0.0,0.0,0,"{""0"": 2512, ""1"": 2753, ""2"": 2465, ""3"": 2404, ""4"": 2662, ""5"": 2203}",connected
15099,40,15099,0.7609325,0.0015458232309902087,-6.303949870739598,0.0,0.0,0,"{""0"": 2523, ""1"": 2769, ""2"": 2481, ""3"": 2427, ""4"": 2684, ""5"": 2215}",connected
15199,42,15199,0.7593491666666666,0.0013409567734925076,-6.32804748196421,0.0,0.0,0,"{""0"": 2534, ""1"": 2787, ""2"": 2493, ""3"": 2443, ""4"": 2715, ""5"": 2227}",connected
15299,42,15299,0.7577658333333334,0.0014157759613590314,-6.32804748196421,0.0,0.0,0,"{""0"": 2545, ""1"": 2810, ""2"": 2510, ""3"": 2453, ""4"": 2741, ""5"": 2240}",connected
15399,42,15399,0.7561825,0.0014825601049233228,-6.32804748196421,0.0,0.0,0,"{""0"": 2558, ""1"": 2823, ""2"": 2524, ""3"": 2475, ""4"": 2762, ""5"": 2257}",connected
15499,42,15499,0.7545991666666667,0.0014600602205609903,-6.32804748196421,0.0,0.0,0,"{""0"": 2574, ""1"": 2839, ""2"": 2543, ""3"": 2486, ""4"": 2787, ""5"": 2270}",connected
15599,42,15599,0.7530158333333333,0.0015780607709893956,-6.32804748196421,0.0,0.0,0,"{""0"": 2592, ""1"": 2856, ""2"": 2555, ""3"": 2500, ""4"": 2811, ""5"": 2285}",connected
15699,42,15699,0.7514325000000001,0.001531391636817716,-6.32804748196421,0.0,0.0,0,"{""0"": 2605, ""1"": 2867, ""2"": 2570, ""3"": 2511, ""4"": 2842, ""5"": 2304}",connected
15799,42,15799,0.7498491666666667,0.0013511117204325273,-6.32804748196421,0.0,0.0,0,"{""0"": 2619, ""1"": 2890, ""2"": 2595, ""3"": 2523, ""4"": 2857, ""5"": 2315}",connected
15899,44,15899,0.7482658333333334,0.001458783641573973,-6.2926816763673825,0.0,0.0,0,"{""0"": 2638, ""1"": 2910, ""2"": 2607, ""3"": 2530, ""4"": 2887, ""5"": 2327}",connected
15999,44,15999,0.7466825,0.001473498220439069,-6.2926816763673825,0.0,0.0,0,"{""0"": 2650, ""1"": 2931, ""2"": 2627, ""3"": 2543, ""4"": 2909, ""5"": 2339}",connected
16099,44,16099,0.7450991666666666,0.0014624347642529757,-6.2926816763673825,0.0,0.0,0,"{""0"": 2664, ""1"": 2947, ""2"": 2645, ""3"": 2563, ""4"": 2931, ""5"": 2349}",connected
16199,44,16199,0.7435158333333334,0.0015626010013511404,-6.2926816763673825,0.0,0.0,0,"{""0"": 2676, ""1"": 2961, ""2"": 2657, ""3"": 2579, ""4"": 2961, ""5"": 2365}",connected
16299,44,16299,0.7419325,0.0014887817576527595,-6.2926816763673825,0.0,0.0,0,"{""0"": 2689, ""1"": 2981, ""2"": 2678, ""3"": 2598, ""4"": 2978, ""5"": 2375}",connected
16399,44,16399,0.7403491666666666,0.0014684052119264379,-6.2926816763673825,0.0,0.0,0,"{""0"": 2703, ""1"": 2999, ""2"": 2692, ""3"": 2613, ""4"": 3002, ""5"": 2390}",connected
16499,44,16499,0.7387658333333333,0.0014689893764443696,-6.2926816763673825,0.0,0.0,0,"{""0"": 2717, ""1"": 3014, ""2"": 2708, ""3"": 2629, ""4"": 3026, ""5"": 2405}",connected
16599,46,16599,0.7371825000000001,0.0015628894127439708,-6.2975868119999925,0.0,0.0,0,"{""0"": 2742, ""1"": 3027, ""2"": 2721, ""3"": 2644, ""4"": 3045, ""5"": 2420}",connected
16699,46,16699,0.7355991666666667,0.0014618951844749973,-6.2975868119999925,0.0,0.0,0,"{""0"": 2758, ""1"": 3042, ""2"": 2739, ""3"": 2655, ""4"": 3073, ""5"": 2432}",connected
16799,46,16799,0.7340158333333333,0.0013248556273174471,-6.2975868119999925,0.0,0.0,0,"{""0"": 2786, ""1"": 3053, ""2"": 2754, ""3"": 2668, ""4"": 3095, ""5"": 2443}",connected
16899,46,16899,0.7324325,0.0013466019288171083,-6.2975868119999925,0.0,0.0,0,"{""0"": 2799, ""1"": 3067, ""2"": 2770, ""3"": 2683, ""4"": 3121, ""5"": 2459}",connected
16999,46,16999,0.7308491666666667,0.0013077278586570173,-6.2975868119999925,0.0,0.0,0,"{""0"": 2816, ""1"": 3084, ""2"": 2784, ""3"": 2700, ""4"": 3146, ""5"": 2469}",connected
17099,46,17099,0.7292658333333334,0.0014498327783076092,-6.2975868119999925,0.0,0.0,0,"{""0"": 2831, ""1"": 3097, ""2"": 2799, ""3"": 2714, ""4"": 3172, ""5"": 2486}",connected
17199,46,17199,0.7276825,0.00155576524004573,-6.2975868119999925,0.0,0.0,0,"{""0"": 2845, ""1"": 3112, ""2"": 2825, ""3"": 2731, ""4"": 3192, ""5"": 2494}",connected
17299,48,17299,0.7260991666666667,0.0016436812304891646,-6.137374858158485,0.0,0.0,0,"{""0"": 2857, ""1"": 3125, ""2"": 2848, ""3"": 2751, ""4"": 3212, ""5"": 2506}",connected
17399,48,17399,0.7245158333333334,0.0016008451604284347,-6.137374858158485,0.0,0.0,0,"{""0"": 2874, ""1"": 3152, ""2"": 2868, ""3"": 2763, ""4"": 3226, ""5"": 2516}",connected
17499,48,17499,0.7229325,0.001525074111414142,-6.137374858158485,0.0,0.0,0,"{""0"": 2890, ""1"": 3167, ""2"": 2883, ""3"": 2789, ""4"": 3240, ""5"": 2530}",connected
17599,48,17599,0.7213491666666667,0.0015433302958263084,-6.137374858158485,0.0,0.0,0,"{""0"": 2903, ""1"": 3183, ""2"": 2897, ""3"": 2814, ""4"": 3256, ""5"": 2546}",connected
17699,48,17699,0.7197658333333334,0.0014536652166862042,-6.137374858158485,0.0,0.0,0,"{""0"": 2915, ""1"": 3209, ""2"": 2914, ""3"": 2831, ""4"": 3274, ""5"": 2556}",connected
17799,48,17799,0.7181825,0.0014268270949833095,-6.137374858158485,0.0,0.0,0,"{""0"": 2926, ""1"": 3230, ""2"": 2932, ""3"": 2859, ""4"": 3288, ""5"": 2564}",connected
17899,48,17899,0.7165991666666667,0.001396198841976002,-6.137374858158485,0.0,0.0,0,"{""0"": 2940, ""1"": 3244, ""2"": 2950, ""3"": 2868, ""4"": 3319, ""5"": 2578}",connected
17999,48,17999,0.7150158333333334,0.001666791990865022,-6.137374858158485,0.0,0.0,0,"{""0"": 2950, ""1"": 3262, ""2"": 2975, ""3"": 2881, ""4"": 3342, ""5"": 2589}",connected
18099,50,18099,0.7134325,0.0016647785005625337,-6.125999854793772,0.0,0.0,0,"{""0"": 2960, ""1"": 3274, ""2"": 2990, ""3"": 2901, ""4"": 3373, ""5"": 2601}",connected
18199,50,18199,0.7118491666666666,0.0018246450327569618,-6.125999854793772,0.0,0.0,0,"{""0"": 2974, ""1"": 3295, ""2"": 3012, ""3"": 2919, ""4"": 3389, ""5"": 2610}",connected
18299,50,18299,0.7102658333333334,0.0018690438143676147,-6.125999854793772,0.0,0.0,0,"{""0"": 2991, ""1"": 3309, ""2"": 3026, ""3"": 2933, ""4"": 3420, ""5"": 2620}",connected
18399,50,18399,0.7086825000000001,0.0015380115917650982,-6.125999854793772,0.0,0.0,0,"{""0"": 3007, ""1"": 3322, ""2"": 3046, ""3"": 2947, ""4"": 3447, ""5"": 2630}",connected
18499,50,18499,0.7070991666666666,0.0015687622170662508,-6.125999854793772,0.0,0.0,0,"{""0"": 3022, ""1"": 3340, ""2"": 3072, ""3"": 2964, ""4"": 3463, ""5"": 2638}",connected
18599,50,18599,0.7055158333333333,0.0015137797372881323,-6.125999854793772,0.0,0.0,0,"{""0"": 3040, ""1"": 3361, ""2"": 3102, ""3"": 2977, ""4"": 3474, ""5"": 2645}",connected
18699,52,18699,0.7039325000000001,0.0014341105922358111,-5.969788312777662,0.0,0.0,0,"{""0"": 3055, ""1"": 3375, ""2"": 3125, ""3"": 2998, ""4"": 3493, ""5"": 2653}",connected
18799,52,18799,0.7023491666666666,0.0017335865314817055,-5.969788312777662,0.0,0.0,0,"{""0"": 3070, ""1"": 3392, ""2"": 3139, ""3"": 3018, ""4"": 3510, ""5"": 2670}",connected
18899,52,18899,0.7007658333333333,0.0020018519822042435,-5.969788312777662,0.0,0.0,0,"{""0"": 3090, ""1"": 3404, ""2"": 3155, ""3"": 3035, ""4"": 3533, ""5"": 2682}",connected
18999,52,18999,0.6991825,0.00195125448575709,-5.969788312777662,0.0,0.0,0,"{""0"": 3102, ""1"": 3420, ""2"": 3168, ""3"": 3056, ""4"": 3563, ""5"": 2690}",connected
19099,52,19099,0.6975991666666667,0.0020316388504579663,-5.969788312777662,0.0,0.0,0,"{""0"": 3116, ""1"": 3431, ""2"": 3196, ""3"": 3065, ""4"": 3591, ""5"": 2700}",connected
19199,52,19199,0.6960158333333333,0.0017393950413679704,-5.969788312777662,0.0,0.0,0,"{""0"": 3126, ""1"": 3444, ""2"": 3209, ""3"": 3091, ""4"": 3623, ""5"": 2706}",connected
19299,52,19299,0.6944325,0.0014685878553427755,-5.969788312777662,0.0,0.0,0,"{""0"": 3138, ""1"": 3461, ""2"": 3230, ""3"": 3115, ""4"": 3637, ""5"": 2718}",connected
19399,54,19399,0.6928491666666667,0.0015476482780650259,-5.953351701885738,0.0,0.0,0,"{""0"": 3151, ""1"": 3474, ""2"": 3242, ""3"": 3128, ""4"": 3669, ""5"": 2735}",connected
19499,54,19499,0.6912658333333334,0.0015513221931178123,-5.953351701885738,0.0,0.0,0,"{""0"": 3164, ""1"": 3485, ""2"": 3256, ""3"": 3153, ""4"": 3699, ""5"": 2742}",connected
19599,54,19599,0.6896825,0.0017130534950410947,-5.953351701885738,0.0,0.0,0,"{""0"": 3186, ""1"": 3509, ""2"": 3267, ""3"": 3166, ""4"": 3718, ""5"": 2753}",connected
19699,54,19699,0.6880991666666667,0.0022592074103886263,-5.953351701885738,0.0,0.0,0,"{""0"": 3200, ""1"": 3528, ""2"": 3289, ""3"": 3178, ""4"": 3731, ""5"": 2773}",connected
19799,54,19799,0.6865158333333333,0.0025893434905447064,-5.953351701885738,0.0,0.0,0,"{""0"": 3214, ""1"": 3546, ""2"": 3319, ""3"": 3190, ""4"": 3741, ""5"": 2789}",connected
19899,54,19899,0.6849324999999999,0.002596649610786699,-5.953351701885738,0.0,0.0,0,"{""0"": 3223, ""1"": 3578, ""2"": 3332, ""3"": 3212, ""4"": 3756, ""5"": 2798}",connected
19999,54,19999,0.6833491666666667,0.002571204181876965,-5.953351701885738,0.0,0.0,0,"{""0"": 3233, ""1"": 3592, ""2"": 3350, ""3"": 3225, ""4"": 3783, ""5"": 2816}",connected
20099,56,20000,0.6817658333333334,0.002015403919504024,-5.92608913499862,0.0,0.0,0,"{""0"": 3257, ""1"": 3604, ""2"": 3362, ""3"": 3248, ""4"": 3807, ""5"": 2821}",connected
20199,56,20000,0.6801825,0.0017336749518290161,-5.92608913499862,0.0,0.0,0,"{""0"": 3267, ""1"": 3625, ""2"": 3380, ""3"": 3265, ""4"": 3831, ""5"": 2831}",connected
20299,56,20000,0.6785991666666666,0.0022968542063608764,-5.92608913499862,0.0,0.0,0,"{""0"": 3279, ""1"": 3638, ""2"": 3388, ""3"": 3305, ""4"": 3846, ""5"": 2843}",connected
20399,56,20000,0.6770158333333334,0.0030526000412646683,-5.92608913499862,0.0,0.0,0,"{""0"": 3294, ""1"": 3648, ""2"": 3416, ""3"": 3329, ""4"": 3855, ""5"": 2857}",connected
20499,56,20000,0.6754325,0.003033069485099986,-5.92608913499862,0.0,0.0,0,"{""0"": 3315, ""1"": 3665, ""2"": 3427, ""3"": 3361, ""4"": 3867, ""5"": 2864}",connected
20599,56,20000,0.6738491666666666,0.003015578988706693,-5.92608913499862,0.0,0.0,0,"{""0"": 3331, ""1"": 3682, ""2"": 3441, ""3"": 3390, ""4"": 3882, ""5"": 2873}",connected
20699,56,20000,0.6722658333333333,0.00241527596663218,-5.92608913499862,0.0,0.0,0,"{""0"": 3353, ""1"": 3696, ""2"": 3464, ""3"": 3406, ""4"": 3899, ""5"": 2881}",connected
20799,58,20000,0.6706825000000001,0.0018336372874910012,-5.85515502263824,0.0,0.0,0,"{""0"": 3372, ""1"": 3713, ""2"": 3486, ""3"": 3422, ""4"": 3912, ""5"": 2894}",connected
20899,58,20000,0.6690991666666667,0.002000005082809366,-5.85515502263824,0.0,0.0,0,"{""0"": 3383, ""1"": 3730, ""2"": 3499, ""3"": 3442, ""4"": 3944, ""5"": 2901}",connected
20999,58,20000,0.6675158333333333,0.0021795461617875843,-5.85515502263824,0.0,0.0,0,"{""0"": 3392, ""1"": 3747, ""2"": 3520, ""3"": 3465, ""4"": 3957, ""5"": 2918}",connected
21099,58,20000,0.6659325,0.0028360766381956637,-5.85515502263824,0.0,0.0,0,"{""0"": 3409, ""1"": 3765, ""2"": 3536, ""3"": 3480, ""4"": 3981, ""5"": 2928}",connected
21199,58,20000,0.6643491666666667,0.0025700671534286813,-5.85515502263824,0.0,0.0,0,"{""0"": 3422, ""1"": 3780, ""2"": 3552, ""3"": 3502, ""4"": 4001, ""5"": 2942}",connected
21299,58,20000,0.6627658333333334,0.0025295339658623563,-5.85515502263824,0.0,0.0,0,"{""0"": 3441, ""1"": 3791, ""2"": 3567, ""3"": 3534, ""4"": 4019, ""5"": 2947}",connected
21399,58,20000,0.6611825,0.0023732364492025228,-5.85515502263824,0.0,0.0,0,"{""0"": 3453, ""1"": 3811, ""2"": 3588, ""3"": 3554, ""4"": 4032, ""5"": 2961}",connected
21499,58,20000,0.6595991666666667,0.0019053316907957196,-5.85515502263824,0.0,0.0,0,"{""0"": 3463, ""1"": 3830, ""2"": 3610, ""3"": 3568, ""4"": 4054, ""5"": 2974}",connected
21599,60,20000,0.6580158333333334,0.0019001159374602138,-5.843716514809057,0.0,0.0,0,"{""0"": 3483, ""1"": 3841, ""2"": 3629, ""3"": 3588, ""4"": 4074, ""5"": 2984}",connected
21699,60,20000,0.6564325,0.0017771711840759963,-5.843716514809057,0.0,0.0,0,"{""0"": 3495, ""1"": 3853, ""2"": 3640, ""3"": 3607, ""4"": 4105, ""5"": 2999}",connected
21799,60,20000,0.6548491666666667,0.0018447515147272497,-5.843716514809057,0.0,0.0,0,"{""0"": 3507, ""1"": 3866, ""2"": 3656, ""3"": 3618, ""4"": 4144, ""5"": 3008}",connected
21899,60,20000,0.6532658333333334,0.0016715320444200188,-5.843716514809057,0.0,0.0,0,"{""0"": 3517, ""1"": 3887, ""2"": 3668, ""3"": 3632, ""4"": 4174, ""5"": 3021}",connected
21999,60,20000,0.6516825,0.001667655158089474,-5.843716514809057,0.0,0.0,0,"{""0"": 3524, ""1"": 3907, ""2"": 3693, ""3"": 3649, ""4"": 4191, ""5"": 3035}",connected
22099,60,20000,0.6500991666666667,0.0017146308196242899,-5.843716514809057,0.0,0.0,0,"{""0"": 3546, ""1"": 3920, ""2"": 3718, ""3"": 3662, ""4"": 4202, ""5"": 3051}",connected
22199,60,20000,0.6485158333333334,0.0016429515864001586,-5.843716514809057,0.0,0.0,0,"{""0"": 3567, ""1"": 3944, ""2"": 3742, ""3"": 3673, ""4"": 4209, ""5"": 3064}",connected
22299,62,20000,0.6469325,0.0017026680731214584,-5.860483719358942,0.0,0.0,0,"{""0"": 3576, ""1"": 3968, ""2"": 3754, ""3"": 3692, ""4"": 4232, ""5"": 3077}",connected
22399,62,20000,0.6453491666666666,0.00175226281338837,-5.860483719358942,0.0,0.0,0,"{""0"": 3591, ""1"": 3980, ""2"": 3784, ""3"": 3702, ""4"": 4256, ""5"": 3086}",connected
22499,62,20000,0.6437658333333334,0.002005281508900225,-5.860483719358942,0.0,0.0,0,"{""0"": 3607, ""1"": 3992, ""2"": 3804, ""3"": 3713, ""4"": 4286, ""5"": 3097}",connected
22599,62,20000,0.6421825000000001,0.0022191159398062153,-5.860483719358942,0.0,0.0,0,"{""0"": 3625, ""1"": 4006, ""2"": 3818, ""3"": 3728, ""4"": 4317, ""5"": 3105}",connected
22699,62,20000,0.6405991666666666,0.0024473122955532747,-5.860483719358942,0.0,0.0,0,"{""0"": 3642, ""1"": 4018, ""2"": 3833, ""3"": 3740, ""4"": 4348, ""5"": 3118}",connected
22799,62,20000,0.6390158333333333,0.0026128077827161176,-5.860483719358942,0.0,0.0,0,"{""0"": 3655, ""1"": 4036, ""2"": 3845, ""3"": 3756, ""4"": 4382, ""5"": 3125}",connected
22899,62,20000,0.6374325000000001,0.002728482926613651,-5.860483719358942,0.0,0.0,0,"{""0"": 3664, ""1"": 4043, ""2"": 3868, ""3"": 3783, ""4"": 4410, ""5"": 3131}",connected
22999,64,20000,0.6358491666666666,0.002759080773103051,-5.862546724129061,0.0,0.0,0,"{""0"": 3689, ""1"": 4054, ""2"": 3880, ""3"": 3800, ""4"": 4431, ""5"": 3145}",connected
23099,64,20000,0.6342658333333333,0.002955918681109324,-5.862546724129061,0.0,0.0,0,"{""0"": 3700, ""1"": 4075, ""2"": 3902, ""3"": 3816, ""4"": 4453, ""5"": 3153}",connected
23199,64,20000,0.6326825,0.0030121774139115587,-5.862546724129061,0.0,0.0,0,"{""0"": 3709, ""1"": 4088, ""2"": 3914, ""3"": 3828, ""4"": 4492, ""5"": 3168}",connected
23299,64,20000,0.6310991666666668,0.0029873964871512727,-5.862546724129061,0.0,0.0,0,"{""0"": 3724, ""1"": 4106, ""2"": 3929, ""3"": 3845, ""4"": 4515, ""5"": 3180}",connected
23399,64,20000,0.6295158333333333,0.002824792591272853,-5.862546724129061,0.0,0.0,0,"{""0"": 3740, ""1"": 4123, ""2"": 3942, ""3"": 3861, ""4"": 4529, ""5"": 3204}",connected
23499,64,20000,0.6279325,0.0025088098930427806,-5.862546724129061,0.0,0.0,0,"{""0"": 3764, ""1"": 4141, ""2"": 3954, ""3"": 3875, ""4"": 4550, ""5"": 3215}",connected
23599,64,20000,0.6263491666666667,0.0029903595021460207,-5.862546724129061,0.0,0.0,0,"{""0"": 3771, ""1"": 4150, ""2"": 3975, ""3"": 3891, ""4"": 4582, ""5"": 3230}",connected
23699,66,20000,0.6247658333333334,0.0026779078011168168,-5.867499849469768,0.0,0.0,0,"{""0"": 3782, ""1"": 4170, ""2"": 3990, ""3"": 3910, ""4"": 4595, ""5"": 3252}",connected
23799,66,20000,0.6231825,0.0025340316497022286,-5.867499849469768,0.0,0.0,0,"{""0"": 3808, ""1"": 4182, ""2"": 4003, ""3"": 3919, ""4"": 4627, ""5"": 3260}",connected
23899,66,20000,0.6215991666666667,0.002757340039825067,-5.867499849469768,0.0,0.0,0,"{""0"": 3828, ""1"": 4201, ""2"": 4020, ""3"": 3941, ""4"": 4637, ""5"": 3272}",connected
23999,66,20000,0.6200158333333333,0.0025469179335050286,-5.867499849469768,0.0,0.0,0,"{""0"": 3838, ""1"": 4210, ""2"": 4045, ""3"": 3969, ""4"": 4659, ""5"": 3278}",connected
24099,66,20000,0.6184324999999999,0.0026617078034905715,-5.867499849469768,0.0,0.0,0,"{""0"": 3856, ""1"": 4219, ""2"": 4074, ""3"": 3984, ""4"": 4673, ""5"": 3293}",connected
24199,66,20000,0.6168491666666667,0.0027894180919975043,-5.867499849469768,0.0,0.0,0,"{""0"": 3863, ""1"": 4236, ""2"": 4106, ""3"": 4003, ""4"": 4690, ""5"": 3301}",connected
24299,66,20000,0.6152658333333334,0.0026602880063001065,-5.867499849469768,0.0,0.0,0,"{""0"": 3899, ""1"": 4246, ""2"": 4122, ""3"": 4018, ""4"": 4701, ""5"": 3313}",connected
24399,66,20000,0.6136825,0.002299034059396945,-5.867499849469768,0.0,0.0,0,"{""0"": 3933, ""1"": 4255, ""2"": 4149, ""3"": 4028, ""4"": 4714, ""5"": 3320}",connected
24499,68,20000,0.6120991666666666,0.0024637563683791086,-5.834176320534692,0.0,0.0,0,"{""0"": 3956, ""1"": 4269, ""2"": 4165, ""3"": 4040, ""4"": 4740, ""5"": 3329}",connected
24599,68,20000,0.6105158333333334,0.0026365607941988855,-5.834176320534692,0.0,0.0,0,"{""0"": 3970, ""1"": 4283, ""2"": 4192, ""3"": 4052, ""4"": 4761, ""5"": 3341}",connected
24699,68,20000,0.6089325,0.0025691340334014967,-5.834176320534692,0.0,0.0,0,"{""0"": 3986, ""1"": 4297, ""2"": 4213, ""3"": 4075, ""4"": 4778, ""5"": 3350}",connected
24799,68,20000,0.6073491666666666,0.002499904159340076,-5.834176320534692,0.0,0.0,0,"{""0"": 4003, ""1"": 4316, ""2"": 4229, ""3"": 4099, ""4"": 4797, ""5"": 3355}",connected
24899,68,20000,0.6057658333333333,0.002396224364056252,-5.834176320534692,0.0,0.0,0,"{""0"": 4018, ""1"": 4330, ""2"": 4247, ""3"": 4119, ""4"": 4816, ""5"": 3369}",connected
24999,68,20000,0.6041825000000001,0.0020961186481872575,-5.834176320534692,0.0,0.0,0,"{""0"": 4031, ""1"": 4343, ""2"": 4273, ""3"": 4134, ""4"": 4840, ""5"": 3378}",connected
25099,68,20000,0.6025991666666667,0.002041096149478108,-5.834176320534692,0.0,0.0,0,"{""0"": 4042, ""1"": 4356, ""2"": 4294, ""3"": 4159, ""4"": 4854, ""5"": 3394}",connected
25199,70,20000,0.6010158333333333,0.0020468331093434246,-5.809071279077657,0.0,0.0,0,"{""0"": 4057, ""1"": 4374, ""2"": 4311, ""3"": 4172, ""4"": 4883, ""5"": 3402}",connected
25299,70,20000,0.5994325,0.0019429626961937174,-5.809071279077657,0.0,0.0,0,"{""0"": 4074, ""1"": 4388, ""2"": 4327, ""3"": 4188, ""4"": 4907, ""5"": 3415}",connected
25399,70,20000,0.5978491666666667,0.001989180127275176,-5.809071279077657,0.0,0.0,0,"{""0"": 4082, ""1"": 4405, ""2"": 4348, ""3"": 4211, ""4"": 4930, ""5"": 3423}",connected
25499,70,20000,0.5962658333333334,0.002497919123270549,-5.809071279077657,0.0,0.0,0,"{""0"": 4094, ""1"": 4421, ""2"": 4362, ""3"": 4239, ""4"": 4952, ""5"": 3431}",connected
25599,70,20000,0.5946825,0.002518902156734839,-5.809071279077657,0.0,0.0,0,"{""0"": 4122, ""1"": 4438, ""2"": 4377, ""3"": 4255, ""4"": 4967, ""5"": 3440}",connected
25699,70,20000,0.5930991666666667,0.0029707043466623874,-5.809071279077657,0.0,0.0,0,"{""0"": 4140, ""1"": 4451, ""2"": 4393, ""3"": 4271, ""4"": 4995, ""5"": 3449}",connected
25799,70,20000,0.5915158333333334,0.002946375394240022,-5.809071279077657,0.0,0.0,0,"{""0"": 4162, ""1"": 4468, ""2"": 4406, ""3"": 4292, ""4"": 5019, ""5"": 3452}",connected
25899,72,20000,0.5899325,0.002357699231361039,-5.7873748502331885,0.0,0.0,0,"{""0"": 4178, ""1"": 4484, ""2"": 4422, ""3"": 4316, ""4"": 5043, ""5"": 3456}",connected
25999,72,20000,0.5883491666666667,0.0027101139118894933,-5.7873748502331885,0.0,0.0,0,"{""0"": 4191, ""1"": 4489, ""2"": 4437, ""3"": 4327, ""4"": 5087, ""5"": 3468}",connected
26099,72,20000,0.5867658333333334,0.0025893315940629692,-5.7873748502331885,0.0,0.0,0,"{""0"": 4206, ""1"": 4508, ""2"": 4445, ""3"": 4339, ""4"": 5122, ""5"": 3479}",connected
26199,72,20000,0.5851825,0.002634725807583891,-5.7873748502331885,0.0,0.0,0,"{""0"": 4222, ""1"": 4538, ""2"": 4457, ""3"": 4360, ""4"": 5132, ""5"": 3490}",connected
26299,72,20000,0.5835991666666667,0.0026911534182727337,-5.7873748502331885,0.0,0.0,0,"{""0"": 4232, ""1"": 4552, ""2"": 4486, ""3"": 4373, ""4"": 5156, ""5"": 3500}",connected
26399,72,20000,0.5820158333333334,0.0024807827203767374,-5.7873748502331885,0.0,0.0,0,"{""0"": 4250, ""1"": 4559, ""2"": 4503, ""3"": 4403, ""4"": 5174, ""5"": 3510}",connected
26499,72,20000,0.5804325,0.0028814953099936245,-5.7873748502331885,0.0,0.0,0,"{""0"": 4260, ""1"": 4568, ""2"": 4517, ""3"": 4428, ""4"": 5202, ""5"": 3524}",connected
26599,72,20000,0.5788491666666666,0.002858956550480798,-5.7873748502331885,0.0,0.0,0,"{""0"": 4275, ""1"": 4580, ""2"": 4541, ""3"": 4450, ""4"": 5221, ""5"": 3532}",connected
26699,74,20000,0.5772658333333334,0.003212284607579932,-5.830621473692559,0.0,0.0,0,"{""0"": 4294, ""1"": 4589, ""2"": 4557, ""3"": 4456, ""4"": 5260, ""5"": 3543}",connected
26799,74,20000,0.5756825000000001,0.003413515766733326,-5.830621473692559,0.0,0.0,0,"{""0"": 4306, ""1"": 4609, ""2"": 4572, ""3"": 4475, ""4"": 5280, ""5"": 3557}",connected
26899,74,20000,0.5740991666666667,0.003237937731319107,-5.830621473692559,0.0,0.0,0,"{""0"": 4326, ""1"": 4632, ""2"": 4580, ""3"": 4492, ""4"": 5295, ""5"": 3574}",connected
26999,74,20000,0.5725158333333333,0.0033771462592994796,-5.830621473692559,0.0,0.0,0,"{""0"": 4339, ""1"": 4671, ""2"": 4592, ""3"": 4501, ""4"": 5308, ""5"": 3588}",connected
27099,74,20000,0.5709325000000001,0.0032169724121922628,-5.830621473692559,0.0,0.0,0,"{""0"": 4352, ""1"": 4694, ""2"": 4610, ""3"": 4525, ""4"": 5321, ""5"": 3597}",connected
27199,74,20000,0.5693491666666667,0.003149985744385049,-5.830621473692559,0.0,0.0,0,"{""0"": 4365, ""1"": 4722, ""2"": 4627, ""3"": 4547, ""4"": 5338, ""5"": 3600}",connected
27299,74,20000,0.5677658333333333,0.0026812912139575927,-5.830621473692559,0.0,0.0,0,"{""0"": 4377, ""1"": 4738, ""2"": 4647, ""3"": 4568, ""4"": 5361, ""5"": 3608}",connected
27399,76,20000,0.5661825,0.0026642787124728784,-5.715355112634011,0.0,0.0,0,"{""0"": 4397, ""1"": 4747, ""2"": 4667, ""3"": 4581, ""4"": 5391, ""5"": 3616}",connected
27499,76,20000,0.5645991666666668,0.0026625918434001507,-5.715355112634011,0.0,0.0,0,"{""0"": 4417, ""1"": 4767, ""2"": 4679, ""3"": 4604, ""4"": 5408, ""5"": 3624}",connected
27599,76,20000,0.5630158333333333,0.003101455548312515,-5.715355112634011,0.0,0.0,0,"{""0"": 4426, ""1"": 4779, ""2"": 4696, ""3"": 4633, ""4"": 5434, ""5"": 3631}",connected
27699,76,20000,0.5614325,0.003448275231057778,-5.715355112634011,0.0,0.0,0,"{""0"": 4438, ""1"": 4790, ""2"": 4709, ""3"": 4645, ""4"": 5482, ""5"": 3635}",connected
27799,76,20000,0.5598491666666667,0.003353990240721032,-5.715355112634011,0.0,0.0,0,"{""0"": 4453, ""1"": 4800, ""2"": 4724, ""3"": 4662, ""4"": 5520, ""5"": 3640}",connected
27899,76,20000,0.5582658333333334,0.0036297208844916894,-5.715355112634011,0.0,0.0,0,"{""0"": 4464, ""1"": 4815, ""2"": 4740, ""3"": 4685, ""4"": 5546, ""5"": 3649}",connected
27999,76,20000,0.5566825,0.003231709747342393,-5.715355112634011,0.0,0.0,0,"{""0"": 4481, ""1"": 4825, ""2"": 4746, ""3"": 4707, ""4"": 5584, ""5"": 3656}",connected
28099,78,20000,0.5550991666666667,0.0029520108358701692,-5.721294720042258,0.0,0.0,0,"{""0"": 4492, ""1"": 4839, ""2"": 4767, ""3"": 4726, ""4"": 5608, ""5"": 3667}",connected
28199,78,20000,0.5535158333333334,0.0042086948786163704,-5.721294720042258,0.0,0.0,0,"{""0"": 4510, ""1"": 4853, ""2"": 4788, ""3"": 4744, ""4"": 5622, ""5"": 3682}",connected
28299,78,20000,0.5519324999999999,0.003981561354012228,-5.721294720042258,0.0,0.0,0,"{""0"": 4523, ""1"": 4865, ""2"": 4836, ""3"": 4755, ""4"": 5631, ""5"": 3689}",connected
28399,78,20000,0.5503491666666667,0.0037244828342227264,-5.721294720042258,0.0,0.0,0,"{""0"": 4528, ""1"": 4875, ""2"": 4891, ""3"": 4767, ""4"": 5639, ""5"": 3699}",connected
28499,78,20000,0.5487658333333334,0.0035467818460892886,-5.721294720042258,0.0,0.0,0,"{""0"": 4539, ""1"": 4883, ""2"": 4923, ""3"": 4789, ""4"": 5654, ""5"": 3711}",connected
28599,78,20000,0.5471825,0.002801261794520542,-5.721294720042258,0.0,0.0,0,"{""0"": 4554, ""1"": 4891, ""2"": 4963, ""3"": 4804, ""4"": 5664, ""5"": 3723}",connected
28699,78,20000,0.5455991666666666,0.0026162700064014644,-5.721294720042258,0.0,0.0,0,"{""0"": 4565, ""1"": 4899, ""2"": 5001, ""3"": 4813, ""4"": 5684, ""5"": 3737}",connected
28799,80,20000,0.5440158333333334,0.00269204335170798,-5.708337351185037,0.0,0.0,0,"{""0"": 4583, ""1"": 4908, ""2"": 5024, ""3"": 4830, ""4"": 5708, ""5"": 3746}",connected
28899,80,20000,0.5424325,0.002930179944378324,-5.708337351185037,0.0,0.0,0,"{""0"": 4595, ""1"": 4921, ""2"": 5036, ""3"": 4845, ""4"": 5745, ""5"": 3757}",connected
28999,80,20000,0.5408491666666666,0.0026769304677145556,-5.708337351185037,0.0,0.0,0,"{""0"": 4607, ""1"": 4937, ""2"": 5050, ""3"": 4859, ""4"": 5778, ""5"": 3768}",connected
29099,80,20000,0.5392658333333333,0.0029284034488955514,-5.708337351185037,0.0,0.0,0,"{""0"": 4631, ""1"": 4968, ""2"": 5057, ""3"": 4872, ""4"": 5792, ""5"": 3779}",connected
29199,80,20000,0.5376825000000001,0.0039868380379630254,-5.708337351185037,0.0,0.0,0,"{""0"": 4661, ""1"": 4987, ""2"": 5067, ""3"": 4882, ""4"": 5813, ""5"": 3789}",connected
29299,80,20000,0.5360991666666667,0.0038882155029568823,-5.708337351185037,0.0,0.0,0,"{""0"": 4677, ""1"": 4999, ""2"": 5079, ""3"": 4902, ""4"": 5833, ""5"": 3809}",connected
29399,80,20000,0.5345158333333333,0.004812778952764347,-5.708337351185037,0.0,0.0,0,"{""0"": 4693, ""1"": 5008, ""2"": 5090, ""3"": 4918, ""4"": 5856, ""5"": 3834}",connected
29499,82,20000,0.5329325,0.004646720838500187,-5.700194974662736,0.0,0.0,0,"{""0"": 4708, ""1"": 5020, ""2"": 5103, ""3"": 4928, ""4"": 5890, ""5"": 3850}",connected
29599,82,20000,0.5313491666666667,0.003728397664381191,-5.700194974662736,0.0,0.0,0,"{""0"": 4720, ""1"": 5034, ""2"": 5128, ""3"": 4942, ""4"": 5917, ""5"": 3858}",connected
29699,82,20000,0.5297658333333334,0.0039393530611414465,-5.700194974662736,0.0,0.0,0,"{""0"": 4733, ""1"": 5041, ""2"": 5143, ""3"": 4969, ""4"": 5942, ""5"": 3871}",connected
29799,82,20000,0.5281825,0.0034562702977564185,-5.700194974662736,0.0,0.0,0,"{""0"": 4741, ""1"": 5053, ""2"": 5150, ""3"": 5006, ""4"": 5964, ""5"": 3885}",connected
29899,82,20000,0.5265991666666667,0.004061471981694922,-5.700194974662736,0.0,0.0,0,"{""0"": 4758, ""1"": 5071, ""2"": 5177, ""3"": 5025, ""4"": 5981, ""5"": 3887}",connected
29999,82,20000,0.5250158333333333,0.00432930673705414,-5.700194974662736,0.0,0.0,0,"{""0"": 4768, ""1"": 5089, ""2"": 5198, ""3"": 5051, ""4"": 6000, ""5"": 3893}",connected
30099,82,20000,0.5234325,0.004064292572438717,-5.700194974662736,0.0,0.0,0,"{""0"": 4781, ""1"": 5100, ""2"": 5214, ""3"": 5071, ""4"": 6035, ""5"": 3898}",connected
30199,82,20000,0.5218491666666667,0.004027695016702637,-5.700194974662736,0.0,0.0,0,"{""0"": 4799, ""1"": 5114, ""2"": 5226, ""3"": 5100, ""4"": 6051, ""5"": 3909}",connected
30299,84,20000,0.5202658333333334,0.003775374910328537,-5.675773662287698,0.0,0.0,0,"{""0"": 4816, ""1"": 5124, ""2"": 5249, ""3"": 5123, ""4"": 6072, ""5"": 3915}",connected
30399,84,20000,0.5186824999999999,0.0034666457842104136,-5.675773662287698,0.0,0.0,0,"{""0"": 4831, ""1"": 5140, ""2"": 5267, ""3"": 5145, ""4"": 6093, ""5"": 3923}",connected
30499,84,20000,0.5170991666666667,0.0037633692263625562,-5.675773662287698,0.0,0.0,0,"{""0"": 4854, ""1"": 5157, ""2"": 5282, ""3"": 5163, ""4"": 6111, ""5"": 3932}",connected
30599,84,20000,0.5155158333333334,0.003893600162118673,-5.675773662287698,0.0,0.0,0,"{""0"": 4878, ""1"": 5167, ""2"": 5292, ""3"": 5177, ""4"": 6144, ""5"": 3941}",connected
30699,84,20000,0.5139324999999999,0.0038447845086921006,-5.675773662287698,0.0,0.0,0,"{""0"": 4912, ""1"": 5183, ""2"": 5305, ""3"": 5183, ""4"": 6162, ""5"": 3954}",connected
30799,86,20000,0.5123491666666666,0.003926090897293761,-5.540348690360525,0.0,0.0,0,"{""0"": 4935, ""1"": 5196, ""2"": 5322, ""3"": 5202, ""4"": 6186, ""5"": 3958}",connected
30899,86,20000,0.5107658333333334,0.0036311862949514762,-5.540348690360525,0.0,0.0,0,"{""0"": 4950, ""1"": 5213, ""2"": 5338, ""3"": 5212, ""4"": 6217, ""5"": 3969}",connected
30999,86,20000,0.5091825,0.003138781818561256,-5.540348690360525,0.0,0.0,0,"{""0"": 4963, ""1"": 5221, ""2"": 5375, ""3"": 5225, ""4"": 6236, ""5"": 3979}",connected
31099,86,20000,0.5075991666666667,0.003511973324930295,-5.540348690360525,0.0,0.0,0,"{""0"": 4979, ""1"": 5231, ""2"": 5409, ""3"": 5241, ""4"": 6254, ""5"": 3985}",connected
31199,86,20000,0.5060158333333333,0.003622873255517334,-5.540348690360525,0.0,0.0,0,"{""0"": 4990, ""1"": 5243, ""2"": 5453, ""3"": 5252, ""4"": 6265, ""5"": 3996}",connected
31299,86,20000,0.5044325000000001,0.004129986327025108,-5.540348690360525,0.0,0.0,0,"{""0"": 5003, ""1"": 5255, ""2"": 5497, ""3"": 5264, ""4"": 6277, ""5"": 4003}",connected
31399,88,20000,0.5028491666666667,0.004202802843647078,-5.416602129005531,0.0,0.0,0,"{""0"": 5017, ""1"": 5269, ""2"": 5515, ""3"": 5284, ""4"": 6302, ""5"": 4012}",connected
31499,88,20000,0.5012658333333333,0.0036148563981987535,-5.416602129005531,0.0,0.0,0,"{""0"": 5048, ""1"": 5279, ""2"": 5539, ""3"": 5293, ""4"": 6324, ""5"": 4016}",connected
31599,88,20000,0.49968250000000003,0.0035617775178980082,-5.416602129005531,0.0,0.0,0,"{""0"": 5071, ""1"": 5291, ""2"": 5551, ""3"": 5315, ""4"": 6346, ""5"": 4025}",connected
31699,88,20000,0.49809916666666665,0.0039644064591266215,-5.416602129005531,0.0,0.0,0,"{""0"": 5092, ""1"": 5308, ""2"": 5559, ""3"": 5342, ""4"": 6360, ""5"": 4038}",connected
31799,88,20000,0.4965158333333334,0.003967168796807527,-5.416602129005531,0.0,0.0,0,"{""0"": 5113, ""1"": 5330, ""2"": 5580, ""3"": 5355, ""4"": 6374, ""5"": 4047}",connected
31899,88,20000,0.4949325000000001,0.004065159290330484,-5.416602129005531,0.0,0.0,0,"{""0"": 5126, ""1"": 5351, ""2"": 5617, ""3"": 5366, ""4"": 6385, ""5"": 4054}",connected
31999,88,20000,0.4933491666666667,0.0042448896286077795,-5.416602129005531,0.0,0.0,0,"{""0"": 5138, ""1"": 5380, ""2"": 5649, ""3"": 5379, ""4"": 6394, ""5"": 4059}",connected
32099,88,20000,0.49176583333333335,0.004295841888524592,-5.416602129005531,0.0,0.0,0,"{""0"": 5147, ""1"": 5405, ""2"": 5660, ""3"": 5400, ""4"": 6417, ""5"": 4070}",connected
32199,90,20000,0.4901825000000001,0.0048105663165915755,-5.358955412358045,0.0,0.0,0,"{""0"": 5163, ""1"": 5417, ""2"": 5679, ""3"": 5413, ""4"": 6451, ""5"": 4076}",connected
32299,90,20000,0.4885991666666667,0.0051726426393724975,-5.358955412358045,0.0,0.0,0,"{""0"": 5185, ""1"": 5428, ""2"": 5700, ""3"": 5433, ""4"": 6471, ""5"": 4082}",connected
32399,90,20000,0.4870158333333333,0.005345858470536769,-5.358955412358045,0.0,0.0,0,"{""0"": 5203, ""1"": 5448, ""2"": 5712, ""3"": 5448, ""4"": 6496, ""5"": 4092}",connected
32499,92,20000,0.48543250000000004,0.004549921182915568,-5.208858551396786,0.0,0.0,0,"{""0"": 5219, ""1"": 5472, ""2"": 5735, ""3"": 5458, ""4"": 6513, ""5"": 4102}",connected
32599,92,20000,0.48384916666666666,0.004636026435764507,-5.208858551396786,0.0,0.0,0,"{""0"": 5229, ""1"": 5497, ""2"": 5753, ""3"": 5466, ""4"": 6546, ""5"": 4108}",connected
32699,92,20000,0.4822658333333333,0.00415637674392201,-5.208858551396786,0.0,0.0,0,"{""0"": 5252, ""1"": 5517, ""2"": 5768, ""3"": 5478, ""4"": 6569, ""5"": 4115}",connected
32799,92,20000,0.4806825,0.004788083382882178,-5.208858551396786,0.0,0.0,0,"{""0"": 5264, ""1"": 5542, ""2"": 5780, ""3"": 5496, ""4"": 6592, ""5"": 4125}",connected
32899,92,20000,0.47909916666666663,0.005185814913129434,-5.208858551396786,0.0,0.0,0,"{""0"": 5277, ""1"": 5569, ""2"": 5788, ""3"": 5510, ""4"": 6627, ""5"": 4128}",connected
32999,92,20000,0.47751583333333336,0.004654881658498197,-5.208858551396786,0.0,0.0,0,"{""0"": 5284, ""1"": 5590, ""2"": 5831, ""3"": 5524, ""4"": 6635, ""5"": 4135}",connected
33099,94,20000,0.4759325000000001,0.005668092845007777,-5.098989216630605,0.0,0.0,0,"{""0"": 5297, ""1"": 5602, ""2"": 5847, ""3"": 5540, ""4"": 6670, ""5"": 4143}",connected
33199,94,20000,0.4743491666666667,0.004879104912979528,-5.098989216630605,0.0,0.0,0,"{""0"": 5310, ""1"": 5622, ""2"": 5870, ""3"": 5559, ""4"": 6687, ""5"": 4151}",connected
33299,96,20000,0.47276583333333333,0.005914562706602737,-4.924093608235125,0.0,0.0,0,"{""0"": 5337, ""1"": 5627, ""2"": 5893, ""3"": 5569, ""4"": 6712, ""5"": 4161}",connected
33399,96,20000,0.47118250000000006,0.0061347430688329044,-4.924093608235125,0.0,0.0,0,"{""0"": 5355, ""1"": 5645, ""2"": 5912, ""3"": 5586, ""4"": 6737, ""5"": 4164}",connected
33499,96,20000,0.4695991666666667,0.006027789888903499,-4.924093608235125,0.0,0.0,0,"{""0"": 5387, ""1"": 5662, ""2"": 5929, ""3"": 5600, ""4"": 6751, ""5"": 4170}",connected
33599,96,20000,0.4680158333333333,0.006790149980224669,-4.924093608235125,0.0,0.0,0,"{""0"": 5420, ""1"": 5673, ""2"": 5947, ""3"": 5612, ""4"": 6765, ""5"": 4182}",connected
33699,96,20000,0.4664325,0.00604769449448213,-4.924093608235125,0.0,0.0,0,"{""0"": 5428, ""1"": 5699, ""2"": 5978, ""3"": 5625, ""4"": 6779, ""5"": 4190}",connected
33799,96,20000,0.46484916666666665,0.006285693472018465,-4.924093608235125,0.0,0.0,0,"{""0"": 5440, ""1"": 5722, ""2"": 6000, ""3"": 5646, ""4"": 6794, ""5"": 4197}",connected
33899,96,20000,0.4632658333333334,0.005605872585438192,-4.924093608235125,0.0,0.0,0,"{""0"": 5454, ""1"": 5743, ""2"": 6020, ""3"": 5665, ""4"": 6815, ""5"": 4202}",connected
33999,98,20000,0.4616825,0.004508733151014894,-4.915867206464731,0.0,0.0,0,"{""0"": 5465, ""1"": 5754, ""2"": 6036, ""3"": 5677, ""4"": 6856, ""5"": 4211}",connected
34099,98,20000,0.4600991666666666,0.004857838227180764,-4.915867206464731,0.0,0.0,0,"{""0"": 5475, ""1"": 5774, ""2"": 6046, ""3"": 5687, ""4"": 6894, ""5"": 4223}",connected
34199,98,20000,0.45851583333333346,0.004996956842951476,-4.915867206464731,0.0,0.0,0,"{""0"": 5502, ""1"": 5782, ""2"": 6063, ""3"": 5706, ""4"": 6915, ""5"": 4231}",connected
34299,100,20000,0.4569325000000001,0.005797475291183218,-4.766339862281456,0.0,0.0,0,"{""0"": 5522, ""1"": 5795, ""2"": 6086, ""3"": 5721, ""4"": 6934, ""5"": 4241}",connected
34399,100,20000,0.4553491666666667,0.006691091803368181,-4.766339862281456,0.0,0.0,0,"{""0"": 5543, ""1"": 5815, ""2"": 6111, ""3"": 5730, ""4"": 6955, ""5"": 4245}",connected
34499,100,20000,0.4537658333333334,0.005837234068894759,-4.766339862281456,0.0,0.0,0,"{""0"": 5557, ""1"": 5837, ""2"": 6133, ""3"": 5754, ""4"": 6970, ""5"": 4248}",connected
34599,100,20000,0.45218250000000004,0.006391047608340159,-4.766339862281456,0.0,0.0,0,"{""0"": 5581, ""1"": 5850, ""2"": 6147, ""3"": 5773, ""4"": 6992, ""5"": 4256}",connected
34699,100,20000,0.45059916666666666,0.006547425256576389,-4.766339862281456,0.0,0.0,0,"{""0"": 5598, ""1"": 5871, ""2"": 6158, ""3"": 5798, ""4"": 7008, ""5"": 4266}",connected
34799,100,20000,0.4490158333333334,0.006410616552457214,-4.766339862281456,0.0,0.0,0,"{""0"": 5611, ""1"": 5878, ""2"": 6171, ""3"": 5833, ""4"": 7031, ""5"": 4275}",connected
34899,100,20000,0.4474325,0.007820041414815933,-4.766339862281456,0.0,0.0,0,"{""0"": 5625, ""1"": 5895, ""2"": 6185, ""3"": 5859, ""4"": 7050, ""5"": 4285}",connected
34999,102,20000,0.44584916666666663,0.007780165923759341,-4.740849861260504,0.0,0.0,0,"{""0"": 5642, ""1"": 5914, ""2"": 6202, ""3"": 5873, ""4"": 7071, ""5"": 4297}",connected
35099,104,20000,0.44426583333333336,0.007010440554004163,-4.543189861229621,0.0,0.0,0,"{""0"": 5656, ""1"": 5925, ""2"": 6221, ""3"": 5893, ""4"": 7099, ""5"": 4305}",connected
35199,104,20000,0.4426825,0.007199302264489234,-4.543189861229621,0.0,0.0,0,"{""0"": 5665, ""1"": 5952, ""2"": 6235, ""3"": 5913, ""4"": 7119, ""5"": 4315}",connected
35299,104,20000,0.4410991666666666,0.006483293478377164,-4.543189861229621,0.0,0.0,0,"{""0"": 5681, ""1"": 5974, ""2"": 6258, ""3"": 5928, ""4"": 7139, ""5"": 4319}",connected
35399,104,20000,0.43951583333333344,0.007009849820751697,-4.543189861229621,0.0,0.0,0,"{""0"": 5696, ""1"": 5993, ""2"": 6275, ""3"": 5949, ""4"": 7162, ""5"": 4324}",connected
35499,104,20000,0.43793250000000006,0.0075675475387834016,-4.543189861229621,0.0,0.0,0,"{""0"": 5709, ""1"": 6015, ""2"": 6298, ""3"": 5954, ""4"": 7192, ""5"": 4331}",connected
35599,104,20000,0.4363491666666667,0.008879380762809887,-4.543189861229621,0.0,0.0,0,"{""0"": 5724, ""1"": 6031, ""2"": 6329, ""3"": 5970, ""4"": 7209, ""5"": 4336}",connected
35699,104,20000,0.4347658333333334,0.00854033594368957,-4.543189861229621,0.0,0.0,0,"{""0"": 5732, ""1"": 6050, ""2"": 6341, ""3"": 6010, ""4"": 7225, ""5"": 4341}",connected
35799,106,20000,0.4331825,0.00687969813356176,-4.4674598628701645,0.0,0.0,0,"{""0"": 5746, ""1"": 6057, ""2"": 6353, ""3"": 6029, ""4"": 7267, ""5"": 4347}",connected
35899,106,20000,0.43159916666666664,0.0074572865921072665,-4.4674598628701645,0.0,0.0,0,"{""0"": 5751, ""1"": 6095, ""2"": 6373, ""3"": 6037, ""4"": 7290, ""5"": 4353}",connected
35999,108,20000,0.4300158333333334,0.006566222151741385,-4.289469863763079,0.0,0.0,0,"{""0"": 5776, ""1"": 6106, ""2"": 6392, ""3"": 6062, ""4"": 7300, ""5"": 4363}",connected
36099,108,20000,0.4284325,0.007245276386383921,-4.289469863763079,0.0,0.0,0,"{""0"": 5794, ""1"": 6123, ""2"": 6413, ""3"": 6073, ""4"": 7330, ""5"": 4366}",connected
36199,108,20000,0.4268491666666667,0.008359686775365844,-4.289469863763079,0.0,0.0,0,"{""0"": 5806, ""1"": 6134, ""2"": 6442, ""3"": 6098, ""4"": 7346, ""5"": 4373}",connected
36299,110,20000,0.42526583333333334,0.007333680898882449,-4.113449867074378,0.0,0.0,0,"{""0"": 5829, ""1"": 6155, ""2"": 6456, ""3"": 6107, ""4"": 7372, ""5"": 4380}",connected
36399,110,20000,0.42368249999999996,0.006704251246992499,-4.113449867074378,0.0,0.0,0,"{""0"": 5862, ""1"": 6178, ""2"": 6468, ""3"": 6123, ""4"": 7382, ""5"": 4386}",connected
36499,110,20000,0.4220991666666667,0.006400995627045631,-4.113449867074378,0.0,0.0,0,"{""0"": 5887, ""1"": 6200, ""2"": 6483, ""3"": 6139, ""4"": 7398, ""5"": 4392}",connected
36599,110,20000,0.4205158333333334,0.0063175930222496395,-4.113449867074378,0.0,0.0,0,"{""0"": 5915, ""1"": 6227, ""2"": 6498, ""3"": 6153, ""4"": 7408, ""5"": 4398}",connected
36699,110,20000,0.41893250000000004,0.007996837089303882,-4.113449867074378,0.0,0.0,0,"{""0"": 5940, ""1"": 6248, ""2"": 6517, ""3"": 6167, ""4"": 7420, ""5"": 4407}",connected
36799,110,20000,0.41734916666666677,0.007875784881180152,-4.113449867074378,0.0,0.0,0,"{""0"": 5959, ""1"": 6262, ""2"": 6536, ""3"": 6184, ""4"": 7440, ""5"": 4418}",connected
36899,110,20000,0.4157658333333334,0.008186676498735324,-4.113449867074378,0.0,0.0,0,"{""0"": 5975, ""1"": 6280, ""2"": 6558, ""3"": 6208, ""4"": 7459, ""5"": 4419}",connected
36999,112,20000,0.4141825,0.008285832437686623,-4.074379866304807,0.0,0.0,0,"{""0"": 5999, ""1"": 6295, ""2"": 6573, ""3"": 6218, ""4"": 7490, ""5"": 4424}",connected
37099,112,20000,0.41259916666666674,0.007108476832509041,-4.074379866304807,0.0,0.0,0,"{""0"": 6013, ""1"": 6308, ""2"": 6586, ""3"": 6234, ""4"": 7526, ""5"": 4432}",connected
37199,112,20000,0.41101583333333336,0.007581560096004978,-4.074379866304807,0.0,0.0,0,"{""0"": 6041, ""1"": 6328, ""2"": 6607, ""3"": 6240, ""4"": 7539, ""5"": 4444}",connected
37299,112,20000,0.4094325,0.007833432093029842,-4.074379866304807,0.0,0.0,0,"{""0"": 6048, ""1"": 6351, ""2"": 6629, ""3"": 6246, ""4"": 7570, ""5"": 4455}",connected
37399,112,20000,0.4078491666666667,0.0073923927219584585,-4.074379866304807,0.0,0.0,0,"{""0"": 6057, ""1"": 6374, ""2"": 6664, ""3"": 6259, ""4"": 7582, ""5"": 4463}",connected
37499,112,20000,0.4062658333333333,0.007208086667815223,-4.074379866304807,0.0,0.0,0,"{""0"": 6077, ""1"": 6397, ""2"": 6674, ""3"": 6273, ""4"": 7611, ""5"": 4467}",connected
37599,112,20000,0.40468249999999995,0.007297462372807786,-4.074379866304807,0.0,0.0,0,"{""0"": 6105, ""1"": 6414, ""2"": 6690, ""3"": 6288, ""4"": 7628, ""5"": 4474}",connected
37699,114,20000,0.4030991666666667,0.006516760530648753,-4.080499866991304,0.0,0.0,0,"{""0"": 6120, ""1"": 6429, ""2"": 6713, ""3"": 6305, ""4"": 7651, ""5"": 4481}",connected
37799,114,20000,0.4015158333333334,0.0064007172861602155,-4.080499866991304,0.0,0.0,0,"{""0"": 6130, ""1"": 6458, ""2"": 6732, ""3"": 6313, ""4"": 7682, ""5"": 4484}",connected
37899,114,20000,0.3999325,0.0061945870402269065,-4.080499866991304,0.0,0.0,0,"{""0"": 6139, ""1"": 6482, ""2"": 6773, ""3"": 6322, ""4"": 7695, ""5"": 4488}",connected
37999,114,20000,0.39834916666666675,0.0060224998008925465,-4.080499866991304,0.0,0.0,0,"{""0"": 6146, ""1"": 6508, ""2"": 6805, ""3"": 6333, ""4"": 7703, ""5"": 4504}",connected
38099,116,20000,0.3967658333333334,0.006412071433151141,-3.9382798663480205,0.0,0.0,0,"{""0"": 6153, ""1"": 6524, ""2"": 6835, ""3"": 6343, ""4"": 7731, ""5"": 4513}",connected
38199,116,20000,0.3951825,0.006761851740302518,-3.9382798663480205,0.0,0.0,0,"{""0"": 6169, ""1"": 6547, ""2"": 6859, ""3"": 6361, ""4"": 7742, ""5"": 4521}",connected
38299,116,20000,0.3935991666666667,0.008003438968444243,-3.9382798663480205,0.0,0.0,0,"{""0"": 6208, ""1"": 6569, ""2"": 6870, ""3"": 6373, ""4"": 7751, ""5"": 4528}",connected
38399,116,20000,0.39201583333333334,0.007685910342261195,-3.9382798663480205,0.0,0.0,0,"{""0"": 6236, ""1"": 6585, ""2"": 6886, ""3"": 6387, ""4"": 7754, ""5"": 4551}",connected
38499,116,20000,0.39043249999999996,0.008025946284178645,-3.9382798663480205,0.0,0.0,0,"{""0"": 6254, ""1"": 6592, ""2"": 6906, ""3"": 6403, ""4"": 7775, ""5"": 4569}",connected
38599,116,20000,0.3888491666666667,0.008350257793208584,-3.9382798663480205,0.0,0.0,0,"{""0"": 6267, ""1"": 6612, ""2"": 6928, ""3"": 6415, ""4"": 7797, ""5"": 4580}",connected
38699,116,20000,0.3872658333333333,0.007633430358255282,-3.9382798663480205,0.0,0.0,0,"{""0"": 6281, ""1"": 6619, ""2"": 6944, ""3"": 6435, ""4"": 7819, ""5"": 4601}",connected
38799,118,20000,0.38568250000000004,0.0077636827679816636,-3.912259868499823,0.0,0.0,0,"{""0"": 6295, ""1"": 6631, ""2"": 6964, ""3"": 6447, ""4"": 7847, ""5"": 4615}",connected
38899,118,20000,0.38409916666666666,0.008203582137357444,-3.912259868499823,0.0,0.0,0,"{""0"": 6309, ""1"": 6653, ""2"": 6984, ""3"": 6463, ""4"": 7872, ""5"": 4618}",connected
38999,120,20000,0.3825158333333334,0.008177828171756118,-3.7284098725486547,0.0,0.0,0,"{""0"": 6325, ""1"": 6671, ""2"": 7012, ""3"": 6468, ""4"": 7894, ""5"": 4629}",connected
39099,120,20000,0.3809325000000001,0.00838101987261325,-3.7284098725486547,0.0,0.0,0,"{""0"": 6338, ""1"": 6684, ""2"": 7043, ""3"": 6494, ""4"": 7903, ""5"": 4637}",connected
39199,120,20000,0.37934916666666674,0.009091595552163198,-3.7284098725486547,0.0,0.0,0,"{""0"": 6345, ""1"": 6693, ""2"": 7083, ""3"": 6518, ""4"": 7917, ""5"": 4643}",connected
39299,120,20000,0.37776583333333336,0.008467321416828781,-3.7284098725486547,0.0,0.0,0,"{""0"": 6361, ""1"": 6708, ""2"": 7099, ""3"": 6551, ""4"": 7932, ""5"": 4648}",connected
39399,120,20000,0.3761825000000001,0.008566050246590748,-3.7284098725486547,0.0,0.0,0,"{""0"": 6378, ""1"": 6716, ""2"": 7132, ""3"": 6576, ""4"": 7939, ""5"": 4658}",connected
39499,120,20000,0.3745991666666667,0.008953453096328303,-3.7284098725486547,0.0,0.0,0,"{""0"": 6390, ""1"": 6746, ""2"": 7164, ""3"": 6584, ""4"": 7947, ""5"": 4668}",connected
39599,122,20000,0.3730158333333333,0.009013069840148092,-3.6621198760624973,0.0,0.0,0,"{""0"": 6411, ""1"": 6754, ""2"": 7196, ""3"": 6589, ""4"": 7970, ""5"": 4679}",connected
39699,122,20000,0.37143250000000005,0.00867366542108357,-3.6621198760624973,0.0,0.0,0,"{""0"": 6418, ""1"": 6789, ""2"": 7204, ""3"": 6608, ""4"": 7996, ""5"": 4684}",connected
39799,122,20000,0.3698491666666667,0.009302228185115382,-3.6621198760624973,0.0,0.0,0,"{""0"": 6429, ""1"": 6812, ""2"": 7228, ""3"": 6617, ""4"": 8017, ""5"": 4696}",connected
39899,122,20000,0.3682658333333333,0.008603531115222723,-3.6621198760624973,0.0,0.0,0,"{""0"": 6439, ""1"": 6829, ""2"": 7253, ""3"": 6641, ""4"": 8039, ""5"": 4698}",connected
39999,122,20000,0.3666825,0.008948147483170032,-3.6621198760624973,0.0,0.0,0,"{""0"": 6448, ""1"": 6845, ""2"": 7278, ""3"": 6661, ""4"": 8063, ""5"": 4704}",connected
40099,122,20000,0.36509916666666664,0.010155102277640254,-3.6621198760624973,0.0,0.0,0,"{""0"": 6455, ""1"": 6872, ""2"": 7319, ""3"": 6674, ""4"": 8069, ""5"": 4710}",connected
40199,122,20000,0.36351583333333337,0.009149854682618752,-3.6621198760624973,0.0,0.0,0,"{""0"": 6463, ""1"": 6905, ""2"": 7341, ""3"": 6687, ""4"": 8085, ""5"": 4718}",connected
40299,122,20000,0.3619325000000001,0.009262096274178476,-3.6621198760624973,0.0,0.0,0,"{""0"": 6473, ""1"": 6917, ""2"": 7377, ""3"": 6713, ""4"": 8099, ""5"": 4720}",connected
40399,124,20000,0.3603491666666667,0.008534219916909933,-3.6623698760941625,0.0,0.0,0,"{""0"": 6495, ""1"": 6926, ""2"": 7389, ""3"": 6723, ""4"": 8134, ""5"": 4732}",connected
40499,125,20000,0.35876583333333334,0.007505760411731899,-3.620409877519123,0.0,0.0,0,"{""0"": 6507, ""1"": 6938, ""2"": 7411, ""3"": 6746, ""4"": 8153, ""5"": 4744}",connected
40599,126,20000,0.35718250000000007,0.007529675527475774,-3.4964098805421964,0.0,0.0,0,"{""0"": 6517, ""1"": 6957, ""2"": 7426, ""3"": 6757, ""4"": 8189, ""5"": 4753}",connected
40699,126,20000,0.3555991666666667,0.008165703278500587,-3.4964098805421964,0.0,0.0,0,"{""0"": 6535, ""1"": 6981, ""2"": 7446, ""3"": 6767, ""4"": 8204, ""5"": 4766}",connected
40799,126,20000,0.3540158333333333,0.007989195208065212,-3.4964098805421964,0.0,0.0,0,"{""0"": 6562, ""1"": 6995, ""2"": 7470, ""3"": 6782, ""4"": 8217, ""5"": 4773}",connected
40899,128,20000,0.35243250000000004,0.008203215354587883,-3.321859880541451,0.0,0.0,0,"{""0"": 6571, ""1"": 7006, ""2"": 7487, ""3"": 6803, ""4"": 8254, ""5"": 4778}",connected
40999,128,20000,0.35084916666666666,0.008829401778057218,-3.321859880541451,0.0,0.0,0,"{""0"": 6579, ""1"": 7019, ""2"": 7507, ""3"": 6820, ""4"": 8288, ""5"": 4786}",connected
41099,130,20000,0.3492658333333333,0.008351811969187111,-3.139439881350845,0.0,0.0,0,"{""0"": 6589, ""1"": 7023, ""2"": 7538, ""3"": 6835, ""4"": 8323, ""5"": 4791}",connected
41199,130,20000,0.3476825,0.00890899004181847,-3.139439881350845,0.0,0.0,0,"{""0"": 6614, ""1"": 7036, ""2"": 7551, ""3"": 6841, ""4"": 8359, ""5"": 4798}",connected
41299,130,20000,0.3460991666666666,0.009339922347571701,-3.139439881350845,0.0,0.0,0,"{""0"": 6620, ""1"": 7059, ""2"": 7565, ""3"": 6856, ""4"": 8393, ""5"": 4806}",connected
41399,132,20000,0.34451583333333347,0.00924502510461025,-3.0126298801600933,0.0,0.0,0,"{""0"": 6632, ""1"": 7075, ""2"": 7582, ""3"": 6861, ""4"": 8438, ""5"": 4811}",connected
41499,132,20000,0.3429325000000001,0.009888994219945744,-3.0126298801600933,0.0,0.0,0,"{""0"": 6650, ""1"": 7091, ""2"": 7591, ""3"": 6874, ""4"": 8458, ""5"": 4835}",connected
41599,134,20000,0.3413491666666667,0.009701892636949197,-2.851349880271591,0.0,0.0,0,"{""0"": 6671, ""1"": 7098, ""2"": 7614, ""3"": 6888, ""4"": 8482, ""5"": 4846}",connected
41699,134,20000,0.33976583333333343,0.009580533391563222,-2.851349880271591,0.0,0.0,0,"{""0"": 6685, ""1"": 7116, ""2"": 7630, ""3"": 6900, ""4"": 8512, ""5"": 4856}",connected
41799,136,20000,0.33818250000000005,0.009188742500264198,-2.6609698825655506,0.0,0.0,0,"{""0"": 6697, ""1"": 7123, ""2"": 7663, ""3"": 6921, ""4"": 8533, ""5"": 4862}",connected
41899,136,20000,0.33659916666666667,0.009448147891089321,-2.6609698825655506,0.0,0.0,0,"{""0"": 6714, ""1"": 7141, ""2"": 7679, ""3"": 6940, ""4"": 8561, ""5"": 4864}",connected
41999,136,20000,0.3350158333333334,0.010346231004223227,-2.6609698825655506,0.0,0.0,0,"{""0"": 6723, ""1"": 7159, ""2"": 7703, ""3"": 6943, ""4"": 8597, ""5"": 4874}",connected
42099,136,20000,0.3334325,0.010563223962672055,-2.6609698825655506,0.0,0.0,0,"{""0"": 6757, ""1"": 7179, ""2"": 7713, ""3"": 6952, ""4"": 8613, ""5"": 4885}",connected
42199,136,20000,0.33184916666666664,0.010289474993478508,-2.6609698825655506,0.0,0.0,0,"{""0"": 6768, ""1"": 7193, ""2"": 7736, ""3"": 6971, ""4"": 8637, ""5"": 4894}",connected
42299,136,20000,0.33026583333333337,0.009834287664853036,-2.6609698825655506,0.0,0.0,0,"{""0"": 6800, ""1"": 7199, ""2"": 7774, ""3"": 6979, ""4"": 8647, ""5"": 4900}",connected
42399,138,20000,0.3286825,0.009230414310004563,-2.577289882688783,0.0,0.0,0,"{""0"": 6811, ""1"": 7210, ""2"": 7803, ""3"": 6993, ""4"": 8676, ""5"": 4906}",connected
42499,138,20000,0.3270991666666666,0.010600942068267614,-2.577289882688783,0.0,0.0,0,"{""0"": 6822, ""1"": 7234, ""2"": 7831, ""3"": 7001, ""4"": 8699, ""5"": 4912}",connected
42599,138,20000,0.32551583333333345,0.011024114999454469,-2.577289882688783,0.0,0.0,0,"{""0"": 6835, ""1"": 7249, ""2"": 7843, ""3"": 7018, ""4"": 8734, ""5"": 4920}",connected
42699,138,20000,0.32393250000000007,0.011009233954828232,-2.577289882688783,0.0,0.0,0,"{""0"": 6845, ""1"": 7272, ""2"": 7866, ""3"": 7046, ""4"": 8744, ""5"": 4926}",connected
42799,139,20000,0.3223491666666667,0.010749045710545033,-2.5620598830189554,0.0,0.0,0,"{""0"": 6854, ""1"": 7291, ""2"": 7883, ""3"": 7065, ""4"": 8772, ""5"": 4934}",connected
42899,140,20000,0.3207658333333334,0.009314857085701077,-2.422879885137081,0.0,0.0,0,"{""0"": 6864, ""1"": 7306, ""2"": 7902, ""3"": 7074, ""4"": 8803, ""5"": 4950}",connected
42999,142,20000,0.31918250000000004,0.009944004556164145,-2.2282298920629544,0.0,0.0,0,"{""0"": 6885, ""1"": 7317, ""2"": 7919, ""3"": 7091, ""4"": 8835, ""5"": 4952}",connected
43099,142,20000,0.31759916666666665,0.00979368602624163,-2.2282298920629544,0.0,0.0,0,"{""0"": 6902, ""1"": 7335, ""2"": 7938, ""3"": 7106, ""4"": 8860, ""5"": 4958}",connected
43199,143,20000,0.3160158333333334,0.011026070625521243,-2.12534989298787,0.0,0.0,0,"{""0"": 6912, ""1"": 7353, ""2"": 7960, ""3"": 7128, ""4"": 8875, ""5"": 4971}",connected
43299,144,20000,0.3144325,0.011348326015286148,-2.077979895411991,0.0,0.0,0,"{""0"": 6922, ""1"": 7365, ""2"": 7972, ""3"": 7133, ""4"": 8919, ""5"": 4988}",connected
43399,144,20000,0.3128491666666666,0.011410191853065044,-2.077979895411991,0.0,0.0,0,"{""0"": 6951, ""1"": 7379, ""2"": 7989, ""3"": 7145, ""4"": 8940, ""5"": 4995}",connected
43499,144,20000,0.31126583333333335,0.01160553191555664,-2.077979895411991,0.0,0.0,0,"{""0"": 6963, ""1"": 7391, ""2"": 8003, ""3"": 7175, ""4"": 8972, ""5"": 4995}",connected
43599,144,20000,0.30968249999999997,0.012363099751528352,-2.077979895411991,0.0,0.0,0,"{""0"": 6975, ""1"": 7406, ""2"": 8016, ""3"": 7200, ""4"": 9005, ""5"": 4997}",connected
43699,144,20000,0.3080991666666667,0.012050201839301736,-2.077979895411991,0.0,0.0,0,"{""0"": 6979, ""1"": 7438, ""2"": 8023, ""3"": 7222, ""4"": 9037, ""5"": 5000}",connected
43799,144,20000,0.30651583333333343,0.011854379584547133,-2.077979895411991,0.0,0.0,0,"{""0"": 6999, ""1"": 7457, ""2"": 8041, ""3"": 7248, ""4"": 9051, ""5"": 5003}",connected
43899,144,20000,0.30493250000000005,0.011789992614649237,-2.077979895411991,0.0,0.0,0,"{""0"": 7003, ""1"": 7481, ""2"": 8084, ""3"": 7255, ""4"": 9072, ""5"": 5004}",connected
43999,146,20000,0.3033491666666668,0.0098952908674255,-2.049419895829633,0.0,0.0,0,"{""0"": 7009, ""1"": 7502, ""2"": 8113, ""3"": 7262, ""4"": 9099, ""5"": 5014}",connected
44099,146,20000,0.3017658333333334,0.010520151695236563,-2.049419895829633,0.0,0.0,0,"{""0"": 7029, ""1"": 7534, ""2"": 8125, ""3"": 7271, ""4"": 9117, ""5"": 5023}",connected
44199,148,20000,0.3001825,0.010909610786475241,-1.9500898989429698,0.0,0.0,0,"{""0"": 7035, ""1"": 7542, ""2"": 8169, ""3"": 7277, ""4"": 9145, ""5"": 5031}",connected
44299,148,20000,0.29859916666666675,0.01159797296859324,-1.9500898989429698,0.0,0.0,0,"{""0"": 7047, ""1"": 7567, ""2"": 8177, ""3"": 7299, ""4"": 9167, ""5"": 5042}",connected
44399,148,20000,0.29701583333333337,0.013340793377719819,-1.9500898989429698,0.0,0.0,0,"{""0"": 7091, ""1"": 7597, ""2"": 8184, ""3"": 7301, ""4"": 9179, ""5"": 5047}",connected
44499,148,20000,0.2954325,0.013544528775382788,-1.9500898989429698,0.0,0.0,0,"{""0"": 7113, ""1"": 7610, ""2"": 8196, ""3"": 7310, ""4"": 9189, ""5"": 5081}",connected
44599,150,20000,0.2938491666666667,0.013315652820747346,-1.8655899036768824,0.0,0.0,0,"{""0"": 7120, ""1"": 7615, ""2"": 8214, ""3"": 7335, ""4"": 9219, ""5"": 5096}",connected
44699,150,20000,0.29226583333333334,0.013267924699466676,-1.8655899036768824,0.0,0.0,0,"{""0"": 7146, ""1"": 7636, ""2"": 8220, ""3"": 7353, ""4"": 9241, ""5"": 5103}",connected
44799,150,20000,0.29068249999999995,0.011577902738936245,-1.8655899036768824,0.0,0.0,0,"{""0"": 7148, ""1"": 7679, ""2"": 8237, ""3"": 7363, ""4"": 9259, ""5"": 5113}",connected
44899,152,20000,0.2890991666666667,0.010564724854193628,-1.770389909343794,0.0,0.0,0,"{""0"": 7163, ""1"": 7695, ""2"": 8254, ""3"": 7386, ""4"": 9284, ""5"": 5117}",connected
44999,152,20000,0.2875158333333334,0.010911014091689139,-1.770389909343794,0.0,0.0,0,"{""0"": 7172, ""1"": 7709, ""2"": 8263, ""3"": 7409, ""4"": 9312, ""5"": 5134}",connected
45099,152,20000,0.28593250000000003,0.010324574105907232,-1.770389909343794,0.0,0.0,0,"{""0"": 7179, ""1"": 7731, ""2"": 8279, ""3"": 7432, ""4"": 9338, ""5"": 5140}",connected
45199,152,20000,0.28434916666666676,0.010917014344595372,-1.770389909343794,0.0,0.0,0,"{""0"": 7185, ""1"": 7749, ""2"": 8306, ""3"": 7452, ""4"": 9360, ""5"": 5147}",connected
45299,154,20000,0.2827658333333334,0.011792660106439144,-1.614549912479706,0.0,0.0,0,"{""0"": 7198, ""1"": 7766, ""2"": 8330, ""3"": 7456, ""4"": 9383, ""5"": 5166}",connected
45399,154,20000,0.2811825,0.011404320853762329,-1.614549912479706,0.0,0.0,0,"{""0"": 7202, ""1"": 7791, ""2"": 8342, ""3"": 7474, ""4"": 9414, ""5"": 5176}",connected
45499,154,20000,0.27959916666666673,0.011369040873833001,-1.614549912479706,0.0,0.0,0,"{""0"": 7213, ""1"": 7812, ""2"": 8351, ""3"": 7500, ""4"": 9443, ""5"": 5180}",connected
45599,154,20000,0.27801583333333335,0.011147262365557253,-1.614549912479706,0.0,0.0,0,"{""0"": 7221, ""1"": 7849, ""2"": 8356, ""3"": 7525, ""4"": 9465, ""5"": 5183}",connected
45699,154,20000,0.27643249999999997,0.010132415669504553,-1.614549912479706,0.0,0.0,0,"{""0"": 7235, ""1"": 7865, ""2"": 8369, ""3"": 7553, ""4"": 9489, ""5"": 5188}",connected
45799,154,20000,0.2748491666666667,0.00980860238429159,-1.614549912479706,0.0,0.0,0,"{""0"": 7270, ""1"": 7873, ""2"": 8378, ""3"": 7585, ""4"": 9500, ""5"": 5193}",connected
45899,154,20000,0.2732658333333333,0.010555797808337956,-1.614549912479706,0.0,0.0,0,"{""0"": 7289, ""1"": 7882, ""2"": 8379, ""3"": 7643, ""4"": 9506, ""5"": 5200}",connected
45999,156,20000,0.27168249999999994,0.010203981699887663,-1.5942699148878454,0.0,0.0,0,"{""0"": 7304, ""1"": 7897, ""2"": 8401, ""3"": 7655, ""4"": 9538, ""5"": 5204}",connected
46099,158,20000,0.27009916666666667,0.011459741555154324,-1.4617399187805131,0.0,0.0,0,"{""0"": 7318, ""1"": 7917, ""2"": 8426, ""3"": 7662, ""4"": 9559, ""5"": 5217}",connected
46199,158,20000,0.2685158333333334,0.012266115059610457,-1.4617399187805131,0.0,0.0,0,"{""0"": 7363, ""1"": 7928, ""2"": 8433, ""3"": 7668, ""4"": 9574, ""5"": 5233}",connected
46299,158,20000,0.26693250000000013,0.01193819519598037,-1.4617399187805131,0.0,0.0,0,"{""0"": 7379, ""1"": 7937, ""2"": 8444, ""3"": 7706, ""4"": 9595, ""5"": 5238}",connected
46399,160,20000,0.26534916666666675,0.013344030159059913,-1.3035399243421852,0.0,0.0,0,"{""0"": 7389, ""1"": 7948, ""2"": 8475, ""3"": 7714, ""4"": 9630, ""5"": 5243}",connected
46499,160,20000,0.26376583333333337,0.013679827742744238,-1.3035399243421852,0.0,0.0,0,"{""0"": 7397, ""1"": 7975, ""2"": 8519, ""3"": 7721, ""4"": 9638, ""5"": 5249}",connected
46599,160,20000,0.2621825000000001,0.01376924779266119,-1.3035399243421852,0.0,0.0,0,"{""0"": 7405, ""1"": 7988, ""2"": 8562, ""3"": 7737, ""4"": 9655, ""5"": 5252}",connected
46699,162,20000,0.2605991666666667,0.013397790708113462,-1.175259926863946,0.0,0.0,0,"{""0"": 7408, ""1"": 8001, ""2"": 8588, ""3"": 7755, ""4"": 9690, ""5"": 5257}",connected
46799,162,20000,0.25901583333333333,0.012071389278862626,-1.175259926863946,0.0,0.0,0,"{""0"": 7417, ""1"": 8024, ""2"": 8607, ""3"": 7770, ""4"": 9715, ""5"": 5266}",connected
46899,164,20000,0.25743250000000006,0.012167656116653235,-0.987709927209653,0.0,0.0,0,"{""0"": 7427, ""1"": 8040, ""2"": 8631, ""3"": 7787, ""4"": 9740, ""5"": 5274}",connected
46999,164,20000,0.2558491666666667,0.011518509935121983,-0.987709927209653,0.0,0.0,0,"{""0"": 7439, ""1"": 8056, ""2"": 8649, ""3"": 7795, ""4"": 9765, ""5"": 5295}",connected
47099,164,20000,0.2542658333333333,0.011959973045159132,-0.987709927209653,0.0,0.0,0,"{""0"": 7469, ""1"": 8062, ""2"": 8668, ""3"": 7804, ""4"": 9795, ""5"": 5301}",connected
47199,166,20000,0.25268250000000003,0.012200822769664228,-0.8309299310995266,0.0,0.0,0,"{""0"": 7479, ""1"": 8082, ""2"": 8686, ""3"": 7815, ""4"": 9820, ""5"": 5317}",connected
47299,166,20000,0.25109916666666665,0.012354717650450766,-0.8309299310995266,0.0,0.0,0,"{""0"": 7524, ""1"": 8086, ""2"": 8716, ""3"": 7825, ""4"": 9823, ""5"": 5325}",connected
47399,166,20000,0.24951583333333338,0.011926695141009986,-0.8309299310995266,0.0,0.0,0,"{""0"": 7537, ""1"": 8109, ""2"": 8737, ""3"": 7835, ""4"": 9837, ""5"": 5344}",connected
47499,168,20000,0.2479325000000001,0.011612247419543564,-0.6836499339621515,0.0,0.0,0,"{""0"": 7549, ""1"": 8126, ""2"": 8766, ""3"": 7846, ""4"": 9860, ""5"": 5352}",connected
47599,170,20000,0.24634916666666673,0.012480165385641158,-0.5292999329790473,0.0,0.0,0,"{""0"": 7559, ""1"": 8129, ""2"": 8792, ""3"": 7861, ""4"": 9894, ""5"": 5364}",connected
47699,170,20000,0.24476583333333335,0.011706450353376568,-0.5292999329790473,0.0,0.0,0,"{""0"": 7570, ""1"": 8143, ""2"": 8806, ""3"": 7869, ""4"": 9915, ""5"": 5396}",connected
47799,170,20000,0.24318250000000008,0.013129057111218572,-0.5292999329790473,0.0,0.0,0,"{""0"": 7574, ""1"": 8150, ""2"": 8845, ""3"": 7890, ""4"": 9932, ""5"": 5408}",connected
47899,172,20000,0.2415991666666667,0.01389294584048912,-0.38656993582379073,0.0,0.0,0,"{""0"": 7595, ""1"": 8161, ""2"": 8860, ""3"": 7894, ""4"": 9966, ""5"": 5423}",connected
47999,172,20000,0.24001583333333332,0.013605151635129004,-0.38656993582379073,0.0,0.0,0,"{""0"": 7643, ""1"": 8168, ""2"": 8867, ""3"": 7896, ""4"": 9995, ""5"": 5430}",connected
48099,174,20000,0.23843250000000005,0.014249636509921402,-0.19322993719950318,0.0,0.0,0,"{""0"": 7663, ""1"": 8181, ""2"": 8887, ""3"": 7909, ""4"": 10026, ""5"": 5433}",connected
48199,174,20000,0.23684916666666667,0.013977339500561356,-0.19322993719950318,0.0,0.0,0,"{""0"": 7679, ""1"": 8191, ""2"": 8899, ""3"": 7919, ""4"": 10043, ""5"": 5468}",connected
48299,174,20000,0.23526583333333329,0.014751278045587242,-0.19322993719950318,0.0,0.0,0,"{""0"": 7688, ""1"": 8217, ""2"": 8916, ""3"": 7928, ""4"": 10077, ""5"": 5473}",connected
48399,174,20000,0.23368250000000002,0.015069788037799299,-0.19322993719950318,0.0,0.0,0,"{""0"": 7704, ""1"": 8244, ""2"": 8945, ""3"": 7934, ""4"": 10088, ""5"": 5484}",connected
48499,174,20000,0.23209916666666663,0.014230759032070637,-0.19322993719950318,0.0,0.0,0,"{""0"": 7742, ""1"": 8254, ""2"": 8952, ""3"": 7937, ""4"": 10096, ""5"": 5518}",connected
48599,176,20000,0.23051583333333336,0.014513823636807501,-0.15154993784613907,0.0,0.0,0,"{""0"": 7780, ""1"": 8258, ""2"": 8963, ""3"": 7950, ""4"": 10101, ""5"": 5547}",connected
48699,176,20000,0.2289325000000001,0.014308889000676572,-0.15154993784613907,0.0,0.0,0,"{""0"": 7787, ""1"": 8276, ""2"": 8983, ""3"": 7961, ""4"": 10131, ""5"": 5561}",connected
48799,176,20000,0.2273491666666667,0.013180628144182265,-0.15154993784613907,0.0,0.0,0,"{""0"": 7795, ""1"": 8309, ""2"": 9011, ""3"": 7963, ""4"": 10145, ""5"": 5576}",connected
48899,178,20000,0.22576583333333344,0.013246327643282712,-0.001999940131790936,0.0,0.0,0,"{""0"": 7800, ""1"": 8326, ""2"": 9038, ""3"": 7975, ""4"": 10176, ""5"": 5584}",connected
48999,178,20000,0.22418250000000006,0.012266792785376311,-0.001999940131790936,0.0,0.0,0,"{""0"": 7822, ""1"": 8346, ""2"": 9055, ""3"": 7983, ""4"": 10190, ""5"": 5603}",connected
49099,178,20000,0.22259916666666668,0.012378248516470194,-0.001999940131790936,0.0,0.0,0,"{""0"": 7830, ""1"": 8377, ""2"": 9070, ""3"": 7988, ""4"": 10196, ""5"": 5638}",connected
49199,180,20000,0.2210158333333334,0.013719098381698132,0.15348005977459253,0.0,0.0,0,"{""0"": 7844, ""1"": 8392, ""2"": 9097, ""3"": 8000, ""4"": 10214, ""5"": 5652}",connected
49299,180,20000,0.21943250000000003,0.014248309885151684,0.15348005977459253,0.0,0.0,0,"{""0"": 7853, ""1"": 8407, ""2"": 9133, ""3"": 8005, ""4"": 10234, ""5"": 5667}",connected
49399,182,20000,0.21784916666666665,0.014965247758664191,0.2984300605813041,0.0,0.0,0,"{""0"": 7871, ""1"": 8421, ""2"": 9150, ""3"": 8021, ""4"": 10256, ""5"": 5680}",connected
49499,184,20000,0.21626583333333338,0.015695258281193673,0.45755005730781706,0.0,0.0,0,"{""0"": 7877, ""1"": 8437, ""2"": 9175, ""3"": 8040, ""4"": 10286, ""5"": 5684}",connected
49599,184,20000,0.2146825,0.01579719553468749,0.45755005730781706,0.0,0.0,0,"{""0"": 7888, ""1"": 8449, ""2"": 9199, ""3"": 8046, ""4"": 10305, ""5"": 5712}",connected
49699,184,20000,0.21309916666666662,0.015598489025142043,0.45755005730781706,0.0,0.0,0,"{""0"": 7893, ""1"": 8468, ""2"": 9219, ""3"": 8062, ""4"": 10318, ""5"": 5739}",connected
49799,184,20000,0.21151583333333346,0.01590695293387398,0.45755005730781706,0.0,0.0,0,"{""0"": 7898, ""1"": 8487, ""2"": 9239, ""3"": 8084, ""4"": 10343, ""5"": 5748}",connected
49899,184,20000,0.20993250000000008,0.016199384278152137,0.45755005730781706,0.0,0.0,0,"{""0"": 7905, ""1"": 8500, ""2"": 9257, ""3"": 8118, ""4"": 10364, ""5"": 5755}",connected
49999,184,20000,0.2083491666666667,0.016006722967140376,0.45755005730781706,0.0,0.0,0,"{""0"": 7912, ""1"": 8521, ""2"": 9275, ""3"": 8129, ""4"": 10392, ""5"": 5770}",connected
50099,186,20000,0.20676583333333343,0.01608726552221924,0.4516700566234067,0.0,0.0,0,"{""0"": 7931, ""1"": 8532, ""2"": 9297, ""3"": 8135, ""4"": 10430, ""5"": 5774}",connected
50199,186,20000,0.20518250000000005,0.017392504736781122,0.4516700566234067,0.0,0.0,0,"{""0"": 7937, ""1"": 8549, ""2"": 9318, ""3"": 8145, ""4"": 10465, ""5"": 5785}",connected
50299,188,20000,0.20359916666666666,0.016911214692518117,0.493440056797117,0.0,0.0,0,"{""0"": 7948, ""1"": 8568, ""2"": 9333, ""3"": 8156, ""4"": 10493, ""5"": 5801}",connected
50399,190,20000,0.2020158333333334,0.016665275818668307,0.6142900542588905,0.0,0.0,0,"{""0"": 7959, ""1"": 8588, ""2"": 9359, ""3"": 8170, ""4"": 10516, ""5"": 5807}",connected
50499,190,20000,0.2004325,0.01683722650166601,0.6142900542588905,0.0,0.0,0,"{""0"": 7967, ""1"": 8600, ""2"": 9370, ""3"": 8183, ""4"": 10559, ""5"": 5820}",connected
50599,192,20000,0.19884916666666663,0.015872388244606555,0.6266100529534743,0.0,0.0,0,"{""0"": 7982, ""1"": 8616, ""2"": 9390, ""3"": 8194, ""4"": 10592, ""5"": 5825}",connected
50699,194,20000,0.19726583333333336,0.014757537124678493,0.6958000485645607,0.0,0.0,0,"{""0"": 7987, ""1"": 8641, ""2"": 9408, ""3"": 8203, ""4"": 10619, ""5"": 5841}",connected
50799,196,20000,0.19568249999999998,0.015516627938486635,0.6962500490620732,0.0,0.0,0,"{""0"": 7991, ""1"": 8665, ""2"": 9437, ""3"": 8217, ""4"": 10639, ""5"": 5850}",connected
50899,196,20000,0.1940991666666666,0.016068972726352514,0.6962500490620732,0.0,0.0,0,"{""0"": 8003, ""1"": 8690, ""2"": 9445, ""3"": 8221, ""4"": 10677, ""5"": 5863}",connected
50999,198,20000,0.19251583333333344,0.016450452567078173,0.8497400466259569,0.0,0.0,0,"{""0"": 8017, ""1"": 8710, ""2"": 9469, ""3"": 8237, ""4"": 10697, ""5"": 5869}",connected
51099,198,20000,0.19093250000000006,0.017213558447547257,0.8497400466259569,0.0,0.0,0,"{""0"": 8034, ""1"": 8724, ""2"": 9499, ""3"": 8240, ""4"": 10716, ""5"": 5886}",connected
51199,200,20000,0.1893491666666668,0.016482176459394395,0.839700045925565,0.0,0.0,0,"{""0"": 8052, ""1"": 8740, ""2"": 9517, ""3"": 8253, ""4"": 10740, ""5"": 5897}",connected
51299,200,20000,0.1877658333333334,0.016503429706208408,0.839700045925565,0.0,0.0,0,"{""0"": 8059, ""1"": 8755, ""2"": 9536, ""3"": 8270, ""4"": 10767, ""5"": 5912}",connected
51399,202,20000,0.18618250000000003,0.016890703118406236,1.0017300414154306,0.0,0.0,0,"{""0"": 8066, ""1"": 8762, ""2"": 9560, ""3"": 8272, ""4"": 10818, ""5"": 5921}",connected
51499,204,20000,0.18459916666666676,0.01766138223465532,0.9714000380737707,0.0,0.0,0,"{""0"": 8078, ""1"": 8780, ""2"": 9586, ""3"": 8278, ""4"": 10837, ""5"": 5940}",connected
51599,206,20000,0.18301583333333338,0.019015615466050805,1.067660040296614,0.0,0.0,0,"{""0"": 8098, ""1"": 8799, ""2"": 9601, ""3"": 8293, ""4"": 10860, ""5"": 5948}",connected
51699,206,20000,0.1814325,0.019028232777491213,1.067660040296614,0.0,0.0,0,"{""0"": 8107, ""1"": 8824, ""2"": 9627, ""3"": 8299, ""4"": 10885, ""5"": 5957}",connected
51799,208,20000,0.17984916666666673,0.017952867960557343,1.0720300389407202,0.0,0.0,0,"{""0"": 8117, ""1"": 8837, ""2"": 9651, ""3"": 8312, ""4"": 10917, ""5"": 5965}",connected
51899,208,20000,0.17826583333333335,0.016796207600273193,1.0720300389407202,0.0,0.0,0,"{""0"": 8123, ""1"": 8845, ""2"": 9664, ""3"": 8317, ""4"": 10954, ""5"": 5996}",connected
51999,208,20000,0.17668249999999996,0.015510647837072612,1.0720300389407202,0.0,0.0,0,"{""0"": 8135, ""1"": 8879, ""2"": 9677, ""3"": 8329, ""4"": 10964, ""5"": 6015}",connected
52099,208,20000,0.1750991666666667,0.0156493346625939,1.0720300389407202,0.0,0.0,0,"{""0"": 8155, ""1"": 8896, ""2"": 9695, ""3"": 8346, ""4"": 10976, ""5"": 6031}",connected
52199,208,20000,0.17351583333333342,0.016309780809096994,1.0720300389407202,0.0,0.0,0,"{""0"": 8168, ""1"": 8908, ""2"": 9711, ""3"": 8366, ""4"": 10998, ""5"": 6048}",connected
52299,208,20000,0.17193250000000004,0.016058186129666866,1.0720300389407202,0.0,0.0,0,"{""0"": 8176, ""1"": 8929, ""2"": 9740, ""3"": 8374, ""4"": 11004, ""5"": 6076}",connected
52399,208,20000,0.17034916666666677,0.016688562999479472,1.0720300389407202,0.0,0.0,0,"{""0"": 8199, ""1"": 8958, ""2"": 9755, ""3"": 8381, ""4"": 11012, ""5"": 6094}",connected
52499,210,20000,0.1687658333333334,0.0159954025875777,0.9237400441383943,0.0,0.0,0,"{""0"": 8206, ""1"": 8984, ""2"": 9766, ""3"": 8388, ""4"": 11043, ""5"": 6112}",connected
52599,210,20000,0.1671825,0.01591109504457563,0.9237400441383943,0.0,0.0,0,"{""0"": 8231, ""1"": 8990, ""2"": 9777, ""3"": 8390, ""4"": 11092, ""5"": 6119}",connected
52699,210,20000,0.16559916666666674,0.015884574851952493,0.9237400441383943,0.0,0.0,0,"{""0"": 8248, ""1"": 8996, ""2"": 9794, ""3"": 8409, ""4"": 11121, ""5"": 6131}",connected
52799,210,20000,0.16401583333333336,0.01590911374427378,0.9237400441383943,0.0,0.0,0,"{""0"": 8258, ""1"": 9004, ""2"": 9831, ""3"": 8434, ""4"": 11137, ""5"": 6135}",connected
52899,212,20000,0.16243249999999998,0.016644052607007326,0.9986700405040756,0.0,0.0,0,"{""0"": 8269, ""1"": 9022, ""2"": 9868, ""3"": 8449, ""4"": 11153, ""5"": 6138}",connected
52999,212,20000,0.1608491666666667,0.016787103903479875,0.9986700405040756,0.0,0.0,0,"{""0"": 8279, ""1"": 9037, ""2"": 9886, ""3"": 8457, ""4"": 11189, ""5"": 6151}",connected
53099,212,20000,0.15926583333333333,0.018077017827890812,0.9986700405040756,0.0,0.0,0,"{""0"": 8291, ""1"": 9064, ""2"": 9909, ""3"": 8465, ""4"": 11211, ""5"": 6159}",connected
53199,212,20000,0.15768249999999995,0.018637183797545732,0.9986700405040756,0.0,0.0,0,"{""0"": 8295, ""1"": 9078, ""2"": 9934, ""3"": 8481, ""4"": 11229, ""5"": 6182}",connected
53299,216,20000,0.15609916666666668,0.019274588194675743,1.2384900375409051,0.0,0.0,0,"{""0"": 8307, ""1"": 9095, ""2"": 9965, ""3"": 8485, ""4"": 11258, ""5"": 6189}",connected
53399,216,20000,0.1545158333333334,0.01908933757804334,1.2384900375409051,0.0,0.0,0,"{""0"": 8311, ""1"": 9124, ""2"": 9982, ""3"": 8489, ""4"": 11298, ""5"": 6195}",connected
53499,216,20000,0.15293250000000003,0.018715666942298412,1.2384900375409051,0.0,0.0,0,"{""0"": 8329, ""1"": 9180, ""2"": 9993, ""3"": 8494, ""4"": 11298, ""5"": 6205}",connected
53599,216,20000,0.15134916666666676,0.018971154326573016,1.2384900375409051,0.0,0.0,0,"{""0"": 8355, ""1"": 9207, ""2"": 10013, ""3"": 8494, ""4"": 11301, ""5"": 6229}",connected
53699,216,20000,0.14976583333333338,0.017844449151307343,1.2384900375409051,0.0,0.0,0,"{""0"": 8370, ""1"": 9243, ""2"": 10024, ""3"": 8502, ""4"": 11324, ""5"": 6236}",connected
53799,216,20000,0.1481825000000001,0.01829393074847758,1.2384900375409051,0.0,0.0,0,"{""0"": 8385, ""1"": 9256, ""2"": 10041, ""3"": 8525, ""4"": 11341, ""5"": 6251}",connected
53899,216,20000,0.14659916666666672,0.01871801495552063,1.2384900375409051,0.0,0.0,0,"{""0"": 8395, ""1"": 9270, ""2"": 10078, ""3"": 8541, ""4"": 11358, ""5"": 6257}",connected
53999,216,20000,0.14501583333333334,0.01808813857380301,1.2384900375409051,0.0,0.0,0,"{""0"": 8406, ""1"": 9293, ""2"": 10094, ""3"": 8559, ""4"": 11373, ""5"": 6274}",connected
54099,218,20000,0.14343250000000007,0.018940393794327975,1.3245500426879153,0.0,0.0,0,"{""0"": 8418, ""1"": 9301, ""2"": 10112, ""3"": 8571, ""4"": 11416, ""5"": 6281}",connected
54199,220,20000,0.1418491666666667,0.01916155530139804,1.327910043192096,0.0,0.0,0,"{""0"": 8435, ""1"": 9309, ""2"": 10131, ""3"": 8591, ""4"": 11448, ""5"": 6285}",connected
54299,220,20000,0.1402658333333333,0.019836903922259806,1.327910043192096,0.0,0.0,0,"{""0"": 8443, ""1"": 9324, ""2"": 10144, ""3"": 8596, ""4"": 11502, ""5"": 6290}",connected
54399,220,20000,0.13868250000000004,0.021381785636767747,1.327910043192096,0.0,0.0,0,"{""0"": 8454, ""1"": 9339, ""2"": 10162, ""3"": 8624, ""4"": 11525, ""5"": 6295}",connected
54499,220,20000,0.13709916666666666,0.02203198631759733,1.327910043192096,0.0,0.0,0,"{""0"": 8458, ""1"": 9363, ""2"": 10175, ""3"": 8662, ""4"": 11542, ""5"": 6299}",connected
54599,220,20000,0.1355158333333334,0.02281001071445644,1.327910043192096,0.0,0.0,0,"{""0"": 8477, ""1"": 9377, ""2"": 10206, ""3"": 8676, ""4"": 11558, ""5"": 6305}",connected
54699,220,20000,0.13393250000000012,0.022293245079927148,1.327910043192096,0.0,0.0,0,"{""0"": 8502, ""1"": 9382, ""2"": 10228, ""3"": 8689, ""4"": 11590, ""5"": 6308}",connected
54799,220,20000,0.13234916666666674,0.0209678114997223,1.327910043192096,0.0,0.0,0,"{""0"": 8514, ""1"": 9391, ""2"": 10244, ""3"": 8706, ""4"": 11634, ""5"": 6310}",connected
54899,222,20000,0.13076583333333336,0.019539845823310316,1.3388400417380035,0.0,0.0,0,"{""0"": 8524, ""1"": 9411, ""2"": 10271, ""3"": 8714, ""4"": 11659, ""5"": 6320}",connected
54999,222,20000,0.1291825000000001,0.018224736717529597,1.3388400417380035,0.0,0.0,0,"{""0"": 8538, ""1"": 9431, ""2"": 10285, ""3"": 8727, ""4"": 11687, ""5"": 6331}",connected
55099,224,20000,0.1275991666666667,0.01748652078676969,1.5518800416402518,0.0,0.0,0,"{""0"": 8553, ""1"": 9443, ""2"": 10305, ""3"": 8740, ""4"": 11722, ""5"": 6336}",connected
55199,226,20000,0.12601583333333333,0.01825498092453927,1.5631900409888475,0.0,0.0,0,"{""0"": 8566, ""1"": 9456, ""2"": 10324, ""3"": 8751, ""4"": 11765, ""5"": 6337}",connected
55299,226,20000,0.12443250000000006,0.019865860375575722,1.5631900409888475,0.0,0.0,0,"{""0"": 8569, ""1"": 9466, ""2"": 10333, ""3"": 8767, ""4"": 11806, ""5"": 6358}",connected
55399,228,20000,0.12284916666666668,0.021499327644705774,1.601380038219504,0.0,0.0,0,"{""0"": 8577, ""1"": 9476, ""2"": 10368, ""3"": 8769, ""4"": 11827, ""5"": 6382}",connected
55499,228,20000,0.1212658333333333,0.02211601140908897,1.601380038219504,0.0,0.0,0,"{""0"": 8579, ""1"": 9493, ""2"": 10395, ""3"": 8790, ""4"": 11835, ""5"": 6407}",connected
55599,228,20000,0.11968250000000002,0.021301966239698232,1.601380038219504,0.0,0.0,0,"{""0"": 8600, ""1"": 9504, ""2"": 10411, ""3"": 8800, ""4"": 11874, ""5"": 6410}",connected
55699,228,20000,0.11809916666666664,0.020121984970755874,1.601380038219504,0.0,0.0,0,"{""0"": 8604, ""1"": 9536, ""2"": 10432, ""3"": 8808, ""4"": 11908, ""5"": 6411}",connected
55799,228,20000,0.11651583333333337,0.021518965191207825,1.601380038219504,0.0,0.0,0,"{""0"": 8613, ""1"": 9579, ""2"": 10439, ""3"": 8813, ""4"": 11943, ""5"": 6412}",connected
55899,228,20000,0.1149325000000001,0.02135773772839457,1.601380038219504,0.0,0.0,0,"{""0"": 8629, ""1"": 9614, ""2"": 10452, ""3"": 8827, ""4"": 11963, ""5"": 6414}",connected
55999,228,20000,0.11334916666666672,0.021599454116076233,1.601380038219504,0.0,0.0,0,"{""0"": 8648, ""1"": 9629, ""2"": 10460, ""3"": 8852, ""4"": 11984, ""5"": 6426}",connected
56099,230,20000,0.11176583333333334,0.023004759177565573,1.4664600417669862,0.0,0.0,0,"{""0"": 8653, ""1"": 9649, ""2"": 10468, ""3"": 8858, ""4"": 12035, ""5"": 6436}",connected
56199,232,20000,0.11018250000000007,0.020990641321986914,1.4968500370858238,0.0,0.0,0,"{""0"": 8660, ""1"": 9660, ""2"": 10481, ""3"": 8879, ""4"": 12073, ""5"": 6446}",connected
56299,232,20000,0.10859916666666669,0.021428966764360666,1.4968500370858238,0.0,0.0,0,"{""0"": 8663, ""1"": 9675, ""2"": 10499, ""3"": 8902, ""4"": 12106, ""5"": 6454}",connected
56399,234,20000,0.10701583333333342,0.022661343058571218,1.5174400328658522,0.0,0.0,0,"{""0"": 8675, ""1"": 9695, ""2"": 10520, ""3"": 8906, ""4"": 12142, ""5"": 6461}",connected
56499,236,20000,0.10543250000000004,0.023684955649077893,1.5155700303427875,0.0,0.0,0,"{""0"": 8689, ""1"": 9707, ""2"": 10549, ""3"": 8921, ""4"": 12166, ""5"": 6467}",connected
56599,238,20000,0.10384916666666666,0.02461531827226281,1.6078500262834132,0.0,0.0,0,"{""0"": 8710, ""1"": 9722, ""2"": 10573, ""3"": 8931, ""4"": 12193, ""5"": 6470}",connected
56699,238,20000,0.10226583333333339,0.024023598758503795,1.6078500262834132,0.0,0.0,0,"{""0"": 8716, ""1"": 9753, ""2"": 10590, ""3"": 8942, ""4"": 12215, ""5"": 6483}",connected
56799,240,20000,0.10068250000000001,0.02513270329684019,1.6690600258577615,0.0,0.0,0,"{""0"": 8723, ""1"": 9772, ""2"": 10616, ""3"": 8959, ""4"": 12242, ""5"": 6487}",connected
56899,240,20000,0.09909916666666663,0.025062385573983194,1.6690600258577615,0.0,0.0,0,"{""0"": 8726, ""1"": 9793, ""2"": 10626, ""3"": 8973, ""4"": 12271, ""5"": 6510}",connected
56999,240,20000,0.09751583333333347,0.0236518607288599,1.6690600258577615,0.0,0.0,0,"{""0"": 8727, ""1"": 9798, ""2"": 10626, ""3"": 9012, ""4"": 12316, ""5"": 6520}",connected
57099,240,20000,0.09593250000000009,0.025668690232560038,1.6690600258577615,0.0,0.0,0,"{""0"": 8730, ""1"": 9809, ""2"": 10641, ""3"": 9040, ""4"": 12334, ""5"": 6545}",connected
57199,242,20000,0.0943491666666667,0.02464986400678754,1.7318100298009813,0.0,0.0,0,"{""0"": 8741, ""1"": 9828, ""2"": 10660, ""3"": 9051, ""4"": 12369, ""5"": 6550}",connected
57299,242,20000,0.09276583333333344,0.02467883766628802,1.7318100298009813,0.0,0.0,0,"{""0"": 8742, ""1"": 9856, ""2"": 10692, ""3"": 9066, ""4"": 12389, ""5"": 6554}",connected
57399,244,20000,0.09118250000000006,0.026138357007876038,1.7665800277004018,0.0,0.0,0,"{""0"": 8750, ""1"": 9861, ""2"": 10717, ""3"": 9077, ""4"": 12421, ""5"": 6573}",connected
57499,244,20000,0.08959916666666667,0.025961510175839066,1.7665800277004018,0.0,0.0,0,"{""0"": 8752, ""1"": 9871, ""2"": 10727, ""3"": 9112, ""4"": 12439, ""5"": 6598}",connected
57599,246,20000,0.0880158333333334,0.027430035024881363,1.9024200246296823,0.0,0.0,0,"{""0"": 8760, ""1"": 9894, ""2"": 10753, ""3"": 9127, ""4"": 12466, ""5"": 6599}",connected
57699,246,20000,0.08643250000000002,0.026343719195574523,1.9024200246296823,0.0,0.0,0,"{""0"": 8768, ""1"": 9913, ""2"": 10762, ""3"": 9153, ""4"": 12495, ""5"": 6608}",connected
57799,248,20000,0.08484916666666664,0.02677585106343031,1.934960025502369,0.0,0.0,0,"{""0"": 8779, ""1"": 9918, ""2"": 10775, ""3"": 9154, ""4"": 12562, ""5"": 6611}",connected
57899,248,20000,0.08326583333333337,0.026988408556208016,1.934960025502369,0.0,0.0,0,"{""0"": 8792, ""1"": 9932, ""2"": 10798, ""3"": 9172, ""4"": 12591, ""5"": 6614}",connected
57999,250,20000,0.08168249999999999,0.025435957997106014,2.01763002615422,0.0,0.0,0,"{""0"": 8804, ""1"": 9938, ""2"": 10817, ""3"": 9192, ""4"": 12623, ""5"": 6625}",connected
58099,250,20000,0.08009916666666661,0.02747381872497499,2.01763002615422,0.0,0.0,0,"{""0"": 8810, ""1"": 9961, ""2"": 10840, ""3"": 9211, ""4"": 12642, ""5"": 6635}",connected
58199,250,20000,0.07851583333333345,0.027180041149258614,2.01763002615422,0.0,0.0,0,"{""0"": 8814, ""1"": 9964, ""2"": 10845, ""3"": 9249, ""4"": 12687, ""5"": 6640}",connected
58299,250,20000,0.07693250000000007,0.02705158544704318,2.01763002615422,0.0,0.0,0,"{""0"": 8816, ""1"": 9973, ""2"": 10870, ""3"": 9263, ""4"": 12734, ""5"": 6643}",connected
58399,252,20000,0.07534916666666669,0.02854376214090735,1.9759600280923768,0.0,0.0,0,"{""0"": 8824, ""1"": 9986, ""2"": 10881, ""3"": 9281, ""4"": 12762, ""5"": 6665}",connected
58499,254,20000,0.07376583333333342,0.027556558474898338,1.9936500281887128,0.0,0.0,0,"{""0"": 8832, ""1"": 10000, ""2"": 10908, ""3"": 9296, ""4"": 12787, ""5"": 6676}",connected
58599,256,20000,0.07218250000000004,0.02848057827912271,2.140850029475987,0.0,0.0,0,"{""0"": 8847, ""1"": 10008, ""2"": 10927, ""3"": 9306, ""4"": 12825, ""5"": 6686}",connected
58699,256,20000,0.07059916666666677,0.02887755483854562,2.140850029475987,0.0,0.0,0,"{""0"": 8857, ""1"": 10021, ""2"": 10939, ""3"": 9330, ""4"": 12858, ""5"": 6694}",connected
58799,258,20000,0.06901583333333339,0.02806859836447984,2.1335400301171465,0.0,0.0,0,"{""0"": 8865, ""1"": 10040, ""2"": 10962, ""3"": 9338, ""4"": 12889, ""5"": 6705}",connected
58899,258,20000,0.0674325,0.02939980982337147,2.1335400301171465,0.0,0.0,0,"{""0"": 8878, ""1"": 10041, ""2"": 10981, ""3"": 9347, ""4"": 12935, ""5"": 6717}",connected
58999,258,20000,0.06584916666666674,0.028797138878144325,2.1335400301171465,0.0,0.0,0,"{""0"": 8880, ""1"": 10044, ""2"": 10986, ""3"": 9348, ""4"": 12964, ""5"": 6777}",connected
59099,258,20000,0.06426583333333336,0.029475339204072953,2.1335400301171465,0.0,0.0,0,"{""0"": 8890, ""1"": 10045, ""2"": 10992, ""3"": 9348, ""4"": 13012, ""5"": 6812}",connected
59199,258,20000,0.06268249999999997,0.02867770683020353,2.1335400301171465,0.0,0.0,0,"{""0"": 8931, ""1"": 10052, ""2"": 10994, ""3"": 9348, ""4"": 13053, ""5"": 6821}",connected
59299,258,20000,0.061099166666666704,0.02719772762618959,2.1335400301171465,0.0,0.0,0,"{""0"": 8982, ""1"": 10053, ""2"": 10997, ""3"": 9356, ""4"": 13069, ""5"": 6842}",connected
59399,258,20000,0.059515833333333434,0.027032063910737633,2.1335400301171465,0.0,0.0,0,"{""0"": 8987, ""1"": 10053, ""2"": 10997, ""3"": 9377, ""4"": 13143, ""5"": 6842}",connected
59499,260,20000,0.05793250000000005,0.025858322721906007,1.9539700325485319,0.0,0.0,0,"{""0"": 8995, ""1"": 10055, ""2"": 11003, ""3"": 9391, ""4"": 13208, ""5"": 6847}",connected
59599,260,20000,0.05634916666666678,0.026742642731405794,1.9539700325485319,0.0,0.0,0,"{""0"": 9002, ""1"": 10082, ""2"": 11034, ""3"": 9405, ""4"": 13226, ""5"": 6850}",connected
59699,260,20000,0.0547658333333334,0.028040956733748318,1.9539700325485319,0.0,0.0,0,"{""0"": 9023, ""1"": 10093, ""2"": 11040, ""3"": 9432, ""4"": 13249, ""5"": 6862}",connected
59799,260,20000,0.05318250000000002,0.029293404072523118,1.9539700325485319,0.0,0.0,0,"{""0"": 9051, ""1"": 10104, ""2"": 11049, ""3"": 9463, ""4"": 13266, ""5"": 6866}",connected
59899,260,20000,0.05159916666666675,0.029938896647654475,1.9539700325485319,0.0,0.0,0,"{""0"": 9072, ""1"": 10120, ""2"": 11054, ""3"": 9490, ""4"": 13295, ""5"": 6868}",connected
59999,260,20000,0.05001583333333337,0.030318802590481937,1.9539700325485319,0.0,0.0,0,"{""0"": 9072, ""1"": 10122, ""2"": 11103, ""3"": 9496, ""4"": 13338, ""5"": 6868}",connected
60099,260,20000,0.050000000000000044,0.029865650734864177,1.9539700325485319,0.0,0.0,0,"{""0"": 9073, ""1"": 10124, ""2"": 11153, ""3"": 9503, ""4"": 13376, ""5"": 6870}",connected
60199,260,20000,0.050000000000000044,0.029932842287234963,1.9539700325485319,0.0,0.0,0,"{""0"": 9074, ""1"": 10126, ""2"": 11199, ""3"": 9511, ""4"": 13417, ""5"": 6872}",connected
60299,262,20000,0.050000000000000044,0.03043354473542422,1.8797000345541164,0.0,0.0,0,"{""0"": 9080, ""1"": 10152, ""2"": 11219, ""3"": 9526, ""4"": 13445, ""5"": 6877}",connected
60399,262,20000,0.050000000000000044,0.03040340432431549,1.8797000345541164,0.0,0.0,0,"{""0"": 9089, ""1"": 10160, ""2"": 11237, ""3"": 9550, ""4"": 13478, ""5"": 6885}",connected
60499,264,20000,0.050000000000000044,0.029174436312168837,1.8663000325253234,0.0,0.0,0,"{""0"": 9113, ""1"": 10170, ""2"": 11255, ""3"": 9563, ""4"": 13510, ""5"": 6888}",connected
60599,264,20000,0.050000000000000044,0.02720753224566579,1.8663000325253234,0.0,0.0,0,"{""0"": 9126, ""1"": 10182, ""2"": 11264, ""3"": 9589, ""4"": 13545, ""5"": 6893}",connected
60699,264,20000,0.050000000000000044,0.025875291768461466,1.8663000325253234,0.0,0.0,0,"{""0"": 9137, ""1"": 10194, ""2"": 11281, ""3"": 9616, ""4"": 13576, ""5"": 6895}",connected
60799,264,20000,0.050000000000000044,0.024349609445780514,1.8663000325253234,0.0,0.0,0,"{""0"": 9167, ""1"": 10199, ""2"": 11311, ""3"": 9623, ""4"": 13583, ""5"": 6916}",connected
60899,266,20000,0.050000000000000044,0.025044825514778494,1.854030037857592,0.0,0.0,0,"{""0"": 9180, ""1"": 10203, ""2"": 11331, ""3"": 9629, ""4"": 13616, ""5"": 6940}",connected
60999,268,20000,0.050000000000000044,0.024611643804237245,1.8729100389545783,0.0,0.0,0,"{""0"": 9191, ""1"": 10214, ""2"": 11348, ""3"": 9655, ""4"": 13647, ""5"": 6944}",connected
61099,268,20000,0.050000000000000044,0.02614242904819548,1.8729100389545783,0.0,0.0,0,"{""0"": 9215, ""1"": 10231, ""2"": 11389, ""3"": 9664, ""4"": 13655, ""5"": 6945}",connected
61199,268,20000,0.050000000000000044,0.027498059375211596,1.8729100389545783,0.0,0.0,0,"{""0"": 9233, ""1"": 10248, ""2"": 11407, ""3"": 9679, ""4"": 13686, ""5"": 6946}",connected
61299,268,20000,0.050000000000000044,0.027947827950119974,1.8729100389545783,0.0,0.0,0,"{""0"": 9254, ""1"": 10265, ""2"": 11419, ""3"": 9709, ""4"": 13704, ""5"": 6948}",connected
61399,268,20000,0.050000000000000044,0.02994392235763371,1.8729100389545783,0.0,0.0,0,"{""0"": 9283, ""1"": 10287, ""2"": 11430, ""3"": 9728, ""4"": 13718, ""5"": 6953}",connected
61499,268,20000,0.050000000000000044,0.029172200686298312,1.8729100389545783,0.0,0.0,0,"{""0"": 9346, ""1"": 10289, ""2"": 11443, ""3"": 9745, ""4"": 13723, ""5"": 6953}",connected
61599,268,20000,0.050000000000000044,0.030016718520782887,1.8729100389545783,0.0,0.0,0,"{""0"": 9360, ""1"": 10307, ""2"": 11469, ""3"": 9765, ""4"": 13732, ""5"": 6966}",connected
61699,268,20000,0.050000000000000044,0.030358102968893946,1.8729100389545783,0.0,0.0,0,"{""0"": 9365, ""1"": 10319, ""2"": 11488, ""3"": 9797, ""4"": 13746, ""5"": 6984}",connected
61799,270,20000,0.050000000000000044,0.02956018114928156,1.7030700368154794,0.0,0.0,0,"{""0"": 9380, ""1"": 10342, ""2"": 11504, ""3"": 9803, ""4"": 13777, ""5"": 6993}",connected
61899,272,20000,0.050000000000000044,0.02863353047519922,1.7170100358175113,0.0,0.0,0,"{""0"": 9388, ""1"": 10368, ""2"": 11521, ""3"": 9815, ""4"": 13801, ""5"": 7006}",connected
61999,274,20000,0.050000000000000044,0.027543757325038314,1.7442000382393599,0.0,0.0,0,"{""0"": 9394, ""1"": 10384, ""2"": 11554, ""3"": 9823, ""4"": 13837, ""5"": 7007}",connected
62099,274,20000,0.050000000000000044,0.028054138952866195,1.7442000382393599,0.0,0.0,0,"{""0"": 9401, ""1"": 10415, ""2"": 11571, ""3"": 9842, ""4"": 13860, ""5"": 7010}",connected
62199,276,20000,0.050000000000000044,0.029003699775785208,1.8054900336638093,0.0,0.0,0,"{""0"": 9409, ""1"": 10437, ""2"": 11599, ""3"": 9850, ""4"": 13886, ""5"": 7018}",connected
62299,276,20000,0.050000000000000044,0.032203335319645705,1.8054900336638093,0.0,0.0,0,"{""0"": 9418, ""1"": 10442, ""2"": 11603, ""3"": 9861, ""4"": 13932, ""5"": 7043}",connected
62399,276,20000,0.050000000000000044,0.03466182463336736,1.8054900336638093,0.0,0.0,0,"{""0"": 9422, ""1"": 10460, ""2"": 11622, ""3"": 9885, ""4"": 13963, ""5"": 7047}",connected
62499,276,20000,0.050000000000000044,0.03616516982670873,1.8054900336638093,0.0,0.0,0,"{""0"": 9423, ""1"": 10466, ""2"": 11634, ""3"": 9909, ""4"": 14005, ""5"": 7062}",connected
62599,278,20000,0.050000000000000044,0.0342441280093044,1.827430034163408,0.0,0.0,0,"{""0"": 9428, ""1"": 10479, ""2"": 11654, ""3"": 9922, ""4"": 14035, ""5"": 7081}",connected
62699,278,20000,0.050000000000000044,0.0329695355379954,1.827430034163408,0.0,0.0,0,"{""0"": 9430, ""1"": 10496, ""2"": 11674, ""3"": 9943, ""4"": 14056, ""5"": 7100}",connected
62799,280,20000,0.050000000000000044,0.032052117814309895,1.8458000319357961,0.0,0.0,0,"{""0"": 9440, ""1"": 10511, ""2"": 11694, ""3"": 9961, ""4"": 14088, ""5"": 7105}",connected
62899,280,20000,0.050000000000000044,0.02989922562614083,1.8458000319357961,0.0,0.0,0,"{""0"": 9455, ""1"": 10516, ""2"": 11715, ""3"": 9991, ""4"": 14116, ""5"": 7106}",connected
62999,282,20000,0.050000000000000044,0.03098322216887027,1.8618300289334728,0.0,0.0,0,"{""0"": 9474, ""1"": 10528, ""2"": 11731, ""3"": 10009, ""4"": 14142, ""5"": 7115}",connected
63099,282,20000,0.050000000000000044,0.03222869654651731,1.8618300289334728,0.0,0.0,0,"{""0"": 9495, ""1"": 10545, ""2"": 11768, ""3"": 10019, ""4"": 14156, ""5"": 7116}",connected
63199,284,20000,0.050000000000000044,0.03231537794228643,1.8516100323433056,0.0,0.0,0,"{""0"": 9508, ""1"": 10560, ""2"": 11792, ""3"": 10029, ""4"": 14187, ""5"": 7123}",connected
63299,286,20000,0.050000000000000044,0.03178933559916913,1.9214600287936627,0.0,0.0,0,"{""0"": 9518, ""1"": 10570, ""2"": 11805, ""3"": 10040, ""4"": 14232, ""5"": 7134}",connected
63399,286,20000,0.050000000000000044,0.03200511529110372,1.9214600287936627,0.0,0.0,0,"{""0"": 9528, ""1"": 10580, ""2"": 11809, ""3"": 10068, ""4"": 14274, ""5"": 7140}",connected
63499,286,20000,0.050000000000000044,0.031184188043698668,1.9214600287936627,0.0,0.0,0,"{""0"": 9532, ""1"": 10582, ""2"": 11820, ""3"": 10101, ""4"": 14324, ""5"": 7140}",connected
63599,286,20000,0.050000000000000044,0.03130316955037415,1.9214600287936627,0.0,0.0,0,"{""0"": 9533, ""1"": 10585, ""2"": 11827, ""3"": 10149, ""4"": 14363, ""5"": 7142}",connected
63699,286,20000,0.050000000000000044,0.032395481443963946,1.9214600287936627,0.0,0.0,0,"{""0"": 9561, ""1"": 10593, ""2"": 11829, ""3"": 10173, ""4"": 14377, ""5"": 7166}",connected
63799,286,20000,0.050000000000000044,0.033251087297685444,1.9214600287936627,0.0,0.0,0,"{""0"": 9608, ""1"": 10599, ""2"": 11835, ""3"": 10176, ""4"": 14385, ""5"": 7196}",connected
63899,286,20000,0.050000000000000044,0.03249497618991882,1.9214600287936627,0.0,0.0,0,"{""0"": 9671, ""1"": 10612, ""2"": 11841, ""3"": 10178, ""4"": 14387, ""5"": 7210}",connected
63999,288,20000,0.050000000000000044,0.03206739400979131,1.7829800303373486,0.0,0.0,0,"{""0"": 9691, ""1"": 10626, ""2"": 11850, ""3"": 10186, ""4"": 14427, ""5"": 7219}",connected
64099,288,20000,0.050000000000000044,0.033101796722039584,1.7829800303373486,0.0,0.0,0,"{""0"": 9716, ""1"": 10635, ""2"": 11853, ""3"": 10206, ""4"": 14465, ""5"": 7224}",connected
64199,290,20000,0.050000000000000044,0.033034560279920695,1.7760700336564332,0.0,0.0,0,"{""0"": 9722, ""1"": 10651, ""2"": 11879, ""3"": 10218, ""4"": 14496, ""5"": 7233}",connected
64299,290,20000,0.050000000000000044,0.034110457813367245,1.7760700336564332,0.0,0.0,0,"{""0"": 9731, ""1"": 10673, ""2"": 11887, ""3"": 10227, ""4"": 14538, ""5"": 7243}",connected
64399,291,20000,0.050000000000000044,0.03440779694356024,1.7874600324686616,0.0,0.0,0,"{""0"": 9731, ""1"": 10679, ""2"": 11910, ""3"": 10246, ""4"": 14578, ""5"": 7255}",connected
64499,292,20000,0.050000000000000044,0.03290128131397069,1.7923400310426951,0.0,0.0,0,"{""0"": 9734, ""1"": 10695, ""2"": 11929, ""3"": 10262, ""4"": 14601, ""5"": 7278}",connected
64599,292,20000,0.050000000000000044,0.03345436771400273,1.7923400310426951,0.0,0.0,0,"{""0"": 9737, ""1"": 10719, ""2"": 11944, ""3"": 10274, ""4"": 14632, ""5"": 7293}",connected
64699,292,20000,0.050000000000000044,0.031869329768233,1.7923400310426951,0.0,0.0,0,"{""0"": 9737, ""1"": 10745, ""2"": 11953, ""3"": 10299, ""4"": 14663, ""5"": 7302}",connected
64799,292,20000,0.050000000000000044,0.030999076911248268,1.7923400310426951,0.0,0.0,0,"{""0"": 9737, ""1"": 10813, ""2"": 11956, ""3"": 10318, ""4"": 14668, ""5"": 7307}",connected
64899,292,20000,0.050000000000000044,0.030805299864150582,1.7923400310426951,0.0,0.0,0,"{""0"": 9747, ""1"": 10817, ""2"": 11965, ""3"": 10362, ""4"": 14684, ""5"": 7324}",connected
64999,292,20000,0.050000000000000044,0.031128862393088638,1.7923400310426951,0.0,0.0,0,"{""0"": 9758, ""1"": 10823, ""2"": 11994, ""3"": 10406, ""4"": 14692, ""5"": 7326}",connected
65099,292,20000,0.050000000000000044,0.03138776971027255,1.7923400310426951,0.0,0.0,0,"{""0"": 9768, ""1"": 10834, ""2"": 11998, ""3"": 10461, ""4"": 14712, ""5"": 7326}",connected
65199,294,20000,0.050000000000000044,0.0324839227925986,1.641420032554306,0.0,0.0,0,"{""0"": 9776, ""1"": 10838, ""2"": 12022, ""3"": 10463, ""4"": 14764, ""5"": 7336}",connected
65299,294,20000,0.050000000000000044,0.035196342580020426,1.641420032554306,0.0,0.0,0,"{""0"": 9782, ""1"": 10844, ""2"": 12023, ""3"": 10470, ""4"": 14804, ""5"": 7376}",connected
65399,294,20000,0.050000000000000044,0.03585530110634863,1.641420032554306,0.0,0.0,0,"{""0"": 9783, ""1"": 10851, ""2"": 12023, ""3"": 10540, ""4"": 14815, ""5"": 7387}",connected
65499,294,20000,0.050000000000000044,0.03648793688043952,1.641420032554306,0.0,0.0,0,"{""0"": 9785, ""1"": 10857, ""2"": 12044, ""3"": 10562, ""4"": 14853, ""5"": 7398}",connected
65599,294,20000,0.050000000000000044,0.03635267983190715,1.641420032554306,0.0,0.0,0,"{""0"": 9787, ""1"": 10857, ""2"": 12046, ""3"": 10583, ""4"": 14880, ""5"": 7446}",connected
65699,294,20000,0.050000000000000044,0.03529063461348415,1.641420032554306,0.0,0.0,0,"{""0"": 9789, ""1"": 10859, ""2"": 12055, ""3"": 10602, ""4"": 14898, ""5"": 7496}",connected
65799,294,20000,0.050000000000000044,0.03459955698810518,1.641420032554306,0.0,0.0,0,"{""0"": 9790, ""1"": 10860, ""2"": 12065, ""3"": 10615, ""4"": 14908, ""5"": 7561}",connected
65899,296,20000,0.050000000000000044,0.034284668704494835,1.4039600347308443,0.0,0.0,0,"{""0"": 9794, ""1"": 10863, ""2"": 12088, ""3"": 10620, ""4"": 14958, ""5"": 7576}",connected
65999,296,20000,0.050000000000000044,0.032876547598280015,1.4039600347308443,0.0,0.0,0,"{""0"": 9798, ""1"": 10882, ""2"": 12088, ""3"": 10631, ""4"": 15001, ""5"": 7599}",connected
66099,296,20000,0.050000000000000044,0.030598896932788194,1.4039600347308443,0.0,0.0,0,"{""0"": 9799, ""1"": 10885, ""2"": 12126, ""3"": 10638, ""4"": 15017, ""5"": 7634}",connected
66199,298,20000,0.050000000000000044,0.029954180200584234,1.3818700361577794,0.0,0.0,0,"{""0"": 9801, ""1"": 10894, ""2"": 12143, ""3"": 10644, ""4"": 15035, ""5"": 7682}",connected
66299,298,20000,0.050000000000000044,0.029619100471027195,1.3818700361577794,0.0,0.0,0,"{""0"": 9801, ""1"": 10905, ""2"": 12162, ""3"": 10660, ""4"": 15078, ""5"": 7693}",connected
66399,300,20000,0.050000000000000044,0.03085323859937489,1.382060036319308,0.0,0.0,0,"{""0"": 9812, ""1"": 10911, ""2"": 12172, ""3"": 10686, ""4"": 15109, ""5"": 7709}",connected
66499,300,20000,0.050000000000000044,0.030366882057860492,1.382060036319308,0.0,0.0,0,"{""0"": 9834, ""1"": 10925, ""2"": 12185, ""3"": 10707, ""4"": 15131, ""5"": 7717}",connected
66599,302,20000,0.050000000000000044,0.030723226694390177,1.3791700358362868,0.0,0.0,0,"{""0"": 9848, ""1"": 10930, ""2"": 12212, ""3"": 10718, ""4"": 15171, ""5"": 7720}",connected
66699,303,20000,0.050000000000000044,0.030361598832532765,1.3752800352452323,0.0,0.0,0,"{""0"": 9860, ""1"": 10935, ""2"": 12255, ""3"": 10746, ""4"": 15181, ""5"": 7722}",connected
66799,304,20000,0.050000000000000044,0.03197487000375986,1.3907700366573408,0.0,0.0,0,"{""0"": 9862, ""1"": 10953, ""2"": 12275, ""3"": 10746, ""4"": 15222, ""5"": 7741}",connected
66899,306,20000,0.050000000000000044,0.03263161772862077,1.3967600328009575,0.0,0.0,0,"{""0"": 9880, ""1"": 10960, ""2"": 12291, ""3"": 10770, ""4"": 15255, ""5"": 7743}",connected
66999,306,20000,0.050000000000000044,0.03503683264367283,1.3967600328009575,0.0,0.0,0,"{""0"": 9886, ""1"": 10966, ""2"": 12300, ""3"": 10802, ""4"": 15289, ""5"": 7756}",connected
67099,308,20000,0.050000000000000044,0.03613768830895424,1.4030900320364161,0.0,0.0,0,"{""0"": 9895, ""1"": 10993, ""2"": 12315, ""3"": 10816, ""4"": 15324, ""5"": 7756}",connected
67199,308,20000,0.050000000000000044,0.03667376913130283,1.4030900320364161,0.0,0.0,0,"{""0"": 9906, ""1"": 10998, ""2"": 12338, ""3"": 10835, ""4"": 15361, ""5"": 7761}",connected
67299,308,20000,0.050000000000000044,0.040669710161164406,1.4030900320364161,0.0,0.0,0,"{""0"": 9920, ""1"": 11003, ""2"": 12352, ""3"": 10841, ""4"": 15388, ""5"": 7795}",connected
67399,308,20000,0.050000000000000044,0.03895381473004818,1.4030900320364161,0.0,0.0,0,"{""0"": 9920, ""1"": 11003, ""2"": 12353, ""3"": 10853, ""4"": 15400, ""5"": 7870}",connected
67499,308,20000,0.050000000000000044,0.03785685663111508,1.4030900320364161,0.0,0.0,0,"{""0"": 9933, ""1"": 11010, ""2"": 12367, ""3"": 10879, ""4"": 15423, ""5"": 7887}",connected
67599,310,20000,0.050000000000000044,0.03697789780795574,1.4974800330353901,0.0,0.0,0,"{""0"": 9945, ""1"": 11026, ""2"": 12386, ""3"": 10886, ""4"": 15456, ""5"": 7900}",connected
67699,310,20000,0.050000000000000044,0.03345106424763799,1.4974800330353901,0.0,0.0,0,"{""0"": 9977, ""1"": 11031, ""2"": 12389, ""3"": 10886, ""4"": 15470, ""5"": 7946}",connected
67799,310,20000,0.050000000000000044,0.0313914598710835,1.4974800330353901,0.0,0.0,0,"{""0"": 9981, ""1"": 11043, ""2"": 12410, ""3"": 10898, ""4"": 15502, ""5"": 7965}",connected
67899,310,20000,0.050000000000000044,0.03301107421517372,1.4974800330353901,0.0,0.0,0,"{""0"": 9981, ""1"": 11043, ""2"": 12410, ""3"": 10900, ""4"": 15552, ""5"": 8013}",connected
67999,310,20000,0.050000000000000044,0.03271977804601192,1.4974800330353901,0.0,0.0,0,"{""0"": 9982, ""1"": 11044, ""2"": 12412, ""3"": 10903, ""4"": 15597, ""5"": 8061}",connected
68099,310,20000,0.050000000000000044,0.033389213769696655,1.4974800330353901,0.0,0.0,0,"{""0"": 9984, ""1"": 11045, ""2"": 12417, ""3"": 10909, ""4"": 15639, ""5"": 8105}",connected
68199,310,20000,0.050000000000000044,0.0355772547936067,1.4974800330353901,0.0,0.0,0,"{""0"": 9984, ""1"": 11045, ""2"": 12419, ""3"": 10912, ""4"": 15689, ""5"": 8150}",connected
68299,312,20000,0.050000000000000044,0.03519281146582216,1.4002100372686983,0.0,0.0,0,"{""0"": 9988, ""1"": 11045, ""2"": 12435, ""3"": 10913, ""4"": 15746, ""5"": 8172}",connected
68399,312,20000,0.050000000000000044,0.03535713344346732,1.4002100372686983,0.0,0.0,0,"{""0"": 9988, ""1"": 11056, ""2"": 12460, ""3"": 10924, ""4"": 15794, ""5"": 8177}",connected
68499,312,20000,0.050000000000000044,0.034998683547601106,1.4002100372686983,0.0,0.0,0,"{""0"": 10001, ""1"": 11062, ""2"": 12463, ""3"": 10946, ""4"": 15839, ""5"": 8188}",connected
68599,312,20000,0.050000000000000044,0.0346157396864146,1.4002100372686983,0.0,0.0,0,"{""0"": 10022, ""1"": 11065, ""2"": 12485, ""3"": 10980, ""4"": 15858, ""5"": 8189}",connected
68699,312,20000,0.050000000000000044,0.037049142317846416,1.4002100372686983,0.0,0.0,0,"{""0"": 10035, ""1"": 11084, ""2"": 12500, ""3"": 10999, ""4"": 15876, ""5"": 8205}",connected
68799,312,20000,0.050000000000000044,0.035790087031200526,1.4002100372686983,0.0,0.0,0,"{""0"": 10035, ""1"": 11117, ""2"": 12523, ""3"": 11032, ""4"": 15886, ""5"": 8206}",connected
68899,312,20000,0.050000000000000044,0.03611675473861396,1.4002100372686983,0.0,0.0,0,"{""0"": 10078, ""1"": 11145, ""2"": 12540, ""3"": 11040, ""4"": 15888, ""5"": 8208}",connected
68999,314,20000,0.050000000000000044,0.03579531640745699,1.260090038208291,0.0,0.0,0,"{""0"": 10109, ""1"": 11157, ""2"": 12553, ""3"": 11058, ""4"": 15911, ""5"": 8211}",connected
69099,314,20000,0.050000000000000044,0.034200585540384056,1.260090038208291,0.0,0.0,0,"{""0"": 10116, ""1"": 11168, ""2"": 12568, ""3"": 11084, ""4"": 15945, ""5"": 8218}",connected
69199,316,20000,0.050000000000000044,0.035672323359176514,1.2275900417100638,0.0,0.0,0,"{""0"": 10125, ""1"": 11177, ""2"": 12588, ""3"": 11089, ""4"": 15992, ""5"": 8228}",connected
69299,316,20000,0.050000000000000044,0.038239420456811786,1.2275900417100638,0.0,0.0,0,"{""0"": 10126, ""1"": 11184, ""2"": 12595, ""3"": 11102, ""4"": 16056, ""5"": 8236}",connected
69399,316,20000,0.050000000000000044,0.03710932934656739,1.2275900417100638,0.0,0.0,0,"{""0"": 10132, ""1"": 11202, ""2"": 12609, ""3"": 11131, ""4"": 16075, ""5"": 8250}",connected
69499,316,20000,0.050000000000000044,0.037113679395988586,1.2275900417100638,0.0,0.0,0,"{""0"": 10133, ""1"": 11230, ""2"": 12610, ""3"": 11170, ""4"": 16106, ""5"": 8250}",connected
69599,316,20000,0.050000000000000044,0.0370561445876956,1.2275900417100638,0.0,0.0,0,"{""0"": 10147, ""1"": 11240, ""2"": 12635, ""3"": 11193, ""4"": 16130, ""5"": 8254}",connected
69699,316,20000,0.050000000000000044,0.03580712165683508,1.2275900417100638,0.0,0.0,0,"{""0"": 10168, ""1"": 11253, ""2"": 12682, ""3"": 11201, ""4"": 16138, ""5"": 8257}",connected
69799,318,20000,0.050000000000000044,0.03797670799307525,1.2758200371824204,0.0,0.0,0,"{""0"": 10181, ""1"": 11267, ""2"": 12714, ""3"": 11206, ""4"": 16171, ""5"": 8260}",connected
69899,319,20000,0.050000000000000044,0.03864437216892838,1.3593200369365512,0.0,0.0,0,"{""0"": 10184, ""1"": 11287, ""2"": 12743, ""3"": 11232, ""4"": 16188, ""5"": 8265}",connected
69999,320,20000,0.050000000000000044,0.03773820879869163,1.2842900388780982,0.0,0.0,0,"{""0"": 10189, ""1"": 11304, ""2"": 12756, ""3"": 11254, ""4"": 16223, ""5"": 8273}",connected
70099,320,20000,0.050000000000000044,0.03724912974983454,1.2842900388780982,0.0,0.0,0,"{""0"": 10191, ""1"": 11329, ""2"": 12812, ""3"": 11259, ""4"": 16227, ""5"": 8281}",connected
70199,320,20000,0.050000000000000044,0.03668223435990512,1.2842900388780982,0.0,0.0,0,"{""0"": 10197, ""1"": 11337, ""2"": 12828, ""3"": 11291, ""4"": 16251, ""5"": 8295}",connected
70299,322,20000,0.050000000000000044,0.03666034577414393,1.397330048191361,0.0,0.0,0,"{""0"": 10202, ""1"": 11347, ""2"": 12848, ""3"": 11308, ""4"": 16285, ""5"": 8309}",connected
70399,322,20000,0.050000000000000044,0.03822686076164246,1.397330048191361,0.0,0.0,0,"{""0"": 10216, ""1"": 11363, ""2"": 12877, ""3"": 11318, ""4"": 16299, ""5"": 8326}",connected
70499,324,20000,0.050000000000000044,0.039075493309646846,1.3532200499204918,0.0,0.0,0,"{""0"": 10226, ""1"": 11376, ""2"": 12895, ""3"": 11328, ""4"": 16336, ""5"": 8338}",connected
70599,326,20000,0.050000000000000044,0.03962902287952602,1.378860051096417,0.0,0.0,0,"{""0"": 10229, ""1"": 11389, ""2"": 12913, ""3"": 11342, ""4"": 16375, ""5"": 8351}",connected
70699,326,20000,0.050000000000000044,0.037937279557809234,1.378860051096417,0.0,0.0,0,"{""0"": 10247, ""1"": 11402, ""2"": 12922, ""3"": 11358, ""4"": 16418, ""5"": 8352}",connected
70799,328,20000,0.050000000000000044,0.03846660758368671,1.3528600535495208,0.0,0.0,0,"{""0"": 10258, ""1"": 11419, ""2"": 12948, ""3"": 11376, ""4"": 16445, ""5"": 8353}",connected
70899,328,20000,0.050000000000000044,0.03788869651965797,1.3528600535495208,0.0,0.0,0,"{""0"": 10259, ""1"": 11431, ""2"": 12965, ""3"": 11400, ""4"": 16474, ""5"": 8370}",connected
70999,328,20000,0.050000000000000044,0.0377073794323951,1.3528600535495208,0.0,0.0,0,"{""0"": 10261, ""1"": 11435, ""2"": 12966, ""3"": 11448, ""4"": 16517, ""5"": 8372}",connected
71099,330,20000,0.050000000000000044,0.03887147542089224,1.4971400472475216,0.0,0.0,0,"{""0"": 10269, ""1"": 11450, ""2"": 12991, ""3"": 11461, ""4"": 16552, ""5"": 8376}",connected
71199,330,20000,0.050000000000000044,0.03671055870130658,1.4971400472475216,0.0,0.0,0,"{""0"": 10302, ""1"": 11463, ""2"": 13006, ""3"": 11476, ""4"": 16573, ""5"": 8379}",connected
71299,330,20000,0.050000000000000044,0.03744179917499423,1.4971400472475216,0.0,0.0,0,"{""0"": 10311, ""1"": 11468, ""2"": 13027, ""3"": 11508, ""4"": 16589, ""5"": 8396}",connected
71399,332,20000,0.050000000000000044,0.03745406663045287,1.4884200464421884,0.0,0.0,0,"{""0"": 10322, ""1"": 11470, ""2"": 13071, ""3"": 11518, ""4"": 16620, ""5"": 8398}",connected
71499,332,20000,0.050000000000000044,0.03746360332705081,1.4884200464421884,0.0,0.0,0,"{""0"": 10325, ""1"": 11483, ""2"": 13080, ""3"": 11535, ""4"": 16670, ""5"": 8406}",connected
71599,332,20000,0.050000000000000044,0.03576104232110083,1.4884200464421884,0.0,0.0,0,"{""0"": 10327, ""1"": 11523, ""2"": 13092, ""3"": 11552, ""4"": 16689, ""5"": 8416}",connected
71699,332,20000,0.050000000000000044,0.03577640480361879,1.4884200464421884,0.0,0.0,0,"{""0"": 10327, ""1"": 11595, ""2"": 13116, ""3"": 11553, ""4"": 16692, ""5"": 8416}",connected
71799,332,20000,0.050000000000000044,0.03470570859499276,1.4884200464421884,0.0,0.0,0,"{""0"": 10328, ""1"": 11659, ""2"": 13135, ""3"": 11560, ""4"": 16699, ""5"": 8418}",connected
71899,332,20000,0.050000000000000044,0.03326443542726338,1.4884200464421884,0.0,0.0,0,"{""0"": 10329, ""1"": 11692, ""2"": 13154, ""3"": 11575, ""4"": 16712, ""5"": 8437}",connected
71999,332,20000,0.050000000000000044,0.03794623228721321,1.4884200464421884,0.0,0.0,0,"{""0"": 10334, ""1"": 11717, ""2"": 13173, ""3"": 11601, ""4"": 16724, ""5"": 8450}",connected
72099,332,20000,0.050000000000000044,0.0371112216450274,1.4884200464421884,0.0,0.0,0,"{""0"": 10345, ""1"": 11728, ""2"": 13181, ""3"": 11648, ""4"": 16746, ""5"": 8451}",connected
72199,334,20000,0.050000000000000044,0.03899953342042863,1.3504500498296692,0.0,0.0,0,"{""0"": 10355, ""1"": 11739, ""2"": 13196, ""3"": 11656, ""4"": 16773, ""5"": 8480}",connected
72299,336,20000,0.050000000000000044,0.0395888485852629,1.3403500508749857,0.0,0.0,0,"{""0"": 10359, ""1"": 11743, ""2"": 13223, ""3"": 11669, ""4"": 16791, ""5"": 8514}",connected
72399,336,20000,0.050000000000000044,0.038533814921975135,1.3403500508749857,0.0,0.0,0,"{""0"": 10362, ""1"": 11776, ""2"": 13244, ""3"": 11680, ""4"": 16818, ""5"": 8519}",connected
72499,336,20000,0.050000000000000044,0.037119618356227874,1.3403500508749857,0.0,0.0,0,"{""0"": 10365, ""1"": 11834, ""2"": 13278, ""3"": 11683, ""4"": 16820, ""5"": 8519}",connected
72599,338,20000,0.050000000000000044,0.03918631670996547,1.3571400544187053,0.0,0.0,0,"{""0"": 10371, ""1"": 11842, ""2"": 13299, ""3"": 11694, ""4"": 16858, ""5"": 8535}",connected
72699,340,20000,0.050000000000000044,0.03960363612510264,1.3408000534866005,0.0,0.0,0,"{""0"": 10385, ""1"": 11846, ""2"": 13320, ""3"": 11710, ""4"": 16890, ""5"": 8548}",connected
72799,340,20000,0.050000000000000044,0.041355017460882666,1.3408000534866005,0.0,0.0,0,"{""0"": 10395, ""1"": 11867, ""2"": 13329, ""3"": 11720, ""4"": 16924, ""5"": 8564}",connected
72899,340,20000,0.050000000000000044,0.042778177857398986,1.3408000534866005,0.0,0.0,0,"{""0"": 10401, ""1"": 11888, ""2"": 13341, ""3"": 11739, ""4"": 16939, ""5"": 8591}",connected
72999,342,20000,0.050000000000000044,0.04097485600970686,1.3197600575350226,0.0,0.0,0,"{""0"": 10418, ""1"": 11901, ""2"": 13369, ""3"": 11752, ""4"": 16961, ""5"": 8598}",connected
73099,344,20000,0.050000000000000044,0.042815530402585865,1.3064800588320942,0.0,0.0,0,"{""0"": 10433, ""1"": 11915, ""2"": 13393, ""3"": 11761, ""4"": 16992, ""5"": 8605}",connected
73199,344,20000,0.050000000000000044,0.04049522749148309,1.3064800588320942,0.0,0.0,0,"{""0"": 10435, ""1"": 11938, ""2"": 13419, ""3"": 11766, ""4"": 17005, ""5"": 8636}",connected
73299,345,20000,0.050000000000000044,0.04029934615828097,1.3997200583806262,0.0,0.0,0,"{""0"": 10438, ""1"": 11947, ""2"": 13434, ""3"": 11782, ""4"": 17024, ""5"": 8674}",connected
73399,346,20000,0.050000000000000044,0.038582526668906214,1.3386800598772242,0.0,0.0,0,"{""0"": 10442, ""1"": 11962, ""2"": 13463, ""3"": 11784, ""4"": 17066, ""5"": 8682}",connected
73499,348,20000,0.050000000000000044,0.03705370939336717,1.3400400588242336,0.0,0.0,0,"{""0"": 10447, ""1"": 11978, ""2"": 13482, ""3"": 11797, ""4"": 17105, ""5"": 8690}",connected
73599,348,20000,0.050000000000000044,0.0372547710314393,1.3400400588242336,0.0,0.0,0,"{""0"": 10448, ""1"": 11986, ""2"": 13510, ""3"": 11823, ""4"": 17138, ""5"": 8694}",connected
73699,350,20000,0.050000000000000044,0.03802281456999481,1.3578700581891463,0.0,0.0,0,"{""0"": 10451, ""1"": 12002, ""2"": 13544, ""3"": 11843, ""4"": 17163, ""5"": 8696}",connected
73799,350,20000,0.050000000000000044,0.03924337247386575,1.3578700581891463,0.0,0.0,0,"{""0"": 10453, ""1"": 12036, ""2"": 13573, ""3"": 11852, ""4"": 17179, ""5"": 8706}",connected
73899,350,20000,0.050000000000000044,0.043587837787345055,1.3578700581891463,0.0,0.0,0,"{""0"": 10461, ""1"": 12045, ""2"": 13618, ""3"": 11866, ""4"": 17195, ""5"": 8714}",connected
73999,350,20000,0.050000000000000044,0.0417642377037555,1.3578700581891463,0.0,0.0,0,"{""0"": 10467, ""1"": 12078, ""2"": 13651, ""3"": 11881, ""4"": 17202, ""5"": 8720}",connected
74099,350,20000,0.050000000000000044,0.04153643267229199,1.3578700581891463,0.0,0.0,0,"{""0"": 10468, ""1"": 12093, ""2"": 13689, ""3"": 11896, ""4"": 17221, ""5"": 8732}",connected
74199,350,20000,0.050000000000000044,0.042221788708120586,1.3578700581891463,0.0,0.0,0,"{""0"": 10468, ""1"": 12100, ""2"": 13732, ""3"": 11911, ""4"": 17232, ""5"": 8756}",connected
74299,350,20000,0.050000000000000044,0.03863165076822042,1.3578700581891463,0.0,0.0,0,"{""0"": 10474, ""1"": 12105, ""2"": 13796, ""3"": 11919, ""4"": 17245, ""5"": 8760}",connected
74399,352,20000,0.050000000000000044,0.03901717247441411,1.1940500600263477,0.0,0.0,0,"{""0"": 10480, ""1"": 12137, ""2"": 13812, ""3"": 11927, ""4"": 17271, ""5"": 8772}",connected
74499,352,20000,0.050000000000000044,0.04016940521076322,1.1940500600263477,0.0,0.0,0,"{""0"": 10491, ""1"": 12168, ""2"": 13832, ""3"": 11931, ""4"": 17298, ""5"": 8779}",connected
74599,354,20000,0.050000000000000044,0.03826109768822789,1.2034000613866374,0.0,0.0,0,"{""0"": 10498, ""1"": 12174, ""2"": 13859, ""3"": 11943, ""4"": 17324, ""5"": 8801}",connected
74699,356,20000,0.050000000000000044,0.03757554332725704,1.201680061793886,0.0,0.0,0,"{""0"": 10509, ""1"": 12185, ""2"": 13885, ""3"": 11965, ""4"": 17348, ""5"": 8807}",connected
74799,358,20000,0.050000000000000044,0.036490719122812154,1.2282100652111694,0.0,0.0,0,"{""0"": 10512, ""1"": 12204, ""2"": 13905, ""3"": 11977, ""4"": 17384, ""5"": 8817}",connected
74899,358,20000,0.050000000000000044,0.03465011540800333,1.2282100652111694,0.0,0.0,0,"{""0"": 10514, ""1"": 12230, ""2"": 13940, ""3"": 11984, ""4"": 17408, ""5"": 8823}",connected
74999,360,20000,0.050000000000000044,0.034669803967699406,1.4340300653269515,0.0,0.0,0,"{""0"": 10517, ""1"": 12240, ""2"": 13960, ""3"": 11995, ""4"": 17442, ""5"": 8845}",connected
75099,360,20000,0.050000000000000044,0.03507449850440025,1.4340300653269515,0.0,0.0,0,"{""0"": 10527, ""1"": 12259, ""2"": 13970, ""3"": 12010, ""4"": 17482, ""5"": 8851}",connected
75199,360,20000,0.050000000000000044,0.03710424827411771,1.4340300653269515,0.0,0.0,0,"{""0"": 10549, ""1"": 12271, ""2"": 13989, ""3"": 12021, ""4"": 17513, ""5"": 8856}",connected
75299,360,20000,0.050000000000000044,0.03651492662727833,1.4340300653269515,0.0,0.0,0,"{""0"": 10549, ""1"": 12289, ""2"": 14022, ""3"": 12043, ""4"": 17527, ""5"": 8869}",connected
75399,360,20000,0.050000000000000044,0.03584077352657914,1.4340300653269515,0.0,0.0,0,"{""0"": 10556, ""1"": 12298, ""2"": 14035, ""3"": 12070, ""4"": 17551, ""5"": 8889}",connected
75499,360,20000,0.050000000000000044,0.036741554867476225,1.4340300653269515,0.0,0.0,0,"{""0"": 10556, ""1"": 12299, ""2"": 14038, ""3"": 12097, ""4"": 17579, ""5"": 8930}",connected
75599,360,20000,0.050000000000000044,0.03416660354472697,1.4340300653269515,0.0,0.0,0,"{""0"": 10558, ""1"": 12304, ""2"": 14047, ""3"": 12117, ""4"": 17603, ""5"": 8970}",connected
75699,362,20000,0.050000000000000044,0.03690021716989577,1.4405900654755532,0.0,0.0,0,"{""0"": 10561, ""1"": 12318, ""2"": 14070, ""3"": 12138, ""4"": 17621, ""5"": 8991}",connected
75799,362,20000,0.050000000000000044,0.037906812531873585,1.4405900654755532,0.0,0.0,0,"{""0"": 10567, ""1"": 12334, ""2"": 14071, ""3"": 12165, ""4"": 17653, ""5"": 9009}",connected
75899,362,20000,0.050000000000000044,0.03685089576989412,1.4405900654755532,0.0,0.0,0,"{""0"": 10568, ""1"": 12338, ""2"": 14076, ""3"": 12194, ""4"": 17691, ""5"": 9032}",connected
75999,362,20000,0.050000000000000044,0.03827771962620318,1.4405900654755532,0.0,0.0,0,"{""0"": 10569, ""1"": 12365, ""2"": 14101, ""3"": 12202, ""4"": 17701, ""5"": 9061}",connected
76099,364,20000,0.050000000000000044,0.0392641016561538,1.438260067240335,0.0,0.0,0,"{""0"": 10573, ""1"": 12377, ""2"": 14129, ""3"": 12210, ""4"": 17739, ""5"": 9071}",connected
76199,364,20000,0.050000000000000044,0.04012756452895701,1.438260067240335,0.0,0.0,0,"{""0"": 10580, ""1"": 12385, ""2"": 14129, ""3"": 12214, ""4"": 17796, ""5"": 9095}",connected
76299,364,20000,0.050000000000000044,0.04020246038213372,1.438260067240335,0.0,0.0,0,"{""0"": 10580, ""1"": 12415, ""2"": 14137, ""3"": 12216, ""4"": 17829, ""5"": 9122}",connected
76399,364,20000,0.050000000000000044,0.04204470425844192,1.438260067240335,0.0,0.0,0,"{""0"": 10580, ""1"": 12439, ""2"": 14166, ""3"": 12230, ""4"": 17838, ""5"": 9146}",connected
76499,364,20000,0.050000000000000044,0.03930095383897424,1.438260067240335,0.0,0.0,0,"{""0"": 10586, ""1"": 12471, ""2"": 14183, ""3"": 12234, ""4"": 17852, ""5"": 9173}",connected
76599,364,20000,0.050000000000000044,0.038262336514890194,1.438260067240335,0.0,0.0,0,"{""0"": 10586, ""1"": 12481, ""2"": 14215, ""3"": 12240, ""4"": 17865, ""5"": 9212}",connected
76699,364,20000,0.050000000000000044,0.037592120207846164,1.438260067240335,0.0,0.0,0,"{""0"": 10587, ""1"": 12482, ""2"": 14223, ""3"": 12253, ""4"": 17900, ""5"": 9254}",connected
76799,366,20000,0.050000000000000044,0.03556699709035456,1.3738700632425025,0.0,0.0,0,"{""0"": 10591, ""1"": 12500, ""2"": 14244, ""3"": 12269, ""4"": 17928, ""5"": 9267}",connected
76899,366,20000,0.050000000000000044,0.03417671469971537,1.3738700632425025,0.0,0.0,0,"{""0"": 10597, ""1"": 12521, ""2"": 14261, ""3"": 12285, ""4"": 17948, ""5"": 9287}",connected
76999,366,20000,0.050000000000000044,0.032845039330422876,1.3738700632425025,0.0,0.0,0,"{""0"": 10603, ""1"": 12533, ""2"": 14301, ""3"": 12303, ""4"": 17959, ""5"": 9300}",connected
77099,368,20000,0.050000000000000044,0.033157221572473645,1.3449700622446834,0.0,0.0,0,"{""0"": 10609, ""1"": 12543, ""2"": 14323, ""3"": 12307, ""4"": 18012, ""5"": 9305}",connected
77199,370,20000,0.050000000000000044,0.03206348459236324,1.5203300601802767,0.0,0.0,0,"{""0"": 10612, ""1"": 12565, ""2"": 14350, ""3"": 12313, ""4"": 18045, ""5"": 9314}",connected
77299,370,20000,0.050000000000000044,0.03258755379356444,1.5203300601802767,0.0,0.0,0,"{""0"": 10615, ""1"": 12586, ""2"": 14375, ""3"": 12331, ""4"": 18064, ""5"": 9328}",connected
77399,370,20000,0.050000000000000044,0.03524413817562163,1.5203300601802767,0.0,0.0,0,"{""0"": 10617, ""1"": 12610, ""2"": 14400, ""3"": 12350, ""4"": 18091, ""5"": 9331}",connected
77499,370,20000,0.050000000000000044,0.03644342296756804,1.5203300601802767,0.0,0.0,0,"{""0"": 10619, ""1"": 12647, ""2"": 14429, ""3"": 12369, ""4"": 18103, ""5"": 9332}",connected
77599,370,20000,0.050000000000000044,0.03895549125038087,1.5203300601802767,0.0,0.0,0,"{""0"": 10620, ""1"": 12672, ""2"": 14440, ""3"": 12405, ""4"": 18123, ""5"": 9339}",connected
77699,372,20000,0.050000000000000044,0.041376335863024,1.5108700628299265,0.0,0.0,0,"{""0"": 10623, ""1"": 12692, ""2"": 14458, ""3"": 12420, ""4"": 18153, ""5"": 9353}",connected
77799,372,20000,0.050000000000000044,0.040414897967129944,1.5108700628299265,0.0,0.0,0,"{""0"": 10625, ""1"": 12704, ""2"": 14470, ""3"": 12446, ""4"": 18175, ""5"": 9379}",connected
77899,372,20000,0.050000000000000044,0.03718519507907331,1.5108700628299265,0.0,0.0,0,"{""0"": 10625, ""1"": 12733, ""2"": 14494, ""3"": 12458, ""4"": 18196, ""5"": 9393}",connected
77999,374,20000,0.050000000000000044,0.03815950960852206,1.4861900587193668,0.0,0.0,0,"{""0"": 10634, ""1"": 12739, ""2"": 14535, ""3"": 12470, ""4"": 18221, ""5"": 9400}",connected
78099,374,20000,0.050000000000000044,0.036869600508362056,1.4861900587193668,0.0,0.0,0,"{""0"": 10638, ""1"": 12758, ""2"": 14553, ""3"": 12487, ""4"": 18255, ""5"": 9408}",connected
78199,376,20000,0.050000000000000044,0.037431418485939505,1.4994500607531518,0.0,0.0,0,"{""0"": 10643, ""1"": 12778, ""2"": 14577, ""3"": 12493, ""4"": 18298, ""5"": 9410}",connected
78299,376,20000,0.050000000000000044,0.039931120802648365,1.4994500607531518,0.0,0.0,0,"{""0"": 10645, ""1"": 12810, ""2"": 14578, ""3"": 12525, ""4"": 18331, ""5"": 9410}",connected
78399,376,20000,0.050000000000000044,0.03645689124241471,1.4994500607531518,0.0,0.0,0,"{""0"": 10646, ""1"": 12838, ""2"": 14581, ""3"": 12566, ""4"": 18357, ""5"": 9411}",connected
78499,376,20000,0.050000000000000044,0.03823638727888465,1.4994500607531518,0.0,0.0,0,"{""0"": 10651, ""1"": 12854, ""2"": 14594, ""3"": 12609, ""4"": 18372, ""5"": 9419}",connected
78599,376,20000,0.050000000000000044,0.036243729162961244,1.4994500607531518,0.0,0.0,0,"{""0"": 10658, ""1"": 12864, ""2"": 14640, ""3"": 12614, ""4"": 18403, ""5"": 9420}",connected
78699,376,20000,0.050000000000000044,0.036047928552143275,1.4994500607531518,0.0,0.0,0,"{""0"": 10668, ""1"": 12868, ""2"": 14669, ""3"": 12621, ""4"": 18410, ""5"": 9463}",connected
78799,376,20000,0.050000000000000044,0.03716963523067534,1.4994500607531518,0.0,0.0,0,"{""0"": 10672, ""1"": 12868, ""2"": 14714, ""3"": 12624, ""4"": 18414, ""5"": 9507}",connected
78899,378,20000,0.050000000000000044,0.035179398832842705,1.3290200622705743,0.0,0.0,0,"{""0"": 10680, ""1"": 12874, ""2"": 14752, ""3"": 12626, ""4"": 18434, ""5"": 9533}",connected
78999,378,20000,0.050000000000000044,0.03825734445825219,1.3290200622705743,0.0,0.0,0,"{""0"": 10680, ""1"": 12900, ""2"": 14753, ""3"": 12641, ""4"": 18485, ""5"": 9540}",connected
79099,378,20000,0.050000000000000044,0.037807203959673644,1.3290200622705743,0.0,0.0,0,"{""0"": 10680, ""1"": 12947, ""2"": 14755, ""3"": 12642, ""4"": 18534, ""5"": 9541}",connected
79199,378,20000,0.050000000000000044,0.038564515030011536,1.3290200622705743,0.0,0.0,0,"{""0"": 10682, ""1"": 12978, ""2"": 14763, ""3"": 12648, ""4"": 18587, ""5"": 9541}",connected
79299,380,20000,0.050000000000000044,0.039765246165916326,1.2861600659182295,0.0,0.0,0,"{""0"": 10688, ""1"": 12991, ""2"": 14786, ""3"": 12659, ""4"": 18622, ""5"": 9553}",connected
79399,382,20000,0.050000000000000044,0.03810004341416061,1.2999900658195838,0.0,0.0,0,"{""0"": 10693, ""1"": 13001, ""2"": 14829, ""3"": 12673, ""4"": 18640, ""5"": 9563}",connected
79499,382,20000,0.050000000000000044,0.03913479042239487,1.2999900658195838,0.0,0.0,0,"{""0"": 10702, ""1"": 13024, ""2"": 14847, ""3"": 12692, ""4"": 18671, ""5"": 9563}",connected
79599,384,20000,0.050000000000000044,0.03920064999721944,1.3150300631346181,0.0,0.0,0,"{""0"": 10707, ""1"": 13042, ""2"": 14872, ""3"": 12709, ""4"": 18700, ""5"": 9569}",connected
79699,384,20000,0.050000000000000044,0.03638350979425013,1.3150300631346181,0.0,0.0,0,"{""0"": 10711, ""1"": 13044, ""2"": 14904, ""3"": 12752, ""4"": 18712, ""5"": 9576}",connected
79799,386,20000,0.050000000000000044,0.03468581847846508,1.303660064470023,0.0,0.0,0,"{""0"": 10718, ""1"": 13058, ""2"": 14936, ""3"": 12770, ""4"": 18727, ""5"": 9590}",connected
79899,386,20000,0.050000000000000044,0.0346202630456537,1.303660064470023,0.0,0.0,0,"{""0"": 10724, ""1"": 13077, ""2"": 14940, ""3"": 12779, ""4"": 18775, ""5"": 9604}",connected
79999,386,20000,0.050000000000000044,0.03431438583880663,1.303660064470023,0.0,0.0,0,"{""0"": 10748, ""1"": 13084, ""2"": 14979, ""3"": 12794, ""4"": 18784, ""5"": 9610}",connected
80099,386,20000,0.050000000000000044,0.036988568333908914,1.303660064470023,0.0,0.0,0,"{""0"": 10798, ""1"": 13084, ""2"": 15029, ""3"": 12794, ""4"": 18784, ""5"": 9610}",connected
80199,388,20000,0.050000000000000044,0.038132225638255475,1.4636900658346712,0.0,0.0,0,"{""0"": 10832, ""1"": 13088, ""2"": 15068, ""3"": 12803, ""4"": 18796, ""5"": 9612}",connected
80299,388,20000,0.050000000000000044,0.036724215131253006,1.4636900658346712,0.0,0.0,0,"{""0"": 10838, ""1"": 13101, ""2"": 15077, ""3"": 12815, ""4"": 18833, ""5"": 9635}",connected
80399,388,20000,0.050000000000000044,0.0370903539005667,1.4636900658346712,0.0,0.0,0,"{""0"": 10857, ""1"": 13113, ""2"": 15080, ""3"": 12838, ""4"": 18857, ""5"": 9654}",connected
80499,388,20000,0.050000000000000044,0.035903028892353174,1.4636900658346712,0.0,0.0,0,"{""0"": 10868, ""1"": 13120, ""2"": 15083, ""3"": 12877, ""4"": 18883, ""5"": 9668}",connected
80599,388,20000,0.050000000000000044,0.03739687323570252,1.4636900658346712,0.0,0.0,0,"{""0"": 10870, ""1"": 13146, ""2"": 15100, ""3"": 12885, ""4"": 18892, ""5"": 9706}",connected
80699,388,20000,0.050000000000000044,0.03792088027112186,1.4636900658346712,0.0,0.0,0,"{""0"": 10871, ""1"": 13174, ""2"": 15118, ""3"": 12900, ""4"": 18904, ""5"": 9732}",connected
80799,390,20000,0.050000000000000044,0.036890360955148936,1.5364600690174848,0.0,0.0,0,"{""0"": 10886, ""1"": 13191, ""2"": 15137, ""3"": 12906, ""4"": 18933, ""5"": 9746}",connected
80899,390,20000,0.050000000000000044,0.03582558507099748,1.5364600690174848,0.0,0.0,0,"{""0"": 10893, ""1"": 13210, ""2"": 15160, ""3"": 12916, ""4"": 18951, ""5"": 9769}",connected
80999,392,20000,0.050000000000000044,0.0344888064917177,1.5285400708392263,0.0,0.0,0,"{""0"": 10897, ""1"": 13225, ""2"": 15195, ""3"": 12931, ""4"": 18971, ""5"": 9780}",connected
81099,392,20000,0.050000000000000044,0.03744296656921506,1.5285400708392263,0.0,0.0,0,"{""0"": 10897, ""1"": 13237, ""2"": 15209, ""3"": 12957, ""4"": 19007, ""5"": 9792}",connected
81199,392,20000,0.050000000000000044,0.040015764646232126,1.5285400708392263,0.0,0.0,0,"{""0"": 10900, ""1"": 13249, ""2"": 15247, ""3"": 12973, ""4"": 19026, ""5"": 9804}",connected
81299,392,20000,0.050000000000000044,0.04230481786653399,1.5285400708392263,0.0,0.0,0,"{""0"": 10902, ""1"": 13267, ""2"": 15285, ""3"": 13001, ""4"": 19040, ""5"": 9804}",connected
81399,394,20000,0.050000000000000044,0.04353302700445056,1.6157700686948373,0.0,0.0,0,"{""0"": 10921, ""1"": 13290, ""2"": 15297, ""3"": 13007, ""4"": 19075, ""5"": 9809}",connected
81499,394,20000,0.050000000000000044,0.043400415517389775,1.6157700686948373,0.0,0.0,0,"{""0"": 10925, ""1"": 13300, ""2"": 15324, ""3"": 13019, ""4"": 19110, ""5"": 9821}",connected
81599,396,20000,0.050000000000000044,0.04389249076135457,1.8321400658460334,0.0,0.0,0,"{""0"": 10927, ""1"": 13301, ""2"": 15330, ""3"": 13060, ""4"": 19154, ""5"": 9827}",connected
81699,396,20000,0.050000000000000044,0.04269888718612492,1.8321400658460334,0.0,0.0,0,"{""0"": 10942, ""1"": 13327, ""2"": 15354, ""3"": 13061, ""4"": 19188, ""5"": 9827}",connected
81799,396,20000,0.050000000000000044,0.04401530682109296,1.8321400658460334,0.0,0.0,0,"{""0"": 10956, ""1"": 13340, ""2"": 15380, ""3"": 13097, ""4"": 19194, ""5"": 9832}",connected
81899,396,20000,0.050000000000000044,0.04216761021874845,1.8321400658460334,0.0,0.0,0,"{""0"": 10986, ""1"": 13340, ""2"": 15380, ""3"": 13128, ""4"": 19194, ""5"": 9871}",connected
81999,396,20000,0.050000000000000044,0.042567051388323306,1.8321400658460334,0.0,0.0,0,"{""0"": 10986, ""1"": 13340, ""2"": 15380, ""3"": 13178, ""4"": 19194, ""5"": 9921}",connected
82099,396,20000,0.050000000000000044,0.043335695220157504,1.8321400658460334,0.0,0.0,0,"{""0"": 10986, ""1"": 13340, ""2"": 15380, ""3"": 13228, ""4"": 19194, ""5"": 9971}",connected
82199,398,20000,0.050000000000000044,0.04146940235979855,1.6420300662936642,0.0,0.0,0,"{""0"": 10997, ""1"": 13340, ""2"": 15380, ""3"": 13273, ""4"": 19194, ""5"": 10015}",connected
82299,398,20000,0.050000000000000044,0.03832712277770042,1.6420300662936642,0.0,0.0,0,"{""0"": 11097, ""1"": 13340, ""2"": 15380, ""3"": 13273, ""4"": 19194, ""5"": 10015}",connected
82399,398,20000,0.050000000000000044,0.036135447453707455,1.6420300662936642,0.0,0.0,0,"{""0"": 11197, ""1"": 13340, ""2"": 15380, ""3"": 13273, ""4"": 19194, ""5"": 10015}",connected
82499,398,20000,0.050000000000000044,0.0377651622146368,1.6420300662936642,0.0,0.0,0,"{""0"": 11297, ""1"": 13340, ""2"": 15380, ""3"": 13273, ""4"": 19194, ""5"": 10015}",connected
82599,398,20000,0.050000000000000044,0.03689294055104256,1.6420300662936642,0.0,0.0,0,"{""0"": 11302, ""1"": 13354, ""2"": 15407, ""3"": 13275, ""4"": 19234, ""5"": 10027}",connected
82699,398,20000,0.050000000000000044,0.04017571204341948,1.6420300662936642,0.0,0.0,0,"{""0"": 11302, ""1"": 13367, ""2"": 15436, ""3"": 13275, ""4"": 19292, ""5"": 10027}",connected
82799,398,20000,0.050000000000000044,0.0389214360807091,1.6420300662936642,0.0,0.0,0,"{""0"": 11302, ""1"": 13367, ""2"": 15436, ""3"": 13275, ""4"": 19392, ""5"": 10027}",connected
82899,400,20000,0.050000000000000044,0.03683725131675601,1.543940067095682,0.0,0.0,0,"{""0"": 11304, ""1"": 13384, ""2"": 15450, ""3"": 13275, ""4"": 19459, ""5"": 10027}",connected
82999,400,20000,0.050000000000000044,0.03844010941684246,1.543940067095682,0.0,0.0,0,"{""0"": 11306, ""1"": 13423, ""2"": 15456, ""3"": 13282, ""4"": 19505, ""5"": 10027}",connected
83099,400,20000,0.050000000000000044,0.03772121145389974,1.543940067095682,0.0,0.0,0,"{""0"": 11306, ""1"": 13424, ""2"": 15457, ""3"": 13318, ""4"": 19567, ""5"": 10027}",connected
83199,400,20000,0.050000000000000044,0.038776909206062554,1.543940067095682,0.0,0.0,0,"{""0"": 11308, ""1"": 13430, ""2"": 15468, ""3"": 13360, ""4"": 19597, ""5"": 10036}",connected
83299,400,20000,0.050000000000000044,0.03806423815898597,1.543940067095682,0.0,0.0,0,"{""0"": 11312, ""1"": 13447, ""2"": 15481, ""3"": 13375, ""4"": 19645, ""5"": 10039}",connected
83399,402,20000,0.050000000000000044,0.036838022675365206,1.4726300691906362,0.0,0.0,0,"{""0"": 11323, ""1"": 13475, ""2"": 15504, ""3"": 13375, ""4"": 19670, ""5"": 10052}",connected
83499,402,20000,0.050000000000000044,0.036381561988964674,1.4726300691906362,0.0,0.0,0,"{""0"": 11323, ""1"": 13498, ""2"": 15519, ""3"": 13407, ""4"": 19698, ""5"": 10054}",connected
83599,402,20000,0.050000000000000044,0.03785554300993681,1.4726300691906362,0.0,0.0,0,"{""0"": 11329, ""1"": 13500, ""2"": 15522, ""3"": 13436, ""4"": 19732, ""5"": 10080}",connected
83699,402,20000,0.050000000000000044,0.03896041600964963,1.4726300691906362,0.0,0.0,0,"{""0"": 11332, ""1"": 13524, ""2"": 15545, ""3"": 13441, ""4"": 19737, ""5"": 10120}",connected
83799,402,20000,0.050000000000000044,0.04054483721032739,1.4726300691906362,0.0,0.0,0,"{""0"": 11358, ""1"": 13545, ""2"": 15552, ""3"": 13446, ""4"": 19749, ""5"": 10149}",connected
83899,404,20000,0.050000000000000044,0.04266116359271109,1.398580073285848,0.0,0.0,0,"{""0"": 11391, ""1"": 13575, ""2"": 15565, ""3"": 13448, ""4"": 19760, ""5"": 10160}",connected
83999,404,20000,0.050000000000000044,0.04268108670599759,1.398580073285848,0.0,0.0,0,"{""0"": 11391, ""1"": 13595, ""2"": 15584, ""3"": 13450, ""4"": 19790, ""5"": 10189}",connected
84099,404,20000,0.050000000000000044,0.042451189309358595,1.398580073285848,0.0,0.0,0,"{""0"": 11393, ""1"": 13596, ""2"": 15593, ""3"": 13455, ""4"": 19815, ""5"": 10247}",connected
84199,404,20000,0.050000000000000044,0.04179976432584226,1.398580073285848,0.0,0.0,0,"{""0"": 11393, ""1"": 13606, ""2"": 15631, ""3"": 13475, ""4"": 19843, ""5"": 10251}",connected
84299,404,20000,0.050000000000000044,0.03849204692989588,1.398580073285848,0.0,0.0,0,"{""0"": 11394, ""1"": 13607, ""2"": 15675, ""3"": 13479, ""4"": 19852, ""5"": 10292}",connected
84399,404,20000,0.050000000000000044,0.03809222053736448,1.398580073285848,0.0,0.0,0,"{""0"": 11394, ""1"": 13610, ""2"": 15681, ""3"": 13484, ""4"": 19915, ""5"": 10315}",connected
84499,406,20000,0.050000000000000044,0.03648216444998979,1.2939100755378603,0.0,0.0,0,"{""0"": 11397, ""1"": 13620, ""2"": 15709, ""3"": 13495, ""4"": 19935, ""5"": 10343}",connected
84599,406,20000,0.050000000000000044,0.037160608470439914,1.2939100755378603,0.0,0.0,0,"{""0"": 11398, ""1"": 13655, ""2"": 15735, ""3"": 13510, ""4"": 19951, ""5"": 10350}",connected
84699,406,20000,0.050000000000000044,0.03992220889776945,1.2939100755378603,0.0,0.0,0,"{""0"": 11398, ""1"": 13665, ""2"": 15768, ""3"": 13534, ""4"": 19974, ""5"": 10360}",connected
84799,406,20000,0.050000000000000044,0.037855800548568366,1.2939100755378603,0.0,0.0,0,"{""0"": 11407, ""1"": 13671, ""2"": 15779, ""3"": 13577, ""4"": 20003, ""5"": 10362}",connected
84899,408,20000,0.050000000000000044,0.04023644114844501,1.2793000771431253,0.0,0.0,0,"{""0"": 11414, ""1"": 13678, ""2"": 15797, ""3"": 13580, ""4"": 20062, ""5"": 10368}",connected
84999,408,20000,0.050000000000000044,0.04024169076234102,1.2793000771431253,0.0,0.0,0,"{""0"": 11418, ""1"": 13700, ""2"": 15814, ""3"": 13592, ""4"": 20078, ""5"": 10397}",connected
85099,410,20000,0.050000000000000044,0.03976339500397444,1.3090400725184008,0.0,0.0,0,"{""0"": 11420, ""1"": 13700, ""2"": 15847, ""3"": 13606, ""4"": 20118, ""5"": 10408}",connected
85199,410,20000,0.050000000000000044,0.0409852627851069,1.3090400725184008,0.0,0.0,0,"{""0"": 11420, ""1"": 13700, ""2"": 15897, ""3"": 13606, ""4"": 20168, ""5"": 10408}",connected
85299,410,20000,0.050000000000000044,0.04088922142982483,1.3090400725184008,0.0,0.0,0,"{""0"": 11420, ""1"": 13700, ""2"": 15947, ""3"": 13606, ""4"": 20218, ""5"": 10408}",connected
85399,410,20000,0.050000000000000044,0.040951998857781294,1.3090400725184008,0.0,0.0,0,"{""0"": 11420, ""1"": 13700, ""2"": 15995, ""3"": 13607, ""4"": 20269, ""5"": 10408}",connected
85499,410,20000,0.050000000000000044,0.03823810916393995,1.3090400725184008,0.0,0.0,0,"{""0"": 11424, ""1"": 13719, ""2"": 16018, ""3"": 13611, ""4"": 20306, ""5"": 10421}",connected
85599,410,20000,0.050000000000000044,0.03884710711427033,1.3090400725184008,0.0,0.0,0,"{""0"": 11429, ""1"": 13745, ""2"": 16032, ""3"": 13620, ""4"": 20327, ""5"": 10446}",connected
85699,412,20000,0.050000000000000044,0.036894904430955645,1.3628100696159526,0.0,0.0,0,"{""0"": 11432, ""1"": 13765, ""2"": 16072, ""3"": 13644, ""4"": 20334, ""5"": 10452}",connected
85799,412,20000,0.050000000000000044,0.03564014415256679,1.3628100696159526,0.0,0.0,0,"{""0"": 11433, ""1"": 13791, ""2"": 16094, ""3"": 13648, ""4"": 20373, ""5"": 10460}",connected
85899,412,20000,0.050000000000000044,0.03624568299390376,1.3628100696159526,0.0,0.0,0,"{""0"": 11435, ""1"": 13794, ""2"": 16133, ""3"": 13667, ""4"": 20400, ""5"": 10470}",connected
85999,414,20000,0.050000000000000044,0.03775619080290198,1.4982600668212398,0.0,0.0,0,"{""0"": 11440, ""1"": 13805, ""2"": 16168, ""3"": 13684, ""4"": 20427, ""5"": 10475}",connected
86099,414,20000,0.050000000000000044,0.03828929712995887,1.4982600668212398,0.0,0.0,0,"{""0"": 11441, ""1"": 13839, ""2"": 16202, ""3"": 13697, ""4"": 20440, ""5"": 10480}",connected
86199,416,20000,0.050000000000000044,0.03747120639309287,1.5315000671381132,0.0,0.0,0,"{""0"": 11444, ""1"": 13863, ""2"": 16228, ""3"": 13701, ""4"": 20477, ""5"": 10486}",connected
86299,418,20000,0.050000000000000044,0.03823327586986124,1.593660068223253,0.0,0.0,0,"{""0"": 11447, ""1"": 13877, ""2"": 16260, ""3"": 13712, ""4"": 20503, ""5"": 10500}",connected
86399,420,20000,0.050000000000000044,0.035426903869956734,1.630610067397356,0.0,0.0,0,"{""0"": 11451, ""1"": 13891, ""2"": 16298, ""3"": 13726, ""4"": 20531, ""5"": 10502}",connected
86499,420,20000,0.050000000000000044,0.0351376982126385,1.630610067397356,0.0,0.0,0,"{""0"": 11455, ""1"": 13917, ""2"": 16329, ""3"": 13738, ""4"": 20548, ""5"": 10512}",connected
86599,422,20000,0.050000000000000044,0.03595743464305997,1.640040060756728,0.0,0.0,0,"{""0"": 11461, ""1"": 13940, ""2"": 16369, ""3"": 13742, ""4"": 20569, ""5"": 10518}",connected
86699,422,20000,0.050000000000000044,0.0373509316239506,1.640040060756728,0.0,0.0,0,"{""0"": 11462, ""1"": 13964, ""2"": 16384, ""3"": 13766, ""4"": 20591, ""5"": 10532}",connected
86799,423,20000,0.050000000000000044,0.03665324120782316,1.5757200588751585,0.0,0.0,0,"{""0"": 11463, ""1"": 13991, ""2"": 16434, ""3"": 13782, ""4"": 20593, ""5"": 10536}",connected
86899,424,20000,0.050000000000000044,0.037555838795378806,1.6545100567117332,0.0,0.0,0,"{""0"": 11466, ""1"": 14000, ""2"": 16442, ""3"": 13787, ""4"": 20621, ""5"": 10583}",connected
86999,424,20000,0.050000000000000044,0.03581718432717025,1.6545100567117332,0.0,0.0,0,"{""0"": 11468, ""1"": 14012, ""2"": 16480, ""3"": 13807, ""4"": 20642, ""5"": 10590}",connected
87099,424,20000,0.050000000000000044,0.03424642353318632,1.6545100567117332,0.0,0.0,0,"{""0"": 11468, ""1"": 14028, ""2"": 16528, ""3"": 13817, ""4"": 20652, ""5"": 10606}",connected
87199,424,20000,0.050000000000000044,0.03621215622872114,1.6545100567117332,0.0,0.0,0,"{""0"": 11469, ""1"": 14044, ""2"": 16575, ""3"": 13828, ""4"": 20669, ""5"": 10614}",connected
87299,426,20000,0.050000000000000044,0.037439246335998176,1.5467900583287701,0.0,0.0,0,"{""0"": 11473, ""1"": 14065, ""2"": 16591, ""3"": 13839, ""4"": 20697, ""5"": 10634}",connected
87399,428,20000,0.050000000000000044,0.03769870362244546,1.545870057605207,0.0,0.0,0,"{""0"": 11477, ""1"": 14081, ""2"": 16621, ""3"": 13859, ""4"": 20725, ""5"": 10636}",connected
87499,428,20000,0.050000000000000044,0.036644040560349825,1.545870057605207,0.0,0.0,0,"{""0"": 11477, ""1"": 14101, ""2"": 16644, ""3"": 13871, ""4"": 20762, ""5"": 10644}",connected
87599,428,20000,0.050000000000000044,0.03534824637696147,1.545870057605207,0.0,0.0,0,"{""0"": 11478, ""1"": 14101, ""2"": 16685, ""3"": 13896, ""4"": 20789, ""5"": 10650}",connected
87699,428,20000,0.050000000000000044,0.03208015995100141,1.545870057605207,0.0,0.0,0,"{""0"": 11479, ""1"": 14102, ""2"": 16731, ""3"": 13913, ""4"": 20817, ""5"": 10657}",connected
87799,430,20000,0.050000000000000044,0.03306775877252221,1.5209600590961054,0.0,0.0,0,"{""0"": 11481, ""1"": 14105, ""2"": 16781, ""3"": 13934, ""4"": 20839, ""5"": 10659}",connected
87899,430,20000,0.050000000000000044,0.0352999799977988,1.5209600590961054,0.0,0.0,0,"{""0"": 11483, ""1"": 14138, ""2"": 16797, ""3"": 13937, ""4"": 20876, ""5"": 10668}",connected
87999,430,20000,0.050000000000000044,0.034857706567272544,1.5209600590961054,0.0,0.0,0,"{""0"": 11504, ""1"": 14163, ""2"": 16818, ""3"": 13953, ""4"": 20888, ""5"": 10673}",connected
88099,430,20000,0.050000000000000044,0.03742651347070933,1.5209600590961054,0.0,0.0,0,"{""0"": 11517, ""1"": 14177, ""2"": 16846, ""3"": 13975, ""4"": 20907, ""5"": 10677}",connected
88199,432,20000,0.050000000000000044,0.03781052858568728,1.5363700591214,0.0,0.0,0,"{""0"": 11520, ""1"": 14201, ""2"": 16874, ""3"": 13986, ""4"": 20938, ""5"": 10680}",connected
88299,432,20000,0.050000000000000044,0.037166417334228756,1.5363700591214,0.0,0.0,0,"{""0"": 11520, ""1"": 14212, ""2"": 16918, ""3"": 14004, ""4"": 20951, ""5"": 10694}",connected
88399,432,20000,0.050000000000000044,0.038283524289727214,1.5363700591214,0.0,0.0,0,"{""0"": 11522, ""1"": 14227, ""2"": 16959, ""3"": 14015, ""4"": 20967, ""5"": 10709}",connected
88499,432,20000,0.050000000000000044,0.0379121114499867,1.5363700591214,0.0,0.0,0,"{""0"": 11524, ""1"": 14233, ""2"": 17014, ""3"": 14023, ""4"": 20974, ""5"": 10731}",connected
88599,434,20000,0.050000000000000044,0.038629735289141535,1.6374300563335418,0.0,0.0,0,"{""0"": 11527, ""1"": 14252, ""2"": 17034, ""3"": 14038, ""4"": 21007, ""5"": 10741}",connected
88699,434,20000,0.050000000000000044,0.04011012404225767,1.6374300563335418,0.0,0.0,0,"{""0"": 11540, ""1"": 14299, ""2"": 17058, ""3"": 14041, ""4"": 21017, ""5"": 10744}",connected
88799,434,20000,0.050000000000000044,0.038767789648845793,1.6374300563335418,0.0,0.0,0,"{""0"": 11581, ""1"": 14338, ""2"": 17070, ""3"": 14042, ""4"": 21022, ""5"": 10746}",connected
88899,434,20000,0.050000000000000044,0.036643278282135726,1.6374300563335418,0.0,0.0,0,"{""0"": 11604, ""1"": 14363, ""2"": 17090, ""3"": 14054, ""4"": 21031, ""5"": 10757}",connected
88999,436,20000,0.050000000000000044,0.03646728714928031,1.6105700584920124,0.0,0.0,0,"{""0"": 11610, ""1"": 14384, ""2"": 17114, ""3"": 14063, ""4"": 21060, ""5"": 10768}",connected
89099,436,20000,0.050000000000000044,0.034821367021650076,1.6105700584920124,0.0,0.0,0,"{""0"": 11629, ""1"": 14399, ""2"": 17120, ""3"": 14085, ""4"": 21096, ""5"": 10770}",connected
89199,436,20000,0.050000000000000044,0.0377896448969841,1.6105700584920124,0.0,0.0,0,"{""0"": 11645, ""1"": 14420, ""2"": 17120, ""3"": 14101, ""4"": 21141, ""5"": 10772}",connected
89299,436,20000,0.050000000000000044,0.03932549043558538,1.6105700584920124,0.0,0.0,0,"{""0"": 11668, ""1"": 14447, ""2"": 17123, ""3"": 14122, ""4"": 21166, ""5"": 10773}",connected
89399,436,20000,0.050000000000000044,0.03856955700553954,1.6105700584920124,0.0,0.0,0,"{""0"": 11684, ""1"": 14472, ""2"": 17131, ""3"": 14144, ""4"": 21195, ""5"": 10773}",connected
89499,436,20000,0.050000000000000044,0.039210186675190925,1.6105700584920124,0.0,0.0,0,"{""0"": 11703, ""1"": 14531, ""2"": 17143, ""3"": 14150, ""4"": 21199, ""5"": 10773}",connected
89599,436,20000,0.050000000000000044,0.0359589315019548,1.6105700584920124,0.0,0.0,0,"{""0"": 11729, ""1"": 14564, ""2"": 17155, ""3"": 14164, ""4"": 21212, ""5"": 10775}",connected
89699,438,20000,0.050000000000000044,0.03501333857886493,1.4634200560767203,0.0,0.0,0,"{""0"": 11746, ""1"": 14591, ""2"": 17169, ""3"": 14171, ""4"": 21244, ""5"": 10778}",connected
89799,438,20000,0.050000000000000044,0.03342782074585557,1.4634200560767203,0.0,0.0,0,"{""0"": 11748, ""1"": 14618, ""2"": 17198, ""3"": 14186, ""4"": 21267, ""5"": 10782}",connected
89899,438,20000,0.050000000000000044,0.03371093321591616,1.4634200560767203,0.0,0.0,0,"{""0"": 11758, ""1"": 14652, ""2"": 17232, ""3"": 14190, ""4"": 21284, ""5"": 10783}",connected
89999,438,20000,0.050000000000000044,0.03416382545605302,1.4634200560767203,0.0,0.0,0,"{""0"": 11773, ""1"": 14688, ""2"": 17259, ""3"": 14191, ""4"": 21296, ""5"": 10792}",connected
90099,438,20000,0.050000000000000044,0.03537376476451755,1.4634200560767203,0.0,0.0,0,"{""0"": 11778, ""1"": 14724, ""2"": 17273, ""3"": 14198, ""4"": 21310, ""5"": 10816}",connected
90199,438,20000,0.050000000000000044,0.037369881151244046,1.4634200560767203,0.0,0.0,0,"{""0"": 11798, ""1"": 14725, ""2"": 17300, ""3"": 14238, ""4"": 21310, ""5"": 10828}",connected
90299,438,20000,0.050000000000000044,0.03649588758125901,1.4634200560767203,0.0,0.0,0,"{""0"": 11817, ""1"": 14725, ""2"": 17332, ""3"": 14287, ""4"": 21310, ""5"": 10828}",connected
90399,440,20000,0.050000000000000044,0.03707632584497333,1.3243000603048132,0.0,0.0,0,"{""0"": 11860, ""1"": 14726, ""2"": 17337, ""3"": 14327, ""4"": 21320, ""5"": 10829}",connected
90499,440,20000,0.050000000000000044,0.0354113392252475,1.3243000603048132,0.0,0.0,0,"{""0"": 11860, ""1"": 14759, ""2"": 17382, ""3"": 14328, ""4"": 21333, ""5"": 10837}",connected
90599,440,20000,0.050000000000000044,0.03209929266944528,1.3243000603048132,0.0,0.0,0,"{""0"": 11864, ""1"": 14773, ""2"": 17396, ""3"": 14359, ""4"": 21355, ""5"": 10852}",connected
90699,440,20000,0.050000000000000044,0.03055372822098434,1.3243000603048132,0.0,0.0,0,"{""0"": 11879, ""1"": 14794, ""2"": 17422, ""3"": 14387, ""4"": 21364, ""5"": 10853}",connected
90799,442,20000,0.050000000000000044,0.03016022367402911,1.2971200544992463,0.0,0.0,0,"{""0"": 11881, ""1"": 14815, ""2"": 17464, ""3"": 14393, ""4"": 21388, ""5"": 10858}",connected
90899,442,20000,0.050000000000000044,0.030667165545746684,1.2971200544992463,0.0,0.0,0,"{""0"": 11896, ""1"": 14828, ""2"": 17474, ""3"": 14428, ""4"": 21405, ""5"": 10868}",connected
90999,442,20000,0.050000000000000044,0.03411071509122848,1.2971200544992463,0.0,0.0,0,"{""0"": 11940, ""1"": 14830, ""2"": 17479, ""3"": 14476, ""4"": 21406, ""5"": 10868}",connected
91099,444,20000,0.050000000000000044,0.03387975672725588,1.3017700553452596,0.0,0.0,0,"{""0"": 11944, ""1"": 14852, ""2"": 17508, ""3"": 14484, ""4"": 21433, ""5"": 10878}",connected
91199,446,20000,0.050000000000000044,0.034145951834507283,1.2991000567330047,0.0,0.0,0,"{""0"": 11950, ""1"": 14859, ""2"": 17541, ""3"": 14501, ""4"": 21459, ""5"": 10889}",connected
91299,446,20000,0.050000000000000044,0.03448070857208222,1.2991000567330047,0.0,0.0,0,"{""0"": 11952, ""1"": 14871, ""2"": 17562, ""3"": 14510, ""4"": 21497, ""5"": 10907}",connected
91399,446,20000,0.050000000000000044,0.03230335513595492,1.2991000567330047,0.0,0.0,0,"{""0"": 11952, ""1"": 14874, ""2"": 17563, ""3"": 14511, ""4"": 21522, ""5"": 10977}",connected
91499,446,20000,0.050000000000000044,0.032219567308202385,1.2991000567330047,0.0,0.0,0,"{""0"": 11959, ""1"": 14888, ""2"": 17581, ""3"": 14530, ""4"": 21531, ""5"": 11010}",connected
91599,448,20000,0.050000000000000044,0.03284490549936891,1.23557005811017,0.0,0.0,0,"{""0"": 11963, ""1"": 14910, ""2"": 17604, ""3"": 14535, ""4"": 21569, ""5"": 11018}",connected
91699,450,20000,0.050000000000000044,0.033400312373414634,1.2495100583368912,0.0,0.0,0,"{""0"": 11966, ""1"": 14927, ""2"": 17633, ""3"": 14550, ""4"": 21597, ""5"": 11026}",connected
91799,450,20000,0.050000000000000044,0.03490080926567316,1.2495100583368912,0.0,0.0,0,"{""0"": 11991, ""1"": 14950, ""2"": 17643, ""3"": 14572, ""4"": 21614, ""5"": 11029}",connected
91899,450,20000,0.050000000000000044,0.03599814540706575,1.2495100583368912,0.0,0.0,0,"{""0"": 12041, ""1"": 14978, ""2"": 17644, ""3"": 14590, ""4"": 21616, ""5"": 11030}",connected
91999,450,20000,0.050000000000000044,0.03614929534494877,1.2495100583368912,0.0,0.0,0,"{""0"": 12049, ""1"": 14994, ""2"": 17664, ""3"": 14609, ""4"": 21639, ""5"": 11044}",connected
92099,452,20000,0.050000000000000044,0.03478877461515367,1.3951700557442381,0.0,0.0,0,"{""0"": 12053, ""1"": 15008, ""2"": 17687, ""3"": 14624, ""4"": 21658, ""5"": 11069}",connected
92199,452,20000,0.050000000000000044,0.03409157574176788,1.3951700557442381,0.0,0.0,0,"{""0"": 12055, ""1"": 15032, ""2"": 17718, ""3"": 14627, ""4"": 21684, ""5"": 11083}",connected
92299,452,20000,0.050000000000000044,0.033058648603037,1.3951700557442381,0.0,0.0,0,"{""0"": 12055, ""1"": 15041, ""2"": 17750, ""3"": 14657, ""4"": 21698, ""5"": 11098}",connected
92399,452,20000,0.050000000000000044,0.031654632790014146,1.3951700557442381,0.0,0.0,0,"{""0"": 12064, ""1"": 15061, ""2"": 17772, ""3"": 14670, ""4"": 21719, ""5"": 11113}",connected
92499,452,20000,0.050000000000000044,0.0322469933796674,1.3951700557442381,0.0,0.0,0,"{""0"": 12065, ""1"": 15080, ""2"": 17789, ""3"": 14694, ""4"": 21730, ""5"": 11141}",connected
92599,452,20000,0.050000000000000044,0.03245196588337421,1.3951700557442381,0.0,0.0,0,"{""0"": 12069, ""1"": 15102, ""2"": 17799, ""3"": 14726, ""4"": 21735, ""5"": 11168}",connected
92699,452,20000,0.050000000000000044,0.0331114128511399,1.3951700557442381,0.0,0.0,0,"{""0"": 12069, ""1"": 15124, ""2"": 17811, ""3"": 14759, ""4"": 21735, ""5"": 11201}",connected
92799,452,20000,0.050000000000000044,0.032232774486765266,1.3951700557442381,0.0,0.0,0,"{""0"": 12069, ""1"": 15150, ""2"": 17821, ""3"": 14806, ""4"": 21736, ""5"": 11217}",connected
92899,454,20000,0.050000000000000044,0.03065872016362846,1.1888100575516,0.0,0.0,0,"{""0"": 12077, ""1"": 15168, ""2"": 17833, ""3"": 14822, ""4"": 21773, ""5"": 11226}",connected
92999,454,20000,0.050000000000000044,0.02883708388544619,1.1888100575516,0.0,0.0,0,"{""0"": 12088, ""1"": 15190, ""2"": 17851, ""3"": 14848, ""4"": 21791, ""5"": 11231}",connected
93099,456,20000,0.050000000000000044,0.028889101967215537,1.1867500548111274,0.0,0.0,0,"{""0"": 12090, ""1"": 15211, ""2"": 17878, ""3"": 14864, ""4"": 21817, ""5"": 11239}",connected
93199,456,20000,0.050000000000000044,0.029586952095851302,1.1867500548111274,0.0,0.0,0,"{""0"": 12092, ""1"": 15248, ""2"": 17888, ""3"": 14867, ""4"": 21818, ""5"": 11286}",connected
93299,458,20000,0.050000000000000044,0.03127051246352494,1.1696600524289533,0.0,0.0,0,"{""0"": 12095, ""1"": 15303, ""2"": 17902, ""3"": 14868, ""4"": 21836, ""5"": 11295}",connected
93399,458,20000,0.050000000000000044,0.032470392333343624,1.1696600524289533,0.0,0.0,0,"{""0"": 12098, ""1"": 15347, ""2"": 17910, ""3"": 14870, ""4"": 21867, ""5"": 11307}",connected
93499,458,20000,0.050000000000000044,0.03298820641823113,1.1696600524289533,0.0,0.0,0,"{""0"": 12125, ""1"": 15397, ""2"": 17926, ""3"": 14872, ""4"": 21868, ""5"": 11311}",connected
93599,458,20000,0.050000000000000044,0.031952016530558465,1.1696600524289533,0.0,0.0,0,"{""0"": 12145, ""1"": 15449, ""2"": 17944, ""3"": 14874, ""4"": 21869, ""5"": 11318}",connected
93699,458,20000,0.050000000000000044,0.030863669849932194,1.1696600524289533,0.0,0.0,0,"{""0"": 12159, ""1"": 15486, ""2"": 17958, ""3"": 14890, ""4"": 21887, ""5"": 11319}",connected
93799,460,20000,0.050000000000000044,0.029322778256610036,1.1229600529326127,0.0,0.0,0,"{""0"": 12175, ""1"": 15521, ""2"": 17974, ""3"": 14908, ""4"": 21902, ""5"": 11319}",connected
93899,460,20000,0.050000000000000044,0.028521389234811068,1.1229600529326127,0.0,0.0,0,"{""0"": 12179, ""1"": 15546, ""2"": 17994, ""3"": 14911, ""4"": 21942, ""5"": 11327}",connected
93999,460,20000,0.050000000000000044,0.027794888680800794,1.1229600529326127,0.0,0.0,0,"{""0"": 12200, ""1"": 15567, ""2"": 18009, ""3"": 14927, ""4"": 21967, ""5"": 11329}",connected
94099,460,20000,0.050000000000000044,0.027744293855503203,1.1229600529326127,0.0,0.0,0,"{""0"": 12243, ""1"": 15610, ""2"": 18017, ""3"": 14927, ""4"": 21971, ""5"": 11331}",connected
94199,460,20000,0.050000000000000044,0.028205547807738186,1.1229600529326127,0.0,0.0,0,"{""0"": 12265, ""1"": 15658, ""2"": 18040, ""3"": 14930, ""4"": 21974, ""5"": 11332}",connected
94299,462,20000,0.050000000000000044,0.02742402127943933,1.2499000523006543,0.0,0.0,0,"{""0"": 12272, ""1"": 15680, ""2"": 18058, ""3"": 14953, ""4"": 22003, ""5"": 11333}",connected
94399,462,20000,0.050000000000000044,0.02933928740210831,1.2499000523006543,0.0,0.0,0,"{""0"": 12275, ""1"": 15704, ""2"": 18061, ""3"": 14954, ""4"": 22037, ""5"": 11368}",connected
94499,462,20000,0.050000000000000044,0.029884770726785064,1.2499000523006543,0.0,0.0,0,"{""0"": 12277, ""1"": 15752, ""2"": 18062, ""3"": 14956, ""4"": 22084, ""5"": 11368}",connected
94599,462,20000,0.050000000000000044,0.031056534443050624,1.2499000523006543,0.0,0.0,0,"{""0"": 12285, ""1"": 15770, ""2"": 18078, ""3"": 14965, ""4"": 22128, ""5"": 11373}",connected
94699,464,20000,0.050000000000000044,0.032887169979512694,1.3232400545012206,0.0,0.0,0,"{""0"": 12296, ""1"": 15788, ""2"": 18099, ""3"": 14989, ""4"": 22150, ""5"": 11377}",connected
94799,464,20000,0.050000000000000044,0.03150379397906363,1.3232400545012206,0.0,0.0,0,"{""0"": 12299, ""1"": 15801, ""2"": 18119, ""3"": 15002, ""4"": 22180, ""5"": 11398}",connected
94899,466,20000,0.050000000000000044,0.030774673325940968,1.4244400538457558,0.0,0.0,0,"{""0"": 12307, ""1"": 15823, ""2"": 18150, ""3"": 15015, ""4"": 22196, ""5"": 11408}",connected
94999,466,20000,0.050000000000000044,0.029329335689544676,1.4244400538457558,0.0,0.0,0,"{""0"": 12312, ""1"": 15844, ""2"": 18166, ""3"": 15043, ""4"": 22216, ""5"": 11418}",connected
95099,466,20000,0.050000000000000044,0.029008340183645488,1.4244400538457558,0.0,0.0,0,"{""0"": 12325, ""1"": 15850, ""2"": 18166, ""3"": 15084, ""4"": 22253, ""5"": 11421}",connected
95199,466,20000,0.050000000000000044,0.02957575025036931,1.4244400538457558,0.0,0.0,0,"{""0"": 12342, ""1"": 15874, ""2"": 18172, ""3"": 15097, ""4"": 22285, ""5"": 11429}",connected
95299,466,20000,0.050000000000000044,0.030411942936480044,1.4244400538457558,0.0,0.0,0,"{""0"": 12363, ""1"": 15923, ""2"": 18191, ""3"": 15099, ""4"": 22289, ""5"": 11434}",connected
95399,468,20000,0.050000000000000044,0.03318944124504924,1.404530054652132,0.0,0.0,0,"{""0"": 12369, ""1"": 15943, ""2"": 18208, ""3"": 15111, ""4"": 22323, ""5"": 11445}",connected
95499,468,20000,0.050000000000000044,0.0321702416241169,1.404530054652132,0.0,0.0,0,"{""0"": 12369, ""1"": 15978, ""2"": 18230, ""3"": 15119, ""4"": 22348, ""5"": 11455}",connected
95599,470,20000,0.050000000000000044,0.0325264204852283,1.4090800545876845,0.0,0.0,0,"{""0"": 12373, ""1"": 16003, ""2"": 18253, ""3"": 15131, ""4"": 22376, ""5"": 11463}",connected
95699,470,20000,0.050000000000000044,0.03139057142660022,1.4090800545876845,0.0,0.0,0,"{""0"": 12373, ""1"": 16060, ""2"": 18255, ""3"": 15131, ""4"": 22406, ""5"": 11474}",connected
95799,470,20000,0.050000000000000044,0.027693136436864732,1.4090800545876845,0.0,0.0,0,"{""0"": 12383, ""1"": 16130, ""2"": 18255, ""3"": 15132, ""4"": 22417, ""5"": 11482}",connected
95899,470,20000,0.050000000000000044,0.02850950464606285,1.4090800545876845,0.0,0.0,0,"{""0"": 12422, ""1"": 16174, ""2"": 18255, ""3"": 15135, ""4"": 22430, ""5"": 11483}",connected
95999,470,20000,0.050000000000000044,0.028166212290525437,1.4090800545876845,0.0,0.0,0,"{""0"": 12467, ""1"": 16226, ""2"": 18256, ""3"": 15135, ""4"": 22430, ""5"": 11485}",connected
96099,470,20000,0.050000000000000044,0.028019530959427358,1.4090800545876845,0.0,0.0,0,"{""0"": 12480, ""1"": 16289, ""2"": 18264, ""3"": 15142, ""4"": 22438, ""5"": 11486}",connected
96199,470,20000,0.050000000000000044,0.03104927409440279,1.4090800545876845,0.0,0.0,0,"{""0"": 12483, ""1"": 16371, ""2"": 18273, ""3"": 15145, ""4"": 22441, ""5"": 11486}",connected
96299,472,20000,0.050000000000000044,0.030499173020944,1.2680100526614115,0.0,0.0,0,"{""0"": 12488, ""1"": 16422, ""2"": 18281, ""3"": 15151, ""4"": 22468, ""5"": 11489}",connected
96399,472,20000,0.050000000000000044,0.02897904855199158,1.2680100526614115,0.0,0.0,0,"{""0"": 12488, ""1"": 16427, ""2"": 18291, ""3"": 15162, ""4"": 22511, ""5"": 11520}",connected
96499,472,20000,0.050000000000000044,0.02923722393810749,1.2680100526614115,0.0,0.0,0,"{""0"": 12496, ""1"": 16448, ""2"": 18303, ""3"": 15168, ""4"": 22547, ""5"": 11537}",connected
96599,472,20000,0.050000000000000044,0.026435710107907653,1.2680100526614115,0.0,0.0,0,"{""0"": 12524, ""1"": 16496, ""2"": 18322, ""3"": 15169, ""4"": 22551, ""5"": 11537}",connected
96699,472,20000,0.050000000000000044,0.02574436543509364,1.2680100526614115,0.0,0.0,0,"{""0"": 12559, ""1"": 16541, ""2"": 18340, ""3"": 15169, ""4"": 22552, ""5"": 11538}",connected
96799,472,20000,0.050000000000000044,0.027310796873643996,1.2680100526614115,0.0,0.0,0,"{""0"": 12575, ""1"": 16586, ""2"": 18358, ""3"": 15174, ""4"": 22561, ""5"": 11545}",connected
96899,472,20000,0.050000000000000044,0.027960881628096103,1.2680100526614115,0.0,0.0,0,"{""0"": 12582, ""1"": 16644, ""2"": 18375, ""3"": 15181, ""4"": 22572, ""5"": 11545}",connected
96999,474,20000,0.050000000000000044,0.029996806951239706,1.2018600560957566,0.0,0.0,0,"{""0"": 12592, ""1"": 16664, ""2"": 18398, ""3"": 15197, ""4"": 22598, ""5"": 11550}",connected
97099,474,20000,0.050000000000000044,0.030782952979207037,1.2018600560957566,0.0,0.0,0,"{""0"": 12605, ""1"": 16682, ""2"": 18420, ""3"": 15203, ""4"": 22624, ""5"": 11565}",connected
97199,474,20000,0.050000000000000044,0.03185282170772553,1.2018600560957566,0.0,0.0,0,"{""0"": 12635, ""1"": 16689, ""2"": 18457, ""3"": 15210, ""4"": 22633, ""5"": 11575}",connected
97299,476,20000,0.050000000000000044,0.03168343545868993,1.1719700530311092,0.0,0.0,0,"{""0"": 12650, ""1"": 16697, ""2"": 18486, ""3"": 15212, ""4"": 22668, ""5"": 11586}",connected
97399,476,20000,0.050000000000000044,0.03147735200822353,1.1719700530311092,0.0,0.0,0,"{""0"": 12651, ""1"": 16700, ""2"": 18493, ""3"": 15220, ""4"": 22717, ""5"": 11618}",connected
97499,476,20000,0.050000000000000044,0.0321024923864752,1.1719700530311092,0.0,0.0,0,"{""0"": 12660, ""1"": 16708, ""2"": 18494, ""3"": 15240, ""4"": 22742, ""5"": 11655}",connected
97599,478,20000,0.050000000000000044,0.0301280861441046,1.35272005031351,0.0,0.0,0,"{""0"": 12682, ""1"": 16726, ""2"": 18510, ""3"": 15252, ""4"": 22764, ""5"": 11665}",connected
97699,478,20000,0.050000000000000044,0.03085759171284735,1.35272005031351,0.0,0.0,0,"{""0"": 12685, ""1"": 16772, ""2"": 18515, ""3"": 15258, ""4"": 22790, ""5"": 11679}",connected
97799,478,20000,0.050000000000000044,0.03056065635755658,1.35272005031351,0.0,0.0,0,"{""0"": 12686, ""1"": 16827, ""2"": 18536, ""3"": 15264, ""4"": 22805, ""5"": 11681}",connected
97899,478,20000,0.050000000000000044,0.029478672556579114,1.35272005031351,0.0,0.0,0,"{""0"": 12710, ""1"": 16850, ""2"": 18552, ""3"": 15273, ""4"": 22833, ""5"": 11681}",connected
97999,478,20000,0.050000000000000044,0.03009751687757671,1.35272005031351,0.0,0.0,0,"{""0"": 12745, ""1"": 16859, ""2"": 18560, ""3"": 15276, ""4"": 22873, ""5"": 11686}",connected
98099,480,20000,0.050000000000000044,0.02981960590928793,1.3355800473736599,0.0,0.0,0,"{""0"": 12747, ""1"": 16886, ""2"": 18574, ""3"": 15287, ""4"": 22904, ""5"": 11701}",connected
98199,480,20000,0.050000000000000044,0.030362107176333666,1.3355800473736599,0.0,0.0,0,"{""0"": 12757, ""1"": 16900, ""2"": 18581, ""3"": 15310, ""4"": 22942, ""5"": 11709}",connected
98299,480,20000,0.050000000000000044,0.030872110845521092,1.3355800473736599,0.0,0.0,0,"{""0"": 12773, ""1"": 16926, ""2"": 18606, ""3"": 15317, ""4"": 22963, ""5"": 11714}",connected
98399,482,20000,0.050000000000000044,0.031579348128288984,1.3333900493616238,0.0,0.0,0,"{""0"": 12789, ""1"": 16951, ""2"": 18627, ""3"": 15327, ""4"": 22984, ""5"": 11721}",connected
98499,482,20000,0.050000000000000044,0.03135378042235971,1.3333900493616238,0.0,0.0,0,"{""0"": 12819, ""1"": 16957, ""2"": 18645, ""3"": 15337, ""4"": 22996, ""5"": 11745}",connected
98599,482,20000,0.050000000000000044,0.029788906862959267,1.3333900493616238,0.0,0.0,0,"{""0"": 12836, ""1"": 16960, ""2"": 18648, ""3"": 15352, ""4"": 23013, ""5"": 11790}",connected
98699,484,20000,0.050000000000000044,0.03176166390068829,1.2689800476236268,0.0,0.0,0,"{""0"": 12838, ""1"": 16978, ""2"": 18676, ""3"": 15362, ""4"": 23043, ""5"": 11802}",connected
98799,484,20000,0.050000000000000044,0.03081309304572642,1.2689800476236268,0.0,0.0,0,"{""0"": 12838, ""1"": 16982, ""2"": 18714, ""3"": 15362, ""4"": 23050, ""5"": 11853}",connected
98899,486,20000,0.050000000000000044,0.03019459224306047,1.2365200477931648,0.0,0.0,0,"{""0"": 12842, ""1"": 16997, ""2"": 18743, ""3"": 15379, ""4"": 23075, ""5"": 11863}",connected
98999,486,20000,0.050000000000000044,0.033131275605410335,1.2365200477931648,0.0,0.0,0,"{""0"": 12856, ""1"": 17031, ""2"": 18754, ""3"": 15381, ""4"": 23107, ""5"": 11870}",connected
99099,486,20000,0.050000000000000044,0.030582962017506363,1.2365200477931648,0.0,0.0,0,"{""0"": 12880, ""1"": 17062, ""2"": 18771, ""3"": 15387, ""4"": 23116, ""5"": 11883}",connected
99199,486,20000,0.050000000000000044,0.03132061198353767,1.2365200477931648,0.0,0.0,0,"{""0"": 12903, ""1"": 17089, ""2"": 18784, ""3"": 15398, ""4"": 23136, ""5"": 11889}",connected
99299,486,20000,0.050000000000000044,0.03284073094837368,1.2365200477931648,0.0,0.0,0,"{""0"": 12922, ""1"": 17122, ""2"": 18798, ""3"": 15407, ""4"": 23159, ""5"": 11891}",connected
99399,486,20000,0.050000000000000044,0.031592375058680774,1.2365200477931648,0.0,0.0,0,"{""0"": 12926, ""1"": 17149, ""2"": 18807, ""3"": 15434, ""4"": 23190, ""5"": 11893}",connected
99499,488,20000,0.050000000000000044,0.03157242372632027,1.2062300458550452,0.0,0.0,0,"{""0"": 12929, ""1"": 17175, ""2"": 18829, ""3"": 15453, ""4"": 23219, ""5"": 11894}",connected
99599,488,20000,0.050000000000000044,0.03151841181330383,1.2062300458550452,0.0,0.0,0,"{""0"": 12938, ""1"": 17202, ""2"": 18842, ""3"": 15460, ""4"": 23250, ""5"": 11907}",connected
99699,490,20000,0.050000000000000044,0.029969032844528554,1.1482200430799276,0.0,0.0,0,"{""0"": 12952, ""1"": 17217, ""2"": 18865, ""3"": 15476, ""4"": 23276, ""5"": 11913}",connected
99799,490,20000,0.050000000000000044,0.029163611009716987,1.1482200430799276,0.0,0.0,0,"{""0"": 12958, ""1"": 17245, ""2"": 18880, ""3"": 15490, ""4"": 23303, ""5"": 11923}",connected
99899,490,20000,0.050000000000000044,0.02962369589135051,1.1482200430799276,0.0,0.0,0,"{""0"": 12984, ""1"": 17263, ""2"": 18920, ""3"": 15500, ""4"": 23309, ""5"": 11923}",connected
99999,490,20000,0.050000000000000044,0.02969473081640899,1.1482200430799276,0.0,0.0,0,"{""0"": 12992, ""1"": 17277, ""2"": 18945, ""3"": 15519, ""4"": 23320, ""5"": 11946}",connected
100099,492,20000,0.050000000000000044,0.03085618623532355,1.1495000424981117,0.0,0.0,0,"{""0"": 13019, ""1"": 17286, ""2"": 18962, ""3"": 15523, ""4"": 23345, ""5"": 11964}",connected
100199,492,20000,0.050000000000000044,0.031422615721821784,1.1495000424981117,0.0,0.0,0,"{""0"": 13034, ""1"": 17309, ""2"": 18973, ""3"": 15524, ""4"": 23383, ""5"": 11976}",connected
100299,494,20000,0.050000000000000044,0.031460275566205384,1.213190046325326,0.0,0.0,0,"{""0"": 13056, ""1"": 17318, ""2"": 19004, ""3"": 15535, ""4"": 23405, ""5"": 11981}",connected
100399,494,20000,0.050000000000000044,0.03139352671802044,1.213190046325326,0.0,0.0,0,"{""0"": 13071, ""1"": 17340, ""2"": 19027, ""3"": 15540, ""4"": 23434, ""5"": 11987}",connected
100499,494,20000,0.050000000000000044,0.02941316637210548,1.213190046325326,0.0,0.0,0,"{""0"": 13083, ""1"": 17383, ""2"": 19039, ""3"": 15544, ""4"": 23455, ""5"": 11995}",connected
100599,494,20000,0.050000000000000044,0.027449478777125478,1.213190046325326,0.0,0.0,0,"{""0"": 13105, ""1"": 17412, ""2"": 19051, ""3"": 15555, ""4"": 23473, ""5"": 12003}",connected
100699,494,20000,0.050000000000000044,0.026653359811753034,1.213190046325326,0.0,0.0,0,"{""0"": 13113, ""1"": 17451, ""2"": 19068, ""3"": 15571, ""4"": 23491, ""5"": 12005}",connected
100799,494,20000,0.050000000000000044,0.025756498724222185,1.213190046325326,0.0,0.0,0,"{""0"": 13116, ""1"": 17483, ""2"": 19085, ""3"": 15593, ""4"": 23514, ""5"": 12008}",connected
100899,496,20000,0.050000000000000044,0.026719649615697564,1.2114800518518314,0.0,0.0,0,"{""0"": 13121, ""1"": 17502, ""2"": 19107, ""3"": 15600, ""4"": 23549, ""5"": 12020}",connected
100999,496,20000,0.050000000000000044,0.027406669608317315,1.2114800518518314,0.0,0.0,0,"{""0"": 13125, ""1"": 17517, ""2"": 19153, ""3"": 15618, ""4"": 23561, ""5"": 12025}",connected
101099,496,20000,0.050000000000000044,0.029004220715723932,1.2114800518518314,0.0,0.0,0,"{""0"": 13131, ""1"": 17536, ""2"": 19203, ""3"": 15628, ""4"": 23572, ""5"": 12029}",connected
101199,496,20000,0.050000000000000044,0.030602119476534427,1.2114800518518314,0.0,0.0,0,"{""0"": 13133, ""1"": 17561, ""2"": 19268, ""3"": 15629, ""4"": 23573, ""5"": 12035}",connected
101299,498,20000,0.050000000000000044,0.029906681319698692,1.3716300513688475,0.0,0.0,0,"{""0"": 13135, ""1"": 17575, ""2"": 19294, ""3"": 15633, ""4"": 23617, ""5"": 12045}",connected
101399,498,20000,0.050000000000000044,0.03063156391493976,1.3716300513688475,0.0,0.0,0,"{""0"": 13169, ""1"": 17588, ""2"": 19336, ""3"": 15641, ""4"": 23619, ""5"": 12046}",connected
101499,500,20000,0.050000000000000044,0.029867995250970125,1.4940800504572689,0.0,0.0,0,"{""0"": 13190, ""1"": 17605, ""2"": 19373, ""3"": 15642, ""4"": 23641, ""5"": 12048}",connected
101599,500,20000,0.050000000000000044,0.02823801198042929,1.4940800504572689,0.0,0.0,0,"{""0"": 13195, ""1"": 17627, ""2"": 19386, ""3"": 15655, ""4"": 23668, ""5"": 12068}",connected
101699,500,20000,0.050000000000000044,0.02830195895396173,1.4940800504572689,0.0,0.0,0,"{""0"": 13196, ""1"": 17630, ""2"": 19388, ""3"": 15678, ""4"": 23693, ""5"": 12114}",connected
101799,500,20000,0.050000000000000044,0.027282219231128692,1.4940800504572689,0.0,0.0,0,"{""0"": 13208, ""1"": 17641, ""2"": 19389, ""3"": 15697, ""4"": 23719, ""5"": 12145}",connected
101899,500,20000,0.050000000000000044,0.026404975140467288,1.4940800504572689,0.0,0.0,0,"{""0"": 13214, ""1"": 17653, ""2"": 19400, ""3"": 15716, ""4"": 23751, ""5"": 12165}",connected
101999,502,20000,0.050000000000000044,0.026522419000975787,1.5494100529002026,0.0,0.0,0,"{""0"": 13220, ""1"": 17668, ""2"": 19415, ""3"": 15725, ""4"": 23790, ""5"": 12181}",connected
102099,502,20000,0.050000000000000044,0.028723034509457648,1.5494100529002026,0.0,0.0,0,"{""0"": 13224, ""1"": 17695, ""2"": 19444, ""3"": 15733, ""4"": 23803, ""5"": 12200}",connected
102199,502,20000,0.050000000000000044,0.030157471415586768,1.5494100529002026,0.0,0.0,0,"{""0"": 13231, ""1"": 17713, ""2"": 19450, ""3"": 15742, ""4"": 23857, ""5"": 12206}",connected
102299,502,20000,0.050000000000000044,0.03074662312399596,1.5494100529002026,0.0,0.0,0,"{""0"": 13234, ""1"": 17759, ""2"": 19465, ""3"": 15743, ""4"": 23890, ""5"": 12208}",connected
102399,502,20000,0.050000000000000044,0.03252144679427147,1.5494100529002026,0.0,0.0,0,"{""0"": 13240, ""1"": 17795, ""2"": 19478, ""3"": 15744, ""4"": 23930, ""5"": 12212}",connected
102499,502,20000,0.050000000000000044,0.031706858426332474,1.5494100529002026,0.0,0.0,0,"{""0"": 13241, ""1"": 17826, ""2"": 19494, ""3"": 15745, ""4"": 23980, ""5"": 12213}",connected
102599,502,20000,0.050000000000000044,0.031098923133686184,1.5494100529002026,0.0,0.0,0,"{""0"": 13242, ""1"": 17860, ""2"": 19510, ""3"": 15747, ""4"": 24024, ""5"": 12216}",connected
102699,504,20000,0.050000000000000044,0.031219075936824082,1.5122300510620699,0.0,0.0,0,"{""0"": 13249, ""1"": 17893, ""2"": 19527, ""3"": 15751, ""4"": 24063, ""5"": 12216}",connected
102799,504,20000,0.050000000000000044,0.029314866624772548,1.5122300510620699,0.0,0.0,0,"{""0"": 13254, ""1"": 17943, ""2"": 19533, ""3"": 15761, ""4"": 24088, ""5"": 12220}",connected
102899,504,20000,0.050000000000000044,0.02803028844296932,1.5122300510620699,0.0,0.0,0,"{""0"": 13266, ""1"": 17980, ""2"": 19556, ""3"": 15773, ""4"": 24104, ""5"": 12220}",connected
102999,504,20000,0.050000000000000044,0.027811073334887623,1.5122300510620699,0.0,0.0,0,"{""0"": 13277, ""1"": 18020, ""2"": 19566, ""3"": 15792, ""4"": 24124, ""5"": 12220}",connected
103099,506,20000,0.050000000000000044,0.026281753266230227,1.571920053018257,0.0,0.0,0,"{""0"": 13293, ""1"": 18051, ""2"": 19577, ""3"": 15808, ""4"": 24147, ""5"": 12223}",connected
103199,506,20000,0.050000000000000044,0.028036744026467206,1.571920053018257,0.0,0.0,0,"{""0"": 13298, ""1"": 18061, ""2"": 19593, ""3"": 15814, ""4"": 24194, ""5"": 12239}",connected
103299,506,20000,0.050000000000000044,0.03112865477800369,1.571920053018257,0.0,0.0,0,"{""0"": 13326, ""1"": 18071, ""2"": 19615, ""3"": 15832, ""4"": 24216, ""5"": 12239}",connected
103399,506,20000,0.050000000000000044,0.03286545262672007,1.571920053018257,0.0,0.0,0,"{""0"": 13350, ""1"": 18083, ""2"": 19631, ""3"": 15851, ""4"": 24242, ""5"": 12242}",connected
103499,508,20000,0.050000000000000044,0.03241464494727552,1.5626800529565663,0.0,0.0,0,"{""0"": 13375, ""1"": 18094, ""2"": 19659, ""3"": 15867, ""4"": 24257, ""5"": 12247}",connected
103599,508,20000,0.050000000000000044,0.032065916638821364,1.5626800529565663,0.0,0.0,0,"{""0"": 13387, ""1"": 18112, ""2"": 19674, ""3"": 15880, ""4"": 24293, ""5"": 12253}",connected
103699,508,20000,0.050000000000000044,0.029350084527395667,1.5626800529565663,0.0,0.0,0,"{""0"": 13406, ""1"": 18117, ""2"": 19707, ""3"": 15912, ""4"": 24301, ""5"": 12256}",connected
103799,510,20000,0.050000000000000044,0.025682719382457433,1.6076500538922847,0.0,0.0,0,"{""0"": 13424, ""1"": 18134, ""2"": 19741, ""3"": 15923, ""4"": 24318, ""5"": 12259}",connected
103899,510,20000,0.050000000000000044,0.024866495835594832,1.6076500538922847,0.0,0.0,0,"{""0"": 13427, ""1"": 18144, ""2"": 19749, ""3"": 15942, ""4"": 24372, ""5"": 12265}",connected
103999,510,20000,0.050000000000000044,0.024150381279177964,1.6076500538922847,0.0,0.0,0,"{""0"": 13433, ""1"": 18151, ""2"": 19769, ""3"": 15975, ""4"": 24394, ""5"": 12277}",connected
104099,510,20000,0.050000000000000044,0.02405155128799379,1.6076500538922847,0.0,0.0,0,"{""0"": 13457, ""1"": 18163, ""2"": 19807, ""3"": 15988, ""4"": 24407, ""5"": 12277}",connected
104199,512,20000,0.050000000000000044,0.026501497933641077,1.6954800529126077,0.0,0.0,0,"{""0"": 13470, ""1"": 18172, ""2"": 19851, ""3"": 16002, ""4"": 24425, ""5"": 12279}",connected
104299,512,20000,0.050000000000000044,0.028197020394727587,1.6954800529126077,0.0,0.0,0,"{""0"": 13472, ""1"": 18200, ""2"": 19866, ""3"": 16005, ""4"": 24466, ""5"": 12290}",connected
104399,512,20000,0.050000000000000044,0.0280547805596143,1.6954800529126077,0.0,0.0,0,"{""0"": 13500, ""1"": 18206, ""2"": 19874, ""3"": 16044, ""4"": 24483, ""5"": 12292}",connected
104499,512,20000,0.050000000000000044,0.027340732337906955,1.6954800529126077,0.0,0.0,0,"{""0"": 13513, ""1"": 18239, ""2"": 19883, ""3"": 16055, ""4"": 24509, ""5"": 12300}",connected
104599,514,20000,0.050000000000000044,0.0260579186771065,1.6968800510140136,0.0,0.0,0,"{""0"": 13553, ""1"": 18259, ""2"": 19898, ""3"": 16066, ""4"": 24523, ""5"": 12300}",connected
104699,514,20000,0.050000000000000044,0.02596016596071422,1.6968800510140136,0.0,0.0,0,"{""0"": 13555, ""1"": 18289, ""2"": 19903, ""3"": 16066, ""4"": 24576, ""5"": 12310}",connected
104799,514,20000,0.050000000000000044,0.02647983679547906,1.6968800510140136,0.0,0.0,0,"{""0"": 13556, ""1"": 18304, ""2"": 19934, ""3"": 16082, ""4"": 24609, ""5"": 12314}",connected
104899,514,20000,0.050000000000000044,0.02860967240296304,1.6968800510140136,0.0,0.0,0,"{""0"": 13569, ""1"": 18319, ""2"": 19976, ""3"": 16095, ""4"": 24623, ""5"": 12317}",connected
104999,514,20000,0.050000000000000044,0.02855110915377736,1.6968800510140136,0.0,0.0,0,"{""0"": 13582, ""1"": 18330, ""2"": 20027, ""3"": 16103, ""4"": 24627, ""5"": 12330}",connected
105099,516,20000,0.050000000000000044,0.029202605597674847,1.6579700490972027,0.0,0.0,0,"{""0"": 13585, ""1"": 18342, ""2"": 20048, ""3"": 16117, ""4"": 24658, ""5"": 12349}",connected
105199,516,20000,0.050000000000000044,0.028084017392247914,1.6579700490972027,0.0,0.0,0,"{""0"": 13609, ""1"": 18363, ""2"": 20072, ""3"": 16125, ""4"": 24678, ""5"": 12352}",connected
105299,516,20000,0.050000000000000044,0.027434688759967685,1.6579700490972027,0.0,0.0,0,"{""0"": 13618, ""1"": 18374, ""2"": 20113, ""3"": 16143, ""4"": 24695, ""5"": 12356}",connected
105399,518,20000,0.050000000000000044,0.028132906649261713,1.6412000497290864,0.0,0.0,0,"{""0"": 13625, ""1"": 18382, ""2"": 20135, ""3"": 16156, ""4"": 24741, ""5"": 12360}",connected
105499,518,20000,0.050000000000000044,0.029404919231310486,1.6412000497290864,0.0,0.0,0,"{""0"": 13646, ""1"": 18395, ""2"": 20158, ""3"": 16174, ""4"": 24760, ""5"": 12366}",connected
105599,518,20000,0.050000000000000044,0.029918175423517823,1.6412000497290864,0.0,0.0,0,"{""0"": 13655, ""1"": 18418, ""2"": 20175, ""3"": 16194, ""4"": 24788, ""5"": 12369}",connected
105699,518,20000,0.050000000000000044,0.028928120490163564,1.6412000497290864,0.0,0.0,0,"{""0"": 13659, ""1"": 18434, ""2"": 20235, ""3"": 16201, ""4"": 24795, ""5"": 12375}",connected
105799,520,20000,0.050000000000000044,0.028995006107725204,1.5776000523474067,0.0,0.0,0,"{""0"": 13664, ""1"": 18445, ""2"": 20267, ""3"": 16224, ""4"": 24820, ""5"": 12379}",connected
105899,520,20000,0.050000000000000044,0.02829522480722517,1.5776000523474067,0.0,0.0,0,"{""0"": 13679, ""1"": 18457, ""2"": 20291, ""3"": 16234, ""4"": 24838, ""5"": 12400}",connected
105999,522,20000,0.050000000000000044,0.028980724322609605,1.5651400521490724,0.0,0.0,0,"{""0"": 13714, ""1"": 18469, ""2"": 20313, ""3"": 16251, ""4"": 24851, ""5"": 12401}",connected
106099,522,20000,0.050000000000000044,0.029024821943603455,1.5651400521490724,0.0,0.0,0,"{""0"": 13725, ""1"": 18494, ""2"": 20331, ""3"": 16256, ""4"": 24884, ""5"": 12409}",connected
106199,522,20000,0.050000000000000044,0.02826185129582882,1.5651400521490724,0.0,0.0,0,"{""0"": 13733, ""1"": 18531, ""2"": 20334, ""3"": 16272, ""4"": 24911, ""5"": 12418}",connected
106299,522,20000,0.050000000000000044,0.027864469196647406,1.5651400521490724,0.0,0.0,0,"{""0"": 13741, ""1"": 18546, ""2"": 20373, ""3"": 16289, ""4"": 24930, ""5"": 12420}",connected
106399,522,20000,0.050000000000000044,0.027266231579706073,1.5651400521490724,0.0,0.0,0,"{""0"": 13748, ""1"": 18558, ""2"": 20399, ""3"": 16319, ""4"": 24955, ""5"": 12420}",connected
106499,522,20000,0.050000000000000044,0.02707256921567023,1.5651400521490724,0.0,0.0,0,"{""0"": 13749, ""1"": 18562, ""2"": 20407, ""3"": 16342, ""4"": 25018, ""5"": 12421}",connected
106599,524,20000,0.050000000000000044,0.02539499629288912,1.5076800518203526,0.0,0.0,0,"{""0"": 13754, ""1"": 18569, ""2"": 20421, ""3"": 16359, ""4"": 25074, ""5"": 12422}",connected
106699,526,20000,0.050000000000000044,0.024170209718868137,1.6044500494142995,0.0,0.0,0,"{""0"": 13756, ""1"": 18587, ""2"": 20449, ""3"": 16364, ""4"": 25104, ""5"": 12439}",connected
106799,526,20000,0.050000000000000044,0.023203602284193037,1.6044500494142995,0.0,0.0,0,"{""0"": 13771, ""1"": 18610, ""2"": 20460, ""3"": 16377, ""4"": 25139, ""5"": 12442}",connected
106899,526,20000,0.050000000000000044,0.023234216468408703,1.6044500494142995,0.0,0.0,0,"{""0"": 13780, ""1"": 18647, ""2"": 20461, ""3"": 16399, ""4"": 25167, ""5"": 12445}",connected
106999,526,20000,0.050000000000000044,0.025241841543465853,1.6044500494142995,0.0,0.0,0,"{""0"": 13799, ""1"": 18664, ""2"": 20470, ""3"": 16417, ""4"": 25190, ""5"": 12459}",connected
107099,526,20000,0.050000000000000044,0.02708546503446996,1.6044500494142995,0.0,0.0,0,"{""0"": 13814, ""1"": 18686, ""2"": 20495, ""3"": 16435, ""4"": 25201, ""5"": 12468}",connected
107199,526,20000,0.050000000000000044,0.027136096023023127,1.6044500494142995,0.0,0.0,0,"{""0"": 13814, ""1"": 18686, ""2"": 20534, ""3"": 16460, ""4"": 25206, ""5"": 12499}",connected
107299,528,20000,0.050000000000000044,0.027128301737830044,1.6194300447078422,0.0,0.0,0,"{""0"": 13818, ""1"": 18703, ""2"": 20557, ""3"": 16470, ""4"": 25241, ""5"": 12510}",connected
107399,530,20000,0.050000000000000044,0.026406032657250764,1.6850700467498974,0.0,0.0,0,"{""0"": 13828, ""1"": 18711, ""2"": 20591, ""3"": 16491, ""4"": 25265, ""5"": 12513}",connected
107499,530,20000,0.050000000000000044,0.025482539599761368,1.6850700467498974,0.0,0.0,0,"{""0"": 13834, ""1"": 18725, ""2"": 20606, ""3"": 16500, ""4"": 25299, ""5"": 12535}",connected
107599,530,20000,0.050000000000000044,0.024752659928053616,1.6850700467498974,0.0,0.0,0,"{""0"": 13855, ""1"": 18741, ""2"": 20627, ""3"": 16513, ""4"": 25316, ""5"": 12547}",connected
107699,530,20000,0.050000000000000044,0.023680747328326104,1.6850700467498974,0.0,0.0,0,"{""0"": 13891, ""1"": 18764, ""2"": 20639, ""3"": 16521, ""4"": 25326, ""5"": 12558}",connected
107799,530,20000,0.050000000000000044,0.024231103621423243,1.6850700467498974,0.0,0.0,0,"{""0"": 13919, ""1"": 18781, ""2"": 20660, ""3"": 16528, ""4"": 25340, ""5"": 12571}",connected
107899,530,20000,0.050000000000000044,0.02381762919947505,1.6850700467498974,0.0,0.0,0,"{""0"": 13920, ""1"": 18802, ""2"": 20705, ""3"": 16545, ""4"": 25355, ""5"": 12572}",connected
107999,532,20000,0.050000000000000044,0.0256779751740396,1.646970047596842,0.0,0.0,0,"{""0"": 13923, ""1"": 18821, ""2"": 20742, ""3"": 16550, ""4"": 25390, ""5"": 12573}",connected
108099,532,20000,0.050000000000000044,0.0260296226432547,1.646970047596842,0.0,0.0,0,"{""0"": 13925, ""1"": 18839, ""2"": 20769, ""3"": 16561, ""4"": 25398, ""5"": 12607}",connected
108199,534,20000,0.050000000000000044,0.027207362125627698,1.683760048141703,0.0,0.0,0,"{""0"": 13927, ""1"": 18866, ""2"": 20793, ""3"": 16564, ""4"": 25430, ""5"": 12619}",connected
108299,534,20000,0.050000000000000044,0.02862633150536567,1.683760048141703,0.0,0.0,0,"{""0"": 13936, ""1"": 18879, ""2"": 20823, ""3"": 16588, ""4"": 25453, ""5"": 12620}",connected
108399,534,20000,0.050000000000000044,0.028397469050250947,1.683760048141703,0.0,0.0,0,"{""0"": 13953, ""1"": 18891, ""2"": 20843, ""3"": 16601, ""4"": 25471, ""5"": 12640}",connected
108499,534,20000,0.050000000000000044,0.02978463875129819,1.683760048141703,0.0,0.0,0,"{""0"": 13981, ""1"": 18905, ""2"": 20876, ""3"": 16614, ""4"": 25477, ""5"": 12646}",connected
108599,536,20000,0.050000000000000044,0.02940892699174583,1.6983100506989286,0.0,0.0,0,"{""0"": 13985, ""1"": 18917, ""2"": 20888, ""3"": 16642, ""4"": 25516, ""5"": 12651}",connected
108699,536,20000,0.050000000000000044,0.027817763034254313,1.6983100506989286,0.0,0.0,0,"{""0"": 13990, ""1"": 18933, ""2"": 20919, ""3"": 16656, ""4"": 25542, ""5"": 12659}",connected
108799,536,20000,0.050000000000000044,0.026879010396078228,1.6983100506989286,0.0,0.0,0,"{""0"": 14004, ""1"": 18945, ""2"": 20952, ""3"": 16672, ""4"": 25556, ""5"": 12670}",connected
108899,536,20000,0.050000000000000044,0.026394928749650718,1.6983100506989286,0.0,0.0,0,"{""0"": 14004, ""1"": 18953, ""2"": 21011, ""3"": 16683, ""4"": 25565, ""5"": 12683}",connected
108999,536,20000,0.050000000000000044,0.028695947425439954,1.6983100506989286,0.0,0.0,0,"{""0"": 14017, ""1"": 18963, ""2"": 21050, ""3"": 16695, ""4"": 25574, ""5"": 12700}",connected
109099,536,20000,0.050000000000000044,0.02940327949821949,1.6983100506989286,0.0,0.0,0,"{""0"": 14026, ""1"": 18971, ""2"": 21058, ""3"": 16741, ""4"": 25593, ""5"": 12710}",connected
109199,538,20000,0.050000000000000044,0.02936733828857541,1.8164800514280797,0.0,0.0,0,"{""0"": 14029, ""1"": 18981, ""2"": 21093, ""3"": 16743, ""4"": 25631, ""5"": 12722}",connected
109299,538,20000,0.050000000000000044,0.029482019832357764,1.8164800514280797,0.0,0.0,0,"{""0"": 14032, ""1"": 19034, ""2"": 21102, ""3"": 16768, ""4"": 25637, ""5"": 12726}",connected
109399,538,20000,0.050000000000000044,0.027136741569265724,1.8164800514280797,0.0,0.0,0,"{""0"": 14065, ""1"": 19057, ""2"": 21114, ""3"": 16789, ""4"": 25647, ""5"": 12727}",connected
109499,538,20000,0.050000000000000044,0.027551429085433482,1.8164800514280797,0.0,0.0,0,"{""0"": 14106, ""1"": 19075, ""2"": 21121, ""3"": 16811, ""4"": 25659, ""5"": 12727}",connected
109599,538,20000,0.050000000000000044,0.027829457353800536,1.8164800514280797,0.0,0.0,0,"{""0"": 14125, ""1"": 19089, ""2"": 21144, ""3"": 16828, ""4"": 25680, ""5"": 12733}",connected
109699,540,20000,0.050000000000000044,0.027357597714290024,1.9014900491107256,0.0,0.0,0,"{""0"": 14129, ""1"": 19116, ""2"": 21162, ""3"": 16836, ""4"": 25713, ""5"": 12743}",connected
109799,540,20000,0.050000000000000044,0.02646645300090313,1.9014900491107256,0.0,0.0,0,"{""0"": 14129, ""1"": 19132, ""2"": 21203, ""3"": 16842, ""4"": 25725, ""5"": 12768}",connected
109899,540,20000,0.050000000000000044,0.025580294169485568,1.9014900491107256,0.0,0.0,0,"{""0"": 14132, ""1"": 19152, ""2"": 21252, ""3"": 16843, ""4"": 25737, ""5"": 12783}",connected
109999,540,20000,0.050000000000000044,0.02571120689623058,1.9014900491107256,0.0,0.0,0,"{""0"": 14135, ""1"": 19179, ""2"": 21294, ""3"": 16846, ""4"": 25743, ""5"": 12802}",connected
110099,540,20000,0.050000000000000044,0.02523502653464675,1.9014900491107256,0.0,0.0,0,"{""0"": 14135, ""1"": 19208, ""2"": 21343, ""3"": 16852, ""4"": 25748, ""5"": 12813}",connected
110199,540,20000,0.050000000000000044,0.02602601337246597,1.9014900491107256,0.0,0.0,0,"{""0"": 14135, ""1"": 19237, ""2"": 21393, ""3"": 16852, ""4"": 25748, ""5"": 12834}",connected
110299,540,20000,0.050000000000000044,0.026780580179765822,1.9014900491107256,0.0,0.0,0,"{""0"": 14135, ""1"": 19283, ""2"": 21413, ""3"": 16852, ""4"": 25748, ""5"": 12868}",connected
110399,542,20000,0.050000000000000044,0.026671553617343306,1.7399200521782041,0.0,0.0,0,"{""0"": 14140, ""1"": 19335, ""2"": 21422, ""3"": 16854, ""4"": 25771, ""5"": 12877}",connected
110499,542,20000,0.050000000000000044,0.027864929055795074,1.7399200521782041,0.0,0.0,0,"{""0"": 14140, ""1"": 19336, ""2"": 21428, ""3"": 16878, ""4"": 25838, ""5"": 12879}",connected
110599,542,20000,0.050000000000000044,0.028568836813792586,1.7399200521782041,0.0,0.0,0,"{""0"": 14141, ""1"": 19336, ""2"": 21428, ""3"": 16900, ""4"": 25915, ""5"": 12879}",connected
110699,542,20000,0.050000000000000044,0.03014342615380883,1.7399200521782041,0.0,0.0,0,"{""0"": 14142, ""1"": 19336, ""2"": 21429, ""3"": 16928, ""4"": 25983, ""5"": 12881}",connected
110799,544,20000,0.050000000000000044,0.030346602690406142,1.7053600508160889,0.0,0.0,0,"{""0"": 14147, ""1"": 19349, ""2"": 21449, ""3"": 16949, ""4"": 26019, ""5"": 12886}",connected
110899,544,20000,0.050000000000000044,0.03079710787627846,1.7053600508160889,0.0,0.0,0,"{""0"": 14162, ""1"": 19368, ""2"": 21471, ""3"": 16968, ""4"": 26039, ""5"": 12891}",connected
110999,544,20000,0.050000000000000044,0.029236207720823585,1.7053600508160889,0.0,0.0,0,"{""0"": 14169, ""1"": 19387, ""2"": 21497, ""3"": 16997, ""4"": 26042, ""5"": 12907}",connected
111099,544,20000,0.050000000000000044,0.026202800455503165,1.7053600508160889,0.0,0.0,0,"{""0"": 14178, ""1"": 19387, ""2"": 21497, ""3"": 17087, ""4"": 26043, ""5"": 12907}",connected
111199,544,20000,0.050000000000000044,0.026113676922395825,1.7053600508160889,0.0,0.0,0,"{""0"": 14182, ""1"": 19391, ""2"": 21499, ""3"": 17177, ""4"": 26043, ""5"": 12907}",connected
111299,544,20000,0.050000000000000044,0.02474964866414666,1.7053600508160889,0.0,0.0,0,"{""0"": 14184, ""1"": 19393, ""2"": 21504, ""3"": 17266, ""4"": 26045, ""5"": 12907}",connected
111399,544,20000,0.050000000000000044,0.024991168677806853,1.7053600508160889,0.0,0.0,0,"{""0"": 14187, ""1"": 19402, ""2"": 21511, ""3"": 17334, ""4"": 26052, ""5"": 12913}",connected
111499,546,20000,0.050000000000000044,0.026637314865365625,1.569260048265569,0.0,0.0,0,"{""0"": 14206, ""1"": 19404, ""2"": 21514, ""3"": 17396, ""4"": 26062, ""5"": 12917}",connected
111599,546,20000,0.050000000000000044,0.02515447842888534,1.569260048265569,0.0,0.0,0,"{""0"": 14214, ""1"": 19427, ""2"": 21538, ""3"": 17405, ""4"": 26087, ""5"": 12928}",connected
111699,546,20000,0.050000000000000044,0.02536362242884934,1.569260048265569,0.0,0.0,0,"{""0"": 14226, ""1"": 19427, ""2"": 21538, ""3"": 17409, ""4"": 26137, ""5"": 12962}",connected
111799,546,20000,0.050000000000000044,0.025145737389102578,1.569260048265569,0.0,0.0,0,"{""0"": 14232, ""1"": 19428, ""2"": 21538, ""3"": 17410, ""4"": 26186, ""5"": 13005}",connected
111899,546,20000,0.050000000000000044,0.02493746026419103,1.569260048265569,0.0,0.0,0,"{""0"": 14233, ""1"": 19428, ""2"": 21542, ""3"": 17413, ""4"": 26231, ""5"": 13052}",connected
111999,546,20000,0.050000000000000044,0.026045524077489973,1.569260048265569,0.0,0.0,0,"{""0"": 14249, ""1"": 19428, ""2"": 21562, ""3"": 17427, ""4"": 26265, ""5"": 13068}",connected
112099,546,20000,0.050000000000000044,0.02595030898228288,1.569260048265569,0.0,0.0,0,"{""0"": 14266, ""1"": 19428, ""2"": 21592, ""3"": 17438, ""4"": 26304, ""5"": 13071}",connected
112199,546,20000,0.050000000000000044,0.025771160651929678,1.569260048265569,0.0,0.0,0,"{""0"": 14270, ""1"": 19475, ""2"": 21597, ""3"": 17445, ""4"": 26332, ""5"": 13080}",connected
112299,548,20000,0.050000000000000044,0.024872653647325934,1.4028600482223554,0.0,0.0,0,"{""0"": 14275, ""1"": 19497, ""2"": 21616, ""3"": 17457, ""4"": 26366, ""5"": 13088}",connected
112399,548,20000,0.050000000000000044,0.025734092141501606,1.4028600482223554,0.0,0.0,0,"{""0"": 14278, ""1"": 19525, ""2"": 21649, ""3"": 17470, ""4"": 26374, ""5"": 13103}",connected
112499,548,20000,0.050000000000000044,0.02473238936625421,1.4028600482223554,0.0,0.0,0,"{""0"": 14287, ""1"": 19556, ""2"": 21677, ""3"": 17476, ""4"": 26377, ""5"": 13126}",connected
112599,548,20000,0.050000000000000044,0.024298754506744444,1.4028600482223554,0.0,0.0,0,"{""0"": 14310, ""1"": 19570, ""2"": 21696, ""3"": 17485, ""4"": 26393, ""5"": 13145}",connected
112699,550,20000,0.050000000000000044,0.024834933574311435,1.3451600505551324,0.0,0.0,0,"{""0"": 14313, ""1"": 19581, ""2"": 21710, ""3"": 17511, ""4"": 26426, ""5"": 13158}",connected
112799,550,20000,0.050000000000000044,0.023992589986883105,1.3451600505551324,0.0,0.0,0,"{""0"": 14334, ""1"": 19597, ""2"": 21733, ""3"": 17527, ""4"": 26449, ""5"": 13159}",connected
112899,550,20000,0.050000000000000044,0.024859608989208935,1.3451600505551324,0.0,0.0,0,"{""0"": 14353, ""1"": 19637, ""2"": 21750, ""3"": 17530, ""4"": 26449, ""5"": 13180}",connected
112999,550,20000,0.050000000000000044,0.026711214818060398,1.3451600505551324,0.0,0.0,0,"{""0"": 14387, ""1"": 19664, ""2"": 21774, ""3"": 17532, ""4"": 26453, ""5"": 13189}",connected
113099,550,20000,0.050000000000000044,0.025233545508235693,1.3451600505551324,0.0,0.0,0,"{""0"": 14400, ""1"": 19669, ""2"": 21800, ""3"": 17555, ""4"": 26467, ""5"": 13208}",connected
113199,550,20000,0.050000000000000044,0.025770570272579788,1.3451600505551324,0.0,0.0,0,"{""0"": 14401, ""1"": 19671, ""2"": 21841, ""3"": 17563, ""4"": 26467, ""5"": 13256}",connected
113299,550,20000,0.050000000000000044,0.025591308074072002,1.3451600505551324,0.0,0.0,0,"{""0"": 14426, ""1"": 19706, ""2"": 21855, ""3"": 17575, ""4"": 26474, ""5"": 13263}",connected
113399,552,20000,0.050000000000000044,0.02516662609297782,1.3473800570005552,0.0,0.0,0,"{""0"": 14434, ""1"": 19720, ""2"": 21872, ""3"": 17578, ""4"": 26513, ""5"": 13282}",connected
113499,552,20000,0.050000000000000044,0.025836632042191922,1.3473800570005552,0.0,0.0,0,"{""0"": 14435, ""1"": 19722, ""2"": 21875, ""3"": 17581, ""4"": 26520, ""5"": 13366}",connected
113599,552,20000,0.050000000000000044,0.026385451662354172,1.3473800570005552,0.0,0.0,0,"{""0"": 14438, ""1"": 19742, ""2"": 21915, ""3"": 17595, ""4"": 26534, ""5"": 13375}",connected
113699,554,20000,0.050000000000000044,0.025702196951024235,1.5247500541992485,0.0,0.0,0,"{""0"": 14444, ""1"": 19767, ""2"": 21945, ""3"": 17604, ""4"": 26559, ""5"": 13380}",connected
113799,554,20000,0.050000000000000044,0.024734335779212416,1.5247500541992485,0.0,0.0,0,"{""0"": 14455, ""1"": 19787, ""2"": 21960, ""3"": 17630, ""4"": 26585, ""5"": 13382}",connected
113899,554,20000,0.050000000000000044,0.024492724402807652,1.5247500541992485,0.0,0.0,0,"{""0"": 14462, ""1"": 19841, ""2"": 21979, ""3"": 17640, ""4"": 26595, ""5"": 13382}",connected
113999,554,20000,0.050000000000000044,0.024092103061266242,1.5247500541992485,0.0,0.0,0,"{""0"": 14502, ""1"": 19881, ""2"": 21991, ""3"": 17643, ""4"": 26598, ""5"": 13384}",connected
114099,556,20000,0.050000000000000044,0.02413633479271084,1.5180500537808985,0.0,0.0,0,"{""0"": 14513, ""1"": 19898, ""2"": 22000, ""3"": 17646, ""4"": 26643, ""5"": 13399}",connected
114199,556,20000,0.050000000000000044,0.02460337705910206,1.5180500537808985,0.0,0.0,0,"{""0"": 14533, ""1"": 19914, ""2"": 22009, ""3"": 17665, ""4"": 26663, ""5"": 13415}",connected
114299,556,20000,0.050000000000000044,0.025590711943805217,1.5180500537808985,0.0,0.0,0,"{""0"": 14548, ""1"": 19952, ""2"": 22010, ""3"": 17667, ""4"": 26707, ""5"": 13415}",connected
114399,556,20000,0.050000000000000044,0.025358201186172664,1.5180500537808985,0.0,0.0,0,"{""0"": 14548, ""1"": 20000, ""2"": 22011, ""3"": 17669, ""4"": 26755, ""5"": 13416}",connected
114499,556,20000,0.050000000000000044,0.027512902873568237,1.5180500537808985,0.0,0.0,0,"{""0"": 14548, ""1"": 20050, ""2"": 22013, ""3"": 17669, ""4"": 26803, ""5"": 13416}",connected
114599,556,20000,0.050000000000000044,0.0269264094857499,1.5180500537808985,0.0,0.0,0,"{""0"": 14553, ""1"": 20096, ""2"": 22013, ""3"": 17669, ""4"": 26851, ""5"": 13417}",connected
114699,556,20000,0.050000000000000044,0.026130058919079602,1.5180500537808985,0.0,0.0,0,"{""0"": 14556, ""1"": 20142, ""2"": 22014, ""3"": 17669, ""4"": 26901, ""5"": 13417}",connected
114799,558,20000,0.050000000000000044,0.025408109892159702,1.380560052441433,0.0,0.0,0,"{""0"": 14562, ""1"": 20170, ""2"": 22024, ""3"": 17672, ""4"": 26950, ""5"": 13421}",connected
114899,558,20000,0.050000000000000044,0.024290535813197494,1.380560052441433,0.0,0.0,0,"{""0"": 14576, ""1"": 20183, ""2"": 22049, ""3"": 17701, ""4"": 26958, ""5"": 13432}",connected
114999,560,20000,0.050000000000000044,0.024566399566829204,1.406340054376051,0.0,0.0,0,"{""0"": 14608, ""1"": 20183, ""2"": 22052, ""3"": 17729, ""4"": 26966, ""5"": 13461}",connected
115099,560,20000,0.050000000000000044,0.02556158966384828,1.406340054376051,0.0,0.0,0,"{""0"": 14616, ""1"": 20206, ""2"": 22068, ""3"": 17739, ""4"": 27001, ""5"": 13469}",connected
115199,560,20000,0.050000000000000044,0.02749023656360805,1.406340054376051,0.0,0.0,0,"{""0"": 14623, ""1"": 20226, ""2"": 22072, ""3"": 17743, ""4"": 27032, ""5"": 13503}",connected
115299,560,20000,0.050000000000000044,0.02838515639305115,1.406340054376051,0.0,0.0,0,"{""0"": 14624, ""1"": 20233, ""2"": 22116, ""3"": 17760, ""4"": 27042, ""5"": 13524}",connected
115399,560,20000,0.050000000000000044,0.02875279763713479,1.406340054376051,0.0,0.0,0,"{""0"": 14625, ""1"": 20240, ""2"": 22158, ""3"": 17778, ""4"": 27059, ""5"": 13539}",connected
115499,560,20000,0.050000000000000044,0.02804421023465693,1.406340054376051,0.0,0.0,0,"{""0"": 14626, ""1"": 20267, ""2"": 22180, ""3"": 17792, ""4"": 27071, ""5"": 13563}",connected
115599,560,20000,0.050000000000000044,0.026978338174521922,1.406340054376051,0.0,0.0,0,"{""0"": 14628, ""1"": 20267, ""2"": 22229, ""3"": 17793, ""4"": 27071, ""5"": 13611}",connected
115699,560,20000,0.050000000000000044,0.02623065437190235,1.406340054376051,0.0,0.0,0,"{""0"": 14632, ""1"": 20274, ""2"": 22260, ""3"": 17794, ""4"": 27080, ""5"": 13659}",connected
115799,562,20000,0.050000000000000044,0.02613345026038587,1.270000055041164,0.0,0.0,0,"{""0"": 14644, ""1"": 20290, ""2"": 22275, ""3"": 17799, ""4"": 27109, ""5"": 13682}",connected
115899,562,20000,0.050000000000000044,0.027494529928080737,1.270000055041164,0.0,0.0,0,"{""0"": 14649, ""1"": 20304, ""2"": 22296, ""3"": 17812, ""4"": 27144, ""5"": 13694}",connected
115999,562,20000,0.050000000000000044,0.027896078866906465,1.270000055041164,0.0,0.0,0,"{""0"": 14671, ""1"": 20312, ""2"": 22324, ""3"": 17832, ""4"": 27160, ""5"": 13700}",connected
116099,564,20000,0.050000000000000044,0.02800384916830808,1.2165600525401532,0.0,0.0,0,"{""0"": 14679, ""1"": 20330, ""2"": 22348, ""3"": 17838, ""4"": 27194, ""5"": 13710}",connected
116199,564,20000,0.050000000000000044,0.029273957177065314,1.2165600525401532,0.0,0.0,0,"{""0"": 14684, ""1"": 20357, ""2"": 22370, ""3"": 17863, ""4"": 27211, ""5"": 13714}",connected
116299,566,20000,0.050000000000000044,0.028768059303984045,1.2221700522862375,0.0,0.0,0,"{""0"": 14691, ""1"": 20372, ""2"": 22386, ""3"": 17879, ""4"": 27247, ""5"": 13724}",connected
116399,566,20000,0.050000000000000044,0.02902134812436998,1.2221700522862375,0.0,0.0,0,"{""0"": 14695, ""1"": 20376, ""2"": 22391, ""3"": 17903, ""4"": 27281, ""5"": 13753}",connected
116499,568,20000,0.050000000000000044,0.029576999032869936,1.2300000545242802,0.0,0.0,0,"{""0"": 14707, ""1"": 20385, ""2"": 22409, ""3"": 17927, ""4"": 27312, ""5"": 13759}",connected
116599,568,20000,0.050000000000000044,0.029938857117667795,1.2300000545242802,0.0,0.0,0,"{""0"": 14711, ""1"": 20398, ""2"": 22432, ""3"": 17938, ""4"": 27355, ""5"": 13765}",connected
116699,570,20000,0.050000000000000044,0.029488807544112206,1.2190600553201512,0.0,0.0,0,"{""0"": 14731, ""1"": 20400, ""2"": 22469, ""3"": 17955, ""4"": 27372, ""5"": 13772}",connected
116799,570,20000,0.050000000000000044,0.030320409024134277,1.2190600553201512,0.0,0.0,0,"{""0"": 14743, ""1"": 20423, ""2"": 22477, ""3"": 17956, ""4"": 27395, ""5"": 13805}",connected
116899,570,20000,0.050000000000000044,0.030187946474179626,1.2190600553201512,0.0,0.0,0,"{""0"": 14757, ""1"": 20442, ""2"": 22503, ""3"": 17965, ""4"": 27412, ""5"": 13820}",connected
116999,572,20000,0.050000000000000044,0.028979797922074793,1.3563000561948866,0.0,0.0,0,"{""0"": 14780, ""1"": 20449, ""2"": 22529, ""3"": 17985, ""4"": 27435, ""5"": 13821}",connected
117099,572,20000,0.050000000000000044,0.029558708928525447,1.3563000561948866,0.0,0.0,0,"{""0"": 14784, ""1"": 20465, ""2"": 22556, ""3"": 18000, ""4"": 27459, ""5"": 13835}",connected
117199,572,20000,0.050000000000000044,0.029162795543670655,1.3563000561948866,0.0,0.0,0,"{""0"": 14785, ""1"": 20550, ""2"": 22556, ""3"": 18010, ""4"": 27462, ""5"": 13836}",connected
117299,572,20000,0.050000000000000044,0.028800531048327683,1.3563000561948866,0.0,0.0,0,"{""0"": 14791, ""1"": 20585, ""2"": 22591, ""3"": 18015, ""4"": 27475, ""5"": 13842}",connected
117399,572,20000,0.050000000000000044,0.029688872415572404,1.3563000561948866,0.0,0.0,0,"{""0"": 14808, ""1"": 20592, ""2"": 22617, ""3"": 18022, ""4"": 27481, ""5"": 13879}",connected
117499,572,20000,0.050000000000000044,0.028858606899157167,1.3563000561948866,0.0,0.0,0,"{""0"": 14821, ""1"": 20594, ""2"": 22620, ""3"": 18034, ""4"": 27482, ""5"": 13948}",connected
117599,574,20000,0.050000000000000044,0.02683932879008353,1.340590057228692,0.0,0.0,0,"{""0"": 14829, ""1"": 20616, ""2"": 22646, ""3"": 18057, ""4"": 27499, ""5"": 13952}",connected
117699,574,20000,0.050000000000000044,0.02802582412958145,1.340590057228692,0.0,0.0,0,"{""0"": 14832, ""1"": 20632, ""2"": 22657, ""3"": 18077, ""4"": 27539, ""5"": 13962}",connected
117799,574,20000,0.050000000000000044,0.027314400030300022,1.340590057228692,0.0,0.0,0,"{""0"": 14840, ""1"": 20657, ""2"": 22677, ""3"": 18095, ""4"": 27559, ""5"": 13971}",connected
117899,574,20000,0.050000000000000044,0.030110939452424646,1.340590057228692,0.0,0.0,0,"{""0"": 14870, ""1"": 20677, ""2"": 22696, ""3"": 18110, ""4"": 27569, ""5"": 13977}",connected
117999,574,20000,0.050000000000000044,0.030815716069191694,1.340590057228692,0.0,0.0,0,"{""0"": 14908, ""1"": 20696, ""2"": 22718, ""3"": 18113, ""4"": 27576, ""5"": 13988}",connected
118099,574,20000,0.050000000000000044,0.03020604978315532,1.340590057228692,0.0,0.0,0,"{""0"": 14923, ""1"": 20720, ""2"": 22737, ""3"": 18131, ""4"": 27598, ""5"": 13990}",connected
118199,576,20000,0.050000000000000044,0.03129910821095109,1.3480300613259897,0.0,0.0,0,"{""0"": 14942, ""1"": 20728, ""2"": 22753, ""3"": 18146, ""4"": 27628, ""5"": 14002}",connected
118299,576,20000,0.050000000000000044,0.029823195235803724,1.3480300613259897,0.0,0.0,0,"{""0"": 14955, ""1"": 20755, ""2"": 22769, ""3"": 18165, ""4"": 27651, ""5"": 14004}",connected
118399,577,20000,0.050000000000000044,0.03032683997415006,1.2402000628272072,0.0,0.0,0,"{""0"": 14963, ""1"": 20770, ""2"": 22788, ""3"": 18186, ""4"": 27684, ""5"": 14008}",connected
118499,578,20000,0.050000000000000044,0.030804245471954345,1.3595000603003426,0.0,0.0,0,"{""0"": 14988, ""1"": 20788, ""2"": 22802, ""3"": 18196, ""4"": 27711, ""5"": 14014}",connected
118599,578,20000,0.050000000000000044,0.03037182199768722,1.3595000603003426,0.0,0.0,0,"{""0"": 15006, ""1"": 20803, ""2"": 22818, ""3"": 18208, ""4"": 27727, ""5"": 14037}",connected
118699,580,20000,0.050000000000000044,0.03178427986800671,1.417220061668195,0.0,0.0,0,"{""0"": 15011, ""1"": 20822, ""2"": 22835, ""3"": 18225, ""4"": 27762, ""5"": 14044}",connected
118799,580,20000,0.050000000000000044,0.031937037552706896,1.417220061668195,0.0,0.0,0,"{""0"": 15020, ""1"": 20862, ""2"": 22847, ""3"": 18246, ""4"": 27777, ""5"": 14047}",connected
118899,580,20000,0.050000000000000044,0.031429867758415636,1.417220061668195,0.0,0.0,0,"{""0"": 15020, ""1"": 20891, ""2"": 22877, ""3"": 18260, ""4"": 27803, ""5"": 14048}",connected
118999,582,20000,0.050000000000000044,0.03038847535382956,1.3948000604333357,0.0,0.0,0,"{""0"": 15030, ""1"": 20912, ""2"": 22909, ""3"": 18272, ""4"": 27826, ""5"": 14050}",connected
119099,582,20000,0.050000000000000044,0.030121318413875997,1.3948000604333357,0.0,0.0,0,"{""0"": 15038, ""1"": 20936, ""2"": 22930, ""3"": 18289, ""4"": 27852, ""5"": 14054}",connected
119199,582,20000,0.050000000000000044,0.03039593276567757,1.3948000604333357,0.0,0.0,0,"{""0"": 15041, ""1"": 20949, ""2"": 22962, ""3"": 18302, ""4"": 27866, ""5"": 14079}",connected
119299,582,20000,0.050000000000000044,0.029752498818561436,1.3948000604333357,0.0,0.0,0,"{""0"": 15042, ""1"": 20956, ""2"": 23005, ""3"": 18304, ""4"": 27866, ""5"": 14126}",connected
119399,584,20000,0.050000000000000044,0.03085015286691487,1.386190064852126,0.0,0.0,0,"{""0"": 15046, ""1"": 20963, ""2"": 23041, ""3"": 18307, ""4"": 27892, ""5"": 14150}",connected
119499,584,20000,0.050000000000000044,0.031041920045390727,1.386190064852126,0.0,0.0,0,"{""0"": 15050, ""1"": 20984, ""2"": 23070, ""3"": 18315, ""4"": 27913, ""5"": 14167}",connected
119599,584,20000,0.050000000000000044,0.03172934802249074,1.386190064852126,0.0,0.0,0,"{""0"": 15071, ""1"": 20999, ""2"": 23110, ""3"": 18325, ""4"": 27916, ""5"": 14178}",connected
119699,586,20000,0.050000000000000044,0.032359439078718424,1.4224600688694045,0.0,0.0,0,"{""0"": 15086, ""1"": 21012, ""2"": 23125, ""3"": 18336, ""4"": 27953, ""5"": 14187}",connected
119799,586,20000,0.050000000000000044,0.03139796818606556,1.4224600688694045,0.0,0.0,0,"{""0"": 15106, ""1"": 21024, ""2"": 23146, ""3"": 18351, ""4"": 27966, ""5"": 14206}",connected
119899,586,20000,0.050000000000000044,0.028868656624108553,1.4224600688694045,0.0,0.0,0,"{""0"": 15161, ""1"": 21047, ""2"": 23153, ""3"": 18357, ""4"": 27970, ""5"": 14211}",connected
119999,586,20000,0.050000000000000044,0.02726036380045116,1.4224600688694045,0.0,0.0,0,"{""0"": 15186, ""1"": 21061, ""2"": 23174, ""3"": 18366, ""4"": 27980, ""5"": 14232}",connected
120099,588,20000,0.050000000000000044,0.02731202380731702,1.4280500724818557,0.0,0.0,0,"{""0"": 15202, ""1"": 21076, ""2"": 23187, ""3"": 18370, ""4"": 28024, ""5"": 14240}",connected
120199,588,20000,0.050000000000000044,0.02931226084008813,1.4280500724818557,0.0,0.0,0,"{""0"": 15206, ""1"": 21090, ""2"": 23225, ""3"": 18384, ""4"": 28028, ""5"": 14266}",connected
120299,588,20000,0.050000000000000044,0.030964768845587968,1.4280500724818557,0.0,0.0,0,"{""0"": 15208, ""1"": 21090, ""2"": 23269, ""3"": 18384, ""4"": 28031, ""5"": 14317}",connected
120399,588,20000,0.050000000000000044,0.030802446380257607,1.4280500724818557,0.0,0.0,0,"{""0"": 15214, ""1"": 21096, ""2"": 23306, ""3"": 18393, ""4"": 28036, ""5"": 14354}",connected
120499,590,20000,0.050000000000000044,0.031281805634498595,1.3650900727882982,0.0,0.0,0,"{""0"": 15228, ""1"": 21110, ""2"": 23327, ""3"": 18395, ""4"": 28068, ""5"": 14371}",connected
120599,592,20000,0.050000000000000044,0.030455422410741447,1.3880800720350817,0.0,0.0,0,"{""0"": 15240, ""1"": 21120, ""2"": 23347, ""3"": 18418, ""4"": 28097, ""5"": 14377}",connected
120699,592,20000,0.050000000000000044,0.02987974894233048,1.3880800720350817,0.0,0.0,0,"{""0"": 15254, ""1"": 21136, ""2"": 23359, ""3"": 18429, ""4"": 28125, ""5"": 14396}",connected
120799,592,20000,0.050000000000000044,0.029370430978015064,1.3880800720350817,0.0,0.0,0,"{""0"": 15263, ""1"": 21153, ""2"": 23397, ""3"": 18442, ""4"": 28137, ""5"": 14407}",connected
120899,592,20000,0.050000000000000044,0.028195725278928874,1.3880800720350817,0.0,0.0,0,"{""0"": 15275, ""1"": 21154, ""2"": 23410, ""3"": 18467, ""4"": 28154, ""5"": 14439}",connected
120999,592,20000,0.050000000000000044,0.027953458121046423,1.3880800720350817,0.0,0.0,0,"{""0"": 15276, ""1"": 21177, ""2"": 23456, ""3"": 18474, ""4"": 28160, ""5"": 14456}",connected
121099,592,20000,0.050000000000000044,0.027366415597498417,1.3880800720350817,0.0,0.0,0,"{""0"": 15296, ""1"": 21192, ""2"": 23476, ""3"": 18489, ""4"": 28164, ""5"": 14482}",connected
121199,594,20000,0.050000000000000044,0.03068826811388135,1.326940073990263,0.0,0.0,0,"{""0"": 15319, ""1"": 21200, ""2"": 23490, ""3"": 18509, ""4"": 28177, ""5"": 14504}",connected
121299,594,20000,0.050000000000000044,0.030634713489562274,1.326940073990263,0.0,0.0,0,"{""0"": 15328, ""1"": 21211, ""2"": 23503, ""3"": 18515, ""4"": 28221, ""5"": 14521}",connected
121399,594,20000,0.050000000000000044,0.03166125533170998,1.326940073990263,0.0,0.0,0,"{""0"": 15347, ""1"": 21236, ""2"": 23512, ""3"": 18539, ""4"": 28237, ""5"": 14528}",connected
121499,594,20000,0.050000000000000044,0.03218409285880625,1.326940073990263,0.0,0.0,0,"{""0"": 15351, ""1"": 21253, ""2"": 23521, ""3"": 18565, ""4"": 28280, ""5"": 14529}",connected
121599,594,20000,0.050000000000000044,0.030630376394838094,1.326940073990263,0.0,0.0,0,"{""0"": 15356, ""1"": 21271, ""2"": 23529, ""3"": 18587, ""4"": 28326, ""5"": 14530}",connected
121699,594,20000,0.050000000000000044,0.031864092890173196,1.326940073990263,0.0,0.0,0,"{""0"": 15382, ""1"": 21299, ""2"": 23541, ""3"": 18605, ""4"": 28339, ""5"": 14533}",connected
121799,594,20000,0.050000000000000044,0.03150390574708581,1.326940073990263,0.0,0.0,0,"{""0"": 15390, ""1"": 21388, ""2"": 23542, ""3"": 18606, ""4"": 28339, ""5"": 14534}",connected
121899,594,20000,0.050000000000000044,0.03092536979354918,1.326940073990263,0.0,0.0,0,"{""0"": 15419, ""1"": 21438, ""2"": 23543, ""3"": 18614, ""4"": 28346, ""5"": 14539}",connected
121999,596,20000,0.050000000000000044,0.030452732206322254,1.1878500705212354,0.0,0.0,0,"{""0"": 15457, ""1"": 21453, ""2"": 23561, ""3"": 18615, ""4"": 28372, ""5"": 14541}",connected
122099,596,20000,0.050000000000000044,0.03114113155286759,1.1878500705212354,0.0,0.0,0,"{""0"": 15485, ""1"": 21458, ""2"": 23610, ""3"": 18615, ""4"": 28375, ""5"": 14556}",connected
122199,596,20000,0.050000000000000044,0.030736408648081123,1.1878500705212354,0.0,0.0,0,"{""0"": 15526, ""1"": 21461, ""2"": 23625, ""3"": 18616, ""4"": 28378, ""5"": 14593}",connected
122299,596,20000,0.050000000000000044,0.031016508755274116,1.1878500705212354,0.0,0.0,0,"{""0"": 15543, ""1"": 21481, ""2"": 23645, ""3"": 18631, ""4"": 28388, ""5"": 14611}",connected
122399,598,20000,0.050000000000000044,0.03237541717477143,1.1940600726054982,0.0,0.0,0,"{""0"": 15547, ""1"": 21497, ""2"": 23675, ""3"": 18639, ""4"": 28419, ""5"": 14622}",connected
122499,598,20000,0.050000000000000044,0.0308003652933985,1.1940600726054982,0.0,0.0,0,"{""0"": 15562, ""1"": 21520, ""2"": 23686, ""3"": 18660, ""4"": 28433, ""5"": 14638}",connected
122599,598,20000,0.050000000000000044,0.03022184039466083,1.1940600726054982,0.0,0.0,0,"{""0"": 15566, ""1"": 21544, ""2"": 23704, ""3"": 18677, ""4"": 28456, ""5"": 14652}",connected
122699,600,20000,0.050000000000000044,0.029374104579910635,1.1922500776033849,0.0,0.0,0,"{""0"": 15568, ""1"": 21563, ""2"": 23731, ""3"": 18691, ""4"": 28492, ""5"": 14654}",connected
122799,600,20000,0.050000000000000044,0.028832433018833398,1.1922500776033849,0.0,0.0,0,"{""0"": 15575, ""1"": 21593, ""2"": 23760, ""3"": 18707, ""4"": 28506, ""5"": 14658}",connected
122899,602,20000,0.050000000000000044,0.02910577061586082,1.2171100757317617,0.0,0.0,0,"{""0"": 15586, ""1"": 21623, ""2"": 23786, ""3"": 18708, ""4"": 28533, ""5"": 14663}",connected
122999,602,20000,0.050000000000000044,0.029839973784983157,1.2171100757317617,0.0,0.0,0,"{""0"": 15590, ""1"": 21648, ""2"": 23808, ""3"": 18719, ""4"": 28551, ""5"": 14683}",connected
123099,602,20000,0.050000000000000044,0.03196563171222806,1.2171100757317617,0.0,0.0,0,"{""0"": 15598, ""1"": 21669, ""2"": 23837, ""3"": 18732, ""4"": 28558, ""5"": 14705}",connected
123199,602,20000,0.050000000000000044,0.03154375641606748,1.2171100757317617,0.0,0.0,0,"{""0"": 15620, ""1"": 21677, ""2"": 23848, ""3"": 18744, ""4"": 28575, ""5"": 14735}",connected
123299,604,20000,0.050000000000000044,0.03164952676743269,1.2932300761481748,0.0,0.0,0,"{""0"": 15632, ""1"": 21684, ""2"": 23865, ""3"": 18755, ""4"": 28607, ""5"": 14756}",connected
123399,604,20000,0.050000000000000044,0.03123269885778427,1.2932300761481748,0.0,0.0,0,"{""0"": 15657, ""1"": 21689, ""2"": 23887, ""3"": 18780, ""4"": 28626, ""5"": 14760}",connected
123499,606,20000,0.050000000000000044,0.030692017208784818,1.3351300714351237,0.0,0.0,0,"{""0"": 15664, ""1"": 21703, ""2"": 23901, ""3"": 18802, ""4"": 28665, ""5"": 14764}",connected
123599,606,20000,0.050000000000000044,0.0302991708740592,1.3351300714351237,0.0,0.0,0,"{""0"": 15670, ""1"": 21727, ""2"": 23929, ""3"": 18821, ""4"": 28680, ""5"": 14772}",connected
123699,608,20000,0.050000000000000044,0.030591690540313722,1.3610600703582167,0.0,0.0,0,"{""0"": 15690, ""1"": 21743, ""2"": 23940, ""3"": 18831, ""4"": 28713, ""5"": 14782}",connected
123799,608,20000,0.050000000000000044,0.03071101937443018,1.3610600703582167,0.0,0.0,0,"{""0"": 15705, ""1"": 21748, ""2"": 23958, ""3"": 18875, ""4"": 28729, ""5"": 14784}",connected
123899,608,20000,0.050000000000000044,0.03147798063233495,1.3610600703582167,0.0,0.0,0,"{""0"": 15798, ""1"": 21748, ""2"": 23958, ""3"": 18877, ""4"": 28730, ""5"": 14788}",connected
123999,608,20000,0.050000000000000044,0.03282266048714519,1.3610600703582167,0.0,0.0,0,"{""0"": 15834, ""1"": 21759, ""2"": 23964, ""3"": 18886, ""4"": 28757, ""5"": 14799}",connected
124099,610,20000,0.050000000000000044,0.033737275917083025,1.3660200699651615,0.0,0.0,0,"{""0"": 15837, ""1"": 21768, ""2"": 23979, ""3"": 18916, ""4"": 28783, ""5"": 14816}",connected
124199,610,20000,0.050000000000000044,0.03419897589832544,1.3660200699651615,0.0,0.0,0,"{""0"": 15874, ""1"": 21779, ""2"": 23988, ""3"": 18923, ""4"": 28796, ""5"": 14839}",connected
124299,610,20000,0.050000000000000044,0.03394272147677839,1.3660200699651615,0.0,0.0,0,"{""0"": 15906, ""1"": 21795, ""2"": 23997, ""3"": 18931, ""4"": 28810, ""5"": 14860}",connected
124399,610,20000,0.050000000000000044,0.03216587351635099,1.3660200699651615,0.0,0.0,0,"{""0"": 15946, ""1"": 21835, ""2"": 24008, ""3"": 18935, ""4"": 28815, ""5"": 14860}",connected
124499,612,20000,0.050000000000000044,0.03191770345903933,1.3547800698783248,0.0,0.0,0,"{""0"": 15955, ""1"": 21885, ""2"": 24019, ""3"": 18942, ""4"": 28829, ""5"": 14869}",connected
124599,612,20000,0.050000000000000044,0.033562618140131235,1.3547800698783248,0.0,0.0,0,"{""0"": 16005, ""1"": 21893, ""2"": 24039, ""3"": 18943, ""4"": 28846, ""5"": 14873}",connected
124699,612,20000,0.050000000000000044,0.03341490053571761,1.3547800698783248,0.0,0.0,0,"{""0"": 16089, ""1"": 21893, ""2"": 24041, ""3"": 18943, ""4"": 28846, ""5"": 14887}",connected
124799,612,20000,0.050000000000000044,0.035867372937500475,1.3547800698783248,0.0,0.0,0,"{""0"": 16162, ""1"": 21895, ""2"": 24056, ""3"": 18943, ""4"": 28847, ""5"": 14896}",connected
124899,612,20000,0.050000000000000044,0.03584668394178152,1.3547800698783248,0.0,0.0,0,"{""0"": 16205, ""1"": 21899, ""2"": 24075, ""3"": 18964, ""4"": 28857, ""5"": 14899}",connected
124999,612,20000,0.050000000000000044,0.03296433597803116,1.3547800698783248,0.0,0.0,0,"{""0"": 16242, ""1"": 21906, ""2"": 24077, ""3"": 19002, ""4"": 28873, ""5"": 14899}",connected
125099,612,20000,0.050000000000000044,0.032437279308214786,1.3547800698783248,0.0,0.0,0,"{""0"": 16247, ""1"": 21910, ""2"": 24115, ""3"": 19002, ""4"": 28918, ""5"": 14907}",connected
125199,612,20000,0.050000000000000044,0.03281737077049911,1.3547800698783248,0.0,0.0,0,"{""0"": 16255, ""1"": 21910, ""2"": 24160, ""3"": 19002, ""4"": 28963, ""5"": 14909}",connected
125299,614,20000,0.050000000000000044,0.03295041924342513,1.1548000702029093,0.0,0.0,0,"{""0"": 16265, ""1"": 21922, ""2"": 24174, ""3"": 19002, ""4"": 29017, ""5"": 14919}",connected
125399,616,20000,0.050000000000000044,0.0354122990462929,1.2060200698068366,0.0,0.0,0,"{""0"": 16278, ""1"": 21938, ""2"": 24205, ""3"": 19015, ""4"": 29039, ""5"": 14924}",connected
125499,616,20000,0.050000000000000044,0.03667315108701587,1.2060200698068366,0.0,0.0,0,"{""0"": 16287, ""1"": 21944, ""2"": 24247, ""3"": 19034, ""4"": 29052, ""5"": 14935}",connected
125599,616,20000,0.050000000000000044,0.03630283613689244,1.2060200698068366,0.0,0.0,0,"{""0"": 16299, ""1"": 21967, ""2"": 24278, ""3"": 19043, ""4"": 29071, ""5"": 14941}",connected
125699,616,20000,0.050000000000000044,0.03617033556103706,1.2060200698068366,0.0,0.0,0,"{""0"": 16305, ""1"": 21971, ""2"": 24303, ""3"": 19063, ""4"": 29075, ""5"": 14982}",connected
125799,616,20000,0.050000000000000044,0.03574159320443868,1.2060200698068366,0.0,0.0,0,"{""0"": 16313, ""1"": 21977, ""2"": 24312, ""3"": 19102, ""4"": 29077, ""5"": 15018}",connected
125899,616,20000,0.050000000000000044,0.03481224921531975,1.2060200698068366,0.0,0.0,0,"{""0"": 16319, ""1"": 21982, ""2"": 24320, ""3"": 19129, ""4"": 29085, ""5"": 15064}",connected
125999,616,20000,0.050000000000000044,0.03224885020405054,1.2060200698068366,0.0,0.0,0,"{""0"": 16339, ""1"": 21988, ""2"": 24328, ""3"": 19149, ""4"": 29122, ""5"": 15073}",connected
126099,616,20000,0.050000000000000044,0.032327029872685674,1.2060200698068366,0.0,0.0,0,"{""0"": 16355, ""1"": 21991, ""2"": 24329, ""3"": 19181, ""4"": 29166, ""5"": 15077}",connected
126199,618,20000,0.050000000000000044,0.03260160243138671,1.0715700739854948,0.0,0.0,0,"{""0"": 16370, ""1"": 22005, ""2"": 24335, ""3"": 19189, ""4"": 29217, ""5"": 15083}",connected
126299,620,20000,0.050000000000000044,0.033296233657747504,1.1218400752497837,0.0,0.0,0,"{""0"": 16384, ""1"": 22017, ""2"": 24357, ""3"": 19200, ""4"": 29252, ""5"": 15089}",connected
126399,620,20000,0.050000000000000044,0.03558649738319218,1.1218400752497837,0.0,0.0,0,"{""0"": 16434, ""1"": 22019, ""2"": 24399, ""3"": 19201, ""4"": 29257, ""5"": 15089}",connected
126499,620,20000,0.050000000000000044,0.03647818607278168,1.1218400752497837,0.0,0.0,0,"{""0"": 16482, ""1"": 22019, ""2"": 24444, ""3"": 19203, ""4"": 29259, ""5"": 15092}",connected
126599,620,20000,0.050000000000000044,0.036573032401502135,1.1218400752497837,0.0,0.0,0,"{""0"": 16530, ""1"": 22020, ""2"": 24491, ""3"": 19203, ""4"": 29259, ""5"": 15096}",connected
126699,620,20000,0.050000000000000044,0.035052361944690344,1.1218400752497837,0.0,0.0,0,"{""0"": 16548, ""1"": 22026, ""2"": 24529, ""3"": 19228, ""4"": 29263, ""5"": 15105}",connected
126799,622,20000,0.050000000000000044,0.034392641820013524,1.0695100761437788,0.0,0.0,0,"{""0"": 16555, ""1"": 22034, ""2"": 24562, ""3"": 19235, ""4"": 29303, ""5"": 15110}",connected
126899,624,20000,0.050000000000000044,0.036272519743070004,1.152920076106675,0.0,0.0,0,"{""0"": 16560, ""1"": 22040, ""2"": 24595, ""3"": 19249, ""4"": 29344, ""5"": 15111}",connected
126999,624,20000,0.050000000000000044,0.035213179159909486,1.152920076106675,0.0,0.0,0,"{""0"": 16595, ""1"": 22046, ""2"": 24605, ""3"": 19275, ""4"": 29361, ""5"": 15117}",connected
127099,624,20000,0.050000000000000044,0.03619564150460065,1.152920076106675,0.0,0.0,0,"{""0"": 16622, ""1"": 22054, ""2"": 24620, ""3"": 19292, ""4"": 29377, ""5"": 15134}",connected
127199,624,20000,0.050000000000000044,0.03463596833869815,1.152920076106675,0.0,0.0,0,"{""0"": 16650, ""1"": 22067, ""2"": 24648, ""3"": 19304, ""4"": 29388, ""5"": 15142}",connected
127299,624,20000,0.050000000000000044,0.031140302419662477,1.152920076106675,0.0,0.0,0,"{""0"": 16714, ""1"": 22074, ""2"": 24659, ""3"": 19307, ""4"": 29403, ""5"": 15142}",connected
127399,624,20000,0.050000000000000044,0.031332243271172046,1.152920076106675,0.0,0.0,0,"{""0"": 16737, ""1"": 22078, ""2"": 24671, ""3"": 19318, ""4"": 29430, ""5"": 15165}",connected
127499,624,20000,0.050000000000000044,0.030314606660977007,1.152920076106675,0.0,0.0,0,"{""0"": 16740, ""1"": 22082, ""2"": 24684, ""3"": 19356, ""4"": 29461, ""5"": 15176}",connected
127599,626,20000,0.050000000000000044,0.03214684483595193,1.0649600767111407,0.0,0.0,0,"{""0"": 16753, ""1"": 22089, ""2"": 24697, ""3"": 19376, ""4"": 29499, ""5"": 15185}",connected
127699,628,20000,0.050000000000000044,0.03351459737867117,1.0886500802543013,0.0,0.0,0,"{""0"": 16772, ""1"": 22095, ""2"": 24719, ""3"": 19390, ""4"": 29529, ""5"": 15194}",connected
127799,628,20000,0.050000000000000044,0.034934887532144784,1.0886500802543013,0.0,0.0,0,"{""0"": 16785, ""1"": 22109, ""2"": 24745, ""3"": 19402, ""4"": 29559, ""5"": 15199}",connected
127899,628,20000,0.050000000000000044,0.034769706968218086,1.0886500802543013,0.0,0.0,0,"{""0"": 16819, ""1"": 22123, ""2"": 24768, ""3"": 19406, ""4"": 29571, ""5"": 15212}",connected
127999,628,20000,0.050000000000000044,0.034573189383372664,1.0886500802543013,0.0,0.0,0,"{""0"": 16874, ""1"": 22125, ""2"": 24786, ""3"": 19412, ""4"": 29575, ""5"": 15227}",connected
128099,628,20000,0.050000000000000044,0.03384044016711414,1.0886500802543013,0.0,0.0,0,"{""0"": 16909, ""1"": 22136, ""2"": 24810, ""3"": 19425, ""4"": 29585, ""5"": 15234}",connected
128199,628,20000,0.050000000000000044,0.032515963707119226,1.0886500802543013,0.0,0.0,0,"{""0"": 16920, ""1"": 22145, ""2"": 24814, ""3"": 19443, ""4"": 29637, ""5"": 15240}",connected
128299,628,20000,0.050000000000000044,0.032269806200638414,1.0886500802543013,0.0,0.0,0,"{""0"": 16954, ""1"": 22153, ""2"": 24817, ""3"": 19475, ""4"": 29660, ""5"": 15240}",connected
128399,630,20000,0.050000000000000044,0.033431590469554066,0.9320700810058042,0.0,0.0,0,"{""0"": 16990, ""1"": 22169, ""2"": 24832, ""3"": 19499, ""4"": 29669, ""5"": 15240}",connected
128499,630,20000,0.050000000000000044,0.03274019101634622,0.9320700810058042,0.0,0.0,0,"{""0"": 17005, ""1"": 22179, ""2"": 24894, ""3"": 19501, ""4"": 29680, ""5"": 15240}",connected
128599,630,20000,0.050000000000000044,0.03279397410340607,0.9320700810058042,0.0,0.0,0,"{""0"": 17026, ""1"": 22203, ""2"": 24916, ""3"": 19511, ""4"": 29700, ""5"": 15243}",connected
128699,632,20000,0.050000000000000044,0.0331457370147109,0.9508900809288025,0.0,0.0,0,"{""0"": 17038, ""1"": 22221, ""2"": 24950, ""3"": 19518, ""4"": 29724, ""5"": 15248}",connected
128799,632,20000,0.050000000000000044,0.03051299346610904,0.9508900809288025,0.0,0.0,0,"{""0"": 17042, ""1"": 22248, ""2"": 24982, ""3"": 19529, ""4"": 29746, ""5"": 15252}",connected
128899,632,20000,0.050000000000000044,0.031284257927909495,0.9508900809288025,0.0,0.0,0,"{""0"": 17049, ""1"": 22276, ""2"": 24999, ""3"": 19561, ""4"": 29759, ""5"": 15255}",connected
128999,634,20000,0.050000000000000044,0.03135507805272937,0.955130084939301,0.0,0.0,0,"{""0"": 17063, ""1"": 22291, ""2"": 25023, ""3"": 19564, ""4"": 29792, ""5"": 15266}",connected
129099,634,20000,0.050000000000000044,0.033059018766507506,0.955130084939301,0.0,0.0,0,"{""0"": 17072, ""1"": 22305, ""2"": 25048, ""3"": 19592, ""4"": 29813, ""5"": 15269}",connected
129199,634,20000,0.050000000000000044,0.03445665519684553,0.955130084939301,0.0,0.0,0,"{""0"": 17087, ""1"": 22326, ""2"": 25074, ""3"": 19601, ""4"": 29834, ""5"": 15277}",connected
129299,636,20000,0.050000000000000044,0.03574617910198867,0.9642100803833454,0.0,0.0,0,"{""0"": 17110, ""1"": 22353, ""2"": 25091, ""3"": 19610, ""4"": 29850, ""5"": 15285}",connected
129399,636,20000,0.050000000000000044,0.035419427920132876,0.9642100803833454,0.0,0.0,0,"{""0"": 17120, ""1"": 22388, ""2"": 25125, ""3"": 19618, ""4"": 29861, ""5"": 15287}",connected
129499,636,20000,0.050000000000000044,0.035872658155858515,0.9642100803833454,0.0,0.0,0,"{""0"": 17161, ""1"": 22389, ""2"": 25125, ""3"": 19676, ""4"": 29861, ""5"": 15287}",connected
129599,636,20000,0.050000000000000044,0.03403092636726797,0.9642100803833454,0.0,0.0,0,"{""0"": 17220, ""1"": 22396, ""2"": 25127, ""3"": 19708, ""4"": 29861, ""5"": 15287}",connected
129699,638,20000,0.050000000000000044,0.03155679862014949,0.9476000807154924,0.0,0.0,0,"{""0"": 17234, ""1"": 22409, ""2"": 25139, ""3"": 19743, ""4"": 29885, ""5"": 15289}",connected
129799,638,20000,0.050000000000000044,0.030898562539368866,0.9476000807154924,0.0,0.0,0,"{""0"": 17264, ""1"": 22418, ""2"": 25150, ""3"": 19750, ""4"": 29912, ""5"": 15305}",connected
129899,638,20000,0.050000000000000044,0.028700491236522793,0.9476000807154924,0.0,0.0,0,"{""0"": 17310, ""1"": 22420, ""2"": 25165, ""3"": 19765, ""4"": 29914, ""5"": 15325}",connected
129999,638,20000,0.050000000000000044,0.032094974126666787,0.9476000807154924,0.0,0.0,0,"{""0"": 17387, ""1"": 22421, ""2"": 25180, ""3"": 19766, ""4"": 29915, ""5"": 15330}",connected
130099,638,20000,0.050000000000000044,0.03174943265505135,0.9476000807154924,0.0,0.0,0,"{""0"": 17457, ""1"": 22421, ""2"": 25200, ""3"": 19771, ""4"": 29915, ""5"": 15335}",connected
130199,638,20000,0.050000000000000044,0.032811847301200035,0.9476000807154924,0.0,0.0,0,"{""0"": 17493, ""1"": 22428, ""2"": 25213, ""3"": 19781, ""4"": 29933, ""5"": 15351}",connected
130299,638,20000,0.050000000000000044,0.03530733755789697,0.9476000807154924,0.0,0.0,0,"{""0"": 17506, ""1"": 22467, ""2"": 25216, ""3"": 19806, ""4"": 29939, ""5"": 15365}",connected
130399,638,20000,0.050000000000000044,0.03439934701658785,0.9476000807154924,0.0,0.0,0,"{""0"": 17516, ""1"": 22500, ""2"": 25216, ""3"": 19844, ""4"": 29939, ""5"": 15384}",connected
130499,640,20000,0.050000000000000044,0.036820521596819165,0.9060200818860903,0.0,0.0,0,"{""0"": 17527, ""1"": 22514, ""2"": 25248, ""3"": 19850, ""4"": 29963, ""5"": 15397}",connected
130599,640,20000,0.050000000000000044,0.03585658867843449,0.9060200818860903,0.0,0.0,0,"{""0"": 17560, ""1"": 22528, ""2"": 25269, ""3"": 19853, ""4"": 29978, ""5"": 15411}",connected
130699,640,20000,0.050000000000000044,0.03595736279152334,0.9060200818860903,0.0,0.0,0,"{""0"": 17563, ""1"": 22549, ""2"": 25288, ""3"": 19876, ""4"": 29990, ""5"": 15433}",connected
130799,640,20000,0.050000000000000044,0.036902286559343335,0.9060200818860903,0.0,0.0,0,"{""0"": 17563, ""1"": 22549, ""2"": 25335, ""3"": 19876, ""4"": 30031, ""5"": 15445}",connected
130899,640,20000,0.050000000000000044,0.03798889960162342,0.9060200818860903,0.0,0.0,0,"{""0"": 17563, ""1"": 22550, ""2"": 25353, ""3"": 19905, ""4"": 30061, ""5"": 15467}",connected
130999,640,20000,0.050000000000000044,0.041448220340535046,0.9060200818860903,0.0,0.0,0,"{""0"": 17564, ""1"": 22553, ""2"": 25357, ""3"": 19951, ""4"": 30102, ""5"": 15472}",connected
131099,640,20000,0.050000000000000044,0.04317805371247232,0.9060200818860903,0.0,0.0,0,"{""0"": 17564, ""1"": 22554, ""2"": 25358, ""3"": 19996, ""4"": 30149, ""5"": 15478}",connected
131199,642,20000,0.050000000000000044,0.044232049742713574,0.939740079366602,0.0,0.0,0,"{""0"": 17575, ""1"": 22564, ""2"": 25370, ""3"": 20015, ""4"": 30196, ""5"": 15479}",connected
131299,642,20000,0.050000000000000044,0.04321123599074781,0.939740079366602,0.0,0.0,0,"{""0"": 17610, ""1"": 22577, ""2"": 25377, ""3"": 20029, ""4"": 30219, ""5"": 15487}",connected
131399,644,20000,0.050000000000000044,0.041683498248457906,0.966770080733113,0.0,0.0,0,"{""0"": 17622, ""1"": 22606, ""2"": 25402, ""3"": 20044, ""4"": 30236, ""5"": 15489}",connected
131499,644,20000,0.050000000000000044,0.03997074748389423,0.966770080733113,0.0,0.0,0,"{""0"": 17624, ""1"": 22612, ""2"": 25442, ""3"": 20050, ""4"": 30280, ""5"": 15491}",connected
131599,644,20000,0.050000000000000044,0.03841015659272671,0.966770080733113,0.0,0.0,0,"{""0"": 17626, ""1"": 22629, ""2"": 25464, ""3"": 20074, ""4"": 30308, ""5"": 15498}",connected
131699,644,20000,0.050000000000000044,0.03786496004089713,0.966770080733113,0.0,0.0,0,"{""0"": 17640, ""1"": 22671, ""2"": 25467, ""3"": 20077, ""4"": 30308, ""5"": 15536}",connected
131799,644,20000,0.050000000000000044,0.03866756588220596,0.966770080733113,0.0,0.0,0,"{""0"": 17663, ""1"": 22718, ""2"": 25467, ""3"": 20077, ""4"": 30308, ""5"": 15566}",connected
131899,644,20000,0.050000000000000044,0.037187314396724104,0.966770080733113,0.0,0.0,0,"{""0"": 17674, ""1"": 22758, ""2"": 25470, ""3"": 20096, ""4"": 30315, ""5"": 15586}",connected
131999,644,20000,0.050000000000000044,0.03653007102198899,0.966770080733113,0.0,0.0,0,"{""0"": 17677, ""1"": 22788, ""2"": 25504, ""3"": 20105, ""4"": 30329, ""5"": 15596}",connected
132099,644,20000,0.050000000000000044,0.039220922710374,0.966770080733113,0.0,0.0,0,"{""0"": 17721, ""1"": 22806, ""2"": 25520, ""3"": 20115, ""4"": 30334, ""5"": 15603}",connected
132199,646,20000,0.050000000000000044,0.03861458920873702,0.905960084204562,0.0,0.0,0,"{""0"": 17733, ""1"": 22820, ""2"": 25541, ""3"": 20132, ""4"": 30367, ""5"": 15606}",connected
132299,648,20000,0.050000000000000044,0.0405224637221545,1.1215400840854273,0.0,0.0,0,"{""0"": 17758, ""1"": 22836, ""2"": 25561, ""3"": 20138, ""4"": 30400, ""5"": 15606}",connected
132399,648,20000,0.050000000000000044,0.040848655933514236,1.1215400840854273,0.0,0.0,0,"{""0"": 17769, ""1"": 22836, ""2"": 25566, ""3"": 20164, ""4"": 30419, ""5"": 15645}",connected
132499,648,20000,0.050000000000000044,0.040341697996482254,1.1215400840854273,0.0,0.0,0,"{""0"": 17780, ""1"": 22836, ""2"": 25578, ""3"": 20180, ""4"": 30430, ""5"": 15695}",connected
132599,648,20000,0.050000000000000044,0.04179636104032397,1.1215400840854273,0.0,0.0,0,"{""0"": 17795, ""1"": 22837, ""2"": 25604, ""3"": 20184, ""4"": 30441, ""5"": 15738}",connected
132699,648,20000,0.050000000000000044,0.041111636012792586,1.1215400840854273,0.0,0.0,0,"{""0"": 17816, ""1"": 22839, ""2"": 25613, ""3"": 20200, ""4"": 30457, ""5"": 15774}",connected
132799,648,20000,0.050000000000000044,0.043238380663096904,1.1215400840854273,0.0,0.0,0,"{""0"": 17828, ""1"": 22840, ""2"": 25636, ""3"": 20203, ""4"": 30496, ""5"": 15796}",connected
132899,648,20000,0.050000000000000044,0.04241268953308463,1.1215400840854273,0.0,0.0,0,"{""0"": 17870, ""1"": 22857, ""2"": 25648, ""3"": 20214, ""4"": 30514, ""5"": 15796}",connected
132999,650,20000,0.050000000000000044,0.04064840050414205,0.9625400842819363,0.0,0.0,0,"{""0"": 17886, ""1"": 22871, ""2"": 25660, ""3"": 20226, ""4"": 30546, ""5"": 15810}",connected
133099,650,20000,0.050000000000000044,0.04193384943529963,0.9625400842819363,0.0,0.0,0,"{""0"": 17899, ""1"": 22898, ""2"": 25677, ""3"": 20240, ""4"": 30565, ""5"": 15820}",connected
133199,652,20000,0.050000000000000044,0.0388302000798285,1.0081600769702346,0.0,0.0,0,"{""0"": 17907, ""1"": 22924, ""2"": 25695, ""3"": 20258, ""4"": 30587, ""5"": 15828}",connected
133299,652,20000,0.050000000000000044,0.037545049637556074,1.0081600769702346,0.0,0.0,0,"{""0"": 17927, ""1"": 22939, ""2"": 25719, ""3"": 20269, ""4"": 30611, ""5"": 15834}",connected
133399,652,20000,0.050000000000000044,0.03864354697987437,1.0081600769702346,0.0,0.0,0,"{""0"": 17931, ""1"": 22966, ""2"": 25731, ""3"": 20301, ""4"": 30619, ""5"": 15851}",connected
133499,652,20000,0.050000000000000044,0.03726974481716752,1.0081600769702346,0.0,0.0,0,"{""0"": 17931, ""1"": 22977, ""2"": 25738, ""3"": 20345, ""4"": 30624, ""5"": 15884}",connected
133599,652,20000,0.050000000000000044,0.03743972886353731,1.0081600769702346,0.0,0.0,0,"{""0"": 17933, ""1"": 22980, ""2"": 25743, ""3"": 20409, ""4"": 30630, ""5"": 15904}",connected
133699,652,20000,0.050000000000000044,0.038533398415893316,1.0081600769702346,0.0,0.0,0,"{""0"": 17933, ""1"": 23000, ""2"": 25747, ""3"": 20451, ""4"": 30657, ""5"": 15911}",connected
133799,652,20000,0.050000000000000044,0.03804802084341645,1.0081600769702346,0.0,0.0,0,"{""0"": 17934, ""1"": 23031, ""2"": 25747, ""3"": 20458, ""4"": 30714, ""5"": 15915}",connected
133899,654,20000,0.050000000000000044,0.03872152335941791,0.8775100782979279,0.0,0.0,0,"{""0"": 17936, ""1"": 23077, ""2"": 25751, ""3"": 20475, ""4"": 30743, ""5"": 15917}",connected
133999,654,20000,0.050000000000000044,0.04117522418498993,0.8775100782979279,0.0,0.0,0,"{""0"": 17939, ""1"": 23093, ""2"": 25778, ""3"": 20491, ""4"": 30779, ""5"": 15919}",connected
134099,654,20000,0.050000000000000044,0.04120952794328332,0.8775100782979279,0.0,0.0,0,"{""0"": 17979, ""1"": 23132, ""2"": 25783, ""3"": 20497, ""4"": 30785, ""5"": 15923}",connected
134199,654,20000,0.050000000000000044,0.0394601306412369,0.8775100782979279,0.0,0.0,0,"{""0"": 18010, ""1"": 23181, ""2"": 25783, ""3"": 20509, ""4"": 30792, ""5"": 15924}",connected
134299,654,20000,0.050000000000000044,0.03789537245407701,0.8775100782979279,0.0,0.0,0,"{""0"": 18051, ""1"": 23225, ""2"": 25786, ""3"": 20513, ""4"": 30797, ""5"": 15927}",connected
134399,654,20000,0.050000000000000044,0.0360944801568985,0.8775100782979279,0.0,0.0,0,"{""0"": 18066, ""1"": 23275, ""2"": 25786, ""3"": 20532, ""4"": 30811, ""5"": 15929}",connected
134499,654,20000,0.050000000000000044,0.034883124306797984,0.8775100782979279,0.0,0.0,0,"{""0"": 18066, ""1"": 23321, ""2"": 25787, ""3"": 20558, ""4"": 30836, ""5"": 15931}",connected
134599,654,20000,0.050000000000000044,0.0339362402446568,0.8775100782979279,0.0,0.0,0,"{""0"": 18069, ""1"": 23365, ""2"": 25791, ""3"": 20586, ""4"": 30856, ""5"": 15932}",connected
134699,656,20000,0.050000000000000044,0.03596265629865229,0.7434600787144154,0.0,0.0,0,"{""0"": 18078, ""1"": 23396, ""2"": 25806, ""3"": 20593, ""4"": 30885, ""5"": 15941}",connected
134799,658,20000,0.050000000000000044,0.03657338292337954,0.890510079395026,0.0,0.0,0,"{""0"": 18085, ""1"": 23416, ""2"": 25830, ""3"": 20605, ""4"": 30917, ""5"": 15946}",connected
134899,660,20000,0.050000000000000044,0.03694764407351613,0.9131000768393278,0.0,0.0,0,"{""0"": 18089, ""1"": 23444, ""2"": 25860, ""3"": 20620, ""4"": 30934, ""5"": 15952}",connected
134999,660,20000,0.050000000000000044,0.038754704659804705,0.9131000768393278,0.0,0.0,0,"{""0"": 18106, ""1"": 23454, ""2"": 25881, ""3"": 20621, ""4"": 30952, ""5"": 15985}",connected
135099,660,20000,0.050000000000000044,0.03690195452421904,0.9131000768393278,0.0,0.0,0,"{""0"": 18140, ""1"": 23465, ""2"": 25893, ""3"": 20628, ""4"": 30958, ""5"": 16015}",connected
135199,660,20000,0.050000000000000044,0.037271285504102705,0.9131000768393278,0.0,0.0,0,"{""0"": 18156, ""1"": 23510, ""2"": 25904, ""3"": 20638, ""4"": 30966, ""5"": 16025}",connected
135299,660,20000,0.050000000000000044,0.036665965914726255,0.9131000768393278,0.0,0.0,0,"{""0"": 18166, ""1"": 23511, ""2"": 25904, ""3"": 20638, ""4"": 31043, ""5"": 16037}",connected
135399,660,20000,0.050000000000000044,0.037851934432983396,0.9131000768393278,0.0,0.0,0,"{""0"": 18166, ""1"": 23515, ""2"": 25904, ""3"": 20639, ""4"": 31138, ""5"": 16037}",connected
135499,660,20000,0.050000000000000044,0.03857362527400255,0.9131000768393278,0.0,0.0,0,"{""0"": 18166, ""1"": 23557, ""2"": 25905, ""3"": 20652, ""4"": 31180, ""5"": 16039}",connected
135599,660,20000,0.050000000000000044,0.037121889777481556,0.9131000768393278,0.0,0.0,0,"{""0"": 18166, ""1"": 23657, ""2"": 25905, ""3"": 20652, ""4"": 31180, ""5"": 16039}",connected
135699,662,20000,0.050000000000000044,0.0411028750333935,1.0031400811485947,0.0,0.0,0,"{""0"": 18174, ""1"": 23685, ""2"": 25917, ""3"": 20662, ""4"": 31214, ""5"": 16047}",connected
135799,662,20000,0.050000000000000044,0.0390336340572685,1.0031400811485947,0.0,0.0,0,"{""0"": 18177, ""1"": 23725, ""2"": 25917, ""3"": 20690, ""4"": 31238, ""5"": 16052}",connected
135899,662,20000,0.050000000000000044,0.03888176434673369,1.0031400811485947,0.0,0.0,0,"{""0"": 18202, ""1"": 23767, ""2"": 25936, ""3"": 20692, ""4"": 31250, ""5"": 16052}",connected
135999,664,20000,0.050000000000000044,0.038431825349107385,0.9559400781430304,0.0,0.0,0,"{""0"": 18214, ""1"": 23794, ""2"": 25970, ""3"": 20705, ""4"": 31263, ""5"": 16053}",connected
136099,664,20000,0.050000000000000044,0.03327689600177109,0.9559400781430304,0.0,0.0,0,"{""0"": 18227, ""1"": 23817, ""2"": 25992, ""3"": 20708, ""4"": 31294, ""5"": 16061}",connected
136199,664,20000,0.050000000000000044,0.033242522785440085,0.9559400781430304,0.0,0.0,0,"{""0"": 18237, ""1"": 23823, ""2"": 26002, ""3"": 20736, ""4"": 31326, ""5"": 16075}",connected
136299,664,20000,0.050000000000000044,0.03253382943570614,0.9559400781430304,0.0,0.0,0,"{""0"": 18248, ""1"": 23846, ""2"": 26021, ""3"": 20761, ""4"": 31344, ""5"": 16079}",connected
136399,664,20000,0.050000000000000044,0.034187596077099446,0.9559400781430304,0.0,0.0,0,"{""0"": 18255, ""1"": 23869, ""2"": 26032, ""3"": 20780, ""4"": 31373, ""5"": 16090}",connected
136499,664,20000,0.050000000000000044,0.03555505305528641,0.9559400781430304,0.0,0.0,0,"{""0"": 18268, ""1"": 23877, ""2"": 26060, ""3"": 20791, ""4"": 31408, ""5"": 16095}",connected
136599,664,20000,0.050000000000000044,0.03604611952789128,0.9559400781430304,0.0,0.0,0,"{""0"": 18270, ""1"": 23884, ""2"": 26097, ""3"": 20810, ""4"": 31442, ""5"": 16096}",connected
136699,664,20000,0.050000000000000044,0.03579546536318958,0.9559400781430304,0.0,0.0,0,"{""0"": 18279, ""1"": 23902, ""2"": 26126, ""3"": 20827, ""4"": 31468, ""5"": 16097}",connected
136799,666,20000,0.050000000000000044,0.03526855775155127,0.8124400818860158,0.0,0.0,0,"{""0"": 18287, ""1"": 23913, ""2"": 26148, ""3"": 20834, ""4"": 31506, ""5"": 16111}",connected
136899,666,20000,0.050000000000000044,0.037235305849462746,0.8124400818860158,0.0,0.0,0,"{""0"": 18292, ""1"": 23915, ""2"": 26196, ""3"": 20861, ""4"": 31523, ""5"": 16112}",connected
136999,666,20000,0.050000000000000044,0.03793844192288816,0.8124400818860158,0.0,0.0,0,"{""0"": 18293, ""1"": 23922, ""2"": 26226, ""3"": 20914, ""4"": 31528, ""5"": 16116}",connected
137099,666,20000,0.050000000000000044,0.03883120526559651,0.8124400818860158,0.0,0.0,0,"{""0"": 18299, ""1"": 23935, ""2"": 26249, ""3"": 20948, ""4"": 31548, ""5"": 16120}",connected
137199,668,20000,0.050000000000000044,0.03991990588605404,0.8160600817203522,0.0,0.0,0,"{""0"": 18329, ""1"": 23958, ""2"": 26263, ""3"": 20953, ""4"": 31569, ""5"": 16127}",connected
137299,668,20000,0.050000000000000044,0.039313780181109904,0.8160600817203522,0.0,0.0,0,"{""0"": 18337, ""1"": 23985, ""2"": 26289, ""3"": 20967, ""4"": 31576, ""5"": 16145}",connected
137399,668,20000,0.050000000000000044,0.038897829744964835,0.8160600817203522,0.0,0.0,0,"{""0"": 18350, ""1"": 24025, ""2"": 26297, ""3"": 21002, ""4"": 31579, ""5"": 16146}",connected
137499,668,20000,0.050000000000000044,0.040959149841219185,0.8160600817203522,0.0,0.0,0,"{""0"": 18394, ""1"": 24028, ""2"": 26298, ""3"": 21054, ""4"": 31579, ""5"": 16146}",connected
137599,668,20000,0.050000000000000044,0.04038625437766313,0.8160600817203522,0.0,0.0,0,"{""0"": 18398, ""1"": 24040, ""2"": 26303, ""3"": 21085, ""4"": 31618, ""5"": 16155}",connected
137699,668,20000,0.050000000000000044,0.040884380042552945,0.8160600817203522,0.0,0.0,0,"{""0"": 18399, ""1"": 24048, ""2"": 26310, ""3"": 21118, ""4"": 31655, ""5"": 16169}",connected
137799,668,20000,0.050000000000000044,0.04159549223259092,0.8160600817203522,0.0,0.0,0,"{""0"": 18410, ""1"": 24048, ""2"": 26313, ""3"": 21134, ""4"": 31691, ""5"": 16203}",connected
137899,670,20000,0.050000000000000044,0.04017894283868372,0.6563900850061327,0.0,0.0,0,"{""0"": 18424, ""1"": 24048, ""2"": 26322, ""3"": 21154, ""4"": 31734, ""5"": 16217}",connected
137999,670,20000,0.050000000000000044,0.03947451155632734,0.6563900850061327,0.0,0.0,0,"{""0"": 18429, ""1"": 24049, ""2"": 26328, ""3"": 21154, ""4"": 31787, ""5"": 16252}",connected
138099,670,20000,0.050000000000000044,0.03922736297361553,0.6563900850061327,0.0,0.0,0,"{""0"": 18441, ""1"": 24063, ""2"": 26334, ""3"": 21161, ""4"": 31827, ""5"": 16273}",connected
138199,672,20000,0.050000000000000044,0.04003516498953104,0.6766200852720067,0.0,0.0,0,"{""0"": 18449, ""1"": 24087, ""2"": 26355, ""3"": 21167, ""4"": 31852, ""5"": 16289}",connected
138299,672,20000,0.050000000000000044,0.04128207924775779,0.6766200852720067,0.0,0.0,0,"{""0"": 18468, ""1"": 24101, ""2"": 26388, ""3"": 21175, ""4"": 31873, ""5"": 16294}",connected
138399,672,20000,0.050000000000000044,0.04335388761013746,0.6766200852720067,0.0,0.0,0,"{""0"": 18497, ""1"": 24106, ""2"": 26406, ""3"": 21192, ""4"": 31891, ""5"": 16307}",connected
138499,672,20000,0.050000000000000044,0.041257647573947905,0.6766200852720067,0.0,0.0,0,"{""0"": 18506, ""1"": 24106, ""2"": 26423, ""3"": 21236, ""4"": 31910, ""5"": 16318}",connected
138599,672,20000,0.050000000000000044,0.04116222419776022,0.6766200852720067,0.0,0.0,0,"{""0"": 18515, ""1"": 24111, ""2"": 26440, ""3"": 21288, ""4"": 31914, ""5"": 16331}",connected
138699,672,20000,0.050000000000000044,0.037057858798652886,0.6766200852720067,0.0,0.0,0,"{""0"": 18565, ""1"": 24111, ""2"": 26440, ""3"": 21326, ""4"": 31919, ""5"": 16338}",connected
138799,672,20000,0.050000000000000044,0.03561232890933752,0.6766200852720067,0.0,0.0,0,"{""0"": 18613, ""1"": 24112, ""2"": 26440, ""3"": 21365, ""4"": 31919, ""5"": 16350}",connected
138899,674,20000,0.050000000000000044,0.036542873671278356,0.6185300832614302,0.0,0.0,0,"{""0"": 18629, ""1"": 24134, ""2"": 26458, ""3"": 21379, ""4"": 31944, ""5"": 16355}",connected
138999,674,20000,0.050000000000000044,0.03440478850156069,0.6185300832614302,0.0,0.0,0,"{""0"": 18631, ""1"": 24139, ""2"": 26550, ""3"": 21379, ""4"": 31944, ""5"": 16356}",connected
139099,674,20000,0.050000000000000044,0.03770208123140037,0.6185300832614302,0.0,0.0,0,"{""0"": 18631, ""1"": 24142, ""2"": 26639, ""3"": 21386, ""4"": 31945, ""5"": 16356}",connected
139199,674,20000,0.050000000000000044,0.03600419263355434,0.6185300832614302,0.0,0.0,0,"{""0"": 18642, ""1"": 24163, ""2"": 26687, ""3"": 21396, ""4"": 31953, ""5"": 16358}",connected
139299,676,20000,0.050000000000000044,0.037653842130675914,0.5769700825074687,0.0,0.0,0,"{""0"": 18653, ""1"": 24178, ""2"": 26721, ""3"": 21401, ""4"": 31985, ""5"": 16361}",connected
139399,676,20000,0.050000000000000044,0.03888018381781876,0.5769700825074687,0.0,0.0,0,"{""0"": 18655, ""1"": 24193, ""2"": 26768, ""3"": 21401, ""4"": 32018, ""5"": 16364}",connected
139499,676,20000,0.050000000000000044,0.03936671475879848,0.5769700825074687,0.0,0.0,0,"{""0"": 18669, ""1"": 24211, ""2"": 26783, ""3"": 21420, ""4"": 32043, ""5"": 16373}",connected
139599,676,20000,0.050000000000000044,0.04008976494893432,0.5769700825074687,0.0,0.0,0,"{""0"": 18672, ""1"": 24234, ""2"": 26798, ""3"": 21439, ""4"": 32055, ""5"": 16401}",connected
139699,676,20000,0.050000000000000044,0.04171708762645721,0.5769700825074687,0.0,0.0,0,"{""0"": 18678, ""1"": 24277, ""2"": 26814, ""3"": 21451, ""4"": 32067, ""5"": 16412}",connected
139799,676,20000,0.050000000000000044,0.04584574451670051,0.5769700825074687,0.0,0.0,0,"{""0"": 18678, ""1"": 24277, ""2"": 26856, ""3"": 21499, ""4"": 32068, ""5"": 16421}",connected
139899,676,20000,0.050000000000000044,0.0445434351824224,0.5769700825074687,0.0,0.0,0,"{""0"": 18681, ""1"": 24281, ""2"": 26895, ""3"": 21523, ""4"": 32087, ""5"": 16432}",connected
139999,678,20000,0.050000000000000044,0.04584920619614422,0.45391008400358257,0.0,0.0,0,"{""0"": 18691, ""1"": 24293, ""2"": 26915, ""3"": 21535, ""4"": 32127, ""5"": 16438}",connected
140099,678,20000,0.050000000000000044,0.043182141734287145,0.45391008400358257,0.0,0.0,0,"{""0"": 18691, ""1"": 24295, ""2"": 26972, ""3"": 21537, ""4"": 32133, ""5"": 16471}",connected
140199,678,20000,0.050000000000000044,0.03958946410566568,0.45391008400358257,0.0,0.0,0,"{""0"": 18691, ""1"": 24295, ""2"": 27054, ""3"": 21538, ""4"": 32150, ""5"": 16471}",connected
140299,678,20000,0.050000000000000044,0.04091073581017554,0.45391008400358257,0.0,0.0,0,"{""0"": 18692, ""1"": 24296, ""2"": 27135, ""3"": 21539, ""4"": 32165, ""5"": 16472}",connected
140399,678,20000,0.050000000000000044,0.04116626405157149,0.45391008400358257,0.0,0.0,0,"{""0"": 18712, ""1"": 24296, ""2"": 27201, ""3"": 21544, ""4"": 32172, ""5"": 16474}",connected
140499,678,20000,0.050000000000000044,0.043439055448398,0.45391008400358257,0.0,0.0,0,"{""0"": 18752, ""1"": 24296, ""2"": 27261, ""3"": 21544, ""4"": 32172, ""5"": 16474}",connected
140599,678,20000,0.050000000000000044,0.0434585515782237,0.45391008400358257,0.0,0.0,0,"{""0"": 18798, ""1"": 24298, ""2"": 27296, ""3"": 21544, ""4"": 32188, ""5"": 16475}",connected
140699,680,20000,0.050000000000000044,0.04100732718594372,0.23036008873954417,0.0,0.0,0,"{""0"": 18823, ""1"": 24304, ""2"": 27343, ""3"": 21551, ""4"": 32202, ""5"": 16476}",connected
140799,680,20000,0.050000000000000044,0.039511935524642466,0.23036008873954417,0.0,0.0,0,"{""0"": 18831, ""1"": 24324, ""2"": 27360, ""3"": 21569, ""4"": 32231, ""5"": 16484}",connected
140899,682,20000,0.050000000000000044,0.03689301617443561,0.28365008818451315,0.0,0.0,0,"{""0"": 18866, ""1"": 24332, ""2"": 27376, ""3"": 21574, ""4"": 32260, ""5"": 16491}",connected
140999,682,20000,0.050000000000000044,0.034827185831964015,0.28365008818451315,0.0,0.0,0,"{""0"": 18885, ""1"": 24344, ""2"": 27397, ""3"": 21591, ""4"": 32270, ""5"": 16512}",connected
141099,684,20000,0.050000000000000044,0.03721326217986643,0.37692008334212007,0.0,0.0,0,"{""0"": 18894, ""1"": 24353, ""2"": 27422, ""3"": 21610, ""4"": 32301, ""5"": 16519}",connected
141199,684,20000,0.050000000000000044,0.03990179043263197,0.37692008334212007,0.0,0.0,0,"{""0"": 18961, ""1"": 24353, ""2"": 27424, ""3"": 21615, ""4"": 32323, ""5"": 16523}",connected
141299,684,20000,0.050000000000000044,0.04048811035230756,0.37692008334212007,0.0,0.0,0,"{""0"": 18979, ""1"": 24390, ""2"": 27428, ""3"": 21620, ""4"": 32332, ""5"": 16550}",connected
141399,684,20000,0.050000000000000044,0.040958648398518566,0.37692008334212007,0.0,0.0,0,"{""0"": 18980, ""1"": 24440, ""2"": 27428, ""3"": 21620, ""4"": 32332, ""5"": 16599}",connected
141499,684,20000,0.050000000000000044,0.04116373013705015,0.37692008334212007,0.0,0.0,0,"{""0"": 18980, ""1"": 24513, ""2"": 27435, ""3"": 21620, ""4"": 32332, ""5"": 16619}",connected
141599,684,20000,0.050000000000000044,0.039729894548654554,0.37692008334212007,0.0,0.0,0,"{""0"": 18980, ""1"": 24539, ""2"": 27461, ""3"": 21668, ""4"": 32332, ""5"": 16619}",connected
141699,684,20000,0.050000000000000044,0.03850875735282898,0.37692008334212007,0.0,0.0,0,"{""0"": 19012, ""1"": 24547, ""2"": 27463, ""3"": 21723, ""4"": 32335, ""5"": 16619}",connected
141799,686,20000,0.050000000000000044,0.04099075992591679,0.21754008093383162,0.0,0.0,0,"{""0"": 19021, ""1"": 24559, ""2"": 27486, ""3"": 21746, ""4"": 32367, ""5"": 16620}",connected
141899,686,20000,0.050000000000000044,0.04002649365924299,0.21754008093383162,0.0,0.0,0,"{""0"": 19055, ""1"": 24586, ""2"": 27496, ""3"": 21759, ""4"": 32369, ""5"": 16634}",connected
141999,686,20000,0.050000000000000044,0.03774837047792971,0.21754008093383162,0.0,0.0,0,"{""0"": 19087, ""1"": 24596, ""2"": 27512, ""3"": 21771, ""4"": 32388, ""5"": 16645}",connected
142099,688,20000,0.050000000000000044,0.043420439613983036,0.23274007675237954,0.0,0.0,0,"{""0"": 19106, ""1"": 24609, ""2"": 27524, ""3"": 21782, ""4"": 32432, ""5"": 16646}",connected
142199,690,20000,0.050000000000000044,0.04119302914477885,0.28633007328025994,0.0,0.0,0,"{""0"": 19122, ""1"": 24631, ""2"": 27534, ""3"": 21785, ""4"": 32465, ""5"": 16662}",connected
142299,690,20000,0.050000000000000044,0.042581896893680096,0.28633007328025994,0.0,0.0,0,"{""0"": 19138, ""1"": 24653, ""2"": 27545, ""3"": 21793, ""4"": 32481, ""5"": 16689}",connected
142399,690,20000,0.050000000000000044,0.04619693100452423,0.28633007328025994,0.0,0.0,0,"{""0"": 19153, ""1"": 24662, ""2"": 27571, ""3"": 21793, ""4"": 32506, ""5"": 16714}",connected
142499,692,20000,0.050000000000000044,0.042284084809944035,0.3029600734496489,0.0,0.0,0,"{""0"": 19175, ""1"": 24678, ""2"": 27599, ""3"": 21797, ""4"": 32525, ""5"": 16725}",connected
142599,692,20000,0.050000000000000044,0.04161440315656364,0.3029600734496489,0.0,0.0,0,"{""0"": 19182, ""1"": 24697, ""2"": 27621, ""3"": 21817, ""4"": 32554, ""5"": 16728}",connected
142699,692,20000,0.050000000000000044,0.04043098135851324,0.3029600734496489,0.0,0.0,0,"{""0"": 19183, ""1"": 24722, ""2"": 27648, ""3"": 21832, ""4"": 32580, ""5"": 16734}",connected
142799,692,20000,0.050000000000000044,0.03937612442299723,0.3029600734496489,0.0,0.0,0,"{""0"": 19194, ""1"": 24731, ""2"": 27656, ""3"": 21858, ""4"": 32624, ""5"": 16736}",connected
142899,692,20000,0.050000000000000044,0.0387784927058965,0.3029600734496489,0.0,0.0,0,"{""0"": 19206, ""1"": 24732, ""2"": 27660, ""3"": 21911, ""4"": 32654, ""5"": 16736}",connected
142999,692,20000,0.050000000000000044,0.04082224814221263,0.3029600734496489,0.0,0.0,0,"{""0"": 19207, ""1"": 24733, ""2"": 27709, ""3"": 21951, ""4"": 32663, ""5"": 16736}",connected
143099,692,20000,0.050000000000000044,0.03881823735311627,0.3029600734496489,0.0,0.0,0,"{""0"": 19209, ""1"": 24735, ""2"": 27760, ""3"": 21982, ""4"": 32676, ""5"": 16737}",connected
143199,694,20000,0.050000000000000044,0.03969756522215903,0.2170100697595626,0.0,0.0,0,"{""0"": 19214, ""1"": 24751, ""2"": 27776, ""3"": 21999, ""4"": 32722, ""5"": 16737}",connected
143299,694,20000,0.050000000000000044,0.04138826047070324,0.2170100697595626,0.0,0.0,0,"{""0"": 19220, ""1"": 24791, ""2"": 27782, ""3"": 22000, ""4"": 32750, ""5"": 16756}",connected
143399,694,20000,0.050000000000000044,0.04074075829237699,0.2170100697595626,0.0,0.0,0,"{""0"": 19230, ""1"": 24832, ""2"": 27794, ""3"": 22013, ""4"": 32766, ""5"": 16764}",connected
143499,694,20000,0.050000000000000044,0.04088705682195723,0.2170100697595626,0.0,0.0,0,"{""0"": 19234, ""1"": 24872, ""2"": 27803, ""3"": 22033, ""4"": 32790, ""5"": 16767}",connected
143599,694,20000,0.050000000000000044,0.04014463656581938,0.2170100697595626,0.0,0.0,0,"{""0"": 19236, ""1"": 24926, ""2"": 27812, ""3"": 22050, ""4"": 32807, ""5"": 16768}",connected
143699,694,20000,0.050000000000000044,0.03624262536875904,0.2170100697595626,0.0,0.0,0,"{""0"": 19237, ""1"": 24999, ""2"": 27824, ""3"": 22057, ""4"": 32812, ""5"": 16770}",connected
143799,694,20000,0.050000000000000044,0.03747476470656693,0.2170100697595626,0.0,0.0,0,"{""0"": 19239, ""1"": 25016, ""2"": 27839, ""3"": 22090, ""4"": 32839, ""5"": 16776}",connected
143899,696,20000,0.050000000000000044,0.03937763562425971,0.20895007114391773,0.0,0.0,0,"{""0"": 19270, ""1"": 25019, ""2"": 27851, ""3"": 22099, ""4"": 32860, ""5"": 16800}",connected
143999,696,20000,0.050000000000000044,0.0410292106308043,0.20895007114391773,0.0,0.0,0,"{""0"": 19290, ""1"": 25025, ""2"": 27869, ""3"": 22102, ""4"": 32912, ""5"": 16801}",connected
144099,696,20000,0.050000000000000044,0.045498051680624485,0.20895007114391773,0.0,0.0,0,"{""0"": 19310, ""1"": 25035, ""2"": 27886, ""3"": 22123, ""4"": 32927, ""5"": 16818}",connected
144199,698,20000,0.050000000000000044,0.0442483145929873,0.22407006958965212,0.0,0.0,0,"{""0"": 19321, ""1"": 25041, ""2"": 27912, ""3"": 22137, ""4"": 32957, ""5"": 16831}",connected
144299,698,20000,0.050000000000000044,0.0439830818772316,0.22407006958965212,0.0,0.0,0,"{""0"": 19333, ""1"": 25061, ""2"": 27931, ""3"": 22143, ""4"": 32981, ""5"": 16850}",connected
144399,698,20000,0.050000000000000044,0.04363562744110823,0.22407006958965212,0.0,0.0,0,"{""0"": 19337, ""1"": 25090, ""2"": 27963, ""3"": 22163, ""4"": 32982, ""5"": 16864}",connected
144499,698,20000,0.050000000000000044,0.04435203622095287,0.22407006958965212,0.0,0.0,0,"{""0"": 19344, ""1"": 25120, ""2"": 27998, ""3"": 22174, ""4"": 32994, ""5"": 16869}",connected
144599,698,20000,0.050000000000000044,0.04317059689201415,0.22407006958965212,0.0,0.0,0,"{""0"": 19354, ""1"": 25128, ""2"": 28015, ""3"": 22207, ""4"": 32998, ""5"": 16897}",connected
144699,698,20000,0.050000000000000044,0.0436787482816726,0.22407006958965212,0.0,0.0,0,"{""0"": 19372, ""1"": 25131, ""2"": 28035, ""3"": 22227, ""4"": 33001, ""5"": 16933}",connected
144799,700,20000,0.050000000000000044,0.04065728168003261,0.14944006923120468,0.0,0.0,0,"{""0"": 19396, ""1"": 25140, ""2"": 28042, ""3"": 22234, ""4"": 33021, ""5"": 16966}",connected
144899,700,20000,0.050000000000000044,0.038614300014451146,0.14944006923120468,0.0,0.0,0,"{""0"": 19408, ""1"": 25155, ""2"": 28057, ""3"": 22260, ""4"": 33046, ""5"": 16973}",connected
144999,700,20000,0.050000000000000044,0.04093914576806128,0.14944006923120468,0.0,0.0,0,"{""0"": 19430, ""1"": 25182, ""2"": 28057, ""3"": 22287, ""4"": 33061, ""5"": 16982}",connected
145099,700,20000,0.050000000000000044,0.04245071528479457,0.14944006923120468,0.0,0.0,0,"{""0"": 19460, ""1"": 25188, ""2"": 28057, ""3"": 22320, ""4"": 33087, ""5"": 16987}",connected
145199,702,20000,0.050000000000000044,0.04480541322380304,0.11894006786402316,0.0,0.0,0,"{""0"": 19467, ""1"": 25200, ""2"": 28080, ""3"": 22341, ""4"": 33119, ""5"": 16992}",connected
145299,702,20000,0.050000000000000044,0.042873196536675096,0.11894006786402316,0.0,0.0,0,"{""0"": 19486, ""1"": 25227, ""2"": 28106, ""3"": 22355, ""4"": 33131, ""5"": 16994}",connected
145399,702,20000,0.050000000000000044,0.04200842999853194,0.11894006786402316,0.0,0.0,0,"{""0"": 19486, ""1"": 25266, ""2"": 28163, ""3"": 22355, ""4"": 33132, ""5"": 16997}",connected
145499,702,20000,0.050000000000000044,0.040334838693961504,0.11894006786402316,0.0,0.0,0,"{""0"": 19489, ""1"": 25319, ""2"": 28191, ""3"": 22355, ""4"": 33148, ""5"": 16997}",connected
145599,702,20000,0.050000000000000044,0.03995804945938289,0.11894006786402316,0.0,0.0,0,"{""0"": 19499, ""1"": 25372, ""2"": 28208, ""3"": 22355, ""4"": 33161, ""5"": 17004}",connected
145699,702,20000,0.050000000000000044,0.04116948339156806,0.11894006786402316,0.0,0.0,0,"{""0"": 19514, ""1"": 25418, ""2"": 28225, ""3"": 22359, ""4"": 33171, ""5"": 17012}",connected
145799,702,20000,0.050000000000000044,0.04090392746962607,0.11894006786402316,0.0,0.0,0,"{""0"": 19518, ""1"": 25471, ""2"": 28248, ""3"": 22360, ""4"": 33176, ""5"": 17026}",connected
145899,702,20000,0.050000000000000044,0.03810554566793144,0.11894006786402316,0.0,0.0,0,"{""0"": 19518, ""1"": 25522, ""2"": 28273, ""3"": 22361, ""4"": 33176, ""5"": 17049}",connected
145999,704,20000,0.050000000000000044,0.037671353416517374,-0.046519933878444136,0.0,0.0,0,"{""0"": 19534, ""1"": 25546, ""2"": 28292, ""3"": 22373, ""4"": 33204, ""5"": 17050}",connected
146099,704,20000,0.050000000000000044,0.03659498864784837,-0.046519933878444136,0.0,0.0,0,"{""0"": 19537, ""1"": 25606, ""2"": 28314, ""3"": 22377, ""4"": 33211, ""5"": 17054}",connected
146199,704,20000,0.050000000000000044,0.03662656856700778,-0.046519933878444136,0.0,0.0,0,"{""0"": 19546, ""1"": 25655, ""2"": 28332, ""3"": 22379, ""4"": 33217, ""5"": 17070}",connected
146299,704,20000,0.050000000000000044,0.03926509262993932,-0.046519933878444136,0.0,0.0,0,"{""0"": 19552, ""1"": 25716, ""2"": 28350, ""3"": 22379, ""4"": 33223, ""5"": 17079}",connected
146399,704,20000,0.050000000000000044,0.03915368100628257,-0.046519933878444136,0.0,0.0,0,"{""0"": 19563, ""1"": 25763, ""2"": 28362, ""3"": 22383, ""4"": 33230, ""5"": 17098}",connected
146499,704,20000,0.050000000000000044,0.03979412759654224,-0.046519933878444136,0.0,0.0,0,"{""0"": 19629, ""1"": 25765, ""2"": 28362, ""3"": 22394, ""4"": 33244, ""5"": 17105}",connected
146599,704,20000,0.050000000000000044,0.040112556759268045,-0.046519933878444136,0.0,0.0,0,"{""0"": 19674, ""1"": 25766, ""2"": 28363, ""3"": 22404, ""4"": 33283, ""5"": 17109}",connected
146699,706,20000,0.050000000000000044,0.04081710887141526,-0.17671992880292237,0.0,0.0,0,"{""0"": 19703, ""1"": 25778, ""2"": 28368, ""3"": 22407, ""4"": 33324, ""5"": 17119}",connected
146799,706,20000,0.050000000000000044,0.04039416615851223,-0.17671992880292237,0.0,0.0,0,"{""0"": 19723, ""1"": 25796, ""2"": 28377, ""3"": 22421, ""4"": 33342, ""5"": 17140}",connected
146899,706,20000,0.050000000000000044,0.03927077937871218,-0.17671992880292237,0.0,0.0,0,"{""0"": 19726, ""1"": 25825, ""2"": 28379, ""3"": 22449, ""4"": 33375, ""5"": 17145}",connected
146999,706,20000,0.050000000000000044,0.039569682544097304,-0.17671992880292237,0.0,0.0,0,"{""0"": 19729, ""1"": 25860, ""2"": 28382, ""3"": 22473, ""4"": 33400, ""5"": 17155}",connected
147099,706,20000,0.050000000000000044,0.03815814825706184,-0.17671992880292237,0.0,0.0,0,"{""0"": 19740, ""1"": 25882, ""2"": 28393, ""3"": 22493, ""4"": 33415, ""5"": 17176}",connected
147199,706,20000,0.050000000000000044,0.03826266841031611,-0.17671992880292237,0.0,0.0,0,"{""0"": 19740, ""1"": 25886, ""2"": 28406, ""3"": 22523, ""4"": 33455, ""5"": 17189}",connected
147299,708,20000,0.050000000000000044,0.040124741904437544,-0.16150992596987634,0.0,0.0,0,"{""0"": 19743, ""1"": 25904, ""2"": 28430, ""3"": 22536, ""4"": 33484, ""5"": 17202}",connected
147399,708,20000,0.050000000000000044,0.03983588229864836,-0.16150992596987634,0.0,0.0,0,"{""0"": 19766, ""1"": 25919, ""2"": 28453, ""3"": 22547, ""4"": 33506, ""5"": 17208}",connected
147499,708,20000,0.050000000000000044,0.04077230026945472,-0.16150992596987634,0.0,0.0,0,"{""0"": 19776, ""1"": 25943, ""2"": 28473, ""3"": 22577, ""4"": 33513, ""5"": 17217}",connected
147599,708,20000,0.050000000000000044,0.04253520635887981,-0.16150992596987634,0.0,0.0,0,"{""0"": 19778, ""1"": 26004, ""2"": 28489, ""3"": 22589, ""4"": 33522, ""5"": 17217}",connected
147699,708,20000,0.050000000000000044,0.04143714101053774,-0.16150992596987634,0.0,0.0,0,"{""0"": 19780, ""1"": 26064, ""2"": 28508, ""3"": 22599, ""4"": 33529, ""5"": 17219}",connected
147799,708,20000,0.050000000000000044,0.04000428675673902,-0.16150992596987634,0.0,0.0,0,"{""0"": 19781, ""1"": 26123, ""2"": 28518, ""3"": 22599, ""4"": 33537, ""5"": 17241}",connected
147899,708,20000,0.050000000000000044,0.03726185375824571,-0.16150992596987634,0.0,0.0,0,"{""0"": 19806, ""1"": 26141, ""2"": 28523, ""3"": 22599, ""4"": 33557, ""5"": 17273}",connected
147999,708,20000,0.050000000000000044,0.03679355444386601,-0.16150992596987634,0.0,0.0,0,"{""0"": 19851, ""1"": 26141, ""2"": 28523, ""3"": 22599, ""4"": 33561, ""5"": 17324}",connected
148099,710,20000,0.050000000000000044,0.0377257635910064,-0.330169926378876,0.0,0.0,0,"{""0"": 19869, ""1"": 26145, ""2"": 28534, ""3"": 22621, ""4"": 33598, ""5"": 17332}",connected
148199,710,20000,0.050000000000000044,0.040150684732943774,-0.330169926378876,0.0,0.0,0,"{""0"": 19896, ""1"": 26145, ""2"": 28537, ""3"": 22679, ""4"": 33604, ""5"": 17338}",connected
148299,710,20000,0.050000000000000044,0.04276729487814009,-0.330169926378876,0.0,0.0,0,"{""0"": 19901, ""1"": 26153, ""2"": 28553, ""3"": 22716, ""4"": 33607, ""5"": 17369}",connected
148399,710,20000,0.050000000000000044,0.041787599911913276,-0.330169926378876,0.0,0.0,0,"{""0"": 19901, ""1"": 26172, ""2"": 28558, ""3"": 22755, ""4"": 33620, ""5"": 17393}",connected
148499,710,20000,0.050000000000000044,0.04208625546656549,-0.330169926378876,0.0,0.0,0,"{""0"": 19902, ""1"": 26239, ""2"": 28563, ""3"": 22756, ""4"": 33625, ""5"": 17414}",connected
148599,710,20000,0.050000000000000044,0.04354372331872582,-0.330169926378876,0.0,0.0,0,"{""0"": 19916, ""1"": 26263, ""2"": 28576, ""3"": 22782, ""4"": 33637, ""5"": 17425}",connected
148699,710,20000,0.050000000000000044,0.04243924563750625,-0.330169926378876,0.0,0.0,0,"{""0"": 19951, ""1"": 26272, ""2"": 28583, ""3"": 22818, ""4"": 33647, ""5"": 17428}",connected
148799,712,20000,0.050000000000000044,0.041879376228898764,-0.41971992237959055,0.0,0.0,0,"{""0"": 19967, ""1"": 26285, ""2"": 28602, ""3"": 22828, ""4"": 33689, ""5"": 17428}",connected
148899,714,20000,0.050000000000000044,0.040986380837857724,-0.2189299236238003,0.0,0.0,0,"{""0"": 19985, ""1"": 26298, ""2"": 28618, ""3"": 22845, ""4"": 33720, ""5"": 17433}",connected
148999,714,20000,0.050000000000000044,0.037349311215803024,-0.2189299236238003,0.0,0.0,0,"{""0"": 19999, ""1"": 26313, ""2"": 28637, ""3"": 22849, ""4"": 33764, ""5"": 17437}",connected
149099,714,20000,0.050000000000000044,0.03858814436011016,-0.2189299236238003,0.0,0.0,0,"{""0"": 20017, ""1"": 26330, ""2"": 28652, ""3"": 22867, ""4"": 33789, ""5"": 17444}",connected
149199,714,20000,0.050000000000000044,0.040360503243282435,-0.2189299236238003,0.0,0.0,0,"{""0"": 20022, ""1"": 26376, ""2"": 28666, ""3"": 22876, ""4"": 33808, ""5"": 17451}",connected
149299,714,20000,0.050000000000000044,0.039998128963634375,-0.2189299236238003,0.0,0.0,0,"{""0"": 20026, ""1"": 26404, ""2"": 28675, ""3"": 22892, ""4"": 33843, ""5"": 17459}",connected
149399,714,20000,0.050000000000000044,0.04088278016075492,-0.2189299236238003,0.0,0.0,0,"{""0"": 20027, ""1"": 26425, ""2"": 28685, ""3"": 22916, ""4"": 33877, ""5"": 17469}",connected
149499,714,20000,0.050000000000000044,0.03933917217887938,-0.2189299236238003,0.0,0.0,0,"{""0"": 20029, ""1"": 26452, ""2"": 28698, ""3"": 22942, ""4"": 33908, ""5"": 17470}",connected
149599,716,20000,0.050000000000000044,0.04177372715435922,-0.32982992484234275,0.0,0.0,0,"{""0"": 20035, ""1"": 26494, ""2"": 28715, ""3"": 22944, ""4"": 33940, ""5"": 17471}",connected
149699,718,20000,0.050000000000000044,0.0423778248205781,-0.23072993312031032,0.0,0.0,0,"{""0"": 20047, ""1"": 26506, ""2"": 28731, ""3"": 22966, ""4"": 33965, ""5"": 17484}",connected
149799,718,20000,0.050000000000000044,0.044439440462738275,-0.23072993312031032,0.0,0.0,0,"{""0"": 20059, ""1"": 26527, ""2"": 28749, ""3"": 22980, ""4"": 33997, ""5"": 17487}",connected
149899,718,20000,0.050000000000000044,0.046854135943576694,-0.23072993312031032,0.0,0.0,0,"{""0"": 20060, ""1"": 26540, ""2"": 28760, ""3"": 23002, ""4"": 34043, ""5"": 17494}",connected
149999,718,20000,0.050000000000000044,0.04197367108426988,-0.23072993312031032,0.0,0.0,0,"{""0"": 20061, ""1"": 26568, ""2"": 28763, ""3"": 23022, ""4"": 34083, ""5"": 17502}",connected
150099,718,20000,0.050000000000000044,0.041589120868593454,-0.23072993312031032,0.0,0.0,0,"{""0"": 20065, ""1"": 26583, ""2"": 28765, ""3"": 23046, ""4"": 34133, ""5"": 17507}",connected
150199,718,20000,0.050000000000000044,0.0410452010948211,-0.23072993312031032,0.0,0.0,0,"{""0"": 20069, ""1"": 26592, ""2"": 28766, ""3"": 23074, ""4"": 34186, ""5"": 17512}",connected
150299,718,20000,0.050000000000000044,0.04181355054490268,-0.23072993312031032,0.0,0.0,0,"{""0"": 20070, ""1"": 26607, ""2"": 28770, ""3"": 23098, ""4"": 34238, ""5"": 17516}",connected
150399,718,20000,0.050000000000000044,0.0448154588136822,-0.23072993312031032,0.0,0.0,0,"{""0"": 20072, ""1"": 26627, ""2"": 28770, ""3"": 23123, ""4"": 34285, ""5"": 17522}",connected
150499,720,20000,0.050000000000000044,0.04589091940782964,-0.3196799388900399,0.0,0.0,0,"{""0"": 20078, ""1"": 26647, ""2"": 28778, ""3"": 23127, ""4"": 34340, ""5"": 17529}",connected
150599,720,20000,0.050000000000000044,0.043958606086671355,-0.3196799388900399,0.0,0.0,0,"{""0"": 20078, ""1"": 26659, ""2"": 28811, ""3"": 23128, ""4"": 34352, ""5"": 17571}",connected
150699,720,20000,0.050000000000000044,0.0413270175922662,-0.3196799388900399,0.0,0.0,0,"{""0"": 20078, ""1"": 26676, ""2"": 28844, ""3"": 23131, ""4"": 34368, ""5"": 17602}",connected
150799,720,20000,0.050000000000000044,0.04003771522082388,-0.3196799388900399,0.0,0.0,0,"{""0"": 20079, ""1"": 26691, ""2"": 28878, ""3"": 23132, ""4"": 34402, ""5"": 17617}",connected
150899,720,20000,0.050000000000000044,0.038648670176044106,-0.3196799388900399,0.0,0.0,0,"{""0"": 20080, ""1"": 26707, ""2"": 28910, ""3"": 23134, ""4"": 34441, ""5"": 17627}",connected
150999,722,20000,0.050000000000000044,0.03818968067876995,-0.35234993695281447,0.0,0.0,0,"{""0"": 20082, ""1"": 26731, ""2"": 28932, ""3"": 23151, ""4"": 34472, ""5"": 17631}",connected
151099,722,20000,0.050000000000000044,0.037692510411143305,-0.35234993695281447,0.0,0.0,0,"{""0"": 20084, ""1"": 26749, ""2"": 28942, ""3"": 23167, ""4"": 34518, ""5"": 17639}",connected
151199,722,20000,0.050000000000000044,0.03707583799958229,-0.35234993695281447,0.0,0.0,0,"{""0"": 20084, ""1"": 26757, ""2"": 28947, ""3"": 23197, ""4"": 34571, ""5"": 17643}",connected
151299,722,20000,0.050000000000000044,0.03809532446786761,-0.35234993695281447,0.0,0.0,0,"{""0"": 20084, ""1"": 26769, ""2"": 28949, ""3"": 23217, ""4"": 34632, ""5"": 17648}",connected
151399,722,20000,0.050000000000000044,0.03877916006371379,-0.35234993695281447,0.0,0.0,0,"{""0"": 20085, ""1"": 26786, ""2"": 28954, ""3"": 23238, ""4"": 34678, ""5"": 17658}",connected
151499,722,20000,0.050000000000000044,0.039934883527457714,-0.35234993695281447,0.0,0.0,0,"{""0"": 20085, ""1"": 26795, ""2"": 28958, ""3"": 23262, ""4"": 34738, ""5"": 17661}",connected
151599,722,20000,0.050000000000000044,0.042750730738043786,-0.35234993695281447,0.0,0.0,0,"{""0"": 20086, ""1"": 26800, ""2"": 28959, ""3"": 23287, ""4"": 34799, ""5"": 17668}",connected
151699,722,20000,0.050000000000000044,0.0421216166485101,-0.35234993695281447,0.0,0.0,0,"{""0"": 20088, ""1"": 26820, ""2"": 28960, ""3"": 23305, ""4"": 34857, ""5"": 17669}",connected
151799,724,20000,0.050000000000000044,0.04270171186886728,-0.4239199370006099,0.0,0.0,0,"{""0"": 20091, ""1"": 26850, ""2"": 28972, ""3"": 23312, ""4"": 34895, ""5"": 17679}",connected
151899,724,20000,0.050000000000000044,0.04290208471007645,-0.4239199370006099,0.0,0.0,0,"{""0"": 20097, ""1"": 26868, ""2"": 28980, ""3"": 23331, ""4"": 34928, ""5"": 17695}",connected
151999,726,20000,0.050000000000000044,0.03887614012695849,-0.3414299369044602,0.0,0.0,0,"{""0"": 20109, ""1"": 26883, ""2"": 29005, ""3"": 23349, ""4"": 34953, ""5"": 17700}",connected
152099,726,20000,0.050000000000000044,0.03902515339665115,-0.3414299369044602,0.0,0.0,0,"{""0"": 20120, ""1"": 26903, ""2"": 29032, ""3"": 23355, ""4"": 34980, ""5"": 17709}",connected
152199,728,20000,0.050000000000000044,0.038103753542527555,-0.34696993793360886,0.0,0.0,0,"{""0"": 20124, ""1"": 26910, ""2"": 29055, ""3"": 23386, ""4"": 34998, ""5"": 17726}",connected
152299,728,20000,0.050000000000000044,0.03848400779999792,-0.34696993793360886,0.0,0.0,0,"{""0"": 20133, ""1"": 26920, ""2"": 29069, ""3"": 23401, ""4"": 35039, ""5"": 17737}",connected
152399,728,20000,0.050000000000000044,0.039097844855859876,-0.34696993793360886,0.0,0.0,0,"{""0"": 20159, ""1"": 26924, ""2"": 29070, ""3"": 23410, ""4"": 35098, ""5"": 17738}",connected
152499,728,20000,0.050000000000000044,0.03863386423327029,-0.34696993793360886,0.0,0.0,0,"{""0"": 20161, ""1"": 26926, ""2"": 29080, ""3"": 23412, ""4"": 35161, ""5"": 17759}",connected
152599,728,20000,0.050000000000000044,0.03783162253908813,-0.34696993793360886,0.0,0.0,0,"{""0"": 20161, ""1"": 26926, ""2"": 29080, ""3"": 23412, ""4"": 35228, ""5"": 17792}",connected
152699,728,20000,0.050000000000000044,0.03674970248714089,-0.34696993793360886,0.0,0.0,0,"{""0"": 20173, ""1"": 26953, ""2"": 29080, ""3"": 23430, ""4"": 35255, ""5"": 17808}",connected
152799,728,20000,0.050000000000000044,0.037113904720172286,-0.34696993793360886,0.0,0.0,0,"{""0"": 20181, ""1"": 26996, ""2"": 29080, ""3"": 23453, ""4"": 35280, ""5"": 17809}",connected
152899,728,20000,0.050000000000000044,0.037143771890550854,-0.34696993793360886,0.0,0.0,0,"{""0"": 20198, ""1"": 27040, ""2"": 29081, ""3"": 23462, ""4"": 35293, ""5"": 17825}",connected
152999,730,20000,0.050000000000000044,0.03881400872021914,-0.4150599394040182,0.0,0.0,0,"{""0"": 20231, ""1"": 27059, ""2"": 29092, ""3"": 23465, ""4"": 35321, ""5"": 17831}",connected
153099,730,20000,0.050000000000000044,0.03834789684973657,-0.4150599394040182,0.0,0.0,0,"{""0"": 20255, ""1"": 27066, ""2"": 29101, ""3"": 23487, ""4"": 35342, ""5"": 17848}",connected
153199,730,20000,0.050000000000000044,0.03826836410909891,-0.4150599394040182,0.0,0.0,0,"{""0"": 20322, ""1"": 27066, ""2"": 29101, ""3"": 23487, ""4"": 35364, ""5"": 17859}",connected
153299,732,20000,0.050000000000000044,0.03982731122523546,-0.3755899377260357,0.0,0.0,0,"{""0"": 20372, ""1"": 27069, ""2"": 29116, ""3"": 23490, ""4"": 35390, ""5"": 17862}",connected
153399,732,20000,0.050000000000000044,0.037838403154164556,-0.3755899377260357,0.0,0.0,0,"{""0"": 20375, ""1"": 27091, ""2"": 29130, ""3"": 23501, ""4"": 35424, ""5"": 17878}",connected
153499,732,20000,0.050000000000000044,0.03778776368126273,-0.3755899377260357,0.0,0.0,0,"{""0"": 20376, ""1"": 27136, ""2"": 29168, ""3"": 23510, ""4"": 35428, ""5"": 17881}",connected
153599,732,20000,0.050000000000000044,0.039449742250144484,-0.3755899377260357,0.0,0.0,0,"{""0"": 20376, ""1"": 27185, ""2"": 29172, ""3"": 23514, ""4"": 35465, ""5"": 17887}",connected
153699,732,20000,0.050000000000000044,0.03926634822040796,-0.3755899377260357,0.0,0.0,0,"{""0"": 20376, ""1"": 27196, ""2"": 29177, ""3"": 23539, ""4"": 35513, ""5"": 17898}",connected
153799,732,20000,0.050000000000000044,0.042499606246128675,-0.3755899377260357,0.0,0.0,0,"{""0"": 20380, ""1"": 27218, ""2"": 29188, ""3"": 23558, ""4"": 35545, ""5"": 17910}",connected
153899,732,20000,0.050000000000000044,0.04475557764060795,-0.3755899377260357,0.0,0.0,0,"{""0"": 20380, ""1"": 27254, ""2"": 29192, ""3"": 23567, ""4"": 35551, ""5"": 17955}",connected
153999,732,20000,0.050000000000000044,0.04284822482615709,-0.3755899377260357,0.0,0.0,0,"{""0"": 20380, ""1"": 27258, ""2"": 29193, ""3"": 23592, ""4"": 35576, ""5"": 18000}",connected
154099,734,20000,0.050000000000000044,0.042122646030038596,-0.5116699442546815,0.0,0.0,0,"{""0"": 20392, ""1"": 27266, ""2"": 29210, ""3"": 23602, ""4"": 35617, ""5"": 18012}",connected
154199,736,20000,0.050000000000000044,0.041091566933318974,-0.5017899420764297,0.0,0.0,0,"{""0"": 20403, ""1"": 27284, ""2"": 29229, ""3"": 23619, ""4"": 35645, ""5"": 18019}",connected
154299,736,20000,0.050000000000000044,0.04147562173195183,-0.5017899420764297,0.0,0.0,0,"{""0"": 20403, ""1"": 27302, ""2"": 29255, ""3"": 23654, ""4"": 35661, ""5"": 18024}",connected
154399,736,20000,0.050000000000000044,0.04253552397713065,-0.5017899420764297,0.0,0.0,0,"{""0"": 20403, ""1"": 27313, ""2"": 29256, ""3"": 23739, ""4"": 35661, ""5"": 18027}",connected
154499,736,20000,0.050000000000000044,0.04324951050803065,-0.5017899420764297,0.0,0.0,0,"{""0"": 20403, ""1"": 27326, ""2"": 29257, ""3"": 23782, ""4"": 35703, ""5"": 18028}",connected
154599,736,20000,0.050000000000000044,0.04454278599470854,-0.5017899420764297,0.0,0.0,0,"{""0"": 20403, ""1"": 27333, ""2"": 29292, ""3"": 23813, ""4"": 35728, ""5"": 18030}",connected
154699,736,20000,0.050000000000000044,0.04124203743413091,-0.5017899420764297,0.0,0.0,0,"{""0"": 20403, ""1"": 27347, ""2"": 29328, ""3"": 23836, ""4"": 35754, ""5"": 18031}",connected
154799,736,20000,0.050000000000000044,0.040617950242012736,-0.5017899420764297,0.0,0.0,0,"{""0"": 20403, ""1"": 27370, ""2"": 29344, ""3"": 23864, ""4"": 35771, ""5"": 18047}",connected
154899,738,20000,0.050000000000000044,0.041431552153080704,-0.5797699404601008,0.0,0.0,0,"{""0"": 20411, ""1"": 27400, ""2"": 29353, ""3"": 23866, ""4"": 35805, ""5"": 18064}",connected
154999,738,20000,0.050000000000000044,0.04056635061278939,-0.5797699404601008,0.0,0.0,0,"{""0"": 20426, ""1"": 27428, ""2"": 29356, ""3"": 23883, ""4"": 35821, ""5"": 18085}",connected
155099,738,20000,0.050000000000000044,0.04289626535959542,-0.5797699404601008,0.0,0.0,0,"{""0"": 20437, ""1"": 27449, ""2"": 29362, ""3"": 23892, ""4"": 35857, ""5"": 18102}",connected
155199,738,20000,0.050000000000000044,0.046942011574283245,-0.5797699404601008,0.0,0.0,0,"{""0"": 20488, ""1"": 27454, ""2"": 29367, ""3"": 23893, ""4"": 35894, ""5"": 18103}",connected
155299,738,20000,0.050000000000000044,0.04688498619012535,-0.5797699404601008,0.0,0.0,0,"{""0"": 20492, ""1"": 27491, ""2"": 29370, ""3"": 23901, ""4"": 35942, ""5"": 18103}",connected
155399,738,20000,0.050000000000000044,0.048640813929960135,-0.5797699404601008,0.0,0.0,0,"{""0"": 20492, ""1"": 27508, ""2"": 29371, ""3"": 23919, ""4"": 36005, ""5"": 18104}",connected
155499,738,20000,0.050000000000000044,0.0482873472943902,-0.5797699404601008,0.0,0.0,0,"{""0"": 20492, ""1"": 27518, ""2"": 29373, ""3"": 23946, ""4"": 36063, ""5"": 18107}",connected
155599,740,20000,0.050000000000000044,0.04655697824433446,-0.5835799425980076,0.0,0.0,0,"{""0"": 20494, ""1"": 27527, ""2"": 29379, ""3"": 23967, ""4"": 36125, ""5"": 18107}",connected
155699,740,20000,0.050000000000000044,0.04824914326891303,-0.5835799425980076,0.0,0.0,0,"{""0"": 20505, ""1"": 27559, ""2"": 29410, ""3"": 23977, ""4"": 36133, ""5"": 18115}",connected
155799,740,20000,0.050000000000000044,0.04500010473653674,-0.5835799425980076,0.0,0.0,0,"{""0"": 20506, ""1"": 27602, ""2"": 29449, ""3"": 23984, ""4"": 36141, ""5"": 18117}",connected
155899,740,20000,0.050000000000000044,0.045011278837919236,-0.5835799425980076,0.0,0.0,0,"{""0"": 20511, ""1"": 27634, ""2"": 29478, ""3"": 23998, ""4"": 36160, ""5"": 18118}",connected
155999,740,20000,0.050000000000000044,0.042154541611671446,-0.5835799425980076,0.0,0.0,0,"{""0"": 20513, ""1"": 27654, ""2"": 29505, ""3"": 24017, ""4"": 36187, ""5"": 18123}",connected
156099,740,20000,0.050000000000000044,0.0398411213979125,-0.5835799425980076,0.0,0.0,0,"{""0"": 20516, ""1"": 27674, ""2"": 29526, ""3"": 24038, ""4"": 36218, ""5"": 18127}",connected
156199,740,20000,0.050000000000000044,0.041754473596811295,-0.5835799425980076,0.0,0.0,0,"{""0"": 20531, ""1"": 27687, ""2"": 29528, ""3"": 24057, ""4"": 36263, ""5"": 18133}",connected
156299,742,20000,0.050000000000000044,0.04038745990954339,-0.5564399463124573,0.0,0.0,0,"{""0"": 20539, ""1"": 27703, ""2"": 29532, ""3"": 24074, ""4"": 36310, ""5"": 18141}",connected
156399,742,20000,0.050000000000000044,0.043610804928466675,-0.5564399463124573,0.0,0.0,0,"{""0"": 20541, ""1"": 27716, ""2"": 29564, ""3"": 24081, ""4"": 36342, ""5"": 18155}",connected
156499,742,20000,0.050000000000000044,0.04420160333625972,-0.5564399463124573,0.0,0.0,0,"{""0"": 20545, ""1"": 27725, ""2"": 29580, ""3"": 24111, ""4"": 36365, ""5"": 18173}",connected
156599,742,20000,0.050000000000000044,0.04249183624051511,-0.5564399463124573,0.0,0.0,0,"{""0"": 20545, ""1"": 27730, ""2"": 29590, ""3"": 24120, ""4"": 36370, ""5"": 18244}",connected
156699,742,20000,0.050000000000000044,0.043659697426483034,-0.5564399463124573,0.0,0.0,0,"{""0"": 20545, ""1"": 27732, ""2"": 29593, ""3"": 24140, ""4"": 36384, ""5"": 18305}",connected
156799,742,20000,0.050000000000000044,0.04046985930763185,-0.5564399463124573,0.0,0.0,0,"{""0"": 20545, ""1"": 27732, ""2"": 29599, ""3"": 24169, ""4"": 36390, ""5"": 18364}",connected
156899,742,20000,0.050000000000000044,0.03997451805509627,-0.5564399463124573,0.0,0.0,0,"{""0"": 20548, ""1"": 27747, ""2"": 29621, ""3"": 24175, ""4"": 36426, ""5"": 18382}",connected
156999,744,20000,0.050000000000000044,0.04190507905557752,-0.7382199442898855,0.0,0.0,0,"{""0"": 20556, ""1"": 27766, ""2"": 29639, ""3"": 24205, ""4"": 36445, ""5"": 18388}",connected
157099,744,20000,0.050000000000000044,0.040785726150497796,-0.7382199442898855,0.0,0.0,0,"{""0"": 20562, ""1"": 27780, ""2"": 29649, ""3"": 24208, ""4"": 36471, ""5"": 18429}",connected
157199,744,20000,0.050000000000000044,0.04135200046934187,-0.7382199442898855,0.0,0.0,0,"{""0"": 20567, ""1"": 27795, ""2"": 29667, ""3"": 24233, ""4"": 36493, ""5"": 18444}",connected
157299,746,20000,0.050000000000000044,0.04033143050968647,-0.4913599433982745,0.0,0.0,0,"{""0"": 20575, ""1"": 27813, ""2"": 29698, ""3"": 24251, ""4"": 36518, ""5"": 18444}",connected
157399,746,20000,0.050000000000000044,0.039152905540540815,-0.4913599433982745,0.0,0.0,0,"{""0"": 20589, ""1"": 27823, ""2"": 29712, ""3"": 24259, ""4"": 36537, ""5"": 18479}",connected
157499,746,20000,0.050000000000000044,0.03912894397042692,-0.4913599433982745,0.0,0.0,0,"{""0"": 20607, ""1"": 27832, ""2"": 29729, ""3"": 24278, ""4"": 36562, ""5"": 18491}",connected
157599,746,20000,0.050000000000000044,0.03971150100231171,-0.4913599433982745,0.0,0.0,0,"{""0"": 20634, ""1"": 27842, ""2"": 29760, ""3"": 24290, ""4"": 36581, ""5"": 18492}",connected
157699,746,20000,0.050000000000000044,0.04118277854286134,-0.4913599433982745,0.0,0.0,0,"{""0"": 20673, ""1"": 27844, ""2"": 29785, ""3"": 24297, ""4"": 36608, ""5"": 18492}",connected
157799,746,20000,0.050000000000000044,0.04010430134832859,-0.4913599433982745,0.0,0.0,0,"{""0"": 20688, ""1"": 27844, ""2"": 29836, ""3"": 24312, ""4"": 36627, ""5"": 18492}",connected
157899,746,20000,0.050000000000000044,0.0415406010299921,-0.4913599433982745,0.0,0.0,0,"{""0"": 20713, ""1"": 27845, ""2"": 29885, ""3"": 24327, ""4"": 36637, ""5"": 18492}",connected
157999,748,20000,0.050000000000000044,0.042089464394375685,-0.6741999415121973,0.0,0.0,0,"{""0"": 20747, ""1"": 27845, ""2"": 29931, ""3"": 24334, ""4"": 36650, ""5"": 18492}",connected
158099,748,20000,0.050000000000000044,0.04053735841996968,-0.6741999415121973,0.0,0.0,0,"{""0"": 20774, ""1"": 27871, ""2"": 29948, ""3"": 24339, ""4"": 36655, ""5"": 18512}",connected
158199,748,20000,0.050000000000000044,0.04058370489627123,-0.6741999415121973,0.0,0.0,0,"{""0"": 20803, ""1"": 27891, ""2"": 29965, ""3"": 24352, ""4"": 36673, ""5"": 18515}",connected
158299,750,20000,0.050000000000000044,0.038539070300757886,-0.48837994457688183,0.0,0.0,0,"{""0"": 20805, ""1"": 27902, ""2"": 29981, ""3"": 24378, ""4"": 36710, ""5"": 18523}",connected
158399,750,20000,0.050000000000000044,0.03722067814320326,-0.48837994457688183,0.0,0.0,0,"{""0"": 20828, ""1"": 27925, ""2"": 30007, ""3"": 24388, ""4"": 36726, ""5"": 18525}",connected
158499,750,20000,0.050000000000000044,0.03682199435308576,-0.48837994457688183,0.0,0.0,0,"{""0"": 20886, ""1"": 27926, ""2"": 30033, ""3"": 24394, ""4"": 36728, ""5"": 18532}",connected
158599,750,20000,0.050000000000000044,0.03759266825392842,-0.48837994457688183,0.0,0.0,0,"{""0"": 20932, ""1"": 27926, ""2"": 30071, ""3"": 24397, ""4"": 36729, ""5"": 18544}",connected
158620,750,20000,0.050000000000000044,0.038101492691785095,-0.48837994457688183,0.0,0.0,0,"{""0"": 20940, ""1"": 27926, ""2"": 30082, ""3"": 24398, ""4"": 36730, ""5"": 18544}",stopped
