global_step,episode_count,replay_size,epsilon,loss,mean_reward_100,action_counts,connection_status
99,0,99,0.9984325,0.0,0.0,"{""0"": 22, ""1"": 13, ""2"": 19, ""3"": 13, ""4"": 19, ""5"": 13}",connected
199,0,199,0.9968491666666667,0.0,0.0,"{""0"": 45, ""1"": 38, ""2"": 28, ""3"": 26, ""4"": 31, ""5"": 31}",connected
299,0,299,0.9952658333333333,0.0,0.0,"{""0"": 67, ""1"": 50, ""2"": 42, ""3"": 44, ""4"": 50, ""5"": 46}",connected
399,0,399,0.9936825,0.0,0.0,"{""0"": 83, ""1"": 65, ""2"": 64, ""3"": 63, ""4"": 65, ""5"": 59}",connected
499,0,499,0.9920991666666666,0.0,0.0,"{""0"": 102, ""1"": 84, ""2"": 77, ""3"": 81, ""4"": 80, ""5"": 75}",connected
599,0,599,0.9905158333333334,0.0,0.0,"{""0"": 123, ""1"": 99, ""2"": 88, ""3"": 100, ""4"": 94, ""5"": 95}",connected
699,0,699,0.9889325,0.0,0.0,"{""0"": 143, ""1"": 116, ""2"": 110, ""3"": 116, ""4"": 105, ""5"": 109}",connected
799,2,799,0.9873491666666667,0.0,-6.87741509010084,"{""0"": 164, ""1"": 130, ""2"": 122, ""3"": 133, ""4"": 126, ""5"": 124}",connected
899,2,899,0.9857658333333333,0.0,-6.87741509010084,"{""0"": 183, ""1"": 144, ""2"": 142, ""3"": 149, ""4"": 141, ""5"": 140}",connected
999,2,999,0.9841825,0.0,-6.87741509010084,"{""0"": 205, ""1"": 161, ""2"": 159, ""3"": 166, ""4"": 150, ""5"": 158}",connected
1099,2,1099,0.9825991666666667,0.0,-6.87741509010084,"{""0"": 220, ""1"": 183, ""2"": 177, ""3"": 182, ""4"": 166, ""5"": 171}",connected
1199,2,1199,0.9810158333333333,0.0,-6.87741509010084,"{""0"": 237, ""1"": 200, ""2"": 191, ""3"": 203, ""4"": 185, ""5"": 183}",connected
1299,2,1299,0.9794325,0.0,-6.87741509010084,"{""0"": 252, ""1"": 215, ""2"": 209, ""3"": 222, ""4"": 200, ""5"": 201}",connected
1399,2,1399,0.9778491666666667,0.0,-6.87741509010084,"{""0"": 273, ""1"": 224, ""2"": 227, ""3"": 243, ""4"": 218, ""5"": 214}",connected
1499,4,1499,0.9762658333333334,0.0,-6.559673830517568,"{""0"": 288, ""1"": 248, ""2"": 253, ""3"": 252, ""4"": 234, ""5"": 224}",connected
1599,4,1599,0.9746825,0.0,-6.559673830517568,"{""0"": 305, ""1"": 269, ""2"": 267, ""3"": 272, ""4"": 246, ""5"": 240}",connected
1699,4,1699,0.9730991666666666,0.0,-6.559673830517568,"{""0"": 326, ""1"": 281, ""2"": 280, ""3"": 283, ""4"": 268, ""5"": 261}",connected
1799,4,1799,0.9715158333333334,0.0,-6.559673830517568,"{""0"": 343, ""1"": 295, ""2"": 294, ""3"": 301, ""4"": 286, ""5"": 280}",connected
1899,4,1899,0.9699325,0.0,-6.559673830517568,"{""0"": 362, ""1"": 315, ""2"": 311, ""3"": 317, ""4"": 305, ""5"": 289}",connected
1999,4,1999,0.9683491666666667,0.0,-6.559673830517568,"{""0"": 385, ""1"": 329, ""2"": 325, ""3"": 331, ""4"": 321, ""5"": 308}",connected
2099,4,2099,0.9667658333333333,0.0008624619850888848,-6.559673830517568,"{""0"": 403, ""1"": 354, ""2"": 340, ""3"": 345, ""4"": 332, ""5"": 325}",connected
2199,6,2199,0.9651825,0.0008564377133734525,-6.739832986379042,"{""0"": 430, ""1"": 371, ""2"": 347, ""3"": 360, ""4"": 355, ""5"": 336}",connected
2299,6,2299,0.9635991666666667,0.0008700810927742471,-6.739832986379042,"{""0"": 447, ""1"": 388, ""2"": 361, ""3"": 376, ""4"": 376, ""5"": 351}",connected
2399,6,2399,0.9620158333333333,0.0008828319609165191,-6.739832986379042,"{""0"": 462, ""1"": 403, ""2"": 372, ""3"": 400, ""4"": 395, ""5"": 367}",connected
2499,6,2499,0.9604325,0.000915395854099188,-6.739832986379042,"{""0"": 472, ""1"": 415, ""2"": 391, ""3"": 419, ""4"": 418, ""5"": 384}",connected
2599,6,2599,0.9588491666666666,0.0008884715422755107,-6.739832986379042,"{""0"": 484, ""1"": 434, ""2"": 403, ""3"": 431, ""4"": 438, ""5"": 409}",connected
2699,6,2699,0.9572658333333334,0.0008549979096278548,-6.739832986379042,"{""0"": 500, ""1"": 447, ""2"": 418, ""3"": 449, ""4"": 458, ""5"": 427}",connected
2799,6,2799,0.9556825,0.0008645958988927304,-6.739832986379042,"{""0"": 518, ""1"": 460, ""2"": 432, ""3"": 464, ""4"": 477, ""5"": 448}",connected
2899,8,2899,0.9540991666666667,0.00081579875521129,-6.691584416432306,"{""0"": 533, ""1"": 472, ""2"": 457, ""3"": 487, ""4"": 496, ""5"": 454}",connected
2999,8,2999,0.9525158333333333,0.000889837077993434,-6.691584416432306,"{""0"": 549, ""1"": 487, ""2"": 474, ""3"": 500, ""4"": 523, ""5"": 466}",connected
3099,8,3099,0.9509325,0.0009875285849557259,-6.691584416432306,"{""0"": 564, ""1"": 508, ""2"": 485, ""3"": 521, ""4"": 540, ""5"": 481}",connected
3199,8,3199,0.9493491666666667,0.0009687414119252935,-6.691584416432306,"{""0"": 581, ""1"": 521, ""2"": 497, ""3"": 537, ""4"": 558, ""5"": 505}",connected
3299,8,3299,0.9477658333333333,0.0009856259720982053,-6.691584416432306,"{""0"": 598, ""1"": 534, ""2"": 515, ""3"": 550, ""4"": 581, ""5"": 521}",connected
3399,8,3399,0.9461825,0.0009483663775608875,-6.691584416432306,"{""0"": 611, ""1"": 551, ""2"": 530, ""3"": 567, ""4"": 607, ""5"": 533}",connected
3499,8,3499,0.9445991666666667,0.0008508143472135999,-6.691584416432306,"{""0"": 622, ""1"": 568, ""2"": 543, ""3"": 590, ""4"": 630, ""5"": 546}",connected
3599,10,3599,0.9430158333333334,0.0007926810526987537,-6.68584844567813,"{""0"": 637, ""1"": 585, ""2"": 556, ""3"": 612, ""4"": 645, ""5"": 564}",connected
3699,10,3699,0.9414325,0.0008047874219482765,-6.68584844567813,"{""0"": 657, ""1"": 606, ""2"": 569, ""3"": 624, ""4"": 662, ""5"": 581}",connected
3799,10,3799,0.9398491666666666,0.0008017164314514957,-6.68584844567813,"{""0"": 674, ""1"": 622, ""2"": 583, ""3"": 640, ""4"": 683, ""5"": 597}",connected
3899,10,3899,0.9382658333333334,0.000816901445214171,-6.68584844567813,"{""0"": 699, ""1"": 639, ""2"": 598, ""3"": 653, ""4"": 696, ""5"": 614}",connected
3999,10,3999,0.9366825,0.000910800632846076,-6.68584844567813,"{""0"": 713, ""1"": 655, ""2"": 622, ""3"": 665, ""4"": 709, ""5"": 635}",connected
4099,10,4099,0.9350991666666667,0.0009159840786014683,-6.68584844567813,"{""0"": 729, ""1"": 670, ""2"": 641, ""3"": 681, ""4"": 726, ""5"": 652}",connected
4199,10,4199,0.9335158333333333,0.0009737911575939506,-6.68584844567813,"{""0"": 742, ""1"": 685, ""2"": 659, ""3"": 700, ""4"": 751, ""5"": 662}",connected
4299,10,4299,0.9319325,0.0009905936164432206,-6.68584844567813,"{""0"": 766, ""1"": 697, ""2"": 668, ""3"": 725, ""4"": 767, ""5"": 676}",connected
4399,12,4399,0.9303491666666667,0.001052548041625414,-6.782335946297583,"{""0"": 787, ""1"": 712, ""2"": 683, ""3"": 738, ""4"": 788, ""5"": 691}",connected
4499,12,4499,0.9287658333333333,0.0010641495973686688,-6.782335946297583,"{""0"": 807, ""1"": 725, ""2"": 708, ""3"": 749, ""4"": 806, ""5"": 704}",connected
4599,12,4599,0.9271825,0.000987516380555462,-6.782335946297583,"{""0"": 823, ""1"": 741, ""2"": 725, ""3"": 768, ""4"": 817, ""5"": 725}",connected
4699,12,4699,0.9255991666666666,0.000939794693258591,-6.782335946297583,"{""0"": 842, ""1"": 752, ""2"": 738, ""3"": 786, ""4"": 835, ""5"": 746}",connected
4799,12,4799,0.9240158333333334,0.0008361145513481461,-6.782335946297583,"{""0"": 856, ""1"": 770, ""2"": 751, ""3"": 805, ""4"": 855, ""5"": 762}",connected
4899,12,4899,0.9224325,0.0008160242738085799,-6.782335946297583,"{""0"": 873, ""1"": 783, ""2"": 779, ""3"": 826, ""4"": 868, ""5"": 770}",connected
4999,12,4999,0.9208491666666667,0.0008819786325329914,-6.782335946297583,"{""0"": 892, ""1"": 801, ""2"": 792, ""3"": 841, ""4"": 895, ""5"": 778}",connected
5099,14,5099,0.9192658333333333,0.000964328735426534,-6.7420151765524805,"{""0"": 905, ""1"": 817, ""2"": 803, ""3"": 853, ""4"": 922, ""5"": 799}",connected
5199,14,5199,0.9176825,0.0009260285409982316,-6.7420151765524805,"{""0"": 922, ""1"": 831, ""2"": 823, ""3"": 867, ""4"": 939, ""5"": 817}",connected
5299,14,5299,0.9160991666666667,0.0008958307033753954,-6.7420151765524805,"{""0"": 934, ""1"": 843, ""2"": 839, ""3"": 879, ""4"": 966, ""5"": 838}",connected
5399,14,5399,0.9145158333333333,0.0008087365952087566,-6.7420151765524805,"{""0"": 948, ""1"": 859, ""2"": 856, ""3"": 897, ""4"": 985, ""5"": 854}",connected
5499,14,5499,0.9129325,0.0008234629203798249,-6.7420151765524805,"{""0"": 969, ""1"": 880, ""2"": 873, ""3"": 908, ""4"": 1000, ""5"": 869}",connected
5599,16,5599,0.9113491666666667,0.000899016972980462,-6.076169714651769,"{""0"": 989, ""1"": 895, ""2"": 897, ""3"": 923, ""4"": 1012, ""5"": 883}",connected
5699,16,5699,0.9097658333333334,0.0015696626811404712,-6.076169714651769,"{""0"": 1005, ""1"": 916, ""2"": 909, ""3"": 938, ""4"": 1033, ""5"": 898}",connected
5799,16,5799,0.9081825,0.0020338945457478983,-6.076169714651769,"{""0"": 1023, ""1"": 934, ""2"": 930, ""3"": 949, ""4"": 1055, ""5"": 908}",connected
5899,16,5899,0.9065991666666666,0.001930513461411465,-6.076169714651769,"{""0"": 1034, ""1"": 961, ""2"": 944, ""3"": 965, ""4"": 1071, ""5"": 924}",connected
5999,16,5999,0.9050158333333334,0.0019487619688152336,-6.076169714651769,"{""0"": 1047, ""1"": 982, ""2"": 953, ""3"": 986, ""4"": 1091, ""5"": 940}",connected
6099,16,6099,0.9034325,0.0016572869248921052,-6.076169714651769,"{""0"": 1063, ""1"": 992, ""2"": 968, ""3"": 1006, ""4"": 1114, ""5"": 956}",connected
6199,16,6199,0.9018491666666667,0.0013029146342887544,-6.076169714651769,"{""0"": 1074, ""1"": 1011, ""2"": 985, ""3"": 1023, ""4"": 1132, ""5"": 974}",connected
6299,18,6299,0.9002658333333333,0.0014170792198274285,-6.180199133102885,"{""0"": 1087, ""1"": 1032, ""2"": 1003, ""3"": 1041, ""4"": 1149, ""5"": 987}",connected
6399,18,6399,0.8986825,0.0013608208586811089,-6.180199133102885,"{""0"": 1107, ""1"": 1046, ""2"": 1023, ""3"": 1052, ""4"": 1177, ""5"": 994}",connected
6499,18,6499,0.8970991666666667,0.0010726811114000158,-6.180199133102885,"{""0"": 1120, ""1"": 1072, ""2"": 1037, ""3"": 1069, ""4"": 1194, ""5"": 1007}",connected
6599,18,6599,0.8955158333333333,0.001064314821269363,-6.180199133102885,"{""0"": 1138, ""1"": 1106, ""2"": 1050, ""3"": 1081, ""4"": 1204, ""5"": 1020}",connected
6699,18,6699,0.8939325,0.001032265034446027,-6.180199133102885,"{""0"": 1158, ""1"": 1123, ""2"": 1070, ""3"": 1095, ""4"": 1217, ""5"": 1036}",connected
6799,18,6799,0.8923491666666666,0.0013660429394803941,-6.180199133102885,"{""0"": 1170, ""1"": 1147, ""2"": 1090, ""3"": 1112, ""4"": 1231, ""5"": 1049}",connected
6899,18,6899,0.8907658333333334,0.0012838459142949432,-6.180199133102885,"{""0"": 1185, ""1"": 1164, ""2"": 1106, ""3"": 1130, ""4"": 1247, ""5"": 1067}",connected
6999,18,6999,0.8891825,0.0011807244739611633,-6.180199133102885,"{""0"": 1205, ""1"": 1182, ""2"": 1121, ""3"": 1146, ""4"": 1260, ""5"": 1085}",connected
7099,20,7099,0.8875991666666667,0.001268267814302817,-6.24226892197039,"{""0"": 1227, ""1"": 1194, ""2"": 1130, ""3"": 1159, ""4"": 1285, ""5"": 1104}",connected
7199,20,7199,0.8860158333333333,0.0010600915385293773,-6.24226892197039,"{""0"": 1246, ""1"": 1211, ""2"": 1143, ""3"": 1176, ""4"": 1304, ""5"": 1119}",connected
7299,20,7299,0.8844325,0.0014941569865914062,-6.24226892197039,"{""0"": 1261, ""1"": 1224, ""2"": 1160, ""3"": 1194, ""4"": 1328, ""5"": 1132}",connected
7399,20,7399,0.8828491666666667,0.0015541228369693272,-6.24226892197039,"{""0"": 1285, ""1"": 1239, ""2"": 1180, ""3"": 1203, ""4"": 1346, ""5"": 1146}",connected
7499,20,7499,0.8812658333333333,0.0017915149769396521,-6.24226892197039,"{""0"": 1296, ""1"": 1264, ""2"": 1201, ""3"": 1219, ""4"": 1363, ""5"": 1156}",connected
7599,20,7599,0.8796825,0.0016533301380695774,-6.24226892197039,"{""0"": 1310, ""1"": 1284, ""2"": 1224, ""3"": 1239, ""4"": 1379, ""5"": 1163}",connected
7699,20,7699,0.8780991666666667,0.0011981914137140848,-6.24226892197039,"{""0"": 1325, ""1"": 1307, ""2"": 1239, ""3"": 1258, ""4"": 1393, ""5"": 1177}",connected
7799,22,7799,0.8765158333333334,0.0011540566410985775,-6.282918509646234,"{""0"": 1347, ""1"": 1319, ""2"": 1249, ""3"": 1270, ""4"": 1421, ""5"": 1193}",connected
7899,22,7899,0.8749325,0.001154534753295593,-6.282918509646234,"{""0"": 1355, ""1"": 1336, ""2"": 1265, ""3"": 1283, ""4"": 1451, ""5"": 1209}",connected
7999,22,7999,0.8733491666666666,0.001505347118654754,-6.282918509646234,"{""0"": 1378, ""1"": 1350, ""2"": 1281, ""3"": 1297, ""4"": 1473, ""5"": 1220}",connected
8099,22,8099,0.8717658333333334,0.0015787001635180786,-6.282918509646234,"{""0"": 1393, ""1"": 1366, ""2"": 1296, ""3"": 1318, ""4"": 1492, ""5"": 1234}",connected
8199,22,8199,0.8701825000000001,0.0016030095118912868,-6.282918509646234,"{""0"": 1413, ""1"": 1382, ""2"": 1310, ""3"": 1334, ""4"": 1511, ""5"": 1249}",connected
8299,22,8299,0.8685991666666667,0.00130241153674433,-6.282918509646234,"{""0"": 1432, ""1"": 1395, ""2"": 1326, ""3"": 1351, ""4"": 1530, ""5"": 1265}",connected
8399,22,8399,0.8670158333333333,0.0012241532356711104,-6.282918509646234,"{""0"": 1450, ""1"": 1417, ""2"": 1337, ""3"": 1371, ""4"": 1546, ""5"": 1278}",connected
8499,24,8499,0.8654325,0.0012291234277654439,-6.451498327679777,"{""0"": 1476, ""1"": 1429, ""2"": 1351, ""3"": 1387, ""4"": 1565, ""5"": 1291}",connected
8599,24,8599,0.8638491666666667,0.0015251899970462545,-6.451498327679777,"{""0"": 1491, ""1"": 1444, ""2"": 1367, ""3"": 1400, ""4"": 1598, ""5"": 1299}",connected
8699,24,8699,0.8622658333333333,0.0014919108408503233,-6.451498327679777,"{""0"": 1505, ""1"": 1457, ""2"": 1388, ""3"": 1416, ""4"": 1618, ""5"": 1315}",connected
8799,24,8799,0.8606825,0.0012457521446049213,-6.451498327679777,"{""0"": 1521, ""1"": 1473, ""2"": 1407, ""3"": 1430, ""4"": 1636, ""5"": 1332}",connected
8899,24,8899,0.8590991666666666,0.0012078723710146732,-6.451498327679777,"{""0"": 1541, ""1"": 1482, ""2"": 1422, ""3"": 1443, ""4"": 1664, ""5"": 1347}",connected
8999,24,8999,0.8575158333333334,0.0009509459635592066,-6.451498327679777,"{""0"": 1553, ""1"": 1498, ""2"": 1441, ""3"": 1466, ""4"": 1684, ""5"": 1357}",connected
9099,24,9099,0.8559325,0.001087285052635707,-6.451498327679777,"{""0"": 1578, ""1"": 1511, ""2"": 1450, ""3"": 1482, ""4"": 1703, ""5"": 1375}",connected
9199,26,9199,0.8543491666666667,0.0011342847743071615,-6.633453755872324,"{""0"": 1606, ""1"": 1519, ""2"": 1464, ""3"": 1505, ""4"": 1720, ""5"": 1385}",connected
9299,26,9299,0.8527658333333333,0.001224056102510076,-6.633453755872324,"{""0"": 1626, ""1"": 1537, ""2"": 1478, ""3"": 1519, ""4"": 1741, ""5"": 1398}",connected
9399,26,9399,0.8511825,0.0012587620530393907,-6.633453755872324,"{""0"": 1642, ""1"": 1559, ""2"": 1496, ""3"": 1537, ""4"": 1753, ""5"": 1412}",connected
9499,26,9499,0.8495991666666667,0.0011132979919784701,-6.633453755872324,"{""0"": 1657, ""1"": 1569, ""2"": 1510, ""3"": 1556, ""4"": 1784, ""5"": 1423}",connected
9599,26,9599,0.8480158333333333,0.001390638010634575,-6.633453755872324,"{""0"": 1673, ""1"": 1586, ""2"": 1524, ""3"": 1574, ""4"": 1804, ""5"": 1438}",connected
9699,26,9699,0.8464325,0.0014323207951383666,-6.633453755872324,"{""0"": 1690, ""1"": 1606, ""2"": 1533, ""3"": 1599, ""4"": 1817, ""5"": 1454}",connected
9799,26,9799,0.8448491666666667,0.0013594343955628573,-6.633453755872324,"{""0"": 1712, ""1"": 1623, ""2"": 1547, ""3"": 1613, ""4"": 1835, ""5"": 1469}",connected
9899,28,9899,0.8432658333333334,0.001316523407585919,-6.638521295656184,"{""0"": 1733, ""1"": 1647, ""2"": 1561, ""3"": 1625, ""4"": 1850, ""5"": 1483}",connected
9999,28,9999,0.8416825,0.0010155226083588787,-6.638521295656184,"{""0"": 1748, ""1"": 1658, ""2"": 1580, ""3"": 1640, ""4"": 1876, ""5"": 1497}",connected
10099,28,10099,0.8400991666666666,0.0009057865210343152,-6.638521295656184,"{""0"": 1768, ""1"": 1673, ""2"": 1597, ""3"": 1653, ""4"": 1894, ""5"": 1514}",connected
10199,28,10199,0.8385158333333333,0.0010098344724974596,-6.638521295656184,"{""0"": 1786, ""1"": 1685, ""2"": 1615, ""3"": 1676, ""4"": 1919, ""5"": 1518}",connected
10299,28,10299,0.8369325000000001,0.0010814281497732736,-6.638521295656184,"{""0"": 1803, ""1"": 1715, ""2"": 1624, ""3"": 1690, ""4"": 1936, ""5"": 1531}",connected
10399,28,10399,0.8353491666666667,0.001364516734611243,-6.638521295656184,"{""0"": 1821, ""1"": 1741, ""2"": 1639, ""3"": 1707, ""4"": 1946, ""5"": 1545}",connected
10499,28,10499,0.8337658333333333,0.0016356788607663475,-6.638521295656184,"{""0"": 1839, ""1"": 1757, ""2"": 1658, ""3"": 1720, ""4"": 1969, ""5"": 1556}",connected
10599,28,10599,0.8321825,0.0015280236583203077,-6.638521295656184,"{""0"": 1854, ""1"": 1779, ""2"": 1671, ""3"": 1736, ""4"": 1982, ""5"": 1577}",connected
10699,30,10699,0.8305991666666667,0.001459845323697664,-6.659399708701918,"{""0"": 1861, ""1"": 1799, ""2"": 1692, ""3"": 1752, ""4"": 2005, ""5"": 1590}",connected
10799,30,10799,0.8290158333333333,0.0014858767832629384,-6.659399708701918,"{""0"": 1880, ""1"": 1819, ""2"": 1698, ""3"": 1766, ""4"": 2026, ""5"": 1610}",connected
10899,30,10899,0.8274325,0.001352241428103298,-6.659399708701918,"{""0"": 1896, ""1"": 1843, ""2"": 1713, ""3"": 1785, ""4"": 2041, ""5"": 1621}",connected
10999,30,10999,0.8258491666666667,0.001379387469496578,-6.659399708701918,"{""0"": 1912, ""1"": 1865, ""2"": 1723, ""3"": 1796, ""4"": 2061, ""5"": 1642}",connected
11099,30,11099,0.8242658333333334,0.001711953428457491,-6.659399708701918,"{""0"": 1923, ""1"": 1891, ""2"": 1737, ""3"": 1823, ""4"": 2070, ""5"": 1655}",connected
11199,30,11199,0.8226825,0.0014444317421293817,-6.659399708701918,"{""0"": 1934, ""1"": 1915, ""2"": 1752, ""3"": 1835, ""4"": 2097, ""5"": 1666}",connected
11299,30,11299,0.8210991666666667,0.0014103202216210775,-6.659399708701918,"{""0"": 1959, ""1"": 1937, ""2"": 1759, ""3"": 1846, ""4"": 2119, ""5"": 1679}",connected
11399,32,11399,0.8195158333333333,0.0017128310821135529,-6.7117140935588395,"{""0"": 1975, ""1"": 1951, ""2"": 1771, ""3"": 1855, ""4"": 2145, ""5"": 1702}",connected
11499,32,11499,0.8179325000000001,0.00155907028762158,-6.7117140935588395,"{""0"": 1987, ""1"": 1970, ""2"": 1786, ""3"": 1870, ""4"": 2170, ""5"": 1716}",connected
11599,32,11599,0.8163491666666667,0.0015615982710733079,-6.7117140935588395,"{""0"": 1998, ""1"": 1991, ""2"": 1802, ""3"": 1889, ""4"": 2190, ""5"": 1729}",connected
11699,32,11699,0.8147658333333333,0.0014356355863856152,-6.7117140935588395,"{""0"": 2019, ""1"": 2011, ""2"": 1811, ""3"": 1905, ""4"": 2211, ""5"": 1742}",connected
11799,32,11799,0.8131825,0.0012193288060370832,-6.7117140935588395,"{""0"": 2032, ""1"": 2032, ""2"": 1831, ""3"": 1919, ""4"": 2224, ""5"": 1761}",connected
11899,32,11899,0.8115991666666666,0.0010930029611336068,-6.7117140935588395,"{""0"": 2045, ""1"": 2053, ""2"": 1840, ""3"": 1947, ""4"": 2243, ""5"": 1771}",connected
11999,32,11999,0.8100158333333334,0.0010346232473966667,-6.7117140935588395,"{""0"": 2068, ""1"": 2070, ""2"": 1851, ""3"": 1966, ""4"": 2259, ""5"": 1785}",connected
12099,34,12099,0.8084325,0.0010991969908354805,-6.737723312368068,"{""0"": 2088, ""1"": 2087, ""2"": 1863, ""3"": 1978, ""4"": 2286, ""5"": 1797}",connected
12199,34,12199,0.8068491666666666,0.0011138176254462452,-6.737723312368068,"{""0"": 2107, ""1"": 2107, ""2"": 1880, ""3"": 1990, ""4"": 2307, ""5"": 1808}",connected
12299,34,12299,0.8052658333333333,0.0011467458371771499,-6.737723312368068,"{""0"": 2128, ""1"": 2119, ""2"": 1894, ""3"": 2004, ""4"": 2327, ""5"": 1827}",connected
12399,34,12399,0.8036825000000001,0.001196880322531797,-6.737723312368068,"{""0"": 2157, ""1"": 2129, ""2"": 1902, ""3"": 2020, ""4"": 2349, ""5"": 1842}",connected
12499,34,12499,0.8020991666666667,0.0011589569426723755,-6.737723312368068,"{""0"": 2176, ""1"": 2145, ""2"": 1921, ""3"": 2035, ""4"": 2362, ""5"": 1860}",connected
12599,34,12599,0.8005158333333333,0.0011090208651148715,-6.737723312368068,"{""0"": 2197, ""1"": 2159, ""2"": 1947, ""3"": 2046, ""4"": 2376, ""5"": 1874}",connected
12699,34,12699,0.7989325,0.001160874794004485,-6.737723312368068,"{""0"": 2219, ""1"": 2176, ""2"": 1958, ""3"": 2063, ""4"": 2396, ""5"": 1887}",connected
12799,36,12799,0.7973491666666667,0.001114670465758536,-6.821714565985733,"{""0"": 2227, ""1"": 2191, ""2"": 1972, ""3"": 2085, ""4"": 2416, ""5"": 1908}",connected
12899,36,12899,0.7957658333333333,0.0013702311864471994,-6.821714565985733,"{""0"": 2237, ""1"": 2201, ""2"": 1986, ""3"": 2101, ""4"": 2449, ""5"": 1925}",connected
12999,36,12999,0.7941825,0.0013482646123156882,-6.821714565985733,"{""0"": 2266, ""1"": 2219, ""2"": 2003, ""3"": 2109, ""4"": 2466, ""5"": 1936}",connected
13099,36,13099,0.7925991666666667,0.0013122753830975852,-6.821714565985733,"{""0"": 2286, ""1"": 2239, ""2"": 2015, ""3"": 2126, ""4"": 2480, ""5"": 1953}",connected
13199,36,13199,0.7910158333333334,0.0012941474348190242,-6.821714565985733,"{""0"": 2303, ""1"": 2261, ""2"": 2033, ""3"": 2140, ""4"": 2491, ""5"": 1971}",connected
13299,38,13299,0.7894325,0.0011805090261623264,-6.507829232055596,"{""0"": 2315, ""1"": 2278, ""2"": 2052, ""3"": 2157, ""4"": 2513, ""5"": 1984}",connected
13399,38,13399,0.7878491666666667,0.00117855004966259,-6.507829232055596,"{""0"": 2330, ""1"": 2293, ""2"": 2062, ""3"": 2177, ""4"": 2535, ""5"": 2002}",connected
13499,38,13499,0.7862658333333333,0.0012918740563327446,-6.507829232055596,"{""0"": 2356, ""1"": 2308, ""2"": 2073, ""3"": 2193, ""4"": 2557, ""5"": 2012}",connected
13599,38,13599,0.7846825000000001,0.001537160567822866,-6.507829232055596,"{""0"": 2380, ""1"": 2322, ""2"": 2087, ""3"": 2208, ""4"": 2577, ""5"": 2025}",connected
13699,38,13699,0.7830991666666667,0.0015006607095710933,-6.507829232055596,"{""0"": 2400, ""1"": 2343, ""2"": 2102, ""3"": 2224, ""4"": 2590, ""5"": 2040}",connected
13799,38,13799,0.7815158333333333,0.0016555654030526057,-6.507829232055596,"{""0"": 2420, ""1"": 2364, ""2"": 2117, ""3"": 2238, ""4"": 2605, ""5"": 2055}",connected
13899,38,13899,0.7799325,0.0018981532071484252,-6.507829232055596,"{""0"": 2434, ""1"": 2380, ""2"": 2127, ""3"": 2253, ""4"": 2618, ""5"": 2087}",connected
13999,40,13999,0.7783491666666666,0.0016736534819938242,-6.563272038800642,"{""0"": 2462, ""1"": 2394, ""2"": 2142, ""3"": 2263, ""4"": 2633, ""5"": 2105}",connected
14099,40,14099,0.7767658333333334,0.0018094083404866978,-6.563272038800642,"{""0"": 2482, ""1"": 2410, ""2"": 2162, ""3"": 2272, ""4"": 2655, ""5"": 2118}",connected
14199,40,14199,0.7751825,0.0016435522329993546,-6.563272038800642,"{""0"": 2505, ""1"": 2427, ""2"": 2182, ""3"": 2282, ""4"": 2670, ""5"": 2133}",connected
14299,40,14299,0.7735991666666666,0.001273122368438635,-6.563272038800642,"{""0"": 2527, ""1"": 2447, ""2"": 2193, ""3"": 2299, ""4"": 2691, ""5"": 2142}",connected
14399,40,14399,0.7720158333333333,0.0013385424963780678,-6.563272038800642,"{""0"": 2547, ""1"": 2461, ""2"": 2207, ""3"": 2316, ""4"": 2710, ""5"": 2158}",connected
14499,40,14499,0.7704325000000001,0.0013574826231342741,-6.563272038800642,"{""0"": 2568, ""1"": 2477, ""2"": 2219, ""3"": 2331, ""4"": 2729, ""5"": 2175}",connected
14599,42,14599,0.7688491666666667,0.0014713594398926943,-6.373460646652218,"{""0"": 2591, ""1"": 2494, ""2"": 2237, ""3"": 2346, ""4"": 2750, ""5"": 2181}",connected
14699,42,14699,0.7672658333333333,0.0016024931482388639,-6.373460646652218,"{""0"": 2606, ""1"": 2508, ""2"": 2262, ""3"": 2358, ""4"": 2775, ""5"": 2190}",connected
14799,42,14799,0.7656825,0.0017568970579304732,-6.373460646652218,"{""0"": 2634, ""1"": 2527, ""2"": 2270, ""3"": 2374, ""4"": 2793, ""5"": 2201}",connected
14899,42,14899,0.7640991666666667,0.0016439701602212154,-6.373460646652218,"{""0"": 2663, ""1"": 2544, ""2"": 2278, ""3"": 2390, ""4"": 2812, ""5"": 2212}",connected
14999,42,14999,0.7625158333333333,0.002036976497329306,-6.373460646652218,"{""0"": 2698, ""1"": 2564, ""2"": 2287, ""3"": 2400, ""4"": 2819, ""5"": 2231}",connected
15099,42,15099,0.7609325,0.0027022101244074293,-6.373460646652218,"{""0"": 2726, ""1"": 2581, ""2"": 2294, ""3"": 2414, ""4"": 2838, ""5"": 2246}",connected
15199,42,15199,0.7593491666666666,0.0028409183720941654,-6.373460646652218,"{""0"": 2740, ""1"": 2600, ""2"": 2306, ""3"": 2427, ""4"": 2861, ""5"": 2265}",connected
15299,42,15299,0.7577658333333334,0.0029893164584063924,-6.373460646652218,"{""0"": 2764, ""1"": 2625, ""2"": 2323, ""3"": 2439, ""4"": 2871, ""5"": 2277}",connected
15399,44,15399,0.7561825,0.0025586637700325808,-6.417596091579815,"{""0"": 2793, ""1"": 2637, ""2"": 2331, ""3"": 2449, ""4"": 2895, ""5"": 2294}",connected
15499,44,15499,0.7545991666666667,0.0017956627917010337,-6.417596091579815,"{""0"": 2810, ""1"": 2649, ""2"": 2348, ""3"": 2456, ""4"": 2926, ""5"": 2310}",connected
15599,44,15599,0.7530158333333333,0.0014487124764127656,-6.417596091579815,"{""0"": 2832, ""1"": 2661, ""2"": 2366, ""3"": 2473, ""4"": 2939, ""5"": 2328}",connected
15699,44,15699,0.7514325000000001,0.0012730495835421606,-6.417596091579815,"{""0"": 2846, ""1"": 2684, ""2"": 2378, ""3"": 2495, ""4"": 2958, ""5"": 2338}",connected
15799,44,15799,0.7498491666666667,0.001261178422428202,-6.417596091579815,"{""0"": 2868, ""1"": 2695, ""2"": 2390, ""3"": 2523, ""4"": 2972, ""5"": 2351}",connected
15899,44,15899,0.7482658333333334,0.0013970330750453287,-6.417596091579815,"{""0"": 2906, ""1"": 2708, ""2"": 2392, ""3"": 2540, ""4"": 2986, ""5"": 2367}",connected
15999,44,15999,0.7466825,0.0018835436875815504,-6.417596091579815,"{""0"": 2918, ""1"": 2719, ""2"": 2412, ""3"": 2564, ""4"": 3005, ""5"": 2381}",connected
16099,46,16099,0.7450991666666666,0.002183163858426269,-6.450052943789279,"{""0"": 2929, ""1"": 2731, ""2"": 2433, ""3"": 2581, ""4"": 3031, ""5"": 2394}",connected
16199,46,16199,0.7435158333333334,0.002954183508118149,-6.450052943789279,"{""0"": 2957, ""1"": 2746, ""2"": 2440, ""3"": 2591, ""4"": 3057, ""5"": 2408}",connected
16299,46,16299,0.7419325,0.00289498487545643,-6.450052943789279,"{""0"": 2971, ""1"": 2765, ""2"": 2459, ""3"": 2608, ""4"": 3073, ""5"": 2423}",connected
16399,46,16399,0.7403491666666666,0.002459563811426051,-6.450052943789279,"{""0"": 2991, ""1"": 2791, ""2"": 2474, ""3"": 2616, ""4"": 3089, ""5"": 2438}",connected
16499,46,16499,0.7387658333333333,0.0027539461466949433,-6.450052943789279,"{""0"": 3004, ""1"": 2811, ""2"": 2502, ""3"": 2628, ""4"": 3101, ""5"": 2453}",connected
16599,46,16599,0.7371825000000001,0.0022222888976102693,-6.450052943789279,"{""0"": 3017, ""1"": 2827, ""2"": 2537, ""3"": 2637, ""4"": 3113, ""5"": 2468}",connected
16699,46,16699,0.7355991666666667,0.002814597639371641,-6.450052943789279,"{""0"": 3028, ""1"": 2847, ""2"": 2563, ""3"": 2650, ""4"": 3122, ""5"": 2489}",connected
16799,48,16799,0.7340158333333333,0.0032549089106032624,-6.329190401971573,"{""0"": 3059, ""1"": 2855, ""2"": 2585, ""3"": 2665, ""4"": 3134, ""5"": 2501}",connected
16899,48,16899,0.7324325,0.002667355705634691,-6.329190401971573,"{""0"": 3070, ""1"": 2871, ""2"": 2608, ""3"": 2676, ""4"": 3157, ""5"": 2517}",connected
16999,48,16999,0.7308491666666667,0.0025218890502583234,-6.329190401971573,"{""0"": 3082, ""1"": 2889, ""2"": 2628, ""3"": 2692, ""4"": 3179, ""5"": 2529}",connected
17099,48,17099,0.7292658333333334,0.0026952783716842534,-6.329190401971573,"{""0"": 3105, ""1"": 2902, ""2"": 2641, ""3"": 2715, ""4"": 3191, ""5"": 2545}",connected
17199,48,17199,0.7276825,0.0028590777091449127,-6.329190401971573,"{""0"": 3123, ""1"": 2919, ""2"": 2659, ""3"": 2729, ""4"": 3206, ""5"": 2563}",connected
17299,48,17299,0.7260991666666667,0.002838167711161077,-6.329190401971573,"{""0"": 3141, ""1"": 2942, ""2"": 2675, ""3"": 2742, ""4"": 3224, ""5"": 2575}",connected
17399,48,17399,0.7245158333333334,0.002753985560266301,-6.329190401971573,"{""0"": 3172, ""1"": 2964, ""2"": 2685, ""3"": 2752, ""4"": 3235, ""5"": 2591}",connected
17499,50,17499,0.7229325,0.0021509685716591775,-6.366220888206735,"{""0"": 3199, ""1"": 2976, ""2"": 2703, ""3"": 2769, ""4"": 3251, ""5"": 2601}",connected
17599,50,17599,0.7213491666666667,0.0019360075931763277,-6.366220888206735,"{""0"": 3226, ""1"": 2992, ""2"": 2711, ""3"": 2776, ""4"": 3282, ""5"": 2612}",connected
17699,50,17699,0.7197658333333334,0.0019010134757263585,-6.366220888206735,"{""0"": 3249, ""1"": 3014, ""2"": 2729, ""3"": 2792, ""4"": 3293, ""5"": 2622}",connected
17799,50,17799,0.7181825,0.0027387334033846856,-6.366220888206735,"{""0"": 3262, ""1"": 3037, ""2"": 2749, ""3"": 2808, ""4"": 3311, ""5"": 2632}",connected
17899,50,17899,0.7165991666666667,0.0027047250524628906,-6.366220888206735,"{""0"": 3278, ""1"": 3061, ""2"": 2764, ""3"": 2818, ""4"": 3333, ""5"": 2645}",connected
17999,50,17999,0.7150158333333334,0.002540139374905266,-6.366220888206735,"{""0"": 3300, ""1"": 3079, ""2"": 2786, ""3"": 2827, ""4"": 3346, ""5"": 2661}",connected
18099,50,18099,0.7134325,0.0025409907958237454,-6.366220888206735,"{""0"": 3327, ""1"": 3092, ""2"": 2800, ""3"": 2845, ""4"": 3356, ""5"": 2679}",connected
18199,52,18199,0.7118491666666666,0.0017272671055980028,-6.395851877768739,"{""0"": 3351, ""1"": 3106, ""2"": 2821, ""3"": 2857, ""4"": 3372, ""5"": 2692}",connected
18299,52,18299,0.7102658333333334,0.0015274088265141471,-6.395851877768739,"{""0"": 3369, ""1"": 3118, ""2"": 2841, ""3"": 2869, ""4"": 3401, ""5"": 2701}",connected
18399,52,18399,0.7086825000000001,0.0015570981096243485,-6.395851877768739,"{""0"": 3386, ""1"": 3136, ""2"": 2853, ""3"": 2883, ""4"": 3419, ""5"": 2722}",connected
18499,52,18499,0.7070991666666666,0.0018235307739814743,-6.395851877768739,"{""0"": 3417, ""1"": 3151, ""2"": 2866, ""3"": 2902, ""4"": 3430, ""5"": 2733}",connected
18599,52,18599,0.7055158333333333,0.0021043497580103578,-6.395851877768739,"{""0"": 3434, ""1"": 3167, ""2"": 2876, ""3"": 2922, ""4"": 3458, ""5"": 2742}",connected
18699,52,18699,0.7039325000000001,0.002064495899830945,-6.395851877768739,"{""0"": 3459, ""1"": 3180, ""2"": 2885, ""3"": 2941, ""4"": 3479, ""5"": 2755}",connected
18799,52,18799,0.7023491666666666,0.0021120204543694852,-6.395851877768739,"{""0"": 3474, ""1"": 3196, ""2"": 2905, ""3"": 2963, ""4"": 3494, ""5"": 2767}",connected
18899,54,18899,0.7007658333333333,0.002116575324325822,-6.428290789800316,"{""0"": 3497, ""1"": 3219, ""2"": 2919, ""3"": 2983, ""4"": 3505, ""5"": 2776}",connected
18999,54,18999,0.6991825,0.0020400161953875793,-6.428290789800316,"{""0"": 3514, ""1"": 3238, ""2"": 2939, ""3"": 2989, ""4"": 3531, ""5"": 2788}",connected
19099,54,19099,0.6975991666666667,0.0020944083260837944,-6.428290789800316,"{""0"": 3525, ""1"": 3253, ""2"": 2954, ""3"": 3016, ""4"": 3553, ""5"": 2798}",connected
19199,54,19199,0.6960158333333333,0.0017600977857364342,-6.428290789800316,"{""0"": 3548, ""1"": 3259, ""2"": 2969, ""3"": 3033, ""4"": 3580, ""5"": 2810}",connected
19299,54,19299,0.6944325,0.0015095672837924213,-6.428290789800316,"{""0"": 3573, ""1"": 3275, ""2"": 2986, ""3"": 3047, ""4"": 3596, ""5"": 2822}",connected
19399,54,19399,0.6928491666666667,0.0015648251082166099,-6.428290789800316,"{""0"": 3588, ""1"": 3298, ""2"": 2999, ""3"": 3069, ""4"": 3612, ""5"": 2833}",connected
19499,54,19499,0.6912658333333334,0.001861419182678219,-6.428290789800316,"{""0"": 3611, ""1"": 3320, ""2"": 3016, ""3"": 3083, ""4"": 3625, ""5"": 2844}",connected
19599,56,19599,0.6896825,0.0022754933589021675,-6.271152233380625,"{""0"": 3635, ""1"": 3336, ""2"": 3029, ""3"": 3101, ""4"": 3643, ""5"": 2855}",connected
19699,56,19699,0.6880991666666667,0.0025999642876558936,-6.271152233380625,"{""0"": 3650, ""1"": 3346, ""2"": 3039, ""3"": 3127, ""4"": 3670, ""5"": 2867}",connected
19799,56,19799,0.6865158333333333,0.0022734454058809207,-6.271152233380625,"{""0"": 3667, ""1"": 3365, ""2"": 3062, ""3"": 3142, ""4"": 3690, ""5"": 2873}",connected
19899,56,19899,0.6849324999999999,0.002541345382342115,-6.271152233380625,"{""0"": 3695, ""1"": 3381, ""2"": 3079, ""3"": 3157, ""4"": 3699, ""5"": 2888}",connected
19999,56,19999,0.6833491666666667,0.002428149263141677,-6.271152233380625,"{""0"": 3736, ""1"": 3391, ""2"": 3085, ""3"": 3172, ""4"": 3721, ""5"": 2894}",connected
20099,58,20000,0.6817658333333334,0.002032079616328701,-6.089742590456495,"{""0"": 3766, ""1"": 3407, ""2"": 3104, ""3"": 3185, ""4"": 3735, ""5"": 2902}",connected
20199,58,20000,0.6801825,0.0023563728731824086,-6.089742590456495,"{""0"": 3787, ""1"": 3425, ""2"": 3124, ""3"": 3195, ""4"": 3759, ""5"": 2909}",connected
20299,58,20000,0.6785991666666666,0.002395297415787354,-6.089742590456495,"{""0"": 3800, ""1"": 3448, ""2"": 3140, ""3"": 3219, ""4"": 3774, ""5"": 2918}",connected
20399,58,20000,0.6770158333333334,0.0024715361493872477,-6.089742590456495,"{""0"": 3821, ""1"": 3465, ""2"": 3152, ""3"": 3241, ""4"": 3794, ""5"": 2926}",connected
20499,58,20000,0.6754325,0.002820076014031656,-6.089742590456495,"{""0"": 3846, ""1"": 3477, ""2"": 3161, ""3"": 3259, ""4"": 3811, ""5"": 2945}",connected
20599,58,20000,0.6738491666666666,0.0031403895403491334,-6.089742590456495,"{""0"": 3870, ""1"": 3493, ""2"": 3169, ""3"": 3277, ""4"": 3834, ""5"": 2956}",connected
20699,58,20000,0.6722658333333333,0.0025832527663442306,-6.089742590456495,"{""0"": 3888, ""1"": 3520, ""2"": 3182, ""3"": 3292, ""4"": 3851, ""5"": 2966}",connected
20799,60,20000,0.6706825000000001,0.0028431886548059993,-6.123221180828598,"{""0"": 3905, ""1"": 3539, ""2"": 3198, ""3"": 3313, ""4"": 3875, ""5"": 2969}",connected
20899,60,20000,0.6690991666666667,0.0028133115646778607,-6.123221180828598,"{""0"": 3923, ""1"": 3553, ""2"": 3210, ""3"": 3326, ""4"": 3911, ""5"": 2976}",connected
20999,60,20000,0.6675158333333333,0.002520707209187094,-6.123221180828598,"{""0"": 3946, ""1"": 3576, ""2"": 3222, ""3"": 3341, ""4"": 3922, ""5"": 2992}",connected
21099,60,20000,0.6659325,0.0025554464798187835,-6.123221180828598,"{""0"": 3975, ""1"": 3601, ""2"": 3233, ""3"": 3353, ""4"": 3935, ""5"": 3002}",connected
21199,60,20000,0.6643491666666667,0.002636871434515342,-6.123221180828598,"{""0"": 4003, ""1"": 3610, ""2"": 3240, ""3"": 3382, ""4"": 3957, ""5"": 3007}",connected
21299,60,20000,0.6627658333333334,0.002377279020147398,-6.123221180828598,"{""0"": 4020, ""1"": 3625, ""2"": 3252, ""3"": 3402, ""4"": 3984, ""5"": 3016}",connected
21399,60,20000,0.6611825,0.0027591782598756255,-6.123221180828598,"{""0"": 4051, ""1"": 3648, ""2"": 3270, ""3"": 3413, ""4"": 3993, ""5"": 3024}",connected
21499,60,20000,0.6595991666666667,0.0026472731435205786,-6.123221180828598,"{""0"": 4077, ""1"": 3661, ""2"": 3287, ""3"": 3426, ""4"": 4013, ""5"": 3035}",connected
21599,62,20000,0.6580158333333334,0.0029782163875643163,-6.164919258621071,"{""0"": 4100, ""1"": 3676, ""2"": 3303, ""3"": 3441, ""4"": 4030, ""5"": 3049}",connected
21699,62,20000,0.6564325,0.0029307313245953994,-6.164919258621071,"{""0"": 4111, ""1"": 3699, ""2"": 3322, ""3"": 3459, ""4"": 4052, ""5"": 3056}",connected
21799,62,20000,0.6548491666666667,0.0028607506392290816,-6.164919258621071,"{""0"": 4135, ""1"": 3716, ""2"": 3334, ""3"": 3474, ""4"": 4071, ""5"": 3069}",connected
21899,64,20000,0.6532658333333334,0.0028521494008600713,-5.934480878458999,"{""0"": 4169, ""1"": 3727, ""2"": 3351, ""3"": 3486, ""4"": 4084, ""5"": 3082}",connected
21999,64,20000,0.6516825,0.0018123848596587778,-5.934480878458999,"{""0"": 4187, ""1"": 3737, ""2"": 3367, ""3"": 3507, ""4"": 4108, ""5"": 3093}",connected
22099,64,20000,0.6500991666666667,0.0018289782549254596,-5.934480878458999,"{""0"": 4212, ""1"": 3761, ""2"": 3377, ""3"": 3527, ""4"": 4121, ""5"": 3101}",connected
22199,64,20000,0.6485158333333334,0.0017852886370383202,-5.934480878458999,"{""0"": 4232, ""1"": 3773, ""2"": 3393, ""3"": 3545, ""4"": 4145, ""5"": 3111}",connected
22299,64,20000,0.6469325,0.0018857903958996757,-5.934480878458999,"{""0"": 4262, ""1"": 3806, ""2"": 3399, ""3"": 3556, ""4"": 4160, ""5"": 3116}",connected
22399,64,20000,0.6453491666666666,0.0019312987255398185,-5.934480878458999,"{""0"": 4286, ""1"": 3817, ""2"": 3411, ""3"": 3576, ""4"": 4182, ""5"": 3127}",connected
22499,64,20000,0.6437658333333334,0.001976368098403327,-5.934480878458999,"{""0"": 4304, ""1"": 3831, ""2"": 3428, ""3"": 3593, ""4"": 4205, ""5"": 3138}",connected
22599,66,20000,0.6421825000000001,0.002001411489327438,-5.96310765426747,"{""0"": 4331, ""1"": 3840, ""2"": 3450, ""3"": 3602, ""4"": 4226, ""5"": 3150}",connected
22699,66,20000,0.6405991666666666,0.002214276784216054,-5.96310765426747,"{""0"": 4357, ""1"": 3860, ""2"": 3460, ""3"": 3616, ""4"": 4250, ""5"": 3156}",connected
22799,66,20000,0.6390158333333333,0.002179215248906985,-5.96310765426747,"{""0"": 4382, ""1"": 3874, ""2"": 3476, ""3"": 3634, ""4"": 4265, ""5"": 3168}",connected
22899,66,20000,0.6374325000000001,0.002277526108082384,-5.96310765426747,"{""0"": 4416, ""1"": 3897, ""2"": 3484, ""3"": 3645, ""4"": 4279, ""5"": 3178}",connected
22999,66,20000,0.6358491666666666,0.002294932928052731,-5.96310765426747,"{""0"": 4444, ""1"": 3913, ""2"": 3498, ""3"": 3656, ""4"": 4297, ""5"": 3191}",connected
23099,66,20000,0.6342658333333333,0.002006516399560496,-5.96310765426747,"{""0"": 4475, ""1"": 3933, ""2"": 3507, ""3"": 3668, ""4"": 4317, ""5"": 3199}",connected
23199,66,20000,0.6326825,0.004047433952509891,-5.96310765426747,"{""0"": 4491, ""1"": 3967, ""2"": 3519, ""3"": 3679, ""4"": 4335, ""5"": 3208}",connected
23299,68,20000,0.6310991666666668,0.004311645985289943,-6.004925554796286,"{""0"": 4518, ""1"": 3979, ""2"": 3540, ""3"": 3692, ""4"": 4346, ""5"": 3224}",connected
23399,68,20000,0.6295158333333333,0.00396663840248948,-6.004925554796286,"{""0"": 4537, ""1"": 3994, ""2"": 3556, ""3"": 3702, ""4"": 4371, ""5"": 3239}",connected
23499,68,20000,0.6279325,0.004248198283894453,-6.004925554796286,"{""0"": 4562, ""1"": 4008, ""2"": 3584, ""3"": 3715, ""4"": 4383, ""5"": 3247}",connected
23599,68,20000,0.6263491666666667,0.002775384024134837,-6.004925554796286,"{""0"": 4576, ""1"": 4028, ""2"": 3603, ""3"": 3741, ""4"": 4396, ""5"": 3255}",connected
23699,68,20000,0.6247658333333334,0.002344275795912836,-6.004925554796286,"{""0"": 4591, ""1"": 4052, ""2"": 3621, ""3"": 3754, ""4"": 4418, ""5"": 3263}",connected
23799,68,20000,0.6231825,0.0019431588667794132,-6.004925554796286,"{""0"": 4615, ""1"": 4062, ""2"": 3644, ""3"": 3770, ""4"": 4437, ""5"": 3271}",connected
23899,68,20000,0.6215991666666667,0.0015996675574569963,-6.004925554796286,"{""0"": 4635, ""1"": 4078, ""2"": 3657, ""3"": 3789, ""4"": 4453, ""5"": 3287}",connected
23999,70,20000,0.6200158333333333,0.00127545575494878,-6.013076299555333,"{""0"": 4671, ""1"": 4094, ""2"": 3673, ""3"": 3798, ""4"": 4466, ""5"": 3297}",connected
24099,70,20000,0.6184324999999999,0.0016768069393583572,-6.013076299555333,"{""0"": 4694, ""1"": 4105, ""2"": 3694, ""3"": 3810, ""4"": 4487, ""5"": 3309}",connected
24199,70,20000,0.6168491666666667,0.0023934710220783017,-6.013076299555333,"{""0"": 4722, ""1"": 4121, ""2"": 3708, ""3"": 3824, ""4"": 4503, ""5"": 3321}",connected
24299,70,20000,0.6152658333333334,0.003113977734174114,-6.013076299555333,"{""0"": 4737, ""1"": 4136, ""2"": 3721, ""3"": 3848, ""4"": 4520, ""5"": 3337}",connected
24399,70,20000,0.6136825,0.0034776998695451766,-6.013076299555333,"{""0"": 4756, ""1"": 4151, ""2"": 3735, ""3"": 3866, ""4"": 4545, ""5"": 3346}",connected
24499,70,20000,0.6120991666666666,0.004089095199597068,-6.013076299555333,"{""0"": 4777, ""1"": 4175, ""2"": 3748, ""3"": 3885, ""4"": 4558, ""5"": 3356}",connected
24599,70,20000,0.6105158333333334,0.003770484038395807,-6.013076299555333,"{""0"": 4796, ""1"": 4183, ""2"": 3776, ""3"": 3896, ""4"": 4583, ""5"": 3365}",connected
24699,70,20000,0.6089325,0.003340121311484836,-6.013076299555333,"{""0"": 4816, ""1"": 4200, ""2"": 3792, ""3"": 3914, ""4"": 4600, ""5"": 3377}",connected
24799,72,20000,0.6073491666666666,0.003751003589713946,-6.035942008486018,"{""0"": 4832, ""1"": 4210, ""2"": 3815, ""3"": 3930, ""4"": 4628, ""5"": 3384}",connected
24899,72,20000,0.6057658333333333,0.0036412091628881173,-6.035942008486018,"{""0"": 4858, ""1"": 4236, ""2"": 3833, ""3"": 3938, ""4"": 4644, ""5"": 3390}",connected
24999,72,20000,0.6041825000000001,0.004020088841789402,-6.035942008486018,"{""0"": 4877, ""1"": 4253, ""2"": 3848, ""3"": 3962, ""4"": 4664, ""5"": 3395}",connected
25099,72,20000,0.6025991666666667,0.004134774166741409,-6.035942008486018,"{""0"": 4909, ""1"": 4263, ""2"": 3862, ""3"": 3977, ""4"": 4677, ""5"": 3411}",connected
25199,72,20000,0.6010158333333333,0.003109090395155363,-6.035942008486018,"{""0"": 4919, ""1"": 4279, ""2"": 3894, ""3"": 3995, ""4"": 4695, ""5"": 3417}",connected
25299,72,20000,0.5994325,0.0029391538770869373,-6.035942008486018,"{""0"": 4939, ""1"": 4296, ""2"": 3908, ""3"": 4013, ""4"": 4713, ""5"": 3430}",connected
25399,72,20000,0.5978491666666667,0.0025181841308949517,-6.035942008486018,"{""0"": 4961, ""1"": 4326, ""2"": 3924, ""3"": 4027, ""4"": 4722, ""5"": 3439}",connected
25499,74,20000,0.5962658333333334,0.0025028156506596132,-6.038143861579482,"{""0"": 4992, ""1"": 4341, ""2"": 3933, ""3"": 4037, ""4"": 4743, ""5"": 3453}",connected
25599,74,20000,0.5946825,0.003099107090383768,-6.038143861579482,"{""0"": 5009, ""1"": 4362, ""2"": 3944, ""3"": 4054, ""4"": 4768, ""5"": 3462}",connected
25699,76,20000,0.5930991666666667,0.002409337728167884,-5.835889838911642,"{""0"": 5026, ""1"": 4388, ""2"": 3965, ""3"": 4072, ""4"": 4783, ""5"": 3465}",connected
25799,76,20000,0.5915158333333334,0.0024312153086066247,-5.835889838911642,"{""0"": 5032, ""1"": 4395, ""2"": 3985, ""3"": 4090, ""4"": 4821, ""5"": 3476}",connected
25899,76,20000,0.5899325,0.0019895385263953356,-5.835889838911642,"{""0"": 5061, ""1"": 4409, ""2"": 3998, ""3"": 4107, ""4"": 4832, ""5"": 3492}",connected
25999,76,20000,0.5883491666666667,0.0018672004924155771,-5.835889838911642,"{""0"": 5092, ""1"": 4427, ""2"": 4009, ""3"": 4121, ""4"": 4848, ""5"": 3502}",connected
26099,76,20000,0.5867658333333334,0.0023619645467260852,-5.835889838911642,"{""0"": 5112, ""1"": 4442, ""2"": 4028, ""3"": 4141, ""4"": 4867, ""5"": 3509}",connected
26199,76,20000,0.5851825,0.0020951465057441965,-5.835889838911642,"{""0"": 5139, ""1"": 4458, ""2"": 4051, ""3"": 4151, ""4"": 4880, ""5"": 3520}",connected
26299,76,20000,0.5835991666666667,0.002195270247757435,-5.835889838911642,"{""0"": 5155, ""1"": 4482, ""2"": 4073, ""3"": 4164, ""4"": 4896, ""5"": 3529}",connected
26399,78,20000,0.5820158333333334,0.0017795834242133424,-5.849794377734025,"{""0"": 5176, ""1"": 4491, ""2"": 4091, ""3"": 4189, ""4"": 4910, ""5"": 3542}",connected
26499,78,20000,0.5804325,0.0021050244430080058,-5.849794377734025,"{""0"": 5192, ""1"": 4498, ""2"": 4119, ""3"": 4201, ""4"": 4940, ""5"": 3549}",connected
26599,78,20000,0.5788491666666666,0.0023921487829647956,-5.849794377734025,"{""0"": 5224, ""1"": 4515, ""2"": 4133, ""3"": 4213, ""4"": 4950, ""5"": 3564}",connected
26699,78,20000,0.5772658333333334,0.0024802751623792573,-5.849794377734025,"{""0"": 5246, ""1"": 4516, ""2"": 4169, ""3"": 4232, ""4"": 4963, ""5"": 3573}",connected
26799,78,20000,0.5756825000000001,0.0030596401588991284,-5.849794377734025,"{""0"": 5272, ""1"": 4536, ""2"": 4182, ""3"": 4250, ""4"": 4977, ""5"": 3582}",connected
26899,78,20000,0.5740991666666667,0.003249352839193307,-5.849794377734025,"{""0"": 5298, ""1"": 4548, ""2"": 4198, ""3"": 4265, ""4"": 5005, ""5"": 3585}",connected
26999,78,20000,0.5725158333333333,0.0033685652853455393,-5.849794377734025,"{""0"": 5311, ""1"": 4568, ""2"": 4217, ""3"": 4290, ""4"": 5018, ""5"": 3595}",connected
27099,80,20000,0.5709325000000001,0.0034170718368841334,-5.843612259085058,"{""0"": 5339, ""1"": 4585, ""2"": 4221, ""3"": 4310, ""4"": 5039, ""5"": 3605}",connected
27199,80,20000,0.5693491666666667,0.0032728204620070755,-5.843612259085058,"{""0"": 5354, ""1"": 4602, ""2"": 4243, ""3"": 4324, ""4"": 5062, ""5"": 3614}",connected
27299,80,20000,0.5677658333333333,0.003008625243091956,-5.843612259085058,"{""0"": 5385, ""1"": 4621, ""2"": 4257, ""3"": 4338, ""4"": 5071, ""5"": 3627}",connected
27399,80,20000,0.5661825,0.002919467886677012,-5.843612259085058,"{""0"": 5417, ""1"": 4653, ""2"": 4266, ""3"": 4345, ""4"": 5085, ""5"": 3633}",connected
27499,80,20000,0.5645991666666668,0.003121652144473046,-5.843612259085058,"{""0"": 5447, ""1"": 4680, ""2"": 4272, ""3"": 4359, ""4"": 5096, ""5"": 3645}",connected
27599,80,20000,0.5630158333333333,0.003009116677567363,-5.843612259085058,"{""0"": 5468, ""1"": 4707, ""2"": 4275, ""3"": 4377, ""4"": 5116, ""5"": 3656}",connected
27699,80,20000,0.5614325,0.0025491809798404573,-5.843612259085058,"{""0"": 5486, ""1"": 4741, ""2"": 4284, ""3"": 4389, ""4"": 5134, ""5"": 3665}",connected
27799,80,20000,0.5598491666666667,0.0026159019977785645,-5.843612259085058,"{""0"": 5529, ""1"": 4761, ""2"": 4291, ""3"": 4402, ""4"": 5144, ""5"": 3672}",connected
27899,82,20000,0.5582658333333334,0.002903521344414912,-5.871917448364335,"{""0"": 5541, ""1"": 4776, ""2"": 4307, ""3"": 4410, ""4"": 5184, ""5"": 3681}",connected
27999,82,20000,0.5566825,0.0029955848964164033,-5.871917448364335,"{""0"": 5546, ""1"": 4794, ""2"": 4330, ""3"": 4430, ""4"": 5205, ""5"": 3694}",connected
28099,82,20000,0.5550991666666667,0.0030913681944366544,-5.871917448364335,"{""0"": 5567, ""1"": 4804, ""2"": 4356, ""3"": 4446, ""4"": 5222, ""5"": 3704}",connected
28199,82,20000,0.5535158333333334,0.003143981343600899,-5.871917448364335,"{""0"": 5584, ""1"": 4819, ""2"": 4390, ""3"": 4461, ""4"": 5234, ""5"": 3711}",connected
28299,82,20000,0.5519324999999999,0.0026481756451539693,-5.871917448364335,"{""0"": 5594, ""1"": 4834, ""2"": 4421, ""3"": 4475, ""4"": 5256, ""5"": 3719}",connected
28399,82,20000,0.5503491666666667,0.002354935913463123,-5.871917448364335,"{""0"": 5615, ""1"": 4847, ""2"": 4447, ""3"": 4492, ""4"": 5275, ""5"": 3723}",connected
28499,82,20000,0.5487658333333334,0.002146112598129548,-5.871917448364335,"{""0"": 5626, ""1"": 4862, ""2"": 4458, ""3"": 4520, ""4"": 5302, ""5"": 3731}",connected
28599,84,20000,0.5471825,0.0018979030451737344,-5.930058214990866,"{""0"": 5650, ""1"": 4872, ""2"": 4475, ""3"": 4537, ""4"": 5327, ""5"": 3738}",connected
28699,84,20000,0.5455991666666666,0.0025667814444750546,-5.930058214990866,"{""0"": 5673, ""1"": 4895, ""2"": 4485, ""3"": 4555, ""4"": 5346, ""5"": 3745}",connected
28799,84,20000,0.5440158333333334,0.0027662786515429616,-5.930058214990866,"{""0"": 5690, ""1"": 4913, ""2"": 4495, ""3"": 4577, ""4"": 5370, ""5"": 3754}",connected
28899,84,20000,0.5424325,0.0032987888139905408,-5.930058214990866,"{""0"": 5725, ""1"": 4928, ""2"": 4506, ""3"": 4593, ""4"": 5383, ""5"": 3764}",connected
28999,84,20000,0.5408491666666666,0.004277498272713274,-5.930058214990866,"{""0"": 5765, ""1"": 4949, ""2"": 4510, ""3"": 4609, ""4"": 5392, ""5"": 3774}",connected
29099,84,20000,0.5392658333333333,0.003912778636440635,-5.930058214990866,"{""0"": 5797, ""1"": 4962, ""2"": 4526, ""3"": 4623, ""4"": 5406, ""5"": 3785}",connected
29199,84,20000,0.5376825000000001,0.0048771889717318115,-5.930058214990866,"{""0"": 5824, ""1"": 4973, ""2"": 4540, ""3"": 4641, ""4"": 5427, ""5"": 3794}",connected
29299,86,20000,0.5360991666666667,0.004444169790367596,-5.946796089140048,"{""0"": 5834, ""1"": 4991, ""2"": 4577, ""3"": 4650, ""4"": 5446, ""5"": 3801}",connected
29399,86,20000,0.5345158333333333,0.004369350859196857,-5.946796089140048,"{""0"": 5854, ""1"": 5001, ""2"": 4593, ""3"": 4667, ""4"": 5476, ""5"": 3808}",connected
29499,86,20000,0.5329325,0.004445236750761979,-5.946796089140048,"{""0"": 5872, ""1"": 5015, ""2"": 4606, ""3"": 4691, ""4"": 5493, ""5"": 3822}",connected
29599,86,20000,0.5313491666666667,0.003847751620342024,-5.946796089140048,"{""0"": 5898, ""1"": 5027, ""2"": 4613, ""3"": 4714, ""4"": 5516, ""5"": 3831}",connected
29699,86,20000,0.5297658333333334,0.0035976372589357195,-5.946796089140048,"{""0"": 5921, ""1"": 5041, ""2"": 4639, ""3"": 4727, ""4"": 5531, ""5"": 3840}",connected
29799,86,20000,0.5281825,0.00371379672025796,-5.946796089140048,"{""0"": 5951, ""1"": 5057, ""2"": 4646, ""3"": 4744, ""4"": 5550, ""5"": 3851}",connected
29899,86,20000,0.5265991666666667,0.0037408451101509856,-5.946796089140048,"{""0"": 5991, ""1"": 5071, ""2"": 4664, ""3"": 4755, ""4"": 5561, ""5"": 3857}",connected
29999,88,20000,0.5250158333333333,0.003555126414867118,-5.9575460018029185,"{""0"": 6025, ""1"": 5086, ""2"": 4679, ""3"": 4769, ""4"": 5573, ""5"": 3867}",connected
30099,88,20000,0.5234325,0.004186801085015759,-5.9575460018029185,"{""0"": 6045, ""1"": 5094, ""2"": 4698, ""3"": 4787, ""4"": 5602, ""5"": 3873}",connected
30199,88,20000,0.5218491666666667,0.003867645162972622,-5.9575460018029185,"{""0"": 6064, ""1"": 5112, ""2"": 4711, ""3"": 4804, ""4"": 5623, ""5"": 3885}",connected
30299,88,20000,0.5202658333333334,0.00459222785255406,-5.9575460018029185,"{""0"": 6089, ""1"": 5133, ""2"": 4729, ""3"": 4819, ""4"": 5636, ""5"": 3893}",connected
30399,88,20000,0.5186824999999999,0.004220636880490929,-5.9575460018029185,"{""0"": 6124, ""1"": 5162, ""2"": 4732, ""3"": 4833, ""4"": 5648, ""5"": 3900}",connected
30499,88,20000,0.5170991666666667,0.004319469472393394,-5.9575460018029185,"{""0"": 6148, ""1"": 5187, ""2"": 4745, ""3"": 4849, ""4"": 5665, ""5"": 3905}",connected
30599,88,20000,0.5155158333333334,0.003748464415548369,-5.9575460018029185,"{""0"": 6194, ""1"": 5193, ""2"": 4753, ""3"": 4872, ""4"": 5676, ""5"": 3911}",connected
30699,90,20000,0.5139324999999999,0.003204703475930728,-5.967715746624809,"{""0"": 6211, ""1"": 5218, ""2"": 4768, ""3"": 4886, ""4"": 5698, ""5"": 3918}",connected
30799,90,20000,0.5123491666666666,0.0034650744794635104,-5.967715746624809,"{""0"": 6234, ""1"": 5233, ""2"": 4776, ""3"": 4920, ""4"": 5712, ""5"": 3924}",connected
30899,90,20000,0.5107658333333334,0.002789165810099803,-5.967715746624809,"{""0"": 6261, ""1"": 5251, ""2"": 4790, ""3"": 4936, ""4"": 5727, ""5"": 3934}",connected
30999,90,20000,0.5091825,0.0031579876228352076,-5.967715746624809,"{""0"": 6280, ""1"": 5276, ""2"": 4807, ""3"": 4953, ""4"": 5742, ""5"": 3941}",connected
31099,90,20000,0.5075991666666667,0.003069735455501359,-5.967715746624809,"{""0"": 6295, ""1"": 5293, ""2"": 4820, ""3"": 4975, ""4"": 5762, ""5"": 3954}",connected
31199,90,20000,0.5060158333333333,0.003180608729890082,-5.967715746624809,"{""0"": 6309, ""1"": 5322, ""2"": 4834, ""3"": 4996, ""4"": 5779, ""5"": 3959}",connected
31299,90,20000,0.5044325000000001,0.0035428541954024696,-5.967715746624809,"{""0"": 6327, ""1"": 5337, ""2"": 4852, ""3"": 5020, ""4"": 5798, ""5"": 3965}",connected
31399,90,20000,0.5028491666666667,0.0032698574225651102,-5.967715746624809,"{""0"": 6350, ""1"": 5352, ""2"": 4863, ""3"": 5040, ""4"": 5821, ""5"": 3973}",connected
31499,92,20000,0.5012658333333333,0.0030114821152528747,-5.934337393643902,"{""0"": 6372, ""1"": 5362, ""2"": 4896, ""3"": 5047, ""4"": 5840, ""5"": 3982}",connected
31599,92,20000,0.49968250000000003,0.0030955165578052403,-5.934337393643902,"{""0"": 6404, ""1"": 5377, ""2"": 4914, ""3"": 5061, ""4"": 5852, ""5"": 3991}",connected
31699,92,20000,0.49809916666666665,0.003501175416749902,-5.934337393643902,"{""0"": 6434, ""1"": 5391, ""2"": 4931, ""3"": 5071, ""4"": 5866, ""5"": 4006}",connected
31799,92,20000,0.4965158333333334,0.003422858692938462,-5.934337393643902,"{""0"": 6462, ""1"": 5403, ""2"": 4946, ""3"": 5093, ""4"": 5879, ""5"": 4016}",connected
31899,92,20000,0.4949325000000001,0.0034817775728879495,-5.934337393643902,"{""0"": 6498, ""1"": 5417, ""2"": 4965, ""3"": 5101, ""4"": 5889, ""5"": 4029}",connected
31999,92,20000,0.4933491666666667,0.0028700554760871457,-5.934337393643902,"{""0"": 6529, ""1"": 5427, ""2"": 4994, ""3"": 5109, ""4"": 5900, ""5"": 4040}",connected
32099,92,20000,0.49176583333333335,0.0022937765839742496,-5.934337393643902,"{""0"": 6552, ""1"": 5440, ""2"": 5006, ""3"": 5126, ""4"": 5930, ""5"": 4045}",connected
32199,94,20000,0.4901825000000001,0.0023228743294021114,-5.935423720702331,"{""0"": 6583, ""1"": 5446, ""2"": 5023, ""3"": 5138, ""4"": 5953, ""5"": 4056}",connected
32299,94,20000,0.4885991666666667,0.0023134609102271496,-5.935423720702331,"{""0"": 6603, ""1"": 5459, ""2"": 5056, ""3"": 5156, ""4"": 5963, ""5"": 4062}",connected
32399,94,20000,0.4870158333333333,0.0031515064497943967,-5.935423720702331,"{""0"": 6652, ""1"": 5468, ""2"": 5068, ""3"": 5164, ""4"": 5972, ""5"": 4075}",connected
32499,94,20000,0.48543250000000004,0.0033612546150106936,-5.935423720702331,"{""0"": 6676, ""1"": 5477, ""2"": 5104, ""3"": 5175, ""4"": 5978, ""5"": 4089}",connected
32599,94,20000,0.48384916666666666,0.00312429471523501,-5.935423720702331,"{""0"": 6699, ""1"": 5489, ""2"": 5131, ""3"": 5188, ""4"": 5995, ""5"": 4097}",connected
32699,94,20000,0.4822658333333333,0.003346766955801286,-5.935423720702331,"{""0"": 6721, ""1"": 5507, ""2"": 5153, ""3"": 5196, ""4"": 6020, ""5"": 4102}",connected
32799,94,20000,0.4806825,0.002964059874648228,-5.935423720702331,"{""0"": 6754, ""1"": 5520, ""2"": 5159, ""3"": 5215, ""4"": 6038, ""5"": 4113}",connected
32899,96,20000,0.47909916666666663,0.0030699583847308533,-5.921789656887995,"{""0"": 6776, ""1"": 5526, ""2"": 5176, ""3"": 5237, ""4"": 6061, ""5"": 4123}",connected
32999,96,20000,0.47751583333333336,0.0031883640913292766,-5.921789656887995,"{""0"": 6809, ""1"": 5545, ""2"": 5186, ""3"": 5248, ""4"": 6077, ""5"": 4134}",connected
33099,96,20000,0.4759325000000001,0.003087658078293316,-5.921789656887995,"{""0"": 6833, ""1"": 5568, ""2"": 5198, ""3"": 5262, ""4"": 6099, ""5"": 4139}",connected
33199,96,20000,0.4743491666666667,0.002731228261254728,-5.921789656887995,"{""0"": 6851, ""1"": 5593, ""2"": 5221, ""3"": 5275, ""4"": 6117, ""5"": 4142}",connected
33299,96,20000,0.47276583333333333,0.0027041956520406528,-5.921789656887995,"{""0"": 6879, ""1"": 5611, ""2"": 5228, ""3"": 5297, ""4"": 6136, ""5"": 4148}",connected
33399,96,20000,0.47118250000000006,0.002815286994446069,-5.921789656887995,"{""0"": 6906, ""1"": 5629, ""2"": 5244, ""3"": 5317, ""4"": 6152, ""5"": 4151}",connected
33499,96,20000,0.4695991666666667,0.00281415453995578,-5.921789656887995,"{""0"": 6952, ""1"": 5643, ""2"": 5250, ""3"": 5326, ""4"": 6165, ""5"": 4163}",connected
33599,98,20000,0.4680158333333333,0.003087831245502457,-5.925282995254562,"{""0"": 7000, ""1"": 5654, ""2"": 5262, ""3"": 5337, ""4"": 6180, ""5"": 4166}",connected
33699,98,20000,0.4664325,0.002536146838683635,-5.925282995254562,"{""0"": 7015, ""1"": 5671, ""2"": 5301, ""3"": 5343, ""4"": 6192, ""5"": 4177}",connected
33799,98,20000,0.46484916666666665,0.0022644881630549205,-5.925282995254562,"{""0"": 7037, ""1"": 5681, ""2"": 5342, ""3"": 5354, ""4"": 6201, ""5"": 4184}",connected
33899,98,20000,0.4632658333333334,0.0019448680081404746,-5.925282995254562,"{""0"": 7058, ""1"": 5691, ""2"": 5375, ""3"": 5368, ""4"": 6215, ""5"": 4192}",connected
33999,98,20000,0.4616825,0.001608049797359854,-5.925282995254562,"{""0"": 7082, ""1"": 5701, ""2"": 5409, ""3"": 5375, ""4"": 6232, ""5"": 4200}",connected
34099,98,20000,0.4600991666666666,0.002340711485594511,-5.925282995254562,"{""0"": 7126, ""1"": 5719, ""2"": 5417, ""3"": 5384, ""4"": 6243, ""5"": 4210}",connected
34199,98,20000,0.45851583333333346,0.0024910488713067026,-5.925282995254562,"{""0"": 7170, ""1"": 5735, ""2"": 5423, ""3"": 5394, ""4"": 6262, ""5"": 4215}",connected
34299,100,20000,0.4569325000000001,0.003313117908546701,-5.912631293293089,"{""0"": 7219, ""1"": 5742, ""2"": 5430, ""3"": 5403, ""4"": 6285, ""5"": 4220}",connected
34399,100,20000,0.4553491666666667,0.0034058673284016548,-5.912631293293089,"{""0"": 7228, ""1"": 5760, ""2"": 5451, ""3"": 5426, ""4"": 6302, ""5"": 4232}",connected
34499,100,20000,0.4537658333333334,0.003362899704952724,-5.912631293293089,"{""0"": 7232, ""1"": 5775, ""2"": 5475, ""3"": 5453, ""4"": 6324, ""5"": 4240}",connected
34599,100,20000,0.45218250000000004,0.003919093866134062,-5.912631293293089,"{""0"": 7252, ""1"": 5800, ""2"": 5504, ""3"": 5465, ""4"": 6334, ""5"": 4244}",connected
34699,100,20000,0.45059916666666666,0.0037367643299512565,-5.912631293293089,"{""0"": 7264, ""1"": 5816, ""2"": 5535, ""3"": 5481, ""4"": 6349, ""5"": 4254}",connected
34799,100,20000,0.4490158333333334,0.0038885568230762144,-5.912631293293089,"{""0"": 7278, ""1"": 5835, ""2"": 5541, ""3"": 5506, ""4"": 6378, ""5"": 4261}",connected
34899,100,20000,0.4474325,0.0032492069076397456,-5.912631293293089,"{""0"": 7296, ""1"": 5856, ""2"": 5545, ""3"": 5531, ""4"": 6401, ""5"": 4270}",connected
34999,100,20000,0.44584916666666663,0.003128842828737106,-5.912631293293089,"{""0"": 7320, ""1"": 5871, ""2"": 5554, ""3"": 5548, ""4"": 6429, ""5"": 4277}",connected
35099,102,20000,0.44426583333333336,0.002538652373768855,-5.88372878473252,"{""0"": 7336, ""1"": 5876, ""2"": 5578, ""3"": 5566, ""4"": 6457, ""5"": 4286}",connected
35199,102,20000,0.4426825,0.002777678762213327,-5.88372878473252,"{""0"": 7359, ""1"": 5889, ""2"": 5599, ""3"": 5582, ""4"": 6473, ""5"": 4297}",connected
35299,102,20000,0.4410991666666666,0.0038870108738774433,-5.88372878473252,"{""0"": 7387, ""1"": 5900, ""2"": 5608, ""3"": 5594, ""4"": 6501, ""5"": 4309}",connected
35399,102,20000,0.43951583333333344,0.0034392574289813637,-5.88372878473252,"{""0"": 7422, ""1"": 5924, ""2"": 5621, ""3"": 5600, ""4"": 6519, ""5"": 4313}",connected
35499,102,20000,0.43793250000000006,0.0032871620112564417,-5.88372878473252,"{""0"": 7454, ""1"": 5936, ""2"": 5636, ""3"": 5624, ""4"": 6527, ""5"": 4322}",connected
35599,102,20000,0.4363491666666667,0.003446195028955117,-5.88372878473252,"{""0"": 7484, ""1"": 5953, ""2"": 5651, ""3"": 5643, ""4"": 6537, ""5"": 4331}",connected
35699,102,20000,0.4347658333333334,0.002870945689501241,-5.88372878473252,"{""0"": 7498, ""1"": 5962, ""2"": 5683, ""3"": 5655, ""4"": 6557, ""5"": 4344}",connected
35799,104,20000,0.4331825,0.0027165647491347047,-5.881965668690391,"{""0"": 7511, ""1"": 5976, ""2"": 5711, ""3"": 5673, ""4"": 6578, ""5"": 4350}",connected
35899,104,20000,0.43159916666666664,0.0029714120662538337,-5.881965668690391,"{""0"": 7520, ""1"": 5994, ""2"": 5749, ""3"": 5689, ""4"": 6594, ""5"": 4353}",connected
35999,104,20000,0.4300158333333334,0.0024330734770046545,-5.881965668690391,"{""0"": 7535, ""1"": 6012, ""2"": 5776, ""3"": 5696, ""4"": 6620, ""5"": 4360}",connected
36099,104,20000,0.4284325,0.002099534356966615,-5.881965668690391,"{""0"": 7545, ""1"": 6034, ""2"": 5804, ""3"": 5713, ""4"": 6639, ""5"": 4364}",connected
36199,104,20000,0.4268491666666667,0.002457909345976077,-5.881965668690391,"{""0"": 7553, ""1"": 6071, ""2"": 5834, ""3"": 5729, ""4"": 6642, ""5"": 4370}",connected
36299,104,20000,0.42526583333333334,0.00229582478525117,-5.881965668690391,"{""0"": 7580, ""1"": 6091, ""2"": 5841, ""3"": 5739, ""4"": 6667, ""5"": 4381}",connected
36399,104,20000,0.42368249999999996,0.0024864709106623196,-5.881965668690391,"{""0"": 7594, ""1"": 6113, ""2"": 5852, ""3"": 5763, ""4"": 6687, ""5"": 4390}",connected
36499,106,20000,0.4220991666666667,0.002878425758972298,-5.840419024396688,"{""0"": 7609, ""1"": 6117, ""2"": 5871, ""3"": 5789, ""4"": 6714, ""5"": 4399}",connected
36599,106,20000,0.4205158333333334,0.0034116506870486775,-5.840419024396688,"{""0"": 7630, ""1"": 6131, ""2"": 5891, ""3"": 5805, ""4"": 6731, ""5"": 4411}",connected
36699,106,20000,0.41893250000000004,0.00359020152449375,-5.840419024396688,"{""0"": 7647, ""1"": 6149, ""2"": 5910, ""3"": 5827, ""4"": 6752, ""5"": 4414}",connected
36799,106,20000,0.41734916666666677,0.003511875926051289,-5.840419024396688,"{""0"": 7683, ""1"": 6178, ""2"": 5923, ""3"": 5833, ""4"": 6762, ""5"": 4420}",connected
36899,106,20000,0.4157658333333334,0.003772958900080994,-5.840419024396688,"{""0"": 7725, ""1"": 6197, ""2"": 5930, ""3"": 5844, ""4"": 6778, ""5"": 4425}",connected
36999,106,20000,0.4141825,0.0029409082647180187,-5.840419024396688,"{""0"": 7780, ""1"": 6204, ""2"": 5937, ""3"": 5855, ""4"": 6790, ""5"": 4433}",connected
37099,106,20000,0.41259916666666674,0.002773183546378277,-5.840419024396688,"{""0"": 7818, ""1"": 6237, ""2"": 5942, ""3"": 5863, ""4"": 6801, ""5"": 4438}",connected
37199,108,20000,0.41101583333333336,0.0036224172101356087,-5.828409751830622,"{""0"": 7861, ""1"": 6260, ""2"": 5960, ""3"": 5868, ""4"": 6810, ""5"": 4440}",connected
37299,108,20000,0.4094325,0.002774715964333154,-5.828409751830622,"{""0"": 7876, ""1"": 6285, ""2"": 5974, ""3"": 5890, ""4"": 6827, ""5"": 4447}",connected
37399,108,20000,0.4078491666666667,0.003310655464301817,-5.828409751830622,"{""0"": 7911, ""1"": 6298, ""2"": 5995, ""3"": 5908, ""4"": 6836, ""5"": 4451}",connected
37499,108,20000,0.4062658333333333,0.003352766730822623,-5.828409751830622,"{""0"": 7919, ""1"": 6318, ""2"": 6014, ""3"": 5934, ""4"": 6858, ""5"": 4456}",connected
37599,108,20000,0.40468249999999995,0.002385689282673411,-5.828409751830622,"{""0"": 7932, ""1"": 6337, ""2"": 6042, ""3"": 5954, ""4"": 6873, ""5"": 4461}",connected
37699,108,20000,0.4030991666666667,0.002886674780747853,-5.828409751830622,"{""0"": 7952, ""1"": 6348, ""2"": 6056, ""3"": 5977, ""4"": 6899, ""5"": 4467}",connected
37799,108,20000,0.4015158333333334,0.002478114601690322,-5.828409751830622,"{""0"": 7964, ""1"": 6375, ""2"": 6079, ""3"": 5991, ""4"": 6916, ""5"": 4474}",connected
37899,110,20000,0.3999325,0.0030644000408938154,-5.788670786242001,"{""0"": 7983, ""1"": 6399, ""2"": 6091, ""3"": 6017, ""4"": 6930, ""5"": 4479}",connected
37999,110,20000,0.39834916666666675,0.003101049923570827,-5.788670786242001,"{""0"": 7995, ""1"": 6413, ""2"": 6105, ""3"": 6054, ""4"": 6945, ""5"": 4487}",connected
38099,110,20000,0.3967658333333334,0.0026038503530435263,-5.788670786242001,"{""0"": 8008, ""1"": 6430, ""2"": 6118, ""3"": 6088, ""4"": 6965, ""5"": 4490}",connected
38199,110,20000,0.3951825,0.0030009140900801867,-5.788670786242001,"{""0"": 8026, ""1"": 6453, ""2"": 6139, ""3"": 6102, ""4"": 6981, ""5"": 4498}",connected
38299,110,20000,0.3935991666666667,0.0023800653289072216,-5.788670786242001,"{""0"": 8063, ""1"": 6463, ""2"": 6153, ""3"": 6121, ""4"": 6993, ""5"": 4506}",connected
38399,110,20000,0.39201583333333334,0.002641785654705018,-5.788670786242001,"{""0"": 8072, ""1"": 6481, ""2"": 6169, ""3"": 6137, ""4"": 7029, ""5"": 4511}",connected
38499,110,20000,0.39043249999999996,0.003239815168781206,-5.788670786242001,"{""0"": 8103, ""1"": 6506, ""2"": 6180, ""3"": 6153, ""4"": 7041, ""5"": 4516}",connected
38599,110,20000,0.3888491666666667,0.003266755704535171,-5.788670786242001,"{""0"": 8120, ""1"": 6520, ""2"": 6197, ""3"": 6172, ""4"": 7059, ""5"": 4531}",connected
38699,112,20000,0.3872658333333333,0.004100825503119267,-5.742411533249542,"{""0"": 8129, ""1"": 6544, ""2"": 6217, ""3"": 6190, ""4"": 7079, ""5"": 4540}",connected
38799,112,20000,0.38568250000000004,0.004241134154144674,-5.742411533249542,"{""0"": 8152, ""1"": 6555, ""2"": 6226, ""3"": 6199, ""4"": 7112, ""5"": 4555}",connected
38899,112,20000,0.38409916666666666,0.0038963526778388767,-5.742411533249542,"{""0"": 8157, ""1"": 6575, ""2"": 6241, ""3"": 6216, ""4"": 7148, ""5"": 4562}",connected
38999,112,20000,0.3825158333333334,0.004125009460258297,-5.742411533249542,"{""0"": 8171, ""1"": 6602, ""2"": 6255, ""3"": 6232, ""4"": 7168, ""5"": 4571}",connected
39099,112,20000,0.3809325000000001,0.004776002481230534,-5.742411533249542,"{""0"": 8185, ""1"": 6632, ""2"": 6274, ""3"": 6249, ""4"": 7182, ""5"": 4577}",connected
39199,112,20000,0.37934916666666674,0.004576637992286124,-5.742411533249542,"{""0"": 8231, ""1"": 6647, ""2"": 6284, ""3"": 6258, ""4"": 7193, ""5"": 4586}",connected
39299,114,20000,0.37776583333333336,0.004598834477947094,-5.6403502351557835,"{""0"": 8240, ""1"": 6669, ""2"": 6302, ""3"": 6278, ""4"": 7211, ""5"": 4599}",connected
39399,114,20000,0.3761825000000001,0.004201687898021191,-5.6403502351557835,"{""0"": 8247, ""1"": 6689, ""2"": 6308, ""3"": 6293, ""4"": 7257, ""5"": 4605}",connected
39499,114,20000,0.3745991666666667,0.003482347669778392,-5.6403502351557835,"{""0"": 8269, ""1"": 6698, ""2"": 6325, ""3"": 6308, ""4"": 7288, ""5"": 4611}",connected
39599,114,20000,0.3730158333333333,0.004056707142153755,-5.6403502351557835,"{""0"": 8289, ""1"": 6728, ""2"": 6343, ""3"": 6329, ""4"": 7297, ""5"": 4613}",connected
39699,114,20000,0.37143250000000005,0.004098070602049119,-5.6403502351557835,"{""0"": 8312, ""1"": 6740, ""2"": 6354, ""3"": 6348, ""4"": 7325, ""5"": 4620}",connected
39799,114,20000,0.3698491666666667,0.00425278915965464,-5.6403502351557835,"{""0"": 8327, ""1"": 6760, ""2"": 6363, ""3"": 6366, ""4"": 7356, ""5"": 4627}",connected
39899,114,20000,0.3682658333333333,0.0037669581203954292,-5.6403502351557835,"{""0"": 8380, ""1"": 6767, ""2"": 6379, ""3"": 6375, ""4"": 7366, ""5"": 4632}",connected
39999,114,20000,0.3666825,0.003566274699405767,-5.6403502351557835,"{""0"": 8429, ""1"": 6773, ""2"": 6385, ""3"": 6395, ""4"": 7381, ""5"": 4636}",connected
40099,116,20000,0.36509916666666664,0.0035681445262162013,-5.74172417906113,"{""0"": 8442, ""1"": 6815, ""2"": 6389, ""3"": 6401, ""4"": 7407, ""5"": 4645}",connected
40199,116,20000,0.36351583333333337,0.003185910757165402,-5.74172417906113,"{""0"": 8449, ""1"": 6849, ""2"": 6402, ""3"": 6427, ""4"": 7420, ""5"": 4652}",connected
40299,116,20000,0.3619325000000001,0.0034463400614913554,-5.74172417906113,"{""0"": 8469, ""1"": 6873, ""2"": 6412, ""3"": 6449, ""4"": 7435, ""5"": 4661}",connected
40399,116,20000,0.3603491666666667,0.0040060343139339235,-5.74172417906113,"{""0"": 8490, ""1"": 6889, ""2"": 6427, ""3"": 6457, ""4"": 7463, ""5"": 4673}",connected
40499,116,20000,0.35876583333333334,0.004431288008345291,-5.74172417906113,"{""0"": 8502, ""1"": 6904, ""2"": 6453, ""3"": 6478, ""4"": 7487, ""5"": 4675}",connected
40599,116,20000,0.35718250000000007,0.00465662723290734,-5.74172417906113,"{""0"": 8510, ""1"": 6929, ""2"": 6482, ""3"": 6496, ""4"": 7501, ""5"": 4681}",connected
40699,116,20000,0.3555991666666667,0.004681628128746524,-5.74172417906113,"{""0"": 8539, ""1"": 6948, ""2"": 6494, ""3"": 6508, ""4"": 7524, ""5"": 4686}",connected
40799,118,20000,0.3540158333333333,0.004635256822220981,-5.706858633891679,"{""0"": 8558, ""1"": 6974, ""2"": 6513, ""3"": 6517, ""4"": 7545, ""5"": 4692}",connected
40899,118,20000,0.35243250000000004,0.004956133242230863,-5.706858633891679,"{""0"": 8570, ""1"": 7002, ""2"": 6525, ""3"": 6535, ""4"": 7564, ""5"": 4703}",connected
40999,118,20000,0.35084916666666666,0.0049393907946068795,-5.706858633891679,"{""0"": 8575, ""1"": 7022, ""2"": 6538, ""3"": 6574, ""4"": 7581, ""5"": 4709}",connected
41099,118,20000,0.3492658333333333,0.004821263646590523,-5.706858633891679,"{""0"": 8585, ""1"": 7040, ""2"": 6546, ""3"": 6593, ""4"": 7619, ""5"": 4716}",connected
41199,118,20000,0.3476825,0.004327586041181348,-5.706858633891679,"{""0"": 8594, ""1"": 7058, ""2"": 6551, ""3"": 6617, ""4"": 7655, ""5"": 4724}",connected
41299,118,20000,0.3460991666666666,0.004102472643717192,-5.706858633891679,"{""0"": 8613, ""1"": 7079, ""2"": 6579, ""3"": 6631, ""4"": 7666, ""5"": 4731}",connected
41399,118,20000,0.34451583333333347,0.00442296173714567,-5.706858633891679,"{""0"": 8629, ""1"": 7088, ""2"": 6605, ""3"": 6656, ""4"": 7687, ""5"": 4734}",connected
41499,120,20000,0.3429325000000001,0.004609160012332723,-5.674576633437536,"{""0"": 8640, ""1"": 7104, ""2"": 6619, ""3"": 6684, ""4"": 7710, ""5"": 4742}",connected
41599,120,20000,0.3413491666666667,0.004107248488580808,-5.674576633437536,"{""0"": 8653, ""1"": 7124, ""2"": 6640, ""3"": 6701, ""4"": 7729, ""5"": 4752}",connected
41699,120,20000,0.33976583333333343,0.004189065860118717,-5.674576633437536,"{""0"": 8666, ""1"": 7129, ""2"": 6664, ""3"": 6732, ""4"": 7747, ""5"": 4761}",connected
41799,120,20000,0.33818250000000005,0.0037659737514331936,-5.674576633437536,"{""0"": 8693, ""1"": 7141, ""2"": 6699, ""3"": 6749, ""4"": 7754, ""5"": 4763}",connected
41899,120,20000,0.33659916666666667,0.0031425757636316123,-5.674576633437536,"{""0"": 8704, ""1"": 7147, ""2"": 6736, ""3"": 6772, ""4"": 7764, ""5"": 4776}",connected
41999,120,20000,0.3350158333333334,0.003199110656278208,-5.674576633437536,"{""0"": 8733, ""1"": 7157, ""2"": 6760, ""3"": 6785, ""4"": 7781, ""5"": 4783}",connected
42099,120,20000,0.3334325,0.003221188740571961,-5.674576633437536,"{""0"": 8785, ""1"": 7167, ""2"": 6770, ""3"": 6798, ""4"": 7791, ""5"": 4788}",connected
42199,122,20000,0.33184916666666664,0.003734213860007003,-5.674553776709363,"{""0"": 8813, ""1"": 7191, ""2"": 6781, ""3"": 6805, ""4"": 7807, ""5"": 4802}",connected
42299,122,20000,0.33026583333333337,0.00418884732411243,-5.674553776709363,"{""0"": 8834, ""1"": 7200, ""2"": 6797, ""3"": 6825, ""4"": 7827, ""5"": 4816}",connected
42399,122,20000,0.3286825,0.004166000467957929,-5.674553776709363,"{""0"": 8844, ""1"": 7217, ""2"": 6816, ""3"": 6839, ""4"": 7854, ""5"": 4829}",connected
42499,122,20000,0.3270991666666666,0.0036282120825489985,-5.674553776709363,"{""0"": 8855, ""1"": 7238, ""2"": 6829, ""3"": 6873, ""4"": 7874, ""5"": 4830}",connected
42599,122,20000,0.32551583333333345,0.0035364907188341023,-5.674553776709363,"{""0"": 8920, ""1"": 7239, ""2"": 6831, ""3"": 6882, ""4"": 7887, ""5"": 4840}",connected
42699,122,20000,0.32393250000000007,0.0037995364458765835,-5.674553776709363,"{""0"": 8954, ""1"": 7265, ""2"": 6838, ""3"": 6893, ""4"": 7896, ""5"": 4853}",connected
42799,122,20000,0.3223491666666667,0.0045945680281147365,-5.674553776709363,"{""0"": 8986, ""1"": 7282, ""2"": 6843, ""3"": 6901, ""4"": 7914, ""5"": 4873}",connected
42899,124,20000,0.3207658333333334,0.004824880880187265,-5.6214165599178525,"{""0"": 9011, ""1"": 7311, ""2"": 6858, ""3"": 6922, ""4"": 7922, ""5"": 4875}",connected
42999,124,20000,0.31918250000000004,0.004678740669041872,-5.6214165599178525,"{""0"": 9023, ""1"": 7320, ""2"": 6871, ""3"": 6951, ""4"": 7953, ""5"": 4881}",connected
43099,124,20000,0.31759916666666665,0.004425165691645816,-5.6214165599178525,"{""0"": 9045, ""1"": 7327, ""2"": 6890, ""3"": 6966, ""4"": 7979, ""5"": 4892}",connected
43199,124,20000,0.3160158333333334,0.00417419288540259,-5.6214165599178525,"{""0"": 9060, ""1"": 7348, ""2"": 6908, ""3"": 6983, ""4"": 8001, ""5"": 4899}",connected
43299,124,20000,0.3144325,0.004386943326098844,-5.6214165599178525,"{""0"": 9091, ""1"": 7365, ""2"": 6917, ""3"": 7009, ""4"": 8016, ""5"": 4901}",connected
43399,124,20000,0.3128491666666666,0.004415030886884779,-5.6214165599178525,"{""0"": 9122, ""1"": 7373, ""2"": 6938, ""3"": 7021, ""4"": 8030, ""5"": 4915}",connected
43499,124,20000,0.31126583333333335,0.0048742661741562185,-5.6214165599178525,"{""0"": 9154, ""1"": 7387, ""2"": 6960, ""3"": 7034, ""4"": 8042, ""5"": 4922}",connected
43599,126,20000,0.30968249999999997,0.005028068126412108,-5.567884613373317,"{""0"": 9176, ""1"": 7401, ""2"": 6984, ""3"": 7045, ""4"": 8062, ""5"": 4931}",connected
43699,126,20000,0.3080991666666667,0.00464230957091786,-5.567884613373317,"{""0"": 9186, ""1"": 7419, ""2"": 6994, ""3"": 7074, ""4"": 8085, ""5"": 4941}",connected
43799,126,20000,0.30651583333333343,0.004737512002466246,-5.567884613373317,"{""0"": 9208, ""1"": 7436, ""2"": 7010, ""3"": 7104, ""4"": 8090, ""5"": 4951}",connected
43899,126,20000,0.30493250000000005,0.0040694696584250775,-5.567884613373317,"{""0"": 9223, ""1"": 7453, ""2"": 7020, ""3"": 7119, ""4"": 8122, ""5"": 4962}",connected
43999,126,20000,0.3033491666666668,0.004090747117297724,-5.567884613373317,"{""0"": 9233, ""1"": 7462, ""2"": 7043, ""3"": 7146, ""4"": 8145, ""5"": 4970}",connected
44099,126,20000,0.3017658333333334,0.006096188757801428,-5.567884613373317,"{""0"": 9249, ""1"": 7478, ""2"": 7049, ""3"": 7179, ""4"": 8170, ""5"": 4974}",connected
44199,126,20000,0.3001825,0.00647978536086157,-5.567884613373317,"{""0"": 9267, ""1"": 7510, ""2"": 7063, ""3"": 7188, ""4"": 8188, ""5"": 4983}",connected
44299,126,20000,0.29859916666666675,0.007185791331576184,-5.567884613373317,"{""0"": 9278, ""1"": 7558, ""2"": 7074, ""3"": 7202, ""4"": 8196, ""5"": 4991}",connected
44399,128,20000,0.29701583333333337,0.007035184288397432,-5.548638108712621,"{""0"": 9291, ""1"": 7587, ""2"": 7091, ""3"": 7213, ""4"": 8218, ""5"": 4999}",connected
44499,128,20000,0.2954325,0.004920211208518595,-5.548638108712621,"{""0"": 9310, ""1"": 7596, ""2"": 7107, ""3"": 7245, ""4"": 8237, ""5"": 5004}",connected
44599,128,20000,0.2938491666666667,0.004362347729038447,-5.548638108712621,"{""0"": 9325, ""1"": 7620, ""2"": 7112, ""3"": 7270, ""4"": 8253, ""5"": 5019}",connected
44699,128,20000,0.29226583333333334,0.004294325369410217,-5.548638108712621,"{""0"": 9335, ""1"": 7636, ""2"": 7129, ""3"": 7302, ""4"": 8276, ""5"": 5021}",connected
44799,128,20000,0.29068249999999995,0.0040220858016982676,-5.548638108712621,"{""0"": 9339, ""1"": 7663, ""2"": 7135, ""3"": 7328, ""4"": 8303, ""5"": 5031}",connected
44899,128,20000,0.2890991666666667,0.004083864419953898,-5.548638108712621,"{""0"": 9348, ""1"": 7674, ""2"": 7155, ""3"": 7353, ""4"": 8337, ""5"": 5032}",connected
44999,128,20000,0.2875158333333334,0.0044612602598499505,-5.548638108712621,"{""0"": 9398, ""1"": 7677, ""2"": 7176, ""3"": 7362, ""4"": 8348, ""5"": 5038}",connected
45099,130,20000,0.28593250000000003,0.0039071969746146355,-5.54556257629767,"{""0"": 9416, ""1"": 7703, ""2"": 7190, ""3"": 7372, ""4"": 8377, ""5"": 5041}",connected
45199,130,20000,0.28434916666666676,0.004316361924866214,-5.54556257629767,"{""0"": 9428, ""1"": 7717, ""2"": 7217, ""3"": 7381, ""4"": 8409, ""5"": 5047}",connected
45299,132,20000,0.2827658333333334,0.005031563196098432,-5.357584135574289,"{""0"": 9434, ""1"": 7740, ""2"": 7247, ""3"": 7403, ""4"": 8421, ""5"": 5054}",connected
45399,132,20000,0.2811825,0.004848526074783877,-5.357584135574289,"{""0"": 9446, ""1"": 7752, ""2"": 7256, ""3"": 7417, ""4"": 8458, ""5"": 5070}",connected
45499,132,20000,0.27959916666666673,0.005078877246705815,-5.357584135574289,"{""0"": 9461, ""1"": 7777, ""2"": 7269, ""3"": 7439, ""4"": 8479, ""5"": 5074}",connected
45599,132,20000,0.27801583333333335,0.006070710823405534,-5.357584135574289,"{""0"": 9476, ""1"": 7809, ""2"": 7278, ""3"": 7465, ""4"": 8493, ""5"": 5078}",connected
45699,132,20000,0.27643249999999997,0.005449244525516405,-5.357584135574289,"{""0"": 9492, ""1"": 7817, ""2"": 7290, ""3"": 7488, ""4"": 8532, ""5"": 5080}",connected
45799,132,20000,0.2748491666666667,0.005245944963535294,-5.357584135574289,"{""0"": 9540, ""1"": 7827, ""2"": 7307, ""3"": 7493, ""4"": 8549, ""5"": 5083}",connected
45899,132,20000,0.2732658333333333,0.00500254137441516,-5.357584135574289,"{""0"": 9555, ""1"": 7833, ""2"": 7326, ""3"": 7517, ""4"": 8573, ""5"": 5095}",connected
45999,134,20000,0.27168249999999994,0.003348791766911745,-5.328304272489622,"{""0"": 9575, ""1"": 7854, ""2"": 7331, ""3"": 7545, ""4"": 8590, ""5"": 5104}",connected
46099,134,20000,0.27009916666666667,0.0033400926878675817,-5.328304272489622,"{""0"": 9586, ""1"": 7876, ""2"": 7343, ""3"": 7568, ""4"": 8619, ""5"": 5107}",connected
46199,134,20000,0.2685158333333334,0.003538516099797562,-5.328304272489622,"{""0"": 9593, ""1"": 7910, ""2"": 7358, ""3"": 7595, ""4"": 8627, ""5"": 5116}",connected
46299,134,20000,0.26693250000000013,0.0034443190554156898,-5.328304272489622,"{""0"": 9621, ""1"": 7922, ""2"": 7369, ""3"": 7616, ""4"": 8652, ""5"": 5119}",connected
46399,134,20000,0.26534916666666675,0.004182340670377016,-5.328304272489622,"{""0"": 9635, ""1"": 7939, ""2"": 7421, ""3"": 7622, ""4"": 8660, ""5"": 5122}",connected
46499,134,20000,0.26376583333333337,0.0045596492127515376,-5.328304272489622,"{""0"": 9647, ""1"": 7979, ""2"": 7447, ""3"": 7627, ""4"": 8669, ""5"": 5130}",connected
46599,134,20000,0.2621825000000001,0.004517224833834916,-5.328304272489622,"{""0"": 9657, ""1"": 8010, ""2"": 7464, ""3"": 7636, ""4"": 8688, ""5"": 5144}",connected
46699,134,20000,0.2605991666666667,0.004938089203787968,-5.328304272489622,"{""0"": 9668, ""1"": 8036, ""2"": 7492, ""3"": 7645, ""4"": 8710, ""5"": 5148}",connected
46799,136,20000,0.25901583333333333,0.004797231383854524,-5.272994060362689,"{""0"": 9687, ""1"": 8059, ""2"": 7503, ""3"": 7667, ""4"": 8731, ""5"": 5152}",connected
46899,136,20000,0.25743250000000006,0.004677634085528553,-5.272994060362689,"{""0"": 9694, ""1"": 8072, ""2"": 7524, ""3"": 7695, ""4"": 8759, ""5"": 5155}",connected
46999,136,20000,0.2558491666666667,0.0050512928573880345,-5.272994060362689,"{""0"": 9714, ""1"": 8092, ""2"": 7528, ""3"": 7724, ""4"": 8777, ""5"": 5164}",connected
47099,136,20000,0.2542658333333333,0.006046882118098438,-5.272994060362689,"{""0"": 9731, ""1"": 8106, ""2"": 7543, ""3"": 7741, ""4"": 8807, ""5"": 5171}",connected
47199,136,20000,0.25268250000000003,0.005861246569547802,-5.272994060362689,"{""0"": 9746, ""1"": 8117, ""2"": 7573, ""3"": 7759, ""4"": 8828, ""5"": 5176}",connected
47299,138,20000,0.25109916666666665,0.005810452332952991,-5.265921782380901,"{""0"": 9764, ""1"": 8134, ""2"": 7588, ""3"": 7783, ""4"": 8849, ""5"": 5181}",connected
47399,138,20000,0.24951583333333338,0.005521699129603803,-5.265921782380901,"{""0"": 9774, ""1"": 8156, ""2"": 7618, ""3"": 7804, ""4"": 8856, ""5"": 5191}",connected
47499,138,20000,0.2479325000000001,0.0044625654804985974,-5.265921782380901,"{""0"": 9779, ""1"": 8199, ""2"": 7624, ""3"": 7812, ""4"": 8870, ""5"": 5215}",connected
47599,138,20000,0.24634916666666673,0.004375529198441654,-5.265921782380901,"{""0"": 9785, ""1"": 8241, ""2"": 7629, ""3"": 7819, ""4"": 8878, ""5"": 5247}",connected
47699,138,20000,0.24476583333333335,0.005087677680421621,-5.265921782380901,"{""0"": 9812, ""1"": 8276, ""2"": 7632, ""3"": 7820, ""4"": 8882, ""5"": 5277}",connected
47799,138,20000,0.24318250000000008,0.005711798107950017,-5.265921782380901,"{""0"": 9847, ""1"": 8289, ""2"": 7637, ""3"": 7830, ""4"": 8893, ""5"": 5303}",connected
47899,138,20000,0.2415991666666667,0.006023943400941789,-5.265921782380901,"{""0"": 9873, ""1"": 8332, ""2"": 7642, ""3"": 7833, ""4"": 8902, ""5"": 5317}",connected
47999,140,20000,0.24001583333333332,0.0075295516999904066,-5.239714567568154,"{""0"": 9890, ""1"": 8347, ""2"": 7650, ""3"": 7860, ""4"": 8917, ""5"": 5335}",connected
48099,140,20000,0.23843250000000005,0.007207722681341693,-5.239714567568154,"{""0"": 9930, ""1"": 8373, ""2"": 7657, ""3"": 7871, ""4"": 8928, ""5"": 5340}",connected
48199,140,20000,0.23684916666666667,0.007121894552838058,-5.239714567568154,"{""0"": 9940, ""1"": 8395, ""2"": 7670, ""3"": 7898, ""4"": 8953, ""5"": 5343}",connected
48299,140,20000,0.23526583333333329,0.00803051129099913,-5.239714567568154,"{""0"": 9959, ""1"": 8399, ""2"": 7687, ""3"": 7926, ""4"": 8977, ""5"": 5351}",connected
48399,140,20000,0.23368250000000002,0.006892748742830008,-5.239714567568154,"{""0"": 9972, ""1"": 8412, ""2"": 7698, ""3"": 7945, ""4"": 9010, ""5"": 5362}",connected
48499,140,20000,0.23209916666666663,0.006961648711003363,-5.239714567568154,"{""0"": 9979, ""1"": 8429, ""2"": 7717, ""3"": 7962, ""4"": 9041, ""5"": 5371}",connected
48599,140,20000,0.23051583333333336,0.006936391157796607,-5.239714567568154,"{""0"": 9991, ""1"": 8443, ""2"": 7722, ""3"": 7977, ""4"": 9068, ""5"": 5398}",connected
48699,142,20000,0.2289325000000001,0.006155126730445773,-5.3024406309938055,"{""0"": 10016, ""1"": 8476, ""2"": 7737, ""3"": 7984, ""4"": 9082, ""5"": 5404}",connected
48799,142,20000,0.2273491666666667,0.005919295692583546,-5.3024406309938055,"{""0"": 10039, ""1"": 8491, ""2"": 7744, ""3"": 8004, ""4"": 9115, ""5"": 5406}",connected
48899,142,20000,0.22576583333333344,0.0062000758899375796,-5.3024406309938055,"{""0"": 10050, ""1"": 8503, ""2"": 7746, ""3"": 8036, ""4"": 9146, ""5"": 5418}",connected
48999,142,20000,0.22418250000000006,0.00620436568162404,-5.3024406309938055,"{""0"": 10064, ""1"": 8528, ""2"": 7751, ""3"": 8056, ""4"": 9174, ""5"": 5426}",connected
49099,142,20000,0.22259916666666668,0.00612887165392749,-5.3024406309938055,"{""0"": 10082, ""1"": 8543, ""2"": 7759, ""3"": 8078, ""4"": 9207, ""5"": 5430}",connected
49199,142,20000,0.2210158333333334,0.006705276436405256,-5.3024406309938055,"{""0"": 10097, ""1"": 8561, ""2"": 7768, ""3"": 8108, ""4"": 9235, ""5"": 5430}",connected
49299,142,20000,0.21943250000000003,0.006210115973372013,-5.3024406309938055,"{""0"": 10121, ""1"": 8578, ""2"": 7772, ""3"": 8135, ""4"": 9261, ""5"": 5432}",connected
49399,144,20000,0.21784916666666665,0.006009791560936719,-5.245728710605763,"{""0"": 10143, ""1"": 8597, ""2"": 7777, ""3"": 8164, ""4"": 9284, ""5"": 5434}",connected
49499,144,20000,0.21626583333333338,0.007146284396294504,-5.245728710605763,"{""0"": 10152, ""1"": 8609, ""2"": 7794, ""3"": 8191, ""4"": 9308, ""5"": 5445}",connected
49599,144,20000,0.2146825,0.0068410817929543555,-5.245728710605763,"{""0"": 10169, ""1"": 8636, ""2"": 7813, ""3"": 8200, ""4"": 9329, ""5"": 5452}",connected
49699,144,20000,0.21309916666666662,0.006838361530099064,-5.245728710605763,"{""0"": 10178, ""1"": 8651, ""2"": 7843, ""3"": 8218, ""4"": 9353, ""5"": 5456}",connected
49799,144,20000,0.21151583333333346,0.007306378481443971,-5.245728710605763,"{""0"": 10184, ""1"": 8671, ""2"": 7860, ""3"": 8239, ""4"": 9382, ""5"": 5463}",connected
49899,144,20000,0.20993250000000008,0.00637532923836261,-5.245728710605763,"{""0"": 10196, ""1"": 8695, ""2"": 7872, ""3"": 8262, ""4"": 9407, ""5"": 5467}",connected
49999,144,20000,0.2083491666666667,0.006618386198533699,-5.245728710605763,"{""0"": 10234, ""1"": 8721, ""2"": 7884, ""3"": 8273, ""4"": 9413, ""5"": 5474}",connected
50099,144,20000,0.20676583333333343,0.006533010549610481,-5.245728710605763,"{""0"": 10275, ""1"": 8757, ""2"": 7886, ""3"": 8278, ""4"": 9417, ""5"": 5486}",connected
50199,146,20000,0.20518250000000005,0.006443554802099243,-5.210732863480225,"{""0"": 10305, ""1"": 8774, ""2"": 7899, ""3"": 8293, ""4"": 9435, ""5"": 5493}",connected
50299,146,20000,0.20359916666666666,0.0060681432706769555,-5.210732863480225,"{""0"": 10310, ""1"": 8784, ""2"": 7905, ""3"": 8323, ""4"": 9461, ""5"": 5516}",connected
50399,146,20000,0.2020158333333334,0.006203239914029836,-5.210732863480225,"{""0"": 10319, ""1"": 8804, ""2"": 7911, ""3"": 8351, ""4"": 9487, ""5"": 5527}",connected
50499,146,20000,0.2004325,0.006175759914331138,-5.210732863480225,"{""0"": 10342, ""1"": 8836, ""2"": 7920, ""3"": 8363, ""4"": 9508, ""5"": 5530}",connected
50599,146,20000,0.19884916666666663,0.005636920123361051,-5.210732863480225,"{""0"": 10365, ""1"": 8860, ""2"": 7929, ""3"": 8378, ""4"": 9527, ""5"": 5540}",connected
50699,146,20000,0.19726583333333336,0.006188508505001664,-5.210732863480225,"{""0"": 10400, ""1"": 8882, ""2"": 7936, ""3"": 8394, ""4"": 9538, ""5"": 5549}",connected
50799,146,20000,0.19568249999999998,0.006643507834523916,-5.210732863480225,"{""0"": 10417, ""1"": 8907, ""2"": 7945, ""3"": 8406, ""4"": 9567, ""5"": 5557}",connected
50899,148,20000,0.1940991666666666,0.006898115591611713,-5.241791524975561,"{""0"": 10423, ""1"": 8953, ""2"": 7963, ""3"": 8422, ""4"": 9578, ""5"": 5560}",connected
50999,148,20000,0.19251583333333344,0.006942852202337235,-5.241791524975561,"{""0"": 10441, ""1"": 8971, ""2"": 7973, ""3"": 8456, ""4"": 9592, ""5"": 5566}",connected
51099,148,20000,0.19093250000000006,0.006637713999953121,-5.241791524975561,"{""0"": 10453, ""1"": 8997, ""2"": 7988, ""3"": 8469, ""4"": 9621, ""5"": 5571}",connected
51199,148,20000,0.1893491666666668,0.006980449275579304,-5.241791524975561,"{""0"": 10492, ""1"": 9018, ""2"": 8002, ""3"": 8480, ""4"": 9630, ""5"": 5577}",connected
51299,148,20000,0.1877658333333334,0.007167515116743743,-5.241791524975561,"{""0"": 10510, ""1"": 9037, ""2"": 8016, ""3"": 8503, ""4"": 9651, ""5"": 5582}",connected
51399,148,20000,0.18618250000000003,0.008181290328502655,-5.241791524975561,"{""0"": 10528, ""1"": 9066, ""2"": 8039, ""3"": 8517, ""4"": 9667, ""5"": 5582}",connected
51499,148,20000,0.18459916666666676,0.00821758204838261,-5.241791524975561,"{""0"": 10543, ""1"": 9088, ""2"": 8058, ""3"": 8536, ""4"": 9687, ""5"": 5587}",connected
51599,150,20000,0.18301583333333338,0.007218472550157458,-5.187770377444103,"{""0"": 10576, ""1"": 9112, ""2"": 8075, ""3"": 8543, ""4"": 9701, ""5"": 5592}",connected
51699,152,20000,0.1814325,0.00750877927755937,-4.993861503591761,"{""0"": 10597, ""1"": 9138, ""2"": 8095, ""3"": 8555, ""4"": 9714, ""5"": 5600}",connected
51799,152,20000,0.17984916666666673,0.007608695167582482,-4.993861503591761,"{""0"": 10608, ""1"": 9145, ""2"": 8102, ""3"": 8605, ""4"": 9738, ""5"": 5601}",connected
51899,152,20000,0.17826583333333335,0.007902737318072468,-4.993861503591761,"{""0"": 10633, ""1"": 9164, ""2"": 8124, ""3"": 8616, ""4"": 9751, ""5"": 5611}",connected
51999,152,20000,0.17668249999999996,0.009115238119848072,-4.993861503591761,"{""0"": 10661, ""1"": 9177, ""2"": 8127, ""3"": 8643, ""4"": 9770, ""5"": 5621}",connected
52099,152,20000,0.1750991666666667,0.009453733849804849,-4.993861503591761,"{""0"": 10730, ""1"": 9180, ""2"": 8132, ""3"": 8651, ""4"": 9781, ""5"": 5625}",connected
52199,152,20000,0.17351583333333342,0.010654133877251297,-4.993861503591761,"{""0"": 10745, ""1"": 9195, ""2"": 8147, ""3"": 8665, ""4"": 9813, ""5"": 5634}",connected
52299,152,20000,0.17193250000000004,0.011446579459588975,-4.993861503591761,"{""0"": 10752, ""1"": 9249, ""2"": 8163, ""3"": 8671, ""4"": 9820, ""5"": 5644}",connected
52399,152,20000,0.17034916666666677,0.010749178079422564,-4.993861503591761,"{""0"": 10769, ""1"": 9285, ""2"": 8172, ""3"": 8682, ""4"": 9835, ""5"": 5656}",connected
52499,154,20000,0.1687658333333334,0.01036550487857312,-4.955180919873528,"{""0"": 10787, ""1"": 9319, ""2"": 8188, ""3"": 8699, ""4"": 9846, ""5"": 5660}",connected
52599,154,20000,0.1671825,0.009117211324628442,-4.955180919873528,"{""0"": 10801, ""1"": 9333, ""2"": 8193, ""3"": 8714, ""4"": 9897, ""5"": 5661}",connected
52699,154,20000,0.16559916666666674,0.008922775394748896,-4.955180919873528,"{""0"": 10822, ""1"": 9344, ""2"": 8222, ""3"": 8730, ""4"": 9905, ""5"": 5676}",connected
52799,154,20000,0.16401583333333336,0.008564579207450152,-4.955180919873528,"{""0"": 10843, ""1"": 9394, ""2"": 8246, ""3"": 8732, ""4"": 9907, ""5"": 5677}",connected
52899,154,20000,0.16243249999999998,0.009133568017277867,-4.955180919873528,"{""0"": 10869, ""1"": 9439, ""2"": 8261, ""3"": 8736, ""4"": 9910, ""5"": 5684}",connected
52999,154,20000,0.1608491666666667,0.008967796008801088,-4.955180919873528,"{""0"": 10896, ""1"": 9451, ""2"": 8272, ""3"": 8751, ""4"": 9932, ""5"": 5697}",connected
53099,154,20000,0.15926583333333333,0.008275865799514576,-4.955180919873528,"{""0"": 10907, ""1"": 9483, ""2"": 8281, ""3"": 8764, ""4"": 9946, ""5"": 5718}",connected
53199,156,20000,0.15768249999999995,0.008384175231913104,-5.020921948538162,"{""0"": 10947, ""1"": 9504, ""2"": 8287, ""3"": 8775, ""4"": 9959, ""5"": 5727}",connected
53299,156,20000,0.15609916666666668,0.0074393290432635695,-5.020921948538162,"{""0"": 10961, ""1"": 9513, ""2"": 8299, ""3"": 8791, ""4"": 9994, ""5"": 5741}",connected
53399,156,20000,0.1545158333333334,0.0071929202205501495,-5.020921948538162,"{""0"": 10979, ""1"": 9530, ""2"": 8305, ""3"": 8830, ""4"": 10007, ""5"": 5748}",connected
53499,156,20000,0.15293250000000003,0.00961567341350019,-5.020921948538162,"{""0"": 10990, ""1"": 9550, ""2"": 8321, ""3"": 8847, ""4"": 10039, ""5"": 5752}",connected
53599,156,20000,0.15134916666666676,0.010901265351567418,-5.020921948538162,"{""0"": 11007, ""1"": 9565, ""2"": 8330, ""3"": 8867, ""4"": 10076, ""5"": 5754}",connected
53699,156,20000,0.14976583333333338,0.012425523626152426,-5.020921948538162,"{""0"": 11039, ""1"": 9611, ""2"": 8343, ""3"": 8869, ""4"": 10080, ""5"": 5757}",connected
53799,156,20000,0.1481825000000001,0.012594089186750352,-5.020921948538162,"{""0"": 11065, ""1"": 9656, ""2"": 8358, ""3"": 8871, ""4"": 10087, ""5"": 5762}",connected
53899,158,20000,0.14659916666666672,0.012131859669461847,-5.120517897251993,"{""0"": 11084, ""1"": 9681, ""2"": 8370, ""3"": 8875, ""4"": 10090, ""5"": 5799}",connected
53999,158,20000,0.14501583333333334,0.011589884744025766,-5.120517897251993,"{""0"": 11095, ""1"": 9736, ""2"": 8379, ""3"": 8881, ""4"": 10096, ""5"": 5812}",connected
54099,158,20000,0.14343250000000007,0.011600609485758468,-5.120517897251993,"{""0"": 11125, ""1"": 9748, ""2"": 8387, ""3"": 8911, ""4"": 10112, ""5"": 5816}",connected
54199,158,20000,0.1418491666666667,0.0115129287133459,-5.120517897251993,"{""0"": 11154, ""1"": 9756, ""2"": 8399, ""3"": 8932, ""4"": 10132, ""5"": 5826}",connected
54299,158,20000,0.1402658333333333,0.01071185419219546,-5.120517897251993,"{""0"": 11164, ""1"": 9779, ""2"": 8404, ""3"": 8967, ""4"": 10157, ""5"": 5828}",connected
54399,158,20000,0.13868250000000004,0.009659453724743798,-5.120517897251993,"{""0"": 11188, ""1"": 9795, ""2"": 8420, ""3"": 8989, ""4"": 10169, ""5"": 5838}",connected
54499,158,20000,0.13709916666666666,0.008789723836816848,-5.120517897251993,"{""0"": 11217, ""1"": 9823, ""2"": 8420, ""3"": 9017, ""4"": 10175, ""5"": 5847}",connected
54599,160,20000,0.1355158333333334,0.00849505168152973,-5.097200793283991,"{""0"": 11231, ""1"": 9857, ""2"": 8442, ""3"": 9035, ""4"": 10183, ""5"": 5851}",connected
54699,160,20000,0.13393250000000012,0.0072380168316885825,-5.097200793283991,"{""0"": 11254, ""1"": 9897, ""2"": 8451, ""3"": 9041, ""4"": 10205, ""5"": 5851}",connected
54799,160,20000,0.13234916666666674,0.008557544313371182,-5.097200793283991,"{""0"": 11266, ""1"": 9927, ""2"": 8461, ""3"": 9060, ""4"": 10229, ""5"": 5856}",connected
54899,162,20000,0.13076583333333336,0.008892940630903467,-4.91806011440698,"{""0"": 11280, ""1"": 9951, ""2"": 8476, ""3"": 9088, ""4"": 10245, ""5"": 5859}",connected
54999,162,20000,0.1291825000000001,0.009819926478667185,-4.91806011440698,"{""0"": 11292, ""1"": 9972, ""2"": 8490, ""3"": 9090, ""4"": 10291, ""5"": 5864}",connected
55099,162,20000,0.1275991666666667,0.011324737522518263,-4.91806011440698,"{""0"": 11318, ""1"": 9987, ""2"": 8496, ""3"": 9130, ""4"": 10301, ""5"": 5867}",connected
55199,162,20000,0.12601583333333333,0.01169289180659689,-4.91806011440698,"{""0"": 11361, ""1"": 10004, ""2"": 8508, ""3"": 9137, ""4"": 10317, ""5"": 5872}",connected
55299,162,20000,0.12443250000000006,0.012190105335321277,-4.91806011440698,"{""0"": 11375, ""1"": 10021, ""2"": 8528, ""3"": 9153, ""4"": 10347, ""5"": 5875}",connected
55399,162,20000,0.12284916666666668,0.012966826919000595,-4.91806011440698,"{""0"": 11409, ""1"": 10033, ""2"": 8538, ""3"": 9172, ""4"": 10371, ""5"": 5876}",connected
55499,162,20000,0.1212658333333333,0.011674272005911916,-4.91806011440698,"{""0"": 11423, ""1"": 10043, ""2"": 8545, ""3"": 9186, ""4"": 10396, ""5"": 5906}",connected
55599,164,20000,0.11968250000000002,0.010710142878815531,-5.051779886679724,"{""0"": 11435, ""1"": 10070, ""2"": 8549, ""3"": 9212, ""4"": 10417, ""5"": 5916}",connected
55699,164,20000,0.11809916666666664,0.010240254069212824,-5.051779886679724,"{""0"": 11443, ""1"": 10082, ""2"": 8578, ""3"": 9237, ""4"": 10438, ""5"": 5921}",connected
55799,164,20000,0.11651583333333337,0.009444053708575666,-5.051779886679724,"{""0"": 11477, ""1"": 10096, ""2"": 8599, ""3"": 9250, ""4"": 10449, ""5"": 5928}",connected
55899,164,20000,0.1149325000000001,0.01008817155379802,-5.051779886679724,"{""0"": 11489, ""1"": 10111, ""2"": 8612, ""3"": 9289, ""4"": 10456, ""5"": 5942}",connected
55999,164,20000,0.11334916666666672,0.010131438979879021,-5.051779886679724,"{""0"": 11510, ""1"": 10130, ""2"": 8628, ""3"": 9312, ""4"": 10474, ""5"": 5945}",connected
56099,164,20000,0.11176583333333334,0.010798778529278933,-5.051779886679724,"{""0"": 11541, ""1"": 10159, ""2"": 8636, ""3"": 9330, ""4"": 10488, ""5"": 5945}",connected
56199,164,20000,0.11018250000000007,0.010481479279696941,-5.051779886679724,"{""0"": 11550, ""1"": 10172, ""2"": 8651, ""3"": 9386, ""4"": 10493, ""5"": 5947}",connected
56299,164,20000,0.10859916666666669,0.01052342719398439,-5.051779886679724,"{""0"": 11553, ""1"": 10204, ""2"": 8661, ""3"": 9412, ""4"": 10518, ""5"": 5951}",connected
56399,166,20000,0.10701583333333342,0.011263912469148636,-5.027006001183763,"{""0"": 11573, ""1"": 10218, ""2"": 8675, ""3"": 9437, ""4"": 10541, ""5"": 5955}",connected
56499,166,20000,0.10543250000000004,0.011287096776068211,-5.027006001183763,"{""0"": 11578, ""1"": 10240, ""2"": 8706, ""3"": 9462, ""4"": 10557, ""5"": 5956}",connected
56599,166,20000,0.10384916666666666,0.010808159178122879,-5.027006001183763,"{""0"": 11582, ""1"": 10242, ""2"": 8755, ""3"": 9501, ""4"": 10562, ""5"": 5957}",connected
56699,166,20000,0.10226583333333339,0.011055367053486406,-5.027006001183763,"{""0"": 11590, ""1"": 10251, ""2"": 8788, ""3"": 9526, ""4"": 10581, ""5"": 5963}",connected
56799,166,20000,0.10068250000000001,0.011140529208350926,-5.027006001183763,"{""0"": 11597, ""1"": 10258, ""2"": 8811, ""3"": 9550, ""4"": 10618, ""5"": 5965}",connected
56899,166,20000,0.09909916666666663,0.01101579582085833,-5.027006001183763,"{""0"": 11604, ""1"": 10291, ""2"": 8822, ""3"": 9576, ""4"": 10636, ""5"": 5970}",connected
56999,166,20000,0.09751583333333347,0.01240137699060142,-5.027006001183763,"{""0"": 11617, ""1"": 10316, ""2"": 8831, ""3"": 9585, ""4"": 10677, ""5"": 5973}",connected
57099,168,20000,0.09593250000000009,0.013153451064135879,-5.005093472311273,"{""0"": 11623, ""1"": 10347, ""2"": 8858, ""3"": 9606, ""4"": 10692, ""5"": 5973}",connected
57199,168,20000,0.0943491666666667,0.01315685622394085,-5.005093472311273,"{""0"": 11626, ""1"": 10381, ""2"": 8900, ""3"": 9609, ""4"": 10704, ""5"": 5979}",connected
57299,168,20000,0.09276583333333344,0.012139625132549554,-5.005093472311273,"{""0"": 11655, ""1"": 10406, ""2"": 8942, ""3"": 9609, ""4"": 10707, ""5"": 5980}",connected
57399,168,20000,0.09118250000000006,0.011996573936194181,-5.005093472311273,"{""0"": 11661, ""1"": 10449, ""2"": 8965, ""3"": 9618, ""4"": 10721, ""5"": 5985}",connected
57499,168,20000,0.08959916666666667,0.011987539322581143,-5.005093472311273,"{""0"": 11683, ""1"": 10459, ""2"": 8978, ""3"": 9626, ""4"": 10741, ""5"": 6012}",connected
57599,168,20000,0.0880158333333334,0.011361505601089448,-5.005093472311273,"{""0"": 11689, ""1"": 10468, ""2"": 8987, ""3"": 9640, ""4"": 10785, ""5"": 6030}",connected
57699,168,20000,0.08643250000000002,0.012444273261353373,-5.005093472311273,"{""0"": 11694, ""1"": 10509, ""2"": 8999, ""3"": 9658, ""4"": 10799, ""5"": 6040}",connected
57799,170,20000,0.08484916666666664,0.012002401344943792,-5.00009334300179,"{""0"": 11704, ""1"": 10534, ""2"": 9012, ""3"": 9672, ""4"": 10822, ""5"": 6055}",connected
57899,170,20000,0.08326583333333337,0.012324115599039943,-5.00009334300179,"{""0"": 11722, ""1"": 10571, ""2"": 9024, ""3"": 9687, ""4"": 10836, ""5"": 6059}",connected
57999,170,20000,0.08168249999999999,0.013354083723388612,-5.00009334300179,"{""0"": 11753, ""1"": 10586, ""2"": 9034, ""3"": 9696, ""4"": 10856, ""5"": 6074}",connected
58099,170,20000,0.08009916666666661,0.012852800709661097,-5.00009334300179,"{""0"": 11771, ""1"": 10602, ""2"": 9063, ""3"": 9707, ""4"": 10873, ""5"": 6083}",connected
58199,170,20000,0.07851583333333345,0.014116213987581432,-5.00009334300179,"{""0"": 11813, ""1"": 10624, ""2"": 9071, ""3"": 9718, ""4"": 10884, ""5"": 6089}",connected
58299,170,20000,0.07693250000000007,0.013525036349892616,-5.00009334300179,"{""0"": 11832, ""1"": 10647, ""2"": 9086, ""3"": 9739, ""4"": 10902, ""5"": 6093}",connected
58399,170,20000,0.07534916666666669,0.013597022355534137,-5.00009334300179,"{""0"": 11875, ""1"": 10652, ""2"": 9102, ""3"": 9752, ""4"": 10918, ""5"": 6100}",connected
58499,172,20000,0.07376583333333342,0.014040446195285767,-4.992428950988687,"{""0"": 11888, ""1"": 10673, ""2"": 9128, ""3"": 9764, ""4"": 10940, ""5"": 6106}",connected
58599,172,20000,0.07218250000000004,0.012079509331379086,-4.992428950988687,"{""0"": 11905, ""1"": 10691, ""2"": 9132, ""3"": 9807, ""4"": 10956, ""5"": 6108}",connected
58699,172,20000,0.07059916666666677,0.01311013676226139,-4.992428950988687,"{""0"": 11930, ""1"": 10718, ""2"": 9155, ""3"": 9821, ""4"": 10966, ""5"": 6109}",connected
58799,172,20000,0.06901583333333339,0.011934915676247328,-4.992428950988687,"{""0"": 11935, ""1"": 10738, ""2"": 9207, ""3"": 9832, ""4"": 10973, ""5"": 6114}",connected
58899,172,20000,0.0674325,0.01139188019093126,-4.992428950988687,"{""0"": 11942, ""1"": 10778, ""2"": 9211, ""3"": 9848, ""4"": 11002, ""5"": 6118}",connected
58999,172,20000,0.06584916666666674,0.012345237771514804,-4.992428950988687,"{""0"": 11970, ""1"": 10794, ""2"": 9219, ""3"": 9872, ""4"": 11026, ""5"": 6118}",connected
59099,172,20000,0.06426583333333336,0.011407716798130423,-4.992428950988687,"{""0"": 11972, ""1"": 10831, ""2"": 9239, ""3"": 9891, ""4"": 11040, ""5"": 6126}",connected
59199,174,20000,0.06268249999999997,0.011786240166984499,-4.972565483800135,"{""0"": 11997, ""1"": 10855, ""2"": 9255, ""3"": 9907, ""4"": 11054, ""5"": 6131}",connected
59299,174,20000,0.061099166666666704,0.011788708246313036,-4.972565483800135,"{""0"": 12003, ""1"": 10870, ""2"": 9277, ""3"": 9916, ""4"": 11098, ""5"": 6135}",connected
59399,174,20000,0.059515833333333434,0.012022052144166082,-4.972565483800135,"{""0"": 12020, ""1"": 10894, ""2"": 9312, ""3"": 9922, ""4"": 11109, ""5"": 6142}",connected
59499,174,20000,0.05793250000000005,0.011577629682142288,-4.972565483800135,"{""0"": 12039, ""1"": 10904, ""2"": 9332, ""3"": 9943, ""4"": 11138, ""5"": 6143}",connected
59599,174,20000,0.05634916666666678,0.01121800706256181,-4.972565483800135,"{""0"": 12058, ""1"": 10910, ""2"": 9360, ""3"": 9959, ""4"": 11156, ""5"": 6156}",connected
59699,174,20000,0.0547658333333334,0.010982570280320942,-4.972565483800135,"{""0"": 12094, ""1"": 10920, ""2"": 9378, ""3"": 9962, ""4"": 11167, ""5"": 6178}",connected
59799,174,20000,0.05318250000000002,0.010414456003345549,-4.972565483800135,"{""0"": 12119, ""1"": 10970, ""2"": 9381, ""3"": 9974, ""4"": 11176, ""5"": 6179}",connected
59899,174,20000,0.05159916666666675,0.009677377387415618,-4.972565483800135,"{""0"": 12130, ""1"": 10989, ""2"": 9402, ""3"": 9995, ""4"": 11200, ""5"": 6183}",connected
59999,176,20000,0.05001583333333337,0.009714275186415761,-5.100442561176606,"{""0"": 12167, ""1"": 11024, ""2"": 9406, ""3"": 10012, ""4"": 11205, ""5"": 6185}",connected
60099,178,20000,0.050000000000000044,0.010775398574769496,-4.923917688769288,"{""0"": 12191, ""1"": 11041, ""2"": 9433, ""3"": 10027, ""4"": 11221, ""5"": 6186}",connected
60199,178,20000,0.050000000000000044,0.01104026399552822,-4.923917688769288,"{""0"": 12219, ""1"": 11062, ""2"": 9446, ""3"": 10039, ""4"": 11242, ""5"": 6191}",connected
60299,178,20000,0.050000000000000044,0.011109885370824486,-4.923917688769288,"{""0"": 12241, ""1"": 11086, ""2"": 9457, ""3"": 10067, ""4"": 11253, ""5"": 6195}",connected
60399,178,20000,0.050000000000000044,0.011159508237615228,-4.923917688769288,"{""0"": 12254, ""1"": 11105, ""2"": 9483, ""3"": 10080, ""4"": 11276, ""5"": 6201}",connected
60499,178,20000,0.050000000000000044,0.010004435230512173,-4.923917688769288,"{""0"": 12291, ""1"": 11122, ""2"": 9493, ""3"": 10083, ""4"": 11281, ""5"": 6229}",connected
60599,178,20000,0.050000000000000044,0.011624509787652641,-4.923917688769288,"{""0"": 12322, ""1"": 11142, ""2"": 9532, ""3"": 10089, ""4"": 11282, ""5"": 6232}",connected
60699,178,20000,0.050000000000000044,0.014429358136840164,-4.923917688769288,"{""0"": 12359, ""1"": 11148, ""2"": 9554, ""3"": 10119, ""4"": 11287, ""5"": 6232}",connected
60799,180,20000,0.050000000000000044,0.015717167009133847,-4.930307897808961,"{""0"": 12399, ""1"": 11158, ""2"": 9586, ""3"": 10125, ""4"": 11299, ""5"": 6232}",connected
60899,180,20000,0.050000000000000044,0.018590218792669474,-4.930307897808961,"{""0"": 12407, ""1"": 11196, ""2"": 9600, ""3"": 10144, ""4"": 11318, ""5"": 6234}",connected
60999,180,20000,0.050000000000000044,0.016383610060438515,-4.930307897808961,"{""0"": 12416, ""1"": 11204, ""2"": 9636, ""3"": 10164, ""4"": 11331, ""5"": 6248}",connected
61099,180,20000,0.050000000000000044,0.013997561719734222,-4.930307897808961,"{""0"": 12446, ""1"": 11223, ""2"": 9643, ""3"": 10176, ""4"": 11352, ""5"": 6259}",connected
61199,180,20000,0.050000000000000044,0.013888816889375448,-4.930307897808961,"{""0"": 12496, ""1"": 11231, ""2"": 9653, ""3"": 10188, ""4"": 11364, ""5"": 6267}",connected
61299,180,20000,0.050000000000000044,0.011916437118779868,-4.930307897808961,"{""0"": 12498, ""1"": 11241, ""2"": 9671, ""3"": 10217, ""4"": 11393, ""5"": 6279}",connected
61399,180,20000,0.050000000000000044,0.012221038632560521,-4.930307897808961,"{""0"": 12509, ""1"": 11290, ""2"": 9696, ""3"": 10227, ""4"": 11397, ""5"": 6280}",connected
61499,182,20000,0.050000000000000044,0.01258259115042165,-4.848125271713361,"{""0"": 12531, ""1"": 11320, ""2"": 9727, ""3"": 10232, ""4"": 11409, ""5"": 6280}",connected
61599,182,20000,0.050000000000000044,0.01093936023535207,-4.848125271713361,"{""0"": 12558, ""1"": 11326, ""2"": 9744, ""3"": 10264, ""4"": 11427, ""5"": 6280}",connected
61699,182,20000,0.050000000000000044,0.010654827067628502,-4.848125271713361,"{""0"": 12568, ""1"": 11338, ""2"": 9752, ""3"": 10320, ""4"": 11439, ""5"": 6282}",connected
61799,182,20000,0.050000000000000044,0.011040246591437607,-4.848125271713361,"{""0"": 12584, ""1"": 11343, ""2"": 9765, ""3"": 10331, ""4"": 11480, ""5"": 6296}",connected
61899,182,20000,0.050000000000000044,0.01106991951353848,-4.848125271713361,"{""0"": 12650, ""1"": 11359, ""2"": 9765, ""3"": 10331, ""4"": 11495, ""5"": 6299}",connected
61999,182,20000,0.050000000000000044,0.011674120458774268,-4.848125271713361,"{""0"": 12673, ""1"": 11377, ""2"": 9770, ""3"": 10353, ""4"": 11527, ""5"": 6299}",connected
62099,182,20000,0.050000000000000044,0.011139277948532254,-4.848125271713361,"{""0"": 12706, ""1"": 11390, ""2"": 9780, ""3"": 10373, ""4"": 11548, ""5"": 6302}",connected
62199,184,20000,0.050000000000000044,0.011772863459773361,-4.766833140240051,"{""0"": 12719, ""1"": 11419, ""2"": 9793, ""3"": 10387, ""4"": 11578, ""5"": 6303}",connected
62299,184,20000,0.050000000000000044,0.011488124853931367,-4.766833140240051,"{""0"": 12755, ""1"": 11433, ""2"": 9798, ""3"": 10411, ""4"": 11597, ""5"": 6305}",connected
62399,184,20000,0.050000000000000044,0.012000309040304273,-4.766833140240051,"{""0"": 12763, ""1"": 11491, ""2"": 9806, ""3"": 10422, ""4"": 11611, ""5"": 6306}",connected
62499,184,20000,0.050000000000000044,0.01173846165649593,-4.766833140240051,"{""0"": 12811, ""1"": 11501, ""2"": 9814, ""3"": 10438, ""4"": 11628, ""5"": 6307}",connected
62599,184,20000,0.050000000000000044,0.01026988448575139,-4.766833140240051,"{""0"": 12826, ""1"": 11517, ""2"": 9822, ""3"": 10461, ""4"": 11652, ""5"": 6321}",connected
62699,184,20000,0.050000000000000044,0.010803187848068774,-4.766833140240051,"{""0"": 12844, ""1"": 11549, ""2"": 9848, ""3"": 10474, ""4"": 11662, ""5"": 6322}",connected
62799,184,20000,0.050000000000000044,0.010141898707952351,-4.766833140240051,"{""0"": 12858, ""1"": 11561, ""2"": 9856, ""3"": 10486, ""4"": 11704, ""5"": 6334}",connected
62899,184,20000,0.050000000000000044,0.011829924967605621,-4.766833140240051,"{""0"": 12879, ""1"": 11573, ""2"": 9873, ""3"": 10498, ""4"": 11729, ""5"": 6347}",connected
62999,186,20000,0.050000000000000044,0.013743732855655253,-4.738442136086523,"{""0"": 12912, ""1"": 11609, ""2"": 9886, ""3"": 10502, ""4"": 11740, ""5"": 6350}",connected
63099,186,20000,0.050000000000000044,0.013633270412683487,-4.738442136086523,"{""0"": 12974, ""1"": 11626, ""2"": 9891, ""3"": 10503, ""4"": 11741, ""5"": 6364}",connected
63199,186,20000,0.050000000000000044,0.013444379940629005,-4.738442136086523,"{""0"": 13036, ""1"": 11633, ""2"": 9900, ""3"": 10505, ""4"": 11741, ""5"": 6384}",connected
63299,186,20000,0.050000000000000044,0.012505697645246982,-4.738442136086523,"{""0"": 13045, ""1"": 11645, ""2"": 9913, ""3"": 10541, ""4"": 11765, ""5"": 6390}",connected
63399,188,20000,0.050000000000000044,0.012264941979665309,-4.60897809796501,"{""0"": 13065, ""1"": 11679, ""2"": 9925, ""3"": 10552, ""4"": 11784, ""5"": 6394}",connected
63499,188,20000,0.050000000000000044,0.012344999755732715,-4.60897809796501,"{""0"": 13098, ""1"": 11690, ""2"": 9945, ""3"": 10560, ""4"": 11812, ""5"": 6394}",connected
63599,188,20000,0.050000000000000044,0.014015015757177025,-4.60897809796501,"{""0"": 13115, ""1"": 11703, ""2"": 9957, ""3"": 10579, ""4"": 11838, ""5"": 6407}",connected
63699,188,20000,0.050000000000000044,0.014334752920549363,-4.60897809796501,"{""0"": 13130, ""1"": 11735, ""2"": 9960, ""3"": 10591, ""4"": 11854, ""5"": 6429}",connected
63799,188,20000,0.050000000000000044,0.013142593947704881,-4.60897809796501,"{""0"": 13154, ""1"": 11767, ""2"": 9961, ""3"": 10594, ""4"": 11856, ""5"": 6467}",connected
63899,188,20000,0.050000000000000044,0.013036755481734871,-4.60897809796501,"{""0"": 13217, ""1"": 11779, ""2"": 9962, ""3"": 10601, ""4"": 11865, ""5"": 6475}",connected
63999,188,20000,0.050000000000000044,0.011941876178607345,-4.60897809796501,"{""0"": 13240, ""1"": 11799, ""2"": 9963, ""3"": 10623, ""4"": 11883, ""5"": 6491}",connected
64099,190,20000,0.050000000000000044,0.011947227187920361,-4.587934009740129,"{""0"": 13269, ""1"": 11818, ""2"": 9981, ""3"": 10636, ""4"": 11899, ""5"": 6496}",connected
64199,190,20000,0.050000000000000044,0.011972829184960574,-4.587934009740129,"{""0"": 13324, ""1"": 11839, ""2"": 10003, ""3"": 10636, ""4"": 11900, ""5"": 6497}",connected
64299,190,20000,0.050000000000000044,0.013545706544537097,-4.587934009740129,"{""0"": 13349, ""1"": 11862, ""2"": 10029, ""3"": 10645, ""4"": 11911, ""5"": 6503}",connected
64399,190,20000,0.050000000000000044,0.014100027843378484,-4.587934009740129,"{""0"": 13385, ""1"": 11869, ""2"": 10042, ""3"": 10658, ""4"": 11923, ""5"": 6522}",connected
64499,190,20000,0.050000000000000044,0.013375595877878368,-4.587934009740129,"{""0"": 13410, ""1"": 11880, ""2"": 10055, ""3"": 10664, ""4"": 11929, ""5"": 6561}",connected
64599,190,20000,0.050000000000000044,0.013519707380328327,-4.587934009740129,"{""0"": 13412, ""1"": 11893, ""2"": 10069, ""3"": 10673, ""4"": 11942, ""5"": 6610}",connected
64699,190,20000,0.050000000000000044,0.012016585615929215,-4.587934009740129,"{""0"": 13419, ""1"": 11906, ""2"": 10084, ""3"": 10682, ""4"": 11950, ""5"": 6658}",connected
64799,192,20000,0.050000000000000044,0.012386454860679805,-4.629349456746131,"{""0"": 13447, ""1"": 11918, ""2"": 10106, ""3"": 10699, ""4"": 11969, ""5"": 6660}",connected
64899,192,20000,0.050000000000000044,0.013181982601527125,-4.629349456746131,"{""0"": 13490, ""1"": 11945, ""2"": 10128, ""3"": 10699, ""4"": 11974, ""5"": 6663}",connected
64999,192,20000,0.050000000000000044,0.01441530002746731,-4.629349456746131,"{""0"": 13505, ""1"": 11963, ""2"": 10141, ""3"": 10724, ""4"": 12000, ""5"": 6666}",connected
65099,192,20000,0.050000000000000044,0.01411038194783032,-4.629349456746131,"{""0"": 13532, ""1"": 11976, ""2"": 10157, ""3"": 10740, ""4"": 12022, ""5"": 6672}",connected
65199,192,20000,0.050000000000000044,0.013939323248341679,-4.629349456746131,"{""0"": 13563, ""1"": 11977, ""2"": 10158, ""3"": 10768, ""4"": 12045, ""5"": 6688}",connected
65299,192,20000,0.050000000000000044,0.01422443326562643,-4.629349456746131,"{""0"": 13625, ""1"": 11993, ""2"": 10172, ""3"": 10771, ""4"": 12048, ""5"": 6690}",connected
65399,192,20000,0.050000000000000044,0.013247147146612405,-4.629349456746131,"{""0"": 13696, ""1"": 11995, ""2"": 10173, ""3"": 10784, ""4"": 12060, ""5"": 6691}",connected
65499,192,20000,0.050000000000000044,0.013891823617741465,-4.629349456746131,"{""0"": 13707, ""1"": 12009, ""2"": 10181, ""3"": 10811, ""4"": 12100, ""5"": 6691}",connected
65599,194,20000,0.050000000000000044,0.013372981352731586,-4.606345855738036,"{""0"": 13730, ""1"": 12035, ""2"": 10214, ""3"": 10819, ""4"": 12109, ""5"": 6692}",connected
65699,194,20000,0.050000000000000044,0.012575987367890775,-4.606345855738036,"{""0"": 13756, ""1"": 12065, ""2"": 10238, ""3"": 10823, ""4"": 12123, ""5"": 6694}",connected
65799,194,20000,0.050000000000000044,0.012708436173852533,-4.606345855738036,"{""0"": 13807, ""1"": 12090, ""2"": 10254, ""3"": 10826, ""4"": 12127, ""5"": 6695}",connected
65899,194,20000,0.050000000000000044,0.011357024109456689,-4.606345855738036,"{""0"": 13861, ""1"": 12112, ""2"": 10275, ""3"": 10828, ""4"": 12128, ""5"": 6695}",connected
65999,194,20000,0.050000000000000044,0.011690568949561567,-4.606345855738036,"{""0"": 13912, ""1"": 12143, ""2"": 10289, ""3"": 10828, ""4"": 12131, ""5"": 6696}",connected
66099,194,20000,0.050000000000000044,0.011526968891266733,-4.606345855738036,"{""0"": 13920, ""1"": 12169, ""2"": 10311, ""3"": 10851, ""4"": 12150, ""5"": 6698}",connected
66199,194,20000,0.050000000000000044,0.011002035890705884,-4.606345855738036,"{""0"": 13931, ""1"": 12175, ""2"": 10321, ""3"": 10887, ""4"": 12182, ""5"": 6703}",connected
66299,196,20000,0.050000000000000044,0.012528609638102352,-4.580676836804487,"{""0"": 13950, ""1"": 12185, ""2"": 10340, ""3"": 10904, ""4"": 12212, ""5"": 6708}",connected
66399,196,20000,0.050000000000000044,0.013404606636613607,-4.580676836804487,"{""0"": 14000, ""1"": 12203, ""2"": 10363, ""3"": 10908, ""4"": 12217, ""5"": 6708}",connected
66499,196,20000,0.050000000000000044,0.01508767472114414,-4.580676836804487,"{""0"": 14035, ""1"": 12215, ""2"": 10402, ""3"": 10912, ""4"": 12223, ""5"": 6712}",connected
66599,196,20000,0.050000000000000044,0.015157346520572901,-4.580676836804487,"{""0"": 14089, ""1"": 12236, ""2"": 10423, ""3"": 10914, ""4"": 12224, ""5"": 6713}",connected
66699,196,20000,0.050000000000000044,0.015552986008115112,-4.580676836804487,"{""0"": 14103, ""1"": 12277, ""2"": 10468, ""3"": 10914, ""4"": 12224, ""5"": 6713}",connected
66799,196,20000,0.050000000000000044,0.016368768704123796,-4.580676836804487,"{""0"": 14115, ""1"": 12315, ""2"": 10510, ""3"": 10918, ""4"": 12228, ""5"": 6713}",connected
66899,196,20000,0.050000000000000044,0.015169082670472562,-4.580676836804487,"{""0"": 14131, ""1"": 12340, ""2"": 10533, ""3"": 10933, ""4"": 12245, ""5"": 6717}",connected
66999,198,20000,0.050000000000000044,0.016112783525604756,-4.552229138645344,"{""0"": 14154, ""1"": 12359, ""2"": 10562, ""3"": 10944, ""4"": 12258, ""5"": 6722}",connected
67099,198,20000,0.050000000000000044,0.014629927116911858,-4.552229138645344,"{""0"": 14180, ""1"": 12372, ""2"": 10573, ""3"": 10962, ""4"": 12278, ""5"": 6734}",connected
67199,198,20000,0.050000000000000044,0.013920257433783263,-4.552229138645344,"{""0"": 14215, ""1"": 12389, ""2"": 10590, ""3"": 10978, ""4"": 12293, ""5"": 6734}",connected
67299,198,20000,0.050000000000000044,0.014366520112380385,-4.552229138645344,"{""0"": 14263, ""1"": 12402, ""2"": 10605, ""3"": 10987, ""4"": 12304, ""5"": 6738}",connected
67399,198,20000,0.050000000000000044,0.014849242735654116,-4.552229138645344,"{""0"": 14263, ""1"": 12410, ""2"": 10615, ""3"": 11022, ""4"": 12348, ""5"": 6741}",connected
67499,198,20000,0.050000000000000044,0.014888271843083202,-4.552229138645344,"{""0"": 14283, ""1"": 12419, ""2"": 10623, ""3"": 11049, ""4"": 12374, ""5"": 6751}",connected
67599,198,20000,0.050000000000000044,0.015519234309904277,-4.552229138645344,"{""0"": 14314, ""1"": 12432, ""2"": 10644, ""3"": 11057, ""4"": 12389, ""5"": 6763}",connected
67699,200,20000,0.050000000000000044,0.01578988820081577,-4.544869979294017,"{""0"": 14353, ""1"": 12440, ""2"": 10675, ""3"": 11061, ""4"": 12401, ""5"": 6769}",connected
67799,200,20000,0.050000000000000044,0.015307638212107122,-4.544869979294017,"{""0"": 14391, ""1"": 12440, ""2"": 10676, ""3"": 11085, ""4"": 12427, ""5"": 6780}",connected
67899,200,20000,0.050000000000000044,0.017277027014642954,-4.544869979294017,"{""0"": 14452, ""1"": 12443, ""2"": 10680, ""3"": 11101, ""4"": 12438, ""5"": 6785}",connected
67999,200,20000,0.050000000000000044,0.01572911942144856,-4.544869979294017,"{""0"": 14461, ""1"": 12459, ""2"": 10696, ""3"": 11124, ""4"": 12467, ""5"": 6792}",connected
68099,200,20000,0.050000000000000044,0.014739343768451364,-4.544869979294017,"{""0"": 14475, ""1"": 12473, ""2"": 10723, ""3"": 11142, ""4"": 12489, ""5"": 6797}",connected
68199,200,20000,0.050000000000000044,0.014182998302858322,-4.544869979294017,"{""0"": 14482, ""1"": 12491, ""2"": 10751, ""3"": 11163, ""4"": 12511, ""5"": 6801}",connected
68299,200,20000,0.050000000000000044,0.012484427539166064,-4.544869979294017,"{""0"": 14523, ""1"": 12503, ""2"": 10770, ""3"": 11170, ""4"": 12518, ""5"": 6815}",connected
68399,202,20000,0.050000000000000044,0.012646592021919787,-4.535303593007848,"{""0"": 14545, ""1"": 12516, ""2"": 10784, ""3"": 11193, ""4"": 12538, ""5"": 6823}",connected
68499,202,20000,0.050000000000000044,0.013073603552766145,-4.535303593007848,"{""0"": 14555, ""1"": 12523, ""2"": 10801, ""3"": 11212, ""4"": 12572, ""5"": 6836}",connected
68599,202,20000,0.050000000000000044,0.012730870111845434,-4.535303593007848,"{""0"": 14571, ""1"": 12538, ""2"": 10818, ""3"": 11236, ""4"": 12600, ""5"": 6836}",connected
68699,202,20000,0.050000000000000044,0.01271548526827246,-4.535303593007848,"{""0"": 14585, ""1"": 12559, ""2"": 10831, ""3"": 11257, ""4"": 12628, ""5"": 6839}",connected
68799,202,20000,0.050000000000000044,0.012355072326026856,-4.535303593007848,"{""0"": 14597, ""1"": 12589, ""2"": 10846, ""3"": 11276, ""4"": 12647, ""5"": 6844}",connected
68899,204,20000,0.050000000000000044,0.011960707164835185,-4.402691044392996,"{""0"": 14608, ""1"": 12611, ""2"": 10873, ""3"": 11290, ""4"": 12667, ""5"": 6850}",connected
68999,204,20000,0.050000000000000044,0.013298651040531694,-4.402691044392996,"{""0"": 14622, ""1"": 12631, ""2"": 10888, ""3"": 11306, ""4"": 12699, ""5"": 6853}",connected
69099,204,20000,0.050000000000000044,0.01368436086922884,-4.402691044392996,"{""0"": 14644, ""1"": 12638, ""2"": 10893, ""3"": 11339, ""4"": 12727, ""5"": 6858}",connected
69199,204,20000,0.050000000000000044,0.013472636917140336,-4.402691044392996,"{""0"": 14659, ""1"": 12649, ""2"": 10903, ""3"": 11343, ""4"": 12781, ""5"": 6864}",connected
69299,206,20000,0.050000000000000044,0.01487102231476456,-4.295457024513744,"{""0"": 14666, ""1"": 12665, ""2"": 10945, ""3"": 11345, ""4"": 12808, ""5"": 6870}",connected
69399,206,20000,0.050000000000000044,0.01384953538654372,-4.295457024513744,"{""0"": 14730, ""1"": 12668, ""2"": 10950, ""3"": 11354, ""4"": 12825, ""5"": 6872}",connected
69499,206,20000,0.050000000000000044,0.013674452947452665,-4.295457024513744,"{""0"": 14763, ""1"": 12668, ""2"": 10951, ""3"": 11385, ""4"": 12859, ""5"": 6873}",connected
69599,206,20000,0.050000000000000044,0.014289092707913368,-4.295457024513744,"{""0"": 14772, ""1"": 12681, ""2"": 10958, ""3"": 11413, ""4"": 12898, ""5"": 6877}",connected
69699,206,20000,0.050000000000000044,0.013428951783571392,-4.295457024513744,"{""0"": 14814, ""1"": 12683, ""2"": 10965, ""3"": 11417, ""4"": 12943, ""5"": 6877}",connected
69799,206,20000,0.050000000000000044,0.013517499656882138,-4.295457024513744,"{""0"": 14861, ""1"": 12695, ""2"": 10976, ""3"": 11419, ""4"": 12971, ""5"": 6877}",connected
69899,206,20000,0.050000000000000044,0.0130069142812863,-4.295457024513744,"{""0"": 14879, ""1"": 12710, ""2"": 10993, ""3"": 11434, ""4"": 12997, ""5"": 6886}",connected
69999,208,20000,0.050000000000000044,0.01281212639529258,-4.180592393269762,"{""0"": 14905, ""1"": 12715, ""2"": 11008, ""3"": 11447, ""4"": 13012, ""5"": 6912}",connected
70099,208,20000,0.050000000000000044,0.013660457376390696,-4.180592393269762,"{""0"": 14918, ""1"": 12720, ""2"": 11029, ""3"": 11471, ""4"": 13043, ""5"": 6918}",connected
70199,208,20000,0.050000000000000044,0.014893950913101434,-4.180592393269762,"{""0"": 14922, ""1"": 12729, ""2"": 11085, ""3"": 11482, ""4"": 13057, ""5"": 6924}",connected
70299,208,20000,0.050000000000000044,0.016696375072933735,-4.180592393269762,"{""0"": 14935, ""1"": 12744, ""2"": 11116, ""3"": 11498, ""4"": 13080, ""5"": 6926}",connected
70399,208,20000,0.050000000000000044,0.018491010167635977,-4.180592393269762,"{""0"": 14947, ""1"": 12747, ""2"": 11120, ""3"": 11538, ""4"": 13120, ""5"": 6927}",connected
70499,208,20000,0.050000000000000044,0.018113501942716537,-4.180592393269762,"{""0"": 14962, ""1"": 12756, ""2"": 11127, ""3"": 11572, ""4"": 13155, ""5"": 6927}",connected
70599,208,20000,0.050000000000000044,0.018350246390327812,-4.180592393269762,"{""0"": 14973, ""1"": 12761, ""2"": 11134, ""3"": 11609, ""4"": 13193, ""5"": 6929}",connected
70699,210,20000,0.050000000000000044,0.0169855161011219,-4.181226872289553,"{""0"": 14986, ""1"": 12768, ""2"": 11167, ""3"": 11630, ""4"": 13210, ""5"": 6938}",connected
70799,210,20000,0.050000000000000044,0.016309757127892226,-4.181226872289553,"{""0"": 15002, ""1"": 12775, ""2"": 11182, ""3"": 11668, ""4"": 13234, ""5"": 6938}",connected
70899,210,20000,0.050000000000000044,0.01657917126780376,-4.181226872289553,"{""0"": 15067, ""1"": 12777, ""2"": 11187, ""3"": 11684, ""4"": 13246, ""5"": 6938}",connected
70999,210,20000,0.050000000000000044,0.01659472564002499,-4.181226872289553,"{""0"": 15090, ""1"": 12790, ""2"": 11215, ""3"": 11695, ""4"": 13268, ""5"": 6941}",connected
71099,210,20000,0.050000000000000044,0.016919348470401017,-4.181226872289553,"{""0"": 15122, ""1"": 12806, ""2"": 11221, ""3"": 11722, ""4"": 13283, ""5"": 6945}",connected
71199,210,20000,0.050000000000000044,0.016509162546135485,-4.181226872289553,"{""0"": 15188, ""1"": 12812, ""2"": 11225, ""3"": 11732, ""4"": 13295, ""5"": 6947}",connected
71299,210,20000,0.050000000000000044,0.016608922574669123,-4.181226872289553,"{""0"": 15235, ""1"": 12832, ""2"": 11246, ""3"": 11737, ""4"": 13297, ""5"": 6952}",connected
71399,212,20000,0.050000000000000044,0.016438570474274456,-4.187772951098159,"{""0"": 15254, ""1"": 12842, ""2"": 11278, ""3"": 11767, ""4"": 13302, ""5"": 6956}",connected
71499,212,20000,0.050000000000000044,0.017488461304455995,-4.187772951098159,"{""0"": 15254, ""1"": 12845, ""2"": 11373, ""3"": 11768, ""4"": 13302, ""5"": 6957}",connected
71599,212,20000,0.050000000000000044,0.017437004176899792,-4.187772951098159,"{""0"": 15260, ""1"": 12857, ""2"": 11419, ""3"": 11791, ""4"": 13314, ""5"": 6958}",connected
71699,212,20000,0.050000000000000044,0.0163766849366948,-4.187772951098159,"{""0"": 15264, ""1"": 12859, ""2"": 11494, ""3"": 11792, ""4"": 13319, ""5"": 6971}",connected
71799,212,20000,0.050000000000000044,0.01564694837667048,-4.187772951098159,"{""0"": 15273, ""1"": 12870, ""2"": 11511, ""3"": 11832, ""4"": 13335, ""5"": 6978}",connected
71899,212,20000,0.050000000000000044,0.014895717883482575,-4.187772951098159,"{""0"": 15285, ""1"": 12877, ""2"": 11560, ""3"": 11838, ""4"": 13360, ""5"": 6979}",connected
71999,212,20000,0.050000000000000044,0.01390279883518815,-4.187772951098159,"{""0"": 15299, ""1"": 12886, ""2"": 11600, ""3"": 11848, ""4"": 13376, ""5"": 6990}",connected
72099,214,20000,0.050000000000000044,0.015078405989333988,-4.253803394571878,"{""0"": 15316, ""1"": 12887, ""2"": 11670, ""3"": 11854, ""4"": 13382, ""5"": 6990}",connected
72199,214,20000,0.050000000000000044,0.015036116209812463,-4.253803394571878,"{""0"": 15323, ""1"": 12888, ""2"": 11670, ""3"": 11916, ""4"": 13412, ""5"": 6990}",connected
72299,214,20000,0.050000000000000044,0.014888681592419744,-4.253803394571878,"{""0"": 15355, ""1"": 12895, ""2"": 11686, ""3"": 11950, ""4"": 13421, ""5"": 6992}",connected
72399,214,20000,0.050000000000000044,0.015252200234681369,-4.253803394571878,"{""0"": 15366, ""1"": 12896, ""2"": 11750, ""3"": 11953, ""4"": 13439, ""5"": 6995}",connected
72499,214,20000,0.050000000000000044,0.014656757856719195,-4.253803394571878,"{""0"": 15390, ""1"": 12896, ""2"": 11785, ""3"": 11968, ""4"": 13462, ""5"": 6998}",connected
72599,214,20000,0.050000000000000044,0.015410931771621108,-4.253803394571878,"{""0"": 15395, ""1"": 12909, ""2"": 11803, ""3"": 11997, ""4"": 13493, ""5"": 7002}",connected
72699,214,20000,0.050000000000000044,0.01675454709213227,-4.253803394571878,"{""0"": 15403, ""1"": 12924, ""2"": 11822, ""3"": 12016, ""4"": 13511, ""5"": 7023}",connected
72799,216,20000,0.050000000000000044,0.01628913854015991,-4.218966799974441,"{""0"": 15409, ""1"": 12938, ""2"": 11848, ""3"": 12039, ""4"": 13534, ""5"": 7031}",connected
72899,216,20000,0.050000000000000044,0.01632283833110705,-4.218966799974441,"{""0"": 15443, ""1"": 12945, ""2"": 11874, ""3"": 12055, ""4"": 13551, ""5"": 7031}",connected
72999,216,20000,0.050000000000000044,0.014952014016453177,-4.218966799974441,"{""0"": 15450, ""1"": 12951, ""2"": 11886, ""3"": 12076, ""4"": 13589, ""5"": 7047}",connected
73099,216,20000,0.050000000000000044,0.013291524623055011,-4.218966799974441,"{""0"": 15457, ""1"": 12961, ""2"": 11902, ""3"": 12099, ""4"": 13618, ""5"": 7062}",connected
73199,216,20000,0.050000000000000044,0.013890161989256739,-4.218966799974441,"{""0"": 15460, ""1"": 12971, ""2"": 11930, ""3"": 12130, ""4"": 13644, ""5"": 7064}",connected
73299,216,20000,0.050000000000000044,0.014288603910245001,-4.218966799974441,"{""0"": 15462, ""1"": 12982, ""2"": 11949, ""3"": 12161, ""4"": 13680, ""5"": 7065}",connected
73399,216,20000,0.050000000000000044,0.014415123197250069,-4.218966799974441,"{""0"": 15466, ""1"": 12989, ""2"": 11965, ""3"": 12197, ""4"": 13717, ""5"": 7065}",connected
73499,216,20000,0.050000000000000044,0.013476733453571796,-4.218966799974441,"{""0"": 15475, ""1"": 12996, ""2"": 11988, ""3"": 12228, ""4"": 13744, ""5"": 7068}",connected
73599,218,20000,0.050000000000000044,0.012076451997272671,-4.206941045471467,"{""0"": 15519, ""1"": 13005, ""2"": 11999, ""3"": 12256, ""4"": 13748, ""5"": 7072}",connected
73699,218,20000,0.050000000000000044,0.012565672150813043,-4.206941045471467,"{""0"": 15557, ""1"": 13013, ""2"": 12020, ""3"": 12275, ""4"": 13762, ""5"": 7072}",connected
73799,218,20000,0.050000000000000044,0.013449023570865392,-4.206941045471467,"{""0"": 15600, ""1"": 13021, ""2"": 12035, ""3"": 12298, ""4"": 13773, ""5"": 7072}",connected
73899,218,20000,0.050000000000000044,0.014988937233574688,-4.206941045471467,"{""0"": 15628, ""1"": 13034, ""2"": 12070, ""3"": 12308, ""4"": 13786, ""5"": 7073}",connected
73999,218,20000,0.050000000000000044,0.016851682499982416,-4.206941045471467,"{""0"": 15649, ""1"": 13049, ""2"": 12095, ""3"": 12344, ""4"": 13789, ""5"": 7073}",connected
74099,218,20000,0.050000000000000044,0.016651085573248566,-4.206941045471467,"{""0"": 15666, ""1"": 13063, ""2"": 12150, ""3"": 12350, ""4"": 13797, ""5"": 7073}",connected
74199,218,20000,0.050000000000000044,0.01747917314991355,-4.206941045471467,"{""0"": 15687, ""1"": 13075, ""2"": 12174, ""3"": 12379, ""4"": 13810, ""5"": 7074}",connected
74299,220,20000,0.050000000000000044,0.0171629235194996,-4.188345280978829,"{""0"": 15698, ""1"": 13085, ""2"": 12201, ""3"": 12407, ""4"": 13834, ""5"": 7074}",connected
74399,220,20000,0.050000000000000044,0.016825782819651067,-4.188345280978829,"{""0"": 15759, ""1"": 13089, ""2"": 12208, ""3"": 12415, ""4"": 13843, ""5"": 7085}",connected
74499,220,20000,0.050000000000000044,0.015966570382006467,-4.188345280978829,"{""0"": 15790, ""1"": 13100, ""2"": 12242, ""3"": 12431, ""4"": 13851, ""5"": 7085}",connected
74599,220,20000,0.050000000000000044,0.014834929388016463,-4.188345280978829,"{""0"": 15803, ""1"": 13109, ""2"": 12253, ""3"": 12484, ""4"": 13864, ""5"": 7086}",connected
74699,220,20000,0.050000000000000044,0.015564974173903465,-4.188345280978829,"{""0"": 15830, ""1"": 13115, ""2"": 12262, ""3"": 12514, ""4"": 13887, ""5"": 7091}",connected
74799,220,20000,0.050000000000000044,0.015223487145267427,-4.188345280978829,"{""0"": 15905, ""1"": 13115, ""2"": 12270, ""3"": 12525, ""4"": 13893, ""5"": 7091}",connected
74899,220,20000,0.050000000000000044,0.01638695560861379,-4.188345280978829,"{""0"": 15944, ""1"": 13126, ""2"": 12302, ""3"": 12535, ""4"": 13901, ""5"": 7091}",connected
74999,222,20000,0.050000000000000044,0.015865309769287704,-4.140379515034146,"{""0"": 15972, ""1"": 13130, ""2"": 12319, ""3"": 12563, ""4"": 13921, ""5"": 7094}",connected
75099,222,20000,0.050000000000000044,0.015011842274107038,-4.140379515034146,"{""0"": 16000, ""1"": 13143, ""2"": 12362, ""3"": 12568, ""4"": 13927, ""5"": 7099}",connected
75199,222,20000,0.050000000000000044,0.01516382339876145,-4.140379515034146,"{""0"": 16060, ""1"": 13145, ""2"": 12367, ""3"": 12585, ""4"": 13941, ""5"": 7101}",connected
75299,222,20000,0.050000000000000044,0.01431451472453773,-4.140379515034146,"{""0"": 16134, ""1"": 13152, ""2"": 12382, ""3"": 12587, ""4"": 13943, ""5"": 7101}",connected
75399,222,20000,0.050000000000000044,0.016586166382767262,-4.140379515034146,"{""0"": 16169, ""1"": 13158, ""2"": 12425, ""3"": 12595, ""4"": 13951, ""5"": 7101}",connected
75499,222,20000,0.050000000000000044,0.017322643687948586,-4.140379515034146,"{""0"": 16206, ""1"": 13165, ""2"": 12479, ""3"": 12595, ""4"": 13953, ""5"": 7101}",connected
75599,222,20000,0.050000000000000044,0.01669104806147516,-4.140379515034146,"{""0"": 16266, ""1"": 13168, ""2"": 12513, ""3"": 12598, ""4"": 13953, ""5"": 7101}",connected
75699,224,20000,0.050000000000000044,0.018248920161277056,-4.112429482308216,"{""0"": 16309, ""1"": 13175, ""2"": 12549, ""3"": 12602, ""4"": 13960, ""5"": 7104}",connected
75799,224,20000,0.050000000000000044,0.015729300631210207,-4.112429482308216,"{""0"": 16373, ""1"": 13180, ""2"": 12572, ""3"": 12606, ""4"": 13964, ""5"": 7104}",connected
75899,224,20000,0.050000000000000044,0.015581378503702581,-4.112429482308216,"{""0"": 16388, ""1"": 13200, ""2"": 12591, ""3"": 12630, ""4"": 13981, ""5"": 7109}",connected
75999,224,20000,0.050000000000000044,0.016461961194872855,-4.112429482308216,"{""0"": 16460, ""1"": 13200, ""2"": 12616, ""3"": 12630, ""4"": 13981, ""5"": 7112}",connected
76099,224,20000,0.050000000000000044,0.015718548935838045,-4.112429482308216,"{""0"": 16489, ""1"": 13224, ""2"": 12648, ""3"": 12632, ""4"": 13987, ""5"": 7119}",connected
76199,224,20000,0.050000000000000044,0.015785523438826204,-4.112429482308216,"{""0"": 16532, ""1"": 13238, ""2"": 12673, ""3"": 12643, ""4"": 13994, ""5"": 7119}",connected
76299,224,20000,0.050000000000000044,0.013997008192818612,-4.112429482308216,"{""0"": 16577, ""1"": 13240, ""2"": 12715, ""3"": 12647, ""4"": 13997, ""5"": 7123}",connected
76399,226,20000,0.050000000000000044,0.013138630634639412,-4.081640771063976,"{""0"": 16611, ""1"": 13252, ""2"": 12736, ""3"": 12668, ""4"": 14009, ""5"": 7123}",connected
76499,226,20000,0.050000000000000044,0.011399709868710488,-4.081640771063976,"{""0"": 16626, ""1"": 13260, ""2"": 12773, ""3"": 12693, ""4"": 14022, ""5"": 7125}",connected
76599,226,20000,0.050000000000000044,0.011398979944642633,-4.081640771063976,"{""0"": 16674, ""1"": 13260, ""2"": 12815, ""3"": 12699, ""4"": 14026, ""5"": 7125}",connected
76699,226,20000,0.050000000000000044,0.011795314932242036,-4.081640771063976,"{""0"": 16710, ""1"": 13264, ""2"": 12866, ""3"": 12704, ""4"": 14029, ""5"": 7126}",connected
76799,226,20000,0.050000000000000044,0.013026199387386441,-4.081640771063976,"{""0"": 16755, ""1"": 13269, ""2"": 12893, ""3"": 12710, ""4"": 14046, ""5"": 7126}",connected
76899,226,20000,0.050000000000000044,0.013016540578100831,-4.081640771063976,"{""0"": 16806, ""1"": 13272, ""2"": 12916, ""3"": 12719, ""4"": 14055, ""5"": 7131}",connected
76999,226,20000,0.050000000000000044,0.013666107696481048,-4.081640771063976,"{""0"": 16855, ""1"": 13274, ""2"": 12932, ""3"": 12721, ""4"": 14056, ""5"": 7161}",connected
77099,226,20000,0.050000000000000044,0.014644276848994196,-4.081640771063976,"{""0"": 16894, ""1"": 13275, ""2"": 12957, ""3"": 12724, ""4"": 14062, ""5"": 7187}",connected
77199,228,20000,0.050000000000000044,0.013241511262021959,-4.066484823026695,"{""0"": 16918, ""1"": 13279, ""2"": 12981, ""3"": 12756, ""4"": 14077, ""5"": 7188}",connected
77299,228,20000,0.050000000000000044,0.013693894750904292,-4.066484823026695,"{""0"": 16959, ""1"": 13282, ""2"": 13027, ""3"": 12758, ""4"": 14081, ""5"": 7192}",connected
77399,228,20000,0.050000000000000044,0.014524325774982572,-4.066484823026695,"{""0"": 16999, ""1"": 13295, ""2"": 13049, ""3"": 12778, ""4"": 14085, ""5"": 7193}",connected
77499,228,20000,0.050000000000000044,0.015346504580229521,-4.066484823026695,"{""0"": 17006, ""1"": 13297, ""2"": 13073, ""3"": 12825, ""4"": 14104, ""5"": 7194}",connected
77599,228,20000,0.050000000000000044,0.0161294701625593,-4.066484823026695,"{""0"": 17035, ""1"": 13304, ""2"": 13109, ""3"": 12833, ""4"": 14121, ""5"": 7197}",connected
77699,228,20000,0.050000000000000044,0.017516378057189287,-4.066484823026695,"{""0"": 17087, ""1"": 13310, ""2"": 13121, ""3"": 12847, ""4"": 14135, ""5"": 7199}",connected
77799,228,20000,0.050000000000000044,0.015757898674346505,-4.066484823026695,"{""0"": 17145, ""1"": 13310, ""2"": 13139, ""3"": 12851, ""4"": 14153, ""5"": 7201}",connected
77899,230,20000,0.050000000000000044,0.013890608714427799,-4.012054921127856,"{""0"": 17160, ""1"": 13323, ""2"": 13152, ""3"": 12874, ""4"": 14189, ""5"": 7201}",connected
77999,230,20000,0.050000000000000044,0.013531138871330768,-4.012054921127856,"{""0"": 17217, ""1"": 13331, ""2"": 13165, ""3"": 12886, ""4"": 14199, ""5"": 7201}",connected
78099,230,20000,0.050000000000000044,0.012275706850923598,-4.012054921127856,"{""0"": 17225, ""1"": 13358, ""2"": 13183, ""3"": 12921, ""4"": 14208, ""5"": 7204}",connected
78199,230,20000,0.050000000000000044,0.013699983358383178,-4.012054921127856,"{""0"": 17249, ""1"": 13368, ""2"": 13194, ""3"": 12943, ""4"": 14234, ""5"": 7211}",connected
78299,230,20000,0.050000000000000044,0.014925683084875345,-4.012054921127856,"{""0"": 17301, ""1"": 13371, ""2"": 13206, ""3"": 12959, ""4"": 14250, ""5"": 7212}",connected
78399,230,20000,0.050000000000000044,0.01578501848736778,-4.012054921127856,"{""0"": 17333, ""1"": 13377, ""2"": 13215, ""3"": 12988, ""4"": 14269, ""5"": 7217}",connected
78499,230,20000,0.050000000000000044,0.015360187066253275,-4.012054921127856,"{""0"": 17336, ""1"": 13399, ""2"": 13246, ""3"": 13016, ""4"": 14284, ""5"": 7218}",connected
78599,232,20000,0.050000000000000044,0.01342714177677408,-4.144011214789934,"{""0"": 17360, ""1"": 13431, ""2"": 13267, ""3"": 13028, ""4"": 14293, ""5"": 7220}",connected
78699,232,20000,0.050000000000000044,0.014064542928244918,-4.144011214789934,"{""0"": 17382, ""1"": 13439, ""2"": 13325, ""3"": 13034, ""4"": 14299, ""5"": 7220}",connected
78799,232,20000,0.050000000000000044,0.013544800074305386,-4.144011214789934,"{""0"": 17413, ""1"": 13440, ""2"": 13393, ""3"": 13034, ""4"": 14299, ""5"": 7220}",connected
78899,232,20000,0.050000000000000044,0.01358947193948552,-4.144011214789934,"{""0"": 17424, ""1"": 13442, ""2"": 13459, ""3"": 13039, ""4"": 14303, ""5"": 7232}",connected
78999,232,20000,0.050000000000000044,0.013217635990586132,-4.144011214789934,"{""0"": 17486, ""1"": 13445, ""2"": 13481, ""3"": 13042, ""4"": 14306, ""5"": 7239}",connected
79099,232,20000,0.050000000000000044,0.01105082241119817,-4.144011214789934,"{""0"": 17505, ""1"": 13452, ""2"": 13495, ""3"": 13067, ""4"": 14338, ""5"": 7242}",connected
79199,232,20000,0.050000000000000044,0.01211681277723983,-4.144011214789934,"{""0"": 17517, ""1"": 13453, ""2"": 13502, ""3"": 13078, ""4"": 14407, ""5"": 7242}",connected
79299,234,20000,0.050000000000000044,0.011948269128333777,-4.1160113839991395,"{""0"": 17565, ""1"": 13462, ""2"": 13519, ""3"": 13086, ""4"": 14425, ""5"": 7242}",connected
79399,234,20000,0.050000000000000044,0.013868367893155664,-4.1160113839991395,"{""0"": 17584, ""1"": 13462, ""2"": 13533, ""3"": 13100, ""4"": 14465, ""5"": 7255}",connected
79499,234,20000,0.050000000000000044,0.015429068703670055,-4.1160113839991395,"{""0"": 17625, ""1"": 13464, ""2"": 13584, ""3"": 13104, ""4"": 14466, ""5"": 7256}",connected
79599,234,20000,0.050000000000000044,0.013960993182845414,-4.1160113839991395,"{""0"": 17656, ""1"": 13473, ""2"": 13624, ""3"": 13111, ""4"": 14479, ""5"": 7256}",connected
79699,234,20000,0.050000000000000044,0.014503072940278798,-4.1160113839991395,"{""0"": 17665, ""1"": 13498, ""2"": 13624, ""3"": 13115, ""4"": 14518, ""5"": 7279}",connected
79799,234,20000,0.050000000000000044,0.013707373193465173,-4.1160113839991395,"{""0"": 17699, ""1"": 13499, ""2"": 13625, ""3"": 13118, ""4"": 14570, ""5"": 7288}",connected
79899,234,20000,0.050000000000000044,0.01278997414279729,-4.1160113839991395,"{""0"": 17725, ""1"": 13499, ""2"": 13625, ""3"": 13120, ""4"": 14620, ""5"": 7310}",connected
79999,234,20000,0.050000000000000044,0.012500585257075727,-4.1160113839991395,"{""0"": 17728, ""1"": 13502, ""2"": 13634, ""3"": 13134, ""4"": 14675, ""5"": 7326}",connected
80099,236,20000,0.050000000000000044,0.012612321011256427,-4.117264260374941,"{""0"": 17758, ""1"": 13537, ""2"": 13657, ""3"": 13141, ""4"": 14680, ""5"": 7326}",connected
80199,236,20000,0.050000000000000044,0.012558231768198312,-4.117264260374941,"{""0"": 17765, ""1"": 13578, ""2"": 13679, ""3"": 13142, ""4"": 14707, ""5"": 7328}",connected
80299,236,20000,0.050000000000000044,0.011473351980093867,-4.117264260374941,"{""0"": 17804, ""1"": 13587, ""2"": 13692, ""3"": 13160, ""4"": 14728, ""5"": 7328}",connected
80399,236,20000,0.050000000000000044,0.011094584404490888,-4.117264260374941,"{""0"": 17844, ""1"": 13592, ""2"": 13715, ""3"": 13176, ""4"": 14742, ""5"": 7330}",connected
80499,236,20000,0.050000000000000044,0.010534705561585724,-4.117264260374941,"{""0"": 17901, ""1"": 13594, ""2"": 13728, ""3"": 13180, ""4"": 14762, ""5"": 7334}",connected
80599,236,20000,0.050000000000000044,0.01170987177756615,-4.117264260374941,"{""0"": 17959, ""1"": 13594, ""2"": 13734, ""3"": 13198, ""4"": 14780, ""5"": 7334}",connected
80699,236,20000,0.050000000000000044,0.012938909862423315,-4.117264260374941,"{""0"": 18024, ""1"": 13596, ""2"": 13734, ""3"": 13211, ""4"": 14793, ""5"": 7341}",connected
80799,238,20000,0.050000000000000044,0.012833751455182209,-4.200553935673088,"{""0"": 18058, ""1"": 13609, ""2"": 13745, ""3"": 13235, ""4"": 14808, ""5"": 7344}",connected
80899,238,20000,0.050000000000000044,0.014301336026983335,-4.200553935673088,"{""0"": 18086, ""1"": 13639, ""2"": 13761, ""3"": 13250, ""4"": 14816, ""5"": 7347}",connected
80999,238,20000,0.050000000000000044,0.013265945862513036,-4.200553935673088,"{""0"": 18094, ""1"": 13665, ""2"": 13774, ""3"": 13294, ""4"": 14825, ""5"": 7347}",connected
81099,238,20000,0.050000000000000044,0.013182792563457042,-4.200553935673088,"{""0"": 18116, ""1"": 13665, ""2"": 13797, ""3"": 13315, ""4"": 14857, ""5"": 7349}",connected
81199,238,20000,0.050000000000000044,0.01426830747630447,-4.200553935673088,"{""0"": 18133, ""1"": 13695, ""2"": 13803, ""3"": 13333, ""4"": 14873, ""5"": 7362}",connected
81299,238,20000,0.050000000000000044,0.012411691742017865,-4.200553935673088,"{""0"": 18145, ""1"": 13756, ""2"": 13809, ""3"": 13338, ""4"": 14880, ""5"": 7371}",connected
81399,238,20000,0.050000000000000044,0.012647749567404389,-4.200553935673088,"{""0"": 18150, ""1"": 13804, ""2"": 13818, ""3"": 13356, ""4"": 14892, ""5"": 7379}",connected
81499,240,20000,0.050000000000000044,0.012862302656285464,-4.174486389313825,"{""0"": 18174, ""1"": 13847, ""2"": 13825, ""3"": 13371, ""4"": 14901, ""5"": 7381}",connected
81599,240,20000,0.050000000000000044,0.011959126780275255,-4.174486389313825,"{""0"": 18200, ""1"": 13852, ""2"": 13838, ""3"": 13383, ""4"": 14945, ""5"": 7381}",connected
81699,240,20000,0.050000000000000044,0.011561021382221951,-4.174486389313825,"{""0"": 18250, ""1"": 13863, ""2"": 13842, ""3"": 13399, ""4"": 14963, ""5"": 7382}",connected
81799,240,20000,0.050000000000000044,0.010879176793387159,-4.174486389313825,"{""0"": 18261, ""1"": 13887, ""2"": 13871, ""3"": 13405, ""4"": 14974, ""5"": 7401}",connected
81899,240,20000,0.050000000000000044,0.010146981453290209,-4.174486389313825,"{""0"": 18276, ""1"": 13923, ""2"": 13894, ""3"": 13417, ""4"": 14987, ""5"": 7402}",connected
81999,240,20000,0.050000000000000044,0.010484560063341633,-4.174486389313825,"{""0"": 18299, ""1"": 13929, ""2"": 13904, ""3"": 13444, ""4"": 15014, ""5"": 7409}",connected
82099,240,20000,0.050000000000000044,0.0113569327397272,-4.174486389313825,"{""0"": 18313, ""1"": 13948, ""2"": 13927, ""3"": 13446, ""4"": 15015, ""5"": 7450}",connected
82199,242,20000,0.050000000000000044,0.011076321974396706,-4.187183075891808,"{""0"": 18336, ""1"": 13966, ""2"": 13953, ""3"": 13452, ""4"": 15015, ""5"": 7477}",connected
82299,242,20000,0.050000000000000044,0.011024015001021325,-4.187183075891808,"{""0"": 18336, ""1"": 14000, ""2"": 13970, ""3"": 13474, ""4"": 15042, ""5"": 7477}",connected
82399,242,20000,0.050000000000000044,0.012538878533523529,-4.187183075891808,"{""0"": 18341, ""1"": 14038, ""2"": 13976, ""3"": 13476, ""4"": 15083, ""5"": 7485}",connected
82499,242,20000,0.050000000000000044,0.011828252344857902,-4.187183075891808,"{""0"": 18369, ""1"": 14040, ""2"": 13986, ""3"": 13497, ""4"": 15121, ""5"": 7486}",connected
82599,242,20000,0.050000000000000044,0.012948979702778161,-4.187183075891808,"{""0"": 18415, ""1"": 14043, ""2"": 13993, ""3"": 13516, ""4"": 15146, ""5"": 7486}",connected
82699,242,20000,0.050000000000000044,0.015241454881615936,-4.187183075891808,"{""0"": 18456, ""1"": 14045, ""2"": 14004, ""3"": 13539, ""4"": 15167, ""5"": 7488}",connected
82799,242,20000,0.050000000000000044,0.01323964526411146,-4.187183075891808,"{""0"": 18475, ""1"": 14064, ""2"": 14023, ""3"": 13554, ""4"": 15180, ""5"": 7503}",connected
82899,244,20000,0.050000000000000044,0.01484654690604657,-4.190422775833867,"{""0"": 18498, ""1"": 14065, ""2"": 14053, ""3"": 13571, ""4"": 15197, ""5"": 7515}",connected
82999,244,20000,0.050000000000000044,0.01528908158885315,-4.190422775833867,"{""0"": 18508, ""1"": 14074, ""2"": 14062, ""3"": 13633, ""4"": 15206, ""5"": 7516}",connected
83099,244,20000,0.050000000000000044,0.01506972630508244,-4.190422775833867,"{""0"": 18531, ""1"": 14075, ""2"": 14077, ""3"": 13644, ""4"": 15256, ""5"": 7516}",connected
83199,244,20000,0.050000000000000044,0.016123316118028017,-4.190422775833867,"{""0"": 18534, ""1"": 14077, ""2"": 14096, ""3"": 13651, ""4"": 15325, ""5"": 7516}",connected
83299,244,20000,0.050000000000000044,0.01720707246568054,-4.190422775833867,"{""0"": 18552, ""1"": 14077, ""2"": 14113, ""3"": 13684, ""4"": 15357, ""5"": 7516}",connected
83399,244,20000,0.050000000000000044,0.015192261666525155,-4.190422775833867,"{""0"": 18558, ""1"": 14080, ""2"": 14137, ""3"": 13718, ""4"": 15390, ""5"": 7516}",connected
83499,244,20000,0.050000000000000044,0.015189602414611727,-4.190422775833867,"{""0"": 18577, ""1"": 14080, ""2"": 14149, ""3"": 13754, ""4"": 15423, ""5"": 7516}",connected
83599,244,20000,0.050000000000000044,0.014657940182369203,-4.190422775833867,"{""0"": 18593, ""1"": 14082, ""2"": 14162, ""3"": 13788, ""4"": 15456, ""5"": 7518}",connected
83699,246,20000,0.050000000000000044,0.012200450510717928,-4.1656689326558265,"{""0"": 18609, ""1"": 14092, ""2"": 14178, ""3"": 13811, ""4"": 15487, ""5"": 7522}",connected
83799,246,20000,0.050000000000000044,0.012849078982835636,-4.1656689326558265,"{""0"": 18649, ""1"": 14108, ""2"": 14199, ""3"": 13817, ""4"": 15502, ""5"": 7524}",connected
83899,246,20000,0.050000000000000044,0.010530647590057925,-4.1656689326558265,"{""0"": 18698, ""1"": 14118, ""2"": 14213, ""3"": 13830, ""4"": 15513, ""5"": 7527}",connected
83999,246,20000,0.050000000000000044,0.010535003017866983,-4.1656689326558265,"{""0"": 18771, ""1"": 14127, ""2"": 14223, ""3"": 13833, ""4"": 15514, ""5"": 7531}",connected
84099,246,20000,0.050000000000000044,0.012044875210849569,-4.1656689326558265,"{""0"": 18861, ""1"": 14127, ""2"": 14224, ""3"": 13838, ""4"": 15518, ""5"": 7531}",connected
84199,246,20000,0.050000000000000044,0.01317793718073517,-4.1656689326558265,"{""0"": 18916, ""1"": 14133, ""2"": 14226, ""3"": 13853, ""4"": 15530, ""5"": 7541}",connected
84299,246,20000,0.050000000000000044,0.015309595777653158,-4.1656689326558265,"{""0"": 18954, ""1"": 14141, ""2"": 14236, ""3"": 13874, ""4"": 15551, ""5"": 7543}",connected
84399,248,20000,0.050000000000000044,0.01590443472145125,-4.135608274354599,"{""0"": 18983, ""1"": 14178, ""2"": 14242, ""3"": 13884, ""4"": 15561, ""5"": 7551}",connected
84499,248,20000,0.050000000000000044,0.013929793203715235,-4.135608274354599,"{""0"": 18992, ""1"": 14210, ""2"": 14249, ""3"": 13903, ""4"": 15568, ""5"": 7577}",connected
84599,248,20000,0.050000000000000044,0.012422180122230201,-4.135608274354599,"{""0"": 19009, ""1"": 14219, ""2"": 14262, ""3"": 13922, ""4"": 15606, ""5"": 7581}",connected
84699,248,20000,0.050000000000000044,0.012169477769639343,-4.135608274354599,"{""0"": 19024, ""1"": 14244, ""2"": 14285, ""3"": 13934, ""4"": 15629, ""5"": 7583}",connected
84799,248,20000,0.050000000000000044,0.014801719787064939,-4.135608274354599,"{""0"": 19039, ""1"": 14263, ""2"": 14303, ""3"": 13946, ""4"": 15657, ""5"": 7591}",connected
84899,248,20000,0.050000000000000044,0.015690816107671708,-4.135608274354599,"{""0"": 19040, ""1"": 14272, ""2"": 14313, ""3"": 13947, ""4"": 15735, ""5"": 7592}",connected
84999,248,20000,0.050000000000000044,0.017731298280414195,-4.135608274354599,"{""0"": 19040, ""1"": 14296, ""2"": 14333, ""3"": 13949, ""4"": 15789, ""5"": 7592}",connected
85099,250,20000,0.050000000000000044,0.017037251582369208,-4.143679200103507,"{""0"": 19056, ""1"": 14302, ""2"": 14339, ""3"": 13967, ""4"": 15843, ""5"": 7592}",connected
85199,250,20000,0.050000000000000044,0.014530388354323805,-4.143679200103507,"{""0"": 19059, ""1"": 14317, ""2"": 14362, ""3"": 14004, ""4"": 15865, ""5"": 7592}",connected
85299,250,20000,0.050000000000000044,0.015015127356164157,-4.143679200103507,"{""0"": 19097, ""1"": 14320, ""2"": 14370, ""3"": 14019, ""4"": 15896, ""5"": 7597}",connected
85399,250,20000,0.050000000000000044,0.014433998325839638,-4.143679200103507,"{""0"": 19144, ""1"": 14324, ""2"": 14380, ""3"": 14037, ""4"": 15916, ""5"": 7598}",connected
85499,250,20000,0.050000000000000044,0.014529748484492302,-4.143679200103507,"{""0"": 19222, ""1"": 14324, ""2"": 14393, ""3"": 14041, ""4"": 15921, ""5"": 7598}",connected
85599,250,20000,0.050000000000000044,0.014232081829104572,-4.143679200103507,"{""0"": 19241, ""1"": 14352, ""2"": 14418, ""3"": 14053, ""4"": 15931, ""5"": 7604}",connected
85699,250,20000,0.050000000000000044,0.014501253620255738,-4.143679200103507,"{""0"": 19252, ""1"": 14377, ""2"": 14439, ""3"": 14063, ""4"": 15954, ""5"": 7614}",connected
85799,252,20000,0.050000000000000044,0.013448315837886185,-4.28809752613306,"{""0"": 19258, ""1"": 14417, ""2"": 14475, ""3"": 14074, ""4"": 15961, ""5"": 7614}",connected
85899,252,20000,0.050000000000000044,0.014425911165308208,-4.28809752613306,"{""0"": 19259, ""1"": 14418, ""2"": 14475, ""3"": 14170, ""4"": 15962, ""5"": 7615}",connected
85999,252,20000,0.050000000000000044,0.015128123678732664,-4.28809752613306,"{""0"": 19262, ""1"": 14431, ""2"": 14500, ""3"": 14229, ""4"": 15962, ""5"": 7615}",connected
86099,252,20000,0.050000000000000044,0.013655041123274713,-4.28809752613306,"{""0"": 19264, ""1"": 14451, ""2"": 14525, ""3"": 14270, ""4"": 15974, ""5"": 7615}",connected
86199,252,20000,0.050000000000000044,0.01302821796387434,-4.28809752613306,"{""0"": 19267, ""1"": 14460, ""2"": 14557, ""3"": 14288, ""4"": 16011, ""5"": 7616}",connected
86299,252,20000,0.050000000000000044,0.010950606886763126,-4.28809752613306,"{""0"": 19279, ""1"": 14473, ""2"": 14568, ""3"": 14321, ""4"": 16042, ""5"": 7616}",connected
86399,252,20000,0.050000000000000044,0.009163886005990208,-4.28809752613306,"{""0"": 19291, ""1"": 14476, ""2"": 14591, ""3"": 14351, ""4"": 16073, ""5"": 7617}",connected
86499,253,20000,0.050000000000000044,0.009935843027196824,-4.282395910681226,"{""0"": 19315, ""1"": 14477, ""2"": 14603, ""3"": 14382, ""4"": 16105, ""5"": 7617}",connected
86599,254,20000,0.050000000000000044,0.010112564729060977,-4.26404352542013,"{""0"": 19325, ""1"": 14492, ""2"": 14627, ""3"": 14408, ""4"": 16130, ""5"": 7617}",connected
86699,254,20000,0.050000000000000044,0.01177523517049849,-4.26404352542013,"{""0"": 19356, ""1"": 14492, ""2"": 14630, ""3"": 14409, ""4"": 16195, ""5"": 7617}",connected
86799,254,20000,0.050000000000000044,0.012043617323506624,-4.26404352542013,"{""0"": 19377, ""1"": 14503, ""2"": 14647, ""3"": 14416, ""4"": 16239, ""5"": 7617}",connected
86899,254,20000,0.050000000000000044,0.01290335675701499,-4.26404352542013,"{""0"": 19392, ""1"": 14511, ""2"": 14669, ""3"": 14437, ""4"": 16271, ""5"": 7619}",connected
86999,254,20000,0.050000000000000044,0.012693857392296195,-4.26404352542013,"{""0"": 19393, ""1"": 14556, ""2"": 14703, ""3"": 14440, ""4"": 16286, ""5"": 7621}",connected
87099,254,20000,0.050000000000000044,0.0124389694374986,-4.26404352542013,"{""0"": 19394, ""1"": 14588, ""2"": 14738, ""3"": 14441, ""4"": 16317, ""5"": 7621}",connected
87199,254,20000,0.050000000000000044,0.014050903266761451,-4.26404352542013,"{""0"": 19395, ""1"": 14633, ""2"": 14784, ""3"": 14441, ""4"": 16325, ""5"": 7621}",connected
87299,256,20000,0.050000000000000044,0.012191052590496838,-4.244510604348034,"{""0"": 19409, ""1"": 14652, ""2"": 14814, ""3"": 14454, ""4"": 16346, ""5"": 7624}",connected
87399,256,20000,0.050000000000000044,0.014181114733219147,-4.244510604348034,"{""0"": 19418, ""1"": 14676, ""2"": 14846, ""3"": 14462, ""4"": 16372, ""5"": 7625}",connected
87499,256,20000,0.050000000000000044,0.012694576458306983,-4.244510604348034,"{""0"": 19456, ""1"": 14681, ""2"": 14858, ""3"": 14482, ""4"": 16396, ""5"": 7626}",connected
87599,256,20000,0.050000000000000044,0.011849909833399579,-4.244510604348034,"{""0"": 19458, ""1"": 14703, ""2"": 14885, ""3"": 14501, ""4"": 16425, ""5"": 7627}",connected
87699,256,20000,0.050000000000000044,0.01235479093506001,-4.244510604348034,"{""0"": 19460, ""1"": 14745, ""2"": 14921, ""3"": 14502, ""4"": 16443, ""5"": 7628}",connected
87799,256,20000,0.050000000000000044,0.011763908941065892,-4.244510604348034,"{""0"": 19460, ""1"": 14787, ""2"": 14965, ""3"": 14505, ""4"": 16452, ""5"": 7630}",connected
87899,256,20000,0.050000000000000044,0.01170686851372011,-4.244510604348034,"{""0"": 19460, ""1"": 14819, ""2"": 14998, ""3"": 14506, ""4"": 16484, ""5"": 7632}",connected
87999,258,20000,0.050000000000000044,0.01288381943362765,-4.215290087996982,"{""0"": 19466, ""1"": 14852, ""2"": 15026, ""3"": 14529, ""4"": 16492, ""5"": 7634}",connected
88099,258,20000,0.050000000000000044,0.013812664846191182,-4.215290087996982,"{""0"": 19471, ""1"": 14878, ""2"": 15062, ""3"": 14549, ""4"": 16504, ""5"": 7635}",connected
88199,258,20000,0.050000000000000044,0.013776407438563183,-4.215290087996982,"{""0"": 19479, ""1"": 14908, ""2"": 15079, ""3"": 14558, ""4"": 16540, ""5"": 7635}",connected
88299,258,20000,0.050000000000000044,0.015922917595598846,-4.215290087996982,"{""0"": 19481, ""1"": 14947, ""2"": 15120, ""3"": 14558, ""4"": 16557, ""5"": 7636}",connected
88399,258,20000,0.050000000000000044,0.014529234026558696,-4.215290087996982,"{""0"": 19482, ""1"": 14986, ""2"": 15155, ""3"": 14558, ""4"": 16581, ""5"": 7637}",connected
88499,258,20000,0.050000000000000044,0.01331513809855096,-4.215290087996982,"{""0"": 19482, ""1"": 15031, ""2"": 15203, ""3"": 14558, ""4"": 16586, ""5"": 7639}",connected
88599,258,20000,0.050000000000000044,0.013281063913600519,-4.215290087996982,"{""0"": 19484, ""1"": 15072, ""2"": 15251, ""3"": 14558, ""4"": 16595, ""5"": 7639}",connected
88699,260,20000,0.050000000000000044,0.013302759485086427,-4.184387833112851,"{""0"": 19487, ""1"": 15101, ""2"": 15287, ""3"": 14562, ""4"": 16621, ""5"": 7641}",connected
88799,260,20000,0.050000000000000044,0.012998349749250338,-4.184387833112851,"{""0"": 19491, ""1"": 15141, ""2"": 15310, ""3"": 14564, ""4"": 16652, ""5"": 7641}",connected
88899,260,20000,0.050000000000000044,0.014342877492308616,-4.184387833112851,"{""0"": 19493, ""1"": 15180, ""2"": 15348, ""3"": 14566, ""4"": 16670, ""5"": 7642}",connected
88999,260,20000,0.050000000000000044,0.014021108585875481,-4.184387833112851,"{""0"": 19493, ""1"": 15210, ""2"": 15384, ""3"": 14566, ""4"": 16701, ""5"": 7645}",connected
89099,260,20000,0.050000000000000044,0.01246424441691488,-4.184387833112851,"{""0"": 19493, ""1"": 15249, ""2"": 15424, ""3"": 14566, ""4"": 16722, ""5"": 7645}",connected
89199,260,20000,0.050000000000000044,0.012154615665785969,-4.184387833112851,"{""0"": 19496, ""1"": 15283, ""2"": 15458, ""3"": 14566, ""4"": 16751, ""5"": 7645}",connected
89299,260,20000,0.050000000000000044,0.011934509417042136,-4.184387833112851,"{""0"": 19496, ""1"": 15320, ""2"": 15491, ""3"": 14567, ""4"": 16779, ""5"": 7646}",connected
89399,262,20000,0.050000000000000044,0.011404440526384861,-4.305117318388074,"{""0"": 19502, ""1"": 15361, ""2"": 15531, ""3"": 14571, ""4"": 16788, ""5"": 7646}",connected
89499,262,20000,0.050000000000000044,0.010921341492794454,-4.305117318388074,"{""0"": 19513, ""1"": 15371, ""2"": 15541, ""3"": 14616, ""4"": 16804, ""5"": 7654}",connected
89599,262,20000,0.050000000000000044,0.012178798804525286,-4.305117318388074,"{""0"": 19539, ""1"": 15390, ""2"": 15564, ""3"": 14619, ""4"": 16831, ""5"": 7656}",connected
89699,262,20000,0.050000000000000044,0.01199909851886332,-4.305117318388074,"{""0"": 19547, ""1"": 15433, ""2"": 15598, ""3"": 14621, ""4"": 16844, ""5"": 7656}",connected
89799,262,20000,0.050000000000000044,0.012168752044672146,-4.305117318388074,"{""0"": 19561, ""1"": 15467, ""2"": 15640, ""3"": 14622, ""4"": 16851, ""5"": 7658}",connected
89899,262,20000,0.050000000000000044,0.012045741762267425,-4.305117318388074,"{""0"": 19567, ""1"": 15505, ""2"": 15676, ""3"": 14624, ""4"": 16867, ""5"": 7660}",connected
89999,262,20000,0.050000000000000044,0.010101039321161806,-4.305117318388074,"{""0"": 19579, ""1"": 15530, ""2"": 15700, ""3"": 14624, ""4"": 16906, ""5"": 7660}",connected
90099,262,20000,0.050000000000000044,0.008503412620630115,-4.305117318388074,"{""0"": 19597, ""1"": 15567, ""2"": 15737, ""3"": 14625, ""4"": 16910, ""5"": 7663}",connected
90199,264,20000,0.050000000000000044,0.008537863601231948,-4.287701447689906,"{""0"": 19617, ""1"": 15584, ""2"": 15755, ""3"": 14641, ""4"": 16938, ""5"": 7664}",connected
90299,264,20000,0.050000000000000044,0.00999499962781556,-4.287701447689906,"{""0"": 19637, ""1"": 15615, ""2"": 15781, ""3"": 14642, ""4"": 16960, ""5"": 7664}",connected
90399,264,20000,0.050000000000000044,0.012321404858957975,-4.287701447689906,"{""0"": 19656, ""1"": 15643, ""2"": 15814, ""3"": 14643, ""4"": 16977, ""5"": 7666}",connected
90499,264,20000,0.050000000000000044,0.01283263167599216,-4.287701447689906,"{""0"": 19669, ""1"": 15669, ""2"": 15843, ""3"": 14644, ""4"": 17007, ""5"": 7667}",connected
90599,264,20000,0.050000000000000044,0.012953395671211183,-4.287701447689906,"{""0"": 19684, ""1"": 15703, ""2"": 15879, ""3"": 14648, ""4"": 17017, ""5"": 7668}",connected
90699,264,20000,0.050000000000000044,0.013513566448818893,-4.287701447689906,"{""0"": 19698, ""1"": 15744, ""2"": 15916, ""3"": 14648, ""4"": 17025, ""5"": 7668}",connected
90799,264,20000,0.050000000000000044,0.011623206664808095,-4.287701447689906,"{""0"": 19724, ""1"": 15777, ""2"": 15952, ""3"": 14649, ""4"": 17028, ""5"": 7669}",connected
90899,266,20000,0.050000000000000044,0.013073867210187018,-4.260615091957152,"{""0"": 19741, ""1"": 15796, ""2"": 15974, ""3"": 14670, ""4"": 17045, ""5"": 7673}",connected
90999,266,20000,0.050000000000000044,0.01310126148397103,-4.260615091957152,"{""0"": 19745, ""1"": 15838, ""2"": 15999, ""3"": 14673, ""4"": 17070, ""5"": 7674}",connected
91099,266,20000,0.050000000000000044,0.011484089905861765,-4.260615091957152,"{""0"": 19763, ""1"": 15872, ""2"": 16033, ""3"": 14673, ""4"": 17084, ""5"": 7674}",connected
91199,266,20000,0.050000000000000044,0.013338324916549026,-4.260615091957152,"{""0"": 19771, ""1"": 15906, ""2"": 16065, ""3"": 14677, ""4"": 17104, ""5"": 7676}",connected
91299,266,20000,0.050000000000000044,0.012161999554373325,-4.260615091957152,"{""0"": 19777, ""1"": 15940, ""2"": 16105, ""3"": 14677, ""4"": 17123, ""5"": 7677}",connected
91399,266,20000,0.050000000000000044,0.012273132733535022,-4.260615091957152,"{""0"": 19783, ""1"": 15975, ""2"": 16131, ""3"": 14681, ""4"": 17145, ""5"": 7684}",connected
91499,266,20000,0.050000000000000044,0.013171685345005244,-4.260615091957152,"{""0"": 19814, ""1"": 15993, ""2"": 16153, ""3"": 14687, ""4"": 17168, ""5"": 7684}",connected
91599,268,20000,0.050000000000000044,0.012849782078992575,-4.230874539846554,"{""0"": 19828, ""1"": 16018, ""2"": 16179, ""3"": 14701, ""4"": 17180, ""5"": 7693}",connected
91699,268,20000,0.050000000000000044,0.013392208579462021,-4.230874539846554,"{""0"": 19838, ""1"": 16032, ""2"": 16196, ""3"": 14709, ""4"": 17223, ""5"": 7701}",connected
91799,268,20000,0.050000000000000044,0.013799779410474002,-4.230874539846554,"{""0"": 19849, ""1"": 16063, ""2"": 16219, ""3"": 14719, ""4"": 17242, ""5"": 7707}",connected
91899,268,20000,0.050000000000000044,0.01402052299818024,-4.230874539846554,"{""0"": 19864, ""1"": 16081, ""2"": 16237, ""3"": 14726, ""4"": 17280, ""5"": 7711}",connected
91999,268,20000,0.050000000000000044,0.013172348621301353,-4.230874539846554,"{""0"": 19876, ""1"": 16114, ""2"": 16270, ""3"": 14732, ""4"": 17295, ""5"": 7712}",connected
92099,268,20000,0.050000000000000044,0.013387587384786457,-4.230874539846554,"{""0"": 19908, ""1"": 16126, ""2"": 16279, ""3"": 14737, ""4"": 17335, ""5"": 7714}",connected
92199,268,20000,0.050000000000000044,0.013186984874773771,-4.230874539846554,"{""0"": 19925, ""1"": 16141, ""2"": 16291, ""3"": 14745, ""4"": 17379, ""5"": 7718}",connected
92299,270,20000,0.050000000000000044,0.012481338183861226,-4.204159382754005,"{""0"": 19931, ""1"": 16170, ""2"": 16332, ""3"": 14754, ""4"": 17392, ""5"": 7720}",connected
92399,270,20000,0.050000000000000044,0.012950203083455562,-4.204159382754005,"{""0"": 19975, ""1"": 16171, ""2"": 16375, ""3"": 14758, ""4"": 17399, ""5"": 7721}",connected
92499,270,20000,0.050000000000000044,0.013521640026010574,-4.204159382754005,"{""0"": 20054, ""1"": 16171, ""2"": 16392, ""3"": 14760, ""4"": 17400, ""5"": 7722}",connected
92599,270,20000,0.050000000000000044,0.013265553654637188,-4.204159382754005,"{""0"": 20126, ""1"": 16171, ""2"": 16407, ""3"": 14764, ""4"": 17408, ""5"": 7723}",connected
92699,270,20000,0.050000000000000044,0.013124782226514071,-4.204159382754005,"{""0"": 20173, ""1"": 16171, ""2"": 16452, ""3"": 14769, ""4"": 17411, ""5"": 7723}",connected
92799,270,20000,0.050000000000000044,0.011438832995481788,-4.204159382754005,"{""0"": 20220, ""1"": 16173, ""2"": 16485, ""3"": 14778, ""4"": 17419, ""5"": 7724}",connected
92899,270,20000,0.050000000000000044,0.01181266714585945,-4.204159382754005,"{""0"": 20282, ""1"": 16174, ""2"": 16506, ""3"": 14785, ""4"": 17427, ""5"": 7725}",connected
92999,272,20000,0.050000000000000044,0.011130047044716776,-4.155015727635473,"{""0"": 20324, ""1"": 16174, ""2"": 16528, ""3"": 14801, ""4"": 17445, ""5"": 7727}",connected
93099,272,20000,0.050000000000000044,0.011559367929585278,-4.155015727635473,"{""0"": 20332, ""1"": 16185, ""2"": 16535, ""3"": 14832, ""4"": 17479, ""5"": 7736}",connected
93199,272,20000,0.050000000000000044,0.012980076214298607,-4.155015727635473,"{""0"": 20357, ""1"": 16185, ""2"": 16536, ""3"": 14899, ""4"": 17484, ""5"": 7738}",connected
93299,272,20000,0.050000000000000044,0.012491139995399863,-4.155015727635473,"{""0"": 20392, ""1"": 16211, ""2"": 16546, ""3"": 14903, ""4"": 17507, ""5"": 7740}",connected
93399,272,20000,0.050000000000000044,0.013094060535077006,-4.155015727635473,"{""0"": 20435, ""1"": 16223, ""2"": 16551, ""3"": 14923, ""4"": 17525, ""5"": 7742}",connected
93499,272,20000,0.050000000000000044,0.012083935083355755,-4.155015727635473,"{""0"": 20468, ""1"": 16283, ""2"": 16555, ""3"": 14924, ""4"": 17525, ""5"": 7744}",connected
93599,272,20000,0.050000000000000044,0.01152560700662434,-4.155015727635473,"{""0"": 20510, ""1"": 16313, ""2"": 16563, ""3"": 14934, ""4"": 17534, ""5"": 7745}",connected
93699,272,20000,0.050000000000000044,0.01113635354442522,-4.155015727635473,"{""0"": 20556, ""1"": 16316, ""2"": 16569, ""3"": 14955, ""4"": 17558, ""5"": 7745}",connected
93799,274,20000,0.050000000000000044,0.011147111910395325,-4.161841200375929,"{""0"": 20569, ""1"": 16340, ""2"": 16593, ""3"": 14971, ""4"": 17578, ""5"": 7748}",connected
93899,274,20000,0.050000000000000044,0.01154319406254217,-4.161841200375929,"{""0"": 20593, ""1"": 16363, ""2"": 16618, ""3"": 14991, ""4"": 17585, ""5"": 7749}",connected
93999,274,20000,0.050000000000000044,0.011424015299417079,-4.161841200375929,"{""0"": 20601, ""1"": 16398, ""2"": 16655, ""3"": 15010, ""4"": 17586, ""5"": 7749}",connected
94099,274,20000,0.050000000000000044,0.01108426284044981,-4.161841200375929,"{""0"": 20606, ""1"": 16427, ""2"": 16679, ""3"": 15012, ""4"": 17623, ""5"": 7752}",connected
94199,274,20000,0.050000000000000044,0.010906646519433707,-4.161841200375929,"{""0"": 20623, ""1"": 16456, ""2"": 16707, ""3"": 15014, ""4"": 17647, ""5"": 7752}",connected
94299,274,20000,0.050000000000000044,0.011210868759080768,-4.161841200375929,"{""0"": 20628, ""1"": 16490, ""2"": 16742, ""3"": 15014, ""4"": 17671, ""5"": 7754}",connected
94399,274,20000,0.050000000000000044,0.010972371196839959,-4.161841200375929,"{""0"": 20652, ""1"": 16524, ""2"": 16771, ""3"": 15016, ""4"": 17682, ""5"": 7754}",connected
94499,276,20000,0.050000000000000044,0.010490281614474952,-4.162682563439011,"{""0"": 20667, ""1"": 16533, ""2"": 16787, ""3"": 15034, ""4"": 17720, ""5"": 7758}",connected
94599,276,20000,0.050000000000000044,0.011574468996841461,-4.162682563439011,"{""0"": 20687, ""1"": 16567, ""2"": 16810, ""3"": 15046, ""4"": 17728, ""5"": 7761}",connected
94699,276,20000,0.050000000000000044,0.011191202932968736,-4.162682563439011,"{""0"": 20722, ""1"": 16581, ""2"": 16820, ""3"": 15055, ""4"": 17758, ""5"": 7763}",connected
94799,276,20000,0.050000000000000044,0.012494226694107055,-4.162682563439011,"{""0"": 20729, ""1"": 16612, ""2"": 16856, ""3"": 15059, ""4"": 17780, ""5"": 7763}",connected
94899,276,20000,0.050000000000000044,0.012315422624815255,-4.162682563439011,"{""0"": 20748, ""1"": 16630, ""2"": 16869, ""3"": 15067, ""4"": 17820, ""5"": 7765}",connected
94999,276,20000,0.050000000000000044,0.010299882858525962,-4.162682563439011,"{""0"": 20759, ""1"": 16641, ""2"": 16885, ""3"": 15082, ""4"": 17867, ""5"": 7765}",connected
95099,276,20000,0.050000000000000044,0.009456405953969807,-4.162682563439011,"{""0"": 20776, ""1"": 16661, ""2"": 16900, ""3"": 15093, ""4"": 17902, ""5"": 7767}",connected
95199,278,20000,0.050000000000000044,0.009404508958104997,-4.303162317667156,"{""0"": 20794, ""1"": 16683, ""2"": 16924, ""3"": 15101, ""4"": 17928, ""5"": 7769}",connected
95299,278,20000,0.050000000000000044,0.008959410712122917,-4.303162317667156,"{""0"": 20800, ""1"": 16713, ""2"": 16937, ""3"": 15126, ""4"": 17953, ""5"": 7770}",connected
95399,278,20000,0.050000000000000044,0.009862740569515154,-4.303162317667156,"{""0"": 20803, ""1"": 16733, ""2"": 16964, ""3"": 15140, ""4"": 17987, ""5"": 7772}",connected
95499,278,20000,0.050000000000000044,0.011406965212663635,-4.303162317667156,"{""0"": 20816, ""1"": 16763, ""2"": 16986, ""3"": 15147, ""4"": 18015, ""5"": 7772}",connected
95599,278,20000,0.050000000000000044,0.010381904646055772,-4.303162317667156,"{""0"": 20849, ""1"": 16782, ""2"": 17004, ""3"": 15156, ""4"": 18034, ""5"": 7774}",connected
95699,278,20000,0.050000000000000044,0.011449647264089435,-4.303162317667156,"{""0"": 20885, ""1"": 16800, ""2"": 17023, ""3"": 15164, ""4"": 18053, ""5"": 7774}",connected
95799,278,20000,0.050000000000000044,0.011673486394574866,-4.303162317667156,"{""0"": 20902, ""1"": 16816, ""2"": 17041, ""3"": 15170, ""4"": 18095, ""5"": 7775}",connected
95899,280,20000,0.050000000000000044,0.011129383407533168,-4.2736888100486246,"{""0"": 20921, ""1"": 16816, ""2"": 17054, ""3"": 15176, ""4"": 18157, ""5"": 7775}",connected
95999,280,20000,0.050000000000000044,0.01094446868635714,-4.2736888100486246,"{""0"": 20993, ""1"": 16816, ""2"": 17071, ""3"": 15181, ""4"": 18162, ""5"": 7776}",connected
96099,280,20000,0.050000000000000044,0.011339588757837192,-4.2736888100486246,"{""0"": 21033, ""1"": 16816, ""2"": 17117, ""3"": 15187, ""4"": 18169, ""5"": 7777}",connected
96199,280,20000,0.050000000000000044,0.010870737113291397,-4.2736888100486246,"{""0"": 21051, ""1"": 16836, ""2"": 17123, ""3"": 15204, ""4"": 18207, ""5"": 7778}",connected
96299,280,20000,0.050000000000000044,0.010400153797818348,-4.2736888100486246,"{""0"": 21057, ""1"": 16868, ""2"": 17153, ""3"": 15210, ""4"": 18233, ""5"": 7778}",connected
96399,280,20000,0.050000000000000044,0.01258105988963507,-4.2736888100486246,"{""0"": 21059, ""1"": 16895, ""2"": 17169, ""3"": 15225, ""4"": 18273, ""5"": 7778}",connected
96499,280,20000,0.050000000000000044,0.01267247312120162,-4.2736888100486246,"{""0"": 21079, ""1"": 16928, ""2"": 17203, ""3"": 15227, ""4"": 18283, ""5"": 7779}",connected
96599,282,20000,0.050000000000000044,0.012463586759986356,-4.3028795533208175,"{""0"": 21092, ""1"": 16962, ""2"": 17235, ""3"": 15235, ""4"": 18296, ""5"": 7779}",connected
96699,282,20000,0.050000000000000044,0.014685028514359147,-4.3028795533208175,"{""0"": 21096, ""1"": 16996, ""2"": 17259, ""3"": 15250, ""4"": 18315, ""5"": 7783}",connected
96799,282,20000,0.050000000000000044,0.012106774186249822,-4.3028795533208175,"{""0"": 21102, ""1"": 17037, ""2"": 17295, ""3"": 15265, ""4"": 18317, ""5"": 7783}",connected
96899,282,20000,0.050000000000000044,0.012465054602362215,-4.3028795533208175,"{""0"": 21109, ""1"": 17076, ""2"": 17325, ""3"": 15283, ""4"": 18322, ""5"": 7784}",connected
96999,282,20000,0.050000000000000044,0.013400839725509286,-4.3028795533208175,"{""0"": 21116, ""1"": 17110, ""2"": 17355, ""3"": 15309, ""4"": 18324, ""5"": 7785}",connected
97099,282,20000,0.050000000000000044,0.011729876552708447,-4.3028795533208175,"{""0"": 21123, ""1"": 17131, ""2"": 17376, ""3"": 15332, ""4"": 18350, ""5"": 7787}",connected
97199,282,20000,0.050000000000000044,0.013216298106126487,-4.3028795533208175,"{""0"": 21148, ""1"": 17153, ""2"": 17396, ""3"": 15341, ""4"": 18374, ""5"": 7787}",connected
97299,282,20000,0.050000000000000044,0.012391352229751646,-4.3028795533208175,"{""0"": 21153, ""1"": 17168, ""2"": 17407, ""3"": 15357, ""4"": 18426, ""5"": 7788}",connected
97399,284,20000,0.050000000000000044,0.011781975596677511,-4.324196891607716,"{""0"": 21197, ""1"": 17170, ""2"": 17426, ""3"": 15370, ""4"": 18447, ""5"": 7789}",connected
97499,284,20000,0.050000000000000044,0.012267683008685708,-4.324196891607716,"{""0"": 21227, ""1"": 17174, ""2"": 17456, ""3"": 15385, ""4"": 18467, ""5"": 7790}",connected
97599,284,20000,0.050000000000000044,0.011482403413392604,-4.324196891607716,"{""0"": 21231, ""1"": 17206, ""2"": 17477, ""3"": 15393, ""4"": 18501, ""5"": 7791}",connected
97699,284,20000,0.050000000000000044,0.011235027420334519,-4.324196891607716,"{""0"": 21255, ""1"": 17231, ""2"": 17508, ""3"": 15398, ""4"": 18514, ""5"": 7793}",connected
97799,284,20000,0.050000000000000044,0.012160011942032724,-4.324196891607716,"{""0"": 21273, ""1"": 17247, ""2"": 17521, ""3"": 15414, ""4"": 18550, ""5"": 7794}",connected
97899,284,20000,0.050000000000000044,0.012654220735421405,-4.324196891607716,"{""0"": 21297, ""1"": 17266, ""2"": 17539, ""3"": 15432, ""4"": 18571, ""5"": 7794}",connected
97999,284,20000,0.050000000000000044,0.014537993218982592,-4.324196891607716,"{""0"": 21327, ""1"": 17278, ""2"": 17557, ""3"": 15447, ""4"": 18596, ""5"": 7794}",connected
98099,286,20000,0.050000000000000044,0.014970677212113514,-4.305808807546273,"{""0"": 21345, ""1"": 17284, ""2"": 17578, ""3"": 15469, ""4"": 18627, ""5"": 7796}",connected
98199,286,20000,0.050000000000000044,0.013960172018269077,-4.305808807546273,"{""0"": 21357, ""1"": 17290, ""2"": 17623, ""3"": 15487, ""4"": 18643, ""5"": 7799}",connected
98299,286,20000,0.050000000000000044,0.012889438131824136,-4.305808807546273,"{""0"": 21393, ""1"": 17295, ""2"": 17638, ""3"": 15507, ""4"": 18663, ""5"": 7803}",connected
98399,286,20000,0.050000000000000044,0.011279644405003637,-4.305808807546273,"{""0"": 21451, ""1"": 17306, ""2"": 17669, ""3"": 15507, ""4"": 18663, ""5"": 7803}",connected
98499,286,20000,0.050000000000000044,0.011127996509894728,-4.305808807546273,"{""0"": 21485, ""1"": 17318, ""2"": 17715, ""3"": 15510, ""4"": 18667, ""5"": 7804}",connected
98599,286,20000,0.050000000000000044,0.012668766737915576,-4.305808807546273,"{""0"": 21505, ""1"": 17348, ""2"": 17733, ""3"": 15511, ""4"": 18696, ""5"": 7806}",connected
98699,286,20000,0.050000000000000044,0.013941690550418571,-4.305808807546273,"{""0"": 21514, ""1"": 17379, ""2"": 17763, ""3"": 15516, ""4"": 18717, ""5"": 7810}",connected
98799,288,20000,0.050000000000000044,0.015763102759374304,-4.396833085408434,"{""0"": 21529, ""1"": 17401, ""2"": 17792, ""3"": 15521, ""4"": 18744, ""5"": 7812}",connected
98899,288,20000,0.050000000000000044,0.01587185889133252,-4.396833085408434,"{""0"": 21547, ""1"": 17427, ""2"": 17804, ""3"": 15532, ""4"": 18769, ""5"": 7820}",connected
98999,288,20000,0.050000000000000044,0.013614660849561915,-4.396833085408434,"{""0"": 21588, ""1"": 17444, ""2"": 17822, ""3"": 15534, ""4"": 18791, ""5"": 7820}",connected
99099,288,20000,0.050000000000000044,0.0116665479936637,-4.396833085408434,"{""0"": 21612, ""1"": 17467, ""2"": 17847, ""3"": 15541, ""4"": 18811, ""5"": 7821}",connected
99199,288,20000,0.050000000000000044,0.009395828873384743,-4.396833085408434,"{""0"": 21620, ""1"": 17499, ""2"": 17876, ""3"": 15552, ""4"": 18828, ""5"": 7824}",connected
99299,288,20000,0.050000000000000044,0.009822900409344583,-4.396833085408434,"{""0"": 21629, ""1"": 17528, ""2"": 17901, ""3"": 15566, ""4"": 18849, ""5"": 7826}",connected
99399,288,20000,0.050000000000000044,0.012390770849306136,-4.396833085408434,"{""0"": 21637, ""1"": 17551, ""2"": 17924, ""3"": 15574, ""4"": 18885, ""5"": 7828}",connected
99499,290,20000,0.050000000000000044,0.013142776519525796,-4.385444428869523,"{""0"": 21651, ""1"": 17572, ""2"": 17946, ""3"": 15586, ""4"": 18915, ""5"": 7829}",connected
99599,290,20000,0.050000000000000044,0.014064188115298748,-4.385444428869523,"{""0"": 21663, ""1"": 17600, ""2"": 17990, ""3"": 15593, ""4"": 18924, ""5"": 7829}",connected
99699,290,20000,0.050000000000000044,0.014225320171099155,-4.385444428869523,"{""0"": 21667, ""1"": 17623, ""2"": 18002, ""3"": 15608, ""4"": 18959, ""5"": 7840}",connected
99799,290,20000,0.050000000000000044,0.014444119592662901,-4.385444428869523,"{""0"": 21681, ""1"": 17650, ""2"": 18018, ""3"": 15620, ""4"": 18986, ""5"": 7844}",connected
99899,290,20000,0.050000000000000044,0.014470122826751322,-4.385444428869523,"{""0"": 21687, ""1"": 17686, ""2"": 18048, ""3"": 15635, ""4"": 18999, ""5"": 7844}",connected
99999,290,20000,0.050000000000000044,0.013673848630860448,-4.385444428869523,"{""0"": 21720, ""1"": 17698, ""2"": 18049, ""3"": 15643, ""4"": 19044, ""5"": 7845}",connected
100099,290,20000,0.050000000000000044,0.013273362601175905,-4.385444428869523,"{""0"": 21746, ""1"": 17713, ""2"": 18070, ""3"": 15655, ""4"": 19068, ""5"": 7847}",connected
100199,292,20000,0.050000000000000044,0.01185611318796873,-4.3547829786129295,"{""0"": 21799, ""1"": 17727, ""2"": 18093, ""3"": 15656, ""4"": 19076, ""5"": 7848}",connected
100299,292,20000,0.050000000000000044,0.012282778192311525,-4.3547829786129295,"{""0"": 21837, ""1"": 17755, ""2"": 18119, ""3"": 15658, ""4"": 19080, ""5"": 7850}",connected
100399,292,20000,0.050000000000000044,0.011738913785666227,-4.3547829786129295,"{""0"": 21851, ""1"": 17806, ""2"": 18150, ""3"": 15658, ""4"": 19081, ""5"": 7853}",connected
100499,292,20000,0.050000000000000044,0.012803278027568012,-4.3547829786129295,"{""0"": 21871, ""1"": 17846, ""2"": 18175, ""3"": 15667, ""4"": 19086, ""5"": 7854}",connected
100599,292,20000,0.050000000000000044,0.012111701869871467,-4.3547829786129295,"{""0"": 21889, ""1"": 17871, ""2"": 18212, ""3"": 15674, ""4"": 19096, ""5"": 7857}",connected
100699,292,20000,0.050000000000000044,0.011428082208149136,-4.3547829786129295,"{""0"": 21903, ""1"": 17903, ""2"": 18263, ""3"": 15674, ""4"": 19098, ""5"": 7858}",connected
100799,292,20000,0.050000000000000044,0.013676620332989841,-4.3547829786129295,"{""0"": 21924, ""1"": 17916, ""2"": 18291, ""3"": 15692, ""4"": 19118, ""5"": 7858}",connected
100899,292,20000,0.050000000000000044,0.01370746990898624,-4.3547829786129295,"{""0"": 21935, ""1"": 17949, ""2"": 18320, ""3"": 15707, ""4"": 19130, ""5"": 7858}",connected
100999,294,20000,0.050000000000000044,0.014134287943597883,-4.343268919750117,"{""0"": 21957, ""1"": 17986, ""2"": 18348, ""3"": 15711, ""4"": 19139, ""5"": 7858}",connected
101099,294,20000,0.050000000000000044,0.015736721698194744,-4.343268919750117,"{""0"": 21962, ""1"": 18017, ""2"": 18401, ""3"": 15715, ""4"": 19143, ""5"": 7861}",connected
101199,294,20000,0.050000000000000044,0.0142512741452083,-4.343268919750117,"{""0"": 21966, ""1"": 18040, ""2"": 18434, ""3"": 15719, ""4"": 19166, ""5"": 7874}",connected
101299,294,20000,0.050000000000000044,0.01387169471476227,-4.343268919750117,"{""0"": 21995, ""1"": 18055, ""2"": 18445, ""3"": 15732, ""4"": 19193, ""5"": 7879}",connected
101399,294,20000,0.050000000000000044,0.013196745980530977,-4.343268919750117,"{""0"": 22062, ""1"": 18063, ""2"": 18451, ""3"": 15732, ""4"": 19203, ""5"": 7888}",connected
101499,294,20000,0.050000000000000044,0.012090745142195373,-4.343268919750117,"{""0"": 22084, ""1"": 18089, ""2"": 18476, ""3"": 15733, ""4"": 19228, ""5"": 7889}",connected
101599,294,20000,0.050000000000000044,0.013764596034307033,-4.343268919750117,"{""0"": 22107, ""1"": 18114, ""2"": 18501, ""3"": 15740, ""4"": 19247, ""5"": 7890}",connected
101699,296,20000,0.050000000000000044,0.013232107848161832,-4.358583734221757,"{""0"": 22132, ""1"": 18125, ""2"": 18529, ""3"": 15748, ""4"": 19274, ""5"": 7891}",connected
101799,296,20000,0.050000000000000044,0.015190246952697635,-4.358583734221757,"{""0"": 22135, ""1"": 18155, ""2"": 18581, ""3"": 15753, ""4"": 19279, ""5"": 7896}",connected
101899,296,20000,0.050000000000000044,0.014586442818399518,-4.358583734221757,"{""0"": 22144, ""1"": 18181, ""2"": 18637, ""3"": 15756, ""4"": 19282, ""5"": 7899}",connected
101999,296,20000,0.050000000000000044,0.014595040802378207,-4.358583734221757,"{""0"": 22175, ""1"": 18202, ""2"": 18676, ""3"": 15759, ""4"": 19286, ""5"": 7901}",connected
102099,296,20000,0.050000000000000044,0.016083377000177278,-4.358583734221757,"{""0"": 22207, ""1"": 18227, ""2"": 18705, ""3"": 15765, ""4"": 19292, ""5"": 7903}",connected
102199,296,20000,0.050000000000000044,0.01465653881779872,-4.358583734221757,"{""0"": 22224, ""1"": 18251, ""2"": 18751, ""3"": 15771, ""4"": 19298, ""5"": 7904}",connected
102299,296,20000,0.050000000000000044,0.014790964387357235,-4.358583734221757,"{""0"": 22246, ""1"": 18272, ""2"": 18793, ""3"": 15777, ""4"": 19307, ""5"": 7904}",connected
102399,298,20000,0.050000000000000044,0.013422829576302319,-4.349544718991965,"{""0"": 22256, ""1"": 18288, ""2"": 18824, ""3"": 15797, ""4"": 19328, ""5"": 7906}",connected
102499,298,20000,0.050000000000000044,0.010821260217344388,-4.349544718991965,"{""0"": 22277, ""1"": 18310, ""2"": 18870, ""3"": 15802, ""4"": 19333, ""5"": 7907}",connected
102599,298,20000,0.050000000000000044,0.010831408059457317,-4.349544718991965,"{""0"": 22282, ""1"": 18340, ""2"": 18932, ""3"": 15804, ""4"": 19334, ""5"": 7907}",connected
102699,298,20000,0.050000000000000044,0.010101678342325613,-4.349544718991965,"{""0"": 22300, ""1"": 18362, ""2"": 18972, ""3"": 15813, ""4"": 19345, ""5"": 7907}",connected
102799,298,20000,0.050000000000000044,0.008688321623485535,-4.349544718991965,"{""0"": 22310, ""1"": 18381, ""2"": 19012, ""3"": 15822, ""4"": 19358, ""5"": 7916}",connected
102899,298,20000,0.050000000000000044,0.008307261454174295,-4.349544718991965,"{""0"": 22324, ""1"": 18406, ""2"": 19028, ""3"": 15836, ""4"": 19389, ""5"": 7916}",connected
102999,298,20000,0.050000000000000044,0.007672209950396791,-4.349544718991965,"{""0"": 22333, ""1"": 18421, ""2"": 19036, ""3"": 15859, ""4"": 19433, ""5"": 7917}",connected
103099,300,20000,0.050000000000000044,0.008624716388294474,-4.343983982624486,"{""0"": 22357, ""1"": 18428, ""2"": 19054, ""3"": 15878, ""4"": 19463, ""5"": 7919}",connected
103199,300,20000,0.050000000000000044,0.008840339467860758,-4.343983982624486,"{""0"": 22366, ""1"": 18454, ""2"": 19066, ""3"": 15892, ""4"": 19501, ""5"": 7920}",connected
103299,300,20000,0.050000000000000044,0.009019288667477667,-4.343983982624486,"{""0"": 22369, ""1"": 18485, ""2"": 19093, ""3"": 15895, ""4"": 19535, ""5"": 7922}",connected
103399,300,20000,0.050000000000000044,0.008843569222372026,-4.343983982624486,"{""0"": 22380, ""1"": 18511, ""2"": 19120, ""3"": 15906, ""4"": 19553, ""5"": 7929}",connected
103499,300,20000,0.050000000000000044,0.007974575519328937,-4.343983982624486,"{""0"": 22403, ""1"": 18527, ""2"": 19136, ""3"": 15915, ""4"": 19586, ""5"": 7932}",connected
103599,300,20000,0.050000000000000044,0.008776317808078603,-4.343983982624486,"{""0"": 22427, ""1"": 18542, ""2"": 19151, ""3"": 15924, ""4"": 19622, ""5"": 7933}",connected
103699,300,20000,0.050000000000000044,0.009675480865407735,-4.343983982624486,"{""0"": 22449, ""1"": 18555, ""2"": 19162, ""3"": 15946, ""4"": 19653, ""5"": 7934}",connected
103799,302,20000,0.050000000000000044,0.010807620320701972,-4.34034549634438,"{""0"": 22464, ""1"": 18583, ""2"": 19194, ""3"": 15954, ""4"": 19669, ""5"": 7935}",connected
103899,302,20000,0.050000000000000044,0.010228487718850375,-4.34034549634438,"{""0"": 22489, ""1"": 18603, ""2"": 19226, ""3"": 15965, ""4"": 19681, ""5"": 7935}",connected
103999,302,20000,0.050000000000000044,0.009282532333163545,-4.34034549634438,"{""0"": 22500, ""1"": 18624, ""2"": 19236, ""3"": 15975, ""4"": 19728, ""5"": 7936}",connected
104099,302,20000,0.050000000000000044,0.009134752919198946,-4.34034549634438,"{""0"": 22525, ""1"": 18630, ""2"": 19239, ""3"": 15997, ""4"": 19765, ""5"": 7943}",connected
104199,302,20000,0.050000000000000044,0.007658053727354854,-4.34034549634438,"{""0"": 22541, ""1"": 18639, ""2"": 19250, ""3"": 16016, ""4"": 19807, ""5"": 7946}",connected
104299,302,20000,0.050000000000000044,0.007133841911563649,-4.34034549634438,"{""0"": 22568, ""1"": 18649, ""2"": 19257, ""3"": 16033, ""4"": 19842, ""5"": 7950}",connected
104399,302,20000,0.050000000000000044,0.007476820118026808,-4.34034549634438,"{""0"": 22594, ""1"": 18657, ""2"": 19263, ""3"": 16053, ""4"": 19879, ""5"": 7953}",connected
104499,302,20000,0.050000000000000044,0.006995357506675646,-4.34034549634438,"{""0"": 22608, ""1"": 18666, ""2"": 19273, ""3"": 16073, ""4"": 19923, ""5"": 7956}",connected
104599,304,20000,0.050000000000000044,0.008040665052831172,-4.444049343811348,"{""0"": 22620, ""1"": 18684, ""2"": 19307, ""3"": 16087, ""4"": 19943, ""5"": 7958}",connected
104699,304,20000,0.050000000000000044,0.008234927895246073,-4.444049343811348,"{""0"": 22633, ""1"": 18705, ""2"": 19326, ""3"": 16104, ""4"": 19972, ""5"": 7959}",connected
104799,304,20000,0.050000000000000044,0.007616572462720797,-4.444049343811348,"{""0"": 22645, ""1"": 18717, ""2"": 19334, ""3"": 16116, ""4"": 20019, ""5"": 7968}",connected
104899,304,20000,0.050000000000000044,0.007060304983751848,-4.444049343811348,"{""0"": 22667, ""1"": 18740, ""2"": 19351, ""3"": 16134, ""4"": 20039, ""5"": 7968}",connected
104999,304,20000,0.050000000000000044,0.006710085121449083,-4.444049343811348,"{""0"": 22694, ""1"": 18753, ""2"": 19366, ""3"": 16158, ""4"": 20058, ""5"": 7970}",connected
105099,304,20000,0.050000000000000044,0.007891183325555176,-4.444049343811348,"{""0"": 22718, ""1"": 18764, ""2"": 19377, ""3"": 16161, ""4"": 20108, ""5"": 7971}",connected
105199,304,20000,0.050000000000000044,0.008817248065024614,-4.444049343811348,"{""0"": 22740, ""1"": 18787, ""2"": 19395, ""3"": 16162, ""4"": 20141, ""5"": 7974}",connected
105299,306,20000,0.050000000000000044,0.009724062361638062,-4.541594410012476,"{""0"": 22746, ""1"": 18810, ""2"": 19423, ""3"": 16173, ""4"": 20172, ""5"": 7975}",connected
105399,306,20000,0.050000000000000044,0.010503055345616304,-4.541594410012476,"{""0"": 22746, ""1"": 18823, ""2"": 19436, ""3"": 16185, ""4"": 20232, ""5"": 7977}",connected
105499,306,20000,0.050000000000000044,0.011803627462941222,-4.541594410012476,"{""0"": 22750, ""1"": 18836, ""2"": 19445, ""3"": 16201, ""4"": 20287, ""5"": 7980}",connected
105599,306,20000,0.050000000000000044,0.011297838901518843,-4.541594410012476,"{""0"": 22758, ""1"": 18855, ""2"": 19454, ""3"": 16211, ""4"": 20333, ""5"": 7988}",connected
105699,306,20000,0.050000000000000044,0.011620419360697269,-4.541594410012476,"{""0"": 22775, ""1"": 18883, ""2"": 19464, ""3"": 16215, ""4"": 20371, ""5"": 7991}",connected
105799,306,20000,0.050000000000000044,0.010065626887371764,-4.541594410012476,"{""0"": 22786, ""1"": 18910, ""2"": 19477, ""3"": 16235, ""4"": 20396, ""5"": 7995}",connected
105899,306,20000,0.050000000000000044,0.00865448110504076,-4.541594410012476,"{""0"": 22802, ""1"": 18960, ""2"": 19501, ""3"": 16237, ""4"": 20404, ""5"": 7995}",connected
105999,308,20000,0.050000000000000044,0.00947688083164394,-4.63912337529473,"{""0"": 22822, ""1"": 18981, ""2"": 19526, ""3"": 16252, ""4"": 20422, ""5"": 7996}",connected
106099,308,20000,0.050000000000000044,0.008850578911369667,-4.63912337529473,"{""0"": 22843, ""1"": 19001, ""2"": 19560, ""3"": 16261, ""4"": 20436, ""5"": 7998}",connected
106199,308,20000,0.050000000000000044,0.009843508834019304,-4.63912337529473,"{""0"": 22854, ""1"": 19023, ""2"": 19584, ""3"": 16271, ""4"": 20465, ""5"": 8002}",connected
106299,308,20000,0.050000000000000044,0.01033064616145566,-4.63912337529473,"{""0"": 22865, ""1"": 19045, ""2"": 19602, ""3"": 16290, ""4"": 20493, ""5"": 8004}",connected
106399,308,20000,0.050000000000000044,0.008970898773986847,-4.63912337529473,"{""0"": 22877, ""1"": 19084, ""2"": 19617, ""3"": 16296, ""4"": 20518, ""5"": 8007}",connected
106499,308,20000,0.050000000000000044,0.008834955242928117,-4.63912337529473,"{""0"": 22901, ""1"": 19103, ""2"": 19632, ""3"": 16306, ""4"": 20539, ""5"": 8018}",connected
106599,308,20000,0.050000000000000044,0.008328719899291173,-4.63912337529473,"{""0"": 22921, ""1"": 19130, ""2"": 19646, ""3"": 16309, ""4"": 20572, ""5"": 8021}",connected
106699,310,20000,0.050000000000000044,0.007812183016212657,-4.641146380049176,"{""0"": 22938, ""1"": 19149, ""2"": 19673, ""3"": 16316, ""4"": 20599, ""5"": 8024}",connected
106799,310,20000,0.050000000000000044,0.008625286008464173,-4.641146380049176,"{""0"": 22945, ""1"": 19176, ""2"": 19708, ""3"": 16322, ""4"": 20624, ""5"": 8024}",connected
106899,310,20000,0.050000000000000044,0.008347658310085534,-4.641146380049176,"{""0"": 22963, ""1"": 19206, ""2"": 19729, ""3"": 16328, ""4"": 20649, ""5"": 8024}",connected
106999,310,20000,0.050000000000000044,0.009511955671478063,-4.641146380049176,"{""0"": 22991, ""1"": 19227, ""2"": 19742, ""3"": 16340, ""4"": 20675, ""5"": 8024}",connected
107099,310,20000,0.050000000000000044,0.009202261266764253,-4.641146380049176,"{""0"": 23000, ""1"": 19263, ""2"": 19767, ""3"": 16343, ""4"": 20685, ""5"": 8041}",connected
107199,310,20000,0.050000000000000044,0.008457361207110808,-4.641146380049176,"{""0"": 23056, ""1"": 19275, ""2"": 19782, ""3"": 16351, ""4"": 20691, ""5"": 8044}",connected
107299,310,20000,0.050000000000000044,0.007751050827791915,-4.641146380049176,"{""0"": 23070, ""1"": 19301, ""2"": 19806, ""3"": 16365, ""4"": 20713, ""5"": 8044}",connected
107399,310,20000,0.050000000000000044,0.006949629054870457,-4.641146380049176,"{""0"": 23072, ""1"": 19331, ""2"": 19835, ""3"": 16374, ""4"": 20743, ""5"": 8044}",connected
107499,312,20000,0.050000000000000044,0.007194120885105804,-4.629485341156833,"{""0"": 23083, ""1"": 19348, ""2"": 19861, ""3"": 16384, ""4"": 20779, ""5"": 8044}",connected
107599,312,20000,0.050000000000000044,0.0075200189277529715,-4.629485341156833,"{""0"": 23127, ""1"": 19367, ""2"": 19872, ""3"": 16393, ""4"": 20793, ""5"": 8047}",connected
107699,312,20000,0.050000000000000044,0.007569076798972674,-4.629485341156833,"{""0"": 23164, ""1"": 19383, ""2"": 19885, ""3"": 16412, ""4"": 20808, ""5"": 8047}",connected
107799,312,20000,0.050000000000000044,0.007799265966168605,-4.629485341156833,"{""0"": 23185, ""1"": 19396, ""2"": 19897, ""3"": 16439, ""4"": 20831, ""5"": 8051}",connected
107899,312,20000,0.050000000000000044,0.007424344994942658,-4.629485341156833,"{""0"": 23189, ""1"": 19416, ""2"": 19908, ""3"": 16459, ""4"": 20861, ""5"": 8066}",connected
107999,312,20000,0.050000000000000044,0.007659237060579471,-4.629485341156833,"{""0"": 23191, ""1"": 19441, ""2"": 19919, ""3"": 16481, ""4"": 20899, ""5"": 8068}",connected
108099,312,20000,0.050000000000000044,0.009065038798144087,-4.629485341156833,"{""0"": 23192, ""1"": 19444, ""2"": 19927, ""3"": 16486, ""4"": 20981, ""5"": 8069}",connected
108199,314,20000,0.050000000000000044,0.007947229193523525,-4.644496443560347,"{""0"": 23208, ""1"": 19465, ""2"": 19952, ""3"": 16492, ""4"": 21012, ""5"": 8070}",connected
108299,314,20000,0.050000000000000044,0.007837212883168831,-4.644496443560347,"{""0"": 23226, ""1"": 19484, ""2"": 19970, ""3"": 16510, ""4"": 21036, ""5"": 8073}",connected
108399,314,20000,0.050000000000000044,0.00823742515174672,-4.644496443560347,"{""0"": 23235, ""1"": 19501, ""2"": 19987, ""3"": 16535, ""4"": 21066, ""5"": 8075}",connected
108499,314,20000,0.050000000000000044,0.007951948718400673,-4.644496443560347,"{""0"": 23235, ""1"": 19519, ""2"": 20004, ""3"": 16567, ""4"": 21098, ""5"": 8076}",connected
108599,314,20000,0.050000000000000044,0.008589628779445775,-4.644496443560347,"{""0"": 23236, ""1"": 19544, ""2"": 20015, ""3"": 16590, ""4"": 21136, ""5"": 8078}",connected
108699,314,20000,0.050000000000000044,0.008946025840123184,-4.644496443560347,"{""0"": 23286, ""1"": 19557, ""2"": 20027, ""3"": 16591, ""4"": 21150, ""5"": 8088}",connected
108799,314,20000,0.050000000000000044,0.008275725343846716,-4.644496443560347,"{""0"": 23328, ""1"": 19572, ""2"": 20040, ""3"": 16593, ""4"": 21176, ""5"": 8090}",connected
108899,316,20000,0.050000000000000044,0.00695901557628531,-4.651501768995076,"{""0"": 23354, ""1"": 19587, ""2"": 20072, ""3"": 16600, ""4"": 21193, ""5"": 8093}",connected
108999,316,20000,0.050000000000000044,0.006384707482648082,-4.651501768995076,"{""0"": 23361, ""1"": 19604, ""2"": 20086, ""3"": 16610, ""4"": 21244, ""5"": 8094}",connected
109099,316,20000,0.050000000000000044,0.006678381298552267,-4.651501768995076,"{""0"": 23375, ""1"": 19620, ""2"": 20097, ""3"": 16636, ""4"": 21274, ""5"": 8097}",connected
109199,316,20000,0.050000000000000044,0.006476189626264386,-4.651501768995076,"{""0"": 23402, ""1"": 19642, ""2"": 20118, ""3"": 16645, ""4"": 21291, ""5"": 8101}",connected
109299,316,20000,0.050000000000000044,0.0072868645453127105,-4.651501768995076,"{""0"": 23448, ""1"": 19671, ""2"": 20139, ""3"": 16646, ""4"": 21294, ""5"": 8101}",connected
109399,316,20000,0.050000000000000044,0.0077915172046050425,-4.651501768995076,"{""0"": 23480, ""1"": 19700, ""2"": 20152, ""3"": 16649, ""4"": 21317, ""5"": 8101}",connected
109499,316,20000,0.050000000000000044,0.007830426840810105,-4.651501768995076,"{""0"": 23509, ""1"": 19726, ""2"": 20182, ""3"": 16657, ""4"": 21324, ""5"": 8101}",connected
109599,318,20000,0.050000000000000044,0.00870624695904553,-4.648209903081879,"{""0"": 23528, ""1"": 19744, ""2"": 20223, ""3"": 16670, ""4"": 21329, ""5"": 8105}",connected
109699,318,20000,0.050000000000000044,0.008190914189326578,-4.648209903081879,"{""0"": 23561, ""1"": 19759, ""2"": 20245, ""3"": 16670, ""4"": 21355, ""5"": 8109}",connected
109799,318,20000,0.050000000000000044,0.008213908103643917,-4.648209903081879,"{""0"": 23581, ""1"": 19785, ""2"": 20270, ""3"": 16680, ""4"": 21373, ""5"": 8110}",connected
109899,318,20000,0.050000000000000044,0.007168315892922692,-4.648209903081879,"{""0"": 23588, ""1"": 19826, ""2"": 20297, ""3"": 16686, ""4"": 21392, ""5"": 8110}",connected
109999,318,20000,0.050000000000000044,0.007092039021081291,-4.648209903081879,"{""0"": 23607, ""1"": 19845, ""2"": 20317, ""3"": 16687, ""4"": 21433, ""5"": 8110}",connected
110099,318,20000,0.050000000000000044,0.007336117933737114,-4.648209903081879,"{""0"": 23631, ""1"": 19876, ""2"": 20345, ""3"": 16690, ""4"": 21447, ""5"": 8110}",connected
110199,318,20000,0.050000000000000044,0.008694302452495322,-4.648209903081879,"{""0"": 23672, ""1"": 19883, ""2"": 20347, ""3"": 16706, ""4"": 21481, ""5"": 8110}",connected
110299,320,20000,0.050000000000000044,0.009184275844600052,-4.653102328893729,"{""0"": 23676, ""1"": 19902, ""2"": 20371, ""3"": 16716, ""4"": 21523, ""5"": 8111}",connected
110399,320,20000,0.050000000000000044,0.008444180893711746,-4.653102328893729,"{""0"": 23688, ""1"": 19916, ""2"": 20384, ""3"": 16727, ""4"": 21571, ""5"": 8113}",connected
110499,320,20000,0.050000000000000044,0.007791694778716191,-4.653102328893729,"{""0"": 23693, ""1"": 19957, ""2"": 20397, ""3"": 16732, ""4"": 21607, ""5"": 8113}",connected
110599,320,20000,0.050000000000000044,0.006470523999887519,-4.653102328893729,"{""0"": 23719, ""1"": 19984, ""2"": 20424, ""3"": 16741, ""4"": 21617, ""5"": 8114}",connected
110699,320,20000,0.050000000000000044,0.006102724418160506,-4.653102328893729,"{""0"": 23728, ""1"": 20021, ""2"": 20447, ""3"": 16755, ""4"": 21634, ""5"": 8114}",connected
110799,320,20000,0.050000000000000044,0.006212954721413553,-4.653102328893729,"{""0"": 23735, ""1"": 20048, ""2"": 20463, ""3"": 16774, ""4"": 21663, ""5"": 8116}",connected
110899,320,20000,0.050000000000000044,0.007126570532564074,-4.653102328893729,"{""0"": 23799, ""1"": 20056, ""2"": 20469, ""3"": 16782, ""4"": 21677, ""5"": 8116}",connected
110999,320,20000,0.050000000000000044,0.0072497344278963285,-4.653102328893729,"{""0"": 23809, ""1"": 20070, ""2"": 20478, ""3"": 16788, ""4"": 21724, ""5"": 8130}",connected
111099,322,20000,0.050000000000000044,0.008350393236032688,-4.670228117736988,"{""0"": 23827, ""1"": 20080, ""2"": 20498, ""3"": 16798, ""4"": 21765, ""5"": 8131}",connected
111199,322,20000,0.050000000000000044,0.008191975057125092,-4.670228117736988,"{""0"": 23842, ""1"": 20102, ""2"": 20508, ""3"": 16822, ""4"": 21794, ""5"": 8131}",connected
111299,322,20000,0.050000000000000044,0.008203536871587858,-4.670228117736988,"{""0"": 23877, ""1"": 20115, ""2"": 20536, ""3"": 16835, ""4"": 21803, ""5"": 8133}",connected
111399,322,20000,0.050000000000000044,0.00875704867998138,-4.670228117736988,"{""0"": 23885, ""1"": 20119, ""2"": 20573, ""3"": 16859, ""4"": 21830, ""5"": 8133}",connected
111499,322,20000,0.050000000000000044,0.008078651169780642,-4.670228117736988,"{""0"": 23887, ""1"": 20140, ""2"": 20596, ""3"": 16886, ""4"": 21857, ""5"": 8133}",connected
111599,322,20000,0.050000000000000044,0.008858113403548487,-4.670228117736988,"{""0"": 23889, ""1"": 20167, ""2"": 20625, ""3"": 16905, ""4"": 21876, ""5"": 8137}",connected
111699,322,20000,0.050000000000000044,0.008353280490846373,-4.670228117736988,"{""0"": 23896, ""1"": 20187, ""2"": 20648, ""3"": 16923, ""4"": 21904, ""5"": 8141}",connected
111799,324,20000,0.050000000000000044,0.007395243115024641,-4.687359797190875,"{""0"": 23921, ""1"": 20203, ""2"": 20676, ""3"": 16934, ""4"": 21921, ""5"": 8144}",connected
111899,324,20000,0.050000000000000044,0.0069461795419920236,-4.687359797190875,"{""0"": 23941, ""1"": 20208, ""2"": 20698, ""3"": 16944, ""4"": 21961, ""5"": 8147}",connected
111999,324,20000,0.050000000000000044,0.00655849426810164,-4.687359797190875,"{""0"": 23943, ""1"": 20209, ""2"": 20708, ""3"": 16987, ""4"": 22002, ""5"": 8150}",connected
112099,324,20000,0.050000000000000044,0.007358234261046164,-4.687359797190875,"{""0"": 23958, ""1"": 20227, ""2"": 20714, ""3"": 17016, ""4"": 22030, ""5"": 8154}",connected
112199,324,20000,0.050000000000000044,0.008162188993301242,-4.687359797190875,"{""0"": 23965, ""1"": 20239, ""2"": 20747, ""3"": 17031, ""4"": 22042, ""5"": 8175}",connected
112299,324,20000,0.050000000000000044,0.008552441596984863,-4.687359797190875,"{""0"": 23966, ""1"": 20247, ""2"": 20775, ""3"": 17052, ""4"": 22079, ""5"": 8180}",connected
112399,324,20000,0.050000000000000044,0.008587462204159237,-4.687359797190875,"{""0"": 23967, ""1"": 20267, ""2"": 20799, ""3"": 17078, ""4"": 22108, ""5"": 8180}",connected
112499,326,20000,0.050000000000000044,0.00809012545447331,-4.705134184546768,"{""0"": 23993, ""1"": 20272, ""2"": 20824, ""3"": 17088, ""4"": 22140, ""5"": 8182}",connected
112599,326,20000,0.050000000000000044,0.00709738539531827,-4.705134184546768,"{""0"": 23996, ""1"": 20285, ""2"": 20837, ""3"": 17117, ""4"": 22179, ""5"": 8185}",connected
112699,326,20000,0.050000000000000044,0.007515979126910679,-4.705134184546768,"{""0"": 24009, ""1"": 20298, ""2"": 20846, ""3"": 17154, ""4"": 22207, ""5"": 8185}",connected
112799,326,20000,0.050000000000000044,0.007487257815664634,-4.705134184546768,"{""0"": 24027, ""1"": 20317, ""2"": 20850, ""3"": 17171, ""4"": 22249, ""5"": 8185}",connected
112899,326,20000,0.050000000000000044,0.00822837783722207,-4.705134184546768,"{""0"": 24059, ""1"": 20321, ""2"": 20861, ""3"": 17180, ""4"": 22293, ""5"": 8185}",connected
112999,326,20000,0.050000000000000044,0.009487195755937136,-4.705134184546768,"{""0"": 24077, ""1"": 20336, ""2"": 20889, ""3"": 17200, ""4"": 22312, ""5"": 8185}",connected
113099,326,20000,0.050000000000000044,0.008777777100913226,-4.705134184546768,"{""0"": 24093, ""1"": 20351, ""2"": 20923, ""3"": 17216, ""4"": 22328, ""5"": 8188}",connected
113199,328,20000,0.050000000000000044,0.009287454633740708,-4.693869154686109,"{""0"": 24107, ""1"": 20362, ""2"": 20963, ""3"": 17230, ""4"": 22348, ""5"": 8189}",connected
113299,328,20000,0.050000000000000044,0.007686395588098094,-4.693869154686109,"{""0"": 24167, ""1"": 20367, ""2"": 20966, ""3"": 17240, ""4"": 22370, ""5"": 8189}",connected
113399,328,20000,0.050000000000000044,0.008263504093047231,-4.693869154686109,"{""0"": 24182, ""1"": 20372, ""2"": 20979, ""3"": 17271, ""4"": 22406, ""5"": 8189}",connected
113499,328,20000,0.050000000000000044,0.008761976845562458,-4.693869154686109,"{""0"": 24186, ""1"": 20385, ""2"": 21010, ""3"": 17299, ""4"": 22428, ""5"": 8191}",connected
113599,328,20000,0.050000000000000044,0.008510889420867897,-4.693869154686109,"{""0"": 24186, ""1"": 20385, ""2"": 21038, ""3"": 17337, ""4"": 22462, ""5"": 8191}",connected
113699,328,20000,0.050000000000000044,0.010153953797998837,-4.693869154686109,"{""0"": 24189, ""1"": 20400, ""2"": 21057, ""3"": 17362, ""4"": 22499, ""5"": 8192}",connected
113799,328,20000,0.050000000000000044,0.009114055667887443,-4.693869154686109,"{""0"": 24191, ""1"": 20418, ""2"": 21076, ""3"": 17396, ""4"": 22525, ""5"": 8193}",connected
113899,330,20000,0.050000000000000044,0.009640471839229576,-4.701166011472233,"{""0"": 24193, ""1"": 20419, ""2"": 21105, ""3"": 17430, ""4"": 22559, ""5"": 8193}",connected
113999,330,20000,0.050000000000000044,0.009551686372142286,-4.701166011472233,"{""0"": 24198, ""1"": 20426, ""2"": 21132, ""3"": 17451, ""4"": 22598, ""5"": 8194}",connected
114099,330,20000,0.050000000000000044,0.010068944777594879,-4.701166011472233,"{""0"": 24200, ""1"": 20429, ""2"": 21144, ""3"": 17491, ""4"": 22641, ""5"": 8194}",connected
114199,330,20000,0.050000000000000044,0.009687316531781107,-4.701166011472233,"{""0"": 24201, ""1"": 20429, ""2"": 21187, ""3"": 17520, ""4"": 22667, ""5"": 8195}",connected
114299,330,20000,0.050000000000000044,0.009150565355084836,-4.701166011472233,"{""0"": 24206, ""1"": 20432, ""2"": 21203, ""3"": 17561, ""4"": 22702, ""5"": 8195}",connected
114399,330,20000,0.050000000000000044,0.008923218074487522,-4.701166011472233,"{""0"": 24211, ""1"": 20444, ""2"": 21212, ""3"": 17600, ""4"": 22737, ""5"": 8195}",connected
114499,330,20000,0.050000000000000044,0.007935238814679906,-4.701166011472233,"{""0"": 24214, ""1"": 20474, ""2"": 21246, ""3"": 17618, ""4"": 22749, ""5"": 8198}",connected
114599,330,20000,0.050000000000000044,0.007499856633367017,-4.701166011472233,"{""0"": 24236, ""1"": 20488, ""2"": 21254, ""3"": 17639, ""4"": 22784, ""5"": 8198}",connected
114699,332,20000,0.050000000000000044,0.006930444697500207,-4.696079316167161,"{""0"": 24250, ""1"": 20503, ""2"": 21292, ""3"": 17642, ""4"": 22808, ""5"": 8204}",connected
114799,332,20000,0.050000000000000044,0.006402718043536879,-4.696079316167161,"{""0"": 24251, ""1"": 20504, ""2"": 21308, ""3"": 17684, ""4"": 22848, ""5"": 8204}",connected
114899,332,20000,0.050000000000000044,0.005547207850031555,-4.696079316167161,"{""0"": 24252, ""1"": 20505, ""2"": 21324, ""3"": 17727, ""4"": 22887, ""5"": 8204}",connected
114999,332,20000,0.050000000000000044,0.005681049147970043,-4.696079316167161,"{""0"": 24257, ""1"": 20505, ""2"": 21344, ""3"": 17765, ""4"": 22924, ""5"": 8204}",connected
115099,332,20000,0.050000000000000044,0.006626390733290463,-4.696079316167161,"{""0"": 24259, ""1"": 20508, ""2"": 21354, ""3"": 17807, ""4"": 22966, ""5"": 8205}",connected
115199,332,20000,0.050000000000000044,0.00698023994162213,-4.696079316167161,"{""0"": 24259, ""1"": 20510, ""2"": 21411, ""3"": 17825, ""4"": 22986, ""5"": 8208}",connected
115299,332,20000,0.050000000000000044,0.00715397642168682,-4.696079316167161,"{""0"": 24278, ""1"": 20510, ""2"": 21424, ""3"": 17857, ""4"": 23019, ""5"": 8211}",connected
115399,334,20000,0.050000000000000044,0.007934083321015351,-4.697182542984374,"{""0"": 24288, ""1"": 20517, ""2"": 21450, ""3"": 17880, ""4"": 23049, ""5"": 8215}",connected
115499,334,20000,0.050000000000000044,0.008105087199364789,-4.697182542984374,"{""0"": 24304, ""1"": 20536, ""2"": 21483, ""3"": 17890, ""4"": 23068, ""5"": 8218}",connected
115599,334,20000,0.050000000000000044,0.008668565130792559,-4.697182542984374,"{""0"": 24326, ""1"": 20538, ""2"": 21506, ""3"": 17915, ""4"": 23096, ""5"": 8218}",connected
115699,334,20000,0.050000000000000044,0.009617678756476379,-4.697182542984374,"{""0"": 24335, ""1"": 20555, ""2"": 21532, ""3"": 17931, ""4"": 23126, ""5"": 8220}",connected
115799,334,20000,0.050000000000000044,0.009040940037812107,-4.697182542984374,"{""0"": 24342, ""1"": 20568, ""2"": 21575, ""3"": 17948, ""4"": 23146, ""5"": 8220}",connected
115899,334,20000,0.050000000000000044,0.008409827891155146,-4.697182542984374,"{""0"": 24355, ""1"": 20595, ""2"": 21622, ""3"": 17954, ""4"": 23152, ""5"": 8221}",connected
115999,334,20000,0.050000000000000044,0.008401764854206704,-4.697182542984374,"{""0"": 24363, ""1"": 20621, ""2"": 21663, ""3"": 17969, ""4"": 23162, ""5"": 8221}",connected
116099,336,20000,0.050000000000000044,0.006905215405859053,-4.67422869564034,"{""0"": 24383, ""1"": 20632, ""2"": 21681, ""3"": 17989, ""4"": 23192, ""5"": 8222}",connected
116199,336,20000,0.050000000000000044,0.007245908596087247,-4.67422869564034,"{""0"": 24393, ""1"": 20650, ""2"": 21690, ""3"": 18019, ""4"": 23224, ""5"": 8223}",connected
116299,336,20000,0.050000000000000044,0.00734613387438003,-4.67422869564034,"{""0"": 24409, ""1"": 20673, ""2"": 21704, ""3"": 18043, ""4"": 23246, ""5"": 8224}",connected
116399,336,20000,0.050000000000000044,0.00771776340145152,-4.67422869564034,"{""0"": 24416, ""1"": 20685, ""2"": 21718, ""3"": 18073, ""4"": 23282, ""5"": 8225}",connected
116499,336,20000,0.050000000000000044,0.007671563854673877,-4.67422869564034,"{""0"": 24442, ""1"": 20689, ""2"": 21725, ""3"": 18107, ""4"": 23311, ""5"": 8225}",connected
116599,336,20000,0.050000000000000044,0.007846346428850666,-4.67422869564034,"{""0"": 24465, ""1"": 20698, ""2"": 21750, ""3"": 18130, ""4"": 23331, ""5"": 8225}",connected
116699,336,20000,0.050000000000000044,0.007564884611056187,-4.67422869564034,"{""0"": 24474, ""1"": 20708, ""2"": 21763, ""3"": 18158, ""4"": 23371, ""5"": 8225}",connected
116799,338,20000,0.050000000000000044,0.0065477933385409415,-4.6702336834510785,"{""0"": 24479, ""1"": 20711, ""2"": 21785, ""3"": 18193, ""4"": 23405, ""5"": 8226}",connected
116899,338,20000,0.050000000000000044,0.007081070631393231,-4.6702336834510785,"{""0"": 24487, ""1"": 20715, ""2"": 21801, ""3"": 18224, ""4"": 23445, ""5"": 8227}",connected
116999,338,20000,0.050000000000000044,0.007463777294615284,-4.6702336834510785,"{""0"": 24493, ""1"": 20719, ""2"": 21815, ""3"": 18258, ""4"": 23484, ""5"": 8230}",connected
117099,338,20000,0.050000000000000044,0.007381982632214203,-4.6702336834510785,"{""0"": 24498, ""1"": 20726, ""2"": 21838, ""3"": 18291, ""4"": 23515, ""5"": 8231}",connected
117199,338,20000,0.050000000000000044,0.008945012736949138,-4.6702336834510785,"{""0"": 24522, ""1"": 20730, ""2"": 21850, ""3"": 18316, ""4"": 23547, ""5"": 8234}",connected
117299,338,20000,0.050000000000000044,0.008888346737949178,-4.6702336834510785,"{""0"": 24550, ""1"": 20731, ""2"": 21894, ""3"": 18332, ""4"": 23558, ""5"": 8234}",connected
117399,338,20000,0.050000000000000044,0.007822671903995796,-4.6702336834510785,"{""0"": 24565, ""1"": 20754, ""2"": 21924, ""3"": 18343, ""4"": 23579, ""5"": 8234}",connected
117499,339,20000,0.050000000000000044,0.008610632939380594,-4.661014068336226,"{""0"": 24579, ""1"": 20780, ""2"": 21957, ""3"": 18356, ""4"": 23591, ""5"": 8236}",connected
117599,340,20000,0.050000000000000044,0.007323613358312287,-4.6633705436997115,"{""0"": 24587, ""1"": 20782, ""2"": 21968, ""3"": 18414, ""4"": 23607, ""5"": 8241}",connected
117699,340,20000,0.050000000000000044,0.008595557570806704,-4.6633705436997115,"{""0"": 24588, ""1"": 20784, ""2"": 21987, ""3"": 18455, ""4"": 23642, ""5"": 8243}",connected
117799,340,20000,0.050000000000000044,0.008610189545433968,-4.6633705436997115,"{""0"": 24594, ""1"": 20794, ""2"": 22011, ""3"": 18487, ""4"": 23670, ""5"": 8243}",connected
117899,340,20000,0.050000000000000044,0.0081302706169663,-4.6633705436997115,"{""0"": 24610, ""1"": 20807, ""2"": 22021, ""3"": 18514, ""4"": 23702, ""5"": 8245}",connected
117999,340,20000,0.050000000000000044,0.007603639111039229,-4.6633705436997115,"{""0"": 24647, ""1"": 20819, ""2"": 22037, ""3"": 18531, ""4"": 23718, ""5"": 8247}",connected
118099,340,20000,0.050000000000000044,0.00715509315719828,-4.6633705436997115,"{""0"": 24687, ""1"": 20824, ""2"": 22057, ""3"": 18548, ""4"": 23736, ""5"": 8247}",connected
118199,340,20000,0.050000000000000044,0.007219581534154713,-4.6633705436997115,"{""0"": 24702, ""1"": 20852, ""2"": 22086, ""3"": 18559, ""4"": 23753, ""5"": 8247}",connected
118299,342,20000,0.050000000000000044,0.006860865100752562,-4.626698731128126,"{""0"": 24714, ""1"": 20860, ""2"": 22110, ""3"": 18581, ""4"": 23784, ""5"": 8250}",connected
118399,342,20000,0.050000000000000044,0.006996789054828696,-4.626698731128126,"{""0"": 24724, ""1"": 20860, ""2"": 22149, ""3"": 18608, ""4"": 23808, ""5"": 8250}",connected
118499,342,20000,0.050000000000000044,0.0063277462229598316,-4.626698731128126,"{""0"": 24732, ""1"": 20866, ""2"": 22166, ""3"": 18642, ""4"": 23843, ""5"": 8250}",connected
118599,342,20000,0.050000000000000044,0.005773278776323423,-4.626698731128126,"{""0"": 24752, ""1"": 20867, ""2"": 22198, ""3"": 18665, ""4"": 23866, ""5"": 8251}",connected
118699,342,20000,0.050000000000000044,0.0057961593091022225,-4.626698731128126,"{""0"": 24772, ""1"": 20868, ""2"": 22220, ""3"": 18696, ""4"": 23891, ""5"": 8252}",connected
118799,342,20000,0.050000000000000044,0.005494137078057975,-4.626698731128126,"{""0"": 24796, ""1"": 20870, ""2"": 22237, ""3"": 18724, ""4"": 23920, ""5"": 8252}",connected
118899,342,20000,0.050000000000000044,0.0053428356104996055,-4.626698731128126,"{""0"": 24806, ""1"": 20885, ""2"": 22252, ""3"": 18742, ""4"": 23960, ""5"": 8254}",connected
118999,344,20000,0.050000000000000044,0.005728359472122975,-4.619653351460584,"{""0"": 24813, ""1"": 20899, ""2"": 22268, ""3"": 18776, ""4"": 23988, ""5"": 8255}",connected
119099,344,20000,0.050000000000000044,0.00611630572762806,-4.619653351460584,"{""0"": 24819, ""1"": 20924, ""2"": 22287, ""3"": 18798, ""4"": 24014, ""5"": 8257}",connected
119199,344,20000,0.050000000000000044,0.006648569930694066,-4.619653351460584,"{""0"": 24846, ""1"": 20934, ""2"": 22308, ""3"": 18810, ""4"": 24043, ""5"": 8258}",connected
119299,344,20000,0.050000000000000044,0.00711809843138326,-4.619653351460584,"{""0"": 24881, ""1"": 20943, ""2"": 22326, ""3"": 18827, ""4"": 24061, ""5"": 8261}",connected
119399,344,20000,0.050000000000000044,0.008092727964976803,-4.619653351460584,"{""0"": 24888, ""1"": 20959, ""2"": 22354, ""3"": 18853, ""4"": 24084, ""5"": 8261}",connected
119499,344,20000,0.050000000000000044,0.008235361848492176,-4.619653351460584,"{""0"": 24902, ""1"": 20987, ""2"": 22384, ""3"": 18864, ""4"": 24101, ""5"": 8261}",connected
119599,344,20000,0.050000000000000044,0.007988230988266877,-4.619653351460584,"{""0"": 24916, ""1"": 21006, ""2"": 22405, ""3"": 18876, ""4"": 24133, ""5"": 8263}",connected
119699,346,20000,0.050000000000000044,0.007938401105930097,-4.623861989690922,"{""0"": 24933, ""1"": 21020, ""2"": 22438, ""3"": 18888, ""4"": 24155, ""5"": 8265}",connected
119799,346,20000,0.050000000000000044,0.007385072077158839,-4.623861989690922,"{""0"": 24935, ""1"": 21032, ""2"": 22482, ""3"": 18910, ""4"": 24175, ""5"": 8265}",connected
119899,346,20000,0.050000000000000044,0.0064506377157522365,-4.623861989690922,"{""0"": 24944, ""1"": 21032, ""2"": 22510, ""3"": 18946, ""4"": 24202, ""5"": 8265}",connected
119999,346,20000,0.050000000000000044,0.007705049285432324,-4.623861989690922,"{""0"": 24954, ""1"": 21040, ""2"": 22569, ""3"": 18956, ""4"": 24214, ""5"": 8266}",connected
120099,346,20000,0.050000000000000044,0.008163464679964818,-4.623861989690922,"{""0"": 24957, ""1"": 21041, ""2"": 22597, ""3"": 18993, ""4"": 24244, ""5"": 8267}",connected
120199,346,20000,0.050000000000000044,0.007253475781762973,-4.623861989690922,"{""0"": 24965, ""1"": 21042, ""2"": 22667, ""3"": 19000, ""4"": 24258, ""5"": 8267}",connected
120299,346,20000,0.050000000000000044,0.007079933822969906,-4.623861989690922,"{""0"": 24965, ""1"": 21060, ""2"": 22718, ""3"": 19011, ""4"": 24277, ""5"": 8268}",connected
120399,348,20000,0.050000000000000044,0.005771791767911054,-4.641468223417178,"{""0"": 24968, ""1"": 21065, ""2"": 22759, ""3"": 19028, ""4"": 24311, ""5"": 8268}",connected
120499,348,20000,0.050000000000000044,0.005128280543722212,-4.641468223417178,"{""0"": 24977, ""1"": 21070, ""2"": 22787, ""3"": 19049, ""4"": 24346, ""5"": 8270}",connected
120599,348,20000,0.050000000000000044,0.006506538241519593,-4.641468223417178,"{""0"": 24997, ""1"": 21072, ""2"": 22832, ""3"": 19069, ""4"": 24358, ""5"": 8271}",connected
120699,348,20000,0.050000000000000044,0.006584972849814221,-4.641468223417178,"{""0"": 25000, ""1"": 21077, ""2"": 22862, ""3"": 19087, ""4"": 24402, ""5"": 8271}",connected
120799,348,20000,0.050000000000000044,0.006857018685550429,-4.641468223417178,"{""0"": 25002, ""1"": 21080, ""2"": 22905, ""3"": 19088, ""4"": 24453, ""5"": 8271}",connected
120899,348,20000,0.050000000000000044,0.007177587118349038,-4.641468223417178,"{""0"": 25004, ""1"": 21081, ""2"": 22913, ""3"": 19108, ""4"": 24515, ""5"": 8278}",connected
120999,348,20000,0.050000000000000044,0.005483764614909887,-4.641468223417178,"{""0"": 25006, ""1"": 21104, ""2"": 22934, ""3"": 19121, ""4"": 24548, ""5"": 8286}",connected
121099,348,20000,0.050000000000000044,0.0056289840128738436,-4.641468223417178,"{""0"": 25006, ""1"": 21104, ""2"": 22978, ""3"": 19123, ""4"": 24602, ""5"": 8286}",connected
121199,350,20000,0.050000000000000044,0.00549894756055437,-4.630579851903021,"{""0"": 25012, ""1"": 21113, ""2"": 23017, ""3"": 19140, ""4"": 24631, ""5"": 8286}",connected
121299,350,20000,0.050000000000000044,0.005130308333900757,-4.630579851903021,"{""0"": 25016, ""1"": 21118, ""2"": 23079, ""3"": 19156, ""4"": 24642, ""5"": 8288}",connected
121399,350,20000,0.050000000000000044,0.006614693655865267,-4.630579851903021,"{""0"": 25036, ""1"": 21122, ""2"": 23089, ""3"": 19183, ""4"": 24680, ""5"": 8289}",connected
121499,350,20000,0.050000000000000044,0.0065069071721518415,-4.630579851903021,"{""0"": 25067, ""1"": 21141, ""2"": 23117, ""3"": 19189, ""4"": 24695, ""5"": 8290}",connected
121599,350,20000,0.050000000000000044,0.006951094069518149,-4.630579851903021,"{""0"": 25111, ""1"": 21157, ""2"": 23149, ""3"": 19192, ""4"": 24700, ""5"": 8290}",connected
121699,350,20000,0.050000000000000044,0.0072256604564609,-4.630579851903021,"{""0"": 25142, ""1"": 21162, ""2"": 23164, ""3"": 19205, ""4"": 24732, ""5"": 8294}",connected
121799,350,20000,0.050000000000000044,0.006770318670314737,-4.630579851903021,"{""0"": 25145, ""1"": 21165, ""2"": 23177, ""3"": 19223, ""4"": 24792, ""5"": 8297}",connected
121899,352,20000,0.050000000000000044,0.007517879850347527,-4.630044377990998,"{""0"": 25162, ""1"": 21170, ""2"": 23211, ""3"": 19236, ""4"": 24816, ""5"": 8304}",connected
121999,352,20000,0.050000000000000044,0.007647706872667186,-4.630044377990998,"{""0"": 25193, ""1"": 21178, ""2"": 23228, ""3"": 19257, ""4"": 24839, ""5"": 8304}",connected
122099,352,20000,0.050000000000000044,0.008228369840653614,-4.630044377990998,"{""0"": 25220, ""1"": 21188, ""2"": 23263, ""3"": 19268, ""4"": 24855, ""5"": 8305}",connected
122199,352,20000,0.050000000000000044,0.007778620437020436,-4.630044377990998,"{""0"": 25260, ""1"": 21190, ""2"": 23276, ""3"": 19291, ""4"": 24877, ""5"": 8305}",connected
122299,352,20000,0.050000000000000044,0.007873175171553157,-4.630044377990998,"{""0"": 25290, ""1"": 21198, ""2"": 23307, ""3"": 19307, ""4"": 24892, ""5"": 8305}",connected
122399,352,20000,0.050000000000000044,0.008056872570305131,-4.630044377990998,"{""0"": 25330, ""1"": 21202, ""2"": 23323, ""3"": 19328, ""4"": 24911, ""5"": 8305}",connected
122499,352,20000,0.050000000000000044,0.006581728559685871,-4.630044377990998,"{""0"": 25345, ""1"": 21204, ""2"": 23359, ""3"": 19347, ""4"": 24936, ""5"": 8308}",connected
122599,354,20000,0.050000000000000044,0.006350491104240063,-4.633199449568056,"{""0"": 25360, ""1"": 21205, ""2"": 23401, ""3"": 19367, ""4"": 24958, ""5"": 8308}",connected
122699,354,20000,0.050000000000000044,0.007132907543855253,-4.633199449568056,"{""0"": 25384, ""1"": 21211, ""2"": 23418, ""3"": 19389, ""4"": 24986, ""5"": 8311}",connected
122799,354,20000,0.050000000000000044,0.007160516324511264,-4.633199449568056,"{""0"": 25386, ""1"": 21214, ""2"": 23477, ""3"": 19407, ""4"": 25004, ""5"": 8311}",connected
122899,354,20000,0.050000000000000044,0.00875446407328127,-4.633199449568056,"{""0"": 25401, ""1"": 21227, ""2"": 23512, ""3"": 19426, ""4"": 25021, ""5"": 8312}",connected
122999,354,20000,0.050000000000000044,0.009480034614098258,-4.633199449568056,"{""0"": 25417, ""1"": 21239, ""2"": 23546, ""3"": 19440, ""4"": 25043, ""5"": 8314}",connected
123099,354,20000,0.050000000000000044,0.008170868849265388,-4.633199449568056,"{""0"": 25443, ""1"": 21243, ""2"": 23570, ""3"": 19467, ""4"": 25062, ""5"": 8314}",connected
123199,354,20000,0.050000000000000044,0.008459873666870408,-4.633199449568056,"{""0"": 25462, ""1"": 21253, ""2"": 23596, ""3"": 19489, ""4"": 25083, ""5"": 8316}",connected
123299,356,20000,0.050000000000000044,0.0074878515233285725,-4.642478134343401,"{""0"": 25480, ""1"": 21270, ""2"": 23632, ""3"": 19510, ""4"": 25091, ""5"": 8316}",connected
123399,356,20000,0.050000000000000044,0.007458108980208635,-4.642478134343401,"{""0"": 25511, ""1"": 21278, ""2"": 23658, ""3"": 19515, ""4"": 25116, ""5"": 8321}",connected
123499,356,20000,0.050000000000000044,0.0069080202979967,-4.642478134343401,"{""0"": 25521, ""1"": 21283, ""2"": 23694, ""3"": 19539, ""4"": 25141, ""5"": 8321}",connected
123599,356,20000,0.050000000000000044,0.00567019148147665,-4.642478134343401,"{""0"": 25548, ""1"": 21291, ""2"": 23706, ""3"": 19571, ""4"": 25161, ""5"": 8322}",connected
123699,356,20000,0.050000000000000044,0.005686771674081683,-4.642478134343401,"{""0"": 25588, ""1"": 21296, ""2"": 23735, ""3"": 19586, ""4"": 25172, ""5"": 8322}",connected
123799,356,20000,0.050000000000000044,0.005455483323894441,-4.642478134343401,"{""0"": 25622, ""1"": 21301, ""2"": 23751, ""3"": 19611, ""4"": 25192, ""5"": 8322}",connected
123899,356,20000,0.050000000000000044,0.00658428939874284,-4.642478134343401,"{""0"": 25651, ""1"": 21308, ""2"": 23788, ""3"": 19626, ""4"": 25203, ""5"": 8323}",connected
123999,357,20000,0.050000000000000044,0.005988175338716246,-4.639727957961149,"{""0"": 25685, ""1"": 21313, ""2"": 23807, ""3"": 19648, ""4"": 25223, ""5"": 8323}",connected
124099,358,20000,0.050000000000000044,0.005961100423010066,-4.63952279872261,"{""0"": 25715, ""1"": 21316, ""2"": 23829, ""3"": 19662, ""4"": 25253, ""5"": 8324}",connected
124199,358,20000,0.050000000000000044,0.006007992236700375,-4.63952279872261,"{""0"": 25732, ""1"": 21318, ""2"": 23845, ""3"": 19700, ""4"": 25280, ""5"": 8324}",connected
124299,358,20000,0.050000000000000044,0.005484560287732166,-4.63952279872261,"{""0"": 25744, ""1"": 21323, ""2"": 23884, ""3"": 19725, ""4"": 25299, ""5"": 8324}",connected
124399,358,20000,0.050000000000000044,0.006255196793063078,-4.63952279872261,"{""0"": 25755, ""1"": 21331, ""2"": 23906, ""3"": 19753, ""4"": 25330, ""5"": 8324}",connected
124499,358,20000,0.050000000000000044,0.006208969758881721,-4.63952279872261,"{""0"": 25779, ""1"": 21333, ""2"": 23966, ""3"": 19757, ""4"": 25339, ""5"": 8325}",connected
124599,358,20000,0.050000000000000044,0.005700923391268589,-4.63952279872261,"{""0"": 25786, ""1"": 21334, ""2"": 24035, ""3"": 19769, ""4"": 25350, ""5"": 8325}",connected
124699,358,20000,0.050000000000000044,0.005579890153894667,-4.63952279872261,"{""0"": 25797, ""1"": 21351, ""2"": 24078, ""3"": 19784, ""4"": 25363, ""5"": 8326}",connected
124799,360,20000,0.050000000000000044,0.005248382959107403,-4.649168349388056,"{""0"": 25808, ""1"": 21364, ""2"": 24116, ""3"": 19796, ""4"": 25388, ""5"": 8327}",connected
124899,360,20000,0.050000000000000044,0.0052220817990018984,-4.649168349388056,"{""0"": 25840, ""1"": 21365, ""2"": 24131, ""3"": 19821, ""4"": 25413, ""5"": 8329}",connected
124999,360,20000,0.050000000000000044,0.005374610722064972,-4.649168349388056,"{""0"": 25867, ""1"": 21374, ""2"": 24152, ""3"": 19847, ""4"": 25430, ""5"": 8329}",connected
125099,360,20000,0.050000000000000044,0.005372285091725644,-4.649168349388056,"{""0"": 25888, ""1"": 21376, ""2"": 24179, ""3"": 19870, ""4"": 25456, ""5"": 8330}",connected
125199,360,20000,0.050000000000000044,0.006654015885724221,-4.649168349388056,"{""0"": 25916, ""1"": 21383, ""2"": 24198, ""3"": 19893, ""4"": 25476, ""5"": 8333}",connected
125299,360,20000,0.050000000000000044,0.007023991538153496,-4.649168349388056,"{""0"": 25958, ""1"": 21392, ""2"": 24219, ""3"": 19906, ""4"": 25490, ""5"": 8334}",connected
125399,360,20000,0.050000000000000044,0.006649742420413531,-4.649168349388056,"{""0"": 25993, ""1"": 21395, ""2"": 24228, ""3"": 19935, ""4"": 25514, ""5"": 8334}",connected
125499,362,20000,0.050000000000000044,0.007079136549145914,-4.645992076182738,"{""0"": 26011, ""1"": 21398, ""2"": 24267, ""3"": 19951, ""4"": 25537, ""5"": 8335}",connected
125599,362,20000,0.050000000000000044,0.0061526966578094285,-4.645992076182738,"{""0"": 26048, ""1"": 21400, ""2"": 24288, ""3"": 19968, ""4"": 25559, ""5"": 8336}",connected
125699,362,20000,0.050000000000000044,0.006159726056212094,-4.645992076182738,"{""0"": 26074, ""1"": 21404, ""2"": 24299, ""3"": 19999, ""4"": 25585, ""5"": 8338}",connected
125799,362,20000,0.050000000000000044,0.006530514344631228,-4.645992076182738,"{""0"": 26104, ""1"": 21413, ""2"": 24348, ""3"": 20003, ""4"": 25591, ""5"": 8340}",connected
125899,362,20000,0.050000000000000044,0.005402315399842337,-4.645992076182738,"{""0"": 26119, ""1"": 21413, ""2"": 24365, ""3"": 20040, ""4"": 25622, ""5"": 8340}",connected
125999,362,20000,0.050000000000000044,0.005177565520862118,-4.645992076182738,"{""0"": 26143, ""1"": 21416, ""2"": 24390, ""3"": 20069, ""4"": 25639, ""5"": 8342}",connected
126099,362,20000,0.050000000000000044,0.004909482119255699,-4.645992076182738,"{""0"": 26180, ""1"": 21425, ""2"": 24415, ""3"": 20080, ""4"": 25656, ""5"": 8343}",connected
126199,364,20000,0.050000000000000044,0.004866602123074699,-4.642927363342605,"{""0"": 26203, ""1"": 21428, ""2"": 24436, ""3"": 20095, ""4"": 25694, ""5"": 8343}",connected
126299,364,20000,0.050000000000000044,0.007709269743063487,-4.642927363342605,"{""0"": 26233, ""1"": 21436, ""2"": 24439, ""3"": 20100, ""4"": 25745, ""5"": 8346}",connected
126399,364,20000,0.050000000000000044,0.007498344884370453,-4.642927363342605,"{""0"": 26263, ""1"": 21438, ""2"": 24444, ""3"": 20129, ""4"": 25778, ""5"": 8347}",connected
126499,364,20000,0.050000000000000044,0.00754015452665044,-4.642927363342605,"{""0"": 26277, ""1"": 21441, ""2"": 24503, ""3"": 20142, ""4"": 25789, ""5"": 8347}",connected
126599,364,20000,0.050000000000000044,0.008191357309115119,-4.642927363342605,"{""0"": 26316, ""1"": 21441, ""2"": 24536, ""3"": 20158, ""4"": 25798, ""5"": 8350}",connected
126699,364,20000,0.050000000000000044,0.005979594020172954,-4.642927363342605,"{""0"": 26334, ""1"": 21457, ""2"": 24557, ""3"": 20178, ""4"": 25823, ""5"": 8350}",connected
126799,364,20000,0.050000000000000044,0.006454162002191879,-4.642927363342605,"{""0"": 26356, ""1"": 21468, ""2"": 24568, ""3"": 20205, ""4"": 25848, ""5"": 8354}",connected
126899,366,20000,0.050000000000000044,0.006284222994581796,-4.64551620835904,"{""0"": 26362, ""1"": 21478, ""2"": 24590, ""3"": 20232, ""4"": 25879, ""5"": 8358}",connected
126999,366,20000,0.050000000000000044,0.0054830390063580125,-4.64551620835904,"{""0"": 26383, ""1"": 21486, ""2"": 24611, ""3"": 20244, ""4"": 25913, ""5"": 8362}",connected
127099,366,20000,0.050000000000000044,0.004975941813609097,-4.64551620835904,"{""0"": 26390, ""1"": 21508, ""2"": 24645, ""3"": 20262, ""4"": 25928, ""5"": 8366}",connected
127199,366,20000,0.050000000000000044,0.004455996985489037,-4.64551620835904,"{""0"": 26413, ""1"": 21513, ""2"": 24669, ""3"": 20286, ""4"": 25952, ""5"": 8366}",connected
127299,366,20000,0.050000000000000044,0.0042954854216077365,-4.64551620835904,"{""0"": 26433, ""1"": 21517, ""2"": 24691, ""3"": 20319, ""4"": 25971, ""5"": 8368}",connected
127399,366,20000,0.050000000000000044,0.005087321201281156,-4.64551620835904,"{""0"": 26453, ""1"": 21529, ""2"": 24716, ""3"": 20332, ""4"": 26000, ""5"": 8369}",connected
127499,366,20000,0.050000000000000044,0.005989046675676945,-4.64551620835904,"{""0"": 26470, ""1"": 21560, ""2"": 24746, ""3"": 20344, ""4"": 26008, ""5"": 8371}",connected
127599,366,20000,0.050000000000000044,0.00616016656771535,-4.64551620835904,"{""0"": 26483, ""1"": 21599, ""2"": 24783, ""3"": 20348, ""4"": 26015, ""5"": 8371}",connected
127699,368,20000,0.050000000000000044,0.007328883348964155,-4.6423459913767875,"{""0"": 26510, ""1"": 21607, ""2"": 24805, ""3"": 20357, ""4"": 26049, ""5"": 8371}",connected
127799,368,20000,0.050000000000000044,0.00681288375693839,-4.6423459913767875,"{""0"": 26522, ""1"": 21621, ""2"": 24820, ""3"": 20385, ""4"": 26080, ""5"": 8371}",connected
127899,368,20000,0.050000000000000044,0.006492557889432646,-4.6423459913767875,"{""0"": 26532, ""1"": 21631, ""2"": 24848, ""3"": 20414, ""4"": 26101, ""5"": 8373}",connected
127999,368,20000,0.050000000000000044,0.006738013553549535,-4.6423459913767875,"{""0"": 26553, ""1"": 21632, ""2"": 24863, ""3"": 20449, ""4"": 26128, ""5"": 8374}",connected
128099,368,20000,0.050000000000000044,0.00586314821470296,-4.6423459913767875,"{""0"": 26584, ""1"": 21636, ""2"": 24880, ""3"": 20475, ""4"": 26150, ""5"": 8374}",connected
128199,368,20000,0.050000000000000044,0.006501582913042512,-4.6423459913767875,"{""0"": 26596, ""1"": 21638, ""2"": 24895, ""3"": 20509, ""4"": 26185, ""5"": 8376}",connected
128299,368,20000,0.050000000000000044,0.007293134312494658,-4.6423459913767875,"{""0"": 26602, ""1"": 21640, ""2"": 24927, ""3"": 20556, ""4"": 26198, ""5"": 8376}",connected
128399,370,20000,0.050000000000000044,0.006697483150346671,-4.635657814494334,"{""0"": 26615, ""1"": 21642, ""2"": 24957, ""3"": 20577, ""4"": 26229, ""5"": 8379}",connected
128499,370,20000,0.050000000000000044,0.007109013885783497,-4.635657814494334,"{""0"": 26663, ""1"": 21643, ""2"": 25005, ""3"": 20578, ""4"": 26229, ""5"": 8381}",connected
128599,370,20000,0.050000000000000044,0.006581735555664636,-4.635657814494334,"{""0"": 26684, ""1"": 21658, ""2"": 25041, ""3"": 20584, ""4"": 26250, ""5"": 8382}",connected
128699,370,20000,0.050000000000000044,0.006146816965192556,-4.635657814494334,"{""0"": 26700, ""1"": 21677, ""2"": 25071, ""3"": 20602, ""4"": 26266, ""5"": 8383}",connected
128799,370,20000,0.050000000000000044,0.006379697910742835,-4.635657814494334,"{""0"": 26700, ""1"": 21692, ""2"": 25106, ""3"": 20610, ""4"": 26308, ""5"": 8383}",connected
128899,370,20000,0.050000000000000044,0.0062250533991027625,-4.635657814494334,"{""0"": 26700, ""1"": 21706, ""2"": 25123, ""3"": 20627, ""4"": 26360, ""5"": 8383}",connected
128999,370,20000,0.050000000000000044,0.007122443162661512,-4.635657814494334,"{""0"": 26702, ""1"": 21721, ""2"": 25168, ""3"": 20629, ""4"": 26396, ""5"": 8383}",connected
129099,372,20000,0.050000000000000044,0.006907235458784271,-4.644084853664972,"{""0"": 26709, ""1"": 21728, ""2"": 25212, ""3"": 20633, ""4"": 26433, ""5"": 8384}",connected
129199,372,20000,0.050000000000000044,0.006941363199730404,-4.644084853664972,"{""0"": 26762, ""1"": 21730, ""2"": 25252, ""3"": 20635, ""4"": 26435, ""5"": 8385}",connected
129299,372,20000,0.050000000000000044,0.00627062011306407,-4.644084853664972,"{""0"": 26790, ""1"": 21732, ""2"": 25299, ""3"": 20635, ""4"": 26457, ""5"": 8386}",connected
129399,372,20000,0.050000000000000044,0.005543945726240054,-4.644084853664972,"{""0"": 26790, ""1"": 21733, ""2"": 25347, ""3"": 20636, ""4"": 26507, ""5"": 8386}",connected
129499,372,20000,0.050000000000000044,0.005803602981031873,-4.644084853664972,"{""0"": 26791, ""1"": 21734, ""2"": 25392, ""3"": 20638, ""4"": 26558, ""5"": 8386}",connected
129599,372,20000,0.050000000000000044,0.005934128813678398,-4.644084853664972,"{""0"": 26797, ""1"": 21734, ""2"": 25432, ""3"": 20640, ""4"": 26610, ""5"": 8386}",connected
129699,372,20000,0.050000000000000044,0.006233665953914169,-4.644084853664972,"{""0"": 26799, ""1"": 21756, ""2"": 25460, ""3"": 20648, ""4"": 26650, ""5"": 8386}",connected
129799,374,20000,0.050000000000000044,0.005281507501204033,-4.645489293569699,"{""0"": 26809, ""1"": 21771, ""2"": 25500, ""3"": 20673, ""4"": 26659, ""5"": 8387}",connected
129899,374,20000,0.050000000000000044,0.00567148512462154,-4.645489293569699,"{""0"": 26827, ""1"": 21781, ""2"": 25523, ""3"": 20688, ""4"": 26692, ""5"": 8388}",connected
129999,374,20000,0.050000000000000044,0.006470712914597243,-4.645489293569699,"{""0"": 26837, ""1"": 21790, ""2"": 25540, ""3"": 20716, ""4"": 26719, ""5"": 8397}",connected
130099,374,20000,0.050000000000000044,0.006940076925675384,-4.645489293569699,"{""0"": 26860, ""1"": 21803, ""2"": 25571, ""3"": 20735, ""4"": 26730, ""5"": 8400}",connected
130199,374,20000,0.050000000000000044,0.007653447767079342,-4.645489293569699,"{""0"": 26866, ""1"": 21812, ""2"": 25586, ""3"": 20768, ""4"": 26765, ""5"": 8402}",connected
130299,374,20000,0.050000000000000044,0.007341892324329819,-4.645489293569699,"{""0"": 26881, ""1"": 21828, ""2"": 25624, ""3"": 20782, ""4"": 26782, ""5"": 8402}",connected
130399,374,20000,0.050000000000000044,0.00638927736581536,-4.645489293569699,"{""0"": 26888, ""1"": 21854, ""2"": 25648, ""3"": 20805, ""4"": 26802, ""5"": 8402}",connected
130499,375,20000,0.050000000000000044,0.005890315312135499,-4.646597483693622,"{""0"": 26895, ""1"": 21873, ""2"": 25686, ""3"": 20822, ""4"": 26818, ""5"": 8405}",connected
130599,376,20000,0.050000000000000044,0.005325872726971283,-4.643330240980722,"{""0"": 26939, ""1"": 21878, ""2"": 25714, ""3"": 20826, ""4"": 26835, ""5"": 8407}",connected
130699,376,20000,0.050000000000000044,0.004318365203216672,-4.643330240980722,"{""0"": 26987, ""1"": 21880, ""2"": 25764, ""3"": 20826, ""4"": 26835, ""5"": 8407}",connected
130799,376,20000,0.050000000000000044,0.004377900220279116,-4.643330240980722,"{""0"": 27037, ""1"": 21883, ""2"": 25811, ""3"": 20826, ""4"": 26835, ""5"": 8407}",connected
130899,376,20000,0.050000000000000044,0.005292378648009617,-4.643330240980722,"{""0"": 27083, ""1"": 21888, ""2"": 25850, ""3"": 20830, ""4"": 26839, ""5"": 8409}",connected
130999,376,20000,0.050000000000000044,0.005810617376118899,-4.643330240980722,"{""0"": 27139, ""1"": 21892, ""2"": 25885, ""3"": 20832, ""4"": 26841, ""5"": 8410}",connected
131099,376,20000,0.050000000000000044,0.007021515195083339,-4.643330240980722,"{""0"": 27157, ""1"": 21907, ""2"": 25906, ""3"": 20852, ""4"": 26867, ""5"": 8410}",connected
131199,376,20000,0.050000000000000044,0.006506214250111953,-4.643330240980722,"{""0"": 27170, ""1"": 21932, ""2"": 25921, ""3"": 20877, ""4"": 26889, ""5"": 8410}",connected
131299,378,20000,0.050000000000000044,0.0054529920636559835,-4.631626173052937,"{""0"": 27206, ""1"": 21936, ""2"": 25947, ""3"": 20891, ""4"": 26909, ""5"": 8410}",connected
131399,378,20000,0.050000000000000044,0.00546108276466839,-4.631626173052937,"{""0"": 27268, ""1"": 21940, ""2"": 25964, ""3"": 20901, ""4"": 26916, ""5"": 8410}",connected
131499,378,20000,0.050000000000000044,0.005370435498189181,-4.631626173052937,"{""0"": 27302, ""1"": 21953, ""2"": 25969, ""3"": 20918, ""4"": 26945, ""5"": 8412}",connected
131599,378,20000,0.050000000000000044,0.0057977072781068275,-4.631626173052937,"{""0"": 27329, ""1"": 21959, ""2"": 25985, ""3"": 20948, ""4"": 26964, ""5"": 8414}",connected
131699,378,20000,0.050000000000000044,0.006050116026890464,-4.631626173052937,"{""0"": 27346, ""1"": 21982, ""2"": 26010, ""3"": 20965, ""4"": 26980, ""5"": 8416}",connected
131799,378,20000,0.050000000000000044,0.005615585646883119,-4.631626173052937,"{""0"": 27363, ""1"": 21990, ""2"": 26028, ""3"": 20992, ""4"": 27007, ""5"": 8419}",connected
131899,378,20000,0.050000000000000044,0.005223771398304961,-4.631626173052937,"{""0"": 27369, ""1"": 21996, ""2"": 26036, ""3"": 21029, ""4"": 27045, ""5"": 8424}",connected
131999,380,20000,0.050000000000000044,0.0060141091421246524,-4.633022702615708,"{""0"": 27391, ""1"": 22007, ""2"": 26055, ""3"": 21045, ""4"": 27071, ""5"": 8430}",connected
132099,380,20000,0.050000000000000044,0.0061260282678995285,-4.633022702615708,"{""0"": 27404, ""1"": 22015, ""2"": 26083, ""3"": 21069, ""4"": 27097, ""5"": 8431}",connected
132199,380,20000,0.050000000000000044,0.0065024958658614195,-4.633022702615708,"{""0"": 27415, ""1"": 22025, ""2"": 26104, ""3"": 21095, ""4"": 27127, ""5"": 8433}",connected
132299,380,20000,0.050000000000000044,0.006475220055726823,-4.633022702615708,"{""0"": 27421, ""1"": 22039, ""2"": 26116, ""3"": 21127, ""4"": 27163, ""5"": 8433}",connected
132399,380,20000,0.050000000000000044,0.005714354933297727,-4.633022702615708,"{""0"": 27434, ""1"": 22073, ""2"": 26146, ""3"": 21138, ""4"": 27175, ""5"": 8433}",connected
132499,380,20000,0.050000000000000044,0.004883989475783892,-4.633022702615708,"{""0"": 27435, ""1"": 22115, ""2"": 26190, ""3"": 21145, ""4"": 27181, ""5"": 8433}",connected
132599,380,20000,0.050000000000000044,0.00507752154750051,-4.633022702615708,"{""0"": 27439, ""1"": 22136, ""2"": 26206, ""3"": 21181, ""4"": 27204, ""5"": 8433}",connected
132699,382,20000,0.050000000000000044,0.005574202549469192,-4.63012717012316,"{""0"": 27441, ""1"": 22165, ""2"": 26234, ""3"": 21194, ""4"": 27228, ""5"": 8437}",connected
132799,382,20000,0.050000000000000044,0.006330537921166978,-4.63012717012316,"{""0"": 27456, ""1"": 22180, ""2"": 26268, ""3"": 21200, ""4"": 27251, ""5"": 8444}",connected
132899,382,20000,0.050000000000000044,0.0073020632378757,-4.63012717012316,"{""0"": 27491, ""1"": 22196, ""2"": 26273, ""3"": 21222, ""4"": 27271, ""5"": 8446}",connected
132999,382,20000,0.050000000000000044,0.007731300028390251,-4.63012717012316,"{""0"": 27508, ""1"": 22216, ""2"": 26289, ""3"": 21238, ""4"": 27301, ""5"": 8447}",connected
133099,382,20000,0.050000000000000044,0.006648960337333847,-4.63012717012316,"{""0"": 27524, ""1"": 22232, ""2"": 26308, ""3"": 21243, ""4"": 27342, ""5"": 8450}",connected
133199,382,20000,0.050000000000000044,0.006907633029040881,-4.63012717012316,"{""0"": 27545, ""1"": 22241, ""2"": 26318, ""3"": 21244, ""4"": 27400, ""5"": 8451}",connected
133299,382,20000,0.050000000000000044,0.006167801645060536,-4.63012717012316,"{""0"": 27562, ""1"": 22252, ""2"": 26327, ""3"": 21244, ""4"": 27462, ""5"": 8452}",connected
133399,384,20000,0.050000000000000044,0.0056155355935334226,-4.614288923135027,"{""0"": 27566, ""1"": 22258, ""2"": 26344, ""3"": 21248, ""4"": 27528, ""5"": 8455}",connected
133499,384,20000,0.050000000000000044,0.00625188806647202,-4.614288923135027,"{""0"": 27575, ""1"": 22264, ""2"": 26366, ""3"": 21279, ""4"": 27554, ""5"": 8461}",connected
133599,384,20000,0.050000000000000044,0.005708272847114131,-4.614288923135027,"{""0"": 27597, ""1"": 22267, ""2"": 26396, ""3"": 21285, ""4"": 27581, ""5"": 8473}",connected
133699,384,20000,0.050000000000000044,0.006218246723001357,-4.614288923135027,"{""0"": 27625, ""1"": 22300, ""2"": 26399, ""3"": 21298, ""4"": 27600, ""5"": 8477}",connected
133799,384,20000,0.050000000000000044,0.005562088885053527,-4.614288923135027,"{""0"": 27628, ""1"": 22327, ""2"": 26427, ""3"": 21326, ""4"": 27612, ""5"": 8479}",connected
133899,384,20000,0.050000000000000044,0.005338043609226588,-4.614288923135027,"{""0"": 27637, ""1"": 22336, ""2"": 26443, ""3"": 21353, ""4"": 27645, ""5"": 8485}",connected
133999,384,20000,0.050000000000000044,0.004893189879367128,-4.614288923135027,"{""0"": 27647, ""1"": 22343, ""2"": 26472, ""3"": 21375, ""4"": 27671, ""5"": 8491}",connected
134099,384,20000,0.050000000000000044,0.004188926299684681,-4.614288923135027,"{""0"": 27655, ""1"": 22355, ""2"": 26477, ""3"": 21412, ""4"": 27709, ""5"": 8491}",connected
134199,386,20000,0.050000000000000044,0.004755543438368477,-4.624164480911568,"{""0"": 27659, ""1"": 22365, ""2"": 26502, ""3"": 21462, ""4"": 27719, ""5"": 8492}",connected
134299,386,20000,0.050000000000000044,0.004658882021612953,-4.624164480911568,"{""0"": 27669, ""1"": 22374, ""2"": 26521, ""3"": 21497, ""4"": 27745, ""5"": 8493}",connected
134399,386,20000,0.050000000000000044,0.004994863974570762,-4.624164480911568,"{""0"": 27680, ""1"": 22394, ""2"": 26552, ""3"": 21510, ""4"": 27769, ""5"": 8494}",connected
134499,386,20000,0.050000000000000044,0.0049590673801139925,-4.624164480911568,"{""0"": 27689, ""1"": 22407, ""2"": 26573, ""3"": 21528, ""4"": 27808, ""5"": 8494}",connected
134599,386,20000,0.050000000000000044,0.005137937148974743,-4.624164480911568,"{""0"": 27689, ""1"": 22408, ""2"": 26613, ""3"": 21563, ""4"": 27832, ""5"": 8494}",connected
134699,386,20000,0.050000000000000044,0.005413651907001622,-4.624164480911568,"{""0"": 27721, ""1"": 22413, ""2"": 26633, ""3"": 21581, ""4"": 27853, ""5"": 8498}",connected
134799,386,20000,0.050000000000000044,0.0054082679489511065,-4.624164480911568,"{""0"": 27772, ""1"": 22418, ""2"": 26650, ""3"": 21596, ""4"": 27865, ""5"": 8498}",connected
134899,388,20000,0.050000000000000044,0.006011347671155818,-4.6145445016212765,"{""0"": 27797, ""1"": 22443, ""2"": 26674, ""3"": 21603, ""4"": 27884, ""5"": 8498}",connected
134999,388,20000,0.050000000000000044,0.006272750631032977,-4.6145445016212765,"{""0"": 27801, ""1"": 22449, ""2"": 26688, ""3"": 21653, ""4"": 27910, ""5"": 8498}",connected
135099,388,20000,0.050000000000000044,0.006988991232647095,-4.6145445016212765,"{""0"": 27819, ""1"": 22459, ""2"": 26718, ""3"": 21674, ""4"": 27931, ""5"": 8498}",connected
135199,388,20000,0.050000000000000044,0.006656165173044428,-4.6145445016212765,"{""0"": 27825, ""1"": 22472, ""2"": 26739, ""3"": 21706, ""4"": 27959, ""5"": 8498}",connected
135299,388,20000,0.050000000000000044,0.006354828999319579,-4.6145445016212765,"{""0"": 27884, ""1"": 22472, ""2"": 26754, ""3"": 21730, ""4"": 27961, ""5"": 8498}",connected
135399,388,20000,0.050000000000000044,0.006365631101944018,-4.6145445016212765,"{""0"": 27907, ""1"": 22510, ""2"": 26759, ""3"": 21752, ""4"": 27971, ""5"": 8500}",connected
135499,388,20000,0.050000000000000044,0.006159201867412776,-4.6145445016212765,"{""0"": 27915, ""1"": 22543, ""2"": 26777, ""3"": 21765, ""4"": 27974, ""5"": 8525}",connected
135599,390,20000,0.050000000000000044,0.0064615104292170145,-4.617089359178208,"{""0"": 27924, ""1"": 22562, ""2"": 26811, ""3"": 21780, ""4"": 27995, ""5"": 8527}",connected
135699,390,20000,0.050000000000000044,0.006561276695865672,-4.617089359178208,"{""0"": 27931, ""1"": 22575, ""2"": 26831, ""3"": 21813, ""4"": 28022, ""5"": 8527}",connected
135799,390,20000,0.050000000000000044,0.005972010818659328,-4.617089359178208,"{""0"": 27948, ""1"": 22605, ""2"": 26859, ""3"": 21818, ""4"": 28042, ""5"": 8527}",connected
135899,390,20000,0.050000000000000044,0.004985545709205326,-4.617089359178208,"{""0"": 27978, ""1"": 22609, ""2"": 26877, ""3"": 21845, ""4"": 28063, ""5"": 8527}",connected
135999,390,20000,0.050000000000000044,0.004523595805221703,-4.617089359178208,"{""0"": 27998, ""1"": 22625, ""2"": 26889, ""3"": 21871, ""4"": 28089, ""5"": 8527}",connected
136099,390,20000,0.050000000000000044,0.004514480383077171,-4.617089359178208,"{""0"": 28016, ""1"": 22643, ""2"": 26916, ""3"": 21885, ""4"": 28108, ""5"": 8531}",connected
136199,390,20000,0.050000000000000044,0.005426812072691974,-4.617089359178208,"{""0"": 28033, ""1"": 22700, ""2"": 26922, ""3"": 21898, ""4"": 28115, ""5"": 8531}",connected
136299,392,20000,0.050000000000000044,0.006144613810465671,-4.610354235558771,"{""0"": 28051, ""1"": 22704, ""2"": 26972, ""3"": 21908, ""4"": 28130, ""5"": 8534}",connected
136399,392,20000,0.050000000000000044,0.006201940989703871,-4.610354235558771,"{""0"": 28066, ""1"": 22715, ""2"": 26977, ""3"": 21941, ""4"": 28164, ""5"": 8536}",connected
136499,392,20000,0.050000000000000044,0.006314795080106706,-4.610354235558771,"{""0"": 28101, ""1"": 22721, ""2"": 26994, ""3"": 21971, ""4"": 28175, ""5"": 8537}",connected
136599,392,20000,0.050000000000000044,0.005300448667258024,-4.610354235558771,"{""0"": 28137, ""1"": 22727, ""2"": 27014, ""3"": 21989, ""4"": 28194, ""5"": 8538}",connected
136699,392,20000,0.050000000000000044,0.00460728166915942,-4.610354235558771,"{""0"": 28169, ""1"": 22736, ""2"": 27025, ""3"": 22013, ""4"": 28218, ""5"": 8538}",connected
136799,392,20000,0.050000000000000044,0.004462931682355702,-4.610354235558771,"{""0"": 28197, ""1"": 22754, ""2"": 27039, ""3"": 22030, ""4"": 28238, ""5"": 8541}",connected
136899,392,20000,0.050000000000000044,0.00490596636896953,-4.610354235558771,"{""0"": 28214, ""1"": 22772, ""2"": 27048, ""3"": 22060, ""4"": 28257, ""5"": 8548}",connected
136999,392,20000,0.050000000000000044,0.005093483904202003,-4.610354235558771,"{""0"": 28229, ""1"": 22806, ""2"": 27062, ""3"": 22077, ""4"": 28277, ""5"": 8548}",connected
137099,394,20000,0.050000000000000044,0.004950215143908281,-4.623919982556254,"{""0"": 28249, ""1"": 22817, ""2"": 27092, ""3"": 22095, ""4"": 28298, ""5"": 8548}",connected
137199,394,20000,0.050000000000000044,0.0057203462574398145,-4.623919982556254,"{""0"": 28254, ""1"": 22834, ""2"": 27119, ""3"": 22129, ""4"": 28315, ""5"": 8548}",connected
137299,394,20000,0.050000000000000044,0.005470241332950536,-4.623919982556254,"{""0"": 28258, ""1"": 22846, ""2"": 27139, ""3"": 22159, ""4"": 28337, ""5"": 8560}",connected
137399,394,20000,0.050000000000000044,0.006179086702468339,-4.623919982556254,"{""0"": 28260, ""1"": 22861, ""2"": 27168, ""3"": 22191, ""4"": 28358, ""5"": 8561}",connected
137499,394,20000,0.050000000000000044,0.007032533116580452,-4.623919982556254,"{""0"": 28267, ""1"": 22873, ""2"": 27193, ""3"": 22227, ""4"": 28377, ""5"": 8562}",connected
137599,394,20000,0.050000000000000044,0.006378261486534029,-4.623919982556254,"{""0"": 28277, ""1"": 22901, ""2"": 27219, ""3"": 22247, ""4"": 28391, ""5"": 8564}",connected
137699,394,20000,0.050000000000000044,0.0066663491766667,-4.623919982556254,"{""0"": 28282, ""1"": 22935, ""2"": 27240, ""3"": 22271, ""4"": 28407, ""5"": 8564}",connected
137799,396,20000,0.050000000000000044,0.005969387918012217,-4.62519088962581,"{""0"": 28302, ""1"": 22944, ""2"": 27269, ""3"": 22295, ""4"": 28425, ""5"": 8564}",connected
137899,396,20000,0.050000000000000044,0.005537487959954888,-4.62519088962581,"{""0"": 28308, ""1"": 22979, ""2"": 27286, ""3"": 22319, ""4"": 28442, ""5"": 8565}",connected
137999,396,20000,0.050000000000000044,0.00576288526179269,-4.62519088962581,"{""0"": 28311, ""1"": 23065, ""2"": 27286, ""3"": 22321, ""4"": 28451, ""5"": 8565}",connected
138099,396,20000,0.050000000000000044,0.005941825730260462,-4.62519088962581,"{""0"": 28317, ""1"": 23084, ""2"": 27326, ""3"": 22341, ""4"": 28464, ""5"": 8567}",connected
138199,396,20000,0.050000000000000044,0.006848872120608576,-4.62519088962581,"{""0"": 28319, ""1"": 23139, ""2"": 27356, ""3"": 22342, ""4"": 28476, ""5"": 8567}",connected
138299,396,20000,0.050000000000000044,0.006900048128154594,-4.62519088962581,"{""0"": 28364, ""1"": 23160, ""2"": 27377, ""3"": 22349, ""4"": 28482, ""5"": 8567}",connected
138399,396,20000,0.050000000000000044,0.0067760114651173355,-4.62519088962581,"{""0"": 28410, ""1"": 23196, ""2"": 27381, ""3"": 22358, ""4"": 28485, ""5"": 8569}",connected
138499,398,20000,0.050000000000000044,0.00613629084371496,-4.651032713870518,"{""0"": 28420, ""1"": 23216, ""2"": 27413, ""3"": 22375, ""4"": 28505, ""5"": 8570}",connected
138599,398,20000,0.050000000000000044,0.005240699663409032,-4.651032713870518,"{""0"": 28443, ""1"": 23250, ""2"": 27431, ""3"": 22382, ""4"": 28522, ""5"": 8571}",connected
138699,398,20000,0.050000000000000044,0.0057886915156268514,-4.651032713870518,"{""0"": 28484, ""1"": 23275, ""2"": 27435, ""3"": 22399, ""4"": 28534, ""5"": 8572}",connected
138799,398,20000,0.050000000000000044,0.006628639976261183,-4.651032713870518,"{""0"": 28528, ""1"": 23283, ""2"": 27466, ""3"": 22409, ""4"": 28541, ""5"": 8572}",connected
138899,398,20000,0.050000000000000044,0.006836085526156239,-4.651032713870518,"{""0"": 28541, ""1"": 23287, ""2"": 27485, ""3"": 22445, ""4"": 28569, ""5"": 8572}",connected
138999,398,20000,0.050000000000000044,0.00656430898088729,-4.651032713870518,"{""0"": 28547, ""1"": 23354, ""2"": 27491, ""3"": 22450, ""4"": 28574, ""5"": 8583}",connected
139099,398,20000,0.050000000000000044,0.005040490828105248,-4.651032713870518,"{""0"": 28559, ""1"": 23374, ""2"": 27514, ""3"": 22467, ""4"": 28601, ""5"": 8584}",connected
139199,400,20000,0.050000000000000044,0.0047849149713874795,-4.660794541882351,"{""0"": 28578, ""1"": 23386, ""2"": 27556, ""3"": 22479, ""4"": 28616, ""5"": 8584}",connected
139299,400,20000,0.050000000000000044,0.005730314314132556,-4.660794541882351,"{""0"": 28587, ""1"": 23452, ""2"": 27577, ""3"": 22480, ""4"": 28616, ""5"": 8587}",connected
139399,400,20000,0.050000000000000044,0.0062212273117620495,-4.660794541882351,"{""0"": 28604, ""1"": 23472, ""2"": 27604, ""3"": 22489, ""4"": 28638, ""5"": 8592}",connected
139499,400,20000,0.050000000000000044,0.007068421811272856,-4.660794541882351,"{""0"": 28623, ""1"": 23526, ""2"": 27611, ""3"": 22492, ""4"": 28654, ""5"": 8593}",connected
139599,400,20000,0.050000000000000044,0.007476261727861129,-4.660794541882351,"{""0"": 28647, ""1"": 23548, ""2"": 27641, ""3"": 22500, ""4"": 28668, ""5"": 8595}",connected
139699,400,20000,0.050000000000000044,0.00683403194998391,-4.660794541882351,"{""0"": 28666, ""1"": 23550, ""2"": 27705, ""3"": 22500, ""4"": 28683, ""5"": 8595}",connected
139799,400,20000,0.050000000000000044,0.007862881170003675,-4.660794541882351,"{""0"": 28708, ""1"": 23552, ""2"": 27735, ""3"": 22505, ""4"": 28704, ""5"": 8595}",connected
139899,402,20000,0.050000000000000044,0.008602495090162848,-4.662259930674918,"{""0"": 28719, ""1"": 23554, ""2"": 27802, ""3"": 22517, ""4"": 28712, ""5"": 8595}",connected
139999,402,20000,0.050000000000000044,0.0077002018413622865,-4.662259930674918,"{""0"": 28723, ""1"": 23579, ""2"": 27837, ""3"": 22534, ""4"": 28724, ""5"": 8602}",connected
140099,402,20000,0.050000000000000044,0.006955441755708307,-4.662259930674918,"{""0"": 28731, ""1"": 23583, ""2"": 27856, ""3"": 22566, ""4"": 28755, ""5"": 8608}",connected
140199,402,20000,0.050000000000000044,0.005618643147754483,-4.662259930674918,"{""0"": 28758, ""1"": 23634, ""2"": 27860, ""3"": 22566, ""4"": 28772, ""5"": 8609}",connected
140299,402,20000,0.050000000000000044,0.005131341462256387,-4.662259930674918,"{""0"": 28785, ""1"": 23655, ""2"": 27866, ""3"": 22581, ""4"": 28799, ""5"": 8613}",connected
140399,402,20000,0.050000000000000044,0.0074956448760349305,-4.662259930674918,"{""0"": 28797, ""1"": 23695, ""2"": 27881, ""3"": 22588, ""4"": 28825, ""5"": 8613}",connected
140499,402,20000,0.050000000000000044,0.008223725697607733,-4.662259930674918,"{""0"": 28810, ""1"": 23727, ""2"": 27907, ""3"": 22599, ""4"": 28842, ""5"": 8614}",connected
140599,402,20000,0.050000000000000044,0.008304126718139742,-4.662259930674918,"{""0"": 28838, ""1"": 23756, ""2"": 27910, ""3"": 22612, ""4"": 28868, ""5"": 8615}",connected
140699,404,20000,0.050000000000000044,0.008835732747975271,-4.678168650260195,"{""0"": 28872, ""1"": 23770, ""2"": 27934, ""3"": 22622, ""4"": 28886, ""5"": 8615}",connected
140799,404,20000,0.050000000000000044,0.006162915747554507,-4.678168650260195,"{""0"": 28890, ""1"": 23801, ""2"": 27958, ""3"": 22629, ""4"": 28906, ""5"": 8615}",connected
140899,404,20000,0.050000000000000044,0.006727109020575881,-4.678168650260195,"{""0"": 28897, ""1"": 23828, ""2"": 27977, ""3"": 22648, ""4"": 28923, ""5"": 8626}",connected
140999,404,20000,0.050000000000000044,0.0070277881211950445,-4.678168650260195,"{""0"": 28903, ""1"": 23870, ""2"": 27983, ""3"": 22660, ""4"": 28956, ""5"": 8627}",connected
141099,404,20000,0.050000000000000044,0.006970237719651777,-4.678168650260195,"{""0"": 28908, ""1"": 23911, ""2"": 27986, ""3"": 22670, ""4"": 28992, ""5"": 8632}",connected
141199,404,20000,0.050000000000000044,0.008687362432538067,-4.678168650260195,"{""0"": 28912, ""1"": 23950, ""2"": 27995, ""3"": 22684, ""4"": 29022, ""5"": 8636}",connected
141299,404,20000,0.050000000000000044,0.007826429154956713,-4.678168650260195,"{""0"": 28938, ""1"": 23974, ""2"": 28002, ""3"": 22698, ""4"": 29050, ""5"": 8637}",connected
141399,406,20000,0.050000000000000044,0.00746577707817778,-4.689703878527507,"{""0"": 28962, ""1"": 24001, ""2"": 28019, ""3"": 22716, ""4"": 29064, ""5"": 8637}",connected
141499,406,20000,0.050000000000000044,0.006972043659188785,-4.689703878527507,"{""0"": 29002, ""1"": 24007, ""2"": 28066, ""3"": 22719, ""4"": 29068, ""5"": 8637}",connected
141599,406,20000,0.050000000000000044,0.006549853955511935,-4.689703878527507,"{""0"": 29010, ""1"": 24046, ""2"": 28087, ""3"": 22728, ""4"": 29086, ""5"": 8642}",connected
141699,406,20000,0.050000000000000044,0.006954848189488985,-4.689703878527507,"{""0"": 29024, ""1"": 24093, ""2"": 28087, ""3"": 22742, ""4"": 29111, ""5"": 8642}",connected
141799,406,20000,0.050000000000000044,0.00906139844621066,-4.689703878527507,"{""0"": 29075, ""1"": 24100, ""2"": 28088, ""3"": 22759, ""4"": 29135, ""5"": 8642}",connected
141899,406,20000,0.050000000000000044,0.008799550652620383,-4.689703878527507,"{""0"": 29097, ""1"": 24115, ""2"": 28122, ""3"": 22775, ""4"": 29146, ""5"": 8644}",connected
141999,406,20000,0.050000000000000044,0.007780471603036858,-4.689703878527507,"{""0"": 29119, ""1"": 24126, ""2"": 28150, ""3"": 22787, ""4"": 29173, ""5"": 8644}",connected
142099,408,20000,0.050000000000000044,0.007704392515006475,-4.704076759042218,"{""0"": 29133, ""1"": 24153, ""2"": 28165, ""3"": 22802, ""4"": 29201, ""5"": 8645}",connected
142199,408,20000,0.050000000000000044,0.006846179466228932,-4.704076759042218,"{""0"": 29150, ""1"": 24186, ""2"": 28177, ""3"": 22816, ""4"": 29224, ""5"": 8646}",connected
142299,408,20000,0.050000000000000044,0.007282961038290523,-4.704076759042218,"{""0"": 29176, ""1"": 24204, ""2"": 28183, ""3"": 22846, ""4"": 29244, ""5"": 8646}",connected
142399,408,20000,0.050000000000000044,0.007784932638751343,-4.704076759042218,"{""0"": 29193, ""1"": 24235, ""2"": 28196, ""3"": 22867, ""4"": 29258, ""5"": 8650}",connected
142499,408,20000,0.050000000000000044,0.008869993362459354,-4.704076759042218,"{""0"": 29215, ""1"": 24260, ""2"": 28213, ""3"": 22885, ""4"": 29275, ""5"": 8651}",connected
142599,408,20000,0.050000000000000044,0.008321223327657208,-4.704076759042218,"{""0"": 29225, ""1"": 24287, ""2"": 28226, ""3"": 22906, ""4"": 29302, ""5"": 8653}",connected
142699,408,20000,0.050000000000000044,0.008468197557376697,-4.704076759042218,"{""0"": 29236, ""1"": 24301, ""2"": 28256, ""3"": 22921, ""4"": 29323, ""5"": 8662}",connected
142799,410,20000,0.050000000000000044,0.007902562164817937,-4.72390104628168,"{""0"": 29245, ""1"": 24328, ""2"": 28283, ""3"": 22941, ""4"": 29336, ""5"": 8666}",connected
142899,410,20000,0.050000000000000044,0.006370332880178467,-4.72390104628168,"{""0"": 29257, ""1"": 24368, ""2"": 28311, ""3"": 22948, ""4"": 29348, ""5"": 8667}",connected
142999,410,20000,0.050000000000000044,0.006930622134823352,-4.72390104628168,"{""0"": 29292, ""1"": 24431, ""2"": 28312, ""3"": 22948, ""4"": 29348, ""5"": 8668}",connected
143099,410,20000,0.050000000000000044,0.005792603812878951,-4.72390104628168,"{""0"": 29317, ""1"": 24451, ""2"": 28339, ""3"": 22955, ""4"": 29368, ""5"": 8669}",connected
143199,410,20000,0.050000000000000044,0.006025523280841299,-4.72390104628168,"{""0"": 29325, ""1"": 24500, ""2"": 28362, ""3"": 22957, ""4"": 29378, ""5"": 8677}",connected
143299,410,20000,0.050000000000000044,0.007343913319054991,-4.72390104628168,"{""0"": 29401, ""1"": 24502, ""2"": 28365, ""3"": 22970, ""4"": 29384, ""5"": 8677}",connected
143399,410,20000,0.050000000000000044,0.005711656498897355,-4.72390104628168,"{""0"": 29432, ""1"": 24530, ""2"": 28368, ""3"": 22992, ""4"": 29399, ""5"": 8678}",connected
143499,411,20000,0.050000000000000044,0.006869920044264291,-4.724822000316344,"{""0"": 29449, ""1"": 24580, ""2"": 28383, ""3"": 22997, ""4"": 29411, ""5"": 8679}",connected
143599,412,20000,0.050000000000000044,0.006977942258527037,-4.738621911248192,"{""0"": 29451, ""1"": 24598, ""2"": 28430, ""3"": 23029, ""4"": 29412, ""5"": 8679}",connected
143699,412,20000,0.050000000000000044,0.005626250757195521,-4.738621911248192,"{""0"": 29476, ""1"": 24620, ""2"": 28457, ""3"": 23035, ""4"": 29426, ""5"": 8685}",connected
143799,412,20000,0.050000000000000044,0.0057525681972038,-4.738621911248192,"{""0"": 29495, ""1"": 24652, ""2"": 28465, ""3"": 23068, ""4"": 29431, ""5"": 8688}",connected
143899,412,20000,0.050000000000000044,0.006029413335490972,-4.738621911248192,"{""0"": 29519, ""1"": 24681, ""2"": 28474, ""3"": 23102, ""4"": 29435, ""5"": 8688}",connected
143999,412,20000,0.050000000000000044,0.007586261680116877,-4.738621911248192,"{""0"": 29539, ""1"": 24686, ""2"": 28497, ""3"": 23147, ""4"": 29442, ""5"": 8688}",connected
144099,412,20000,0.050000000000000044,0.008535765098640695,-4.738621911248192,"{""0"": 29541, ""1"": 24686, ""2"": 28537, ""3"": 23201, ""4"": 29446, ""5"": 8688}",connected
144199,412,20000,0.050000000000000044,0.00977637541189324,-4.738621911248192,"{""0"": 29552, ""1"": 24692, ""2"": 28587, ""3"": 23221, ""4"": 29457, ""5"": 8690}",connected
144299,414,20000,0.050000000000000044,0.009345985470572487,-4.726276687919162,"{""0"": 29565, ""1"": 24701, ""2"": 28610, ""3"": 23260, ""4"": 29473, ""5"": 8690}",connected
144399,414,20000,0.050000000000000044,0.007689417909132317,-4.726276687919162,"{""0"": 29583, ""1"": 24726, ""2"": 28645, ""3"": 23273, ""4"": 29482, ""5"": 8690}",connected
144499,414,20000,0.050000000000000044,0.006705510738538578,-4.726276687919162,"{""0"": 29607, ""1"": 24748, ""2"": 28667, ""3"": 23295, ""4"": 29487, ""5"": 8695}",connected
144599,414,20000,0.050000000000000044,0.007324999143602327,-4.726276687919162,"{""0"": 29620, ""1"": 24784, ""2"": 28704, ""3"": 23303, ""4"": 29492, ""5"": 8696}",connected
144699,414,20000,0.050000000000000044,0.007943621324957349,-4.726276687919162,"{""0"": 29654, ""1"": 24792, ""2"": 28714, ""3"": 23344, ""4"": 29496, ""5"": 8699}",connected
144799,414,20000,0.050000000000000044,0.008088067187927664,-4.726276687919162,"{""0"": 29678, ""1"": 24799, ""2"": 28754, ""3"": 23364, ""4"": 29504, ""5"": 8700}",connected
144899,414,20000,0.050000000000000044,0.008470035029458813,-4.726276687919162,"{""0"": 29702, ""1"": 24821, ""2"": 28788, ""3"": 23379, ""4"": 29508, ""5"": 8701}",connected
144999,416,20000,0.050000000000000044,0.00720995036594104,-4.715151061997749,"{""0"": 29719, ""1"": 24838, ""2"": 28818, ""3"": 23401, ""4"": 29522, ""5"": 8701}",connected
145099,416,20000,0.050000000000000044,0.006740231574513018,-4.715151061997749,"{""0"": 29737, ""1"": 24846, ""2"": 28873, ""3"": 23412, ""4"": 29530, ""5"": 8701}",connected
145199,416,20000,0.050000000000000044,0.007390198796056211,-4.715151061997749,"{""0"": 29752, ""1"": 24860, ""2"": 28913, ""3"": 23420, ""4"": 29552, ""5"": 8702}",connected
145299,416,20000,0.050000000000000044,0.007490963829332032,-4.715151061997749,"{""0"": 29781, ""1"": 24877, ""2"": 28947, ""3"": 23431, ""4"": 29561, ""5"": 8702}",connected
145399,416,20000,0.050000000000000044,0.007967561717960052,-4.715151061997749,"{""0"": 29816, ""1"": 24892, ""2"": 28958, ""3"": 23449, ""4"": 29576, ""5"": 8708}",connected
145499,416,20000,0.050000000000000044,0.0076306465436937285,-4.715151061997749,"{""0"": 29853, ""1"": 24918, ""2"": 28973, ""3"": 23457, ""4"": 29589, ""5"": 8709}",connected
145599,416,20000,0.050000000000000044,0.006506129225017503,-4.715151061997749,"{""0"": 29882, ""1"": 24930, ""2"": 28988, ""3"": 23471, ""4"": 29604, ""5"": 8724}",connected
145699,418,20000,0.050000000000000044,0.006873235854436643,-4.719266489953734,"{""0"": 29925, ""1"": 24941, ""2"": 29001, ""3"": 23497, ""4"": 29611, ""5"": 8724}",connected
145799,418,20000,0.050000000000000044,0.005681434974540025,-4.719266489953734,"{""0"": 29930, ""1"": 24962, ""2"": 29050, ""3"": 23516, ""4"": 29614, ""5"": 8727}",connected
145899,418,20000,0.050000000000000044,0.006123980529955588,-4.719266489953734,"{""0"": 29934, ""1"": 24985, ""2"": 29079, ""3"": 23546, ""4"": 29624, ""5"": 8731}",connected
145999,418,20000,0.050000000000000044,0.006142439536051825,-4.719266489953734,"{""0"": 29938, ""1"": 24993, ""2"": 29145, ""3"": 23560, ""4"": 29630, ""5"": 8733}",connected
146099,418,20000,0.050000000000000044,0.005866814425680786,-4.719266489953734,"{""0"": 29939, ""1"": 25015, ""2"": 29187, ""3"": 23581, ""4"": 29642, ""5"": 8735}",connected
146199,418,20000,0.050000000000000044,0.006960931699140928,-4.719266489953734,"{""0"": 29957, ""1"": 25018, ""2"": 29248, ""3"": 23591, ""4"": 29650, ""5"": 8735}",connected
146299,418,20000,0.050000000000000044,0.006657665435923264,-4.719266489953734,"{""0"": 29959, ""1"": 25028, ""2"": 29277, ""3"": 23625, ""4"": 29672, ""5"": 8738}",connected
146399,420,20000,0.050000000000000044,0.00723321030032821,-4.715934810433537,"{""0"": 29988, ""1"": 25039, ""2"": 29301, ""3"": 23634, ""4"": 29695, ""5"": 8742}",connected
146499,420,20000,0.050000000000000044,0.007068499004817568,-4.715934810433537,"{""0"": 29995, ""1"": 25063, ""2"": 29336, ""3"": 23643, ""4"": 29718, ""5"": 8744}",connected
146599,420,20000,0.050000000000000044,0.006894573926110752,-4.715934810433537,"{""0"": 30013, ""1"": 25083, ""2"": 29345, ""3"": 23655, ""4"": 29758, ""5"": 8745}",connected
146699,420,20000,0.050000000000000044,0.00621867137379013,-4.715934810433537,"{""0"": 30027, ""1"": 25086, ""2"": 29355, ""3"": 23685, ""4"": 29801, ""5"": 8745}",connected
146799,420,20000,0.050000000000000044,0.007224892831291072,-4.715934810433537,"{""0"": 30038, ""1"": 25110, ""2"": 29369, ""3"": 23707, ""4"": 29826, ""5"": 8749}",connected
146899,420,20000,0.050000000000000044,0.007717003920115531,-4.715934810433537,"{""0"": 30041, ""1"": 25145, ""2"": 29378, ""3"": 23729, ""4"": 29853, ""5"": 8753}",connected
146999,420,20000,0.050000000000000044,0.00745797292503994,-4.715934810433537,"{""0"": 30058, ""1"": 25176, ""2"": 29383, ""3"": 23752, ""4"": 29874, ""5"": 8756}",connected
147099,420,20000,0.050000000000000044,0.00961487031134311,-4.715934810433537,"{""0"": 30065, ""1"": 25215, ""2"": 29384, ""3"": 23778, ""4"": 29898, ""5"": 8759}",connected
147199,422,20000,0.050000000000000044,0.008804060326656326,-4.717698710029945,"{""0"": 30083, ""1"": 25237, ""2"": 29401, ""3"": 23806, ""4"": 29908, ""5"": 8764}",connected
147299,422,20000,0.050000000000000044,0.009177599239046685,-4.717698710029945,"{""0"": 30097, ""1"": 25243, ""2"": 29447, ""3"": 23816, ""4"": 29929, ""5"": 8767}",connected
147399,422,20000,0.050000000000000044,0.009823176614008843,-4.717698710029945,"{""0"": 30136, ""1"": 25260, ""2"": 29470, ""3"": 23832, ""4"": 29934, ""5"": 8767}",connected
147499,422,20000,0.050000000000000044,0.008722640821360983,-4.717698710029945,"{""0"": 30147, ""1"": 25268, ""2"": 29479, ""3"": 23900, ""4"": 29936, ""5"": 8769}",connected
147599,422,20000,0.050000000000000044,0.008581871403730474,-4.717698710029945,"{""0"": 30166, ""1"": 25300, ""2"": 29507, ""3"": 23914, ""4"": 29943, ""5"": 8769}",connected
147699,422,20000,0.050000000000000044,0.00881442301615607,-4.717698710029945,"{""0"": 30216, ""1"": 25304, ""2"": 29509, ""3"": 23956, ""4"": 29945, ""5"": 8769}",connected
147799,422,20000,0.050000000000000044,0.00845038150146138,-4.717698710029945,"{""0"": 30268, ""1"": 25310, ""2"": 29516, ""3"": 23987, ""4"": 29949, ""5"": 8769}",connected
147899,424,20000,0.050000000000000044,0.007544856621534563,-4.702475904459134,"{""0"": 30350, ""1"": 25310, ""2"": 29516, ""3"": 24003, ""4"": 29950, ""5"": 8770}",connected
147999,424,20000,0.050000000000000044,0.007662598937749863,-4.702475904459134,"{""0"": 30370, ""1"": 25319, ""2"": 29555, ""3"": 24028, ""4"": 29955, ""5"": 8772}",connected
148099,424,20000,0.050000000000000044,0.006388535863370634,-4.702475904459134,"{""0"": 30387, ""1"": 25326, ""2"": 29609, ""3"": 24038, ""4"": 29967, ""5"": 8772}",connected
148199,424,20000,0.050000000000000044,0.005975695994566195,-4.702475904459134,"{""0"": 30428, ""1"": 25341, ""2"": 29622, ""3"": 24061, ""4"": 29975, ""5"": 8772}",connected
148299,424,20000,0.050000000000000044,0.006771789937047288,-4.702475904459134,"{""0"": 30479, ""1"": 25345, ""2"": 29627, ""3"": 24101, ""4"": 29975, ""5"": 8772}",connected
148399,424,20000,0.050000000000000044,0.006010489898617379,-4.702475904459134,"{""0"": 30503, ""1"": 25355, ""2"": 29634, ""3"": 24153, ""4"": 29982, ""5"": 8772}",connected
148499,424,20000,0.050000000000000044,0.006696339915506542,-4.702475904459134,"{""0"": 30524, ""1"": 25366, ""2"": 29645, ""3"": 24208, ""4"": 29983, ""5"": 8773}",connected
148599,426,20000,0.050000000000000044,0.00731757873785682,-4.684417239627801,"{""0"": 30544, ""1"": 25370, ""2"": 29663, ""3"": 24244, ""4"": 30005, ""5"": 8773}",connected
148699,426,20000,0.050000000000000044,0.006852163496077992,-4.684417239627801,"{""0"": 30575, ""1"": 25381, ""2"": 29688, ""3"": 24248, ""4"": 30032, ""5"": 8775}",connected
148799,426,20000,0.050000000000000044,0.007536406583967619,-4.684417239627801,"{""0"": 30591, ""1"": 25434, ""2"": 29701, ""3"": 24253, ""4"": 30033, ""5"": 8787}",connected
148899,426,20000,0.050000000000000044,0.007247662918525748,-4.684417239627801,"{""0"": 30618, ""1"": 25461, ""2"": 29712, ""3"": 24274, ""4"": 30047, ""5"": 8787}",connected
148999,426,20000,0.050000000000000044,0.006694451112998649,-4.684417239627801,"{""0"": 30646, ""1"": 25471, ""2"": 29714, ""3"": 24298, ""4"": 30056, ""5"": 8814}",connected
149099,426,20000,0.050000000000000044,0.007964395746821538,-4.684417239627801,"{""0"": 30687, ""1"": 25472, ""2"": 29717, ""3"": 24330, ""4"": 30078, ""5"": 8815}",connected
149199,426,20000,0.050000000000000044,0.00859946537821088,-4.684417239627801,"{""0"": 30725, ""1"": 25490, ""2"": 29730, ""3"": 24349, ""4"": 30088, ""5"": 8817}",connected
149299,428,20000,0.050000000000000044,0.008698665553820319,-4.709112581331283,"{""0"": 30772, ""1"": 25496, ""2"": 29747, ""3"": 24368, ""4"": 30099, ""5"": 8817}",connected
149399,428,20000,0.050000000000000044,0.008533263992867433,-4.709112581331283,"{""0"": 30781, ""1"": 25513, ""2"": 29786, ""3"": 24388, ""4"": 30113, ""5"": 8818}",connected
149499,428,20000,0.050000000000000044,0.007572696944698691,-4.709112581331283,"{""0"": 30812, ""1"": 25534, ""2"": 29794, ""3"": 24411, ""4"": 30126, ""5"": 8822}",connected
149599,428,20000,0.050000000000000044,0.006753846371429973,-4.709112581331283,"{""0"": 30853, ""1"": 25545, ""2"": 29804, ""3"": 24435, ""4"": 30138, ""5"": 8824}",connected
149699,428,20000,0.050000000000000044,0.006371197427506558,-4.709112581331283,"{""0"": 30886, ""1"": 25557, ""2"": 29817, ""3"": 24461, ""4"": 30145, ""5"": 8833}",connected
149799,428,20000,0.050000000000000044,0.006121764815179631,-4.709112581331283,"{""0"": 30934, ""1"": 25565, ""2"": 29826, ""3"": 24493, ""4"": 30147, ""5"": 8834}",connected
149899,428,20000,0.050000000000000044,0.007249671867466532,-4.709112581331283,"{""0"": 30984, ""1"": 25584, ""2"": 29845, ""3"": 24505, ""4"": 30147, ""5"": 8834}",connected
149999,428,20000,0.050000000000000044,0.006667065965011716,-4.709112581331283,"{""0"": 31019, ""1"": 25599, ""2"": 29880, ""3"": 24517, ""4"": 30150, ""5"": 8834}",connected
150099,430,20000,0.050000000000000044,0.006042901563923806,-4.71293343693018,"{""0"": 31033, ""1"": 25612, ""2"": 29905, ""3"": 24532, ""4"": 30182, ""5"": 8835}",connected
150199,430,20000,0.050000000000000044,0.006285004963283427,-4.71293343693018,"{""0"": 31044, ""1"": 25622, ""2"": 29953, ""3"": 24554, ""4"": 30189, ""5"": 8837}",connected
150299,430,20000,0.050000000000000044,0.004881598238716834,-4.71293343693018,"{""0"": 31097, ""1"": 25637, ""2"": 29958, ""3"": 24568, ""4"": 30201, ""5"": 8838}",connected
150399,430,20000,0.050000000000000044,0.005446111490600742,-4.71293343693018,"{""0"": 31144, ""1"": 25652, ""2"": 29961, ""3"": 24599, ""4"": 30203, ""5"": 8840}",connected
150499,430,20000,0.050000000000000044,0.006121291110757738,-4.71293343693018,"{""0"": 31189, ""1"": 25683, ""2"": 29961, ""3"": 24622, ""4"": 30204, ""5"": 8840}",connected
150599,430,20000,0.050000000000000044,0.007939129280275665,-4.71293343693018,"{""0"": 31244, ""1"": 25715, ""2"": 29961, ""3"": 24634, ""4"": 30205, ""5"": 8840}",connected
150699,430,20000,0.050000000000000044,0.007773909355746582,-4.71293343693018,"{""0"": 31286, ""1"": 25740, ""2"": 29962, ""3"": 24664, ""4"": 30207, ""5"": 8840}",connected
150799,432,20000,0.050000000000000044,0.007984280110104009,-4.7155892085982485,"{""0"": 31330, ""1"": 25753, ""2"": 29993, ""3"": 24666, ""4"": 30214, ""5"": 8843}",connected
150899,432,20000,0.050000000000000044,0.008603199296048842,-4.7155892085982485,"{""0"": 31331, ""1"": 25757, ""2"": 30053, ""3"": 24687, ""4"": 30227, ""5"": 8844}",connected
150999,432,20000,0.050000000000000044,0.007411790164769627,-4.7155892085982485,"{""0"": 31337, ""1"": 25780, ""2"": 30088, ""3"": 24691, ""4"": 30256, ""5"": 8847}",connected
151099,432,20000,0.050000000000000044,0.008036716056521983,-4.7155892085982485,"{""0"": 31356, ""1"": 25789, ""2"": 30093, ""3"": 24706, ""4"": 30270, ""5"": 8885}",connected
151199,432,20000,0.050000000000000044,0.007870074447710066,-4.7155892085982485,"{""0"": 31378, ""1"": 25826, ""2"": 30103, ""3"": 24723, ""4"": 30283, ""5"": 8886}",connected
151299,432,20000,0.050000000000000044,0.0074057179206283765,-4.7155892085982485,"{""0"": 31406, ""1"": 25834, ""2"": 30109, ""3"": 24747, ""4"": 30307, ""5"": 8896}",connected
151399,432,20000,0.050000000000000044,0.008733397937030532,-4.7155892085982485,"{""0"": 31413, ""1"": 25852, ""2"": 30112, ""3"": 24783, ""4"": 30318, ""5"": 8921}",connected
151499,434,20000,0.050000000000000044,0.00920254407741595,-4.74055595561862,"{""0"": 31424, ""1"": 25875, ""2"": 30132, ""3"": 24824, ""4"": 30323, ""5"": 8921}",connected
151599,434,20000,0.050000000000000044,0.009018125018337741,-4.74055595561862,"{""0"": 31428, ""1"": 25906, ""2"": 30170, ""3"": 24843, ""4"": 30328, ""5"": 8924}",connected
151699,434,20000,0.050000000000000044,0.00926427290251013,-4.74055595561862,"{""0"": 31453, ""1"": 25925, ""2"": 30192, ""3"": 24867, ""4"": 30336, ""5"": 8926}",connected
151799,434,20000,0.050000000000000044,0.007151865208870731,-4.74055595561862,"{""0"": 31495, ""1"": 25931, ""2"": 30204, ""3"": 24896, ""4"": 30345, ""5"": 8928}",connected
151899,434,20000,0.050000000000000044,0.006243202282348648,-4.74055595561862,"{""0"": 31531, ""1"": 25953, ""2"": 30217, ""3"": 24906, ""4"": 30363, ""5"": 8929}",connected
151999,434,20000,0.050000000000000044,0.006924096563016065,-4.74055595561862,"{""0"": 31567, ""1"": 25974, ""2"": 30225, ""3"": 24921, ""4"": 30377, ""5"": 8935}",connected
152099,434,20000,0.050000000000000044,0.005760882753529586,-4.74055595561862,"{""0"": 31594, ""1"": 26007, ""2"": 30243, ""3"": 24932, ""4"": 30387, ""5"": 8936}",connected
152199,436,20000,0.050000000000000044,0.00611740027088672,-4.74661031038966,"{""0"": 31615, ""1"": 26033, ""2"": 30259, ""3"": 24951, ""4"": 30403, ""5"": 8938}",connected
152299,436,20000,0.050000000000000044,0.006308288808213547,-4.74661031038966,"{""0"": 31622, ""1"": 26041, ""2"": 30298, ""3"": 24981, ""4"": 30418, ""5"": 8939}",connected
152399,436,20000,0.050000000000000044,0.005607849148800597,-4.74661031038966,"{""0"": 31650, ""1"": 26071, ""2"": 30317, ""3"": 24989, ""4"": 30433, ""5"": 8939}",connected
152499,436,20000,0.050000000000000044,0.006301249113166704,-4.74661031038966,"{""0"": 31706, ""1"": 26079, ""2"": 30320, ""3"": 25009, ""4"": 30446, ""5"": 8939}",connected
152599,436,20000,0.050000000000000044,0.006232399969012477,-4.74661031038966,"{""0"": 31733, ""1"": 26092, ""2"": 30341, ""3"": 25022, ""4"": 30472, ""5"": 8939}",connected
152699,436,20000,0.050000000000000044,0.006293629555730149,-4.74661031038966,"{""0"": 31774, ""1"": 26111, ""2"": 30344, ""3"": 25040, ""4"": 30490, ""5"": 8940}",connected
152799,436,20000,0.050000000000000044,0.005999621306546033,-4.74661031038966,"{""0"": 31804, ""1"": 26153, ""2"": 30355, ""3"": 25046, ""4"": 30500, ""5"": 8941}",connected
152899,438,20000,0.050000000000000044,0.006162552897003479,-4.7443388950359076,"{""0"": 31842, ""1"": 26182, ""2"": 30361, ""3"": 25057, ""4"": 30515, ""5"": 8942}",connected
152999,438,20000,0.050000000000000044,0.0070122377603547646,-4.7443388950359076,"{""0"": 31856, ""1"": 26205, ""2"": 30384, ""3"": 25083, ""4"": 30527, ""5"": 8944}",connected
153099,438,20000,0.050000000000000044,0.007783821191405877,-4.7443388950359076,"{""0"": 31874, ""1"": 26220, ""2"": 30402, ""3"": 25103, ""4"": 30555, ""5"": 8945}",connected
153199,438,20000,0.050000000000000044,0.008635283590410835,-4.7443388950359076,"{""0"": 31877, ""1"": 26237, ""2"": 30417, ""3"": 25134, ""4"": 30588, ""5"": 8946}",connected
153299,438,20000,0.050000000000000044,0.0086014666169649,-4.7443388950359076,"{""0"": 31899, ""1"": 26287, ""2"": 30434, ""3"": 25139, ""4"": 30594, ""5"": 8946}",connected
153399,438,20000,0.050000000000000044,0.007967443037196063,-4.7443388950359076,"{""0"": 31907, ""1"": 26339, ""2"": 30456, ""3"": 25147, ""4"": 30604, ""5"": 8946}",connected
153499,438,20000,0.050000000000000044,0.007054071227321402,-4.7443388950359076,"{""0"": 31941, ""1"": 26359, ""2"": 30472, ""3"": 25161, ""4"": 30618, ""5"": 8948}",connected
153599,438,20000,0.050000000000000044,0.0059680709335953,-4.7443388950359076,"{""0"": 31951, ""1"": 26417, ""2"": 30492, ""3"": 25169, ""4"": 30622, ""5"": 8948}",connected
153699,440,20000,0.050000000000000044,0.006308140918263234,-4.75530883342959,"{""0"": 31964, ""1"": 26452, ""2"": 30530, ""3"": 25179, ""4"": 30626, ""5"": 8948}",connected
153799,440,20000,0.050000000000000044,0.0066489195817848665,-4.75530883342959,"{""0"": 31970, ""1"": 26465, ""2"": 30552, ""3"": 25201, ""4"": 30659, ""5"": 8952}",connected
153899,440,20000,0.050000000000000044,0.006414599361596629,-4.75530883342959,"{""0"": 31976, ""1"": 26505, ""2"": 30560, ""3"": 25226, ""4"": 30678, ""5"": 8954}",connected
153999,440,20000,0.050000000000000044,0.007354370469111018,-4.75530883342959,"{""0"": 31977, ""1"": 26542, ""2"": 30574, ""3"": 25249, ""4"": 30703, ""5"": 8954}",connected
154099,440,20000,0.050000000000000044,0.007133897041785531,-4.75530883342959,"{""0"": 31990, ""1"": 26555, ""2"": 30598, ""3"": 25269, ""4"": 30733, ""5"": 8954}",connected
154199,440,20000,0.050000000000000044,0.006857914988067933,-4.75530883342959,"{""0"": 31992, ""1"": 26575, ""2"": 30627, ""3"": 25290, ""4"": 30761, ""5"": 8954}",connected
154299,440,20000,0.050000000000000044,0.008283585122553632,-4.75530883342959,"{""0"": 32005, ""1"": 26598, ""2"": 30641, ""3"": 25311, ""4"": 30790, ""5"": 8954}",connected
154399,442,20000,0.050000000000000044,0.008375387089326978,-4.76529146509245,"{""0"": 32019, ""1"": 26623, ""2"": 30668, ""3"": 25330, ""4"": 30804, ""5"": 8955}",connected
154499,442,20000,0.050000000000000044,0.00952040035277605,-4.76529146509245,"{""0"": 32035, ""1"": 26650, ""2"": 30694, ""3"": 25332, ""4"": 30832, ""5"": 8956}",connected
154599,442,20000,0.050000000000000044,0.009990010268520564,-4.76529146509245,"{""0"": 32050, ""1"": 26665, ""2"": 30703, ""3"": 25368, ""4"": 30857, ""5"": 8956}",connected
154699,442,20000,0.050000000000000044,0.0106632815732155,-4.76529146509245,"{""0"": 32068, ""1"": 26696, ""2"": 30721, ""3"": 25377, ""4"": 30878, ""5"": 8959}",connected
154799,442,20000,0.050000000000000044,0.010466155578615143,-4.76529146509245,"{""0"": 32109, ""1"": 26724, ""2"": 30743, ""3"": 25380, ""4"": 30881, ""5"": 8962}",connected
154899,442,20000,0.050000000000000044,0.009969503802713007,-4.76529146509245,"{""0"": 32193, ""1"": 26734, ""2"": 30744, ""3"": 25382, ""4"": 30883, ""5"": 8963}",connected
154999,442,20000,0.050000000000000044,0.010491265932796524,-4.76529146509245,"{""0"": 32220, ""1"": 26741, ""2"": 30747, ""3"": 25408, ""4"": 30920, ""5"": 8963}",connected
155099,444,20000,0.050000000000000044,0.010132535927696154,-4.769432480945252,"{""0"": 32284, ""1"": 26745, ""2"": 30767, ""3"": 25413, ""4"": 30927, ""5"": 8963}",connected
155199,444,20000,0.050000000000000044,0.0106069041416049,-4.769432480945252,"{""0"": 32314, ""1"": 26761, ""2"": 30795, ""3"": 25422, ""4"": 30944, ""5"": 8963}",connected
155299,444,20000,0.050000000000000044,0.01019150540465489,-4.769432480945252,"{""0"": 32328, ""1"": 26796, ""2"": 30809, ""3"": 25431, ""4"": 30971, ""5"": 8964}",connected
155399,444,20000,0.050000000000000044,0.010797297038370743,-4.769432480945252,"{""0"": 32371, ""1"": 26819, ""2"": 30817, ""3"": 25444, ""4"": 30982, ""5"": 8966}",connected
155499,444,20000,0.050000000000000044,0.01052505682921037,-4.769432480945252,"{""0"": 32398, ""1"": 26839, ""2"": 30826, ""3"": 25462, ""4"": 31006, ""5"": 8968}",connected
155599,444,20000,0.050000000000000044,0.01099722919985652,-4.769432480945252,"{""0"": 32412, ""1"": 26865, ""2"": 30839, ""3"": 25486, ""4"": 31026, ""5"": 8971}",connected
155699,444,20000,0.050000000000000044,0.01117544298642315,-4.769432480945252,"{""0"": 32441, ""1"": 26877, ""2"": 30848, ""3"": 25509, ""4"": 31053, ""5"": 8971}",connected
155799,446,20000,0.050000000000000044,0.009454026287421584,-4.775372572187334,"{""0"": 32478, ""1"": 26890, ""2"": 30852, ""3"": 25531, ""4"": 31077, ""5"": 8971}",connected
155899,446,20000,0.050000000000000044,0.008389380906592123,-4.775372572187334,"{""0"": 32516, ""1"": 26895, ""2"": 30884, ""3"": 25540, ""4"": 31089, ""5"": 8975}",connected
155999,446,20000,0.050000000000000044,0.008066465339506976,-4.775372572187334,"{""0"": 32543, ""1"": 26899, ""2"": 30895, ""3"": 25574, ""4"": 31112, ""5"": 8976}",connected
156099,446,20000,0.050000000000000044,0.007666069927508943,-4.775372572187334,"{""0"": 32601, ""1"": 26901, ""2"": 30897, ""3"": 25574, ""4"": 31117, ""5"": 9009}",connected
156199,446,20000,0.050000000000000044,0.008077957360656,-4.775372572187334,"{""0"": 32650, ""1"": 26904, ""2"": 30900, ""3"": 25577, ""4"": 31131, ""5"": 9037}",connected
156299,446,20000,0.050000000000000044,0.009844806714681908,-4.775372572187334,"{""0"": 32687, ""1"": 26924, ""2"": 30905, ""3"": 25592, ""4"": 31152, ""5"": 9039}",connected
156399,446,20000,0.050000000000000044,0.010324244525982067,-4.775372572187334,"{""0"": 32713, ""1"": 26951, ""2"": 30921, ""3"": 25609, ""4"": 31165, ""5"": 9040}",connected
156499,446,20000,0.050000000000000044,0.011748058288358152,-4.775372572187334,"{""0"": 32782, ""1"": 26957, ""2"": 30924, ""3"": 25624, ""4"": 31172, ""5"": 9040}",connected
156599,448,20000,0.050000000000000044,0.011411692043766379,-4.797031086026691,"{""0"": 32799, ""1"": 26968, ""2"": 30953, ""3"": 25638, ""4"": 31201, ""5"": 9040}",connected
156699,448,20000,0.050000000000000044,0.009716190055478365,-4.797031086026691,"{""0"": 32833, ""1"": 26972, ""2"": 30956, ""3"": 25661, ""4"": 31237, ""5"": 9040}",connected
156799,448,20000,0.050000000000000044,0.008307642983272672,-4.797031086026691,"{""0"": 32846, ""1"": 26980, ""2"": 31004, ""3"": 25676, ""4"": 31250, ""5"": 9043}",connected
156899,448,20000,0.050000000000000044,0.005930355096934363,-4.797031086026691,"{""0"": 32861, ""1"": 26996, ""2"": 31011, ""3"": 25701, ""4"": 31285, ""5"": 9045}",connected
156999,448,20000,0.050000000000000044,0.005835542186396196,-4.797031086026691,"{""0"": 32880, ""1"": 27013, ""2"": 31025, ""3"": 25728, ""4"": 31303, ""5"": 9050}",connected
157099,448,20000,0.050000000000000044,0.006200825937557965,-4.797031086026691,"{""0"": 32892, ""1"": 27033, ""2"": 31043, ""3"": 25746, ""4"": 31326, ""5"": 9059}",connected
157199,448,20000,0.050000000000000044,0.007282785335555673,-4.797031086026691,"{""0"": 32897, ""1"": 27054, ""2"": 31060, ""3"": 25765, ""4"": 31353, ""5"": 9070}",connected
157299,450,20000,0.050000000000000044,0.008349876059219241,-4.811466435804032,"{""0"": 32917, ""1"": 27069, ""2"": 31088, ""3"": 25779, ""4"": 31370, ""5"": 9076}",connected
157399,450,20000,0.050000000000000044,0.008998728117439896,-4.811466435804032,"{""0"": 32930, ""1"": 27103, ""2"": 31111, ""3"": 25787, ""4"": 31389, ""5"": 9079}",connected
157499,450,20000,0.050000000000000044,0.009449430295499042,-4.811466435804032,"{""0"": 32941, ""1"": 27149, ""2"": 31123, ""3"": 25804, ""4"": 31400, ""5"": 9082}",connected
157599,450,20000,0.050000000000000044,0.010040118379984052,-4.811466435804032,"{""0"": 32995, ""1"": 27154, ""2"": 31133, ""3"": 25819, ""4"": 31416, ""5"": 9082}",connected
157699,450,20000,0.050000000000000044,0.011112558415625244,-4.811466435804032,"{""0"": 33026, ""1"": 27193, ""2"": 31142, ""3"": 25825, ""4"": 31430, ""5"": 9083}",connected
157799,450,20000,0.050000000000000044,0.012062434802064672,-4.811466435804032,"{""0"": 33048, ""1"": 27221, ""2"": 31149, ""3"": 25853, ""4"": 31444, ""5"": 9084}",connected
157899,450,20000,0.050000000000000044,0.011889552826760337,-4.811466435804032,"{""0"": 33049, ""1"": 27254, ""2"": 31161, ""3"": 25873, ""4"": 31471, ""5"": 9091}",connected
157999,452,20000,0.050000000000000044,0.01121888957102783,-4.82909802719485,"{""0"": 33074, ""1"": 27274, ""2"": 31181, ""3"": 25898, ""4"": 31480, ""5"": 9092}",connected
158099,452,20000,0.050000000000000044,0.0110781898337882,-4.82909802719485,"{""0"": 33098, ""1"": 27281, ""2"": 31192, ""3"": 25914, ""4"": 31518, ""5"": 9096}",connected
158199,452,20000,0.050000000000000044,0.010859530657762661,-4.82909802719485,"{""0"": 33158, ""1"": 27289, ""2"": 31205, ""3"": 25925, ""4"": 31524, ""5"": 9098}",connected
158299,452,20000,0.050000000000000044,0.010409911010647192,-4.82909802719485,"{""0"": 33181, ""1"": 27304, ""2"": 31237, ""3"": 25935, ""4"": 31544, ""5"": 9098}",connected
158399,452,20000,0.050000000000000044,0.010242802168941125,-4.82909802719485,"{""0"": 33186, ""1"": 27383, ""2"": 31243, ""3"": 25939, ""4"": 31549, ""5"": 9099}",connected
158499,452,20000,0.050000000000000044,0.008370126355439425,-4.82909802719485,"{""0"": 33227, ""1"": 27428, ""2"": 31248, ""3"": 25946, ""4"": 31551, ""5"": 9099}",connected
158599,452,20000,0.050000000000000044,0.00832994066295214,-4.82909802719485,"{""0"": 33253, ""1"": 27452, ""2"": 31259, ""3"": 25962, ""4"": 31573, ""5"": 9100}",connected
158699,454,20000,0.050000000000000044,0.008584006655728444,-4.851321732490323,"{""0"": 33294, ""1"": 27467, ""2"": 31271, ""3"": 25973, ""4"": 31583, ""5"": 9111}",connected
158799,454,20000,0.050000000000000044,0.008340231860056519,-4.851321732490323,"{""0"": 33312, ""1"": 27498, ""2"": 31292, ""3"": 25982, ""4"": 31599, ""5"": 9116}",connected
158899,454,20000,0.050000000000000044,0.010614906528498978,-4.851321732490323,"{""0"": 33318, ""1"": 27518, ""2"": 31320, ""3"": 25996, ""4"": 31631, ""5"": 9116}",connected
158999,454,20000,0.050000000000000044,0.009214116322109476,-4.851321732490323,"{""0"": 33384, ""1"": 27534, ""2"": 31324, ""3"": 26004, ""4"": 31636, ""5"": 9117}",connected
159099,454,20000,0.050000000000000044,0.009433640723582357,-4.851321732490323,"{""0"": 33400, ""1"": 27550, ""2"": 31332, ""3"": 26017, ""4"": 31648, ""5"": 9152}",connected
159199,454,20000,0.050000000000000044,0.009914342445554211,-4.851321732490323,"{""0"": 33436, ""1"": 27599, ""2"": 31336, ""3"": 26022, ""4"": 31651, ""5"": 9155}",connected
159299,454,20000,0.050000000000000044,0.008178248136537149,-4.851321732490323,"{""0"": 33488, ""1"": 27604, ""2"": 31364, ""3"": 26030, ""4"": 31657, ""5"": 9156}",connected
159399,456,20000,0.050000000000000044,0.008883808240061625,-4.8545646898169075,"{""0"": 33538, ""1"": 27611, ""2"": 31385, ""3"": 26039, ""4"": 31670, ""5"": 9156}",connected
159499,456,20000,0.050000000000000044,0.00854923801496625,-4.8545646898169075,"{""0"": 33555, ""1"": 27626, ""2"": 31411, ""3"": 26049, ""4"": 31700, ""5"": 9158}",connected
159599,456,20000,0.050000000000000044,0.008492620388278738,-4.8545646898169075,"{""0"": 33587, ""1"": 27666, ""2"": 31426, ""3"": 26054, ""4"": 31708, ""5"": 9158}",connected
159699,456,20000,0.050000000000000044,0.009081835374236107,-4.8545646898169075,"{""0"": 33627, ""1"": 27681, ""2"": 31441, ""3"": 26068, ""4"": 31724, ""5"": 9158}",connected
159799,456,20000,0.050000000000000044,0.009180074370233342,-4.8545646898169075,"{""0"": 33684, ""1"": 27685, ""2"": 31475, ""3"": 26068, ""4"": 31728, ""5"": 9159}",connected
159899,456,20000,0.050000000000000044,0.008243743132334202,-4.8545646898169075,"{""0"": 33692, ""1"": 27715, ""2"": 31521, ""3"": 26069, ""4"": 31730, ""5"": 9172}",connected
159999,456,20000,0.050000000000000044,0.007309064572909847,-4.8545646898169075,"{""0"": 33709, ""1"": 27729, ""2"": 31552, ""3"": 26087, ""4"": 31748, ""5"": 9174}",connected
160099,456,20000,0.050000000000000044,0.006880056801019236,-4.8545646898169075,"{""0"": 33723, ""1"": 27760, ""2"": 31561, ""3"": 26109, ""4"": 31770, ""5"": 9176}",connected
160199,458,20000,0.050000000000000044,0.0071300267009064555,-4.862001613993198,"{""0"": 33734, ""1"": 27774, ""2"": 31599, ""3"": 26119, ""4"": 31797, ""5"": 9176}",connected
160299,458,20000,0.050000000000000044,0.007094470101874322,-4.862001613993198,"{""0"": 33736, ""1"": 27777, ""2"": 31651, ""3"": 26137, ""4"": 31821, ""5"": 9177}",connected
160399,458,20000,0.050000000000000044,0.007236819225363433,-4.862001613993198,"{""0"": 33742, ""1"": 27782, ""2"": 31688, ""3"": 26162, ""4"": 31848, ""5"": 9177}",connected
160499,458,20000,0.050000000000000044,0.0060855498822638765,-4.862001613993198,"{""0"": 33759, ""1"": 27845, ""2"": 31698, ""3"": 26164, ""4"": 31853, ""5"": 9180}",connected
160599,458,20000,0.050000000000000044,0.005854672088171356,-4.862001613993198,"{""0"": 33775, ""1"": 27884, ""2"": 31713, ""3"": 26175, ""4"": 31870, ""5"": 9182}",connected
160699,458,20000,0.050000000000000044,0.005883738952688873,-4.862001613993198,"{""0"": 33814, ""1"": 27922, ""2"": 31724, ""3"": 26181, ""4"": 31876, ""5"": 9182}",connected
160799,458,20000,0.050000000000000044,0.006193118825322017,-4.862001613993198,"{""0"": 33849, ""1"": 27947, ""2"": 31731, ""3"": 26198, ""4"": 31890, ""5"": 9184}",connected
160899,460,20000,0.050000000000000044,0.00731060562946368,-4.851779551226645,"{""0"": 33868, ""1"": 27964, ""2"": 31763, ""3"": 26214, ""4"": 31906, ""5"": 9184}",connected
160999,460,20000,0.050000000000000044,0.00687941447889898,-4.851779551226645,"{""0"": 33896, ""1"": 27975, ""2"": 31783, ""3"": 26234, ""4"": 31927, ""5"": 9184}",connected
161099,460,20000,0.050000000000000044,0.007746489493874833,-4.851779551226645,"{""0"": 33919, ""1"": 28000, ""2"": 31792, ""3"": 26246, ""4"": 31957, ""5"": 9185}",connected
161199,460,20000,0.050000000000000044,0.007189328520325944,-4.851779551226645,"{""0"": 33954, ""1"": 28010, ""2"": 31799, ""3"": 26247, ""4"": 31961, ""5"": 9228}",connected
161299,460,20000,0.050000000000000044,0.007009141627931968,-4.851779551226645,"{""0"": 33976, ""1"": 28017, ""2"": 31804, ""3"": 26252, ""4"": 31979, ""5"": 9271}",connected
161399,460,20000,0.050000000000000044,0.006851666026050225,-4.851779551226645,"{""0"": 34001, ""1"": 28037, ""2"": 31810, ""3"": 26264, ""4"": 31998, ""5"": 9289}",connected
161499,460,20000,0.050000000000000044,0.0065999308216851205,-4.851779551226645,"{""0"": 34007, ""1"": 28048, ""2"": 31826, ""3"": 26282, ""4"": 32042, ""5"": 9294}",connected
161599,462,20000,0.050000000000000044,0.007915907493443229,-4.881880381689407,"{""0"": 34022, ""1"": 28056, ""2"": 31843, ""3"": 26302, ""4"": 32080, ""5"": 9296}",connected
161699,462,20000,0.050000000000000044,0.009804272411274724,-4.881880381689407,"{""0"": 34045, ""1"": 28058, ""2"": 31843, ""3"": 26333, ""4"": 32122, ""5"": 9298}",connected
161799,462,20000,0.050000000000000044,0.010244425789569505,-4.881880381689407,"{""0"": 34069, ""1"": 28076, ""2"": 31851, ""3"": 26353, ""4"": 32152, ""5"": 9298}",connected
161899,462,20000,0.050000000000000044,0.010820204044575803,-4.881880381689407,"{""0"": 34159, ""1"": 28078, ""2"": 31852, ""3"": 26354, ""4"": 32158, ""5"": 9298}",connected
161999,462,20000,0.050000000000000044,0.009855355492327363,-4.881880381689407,"{""0"": 34228, ""1"": 28099, ""2"": 31857, ""3"": 26355, ""4"": 32159, ""5"": 9301}",connected
162099,462,20000,0.050000000000000044,0.00730234268005006,-4.881880381689407,"{""0"": 34244, ""1"": 28108, ""2"": 31865, ""3"": 26390, ""4"": 32191, ""5"": 9301}",connected
162199,462,20000,0.050000000000000044,0.007710739352041855,-4.881880381689407,"{""0"": 34260, ""1"": 28126, ""2"": 31883, ""3"": 26415, ""4"": 32212, ""5"": 9303}",connected
162299,464,20000,0.050000000000000044,0.007705474378308281,-4.89102748724632,"{""0"": 34265, ""1"": 28140, ""2"": 31906, ""3"": 26447, ""4"": 32238, ""5"": 9303}",connected
162399,464,20000,0.050000000000000044,0.007146825743839145,-4.89102748724632,"{""0"": 34294, ""1"": 28143, ""2"": 31919, ""3"": 26482, ""4"": 32257, ""5"": 9304}",connected
162499,464,20000,0.050000000000000044,0.00821862010168843,-4.89102748724632,"{""0"": 34301, ""1"": 28148, ""2"": 31931, ""3"": 26530, ""4"": 32280, ""5"": 9309}",connected
162599,464,20000,0.050000000000000044,0.009582535963272677,-4.89102748724632,"{""0"": 34326, ""1"": 28157, ""2"": 31945, ""3"": 26553, ""4"": 32309, ""5"": 9309}",connected
162699,464,20000,0.050000000000000044,0.009754967273911461,-4.89102748724632,"{""0"": 34347, ""1"": 28174, ""2"": 31961, ""3"": 26577, ""4"": 32330, ""5"": 9310}",connected
162799,464,20000,0.050000000000000044,0.011710215699858964,-4.89102748724632,"{""0"": 34373, ""1"": 28179, ""2"": 32012, ""3"": 26578, ""4"": 32347, ""5"": 9310}",connected
162899,464,20000,0.050000000000000044,0.011652955822646617,-4.89102748724632,"{""0"": 34398, ""1"": 28207, ""2"": 32022, ""3"": 26587, ""4"": 32365, ""5"": 9320}",connected
162999,464,20000,0.050000000000000044,0.010914116187486798,-4.89102748724632,"{""0"": 34436, ""1"": 28224, ""2"": 32028, ""3"": 26609, ""4"": 32381, ""5"": 9321}",connected
163099,466,20000,0.050000000000000044,0.01096544154221192,-4.894731984189711,"{""0"": 34453, ""1"": 28237, ""2"": 32051, ""3"": 26620, ""4"": 32415, ""5"": 9323}",connected
163199,466,20000,0.050000000000000044,0.009449416521238162,-4.894731984189711,"{""0"": 34476, ""1"": 28258, ""2"": 32076, ""3"": 26636, ""4"": 32430, ""5"": 9323}",connected
163299,466,20000,0.050000000000000044,0.010434894837089814,-4.894731984189711,"{""0"": 34491, ""1"": 28273, ""2"": 32135, ""3"": 26638, ""4"": 32437, ""5"": 9325}",connected
163399,466,20000,0.050000000000000044,0.010381268305354751,-4.894731984189711,"{""0"": 34493, ""1"": 28301, ""2"": 32177, ""3"": 26649, ""4"": 32445, ""5"": 9334}",connected
163499,466,20000,0.050000000000000044,0.010142629502224736,-4.894731984189711,"{""0"": 34507, ""1"": 28315, ""2"": 32181, ""3"": 26683, ""4"": 32478, ""5"": 9335}",connected
163599,466,20000,0.050000000000000044,0.011402457645745016,-4.894731984189711,"{""0"": 34536, ""1"": 28330, ""2"": 32184, ""3"": 26706, ""4"": 32507, ""5"": 9336}",connected
163699,466,20000,0.050000000000000044,0.010924332620343194,-4.894731984189711,"{""0"": 34554, ""1"": 28358, ""2"": 32214, ""3"": 26710, ""4"": 32526, ""5"": 9337}",connected
163799,468,20000,0.050000000000000044,0.010048263400094584,-4.898907207911834,"{""0"": 34558, ""1"": 28374, ""2"": 32253, ""3"": 26735, ""4"": 32542, ""5"": 9337}",connected
163899,468,20000,0.050000000000000044,0.010128950807265938,-4.898907207911834,"{""0"": 34564, ""1"": 28392, ""2"": 32288, ""3"": 26743, ""4"": 32574, ""5"": 9338}",connected
163999,468,20000,0.050000000000000044,0.009271998123731464,-4.898907207911834,"{""0"": 34575, ""1"": 28406, ""2"": 32310, ""3"": 26766, ""4"": 32604, ""5"": 9338}",connected
164099,468,20000,0.050000000000000044,0.010865939571522177,-4.898907207911834,"{""0"": 34604, ""1"": 28417, ""2"": 32316, ""3"": 26777, ""4"": 32616, ""5"": 9369}",connected
164199,468,20000,0.050000000000000044,0.011554161121603101,-4.898907207911834,"{""0"": 34655, ""1"": 28431, ""2"": 32318, ""3"": 26782, ""4"": 32628, ""5"": 9385}",connected
164299,468,20000,0.050000000000000044,0.011281041722977534,-4.898907207911834,"{""0"": 34674, ""1"": 28467, ""2"": 32331, ""3"": 26796, ""4"": 32642, ""5"": 9389}",connected
164399,468,20000,0.050000000000000044,0.011842899176990614,-4.898907207911834,"{""0"": 34680, ""1"": 28510, ""2"": 32344, ""3"": 26812, ""4"": 32664, ""5"": 9389}",connected
164499,470,20000,0.050000000000000044,0.011523148830747232,-4.915116431028582,"{""0"": 34689, ""1"": 28528, ""2"": 32377, ""3"": 26832, ""4"": 32682, ""5"": 9391}",connected
164599,470,20000,0.050000000000000044,0.01400180761818774,-4.915116431028582,"{""0"": 34722, ""1"": 28536, ""2"": 32398, ""3"": 26854, ""4"": 32695, ""5"": 9394}",connected
164699,470,20000,0.050000000000000044,0.014573265187209472,-4.915116431028582,"{""0"": 34733, ""1"": 28555, ""2"": 32406, ""3"": 26874, ""4"": 32737, ""5"": 9394}",connected
164799,472,20000,0.050000000000000044,0.014987000750843436,-4.797021371275187,"{""0"": 34756, ""1"": 28569, ""2"": 32433, ""3"": 26888, ""4"": 32753, ""5"": 9400}",connected
164899,472,20000,0.050000000000000044,0.015079417722299695,-4.797021371275187,"{""0"": 34775, ""1"": 28575, ""2"": 32439, ""3"": 26908, ""4"": 32799, ""5"": 9403}",connected
164999,472,20000,0.050000000000000044,0.01144783255411312,-4.797021371275187,"{""0"": 34785, ""1"": 28585, ""2"": 32446, ""3"": 26934, ""4"": 32844, ""5"": 9405}",connected
165099,472,20000,0.050000000000000044,0.012863382429350168,-4.797021371275187,"{""0"": 34828, ""1"": 28607, ""2"": 32469, ""3"": 26936, ""4"": 32850, ""5"": 9409}",connected
165199,472,20000,0.050000000000000044,0.014795340283308178,-4.797021371275187,"{""0"": 34876, ""1"": 28611, ""2"": 32487, ""3"": 26937, ""4"": 32852, ""5"": 9436}",connected
165299,474,20000,0.050000000000000044,0.01576679193880409,-4.701863510701806,"{""0"": 34881, ""1"": 28615, ""2"": 32538, ""3"": 26940, ""4"": 32855, ""5"": 9470}",connected
165399,474,20000,0.050000000000000044,0.017663753349334,-4.701863510701806,"{""0"": 34897, ""1"": 28632, ""2"": 32545, ""3"": 26956, ""4"": 32898, ""5"": 9471}",connected
165499,474,20000,0.050000000000000044,0.01643845407059416,-4.701863510701806,"{""0"": 34904, ""1"": 28649, ""2"": 32557, ""3"": 26973, ""4"": 32937, ""5"": 9479}",connected
165599,474,20000,0.050000000000000044,0.0160919331246987,-4.701863510701806,"{""0"": 34938, ""1"": 28653, ""2"": 32560, ""3"": 26975, ""4"": 32992, ""5"": 9481}",connected
165699,474,20000,0.050000000000000044,0.0157169467699714,-4.701863510701806,"{""0"": 34977, ""1"": 28655, ""2"": 32560, ""3"": 26983, ""4"": 33006, ""5"": 9518}",connected
165799,474,20000,0.050000000000000044,0.01571129800984636,-4.701863510701806,"{""0"": 34985, ""1"": 28663, ""2"": 32565, ""3"": 26992, ""4"": 33025, ""5"": 9569}",connected
165899,474,20000,0.050000000000000044,0.015944791005458682,-4.701863510701806,"{""0"": 34990, ""1"": 28664, ""2"": 32610, ""3"": 27021, ""4"": 33025, ""5"": 9589}",connected
165999,476,20000,0.050000000000000044,0.01590552316047251,-4.745871653715149,"{""0"": 35009, ""1"": 28669, ""2"": 32623, ""3"": 27037, ""4"": 33062, ""5"": 9599}",connected
166099,476,20000,0.050000000000000044,0.015893541418481618,-4.745871653715149,"{""0"": 35022, ""1"": 28697, ""2"": 32644, ""3"": 27052, ""4"": 33085, ""5"": 9599}",connected
166199,476,20000,0.050000000000000044,0.015816062097437678,-4.745871653715149,"{""0"": 35038, ""1"": 28715, ""2"": 32662, ""3"": 27061, ""4"": 33094, ""5"": 9629}",connected
166299,476,20000,0.050000000000000044,0.016054546576924622,-4.745871653715149,"{""0"": 35072, ""1"": 28722, ""2"": 32669, ""3"": 27065, ""4"": 33130, ""5"": 9641}",connected
166399,476,20000,0.050000000000000044,0.015058786976151168,-4.745871653715149,"{""0"": 35085, ""1"": 28722, ""2"": 32684, ""3"": 27068, ""4"": 33156, ""5"": 9684}",connected
166499,476,20000,0.050000000000000044,0.015470254661049693,-4.745871653715149,"{""0"": 35128, ""1"": 28723, ""2"": 32720, ""3"": 27078, ""4"": 33166, ""5"": 9684}",connected
166599,476,20000,0.050000000000000044,0.01728196016512811,-4.745871653715149,"{""0"": 35143, ""1"": 28725, ""2"": 32741, ""3"": 27088, ""4"": 33188, ""5"": 9714}",connected
166699,476,20000,0.050000000000000044,0.01891241339966655,-4.745871653715149,"{""0"": 35186, ""1"": 28729, ""2"": 32774, ""3"": 27096, ""4"": 33198, ""5"": 9716}",connected
166799,478,20000,0.050000000000000044,0.018786655067233368,-4.7724789793416855,"{""0"": 35208, ""1"": 28734, ""2"": 32795, ""3"": 27110, ""4"": 33227, ""5"": 9725}",connected
166899,478,20000,0.050000000000000044,0.017681206319248303,-4.7724789793416855,"{""0"": 35225, ""1"": 28755, ""2"": 32823, ""3"": 27119, ""4"": 33249, ""5"": 9728}",connected
166999,478,20000,0.050000000000000044,0.017062171603320166,-4.7724789793416855,"{""0"": 35228, ""1"": 28755, ""2"": 32848, ""3"": 27163, ""4"": 33272, ""5"": 9733}",connected
167099,478,20000,0.050000000000000044,0.016394031454110516,-4.7724789793416855,"{""0"": 35228, ""1"": 28756, ""2"": 32882, ""3"": 27200, ""4"": 33295, ""5"": 9738}",connected
167199,478,20000,0.050000000000000044,0.017324070299509914,-4.7724789793416855,"{""0"": 35259, ""1"": 28765, ""2"": 32887, ""3"": 27234, ""4"": 33312, ""5"": 9742}",connected
167299,478,20000,0.050000000000000044,0.01809066334972158,-4.7724789793416855,"{""0"": 35264, ""1"": 28781, ""2"": 32896, ""3"": 27241, ""4"": 33317, ""5"": 9800}",connected
167399,478,20000,0.050000000000000044,0.01785953120328486,-4.7724789793416855,"{""0"": 35271, ""1"": 28794, ""2"": 32909, ""3"": 27259, ""4"": 33366, ""5"": 9800}",connected
167499,480,20000,0.050000000000000044,0.01809034205507487,-4.801961736748926,"{""0"": 35277, ""1"": 28823, ""2"": 32936, ""3"": 27282, ""4"": 33381, ""5"": 9800}",connected
167599,480,20000,0.050000000000000044,0.01870083222631365,-4.801961736748926,"{""0"": 35290, ""1"": 28836, ""2"": 32943, ""3"": 27291, ""4"": 33438, ""5"": 9801}",connected
167699,480,20000,0.050000000000000044,0.02025659840553999,-4.801961736748926,"{""0"": 35291, ""1"": 28849, ""2"": 32955, ""3"": 27291, ""4"": 33512, ""5"": 9801}",connected
167799,480,20000,0.050000000000000044,0.019999443450942636,-4.801961736748926,"{""0"": 35291, ""1"": 28859, ""2"": 32963, ""3"": 27292, ""4"": 33593, ""5"": 9801}",connected
167899,480,20000,0.050000000000000044,0.02027021939633414,-4.801961736748926,"{""0"": 35312, ""1"": 28878, ""2"": 32975, ""3"": 27321, ""4"": 33607, ""5"": 9806}",connected
167999,480,20000,0.050000000000000044,0.020150894848629832,-4.801961736748926,"{""0"": 35312, ""1"": 28917, ""2"": 32982, ""3"": 27368, ""4"": 33614, ""5"": 9806}",connected
168099,480,20000,0.050000000000000044,0.018978914257604628,-4.801961736748926,"{""0"": 35312, ""1"": 28926, ""2"": 32995, ""3"": 27425, ""4"": 33618, ""5"": 9823}",connected
168199,482,20000,0.050000000000000044,0.02001093071885407,-4.813612866951153,"{""0"": 35314, ""1"": 28933, ""2"": 32997, ""3"": 27480, ""4"": 33620, ""5"": 9855}",connected
168299,482,20000,0.050000000000000044,0.019557973244227467,-4.813612866951153,"{""0"": 35318, ""1"": 28942, ""2"": 33036, ""3"": 27507, ""4"": 33640, ""5"": 9856}",connected
168399,482,20000,0.050000000000000044,0.019680115466471762,-4.813612866951153,"{""0"": 35319, ""1"": 28949, ""2"": 33050, ""3"": 27532, ""4"": 33693, ""5"": 9856}",connected
168499,482,20000,0.050000000000000044,0.021308598881587384,-4.813612866951153,"{""0"": 35354, ""1"": 28965, ""2"": 33063, ""3"": 27545, ""4"": 33714, ""5"": 9858}",connected
168599,482,20000,0.050000000000000044,0.01963755061849952,-4.813612866951153,"{""0"": 35375, ""1"": 28966, ""2"": 33092, ""3"": 27568, ""4"": 33740, ""5"": 9858}",connected
168699,482,20000,0.050000000000000044,0.0203351808572188,-4.813612866951153,"{""0"": 35391, ""1"": 28977, ""2"": 33111, ""3"": 27587, ""4"": 33774, ""5"": 9859}",connected
168799,482,20000,0.050000000000000044,0.0208613676764071,-4.813612866951153,"{""0"": 35412, ""1"": 29000, ""2"": 33126, ""3"": 27603, ""4"": 33794, ""5"": 9864}",connected
168899,484,20000,0.050000000000000044,0.01987902223598212,-4.805282744211144,"{""0"": 35450, ""1"": 29015, ""2"": 33131, ""3"": 27625, ""4"": 33811, ""5"": 9867}",connected
168999,484,20000,0.050000000000000044,0.020441181182395667,-4.805282744211144,"{""0"": 35469, ""1"": 29023, ""2"": 33144, ""3"": 27636, ""4"": 33860, ""5"": 9867}",connected
169099,484,20000,0.050000000000000044,0.02127508165081963,-4.805282744211144,"{""0"": 35494, ""1"": 29039, ""2"": 33151, ""3"": 27656, ""4"": 33891, ""5"": 9868}",connected
169199,486,20000,0.050000000000000044,0.021317426254972814,-4.682154876757413,"{""0"": 35530, ""1"": 29043, ""2"": 33176, ""3"": 27663, ""4"": 33919, ""5"": 9868}",connected
169299,486,20000,0.050000000000000044,0.021109512362163515,-4.682154876757413,"{""0"": 35615, ""1"": 29045, ""2"": 33179, ""3"": 27667, ""4"": 33924, ""5"": 9869}",connected
169399,486,20000,0.050000000000000044,0.023413793547078968,-4.682154876757413,"{""0"": 35650, ""1"": 29046, ""2"": 33185, ""3"": 27680, ""4"": 33934, ""5"": 9904}",connected
169499,486,20000,0.050000000000000044,0.02241485985927284,-4.682154876757413,"{""0"": 35668, ""1"": 29083, ""2"": 33191, ""3"": 27690, ""4"": 33963, ""5"": 9904}",connected
169599,486,20000,0.050000000000000044,0.02293325839797035,-4.682154876757413,"{""0"": 35700, ""1"": 29128, ""2"": 33192, ""3"": 27703, ""4"": 33972, ""5"": 9904}",connected
169699,486,20000,0.050000000000000044,0.02119215553626418,-4.682154876757413,"{""0"": 35714, ""1"": 29154, ""2"": 33203, ""3"": 27729, ""4"": 33988, ""5"": 9911}",connected
169799,486,20000,0.050000000000000044,0.019194374368526043,-4.682154876757413,"{""0"": 35725, ""1"": 29204, ""2"": 33213, ""3"": 27737, ""4"": 34004, ""5"": 9916}",connected
169899,488,20000,0.050000000000000044,0.019341980058234187,-4.708263835180551,"{""0"": 35731, ""1"": 29228, ""2"": 33220, ""3"": 27761, ""4"": 34041, ""5"": 9918}",connected
169999,488,20000,0.050000000000000044,0.01959486836567521,-4.708263835180551,"{""0"": 35745, ""1"": 29252, ""2"": 33230, ""3"": 27777, ""4"": 34076, ""5"": 9919}",connected
170099,488,20000,0.050000000000000044,0.02152689493726939,-4.708263835180551,"{""0"": 35760, ""1"": 29272, ""2"": 33243, ""3"": 27800, ""4"": 34090, ""5"": 9934}",connected
170199,488,20000,0.050000000000000044,0.021362584489397703,-4.708263835180551,"{""0"": 35791, ""1"": 29288, ""2"": 33252, ""3"": 27821, ""4"": 34107, ""5"": 9940}",connected
170299,488,20000,0.050000000000000044,0.0218389470805414,-4.708263835180551,"{""0"": 35803, ""1"": 29336, ""2"": 33253, ""3"": 27840, ""4"": 34126, ""5"": 9941}",connected
170399,488,20000,0.050000000000000044,0.02119566229172051,-4.708263835180551,"{""0"": 35811, ""1"": 29379, ""2"": 33254, ""3"": 27866, ""4"": 34148, ""5"": 9941}",connected
170499,488,20000,0.050000000000000044,0.020508323460817338,-4.708263835180551,"{""0"": 35812, ""1"": 29406, ""2"": 33254, ""3"": 27898, ""4"": 34187, ""5"": 9942}",connected
170599,490,20000,0.050000000000000044,0.021595181410666554,-4.692811608095654,"{""0"": 35848, ""1"": 29409, ""2"": 33257, ""3"": 27926, ""4"": 34214, ""5"": 9945}",connected
170699,490,20000,0.050000000000000044,0.022036516619846225,-4.692811608095654,"{""0"": 35867, ""1"": 29415, ""2"": 33269, ""3"": 27942, ""4"": 34259, ""5"": 9947}",connected
170799,490,20000,0.050000000000000044,0.021896730770822614,-4.692811608095654,"{""0"": 35879, ""1"": 29437, ""2"": 33281, ""3"": 27968, ""4"": 34281, ""5"": 9953}",connected
170899,490,20000,0.050000000000000044,0.023635408231057226,-4.692811608095654,"{""0"": 35906, ""1"": 29451, ""2"": 33299, ""3"": 27978, ""4"": 34305, ""5"": 9960}",connected
170999,490,20000,0.050000000000000044,0.027575240642763673,-4.692811608095654,"{""0"": 35929, ""1"": 29452, ""2"": 33332, ""3"": 28006, ""4"": 34320, ""5"": 9960}",connected
171099,490,20000,0.050000000000000044,0.027090512877330185,-4.692811608095654,"{""0"": 35988, ""1"": 29454, ""2"": 33336, ""3"": 28027, ""4"": 34334, ""5"": 9960}",connected
171199,490,20000,0.050000000000000044,0.028217241587117314,-4.692811608095654,"{""0"": 36035, ""1"": 29465, ""2"": 33336, ""3"": 28027, ""4"": 34374, ""5"": 9962}",connected
171299,492,20000,0.050000000000000044,0.02825764477485791,-4.68112399503123,"{""0"": 36075, ""1"": 29468, ""2"": 33342, ""3"": 28035, ""4"": 34412, ""5"": 9967}",connected
171399,492,20000,0.050000000000000044,0.02386233552591875,-4.68112399503123,"{""0"": 36082, ""1"": 29513, ""2"": 33346, ""3"": 28064, ""4"": 34413, ""5"": 9981}",connected
171499,492,20000,0.050000000000000044,0.02702597281895578,-4.68112399503123,"{""0"": 36087, ""1"": 29559, ""2"": 33353, ""3"": 28086, ""4"": 34421, ""5"": 9993}",connected
171599,492,20000,0.050000000000000044,0.027636836217716336,-4.68112399503123,"{""0"": 36106, ""1"": 29571, ""2"": 33367, ""3"": 28094, ""4"": 34446, ""5"": 10015}",connected
171699,492,20000,0.050000000000000044,0.025688321085181088,-4.68112399503123,"{""0"": 36106, ""1"": 29582, ""2"": 33368, ""3"": 28094, ""4"": 34531, ""5"": 10018}",connected
171799,492,20000,0.050000000000000044,0.026685338772367687,-4.68112399503123,"{""0"": 36106, ""1"": 29585, ""2"": 33371, ""3"": 28094, ""4"": 34624, ""5"": 10019}",connected
171899,492,20000,0.050000000000000044,0.027562674160581082,-4.68112399503123,"{""0"": 36106, ""1"": 29590, ""2"": 33372, ""3"": 28094, ""4"": 34718, ""5"": 10019}",connected
171999,494,20000,0.050000000000000044,0.026792436840478332,-4.693043796638958,"{""0"": 36110, ""1"": 29592, ""2"": 33377, ""3"": 28098, ""4"": 34803, ""5"": 10019}",connected
172099,494,20000,0.050000000000000044,0.028145991968922316,-4.693043796638958,"{""0"": 36121, ""1"": 29612, ""2"": 33423, ""3"": 28110, ""4"": 34810, ""5"": 10023}",connected
172199,494,20000,0.050000000000000044,0.029605475598946215,-4.693043796638958,"{""0"": 36126, ""1"": 29628, ""2"": 33438, ""3"": 28130, ""4"": 34852, ""5"": 10025}",connected
172299,494,20000,0.050000000000000044,0.027289565214887263,-4.693043796638958,"{""0"": 36130, ""1"": 29663, ""2"": 33448, ""3"": 28154, ""4"": 34866, ""5"": 10038}",connected
172399,494,20000,0.050000000000000044,0.02864618887193501,-4.693043796638958,"{""0"": 36146, ""1"": 29687, ""2"": 33449, ""3"": 28200, ""4"": 34876, ""5"": 10041}",connected
172499,494,20000,0.050000000000000044,0.030021440866403282,-4.693043796638958,"{""0"": 36173, ""1"": 29689, ""2"": 33449, ""3"": 28251, ""4"": 34895, ""5"": 10042}",connected
172599,494,20000,0.050000000000000044,0.030576378933619707,-4.693043796638958,"{""0"": 36184, ""1"": 29690, ""2"": 33453, ""3"": 28298, ""4"": 34895, ""5"": 10079}",connected
172699,494,20000,0.050000000000000044,0.028721465521957725,-4.693043796638958,"{""0"": 36224, ""1"": 29690, ""2"": 33455, ""3"": 28344, ""4"": 34903, ""5"": 10083}",connected
172799,496,20000,0.050000000000000044,0.02763525664107874,-4.68215075337328,"{""0"": 36278, ""1"": 29692, ""2"": 33465, ""3"": 28348, ""4"": 34927, ""5"": 10089}",connected
172899,496,20000,0.050000000000000044,0.027146858975756912,-4.68215075337328,"{""0"": 36316, ""1"": 29692, ""2"": 33466, ""3"": 28351, ""4"": 34977, ""5"": 10097}",connected
172999,496,20000,0.050000000000000044,0.026598142879083752,-4.68215075337328,"{""0"": 36380, ""1"": 29693, ""2"": 33466, ""3"": 28351, ""4"": 35010, ""5"": 10099}",connected
173099,496,20000,0.050000000000000044,0.028660658723674716,-4.68215075337328,"{""0"": 36399, ""1"": 29693, ""2"": 33467, ""3"": 28351, ""4"": 35089, ""5"": 10100}",connected
173199,496,20000,0.050000000000000044,0.028221314833499492,-4.68215075337328,"{""0"": 36427, ""1"": 29699, ""2"": 33480, ""3"": 28356, ""4"": 35129, ""5"": 10108}",connected
173299,496,20000,0.050000000000000044,0.027927612480707468,-4.68215075337328,"{""0"": 36441, ""1"": 29720, ""2"": 33495, ""3"": 28368, ""4"": 35167, ""5"": 10108}",connected
173399,496,20000,0.050000000000000044,0.025771870403550567,-4.68215075337328,"{""0"": 36441, ""1"": 29744, ""2"": 33525, ""3"": 28371, ""4"": 35208, ""5"": 10110}",connected
173499,498,20000,0.050000000000000044,0.024278081115335227,-4.757206704039127,"{""0"": 36445, ""1"": 29761, ""2"": 33551, ""3"": 28391, ""4"": 35240, ""5"": 10111}",connected
173599,498,20000,0.050000000000000044,0.02434588291682303,-4.757206704039127,"{""0"": 36476, ""1"": 29781, ""2"": 33566, ""3"": 28397, ""4"": 35266, ""5"": 10113}",connected
173699,498,20000,0.050000000000000044,0.025173792340792714,-4.757206704039127,"{""0"": 36495, ""1"": 29804, ""2"": 33589, ""3"": 28401, ""4"": 35294, ""5"": 10116}",connected
173799,498,20000,0.050000000000000044,0.0285693423403427,-4.757206704039127,"{""0"": 36495, ""1"": 29836, ""2"": 33622, ""3"": 28403, ""4"": 35327, ""5"": 10116}",connected
173899,498,20000,0.050000000000000044,0.03043606142979115,-4.757206704039127,"{""0"": 36498, ""1"": 29867, ""2"": 33660, ""3"": 28405, ""4"": 35353, ""5"": 10116}",connected
173999,498,20000,0.050000000000000044,0.031113139097578825,-4.757206704039127,"{""0"": 36500, ""1"": 29900, ""2"": 33694, ""3"": 28405, ""4"": 35383, ""5"": 10117}",connected
174099,498,20000,0.050000000000000044,0.031906107445247474,-4.757206704039127,"{""0"": 36501, ""1"": 29928, ""2"": 33722, ""3"": 28407, ""4"": 35424, ""5"": 10117}",connected
174199,500,20000,0.050000000000000044,0.030472469194792212,-4.740668026818894,"{""0"": 36522, ""1"": 29951, ""2"": 33758, ""3"": 28408, ""4"": 35440, ""5"": 10120}",connected
174299,500,20000,0.050000000000000044,0.03054420649074018,-4.740668026818894,"{""0"": 36547, ""1"": 29969, ""2"": 33771, ""3"": 28413, ""4"": 35477, ""5"": 10122}",connected
174399,500,20000,0.050000000000000044,0.03147040839772672,-4.740668026818894,"{""0"": 36579, ""1"": 29986, ""2"": 33787, ""3"": 28429, ""4"": 35491, ""5"": 10127}",connected
174499,500,20000,0.050000000000000044,0.030833958643488587,-4.740668026818894,"{""0"": 36607, ""1"": 29988, ""2"": 33792, ""3"": 28442, ""4"": 35534, ""5"": 10136}",connected
174599,500,20000,0.050000000000000044,0.03188350142911076,-4.740668026818894,"{""0"": 36611, ""1"": 29989, ""2"": 33794, ""3"": 28443, ""4"": 35594, ""5"": 10168}",connected
174699,500,20000,0.050000000000000044,0.032194248521700504,-4.740668026818894,"{""0"": 36620, ""1"": 29990, ""2"": 33811, ""3"": 28443, ""4"": 35610, ""5"": 10225}",connected
174799,500,20000,0.050000000000000044,0.03061973608098924,-4.740668026818894,"{""0"": 36624, ""1"": 29993, ""2"": 33844, ""3"": 28453, ""4"": 35645, ""5"": 10240}",connected
174899,502,20000,0.050000000000000044,0.0325436107814312,-4.793623130922206,"{""0"": 36643, ""1"": 29996, ""2"": 33870, ""3"": 28470, ""4"": 35678, ""5"": 10242}",connected
174999,502,20000,0.050000000000000044,0.03195985624101013,-4.793623130922206,"{""0"": 36688, ""1"": 30008, ""2"": 33873, ""3"": 28473, ""4"": 35714, ""5"": 10243}",connected
175099,502,20000,0.050000000000000044,0.03055140967015177,-4.793623130922206,"{""0"": 36689, ""1"": 30051, ""2"": 33918, ""3"": 28473, ""4"": 35725, ""5"": 10243}",connected
175199,502,20000,0.050000000000000044,0.030774714038707317,-4.793623130922206,"{""0"": 36690, ""1"": 30083, ""2"": 33954, ""3"": 28476, ""4"": 35753, ""5"": 10243}",connected
175299,502,20000,0.050000000000000044,0.029505237713456155,-4.793623130922206,"{""0"": 36690, ""1"": 30106, ""2"": 33976, ""3"": 28482, ""4"": 35800, ""5"": 10245}",connected
175399,502,20000,0.050000000000000044,0.02871068745851517,-4.793623130922206,"{""0"": 36690, ""1"": 30143, ""2"": 34017, ""3"": 28484, ""4"": 35820, ""5"": 10245}",connected
175499,502,20000,0.050000000000000044,0.02968788848258555,-4.793623130922206,"{""0"": 36690, ""1"": 30181, ""2"": 34055, ""3"": 28485, ""4"": 35842, ""5"": 10246}",connected
175599,504,20000,0.050000000000000044,0.030463347090408207,-4.771444851537235,"{""0"": 36695, ""1"": 30220, ""2"": 34100, ""3"": 28485, ""4"": 35852, ""5"": 10247}",connected
175699,504,20000,0.050000000000000044,0.029075954812578856,-4.771444851537235,"{""0"": 36731, ""1"": 30222, ""2"": 34117, ""3"": 28498, ""4"": 35882, ""5"": 10249}",connected
175799,504,20000,0.050000000000000044,0.03133730087429285,-4.771444851537235,"{""0"": 36733, ""1"": 30245, ""2"": 34154, ""3"": 28504, ""4"": 35912, ""5"": 10251}",connected
175899,504,20000,0.050000000000000044,0.032232291414402425,-4.771444851537235,"{""0"": 36763, ""1"": 30269, ""2"": 34160, ""3"": 28514, ""4"": 35920, ""5"": 10273}",connected
175999,504,20000,0.050000000000000044,0.03348126285709441,-4.771444851537235,"{""0"": 36788, ""1"": 30286, ""2"": 34182, ""3"": 28518, ""4"": 35946, ""5"": 10279}",connected
176099,504,20000,0.050000000000000044,0.03396448202896863,-4.771444851537235,"{""0"": 36843, ""1"": 30288, ""2"": 34186, ""3"": 28519, ""4"": 35946, ""5"": 10317}",connected
176199,504,20000,0.050000000000000044,0.032360668531619015,-4.771444851537235,"{""0"": 36875, ""1"": 30301, ""2"": 34191, ""3"": 28527, ""4"": 35965, ""5"": 10340}",connected
176299,504,20000,0.050000000000000044,0.029668274405412375,-4.771444851537235,"{""0"": 36910, ""1"": 30326, ""2"": 34206, ""3"": 28528, ""4"": 35968, ""5"": 10361}",connected
176399,506,20000,0.050000000000000044,0.030921314950101076,-4.776752324784175,"{""0"": 36919, ""1"": 30337, ""2"": 34232, ""3"": 28540, ""4"": 35997, ""5"": 10374}",connected
176499,506,20000,0.050000000000000044,0.030682367258705198,-4.776752324784175,"{""0"": 36930, ""1"": 30355, ""2"": 34245, ""3"": 28549, ""4"": 36039, ""5"": 10381}",connected
176599,506,20000,0.050000000000000044,0.031119639249518515,-4.776752324784175,"{""0"": 36931, ""1"": 30384, ""2"": 34297, ""3"": 28557, ""4"": 36048, ""5"": 10382}",connected
176699,506,20000,0.050000000000000044,0.032133531188592315,-4.776752324784175,"{""0"": 36931, ""1"": 30431, ""2"": 34339, ""3"": 28557, ""4"": 36059, ""5"": 10382}",connected
176799,506,20000,0.050000000000000044,0.028613414699211717,-4.776752324784175,"{""0"": 36931, ""1"": 30473, ""2"": 34380, ""3"": 28560, ""4"": 36073, ""5"": 10382}",connected
176899,506,20000,0.050000000000000044,0.030261217216029763,-4.776752324784175,"{""0"": 36931, ""1"": 30517, ""2"": 34428, ""3"": 28560, ""4"": 36080, ""5"": 10383}",connected
176999,506,20000,0.050000000000000044,0.032169938092119994,-4.776752324784175,"{""0"": 36933, ""1"": 30556, ""2"": 34473, ""3"": 28562, ""4"": 36092, ""5"": 10383}",connected
177099,508,20000,0.050000000000000044,0.03199425108265132,-4.7580928890686485,"{""0"": 36949, ""1"": 30567, ""2"": 34487, ""3"": 28583, ""4"": 36115, ""5"": 10398}",connected
177199,508,20000,0.050000000000000044,0.034035528493113816,-4.7580928890686485,"{""0"": 36971, ""1"": 30579, ""2"": 34500, ""3"": 28586, ""4"": 36140, ""5"": 10423}",connected
177299,508,20000,0.050000000000000044,0.03509424641728401,-4.7580928890686485,"{""0"": 36982, ""1"": 30605, ""2"": 34526, ""3"": 28603, ""4"": 36158, ""5"": 10425}",connected
177399,508,20000,0.050000000000000044,0.03198793013580144,-4.7580928890686485,"{""0"": 37035, ""1"": 30635, ""2"": 34541, ""3"": 28603, ""4"": 36160, ""5"": 10425}",connected
177499,508,20000,0.050000000000000044,0.031034587798640132,-4.7580928890686485,"{""0"": 37102, ""1"": 30646, ""2"": 34553, ""3"": 28605, ""4"": 36167, ""5"": 10426}",connected
177599,508,20000,0.050000000000000044,0.03161434882320464,-4.7580928890686485,"{""0"": 37184, ""1"": 30649, ""2"": 34554, ""3"": 28611, ""4"": 36175, ""5"": 10426}",connected
177699,508,20000,0.050000000000000044,0.02775689570233226,-4.7580928890686485,"{""0"": 37246, ""1"": 30667, ""2"": 34556, ""3"": 28617, ""4"": 36187, ""5"": 10426}",connected
177799,510,20000,0.050000000000000044,0.02977368365507573,-4.7227857170859355,"{""0"": 37297, ""1"": 30679, ""2"": 34575, ""3"": 28619, ""4"": 36200, ""5"": 10429}",connected
177899,510,20000,0.050000000000000044,0.03454822724219411,-4.7227857170859355,"{""0"": 37303, ""1"": 30700, ""2"": 34584, ""3"": 28632, ""4"": 36249, ""5"": 10431}",connected
177999,510,20000,0.050000000000000044,0.035413928995840255,-4.7227857170859355,"{""0"": 37334, ""1"": 30715, ""2"": 34598, ""3"": 28644, ""4"": 36263, ""5"": 10445}",connected
178099,510,20000,0.050000000000000044,0.037045032726600764,-4.7227857170859355,"{""0"": 37391, ""1"": 30731, ""2"": 34612, ""3"": 28647, ""4"": 36273, ""5"": 10445}",connected
178199,510,20000,0.050000000000000044,0.03537963850889355,-4.7227857170859355,"{""0"": 37440, ""1"": 30737, ""2"": 34618, ""3"": 28648, ""4"": 36310, ""5"": 10446}",connected
178299,510,20000,0.050000000000000044,0.0334981143148616,-4.7227857170859355,"{""0"": 37508, ""1"": 30750, ""2"": 34622, ""3"": 28650, ""4"": 36323, ""5"": 10446}",connected
178399,510,20000,0.050000000000000044,0.03185049518942833,-4.7227857170859355,"{""0"": 37573, ""1"": 30759, ""2"": 34625, ""3"": 28657, ""4"": 36339, ""5"": 10446}",connected
178499,512,20000,0.050000000000000044,0.031897132131271065,-4.688534301314503,"{""0"": 37651, ""1"": 30776, ""2"": 34625, ""3"": 28658, ""4"": 36341, ""5"": 10448}",connected
178599,512,20000,0.050000000000000044,0.03291279015596956,-4.688534301314503,"{""0"": 37658, ""1"": 30790, ""2"": 34649, ""3"": 28668, ""4"": 36384, ""5"": 10450}",connected
178699,512,20000,0.050000000000000044,0.03328835873864591,-4.688534301314503,"{""0"": 37687, ""1"": 30807, ""2"": 34665, ""3"": 28672, ""4"": 36413, ""5"": 10455}",connected
178799,512,20000,0.050000000000000044,0.03260790206026286,-4.688534301314503,"{""0"": 37698, ""1"": 30818, ""2"": 34677, ""3"": 28695, ""4"": 36454, ""5"": 10457}",connected
178899,514,20000,0.050000000000000044,0.03307485837489366,-4.57195503372699,"{""0"": 37757, ""1"": 30821, ""2"": 34686, ""3"": 28704, ""4"": 36473, ""5"": 10458}",connected
178999,516,20000,0.050000000000000044,0.03356834611855447,-4.432169126402587,"{""0"": 37784, ""1"": 30841, ""2"": 34709, ""3"": 28711, ""4"": 36495, ""5"": 10459}",connected
179099,516,20000,0.050000000000000044,0.0329909212840721,-4.432169126402587,"{""0"": 37787, ""1"": 30849, ""2"": 34723, ""3"": 28726, ""4"": 36553, ""5"": 10461}",connected
179199,516,20000,0.050000000000000044,0.03272867057472467,-4.432169126402587,"{""0"": 37801, ""1"": 30867, ""2"": 34742, ""3"": 28743, ""4"": 36583, ""5"": 10463}",connected
179299,516,20000,0.050000000000000044,0.033976862309500575,-4.432169126402587,"{""0"": 37826, ""1"": 30886, ""2"": 34769, ""3"": 28760, ""4"": 36592, ""5"": 10466}",connected
179399,516,20000,0.050000000000000044,0.033996448898687956,-4.432169126402587,"{""0"": 37830, ""1"": 30936, ""2"": 34812, ""3"": 28761, ""4"": 36592, ""5"": 10468}",connected
179499,516,20000,0.050000000000000044,0.032250726660713554,-4.432169126402587,"{""0"": 37830, ""1"": 30986, ""2"": 34829, ""3"": 28761, ""4"": 36592, ""5"": 10501}",connected
179599,516,20000,0.050000000000000044,0.03276469359174371,-4.432169126402587,"{""0"": 37832, ""1"": 31036, ""2"": 34843, ""3"": 28761, ""4"": 36592, ""5"": 10535}",connected
179699,516,20000,0.050000000000000044,0.03030588595662266,-4.432169126402587,"{""0"": 37832, ""1"": 31085, ""2"": 34863, ""3"": 28764, ""4"": 36592, ""5"": 10563}",connected
179799,518,20000,0.050000000000000044,0.03050840599928051,-4.452628625491634,"{""0"": 37840, ""1"": 31116, ""2"": 34894, ""3"": 28769, ""4"": 36607, ""5"": 10573}",connected
179899,518,20000,0.050000000000000044,0.031746430550701914,-4.452628625491634,"{""0"": 37879, ""1"": 31151, ""2"": 34895, ""3"": 28769, ""4"": 36628, ""5"": 10577}",connected
179999,518,20000,0.050000000000000044,0.03244240768719465,-4.452628625491634,"{""0"": 37912, ""1"": 31174, ""2"": 34904, ""3"": 28776, ""4"": 36652, ""5"": 10581}",connected
180099,518,20000,0.050000000000000044,0.03528085080906749,-4.452628625491634,"{""0"": 37962, ""1"": 31177, ""2"": 34906, ""3"": 28782, ""4"": 36689, ""5"": 10583}",connected
180199,518,20000,0.050000000000000044,0.03557458214461803,-4.452628625491634,"{""0"": 38039, ""1"": 31181, ""2"": 34923, ""3"": 28782, ""4"": 36690, ""5"": 10584}",connected
180299,518,20000,0.050000000000000044,0.035411086278036234,-4.452628625491634,"{""0"": 38045, ""1"": 31221, ""2"": 34930, ""3"": 28786, ""4"": 36730, ""5"": 10587}",connected
180399,518,20000,0.050000000000000044,0.03635555631481111,-4.452628625491634,"{""0"": 38046, ""1"": 31276, ""2"": 34940, ""3"": 28790, ""4"": 36755, ""5"": 10592}",connected
180499,520,20000,0.050000000000000044,0.03689725013449788,-4.475483293468133,"{""0"": 38058, ""1"": 31311, ""2"": 34965, ""3"": 28800, ""4"": 36771, ""5"": 10594}",connected
180599,520,20000,0.050000000000000044,0.03831752269528806,-4.475483293468133,"{""0"": 38074, ""1"": 31319, ""2"": 34991, ""3"": 28818, ""4"": 36803, ""5"": 10594}",connected
180699,520,20000,0.050000000000000044,0.037898450708016757,-4.475483293468133,"{""0"": 38109, ""1"": 31331, ""2"": 35040, ""3"": 28819, ""4"": 36805, ""5"": 10595}",connected
180799,520,20000,0.050000000000000044,0.03520930904429406,-4.475483293468133,"{""0"": 38147, ""1"": 31342, ""2"": 35090, ""3"": 28819, ""4"": 36806, ""5"": 10595}",connected
180899,520,20000,0.050000000000000044,0.03292143675498664,-4.475483293468133,"{""0"": 38188, ""1"": 31352, ""2"": 35139, ""3"": 28819, ""4"": 36806, ""5"": 10595}",connected
180999,520,20000,0.050000000000000044,0.031172901233658193,-4.475483293468133,"{""0"": 38232, ""1"": 31357, ""2"": 35189, ""3"": 28819, ""4"": 36806, ""5"": 10596}",connected
181099,520,20000,0.050000000000000044,0.03164828824810684,-4.475483293468133,"{""0"": 38268, ""1"": 31368, ""2"": 35239, ""3"": 28819, ""4"": 36806, ""5"": 10599}",connected
181199,522,20000,0.050000000000000044,0.03309399871621281,-4.6258693887526166,"{""0"": 38295, ""1"": 31382, ""2"": 35274, ""3"": 28823, ""4"": 36824, ""5"": 10601}",connected
181299,522,20000,0.050000000000000044,0.03615157542750239,-4.6258693887526166,"{""0"": 38311, ""1"": 31405, ""2"": 35293, ""3"": 28836, ""4"": 36847, ""5"": 10607}",connected
181399,522,20000,0.050000000000000044,0.034687010748311875,-4.6258693887526166,"{""0"": 38337, ""1"": 31424, ""2"": 35307, ""3"": 28842, ""4"": 36848, ""5"": 10641}",connected
181499,524,20000,0.050000000000000044,0.03492538504302502,-4.522930372301489,"{""0"": 38343, ""1"": 31451, ""2"": 35328, ""3"": 28861, ""4"": 36872, ""5"": 10644}",connected
181599,526,20000,0.050000000000000044,0.0372192029748112,-4.3817597606638445,"{""0"": 38366, ""1"": 31466, ""2"": 35341, ""3"": 28880, ""4"": 36900, ""5"": 10646}",connected
181699,526,20000,0.050000000000000044,0.03485597928054631,-4.3817597606638445,"{""0"": 38390, ""1"": 31486, ""2"": 35352, ""3"": 28892, ""4"": 36931, ""5"": 10648}",connected
181799,526,20000,0.050000000000000044,0.035835972018539906,-4.3817597606638445,"{""0"": 38415, ""1"": 31502, ""2"": 35362, ""3"": 28914, ""4"": 36958, ""5"": 10648}",connected
181899,526,20000,0.050000000000000044,0.03428193679079414,-4.3817597606638445,"{""0"": 38466, ""1"": 31511, ""2"": 35373, ""3"": 28929, ""4"": 36972, ""5"": 10648}",connected
181999,526,20000,0.050000000000000044,0.03364755979739129,-4.3817597606638445,"{""0"": 38517, ""1"": 31529, ""2"": 35381, ""3"": 28941, ""4"": 36982, ""5"": 10649}",connected
182099,526,20000,0.050000000000000044,0.03342415236867964,-4.3817597606638445,"{""0"": 38546, ""1"": 31564, ""2"": 35390, ""3"": 28947, ""4"": 36991, ""5"": 10661}",connected
182199,526,20000,0.050000000000000044,0.035056225722655654,-4.3817597606638445,"{""0"": 38556, ""1"": 31573, ""2"": 35391, ""3"": 28971, ""4"": 37007, ""5"": 10701}",connected
182299,528,20000,0.050000000000000044,0.03540581732988358,-4.3038653508294376,"{""0"": 38602, ""1"": 31578, ""2"": 35401, ""3"": 28981, ""4"": 37034, ""5"": 10703}",connected
182399,528,20000,0.050000000000000044,0.03408633578568697,-4.3038653508294376,"{""0"": 38624, ""1"": 31587, ""2"": 35413, ""3"": 28994, ""4"": 37053, ""5"": 10728}",connected
182499,528,20000,0.050000000000000044,0.034640504820272325,-4.3038653508294376,"{""0"": 38629, ""1"": 31596, ""2"": 35413, ""3"": 29043, ""4"": 37083, ""5"": 10735}",connected
182599,528,20000,0.050000000000000044,0.03541944065131247,-4.3038653508294376,"{""0"": 38635, ""1"": 31611, ""2"": 35419, ""3"": 29079, ""4"": 37112, ""5"": 10743}",connected
182699,528,20000,0.050000000000000044,0.03706029023975134,-4.3038653508294376,"{""0"": 38637, ""1"": 31626, ""2"": 35439, ""3"": 29111, ""4"": 37142, ""5"": 10744}",connected
182799,528,20000,0.050000000000000044,0.03564117598813027,-4.3038653508294376,"{""0"": 38640, ""1"": 31651, ""2"": 35467, ""3"": 29135, ""4"": 37158, ""5"": 10748}",connected
182899,530,20000,0.050000000000000044,0.035960003077052535,-4.235773979099467,"{""0"": 38660, ""1"": 31666, ""2"": 35486, ""3"": 29145, ""4"": 37194, ""5"": 10748}",connected
182999,530,20000,0.050000000000000044,0.03246255265083164,-4.235773979099467,"{""0"": 38669, ""1"": 31693, ""2"": 35503, ""3"": 29158, ""4"": 37217, ""5"": 10759}",connected
183099,532,20000,0.050000000000000044,0.03212487393524498,-4.096867589741014,"{""0"": 38675, ""1"": 31708, ""2"": 35516, ""3"": 29175, ""4"": 37261, ""5"": 10764}",connected
183199,532,20000,0.050000000000000044,0.03529634200036526,-4.096867589741014,"{""0"": 38690, ""1"": 31722, ""2"": 35521, ""3"": 29203, ""4"": 37297, ""5"": 10766}",connected
183299,532,20000,0.050000000000000044,0.03738677476532757,-4.096867589741014,"{""0"": 38692, ""1"": 31735, ""2"": 35529, ""3"": 29255, ""4"": 37321, ""5"": 10767}",connected
183399,532,20000,0.050000000000000044,0.03735312996432185,-4.096867589741014,"{""0"": 38725, ""1"": 31746, ""2"": 35537, ""3"": 29273, ""4"": 37341, ""5"": 10777}",connected
183499,532,20000,0.050000000000000044,0.040356322759762406,-4.096867589741014,"{""0"": 38755, ""1"": 31746, ""2"": 35559, ""3"": 29277, ""4"": 37373, ""5"": 10789}",connected
183599,532,20000,0.050000000000000044,0.037442811634391546,-4.096867589741014,"{""0"": 38764, ""1"": 31806, ""2"": 35565, ""3"": 29278, ""4"": 37391, ""5"": 10795}",connected
183699,532,20000,0.050000000000000044,0.03547835399396718,-4.096867589741014,"{""0"": 38780, ""1"": 31838, ""2"": 35603, ""3"": 29282, ""4"": 37400, ""5"": 10796}",connected
183799,534,20000,0.050000000000000044,0.037996678790077565,-4.07126694297418,"{""0"": 38799, ""1"": 31852, ""2"": 35625, ""3"": 29301, ""4"": 37424, ""5"": 10798}",connected
183899,534,20000,0.050000000000000044,0.03508833058178425,-4.07126694297418,"{""0"": 38804, ""1"": 31864, ""2"": 35640, ""3"": 29341, ""4"": 37449, ""5"": 10801}",connected
183999,534,20000,0.050000000000000044,0.035230652643367645,-4.07126694297418,"{""0"": 38817, ""1"": 31880, ""2"": 35654, ""3"": 29365, ""4"": 37482, ""5"": 10801}",connected
184099,534,20000,0.050000000000000044,0.033013682812452316,-4.07126694297418,"{""0"": 38876, ""1"": 31917, ""2"": 35654, ""3"": 29365, ""4"": 37484, ""5"": 10803}",connected
184199,534,20000,0.050000000000000044,0.032424427848309276,-4.07126694297418,"{""0"": 38896, ""1"": 31942, ""2"": 35678, ""3"": 29372, ""4"": 37507, ""5"": 10804}",connected
184299,534,20000,0.050000000000000044,0.03382259665057063,-4.07126694297418,"{""0"": 38931, ""1"": 31961, ""2"": 35696, ""3"": 29385, ""4"": 37515, ""5"": 10811}",connected
184399,534,20000,0.050000000000000044,0.03641681056469679,-4.07126694297418,"{""0"": 38962, ""1"": 31976, ""2"": 35696, ""3"": 29387, ""4"": 37542, ""5"": 10836}",connected
184499,536,20000,0.050000000000000044,0.03875355714000762,-4.095762475566008,"{""0"": 38979, ""1"": 31994, ""2"": 35705, ""3"": 29394, ""4"": 37584, ""5"": 10843}",connected
184599,536,20000,0.050000000000000044,0.04102553200908005,-4.095762475566008,"{""0"": 39007, ""1"": 32005, ""2"": 35719, ""3"": 29417, ""4"": 37607, ""5"": 10844}",connected
184699,536,20000,0.050000000000000044,0.039431855157017706,-4.095762475566008,"{""0"": 39057, ""1"": 32008, ""2"": 35719, ""3"": 29431, ""4"": 37640, ""5"": 10844}",connected
184799,536,20000,0.050000000000000044,0.038910814942792055,-4.095762475566008,"{""0"": 39083, ""1"": 32014, ""2"": 35731, ""3"": 29456, ""4"": 37667, ""5"": 10848}",connected
184899,536,20000,0.050000000000000044,0.03704066101461649,-4.095762475566008,"{""0"": 39107, ""1"": 32033, ""2"": 35751, ""3"": 29473, ""4"": 37684, ""5"": 10851}",connected
184999,536,20000,0.050000000000000044,0.03342968402430415,-4.095762475566008,"{""0"": 39155, ""1"": 32035, ""2"": 35751, ""3"": 29490, ""4"": 37717, ""5"": 10851}",connected
185099,536,20000,0.050000000000000044,0.03847950759343803,-4.095762475566008,"{""0"": 39169, ""1"": 32047, ""2"": 35765, ""3"": 29520, ""4"": 37744, ""5"": 10854}",connected
185199,538,20000,0.050000000000000044,0.04057349883019924,-4.047830394478515,"{""0"": 39179, ""1"": 32057, ""2"": 35777, ""3"": 29524, ""4"": 37804, ""5"": 10858}",connected
185299,538,20000,0.050000000000000044,0.04169801582582295,-4.047830394478515,"{""0"": 39188, ""1"": 32058, ""2"": 35789, ""3"": 29524, ""4"": 37880, ""5"": 10860}",connected
185399,538,20000,0.050000000000000044,0.04460592552088201,-4.047830394478515,"{""0"": 39211, ""1"": 32058, ""2"": 35795, ""3"": 29527, ""4"": 37945, ""5"": 10863}",connected
185499,538,20000,0.050000000000000044,0.03842425709590316,-4.047830394478515,"{""0"": 39251, ""1"": 32061, ""2"": 35798, ""3"": 29533, ""4"": 37993, ""5"": 10863}",connected
185599,538,20000,0.050000000000000044,0.0351669900957495,-4.047830394478515,"{""0"": 39275, ""1"": 32064, ""2"": 35801, ""3"": 29557, ""4"": 38037, ""5"": 10865}",connected
185699,538,20000,0.050000000000000044,0.0353135874774307,-4.047830394478515,"{""0"": 39316, ""1"": 32088, ""2"": 35806, ""3"": 29566, ""4"": 38051, ""5"": 10872}",connected
185799,538,20000,0.050000000000000044,0.03525502708740533,-4.047830394478515,"{""0"": 39324, ""1"": 32095, ""2"": 35810, ""3"": 29599, ""4"": 38098, ""5"": 10873}",connected
185899,540,20000,0.050000000000000044,0.03806794735603034,-4.0501970302267,"{""0"": 39356, ""1"": 32099, ""2"": 35813, ""3"": 29613, ""4"": 38126, ""5"": 10892}",connected
185999,540,20000,0.050000000000000044,0.03907413277309388,-4.0501970302267,"{""0"": 39398, ""1"": 32101, ""2"": 35815, ""3"": 29614, ""4"": 38170, ""5"": 10901}",connected
186099,540,20000,0.050000000000000044,0.038620061404071745,-4.0501970302267,"{""0"": 39441, ""1"": 32108, ""2"": 35827, ""3"": 29620, ""4"": 38198, ""5"": 10905}",connected
186199,540,20000,0.050000000000000044,0.03603905718307942,-4.0501970302267,"{""0"": 39461, ""1"": 32124, ""2"": 35849, ""3"": 29627, ""4"": 38233, ""5"": 10905}",connected
186299,540,20000,0.050000000000000044,0.035176382358185945,-4.0501970302267,"{""0"": 39490, ""1"": 32139, ""2"": 35853, ""3"": 29640, ""4"": 38272, ""5"": 10905}",connected
186399,540,20000,0.050000000000000044,0.03460580392740667,-4.0501970302267,"{""0"": 39528, ""1"": 32144, ""2"": 35858, ""3"": 29643, ""4"": 38321, ""5"": 10905}",connected
186499,540,20000,0.050000000000000044,0.03387560145929456,-4.0501970302267,"{""0"": 39548, ""1"": 32146, ""2"": 35880, ""3"": 29647, ""4"": 38365, ""5"": 10913}",connected
186599,542,20000,0.050000000000000044,0.032548111928626895,-4.123349417373538,"{""0"": 39558, ""1"": 32148, ""2"": 35899, ""3"": 29654, ""4"": 38422, ""5"": 10918}",connected
186699,542,20000,0.050000000000000044,0.03223550924099982,-4.123349417373538,"{""0"": 39562, ""1"": 32168, ""2"": 35923, ""3"": 29666, ""4"": 38458, ""5"": 10922}",connected
186799,542,20000,0.050000000000000044,0.031561443619430064,-4.123349417373538,"{""0"": 39567, ""1"": 32188, ""2"": 35938, ""3"": 29690, ""4"": 38493, ""5"": 10923}",connected
186899,544,20000,0.050000000000000044,0.03321761085651815,-4.006083432938904,"{""0"": 39576, ""1"": 32204, ""2"": 35964, ""3"": 29706, ""4"": 38526, ""5"": 10923}",connected
186999,544,20000,0.050000000000000044,0.038146079964935777,-4.006083432938904,"{""0"": 39584, ""1"": 32223, ""2"": 35994, ""3"": 29711, ""4"": 38562, ""5"": 10925}",connected
187099,544,20000,0.050000000000000044,0.03880555732175708,-4.006083432938904,"{""0"": 39585, ""1"": 32234, ""2"": 36020, ""3"": 29723, ""4"": 38612, ""5"": 10925}",connected
187199,544,20000,0.050000000000000044,0.03894357942976057,-4.006083432938904,"{""0"": 39602, ""1"": 32248, ""2"": 36027, ""3"": 29744, ""4"": 38648, ""5"": 10930}",connected
187299,544,20000,0.050000000000000044,0.03820072731934488,-4.006083432938904,"{""0"": 39608, ""1"": 32251, ""2"": 36029, ""3"": 29800, ""4"": 38674, ""5"": 10937}",connected
187399,544,20000,0.050000000000000044,0.03493079119361937,-4.006083432938904,"{""0"": 39620, ""1"": 32259, ""2"": 36038, ""3"": 29840, ""4"": 38702, ""5"": 10940}",connected
187499,544,20000,0.050000000000000044,0.032980503663420674,-4.006083432938904,"{""0"": 39662, ""1"": 32265, ""2"": 36040, ""3"": 29850, ""4"": 38742, ""5"": 10940}",connected
187599,546,20000,0.050000000000000044,0.0324478673748672,-4.003886006390676,"{""0"": 39667, ""1"": 32281, ""2"": 36069, ""3"": 29873, ""4"": 38766, ""5"": 10943}",connected
187699,546,20000,0.050000000000000044,0.03364664942026138,-4.003886006390676,"{""0"": 39668, ""1"": 32286, ""2"": 36092, ""3"": 29873, ""4"": 38836, ""5"": 10944}",connected
187799,546,20000,0.050000000000000044,0.03367867804132402,-4.003886006390676,"{""0"": 39673, ""1"": 32286, ""2"": 36093, ""3"": 29873, ""4"": 38930, ""5"": 10944}",connected
187899,546,20000,0.050000000000000044,0.03748640291392803,-4.003886006390676,"{""0"": 39691, ""1"": 32292, ""2"": 36098, ""3"": 29874, ""4"": 38986, ""5"": 10958}",connected
187999,546,20000,0.050000000000000044,0.038300456921570004,-4.003886006390676,"{""0"": 39701, ""1"": 32306, ""2"": 36121, ""3"": 29883, ""4"": 39029, ""5"": 10959}",connected
188099,546,20000,0.050000000000000044,0.03665778386872262,-4.003886006390676,"{""0"": 39702, ""1"": 32320, ""2"": 36152, ""3"": 29905, ""4"": 39059, ""5"": 10961}",connected
188199,546,20000,0.050000000000000044,0.03715221275109798,-4.003886006390676,"{""0"": 39738, ""1"": 32329, ""2"": 36154, ""3"": 29913, ""4"": 39098, ""5"": 10967}",connected
188299,548,20000,0.050000000000000044,0.03750389834400267,-4.02017791334074,"{""0"": 39746, ""1"": 32336, ""2"": 36179, ""3"": 29941, ""4"": 39126, ""5"": 10971}",connected
188399,548,20000,0.050000000000000044,0.0368143823556602,-4.02017791334074,"{""0"": 39768, ""1"": 32368, ""2"": 36193, ""3"": 29943, ""4"": 39144, ""5"": 10983}",connected
188499,548,20000,0.050000000000000044,0.036632572459056975,-4.02017791334074,"{""0"": 39789, ""1"": 32369, ""2"": 36200, ""3"": 29943, ""4"": 39212, ""5"": 10986}",connected
188599,548,20000,0.050000000000000044,0.037674079686403274,-4.02017791334074,"{""0"": 39796, ""1"": 32373, ""2"": 36203, ""3"": 29949, ""4"": 39290, ""5"": 10988}",connected
188699,548,20000,0.050000000000000044,0.03590986047871411,-4.02017791334074,"{""0"": 39841, ""1"": 32399, ""2"": 36212, ""3"": 29962, ""4"": 39296, ""5"": 10989}",connected
188799,548,20000,0.050000000000000044,0.03397310954518616,-4.02017791334074,"{""0"": 39886, ""1"": 32417, ""2"": 36214, ""3"": 29987, ""4"": 39302, ""5"": 10993}",connected
188899,548,20000,0.050000000000000044,0.034275799728929995,-4.02017791334074,"{""0"": 39913, ""1"": 32454, ""2"": 36221, ""3"": 30005, ""4"": 39309, ""5"": 10997}",connected
188999,548,20000,0.050000000000000044,0.03391556564718485,-4.02017791334074,"{""0"": 39915, ""1"": 32487, ""2"": 36243, ""3"": 30011, ""4"": 39311, ""5"": 11032}",connected
189099,550,20000,0.050000000000000044,0.03444436298683286,-4.0393828731914985,"{""0"": 39926, ""1"": 32494, ""2"": 36254, ""3"": 30023, ""4"": 39362, ""5"": 11040}",connected
189199,550,20000,0.050000000000000044,0.03699473407119513,-4.0393828731914985,"{""0"": 39929, ""1"": 32535, ""2"": 36280, ""3"": 30035, ""4"": 39378, ""5"": 11042}",connected
189299,550,20000,0.050000000000000044,0.03647408484481275,-4.0393828731914985,"{""0"": 39946, ""1"": 32547, ""2"": 36299, ""3"": 30060, ""4"": 39400, ""5"": 11047}",connected
189399,550,20000,0.050000000000000044,0.03544940463267267,-4.0393828731914985,"{""0"": 39947, ""1"": 32548, ""2"": 36346, ""3"": 30109, ""4"": 39400, ""5"": 11049}",connected
189499,550,20000,0.050000000000000044,0.03475789230316877,-4.0393828731914985,"{""0"": 39956, ""1"": 32550, ""2"": 36387, ""3"": 30153, ""4"": 39402, ""5"": 11051}",connected
189599,550,20000,0.050000000000000044,0.03538555289618671,-4.0393828731914985,"{""0"": 39972, ""1"": 32570, ""2"": 36397, ""3"": 30162, ""4"": 39414, ""5"": 11084}",connected
189699,550,20000,0.050000000000000044,0.036867533586919306,-4.0393828731914985,"{""0"": 39972, ""1"": 32592, ""2"": 36417, ""3"": 30189, ""4"": 39440, ""5"": 11089}",connected
189799,552,20000,0.050000000000000044,0.03864575605839491,-4.045772860539146,"{""0"": 39977, ""1"": 32604, ""2"": 36436, ""3"": 30198, ""4"": 39481, ""5"": 11103}",connected
189899,552,20000,0.050000000000000044,0.03868342547677457,-4.045772860539146,"{""0"": 40026, ""1"": 32608, ""2"": 36437, ""3"": 30207, ""4"": 39513, ""5"": 11108}",connected
189999,552,20000,0.050000000000000044,0.036496901949867606,-4.045772860539146,"{""0"": 40040, ""1"": 32628, ""2"": 36450, ""3"": 30228, ""4"": 39539, ""5"": 11114}",connected
190099,552,20000,0.050000000000000044,0.03534305536188185,-4.045772860539146,"{""0"": 40042, ""1"": 32639, ""2"": 36468, ""3"": 30266, ""4"": 39567, ""5"": 11117}",connected
190199,552,20000,0.050000000000000044,0.0339332936424762,-4.045772860539146,"{""0"": 40044, ""1"": 32656, ""2"": 36494, ""3"": 30294, ""4"": 39592, ""5"": 11119}",connected
190299,552,20000,0.050000000000000044,0.03223762127570808,-4.045772860539146,"{""0"": 40046, ""1"": 32663, ""2"": 36515, ""3"": 30329, ""4"": 39627, ""5"": 11119}",connected
190399,552,20000,0.050000000000000044,0.0337064544763416,-4.045772860539146,"{""0"": 40051, ""1"": 32679, ""2"": 36530, ""3"": 30359, ""4"": 39660, ""5"": 11120}",connected
190499,554,20000,0.050000000000000044,0.035683897715061905,-4.060293503394351,"{""0"": 40057, ""1"": 32685, ""2"": 36550, ""3"": 30384, ""4"": 39701, ""5"": 11122}",connected
190599,554,20000,0.050000000000000044,0.03496103010140359,-4.060293503394351,"{""0"": 40060, ""1"": 32716, ""2"": 36564, ""3"": 30406, ""4"": 39730, ""5"": 11123}",connected
190699,554,20000,0.050000000000000044,0.03618061637505889,-4.060293503394351,"{""0"": 40064, ""1"": 32744, ""2"": 36587, ""3"": 30426, ""4"": 39747, ""5"": 11131}",connected
190799,554,20000,0.050000000000000044,0.03641162036918104,-4.060293503394351,"{""0"": 40067, ""1"": 32768, ""2"": 36608, ""3"": 30457, ""4"": 39764, ""5"": 11135}",connected
190899,554,20000,0.050000000000000044,0.03739439983852208,-4.060293503394351,"{""0"": 40072, ""1"": 32779, ""2"": 36624, ""3"": 30483, ""4"": 39806, ""5"": 11135}",connected
190999,554,20000,0.050000000000000044,0.03744496337138117,-4.060293503394351,"{""0"": 40073, ""1"": 32824, ""2"": 36660, ""3"": 30493, ""4"": 39814, ""5"": 11135}",connected
191099,554,20000,0.050000000000000044,0.039647737089544534,-4.060293503394351,"{""0"": 40082, ""1"": 32833, ""2"": 36672, ""3"": 30519, ""4"": 39848, ""5"": 11145}",connected
191199,556,20000,0.050000000000000044,0.03997222104109824,-4.053340795077384,"{""0"": 40089, ""1"": 32846, ""2"": 36692, ""3"": 30540, ""4"": 39878, ""5"": 11154}",connected
191299,556,20000,0.050000000000000044,0.038871079152449965,-4.053340795077384,"{""0"": 40117, ""1"": 32863, ""2"": 36708, ""3"": 30544, ""4"": 39896, ""5"": 11171}",connected
191399,556,20000,0.050000000000000044,0.03895814730785787,-4.053340795077384,"{""0"": 40163, ""1"": 32885, ""2"": 36735, ""3"": 30544, ""4"": 39897, ""5"": 11175}",connected
191499,556,20000,0.050000000000000044,0.03459540585055947,-4.053340795077384,"{""0"": 40213, ""1"": 32909, ""2"": 36756, ""3"": 30544, ""4"": 39898, ""5"": 11179}",connected
191599,556,20000,0.050000000000000044,0.0349087562225759,-4.053340795077384,"{""0"": 40252, ""1"": 32924, ""2"": 36785, ""3"": 30546, ""4"": 39899, ""5"": 11193}",connected
191699,556,20000,0.050000000000000044,0.033009460205212234,-4.053340795077384,"{""0"": 40260, ""1"": 32940, ""2"": 36813, ""3"": 30567, ""4"": 39922, ""5"": 11197}",connected
191799,556,20000,0.050000000000000044,0.031321374615654346,-4.053340795077384,"{""0"": 40270, ""1"": 32960, ""2"": 36819, ""3"": 30598, ""4"": 39954, ""5"": 11198}",connected
191899,556,20000,0.050000000000000044,0.030901653822511435,-4.053340795077384,"{""0"": 40275, ""1"": 32980, ""2"": 36842, ""3"": 30632, ""4"": 39972, ""5"": 11198}",connected
191999,558,20000,0.050000000000000044,0.029906027689576148,-4.055880974722095,"{""0"": 40285, ""1"": 32989, ""2"": 36871, ""3"": 30633, ""4"": 40022, ""5"": 11199}",connected
192099,558,20000,0.050000000000000044,0.0331312686484307,-4.055880974722095,"{""0"": 40301, ""1"": 33015, ""2"": 36892, ""3"": 30649, ""4"": 40039, ""5"": 11203}",connected
192199,558,20000,0.050000000000000044,0.034019362973049284,-4.055880974722095,"{""0"": 40308, ""1"": 33026, ""2"": 36905, ""3"": 30666, ""4"": 40090, ""5"": 11204}",connected
192299,558,20000,0.050000000000000044,0.036734313182532785,-4.055880974722095,"{""0"": 40314, ""1"": 33049, ""2"": 36919, ""3"": 30695, ""4"": 40111, ""5"": 11211}",connected
192399,558,20000,0.050000000000000044,0.03768512962386012,-4.055880974722095,"{""0"": 40318, ""1"": 33078, ""2"": 36946, ""3"": 30711, ""4"": 40132, ""5"": 11214}",connected
192499,560,20000,0.050000000000000044,0.036446430552750826,-3.963281827326864,"{""0"": 40323, ""1"": 33082, ""2"": 36981, ""3"": 30725, ""4"": 40170, ""5"": 11218}",connected
192599,560,20000,0.050000000000000044,0.03778435843065381,-3.963281827326864,"{""0"": 40328, ""1"": 33090, ""2"": 36983, ""3"": 30737, ""4"": 40223, ""5"": 11238}",connected
192699,560,20000,0.050000000000000044,0.03674224465154111,-3.963281827326864,"{""0"": 40336, ""1"": 33118, ""2"": 36998, ""3"": 30768, ""4"": 40240, ""5"": 11239}",connected
192799,560,20000,0.050000000000000044,0.03782759093679488,-3.963281827326864,"{""0"": 40342, ""1"": 33145, ""2"": 37010, ""3"": 30794, ""4"": 40268, ""5"": 11240}",connected
192899,562,20000,0.050000000000000044,0.03709322145208716,-3.830773826884106,"{""0"": 40353, ""1"": 33152, ""2"": 37039, ""3"": 30816, ""4"": 40289, ""5"": 11250}",connected
192999,562,20000,0.050000000000000044,0.03599719618447125,-3.830773826884106,"{""0"": 40357, ""1"": 33176, ""2"": 37065, ""3"": 30826, ""4"": 40323, ""5"": 11252}",connected
193099,562,20000,0.050000000000000044,0.0379228416737169,-3.830773826884106,"{""0"": 40368, ""1"": 33191, ""2"": 37075, ""3"": 30848, ""4"": 40356, ""5"": 11261}",connected
193199,562,20000,0.050000000000000044,0.034532231893390414,-3.830773826884106,"{""0"": 40372, ""1"": 33210, ""2"": 37101, ""3"": 30873, ""4"": 40377, ""5"": 11266}",connected
193299,562,20000,0.050000000000000044,0.03385805567726493,-3.830773826884106,"{""0"": 40377, ""1"": 33234, ""2"": 37120, ""3"": 30899, ""4"": 40403, ""5"": 11266}",connected
193399,562,20000,0.050000000000000044,0.03415398068726063,-3.830773826884106,"{""0"": 40381, ""1"": 33248, ""2"": 37130, ""3"": 30932, ""4"": 40442, ""5"": 11266}",connected
193499,562,20000,0.050000000000000044,0.032219310123473406,-3.830773826884106,"{""0"": 40386, ""1"": 33264, ""2"": 37148, ""3"": 30958, ""4"": 40472, ""5"": 11271}",connected
193599,563,20000,0.050000000000000044,0.03387663724832237,-3.809454314704053,"{""0"": 40403, ""1"": 33272, ""2"": 37159, ""3"": 30984, ""4"": 40509, ""5"": 11272}",connected
193699,564,20000,0.050000000000000044,0.0336439741961658,-3.806960924481973,"{""0"": 40407, ""1"": 33274, ""2"": 37185, ""3"": 31001, ""4"": 40560, ""5"": 11272}",connected
193799,564,20000,0.050000000000000044,0.03263483508490026,-3.806960924481973,"{""0"": 40410, ""1"": 33296, ""2"": 37198, ""3"": 31018, ""4"": 40604, ""5"": 11273}",connected
193899,564,20000,0.050000000000000044,0.033103538164868954,-3.806960924481973,"{""0"": 40410, ""1"": 33332, ""2"": 37216, ""3"": 31039, ""4"": 40626, ""5"": 11276}",connected
193999,564,20000,0.050000000000000044,0.03309194260276854,-3.806960924481973,"{""0"": 40411, ""1"": 33353, ""2"": 37237, ""3"": 31066, ""4"": 40656, ""5"": 11276}",connected
194099,564,20000,0.050000000000000044,0.03409954685717821,-3.806960924481973,"{""0"": 40416, ""1"": 33378, ""2"": 37254, ""3"": 31091, ""4"": 40683, ""5"": 11277}",connected
194199,564,20000,0.050000000000000044,0.03751798748970032,-3.806960924481973,"{""0"": 40421, ""1"": 33399, ""2"": 37262, ""3"": 31127, ""4"": 40711, ""5"": 11279}",connected
194299,564,20000,0.050000000000000044,0.03806908318772912,-3.806960924481973,"{""0"": 40422, ""1"": 33424, ""2"": 37285, ""3"": 31149, ""4"": 40739, ""5"": 11280}",connected
194399,566,20000,0.050000000000000044,0.03891757081262767,-3.803896096763201,"{""0"": 40427, ""1"": 33431, ""2"": 37310, ""3"": 31169, ""4"": 40782, ""5"": 11280}",connected
194499,566,20000,0.050000000000000044,0.038893548576161265,-3.803896096763201,"{""0"": 40430, ""1"": 33456, ""2"": 37322, ""3"": 31194, ""4"": 40816, ""5"": 11281}",connected
194599,566,20000,0.050000000000000044,0.03599576021544635,-3.803896096763201,"{""0"": 40449, ""1"": 33461, ""2"": 37334, ""3"": 31226, ""4"": 40847, ""5"": 11282}",connected
194699,566,20000,0.050000000000000044,0.03539401711896062,-3.803896096763201,"{""0"": 40454, ""1"": 33475, ""2"": 37350, ""3"": 31252, ""4"": 40886, ""5"": 11282}",connected
194799,566,20000,0.050000000000000044,0.03488618955947459,-3.803896096763201,"{""0"": 40483, ""1"": 33488, ""2"": 37358, ""3"": 31276, ""4"": 40910, ""5"": 11284}",connected
194899,566,20000,0.050000000000000044,0.03572966265492141,-3.803896096763201,"{""0"": 40519, ""1"": 33521, ""2"": 37371, ""3"": 31285, ""4"": 40916, ""5"": 11287}",connected
194999,566,20000,0.050000000000000044,0.03634722313843668,-3.803896096763201,"{""0"": 40558, ""1"": 33570, ""2"": 37371, ""3"": 31297, ""4"": 40916, ""5"": 11287}",connected
195099,568,20000,0.050000000000000044,0.036817851718515156,-3.7850071956589817,"{""0"": 40581, ""1"": 33587, ""2"": 37413, ""3"": 31302, ""4"": 40928, ""5"": 11288}",connected
195199,568,20000,0.050000000000000044,0.03628730428405106,-3.7850071956589817,"{""0"": 40587, ""1"": 33588, ""2"": 37430, ""3"": 31334, ""4"": 40971, ""5"": 11289}",connected
195299,568,20000,0.050000000000000044,0.033708305219188335,-3.7850071956589817,"{""0"": 40589, ""1"": 33588, ""2"": 37472, ""3"": 31359, ""4"": 41001, ""5"": 11290}",connected
195399,568,20000,0.050000000000000044,0.03611099095083773,-3.7850071956589817,"{""0"": 40589, ""1"": 33590, ""2"": 37481, ""3"": 31403, ""4"": 41045, ""5"": 11291}",connected
195499,568,20000,0.050000000000000044,0.03509817911311984,-3.7850071956589817,"{""0"": 40599, ""1"": 33605, ""2"": 37505, ""3"": 31428, ""4"": 41068, ""5"": 11294}",connected
195599,568,20000,0.050000000000000044,0.03648027230985463,-3.7850071956589817,"{""0"": 40618, ""1"": 33608, ""2"": 37533, ""3"": 31459, ""4"": 41085, ""5"": 11296}",connected
195699,568,20000,0.050000000000000044,0.03807069432921708,-3.7850071956589817,"{""0"": 40618, ""1"": 33608, ""2"": 37548, ""3"": 31494, ""4"": 41135, ""5"": 11296}",connected
195799,570,20000,0.050000000000000044,0.03776378061622381,-3.764061377667822,"{""0"": 40630, ""1"": 33610, ""2"": 37587, ""3"": 31500, ""4"": 41172, ""5"": 11300}",connected
195899,570,20000,0.050000000000000044,0.038657012535259126,-3.764061377667822,"{""0"": 40633, ""1"": 33621, ""2"": 37637, ""3"": 31516, ""4"": 41190, ""5"": 11302}",connected
195999,570,20000,0.050000000000000044,0.03673267149366438,-3.764061377667822,"{""0"": 40636, ""1"": 33621, ""2"": 37666, ""3"": 31525, ""4"": 41231, ""5"": 11320}",connected
196099,570,20000,0.050000000000000044,0.035724264411255716,-3.764061377667822,"{""0"": 40637, ""1"": 33635, ""2"": 37699, ""3"": 31546, ""4"": 41260, ""5"": 11322}",connected
196199,570,20000,0.050000000000000044,0.03384545683860779,-3.764061377667822,"{""0"": 40640, ""1"": 33656, ""2"": 37722, ""3"": 31564, ""4"": 41286, ""5"": 11331}",connected
196299,570,20000,0.050000000000000044,0.03427030887454748,-3.764061377667822,"{""0"": 40642, ""1"": 33677, ""2"": 37732, ""3"": 31591, ""4"": 41321, ""5"": 11336}",connected
196399,570,20000,0.050000000000000044,0.03526057278737426,-3.764061377667822,"{""0"": 40646, ""1"": 33692, ""2"": 37749, ""3"": 31618, ""4"": 41354, ""5"": 11340}",connected
196499,572,20000,0.050000000000000044,0.034791553262621164,-3.883409159039147,"{""0"": 40652, ""1"": 33701, ""2"": 37767, ""3"": 31642, ""4"": 41387, ""5"": 11350}",connected
196599,572,20000,0.050000000000000044,0.03283757351338863,-3.883409159039147,"{""0"": 40654, ""1"": 33707, ""2"": 37799, ""3"": 31667, ""4"": 41420, ""5"": 11352}",connected
196699,572,20000,0.050000000000000044,0.032390754781663415,-3.883409159039147,"{""0"": 40684, ""1"": 33711, ""2"": 37810, ""3"": 31692, ""4"": 41449, ""5"": 11353}",connected
196799,572,20000,0.050000000000000044,0.02948593543842435,-3.883409159039147,"{""0"": 40690, ""1"": 33715, ""2"": 37822, ""3"": 31708, ""4"": 41502, ""5"": 11362}",connected
196899,572,20000,0.050000000000000044,0.029533164612948894,-3.883409159039147,"{""0"": 40704, ""1"": 33717, ""2"": 37823, ""3"": 31712, ""4"": 41510, ""5"": 11433}",connected
196999,572,20000,0.050000000000000044,0.032342970399186016,-3.883409159039147,"{""0"": 40715, ""1"": 33719, ""2"": 37823, ""3"": 31714, ""4"": 41515, ""5"": 11513}",connected
197099,572,20000,0.050000000000000044,0.030682602804154156,-3.883409159039147,"{""0"": 40717, ""1"": 33737, ""2"": 37832, ""3"": 31747, ""4"": 41553, ""5"": 11513}",connected
197199,572,20000,0.050000000000000044,0.03418382848612964,-3.883409159039147,"{""0"": 40717, ""1"": 33756, ""2"": 37842, ""3"": 31776, ""4"": 41595, ""5"": 11513}",connected
197299,574,20000,0.050000000000000044,0.0349780207592994,-4.0051863556588065,"{""0"": 40722, ""1"": 33759, ""2"": 37864, ""3"": 31795, ""4"": 41644, ""5"": 11515}",connected
197399,574,20000,0.050000000000000044,0.03333779860287905,-4.0051863556588065,"{""0"": 40724, ""1"": 33779, ""2"": 37875, ""3"": 31817, ""4"": 41684, ""5"": 11520}",connected
197499,574,20000,0.050000000000000044,0.03253451394848526,-4.0051863556588065,"{""0"": 40731, ""1"": 33797, ""2"": 37893, ""3"": 31847, ""4"": 41708, ""5"": 11523}",connected
197599,574,20000,0.050000000000000044,0.032245311373844746,-4.0051863556588065,"{""0"": 40757, ""1"": 33848, ""2"": 37900, ""3"": 31854, ""4"": 41716, ""5"": 11524}",connected
197699,574,20000,0.050000000000000044,0.031058333134278655,-4.0051863556588065,"{""0"": 40773, ""1"": 33876, ""2"": 37907, ""3"": 31877, ""4"": 41739, ""5"": 11527}",connected
197799,574,20000,0.050000000000000044,0.031808364121243354,-4.0051863556588065,"{""0"": 40805, ""1"": 33904, ""2"": 37913, ""3"": 31896, ""4"": 41754, ""5"": 11527}",connected
197899,574,20000,0.050000000000000044,0.03326465453952551,-4.0051863556588065,"{""0"": 40840, ""1"": 33929, ""2"": 37918, ""3"": 31911, ""4"": 41772, ""5"": 11529}",connected
197999,576,20000,0.050000000000000044,0.031147691551595927,-3.932648595776409,"{""0"": 40850, ""1"": 33945, ""2"": 37938, ""3"": 31937, ""4"": 41798, ""5"": 11531}",connected
198099,576,20000,0.050000000000000044,0.03204659312963486,-3.932648595776409,"{""0"": 40853, ""1"": 33955, ""2"": 37948, ""3"": 31987, ""4"": 41823, ""5"": 11533}",connected
198199,576,20000,0.050000000000000044,0.03157463474199176,-3.932648595776409,"{""0"": 40856, ""1"": 33975, ""2"": 37956, ""3"": 32012, ""4"": 41862, ""5"": 11538}",connected
198299,576,20000,0.050000000000000044,0.032192399883642794,-3.932648595776409,"{""0"": 40861, ""1"": 33989, ""2"": 37969, ""3"": 32039, ""4"": 41898, ""5"": 11543}",connected
198399,576,20000,0.050000000000000044,0.03261671122163534,-3.932648595776409,"{""0"": 40871, ""1"": 34013, ""2"": 37971, ""3"": 32069, ""4"": 41928, ""5"": 11547}",connected
198499,576,20000,0.050000000000000044,0.03207672560587525,-3.932648595776409,"{""0"": 40884, ""1"": 34035, ""2"": 37975, ""3"": 32090, ""4"": 41961, ""5"": 11554}",connected
198599,576,20000,0.050000000000000044,0.033330537723377344,-3.932648595776409,"{""0"": 40895, ""1"": 34046, ""2"": 37975, ""3"": 32112, ""4"": 42014, ""5"": 11557}",connected
198699,578,20000,0.050000000000000044,0.03401679747737944,-3.9106563321175054,"{""0"": 40900, ""1"": 34050, ""2"": 38006, ""3"": 32127, ""4"": 42057, ""5"": 11559}",connected
198799,578,20000,0.050000000000000044,0.034069810369983314,-3.9106563321175054,"{""0"": 40913, ""1"": 34073, ""2"": 38012, ""3"": 32145, ""4"": 42088, ""5"": 11568}",connected
198899,578,20000,0.050000000000000044,0.03439325167797506,-3.9106563321175054,"{""0"": 40915, ""1"": 34092, ""2"": 38012, ""3"": 32162, ""4"": 42107, ""5"": 11611}",connected
198999,578,20000,0.050000000000000044,0.032980811279267074,-3.9106563321175054,"{""0"": 40916, ""1"": 34092, ""2"": 38017, ""3"": 32162, ""4"": 42108, ""5"": 11704}",connected
199099,578,20000,0.050000000000000044,0.03204270337708295,-3.9106563321175054,"{""0"": 40916, ""1"": 34093, ""2"": 38018, ""3"": 32166, ""4"": 42120, ""5"": 11786}",connected
199199,578,20000,0.050000000000000044,0.03443515157327056,-3.9106563321175054,"{""0"": 40917, ""1"": 34098, ""2"": 38021, ""3"": 32169, ""4"": 42124, ""5"": 11870}",connected
199299,578,20000,0.050000000000000044,0.03373948455788195,-3.9106563321175054,"{""0"": 40959, ""1"": 34109, ""2"": 38021, ""3"": 32177, ""4"": 42126, ""5"": 11907}",connected
199399,580,20000,0.050000000000000044,0.03248307568952441,-3.9798251617886127,"{""0"": 40965, ""1"": 34140, ""2"": 38036, ""3"": 32185, ""4"": 42142, ""5"": 11931}",connected
199499,580,20000,0.050000000000000044,0.030323729664087296,-3.9798251617886127,"{""0"": 40972, ""1"": 34153, ""2"": 38045, ""3"": 32197, ""4"": 42186, ""5"": 11946}",connected
199599,580,20000,0.050000000000000044,0.029595239320769906,-3.9798251617886127,"{""0"": 40974, ""1"": 34157, ""2"": 38066, ""3"": 32235, ""4"": 42221, ""5"": 11946}",connected
199699,580,20000,0.050000000000000044,0.031223576348274946,-3.9798251617886127,"{""0"": 40977, ""1"": 34194, ""2"": 38082, ""3"": 32259, ""4"": 42241, ""5"": 11946}",connected
199799,582,20000,0.050000000000000044,0.03238923024386167,-3.856563332718797,"{""0"": 40993, ""1"": 34207, ""2"": 38113, ""3"": 32278, ""4"": 42259, ""5"": 11949}",connected
199899,582,20000,0.050000000000000044,0.033557190392166376,-3.856563332718797,"{""0"": 41014, ""1"": 34218, ""2"": 38119, ""3"": 32293, ""4"": 42292, ""5"": 11963}",connected
199999,582,20000,0.050000000000000044,0.031378141148015855,-3.856563332718797,"{""0"": 41015, ""1"": 34247, ""2"": 38137, ""3"": 32314, ""4"": 42321, ""5"": 11965}",connected
200099,584,20000,0.050000000000000044,0.030496962955221533,-3.740607509734109,"{""0"": 41023, ""1"": 34261, ""2"": 38178, ""3"": 32330, ""4"": 42342, ""5"": 11965}",connected
200199,584,20000,0.050000000000000044,0.03097711144015193,-3.740607509734109,"{""0"": 41024, ""1"": 34269, ""2"": 38213, ""3"": 32346, ""4"": 42369, ""5"": 11978}",connected
200299,584,20000,0.050000000000000044,0.03079475321806967,-3.740607509734109,"{""0"": 41040, ""1"": 34274, ""2"": 38214, ""3"": 32377, ""4"": 42414, ""5"": 11980}",connected
200399,584,20000,0.050000000000000044,0.03133853813633323,-3.740607509734109,"{""0"": 41068, ""1"": 34293, ""2"": 38223, ""3"": 32387, ""4"": 42447, ""5"": 11981}",connected
200499,584,20000,0.050000000000000044,0.03042627764865756,-3.740607509734109,"{""0"": 41070, ""1"": 34310, ""2"": 38243, ""3"": 32415, ""4"": 42480, ""5"": 11981}",connected
200599,584,20000,0.050000000000000044,0.029881807575002313,-3.740607509734109,"{""0"": 41078, ""1"": 34334, ""2"": 38266, ""3"": 32440, ""4"": 42497, ""5"": 11984}",connected
200699,584,20000,0.050000000000000044,0.0309458938986063,-3.740607509734109,"{""0"": 41110, ""1"": 34366, ""2"": 38270, ""3"": 32443, ""4"": 42506, ""5"": 12004}",connected
200799,586,20000,0.050000000000000044,0.033771722801029684,-3.853812615321949,"{""0"": 41116, ""1"": 34376, ""2"": 38284, ""3"": 32453, ""4"": 42543, ""5"": 12027}",connected
200899,588,20000,0.050000000000000044,0.034677537586539985,-3.6868273328384387,"{""0"": 41119, ""1"": 34394, ""2"": 38321, ""3"": 32471, ""4"": 42565, ""5"": 12029}",connected
200999,588,20000,0.050000000000000044,0.033601684626191855,-3.6868273328384387,"{""0"": 41155, ""1"": 34411, ""2"": 38324, ""3"": 32484, ""4"": 42596, ""5"": 12029}",connected
201099,588,20000,0.050000000000000044,0.032428620476275684,-3.6868273328384387,"{""0"": 41174, ""1"": 34460, ""2"": 38335, ""3"": 32495, ""4"": 42604, ""5"": 12031}",connected
201199,588,20000,0.050000000000000044,0.02878020705655217,-3.6868273328384387,"{""0"": 41193, ""1"": 34502, ""2"": 38344, ""3"": 32509, ""4"": 42619, ""5"": 12032}",connected
201299,588,20000,0.050000000000000044,0.02932750532403588,-3.6868273328384387,"{""0"": 41233, ""1"": 34525, ""2"": 38348, ""3"": 32512, ""4"": 42623, ""5"": 12058}",connected
201399,588,20000,0.050000000000000044,0.03125059450045228,-3.6868273328384387,"{""0"": 41255, ""1"": 34552, ""2"": 38359, ""3"": 32520, ""4"": 42636, ""5"": 12077}",connected
201499,588,20000,0.050000000000000044,0.03238438739441335,-3.6868273328384387,"{""0"": 41278, ""1"": 34570, ""2"": 38365, ""3"": 32545, ""4"": 42660, ""5"": 12081}",connected
201599,590,20000,0.050000000000000044,0.0317761074565351,-3.623810589951463,"{""0"": 41283, ""1"": 34623, ""2"": 38380, ""3"": 32558, ""4"": 42672, ""5"": 12083}",connected
201699,590,20000,0.050000000000000044,0.028749707527458666,-3.623810589951463,"{""0"": 41297, ""1"": 34639, ""2"": 38390, ""3"": 32578, ""4"": 42707, ""5"": 12088}",connected
201799,590,20000,0.050000000000000044,0.02771879523061216,-3.623810589951463,"{""0"": 41313, ""1"": 34674, ""2"": 38390, ""3"": 32601, ""4"": 42726, ""5"": 12095}",connected
201899,590,20000,0.050000000000000044,0.027718389108777046,-3.623810589951463,"{""0"": 41353, ""1"": 34687, ""2"": 38401, ""3"": 32617, ""4"": 42742, ""5"": 12099}",connected
201999,590,20000,0.050000000000000044,0.02846208116039634,-3.623810589951463,"{""0"": 41363, ""1"": 34704, ""2"": 38404, ""3"": 32646, ""4"": 42774, ""5"": 12108}",connected
202099,592,20000,0.050000000000000044,0.030106218243017794,-3.5256407864764334,"{""0"": 41366, ""1"": 34715, ""2"": 38461, ""3"": 32649, ""4"": 42800, ""5"": 12108}",connected
202199,592,20000,0.050000000000000044,0.029925874322652816,-3.5256407864764334,"{""0"": 41373, ""1"": 34734, ""2"": 38479, ""3"": 32667, ""4"": 42838, ""5"": 12108}",connected
202299,592,20000,0.050000000000000044,0.029017294123768807,-3.5256407864764334,"{""0"": 41377, ""1"": 34750, ""2"": 38494, ""3"": 32697, ""4"": 42871, ""5"": 12110}",connected
202399,594,20000,0.050000000000000044,0.02931257672607899,-3.374928846429102,"{""0"": 41379, ""1"": 34758, ""2"": 38527, ""3"": 32712, ""4"": 42909, ""5"": 12114}",connected
202499,594,20000,0.050000000000000044,0.029419460259377958,-3.374928846429102,"{""0"": 41396, ""1"": 34794, ""2"": 38535, ""3"": 32724, ""4"": 42933, ""5"": 12117}",connected
202599,594,20000,0.050000000000000044,0.028444053046405314,-3.374928846429102,"{""0"": 41402, ""1"": 34822, ""2"": 38541, ""3"": 32737, ""4"": 42971, ""5"": 12126}",connected
202699,594,20000,0.050000000000000044,0.029115488836541772,-3.374928846429102,"{""0"": 41403, ""1"": 34868, ""2"": 38546, ""3"": 32753, ""4"": 42987, ""5"": 12142}",connected
202799,594,20000,0.050000000000000044,0.02827983533963561,-3.374928846429102,"{""0"": 41418, ""1"": 34892, ""2"": 38561, ""3"": 32761, ""4"": 42992, ""5"": 12175}",connected
202899,594,20000,0.050000000000000044,0.02978676011785865,-3.374928846429102,"{""0"": 41423, ""1"": 34930, ""2"": 38579, ""3"": 32771, ""4"": 43003, ""5"": 12193}",connected
202999,594,20000,0.050000000000000044,0.0316518781054765,-3.374928846429102,"{""0"": 41426, ""1"": 34969, ""2"": 38598, ""3"": 32783, ""4"": 43027, ""5"": 12196}",connected
203099,596,20000,0.050000000000000044,0.03437109371647239,-3.409950807252899,"{""0"": 41442, ""1"": 34996, ""2"": 38627, ""3"": 32800, ""4"": 43037, ""5"": 12197}",connected
203199,596,20000,0.050000000000000044,0.03658024482429027,-3.409950807252899,"{""0"": 41447, ""1"": 35001, ""2"": 38654, ""3"": 32821, ""4"": 43078, ""5"": 12198}",connected
203299,596,20000,0.050000000000000044,0.033071353109553454,-3.409950807252899,"{""0"": 41450, ""1"": 35007, ""2"": 38662, ""3"": 32854, ""4"": 43128, ""5"": 12198}",connected
203399,596,20000,0.050000000000000044,0.03267373054288328,-3.409950807252899,"{""0"": 41466, ""1"": 35021, ""2"": 38666, ""3"": 32887, ""4"": 43160, ""5"": 12199}",connected
203499,596,20000,0.050000000000000044,0.029910214086994527,-3.409950807252899,"{""0"": 41469, ""1"": 35038, ""2"": 38672, ""3"": 32918, ""4"": 43195, ""5"": 12207}",connected
203599,596,20000,0.050000000000000044,0.027750457944348453,-3.409950807252899,"{""0"": 41472, ""1"": 35047, ""2"": 38680, ""3"": 32951, ""4"": 43233, ""5"": 12216}",connected
203699,596,20000,0.050000000000000044,0.028593182992190123,-3.409950807252899,"{""0"": 41476, ""1"": 35069, ""2"": 38691, ""3"": 32983, ""4"": 43262, ""5"": 12218}",connected
203799,598,20000,0.050000000000000044,0.02740625623613596,-3.3184693488897756,"{""0"": 41478, ""1"": 35108, ""2"": 38708, ""3"": 32997, ""4"": 43290, ""5"": 12218}",connected
203899,598,20000,0.050000000000000044,0.025492296097800137,-3.3184693488897756,"{""0"": 41482, ""1"": 35123, ""2"": 38718, ""3"": 33017, ""4"": 43341, ""5"": 12218}",connected
203999,598,20000,0.050000000000000044,0.025551002379506825,-3.3184693488897756,"{""0"": 41492, ""1"": 35135, ""2"": 38723, ""3"": 33045, ""4"": 43368, ""5"": 12236}",connected
204099,598,20000,0.050000000000000044,0.02655961349606514,-3.3184693488897756,"{""0"": 41499, ""1"": 35163, ""2"": 38732, ""3"": 33065, ""4"": 43391, ""5"": 12249}",connected
204199,598,20000,0.050000000000000044,0.028792270245030522,-3.3184693488897756,"{""0"": 41501, ""1"": 35190, ""2"": 38744, ""3"": 33086, ""4"": 43417, ""5"": 12261}",connected
204299,598,20000,0.050000000000000044,0.02848748356103897,-3.3184693488897756,"{""0"": 41528, ""1"": 35235, ""2"": 38747, ""3"": 33097, ""4"": 43427, ""5"": 12265}",connected
204399,598,20000,0.050000000000000044,0.028091936632990838,-3.3184693488897756,"{""0"": 41541, ""1"": 35259, ""2"": 38755, ""3"": 33120, ""4"": 43447, ""5"": 12277}",connected
204499,600,20000,0.050000000000000044,0.027302446719259025,-3.261349023436196,"{""0"": 41571, ""1"": 35284, ""2"": 38774, ""3"": 33127, ""4"": 43458, ""5"": 12285}",connected
204599,600,20000,0.050000000000000044,0.024732053168118,-3.261349023436196,"{""0"": 41576, ""1"": 35298, ""2"": 38795, ""3"": 33142, ""4"": 43501, ""5"": 12287}",connected
204699,600,20000,0.050000000000000044,0.026628347961232066,-3.261349023436196,"{""0"": 41586, ""1"": 35315, ""2"": 38803, ""3"": 33167, ""4"": 43521, ""5"": 12307}",connected
204799,600,20000,0.050000000000000044,0.02723370016552508,-3.261349023436196,"{""0"": 41597, ""1"": 35330, ""2"": 38810, ""3"": 33186, ""4"": 43538, ""5"": 12338}",connected
204899,600,20000,0.050000000000000044,0.026370191210880876,-3.261349023436196,"{""0"": 41614, ""1"": 35337, ""2"": 38815, ""3"": 33198, ""4"": 43565, ""5"": 12370}",connected
204999,600,20000,0.050000000000000044,0.028757169507443905,-3.261349023436196,"{""0"": 41617, ""1"": 35352, ""2"": 38815, ""3"": 33214, ""4"": 43593, ""5"": 12408}",connected
205099,600,20000,0.050000000000000044,0.028821281595155596,-3.261349023436196,"{""0"": 41624, ""1"": 35384, ""2"": 38824, ""3"": 33230, ""4"": 43607, ""5"": 12430}",connected
205199,602,20000,0.050000000000000044,0.028015152579173447,-3.231808853172697,"{""0"": 41634, ""1"": 35412, ""2"": 38834, ""3"": 33249, ""4"": 43619, ""5"": 12451}",connected
205299,602,20000,0.050000000000000044,0.028677764907479288,-3.231808853172697,"{""0"": 41649, ""1"": 35429, ""2"": 38850, ""3"": 33263, ""4"": 43657, ""5"": 12451}",connected
205399,602,20000,0.050000000000000044,0.02698488822206855,-3.231808853172697,"{""0"": 41653, ""1"": 35453, ""2"": 38868, ""3"": 33283, ""4"": 43675, ""5"": 12467}",connected
205499,602,20000,0.050000000000000044,0.02564452520571649,-3.231808853172697,"{""0"": 41659, ""1"": 35465, ""2"": 38888, ""3"": 33311, ""4"": 43693, ""5"": 12483}",connected
205599,602,20000,0.050000000000000044,0.02818056701682508,-3.231808853172697,"{""0"": 41662, ""1"": 35486, ""2"": 38901, ""3"": 33342, ""4"": 43716, ""5"": 12492}",connected
205699,602,20000,0.050000000000000044,0.028003646582365035,-3.231808853172697,"{""0"": 41668, ""1"": 35517, ""2"": 38907, ""3"": 33365, ""4"": 43743, ""5"": 12499}",connected
205799,602,20000,0.050000000000000044,0.029243428790941835,-3.231808853172697,"{""0"": 41675, ""1"": 35545, ""2"": 38937, ""3"": 33366, ""4"": 43775, ""5"": 12501}",connected
205899,602,20000,0.050000000000000044,0.02969373432919383,-3.231808853172697,"{""0"": 41730, ""1"": 35547, ""2"": 38962, ""3"": 33368, ""4"": 43789, ""5"": 12503}",connected
205999,604,20000,0.050000000000000044,0.02730970143340528,-3.24784262382891,"{""0"": 41745, ""1"": 35564, ""2"": 38990, ""3"": 33371, ""4"": 43824, ""5"": 12505}",connected
206099,606,20000,0.050000000000000044,0.028009455753490328,-3.0901111483713612,"{""0"": 41748, ""1"": 35575, ""2"": 39029, ""3"": 33376, ""4"": 43851, ""5"": 12520}",connected
206199,606,20000,0.050000000000000044,0.02838039889000356,-3.0901111483713612,"{""0"": 41750, ""1"": 35576, ""2"": 39077, ""3"": 33377, ""4"": 43899, ""5"": 12520}",connected
206299,606,20000,0.050000000000000044,0.029595691356807948,-3.0901111483713612,"{""0"": 41757, ""1"": 35577, ""2"": 39112, ""3"": 33379, ""4"": 43953, ""5"": 12521}",connected
206399,606,20000,0.050000000000000044,0.03070851253345609,-3.0901111483713612,"{""0"": 41773, ""1"": 35580, ""2"": 39140, ""3"": 33379, ""4"": 44006, ""5"": 12521}",connected
206499,606,20000,0.050000000000000044,0.03177633261308074,-3.0901111483713612,"{""0"": 41784, ""1"": 35608, ""2"": 39154, ""3"": 33396, ""4"": 44034, ""5"": 12523}",connected
206599,606,20000,0.050000000000000044,0.030419808039441706,-3.0901111483713612,"{""0"": 41793, ""1"": 35627, ""2"": 39167, ""3"": 33428, ""4"": 44058, ""5"": 12526}",connected
206699,606,20000,0.050000000000000044,0.030402110377326607,-3.0901111483713612,"{""0"": 41829, ""1"": 35658, ""2"": 39176, ""3"": 33439, ""4"": 44064, ""5"": 12533}",connected
206799,608,20000,0.050000000000000044,0.028609141316264866,-3.059294452336617,"{""0"": 41848, ""1"": 35696, ""2"": 39196, ""3"": 33448, ""4"": 44077, ""5"": 12534}",connected
206899,608,20000,0.050000000000000044,0.028034404888749122,-3.059294452336617,"{""0"": 41855, ""1"": 35708, ""2"": 39217, ""3"": 33466, ""4"": 44115, ""5"": 12538}",connected
206999,608,20000,0.050000000000000044,0.028344639819115402,-3.059294452336617,"{""0"": 41874, ""1"": 35719, ""2"": 39234, ""3"": 33488, ""4"": 44130, ""5"": 12554}",connected
207099,608,20000,0.050000000000000044,0.026784189650788902,-3.059294452336617,"{""0"": 41876, ""1"": 35737, ""2"": 39251, ""3"": 33507, ""4"": 44173, ""5"": 12555}",connected
207199,610,20000,0.050000000000000044,0.030245549511164427,-2.9557439525751397,"{""0"": 41884, ""1"": 35748, ""2"": 39287, ""3"": 33518, ""4"": 44202, ""5"": 12560}",connected
207299,610,20000,0.050000000000000044,0.029295084662735463,-2.9557439525751397,"{""0"": 41886, ""1"": 35769, ""2"": 39306, ""3"": 33536, ""4"": 44233, ""5"": 12569}",connected
207399,612,20000,0.050000000000000044,0.028133212625980376,-2.832852041418664,"{""0"": 41892, ""1"": 35792, ""2"": 39336, ""3"": 33541, ""4"": 44263, ""5"": 12575}",connected
207499,614,20000,0.050000000000000044,0.02866975685581565,-2.797812513578683,"{""0"": 41896, ""1"": 35812, ""2"": 39378, ""3"": 33555, ""4"": 44279, ""5"": 12579}",connected
207599,614,20000,0.050000000000000044,0.026413091300055383,-2.797812513578683,"{""0"": 41929, ""1"": 35826, ""2"": 39393, ""3"": 33561, ""4"": 44299, ""5"": 12591}",connected
207699,614,20000,0.050000000000000044,0.02679015589877963,-2.797812513578683,"{""0"": 41940, ""1"": 35849, ""2"": 39411, ""3"": 33581, ""4"": 44325, ""5"": 12593}",connected
207799,614,20000,0.050000000000000044,0.02595015350729227,-2.797812513578683,"{""0"": 41957, ""1"": 35866, ""2"": 39418, ""3"": 33602, ""4"": 44353, ""5"": 12603}",connected
207899,614,20000,0.050000000000000044,0.026291879415512084,-2.797812513578683,"{""0"": 41968, ""1"": 35903, ""2"": 39424, ""3"": 33604, ""4"": 44357, ""5"": 12643}",connected
207999,614,20000,0.050000000000000044,0.027741275252774356,-2.797812513578683,"{""0"": 41971, ""1"": 35916, ""2"": 39427, ""3"": 33620, ""4"": 44388, ""5"": 12677}",connected
208099,614,20000,0.050000000000000044,0.02690536222420633,-2.797812513578683,"{""0"": 41990, ""1"": 35948, ""2"": 39437, ""3"": 33629, ""4"": 44402, ""5"": 12693}",connected
208199,616,20000,0.050000000000000044,0.028036346174776555,-2.9549514525104312,"{""0"": 42002, ""1"": 35968, ""2"": 39463, ""3"": 33640, ""4"": 44427, ""5"": 12699}",connected
208299,616,20000,0.050000000000000044,0.027495722677558662,-2.9549514525104312,"{""0"": 42008, ""1"": 35984, ""2"": 39499, ""3"": 33646, ""4"": 44463, ""5"": 12699}",connected
208399,618,20000,0.050000000000000044,0.026556595331057906,-2.7899165032152085,"{""0"": 42013, ""1"": 36003, ""2"": 39545, ""3"": 33656, ""4"": 44480, ""5"": 12702}",connected
208499,618,20000,0.050000000000000044,0.026939069842919706,-2.7899165032152085,"{""0"": 42015, ""1"": 36032, ""2"": 39563, ""3"": 33667, ""4"": 44520, ""5"": 12702}",connected
208599,618,20000,0.050000000000000044,0.026671059196814895,-2.7899165032152085,"{""0"": 42040, ""1"": 36049, ""2"": 39565, ""3"": 33694, ""4"": 44549, ""5"": 12702}",connected
208699,618,20000,0.050000000000000044,0.025821112897247075,-2.7899165032152085,"{""0"": 42042, ""1"": 36102, ""2"": 39587, ""3"": 33703, ""4"": 44563, ""5"": 12702}",connected
208799,618,20000,0.050000000000000044,0.024847646169364454,-2.7899165032152085,"{""0"": 42053, ""1"": 36157, ""2"": 39601, ""3"": 33712, ""4"": 44574, ""5"": 12702}",connected
208899,618,20000,0.050000000000000044,0.026957633811980485,-2.7899165032152085,"{""0"": 42064, ""1"": 36207, ""2"": 39613, ""3"": 33728, ""4"": 44582, ""5"": 12705}",connected
208999,618,20000,0.050000000000000044,0.026974504981189966,-2.7899165032152085,"{""0"": 42096, ""1"": 36223, ""2"": 39613, ""3"": 33750, ""4"": 44610, ""5"": 12707}",connected
209099,620,20000,0.050000000000000044,0.026292329020798207,-2.7655085325008257,"{""0"": 42103, ""1"": 36274, ""2"": 39639, ""3"": 33757, ""4"": 44619, ""5"": 12707}",connected
209199,620,20000,0.050000000000000044,0.026427530944347383,-2.7655085325008257,"{""0"": 42113, ""1"": 36289, ""2"": 39663, ""3"": 33770, ""4"": 44654, ""5"": 12710}",connected
209299,622,20000,0.050000000000000044,0.023372009079903364,-2.4572202268708496,"{""0"": 42115, ""1"": 36302, ""2"": 39712, ""3"": 33786, ""4"": 44673, ""5"": 12711}",connected
209399,622,20000,0.050000000000000044,0.02423109649680555,-2.4572202268708496,"{""0"": 42138, ""1"": 36320, ""2"": 39727, ""3"": 33802, ""4"": 44701, ""5"": 12711}",connected
209499,622,20000,0.050000000000000044,0.027037466866895555,-2.4572202268708496,"{""0"": 42140, ""1"": 36365, ""2"": 39734, ""3"": 33823, ""4"": 44720, ""5"": 12717}",connected
209599,622,20000,0.050000000000000044,0.026561990641057492,-2.4572202268708496,"{""0"": 42145, ""1"": 36428, ""2"": 39743, ""3"": 33832, ""4"": 44734, ""5"": 12717}",connected
209699,622,20000,0.050000000000000044,0.027103258436545728,-2.4572202268708496,"{""0"": 42146, ""1"": 36484, ""2"": 39754, ""3"": 33846, ""4"": 44747, ""5"": 12722}",connected
209799,622,20000,0.050000000000000044,0.024849752038717268,-2.4572202268708496,"{""0"": 42148, ""1"": 36567, ""2"": 39758, ""3"": 33850, ""4"": 44749, ""5"": 12727}",connected
209899,622,20000,0.050000000000000044,0.021386234452947975,-2.4572202268708496,"{""0"": 42149, ""1"": 36628, ""2"": 39772, ""3"": 33863, ""4"": 44760, ""5"": 12727}",connected
209999,624,20000,0.050000000000000044,0.020978543376550078,-2.5487025628192352,"{""0"": 42152, ""1"": 36686, ""2"": 39796, ""3"": 33869, ""4"": 44769, ""5"": 12727}",connected
210099,624,20000,0.050000000000000044,0.021610833359882235,-2.5487025628192352,"{""0"": 42157, ""1"": 36703, ""2"": 39814, ""3"": 33881, ""4"": 44809, ""5"": 12735}",connected
210199,624,20000,0.050000000000000044,0.021660067550837995,-2.5487025628192352,"{""0"": 42197, ""1"": 36734, ""2"": 39819, ""3"": 33892, ""4"": 44818, ""5"": 12739}",connected
210299,624,20000,0.050000000000000044,0.023863101787865163,-2.5487025628192352,"{""0"": 42198, ""1"": 36782, ""2"": 39840, ""3"": 33907, ""4"": 44831, ""5"": 12741}",connected
210399,624,20000,0.050000000000000044,0.025654274914413692,-2.5487025628192352,"{""0"": 42200, ""1"": 36865, ""2"": 39844, ""3"": 33911, ""4"": 44838, ""5"": 12741}",connected
210499,624,20000,0.050000000000000044,0.024767518136650325,-2.5487025628192352,"{""0"": 42200, ""1"": 36961, ""2"": 39846, ""3"": 33912, ""4"": 44839, ""5"": 12741}",connected
210599,624,20000,0.050000000000000044,0.025123325223103166,-2.5487025628192352,"{""0"": 42200, ""1"": 37054, ""2"": 39850, ""3"": 33912, ""4"": 44842, ""5"": 12741}",connected
210699,626,20000,0.050000000000000044,0.02308231431990862,-2.668499702545814,"{""0"": 42209, ""1"": 37096, ""2"": 39868, ""3"": 33917, ""4"": 44867, ""5"": 12742}",connected
210799,626,20000,0.050000000000000044,0.02182414574548602,-2.668499702545814,"{""0"": 42213, ""1"": 37109, ""2"": 39895, ""3"": 33930, ""4"": 44908, ""5"": 12744}",connected
210899,626,20000,0.050000000000000044,0.02045432761311531,-2.668499702545814,"{""0"": 42236, ""1"": 37124, ""2"": 39922, ""3"": 33942, ""4"": 44929, ""5"": 12746}",connected
210999,626,20000,0.050000000000000044,0.02244169866666198,-2.668499702545814,"{""0"": 42276, ""1"": 37159, ""2"": 39924, ""3"": 33955, ""4"": 44939, ""5"": 12746}",connected
211099,626,20000,0.050000000000000044,0.023969803536310792,-2.668499702545814,"{""0"": 42312, ""1"": 37180, ""2"": 39929, ""3"": 33976, ""4"": 44956, ""5"": 12746}",connected
211199,626,20000,0.050000000000000044,0.0241243926808238,-2.668499702545814,"{""0"": 42321, ""1"": 37196, ""2"": 39951, ""3"": 34003, ""4"": 44974, ""5"": 12754}",connected
211299,626,20000,0.050000000000000044,0.02660714610479772,-2.668499702545814,"{""0"": 42353, ""1"": 37199, ""2"": 39953, ""3"": 34025, ""4"": 45014, ""5"": 12755}",connected
211399,628,20000,0.050000000000000044,0.024335103733465077,-2.698441556566395,"{""0"": 42408, ""1"": 37210, ""2"": 39960, ""3"": 34039, ""4"": 45026, ""5"": 12756}",connected
211499,628,20000,0.050000000000000044,0.024613875467330217,-2.698441556566395,"{""0"": 42414, ""1"": 37235, ""2"": 39980, ""3"": 34052, ""4"": 45060, ""5"": 12758}",connected
211599,628,20000,0.050000000000000044,0.025488344458863138,-2.698441556566395,"{""0"": 42421, ""1"": 37261, ""2"": 40013, ""3"": 34069, ""4"": 45077, ""5"": 12758}",connected
211699,628,20000,0.050000000000000044,0.02546643905341625,-2.698441556566395,"{""0"": 42426, ""1"": 37273, ""2"": 40038, ""3"": 34094, ""4"": 45108, ""5"": 12760}",connected
211799,628,20000,0.050000000000000044,0.02559448540210724,-2.698441556566395,"{""0"": 42439, ""1"": 37307, ""2"": 40054, ""3"": 34114, ""4"": 45124, ""5"": 12761}",connected
211899,628,20000,0.050000000000000044,0.024724191864952446,-2.698441556566395,"{""0"": 42454, ""1"": 37330, ""2"": 40065, ""3"": 34139, ""4"": 45150, ""5"": 12761}",connected
211999,628,20000,0.050000000000000044,0.024081653086468577,-2.698441556566395,"{""0"": 42490, ""1"": 37355, ""2"": 40076, ""3"": 34154, ""4"": 45162, ""5"": 12762}",connected
212099,628,20000,0.050000000000000044,0.023658967390656472,-2.698441556566395,"{""0"": 42493, ""1"": 37403, ""2"": 40095, ""3"": 34164, ""4"": 45180, ""5"": 12764}",connected
212199,630,20000,0.050000000000000044,0.024720319285988807,-2.7511007326235997,"{""0"": 42500, ""1"": 37431, ""2"": 40114, ""3"": 34172, ""4"": 45216, ""5"": 12766}",connected
212299,632,20000,0.050000000000000044,0.02591669945977628,-2.7508378445496784,"{""0"": 42502, ""1"": 37456, ""2"": 40131, ""3"": 34192, ""4"": 45239, ""5"": 12779}",connected
212399,632,20000,0.050000000000000044,0.026088852239772677,-2.7508378445496784,"{""0"": 42511, ""1"": 37481, ""2"": 40152, ""3"": 34202, ""4"": 45268, ""5"": 12785}",connected
212499,632,20000,0.050000000000000044,0.025399174252524973,-2.7508378445496784,"{""0"": 42526, ""1"": 37506, ""2"": 40152, ""3"": 34234, ""4"": 45295, ""5"": 12786}",connected
212599,632,20000,0.050000000000000044,0.025388916581869127,-2.7508378445496784,"{""0"": 42536, ""1"": 37565, ""2"": 40162, ""3"": 34244, ""4"": 45306, ""5"": 12786}",connected
212699,632,20000,0.050000000000000044,0.02383447733707726,-2.7508378445496784,"{""0"": 42536, ""1"": 37618, ""2"": 40180, ""3"": 34253, ""4"": 45324, ""5"": 12788}",connected
212799,632,20000,0.050000000000000044,0.024622075287625195,-2.7508378445496784,"{""0"": 42541, ""1"": 37672, ""2"": 40190, ""3"": 34266, ""4"": 45340, ""5"": 12790}",connected
212899,632,20000,0.050000000000000044,0.02379017527215183,-2.7508378445496784,"{""0"": 42541, ""1"": 37727, ""2"": 40192, ""3"": 34277, ""4"": 45371, ""5"": 12791}",connected
212999,632,20000,0.050000000000000044,0.02309584541246295,-2.7508378445496784,"{""0"": 42542, ""1"": 37750, ""2"": 40197, ""3"": 34301, ""4"": 45418, ""5"": 12791}",connected
213099,634,20000,0.050000000000000044,0.02413221925497055,-2.743184875585139,"{""0"": 42572, ""1"": 37760, ""2"": 40213, ""3"": 34304, ""4"": 45457, ""5"": 12793}",connected
213199,634,20000,0.050000000000000044,0.02513552657328546,-2.743184875585139,"{""0"": 42618, ""1"": 37761, ""2"": 40214, ""3"": 34304, ""4"": 45509, ""5"": 12793}",connected
213299,634,20000,0.050000000000000044,0.025719107519835235,-2.743184875585139,"{""0"": 42643, ""1"": 37770, ""2"": 40240, ""3"": 34305, ""4"": 45546, ""5"": 12795}",connected
213399,634,20000,0.050000000000000044,0.025047244019806385,-2.743184875585139,"{""0"": 42655, ""1"": 37803, ""2"": 40242, ""3"": 34327, ""4"": 45577, ""5"": 12795}",connected
213499,634,20000,0.050000000000000044,0.023969678236171604,-2.743184875585139,"{""0"": 42662, ""1"": 37831, ""2"": 40247, ""3"": 34348, ""4"": 45615, ""5"": 12796}",connected
213599,634,20000,0.050000000000000044,0.02150504767894745,-2.743184875585139,"{""0"": 42675, ""1"": 37873, ""2"": 40250, ""3"": 34351, ""4"": 45644, ""5"": 12806}",connected
213699,634,20000,0.050000000000000044,0.022072497326880693,-2.743184875585139,"{""0"": 42725, ""1"": 37893, ""2"": 40250, ""3"": 34352, ""4"": 45672, ""5"": 12807}",connected
213799,636,20000,0.050000000000000044,0.022277014064602554,-2.728108263728209,"{""0"": 42739, ""1"": 37930, ""2"": 40270, ""3"": 34357, ""4"": 45685, ""5"": 12818}",connected
213899,636,20000,0.050000000000000044,0.02196094733197242,-2.728108263728209,"{""0"": 42742, ""1"": 37984, ""2"": 40277, ""3"": 34367, ""4"": 45711, ""5"": 12818}",connected
213999,636,20000,0.050000000000000044,0.022886436083354056,-2.728108263728209,"{""0"": 42757, ""1"": 38013, ""2"": 40279, ""3"": 34390, ""4"": 45735, ""5"": 12825}",connected
214099,636,20000,0.050000000000000044,0.02239714012015611,-2.728108263728209,"{""0"": 42767, ""1"": 38045, ""2"": 40294, ""3"": 34413, ""4"": 45752, ""5"": 12828}",connected
214199,636,20000,0.050000000000000044,0.021757268374785782,-2.728108263728209,"{""0"": 42776, ""1"": 38074, ""2"": 40308, ""3"": 34433, ""4"": 45776, ""5"": 12832}",connected
214299,636,20000,0.050000000000000044,0.023046337896957994,-2.728108263728209,"{""0"": 42790, ""1"": 38112, ""2"": 40319, ""3"": 34450, ""4"": 45795, ""5"": 12833}",connected
214399,636,20000,0.050000000000000044,0.022736052200198174,-2.728108263728209,"{""0"": 42796, ""1"": 38142, ""2"": 40339, ""3"": 34468, ""4"": 45821, ""5"": 12833}",connected
214499,638,20000,0.050000000000000044,0.02236240740865469,-2.782306432025507,"{""0"": 42815, ""1"": 38179, ""2"": 40354, ""3"": 34481, ""4"": 45837, ""5"": 12833}",connected
214599,638,20000,0.050000000000000044,0.023190102661028503,-2.782306432025507,"{""0"": 42824, ""1"": 38199, ""2"": 40373, ""3"": 34494, ""4"": 45874, ""5"": 12835}",connected
214699,638,20000,0.050000000000000044,0.024162087934091688,-2.782306432025507,"{""0"": 42829, ""1"": 38221, ""2"": 40400, ""3"": 34515, ""4"": 45893, ""5"": 12841}",connected
214799,638,20000,0.050000000000000044,0.02319347065873444,-2.782306432025507,"{""0"": 42838, ""1"": 38248, ""2"": 40426, ""3"": 34525, ""4"": 45915, ""5"": 12847}",connected
214899,638,20000,0.050000000000000044,0.023161060074344278,-2.782306432025507,"{""0"": 42886, ""1"": 38253, ""2"": 40432, ""3"": 34531, ""4"": 45946, ""5"": 12851}",connected
214999,638,20000,0.050000000000000044,0.022625020928680895,-2.782306432025507,"{""0"": 42936, ""1"": 38255, ""2"": 40432, ""3"": 34533, ""4"": 45992, ""5"": 12851}",connected
215099,638,20000,0.050000000000000044,0.019986958261579275,-2.782306432025507,"{""0"": 42994, ""1"": 38263, ""2"": 40432, ""3"": 34539, ""4"": 46018, ""5"": 12853}",connected
215199,640,20000,0.050000000000000044,0.019196434542536736,-2.6842163122072815,"{""0"": 43011, ""1"": 38283, ""2"": 40452, ""3"": 34551, ""4"": 46049, ""5"": 12853}",connected
215299,640,20000,0.050000000000000044,0.020248392494395376,-2.6842163122072815,"{""0"": 43036, ""1"": 38320, ""2"": 40457, ""3"": 34570, ""4"": 46059, ""5"": 12857}",connected
215399,642,20000,0.050000000000000044,0.02049004452303052,-2.4653174923546612,"{""0"": 43040, ""1"": 38368, ""2"": 40479, ""3"": 34575, ""4"": 46079, ""5"": 12858}",connected
215499,642,20000,0.050000000000000044,0.020772322816774248,-2.4653174923546612,"{""0"": 43056, ""1"": 38392, ""2"": 40501, ""3"": 34588, ""4"": 46101, ""5"": 12861}",connected
215599,642,20000,0.050000000000000044,0.021192574985325337,-2.4653174923546612,"{""0"": 43076, ""1"": 38410, ""2"": 40517, ""3"": 34612, ""4"": 46119, ""5"": 12865}",connected
215699,642,20000,0.050000000000000044,0.019902398195117712,-2.4653174923546612,"{""0"": 43079, ""1"": 38432, ""2"": 40530, ""3"": 34640, ""4"": 46153, ""5"": 12865}",connected
215799,642,20000,0.050000000000000044,0.019570357427001,-2.4653174923546612,"{""0"": 43097, ""1"": 38467, ""2"": 40540, ""3"": 34660, ""4"": 46170, ""5"": 12865}",connected
215899,642,20000,0.050000000000000044,0.01949283288791776,-2.4653174923546612,"{""0"": 43100, ""1"": 38517, ""2"": 40541, ""3"": 34661, ""4"": 46170, ""5"": 12910}",connected
215999,642,20000,0.050000000000000044,0.022051841178908946,-2.4653174923546612,"{""0"": 43100, ""1"": 38566, ""2"": 40542, ""3"": 34661, ""4"": 46170, ""5"": 12960}",connected
216099,644,20000,0.050000000000000044,0.02158900922164321,-2.64022765877191,"{""0"": 43102, ""1"": 38612, ""2"": 40551, ""3"": 34662, ""4"": 46175, ""5"": 12997}",connected
216199,644,20000,0.050000000000000044,0.023590836776420473,-2.64022765877191,"{""0"": 43108, ""1"": 38640, ""2"": 40563, ""3"": 34674, ""4"": 46211, ""5"": 13003}",connected
216299,644,20000,0.050000000000000044,0.022810355979017913,-2.64022765877191,"{""0"": 43113, ""1"": 38682, ""2"": 40592, ""3"": 34687, ""4"": 46218, ""5"": 13007}",connected
216399,644,20000,0.050000000000000044,0.021845923336222768,-2.64022765877191,"{""0"": 43139, ""1"": 38704, ""2"": 40623, ""3"": 34697, ""4"": 46220, ""5"": 13016}",connected
216499,644,20000,0.050000000000000044,0.024293535463511942,-2.64022765877191,"{""0"": 43144, ""1"": 38728, ""2"": 40641, ""3"": 34720, ""4"": 46250, ""5"": 13016}",connected
216599,646,20000,0.050000000000000044,0.02168310448527336,-2.547020470309071,"{""0"": 43157, ""1"": 38757, ""2"": 40669, ""3"": 34734, ""4"": 46261, ""5"": 13021}",connected
216699,646,20000,0.050000000000000044,0.02283073936123401,-2.547020470309071,"{""0"": 43165, ""1"": 38778, ""2"": 40682, ""3"": 34753, ""4"": 46298, ""5"": 13023}",connected
216799,648,20000,0.050000000000000044,0.022945204433053732,-2.378590229456313,"{""0"": 43169, ""1"": 38811, ""2"": 40691, ""3"": 34776, ""4"": 46328, ""5"": 13024}",connected
216899,648,20000,0.050000000000000044,0.02154469655826688,-2.378590229456313,"{""0"": 43180, ""1"": 38831, ""2"": 40706, ""3"": 34790, ""4"": 46361, ""5"": 13031}",connected
216999,648,20000,0.050000000000000044,0.02326141195371747,-2.378590229456313,"{""0"": 43186, ""1"": 38844, ""2"": 40735, ""3"": 34817, ""4"": 46384, ""5"": 13033}",connected
217099,648,20000,0.050000000000000044,0.02581160729750991,-2.378590229456313,"{""0"": 43198, ""1"": 38868, ""2"": 40746, ""3"": 34843, ""4"": 46409, ""5"": 13035}",connected
217199,648,20000,0.050000000000000044,0.023711361698806287,-2.378590229456313,"{""0"": 43205, ""1"": 38892, ""2"": 40759, ""3"": 34867, ""4"": 46441, ""5"": 13035}",connected
217299,648,20000,0.050000000000000044,0.022263889363966883,-2.378590229456313,"{""0"": 43215, ""1"": 38920, ""2"": 40769, ""3"": 34891, ""4"": 46468, ""5"": 13036}",connected
217399,648,20000,0.050000000000000044,0.020779751180671154,-2.378590229456313,"{""0"": 43215, ""1"": 38951, ""2"": 40784, ""3"": 34918, ""4"": 46495, ""5"": 13036}",connected
217499,648,20000,0.050000000000000044,0.01986337032634765,-2.378590229456313,"{""0"": 43224, ""1"": 38973, ""2"": 40802, ""3"": 34942, ""4"": 46520, ""5"": 13038}",connected
217599,650,20000,0.050000000000000044,0.021179631049744786,-2.3551045371312647,"{""0"": 43229, ""1"": 38997, ""2"": 40829, ""3"": 34955, ""4"": 46544, ""5"": 13045}",connected
217699,650,20000,0.050000000000000044,0.02140229459386319,-2.3551045371312647,"{""0"": 43236, ""1"": 39025, ""2"": 40840, ""3"": 34970, ""4"": 46578, ""5"": 13050}",connected
217799,650,20000,0.050000000000000044,0.023602590248920023,-2.3551045371312647,"{""0"": 43245, ""1"": 39066, ""2"": 40855, ""3"": 34989, ""4"": 46594, ""5"": 13050}",connected
217899,650,20000,0.050000000000000044,0.021205143560655414,-2.3551045371312647,"{""0"": 43248, ""1"": 39093, ""2"": 40862, ""3"": 35025, ""4"": 46620, ""5"": 13051}",connected
217999,650,20000,0.050000000000000044,0.020533038838766515,-2.3551045371312647,"{""0"": 43265, ""1"": 39113, ""2"": 40872, ""3"": 35042, ""4"": 46648, ""5"": 13059}",connected
218099,650,20000,0.050000000000000044,0.021722187846899034,-2.3551045371312647,"{""0"": 43292, ""1"": 39160, ""2"": 40872, ""3"": 35051, ""4"": 46649, ""5"": 13075}",connected
218199,650,20000,0.050000000000000044,0.020635615400969982,-2.3551045371312647,"{""0"": 43342, ""1"": 39192, ""2"": 40872, ""3"": 35052, ""4"": 46650, ""5"": 13091}",connected
218299,652,20000,0.050000000000000044,0.0203326256852597,-2.3571871890686453,"{""0"": 43369, ""1"": 39216, ""2"": 40883, ""3"": 35061, ""4"": 46675, ""5"": 13095}",connected
218399,652,20000,0.050000000000000044,0.02070241656154394,-2.3571871890686453,"{""0"": 43383, ""1"": 39254, ""2"": 40888, ""3"": 35082, ""4"": 46697, ""5"": 13095}",connected
218499,652,20000,0.050000000000000044,0.022137284465134143,-2.3571871890686453,"{""0"": 43387, ""1"": 39293, ""2"": 40897, ""3"": 35103, ""4"": 46716, ""5"": 13103}",connected
218599,652,20000,0.050000000000000044,0.022697604624554515,-2.3571871890686453,"{""0"": 43391, ""1"": 39335, ""2"": 40917, ""3"": 35117, ""4"": 46736, ""5"": 13103}",connected
218699,652,20000,0.050000000000000044,0.02356559588573873,-2.3571871890686453,"{""0"": 43400, ""1"": 39382, ""2"": 40937, ""3"": 35128, ""4"": 46746, ""5"": 13106}",connected
218799,652,20000,0.050000000000000044,0.025479769688099622,-2.3571871890686453,"{""0"": 43463, ""1"": 39383, ""2"": 40962, ""3"": 35130, ""4"": 46754, ""5"": 13107}",connected
218899,652,20000,0.050000000000000044,0.02382940348703414,-2.3571871890686453,"{""0"": 43477, ""1"": 39407, ""2"": 40978, ""3"": 35156, ""4"": 46773, ""5"": 13108}",connected
218999,654,20000,0.050000000000000044,0.02390113157685846,-2.3249737555067984,"{""0"": 43491, ""1"": 39429, ""2"": 40995, ""3"": 35185, ""4"": 46782, ""5"": 13117}",connected
219099,654,20000,0.050000000000000044,0.02516684092115611,-2.3249737555067984,"{""0"": 43496, ""1"": 39449, ""2"": 41011, ""3"": 35202, ""4"": 46819, ""5"": 13122}",connected
219199,654,20000,0.050000000000000044,0.02291434914339334,-2.3249737555067984,"{""0"": 43516, ""1"": 39484, ""2"": 41022, ""3"": 35208, ""4"": 46836, ""5"": 13133}",connected
219299,654,20000,0.050000000000000044,0.023538174917921425,-2.3249737555067984,"{""0"": 43520, ""1"": 39511, ""2"": 41036, ""3"": 35231, ""4"": 46857, ""5"": 13144}",connected
219399,654,20000,0.050000000000000044,0.022253161976113916,-2.3249737555067984,"{""0"": 43526, ""1"": 39539, ""2"": 41048, ""3"": 35255, ""4"": 46883, ""5"": 13148}",connected
219499,654,20000,0.050000000000000044,0.02157738504000008,-2.3249737555067984,"{""0"": 43545, ""1"": 39565, ""2"": 41059, ""3"": 35271, ""4"": 46901, ""5"": 13158}",connected
219599,654,20000,0.050000000000000044,0.022024930682964624,-2.3249737555067984,"{""0"": 43563, ""1"": 39598, ""2"": 41070, ""3"": 35290, ""4"": 46916, ""5"": 13162}",connected
219699,656,20000,0.050000000000000044,0.021076989402063193,-2.339093410097994,"{""0"": 43586, ""1"": 39634, ""2"": 41082, ""3"": 35296, ""4"": 46927, ""5"": 13174}",connected
219799,656,20000,0.050000000000000044,0.02223760603927076,-2.339093410097994,"{""0"": 43592, ""1"": 39639, ""2"": 41123, ""3"": 35308, ""4"": 46960, ""5"": 13177}",connected
219899,658,20000,0.050000000000000044,0.021073129666037856,-2.197496979152784,"{""0"": 43604, ""1"": 39672, ""2"": 41144, ""3"": 35319, ""4"": 46982, ""5"": 13178}",connected
219999,658,20000,0.050000000000000044,0.02087723385542631,-2.197496979152784,"{""0"": 43611, ""1"": 39691, ""2"": 41162, ""3"": 35336, ""4"": 47019, ""5"": 13180}",connected
220099,658,20000,0.050000000000000044,0.02092180298641324,-2.197496979152784,"{""0"": 43625, ""1"": 39707, ""2"": 41174, ""3"": 35358, ""4"": 47045, ""5"": 13190}",connected
220199,658,20000,0.050000000000000044,0.01952628997620195,-2.197496979152784,"{""0"": 43636, ""1"": 39755, ""2"": 41182, ""3"": 35372, ""4"": 47060, ""5"": 13194}",connected
220299,658,20000,0.050000000000000044,0.01995786916464567,-2.197496979152784,"{""0"": 43646, ""1"": 39779, ""2"": 41219, ""3"": 35387, ""4"": 47066, ""5"": 13202}",connected
220399,658,20000,0.050000000000000044,0.020087518226355315,-2.197496979152784,"{""0"": 43674, ""1"": 39804, ""2"": 41229, ""3"": 35401, ""4"": 47089, ""5"": 13202}",connected
220499,658,20000,0.050000000000000044,0.021836039256304503,-2.197496979152784,"{""0"": 43683, ""1"": 39827, ""2"": 41240, ""3"": 35427, ""4"": 47116, ""5"": 13206}",connected
220599,658,20000,0.050000000000000044,0.023079061061143876,-2.197496979152784,"{""0"": 43690, ""1"": 39861, ""2"": 41254, ""3"": 35438, ""4"": 47129, ""5"": 13227}",connected
220699,660,20000,0.050000000000000044,0.023842993369325997,-2.30296202537138,"{""0"": 43704, ""1"": 39878, ""2"": 41281, ""3"": 35455, ""4"": 47152, ""5"": 13229}",connected
220799,660,20000,0.050000000000000044,0.023150474592112006,-2.30296202537138,"{""0"": 43726, ""1"": 39904, ""2"": 41303, ""3"": 35463, ""4"": 47173, ""5"": 13230}",connected
220899,660,20000,0.050000000000000044,0.0211889486014843,-2.30296202537138,"{""0"": 43813, ""1"": 39905, ""2"": 41308, ""3"": 35467, ""4"": 47176, ""5"": 13230}",connected
220999,660,20000,0.050000000000000044,0.019681535311974585,-2.30296202537138,"{""0"": 43831, ""1"": 39934, ""2"": 41312, ""3"": 35490, ""4"": 47199, ""5"": 13233}",connected
221099,660,20000,0.050000000000000044,0.019987449175678195,-2.30296202537138,"{""0"": 43831, ""1"": 39955, ""2"": 41347, ""3"": 35512, ""4"": 47217, ""5"": 13237}",connected
221199,662,20000,0.050000000000000044,0.019474995266646148,-2.3147414203733208,"{""0"": 43834, ""1"": 39986, ""2"": 41377, ""3"": 35528, ""4"": 47232, ""5"": 13242}",connected
221299,662,20000,0.050000000000000044,0.018750465642660856,-2.3147414203733208,"{""0"": 43844, ""1"": 40003, ""2"": 41393, ""3"": 35544, ""4"": 47261, ""5"": 13254}",connected
221399,662,20000,0.050000000000000044,0.018978072507306935,-2.3147414203733208,"{""0"": 43856, ""1"": 40018, ""2"": 41405, ""3"": 35572, ""4"": 47290, ""5"": 13258}",connected
221499,662,20000,0.050000000000000044,0.01835708604659885,-2.3147414203733208,"{""0"": 43864, ""1"": 40043, ""2"": 41416, ""3"": 35593, ""4"": 47310, ""5"": 13273}",connected
221599,662,20000,0.050000000000000044,0.019131299913860856,-2.3147414203733208,"{""0"": 43882, ""1"": 40058, ""2"": 41442, ""3"": 35607, ""4"": 47326, ""5"": 13284}",connected
221699,662,20000,0.050000000000000044,0.020027106320485474,-2.3147414203733208,"{""0"": 43883, ""1"": 40084, ""2"": 41467, ""3"": 35624, ""4"": 47347, ""5"": 13294}",connected
221799,664,20000,0.050000000000000044,0.01976818892173469,-2.248008770965971,"{""0"": 43892, ""1"": 40092, ""2"": 41480, ""3"": 35650, ""4"": 47366, ""5"": 13319}",connected
221899,664,20000,0.050000000000000044,0.020028213057667017,-2.248008770965971,"{""0"": 43892, ""1"": 40093, ""2"": 41500, ""3"": 35700, ""4"": 47369, ""5"": 13345}",connected
221999,664,20000,0.050000000000000044,0.021607950259931386,-2.248008770965971,"{""0"": 43894, ""1"": 40100, ""2"": 41518, ""3"": 35733, ""4"": 47374, ""5"": 13380}",connected
222099,664,20000,0.050000000000000044,0.021463770805858075,-2.248008770965971,"{""0"": 43966, ""1"": 40102, ""2"": 41519, ""3"": 35745, ""4"": 47380, ""5"": 13387}",connected
222199,664,20000,0.050000000000000044,0.023563924040645362,-2.248008770965971,"{""0"": 44025, ""1"": 40109, ""2"": 41541, ""3"": 35750, ""4"": 47383, ""5"": 13391}",connected
222299,664,20000,0.050000000000000044,0.02197215018328279,-2.248008770965971,"{""0"": 44108, ""1"": 40114, ""2"": 41541, ""3"": 35751, ""4"": 47383, ""5"": 13402}",connected
222399,664,20000,0.050000000000000044,0.02052090108860284,-2.248008770965971,"{""0"": 44162, ""1"": 40122, ""2"": 41547, ""3"": 35763, ""4"": 47402, ""5"": 13403}",connected
222499,666,20000,0.050000000000000044,0.020174575909040867,-2.272313133394346,"{""0"": 44179, ""1"": 40150, ""2"": 41570, ""3"": 35766, ""4"": 47424, ""5"": 13410}",connected
222599,666,20000,0.050000000000000044,0.01862147075124085,-2.272313133394346,"{""0"": 44208, ""1"": 40173, ""2"": 41592, ""3"": 35776, ""4"": 47430, ""5"": 13420}",connected
222699,666,20000,0.050000000000000044,0.01892877334728837,-2.272313133394346,"{""0"": 44217, ""1"": 40203, ""2"": 41617, ""3"": 35783, ""4"": 47442, ""5"": 13437}",connected
222799,666,20000,0.050000000000000044,0.01903001590631902,-2.272313133394346,"{""0"": 44232, ""1"": 40225, ""2"": 41657, ""3"": 35785, ""4"": 47450, ""5"": 13450}",connected
222899,666,20000,0.050000000000000044,0.019658167976886035,-2.272313133394346,"{""0"": 44271, ""1"": 40237, ""2"": 41694, ""3"": 35787, ""4"": 47457, ""5"": 13453}",connected
222999,666,20000,0.050000000000000044,0.020059723374433815,-2.272313133394346,"{""0"": 44307, ""1"": 40254, ""2"": 41709, ""3"": 35809, ""4"": 47463, ""5"": 13457}",connected
223099,666,20000,0.050000000000000044,0.020907248165458442,-2.272313133394346,"{""0"": 44353, ""1"": 40266, ""2"": 41722, ""3"": 35830, ""4"": 47470, ""5"": 13458}",connected
223199,668,20000,0.050000000000000044,0.019134584343992175,-2.30496398427058,"{""0"": 44398, ""1"": 40277, ""2"": 41744, ""3"": 35841, ""4"": 47474, ""5"": 13465}",connected
223299,668,20000,0.050000000000000044,0.018777089272625745,-2.30496398427058,"{""0"": 44460, ""1"": 40286, ""2"": 41747, ""3"": 35860, ""4"": 47481, ""5"": 13465}",connected
223399,668,20000,0.050000000000000044,0.01876429732888937,-2.30496398427058,"{""0"": 44471, ""1"": 40319, ""2"": 41772, ""3"": 35871, ""4"": 47497, ""5"": 13469}",connected
223499,668,20000,0.050000000000000044,0.019420019718818366,-2.30496398427058,"{""0"": 44497, ""1"": 40330, ""2"": 41802, ""3"": 35882, ""4"": 47516, ""5"": 13472}",connected
223599,668,20000,0.050000000000000044,0.022368162954226136,-2.30496398427058,"{""0"": 44515, ""1"": 40351, ""2"": 41826, ""3"": 35895, ""4"": 47537, ""5"": 13475}",connected
223699,668,20000,0.050000000000000044,0.02257813067175448,-2.30496398427058,"{""0"": 44532, ""1"": 40367, ""2"": 41838, ""3"": 35917, ""4"": 47561, ""5"": 13484}",connected
223799,670,20000,0.050000000000000044,0.024943297961726785,-2.2229968296783045,"{""0"": 44559, ""1"": 40384, ""2"": 41862, ""3"": 35923, ""4"": 47575, ""5"": 13496}",connected
223899,670,20000,0.050000000000000044,0.02409783591516316,-2.2229968296783045,"{""0"": 44594, ""1"": 40395, ""2"": 41872, ""3"": 35933, ""4"": 47603, ""5"": 13502}",connected
223999,670,20000,0.050000000000000044,0.0243227876117453,-2.2229968296783045,"{""0"": 44621, ""1"": 40402, ""2"": 41917, ""3"": 35944, ""4"": 47612, ""5"": 13503}",connected
224099,670,20000,0.050000000000000044,0.02458711407147348,-2.2229968296783045,"{""0"": 44672, ""1"": 40402, ""2"": 41966, ""3"": 35944, ""4"": 47612, ""5"": 13503}",connected
224199,670,20000,0.050000000000000044,0.023051584684289993,-2.2229968296783045,"{""0"": 44716, ""1"": 40409, ""2"": 42004, ""3"": 35948, ""4"": 47614, ""5"": 13508}",connected
224299,670,20000,0.050000000000000044,0.02224496718030423,-2.2229968296783045,"{""0"": 44752, ""1"": 40431, ""2"": 42032, ""3"": 35952, ""4"": 47621, ""5"": 13511}",connected
224399,670,20000,0.050000000000000044,0.020808209511451424,-2.2229968296783045,"{""0"": 44803, ""1"": 40444, ""2"": 42060, ""3"": 35957, ""4"": 47624, ""5"": 13511}",connected
224499,672,20000,0.050000000000000044,0.020935479481704534,-2.2424869324127212,"{""0"": 44840, ""1"": 40464, ""2"": 42086, ""3"": 35962, ""4"": 47628, ""5"": 13519}",connected
224599,672,20000,0.050000000000000044,0.01917427428998053,-2.2424869324127212,"{""0"": 44867, ""1"": 40479, ""2"": 42101, ""3"": 35973, ""4"": 47658, ""5"": 13521}",connected
224699,672,20000,0.050000000000000044,0.020479977410286666,-2.2424869324127212,"{""0"": 44896, ""1"": 40489, ""2"": 42115, ""3"": 35988, ""4"": 47690, ""5"": 13521}",connected
224799,672,20000,0.050000000000000044,0.019981800923123957,-2.2424869324127212,"{""0"": 44928, ""1"": 40502, ""2"": 42124, ""3"": 36009, ""4"": 47715, ""5"": 13521}",connected
224899,672,20000,0.050000000000000044,0.02033400075044483,-2.2424869324127212,"{""0"": 44981, ""1"": 40513, ""2"": 42134, ""3"": 36023, ""4"": 47727, ""5"": 13521}",connected
224999,672,20000,0.050000000000000044,0.021252258755266665,-2.2424869324127212,"{""0"": 44996, ""1"": 40530, ""2"": 42149, ""3"": 36048, ""4"": 47748, ""5"": 13528}",connected
225099,672,20000,0.050000000000000044,0.02111235347110778,-2.2424869324127212,"{""0"": 45003, ""1"": 40559, ""2"": 42161, ""3"": 36072, ""4"": 47767, ""5"": 13537}",connected
225199,673,20000,0.050000000000000044,0.021410895306617023,-2.20608725279104,"{""0"": 45006, ""1"": 40582, ""2"": 42177, ""3"": 36093, ""4"": 47790, ""5"": 13551}",connected
225299,674,20000,0.050000000000000044,0.02221956941764802,-2.1827112712617964,"{""0"": 45058, ""1"": 40584, ""2"": 42194, ""3"": 36119, ""4"": 47793, ""5"": 13551}",connected
225399,674,20000,0.050000000000000044,0.02031203070655465,-2.1827112712617964,"{""0"": 45104, ""1"": 40584, ""2"": 42197, ""3"": 36169, ""4"": 47794, ""5"": 13551}",connected
225499,674,20000,0.050000000000000044,0.019192368909716605,-2.1827112712617964,"{""0"": 45152, ""1"": 40594, ""2"": 42199, ""3"": 36207, ""4"": 47795, ""5"": 13552}",connected
225599,674,20000,0.050000000000000044,0.02022624874021858,-2.1827112712617964,"{""0"": 45200, ""1"": 40594, ""2"": 42201, ""3"": 36254, ""4"": 47795, ""5"": 13555}",connected
225699,674,20000,0.050000000000000044,0.01964432460721582,-2.1827112712617964,"{""0"": 45237, ""1"": 40601, ""2"": 42207, ""3"": 36290, ""4"": 47809, ""5"": 13555}",connected
225799,674,20000,0.050000000000000044,0.020893074604682624,-2.1827112712617964,"{""0"": 45261, ""1"": 40629, ""2"": 42227, ""3"": 36304, ""4"": 47819, ""5"": 13559}",connected
225899,674,20000,0.050000000000000044,0.020335834100842477,-2.1827112712617964,"{""0"": 45305, ""1"": 40640, ""2"": 42237, ""3"": 36329, ""4"": 47823, ""5"": 13565}",connected
225999,676,20000,0.050000000000000044,0.018352285623550416,-2.2011600971780716,"{""0"": 45349, ""1"": 40652, ""2"": 42245, ""3"": 36353, ""4"": 47833, ""5"": 13567}",connected
226099,676,20000,0.050000000000000044,0.016102807321585713,-2.2011600971780716,"{""0"": 45368, ""1"": 40682, ""2"": 42269, ""3"": 36356, ""4"": 47842, ""5"": 13582}",connected
226199,676,20000,0.050000000000000044,0.016080107777379452,-2.2011600971780716,"{""0"": 45396, ""1"": 40705, ""2"": 42289, ""3"": 36369, ""4"": 47857, ""5"": 13583}",connected
226299,676,20000,0.050000000000000044,0.016908648437820376,-2.2011600971780716,"{""0"": 45399, ""1"": 40730, ""2"": 42311, ""3"": 36386, ""4"": 47888, ""5"": 13585}",connected
226399,676,20000,0.050000000000000044,0.016108075515367092,-2.2011600971780716,"{""0"": 45399, ""1"": 40770, ""2"": 42320, ""3"": 36398, ""4"": 47921, ""5"": 13591}",connected
226499,676,20000,0.050000000000000044,0.017172049805521963,-2.2011600971780716,"{""0"": 45406, ""1"": 40787, ""2"": 42322, ""3"": 36419, ""4"": 47954, ""5"": 13611}",connected
226599,678,20000,0.050000000000000044,0.016547114714048804,-2.131055340692401,"{""0"": 45423, ""1"": 40809, ""2"": 42357, ""3"": 36432, ""4"": 47962, ""5"": 13616}",connected
226699,678,20000,0.050000000000000044,0.017147846180014314,-2.131055340692401,"{""0"": 45487, ""1"": 40813, ""2"": 42357, ""3"": 36460, ""4"": 47964, ""5"": 13618}",connected
226799,678,20000,0.050000000000000044,0.01767197166569531,-2.131055340692401,"{""0"": 45563, ""1"": 40813, ""2"": 42357, ""3"": 36484, ""4"": 47964, ""5"": 13618}",connected
226899,678,20000,0.050000000000000044,0.01660641747061163,-2.131055340692401,"{""0"": 45637, ""1"": 40813, ""2"": 42357, ""3"": 36507, ""4"": 47965, ""5"": 13620}",connected
226999,678,20000,0.050000000000000044,0.01980595712084323,-2.131055340692401,"{""0"": 45717, ""1"": 40822, ""2"": 42366, ""3"": 36508, ""4"": 47965, ""5"": 13621}",connected
227099,678,20000,0.050000000000000044,0.019187773051671683,-2.131055340692401,"{""0"": 45815, ""1"": 40822, ""2"": 42366, ""3"": 36508, ""4"": 47966, ""5"": 13622}",connected
227199,678,20000,0.050000000000000044,0.020203265086747704,-2.131055340692401,"{""0"": 45901, ""1"": 40825, ""2"": 42369, ""3"": 36513, ""4"": 47967, ""5"": 13624}",connected
227299,678,20000,0.050000000000000044,0.019404084356501698,-2.131055340692401,"{""0"": 45987, ""1"": 40829, ""2"": 42375, ""3"": 36516, ""4"": 47968, ""5"": 13624}",connected
227399,680,20000,0.050000000000000044,0.017713470882736147,-2.026346263540909,"{""0"": 46025, ""1"": 40841, ""2"": 42389, ""3"": 36535, ""4"": 47982, ""5"": 13627}",connected
227499,680,20000,0.050000000000000044,0.017355910642072557,-2.026346263540909,"{""0"": 46092, ""1"": 40841, ""2"": 42393, ""3"": 36558, ""4"": 47987, ""5"": 13628}",connected
227599,680,20000,0.050000000000000044,0.016603806922212243,-2.026346263540909,"{""0"": 46141, ""1"": 40841, ""2"": 42393, ""3"": 36607, ""4"": 47988, ""5"": 13629}",connected
227699,680,20000,0.050000000000000044,0.017824096051044763,-2.026346263540909,"{""0"": 46196, ""1"": 40845, ""2"": 42398, ""3"": 36638, ""4"": 47993, ""5"": 13629}",connected
227799,680,20000,0.050000000000000044,0.017447109171189367,-2.026346263540909,"{""0"": 46218, ""1"": 40857, ""2"": 42414, ""3"": 36671, ""4"": 48009, ""5"": 13630}",connected
227899,680,20000,0.050000000000000044,0.0174202709691599,-2.026346263540909,"{""0"": 46230, ""1"": 40878, ""2"": 42434, ""3"": 36701, ""4"": 48024, ""5"": 13632}",connected
227999,680,20000,0.050000000000000044,0.018807007661089302,-2.026346263540909,"{""0"": 46325, ""1"": 40880, ""2"": 42435, ""3"": 36703, ""4"": 48024, ""5"": 13632}",connected
228099,682,20000,0.050000000000000044,0.019959328966215252,-2.142952680354938,"{""0"": 46401, ""1"": 40885, ""2"": 42438, ""3"": 36713, ""4"": 48025, ""5"": 13637}",connected
228199,682,20000,0.050000000000000044,0.021581722158007324,-2.142952680354938,"{""0"": 46492, ""1"": 40886, ""2"": 42438, ""3"": 36719, ""4"": 48026, ""5"": 13638}",connected
228299,682,20000,0.050000000000000044,0.022119296719320117,-2.142952680354938,"{""0"": 46546, ""1"": 40888, ""2"": 42440, ""3"": 36750, ""4"": 48035, ""5"": 13640}",connected
228399,682,20000,0.050000000000000044,0.021352073694579303,-2.142952680354938,"{""0"": 46570, ""1"": 40923, ""2"": 42452, ""3"": 36758, ""4"": 48054, ""5"": 13642}",connected
228499,682,20000,0.050000000000000044,0.02209277968853712,-2.142952680354938,"{""0"": 46603, ""1"": 40972, ""2"": 42453, ""3"": 36764, ""4"": 48063, ""5"": 13644}",connected
228599,682,20000,0.050000000000000044,0.02085052866488695,-2.142952680354938,"{""0"": 46623, ""1"": 41017, ""2"": 42459, ""3"": 36776, ""4"": 48080, ""5"": 13644}",connected
228699,682,20000,0.050000000000000044,0.020396126182749868,-2.142952680354938,"{""0"": 46644, ""1"": 41035, ""2"": 42463, ""3"": 36802, ""4"": 48109, ""5"": 13646}",connected
228799,684,20000,0.050000000000000044,0.019880171595141292,-2.2648988407291473,"{""0"": 46685, ""1"": 41041, ""2"": 42475, ""3"": 36820, ""4"": 48121, ""5"": 13657}",connected
228899,684,20000,0.050000000000000044,0.019756194762885572,-2.2648988407291473,"{""0"": 46771, ""1"": 41046, ""2"": 42482, ""3"": 36822, ""4"": 48121, ""5"": 13657}",connected
228999,684,20000,0.050000000000000044,0.018254687152802943,-2.2648988407291473,"{""0"": 46871, ""1"": 41046, ""2"": 42482, ""3"": 36822, ""4"": 48121, ""5"": 13657}",connected
229099,684,20000,0.050000000000000044,0.017868323978036643,-2.2648988407291473,"{""0"": 46941, ""1"": 41060, ""2"": 42491, ""3"": 36827, ""4"": 48123, ""5"": 13657}",connected
229199,684,20000,0.050000000000000044,0.019712296952493488,-2.2648988407291473,"{""0"": 46974, ""1"": 41075, ""2"": 42511, ""3"": 36856, ""4"": 48126, ""5"": 13657}",connected
229299,684,20000,0.050000000000000044,0.018518000692129135,-2.2648988407291473,"{""0"": 47018, ""1"": 41092, ""2"": 42524, ""3"": 36878, ""4"": 48129, ""5"": 13658}",connected
229399,684,20000,0.050000000000000044,0.019073995747603475,-2.2648988407291473,"{""0"": 47071, ""1"": 41101, ""2"": 42535, ""3"": 36899, ""4"": 48131, ""5"": 13662}",connected
229499,686,20000,0.050000000000000044,0.021191561007872225,-2.2673981205560265,"{""0"": 47122, ""1"": 41109, ""2"": 42545, ""3"": 36929, ""4"": 48131, ""5"": 13663}",connected
229599,686,20000,0.050000000000000044,0.020824829805642365,-2.2673981205560265,"{""0"": 47185, ""1"": 41119, ""2"": 42553, ""3"": 36944, ""4"": 48134, ""5"": 13664}",connected
229699,686,20000,0.050000000000000044,0.020984667679294945,-2.2673981205560265,"{""0"": 47228, ""1"": 41141, ""2"": 42575, ""3"": 36956, ""4"": 48134, ""5"": 13665}",connected
229799,686,20000,0.050000000000000044,0.022211557645350696,-2.2673981205560265,"{""0"": 47308, ""1"": 41147, ""2"": 42585, ""3"": 36959, ""4"": 48134, ""5"": 13666}",connected
229899,686,20000,0.050000000000000044,0.02169408303219825,-2.2673981205560265,"{""0"": 47364, ""1"": 41161, ""2"": 42592, ""3"": 36981, ""4"": 48134, ""5"": 13667}",connected
229999,686,20000,0.050000000000000044,0.020973366275429724,-2.2673981205560265,"{""0"": 47424, ""1"": 41177, ""2"": 42609, ""3"": 36987, ""4"": 48135, ""5"": 13667}",connected
230099,686,20000,0.050000000000000044,0.021048508258536457,-2.2673981205560265,"{""0"": 47488, ""1"": 41186, ""2"": 42624, ""3"": 36995, ""4"": 48137, ""5"": 13669}",connected
230199,688,20000,0.050000000000000044,0.01983512319624424,-2.4142911631939934,"{""0"": 47577, ""1"": 41192, ""2"": 42625, ""3"": 36999, ""4"": 48137, ""5"": 13669}",connected
230299,688,20000,0.050000000000000044,0.020443375846371056,-2.4142911631939934,"{""0"": 47665, ""1"": 41196, ""2"": 42629, ""3"": 37002, ""4"": 48138, ""5"": 13669}",connected
230399,688,20000,0.050000000000000044,0.02079986684024334,-2.4142911631939934,"{""0"": 47763, ""1"": 41197, ""2"": 42629, ""3"": 37002, ""4"": 48139, ""5"": 13669}",connected
230499,688,20000,0.050000000000000044,0.020497093172743917,-2.4142911631939934,"{""0"": 47827, ""1"": 41209, ""2"": 42645, ""3"": 37010, ""4"": 48139, ""5"": 13669}",connected
230599,688,20000,0.050000000000000044,0.02094580388162285,-2.4142911631939934,"{""0"": 47884, ""1"": 41222, ""2"": 42657, ""3"": 37025, ""4"": 48142, ""5"": 13669}",connected
230699,688,20000,0.050000000000000044,0.021505117546766997,-2.4142911631939934,"{""0"": 47970, ""1"": 41226, ""2"": 42661, ""3"": 37028, ""4"": 48143, ""5"": 13671}",connected
230799,688,20000,0.050000000000000044,0.02243445918895304,-2.4142911631939934,"{""0"": 48065, ""1"": 41227, ""2"": 42662, ""3"": 37028, ""4"": 48144, ""5"": 13673}",connected
230899,688,20000,0.050000000000000044,0.024776449818164112,-2.4142911631939934,"{""0"": 48140, ""1"": 41233, ""2"": 42671, ""3"": 37036, ""4"": 48146, ""5"": 13673}",connected
230999,690,20000,0.050000000000000044,0.025197058226913215,-2.478940008445643,"{""0"": 48212, ""1"": 41244, ""2"": 42683, ""3"": 37039, ""4"": 48146, ""5"": 13675}",connected
231099,690,20000,0.050000000000000044,0.023202358963899314,-2.478940008445643,"{""0"": 48266, ""1"": 41262, ""2"": 42701, ""3"": 37045, ""4"": 48146, ""5"": 13679}",connected
231199,690,20000,0.050000000000000044,0.021856016726233066,-2.478940008445643,"{""0"": 48296, ""1"": 41272, ""2"": 42714, ""3"": 37086, ""4"": 48146, ""5"": 13685}",connected
231299,690,20000,0.050000000000000044,0.022130332202650607,-2.478940008445643,"{""0"": 48313, ""1"": 41272, ""2"": 42714, ""3"": 37168, ""4"": 48147, ""5"": 13685}",connected
231399,690,20000,0.050000000000000044,0.02308123973663896,-2.478940008445643,"{""0"": 48341, ""1"": 41273, ""2"": 42715, ""3"": 37234, ""4"": 48147, ""5"": 13689}",connected
231499,690,20000,0.050000000000000044,0.024920688131824135,-2.478940008445643,"{""0"": 48413, ""1"": 41273, ""2"": 42715, ""3"": 37262, ""4"": 48147, ""5"": 13689}",connected
231599,690,20000,0.050000000000000044,0.02428253833204508,-2.478940008445643,"{""0"": 48497, ""1"": 41278, ""2"": 42718, ""3"": 37268, ""4"": 48148, ""5"": 13690}",connected
231699,692,20000,0.050000000000000044,0.023365058274939655,-2.5853293251711875,"{""0"": 48594, ""1"": 41278, ""2"": 42718, ""3"": 37269, ""4"": 48149, ""5"": 13691}",connected
231799,692,20000,0.050000000000000044,0.023517539389431477,-2.5853293251711875,"{""0"": 48637, ""1"": 41298, ""2"": 42735, ""3"": 37270, ""4"": 48150, ""5"": 13709}",connected
231899,692,20000,0.050000000000000044,0.02281806672923267,-2.5853293251711875,"{""0"": 48710, ""1"": 41307, ""2"": 42746, ""3"": 37271, ""4"": 48150, ""5"": 13715}",connected
231999,692,20000,0.050000000000000044,0.022794686378911137,-2.5853293251711875,"{""0"": 48755, ""1"": 41313, ""2"": 42752, ""3"": 37277, ""4"": 48152, ""5"": 13750}",connected
232099,692,20000,0.050000000000000044,0.021847681179642676,-2.5853293251711875,"{""0"": 48817, ""1"": 41315, ""2"": 42755, ""3"": 37303, ""4"": 48152, ""5"": 13757}",connected
232199,692,20000,0.050000000000000044,0.022095053223893046,-2.5853293251711875,"{""0"": 48877, ""1"": 41329, ""2"": 42769, ""3"": 37311, ""4"": 48152, ""5"": 13761}",connected
232299,692,20000,0.050000000000000044,0.021434140959754586,-2.5853293251711875,"{""0"": 48952, ""1"": 41340, ""2"": 42774, ""3"": 37313, ""4"": 48154, ""5"": 13766}",connected
232399,694,20000,0.050000000000000044,0.02328571074642241,-2.7357954445900394,"{""0"": 49011, ""1"": 41351, ""2"": 42788, ""3"": 37319, ""4"": 48155, ""5"": 13775}",connected
232499,694,20000,0.050000000000000044,0.022523208437487483,-2.7357954445900394,"{""0"": 49093, ""1"": 41358, ""2"": 42794, ""3"": 37322, ""4"": 48155, ""5"": 13777}",connected
232599,694,20000,0.050000000000000044,0.02076074651442468,-2.7357954445900394,"{""0"": 49137, ""1"": 41374, ""2"": 42811, ""3"": 37329, ""4"": 48158, ""5"": 13790}",connected
232699,694,20000,0.050000000000000044,0.022004561088979243,-2.7357954445900394,"{""0"": 49174, ""1"": 41400, ""2"": 42840, ""3"": 37334, ""4"": 48161, ""5"": 13790}",connected
232799,694,20000,0.050000000000000044,0.022285220995545387,-2.7357954445900394,"{""0"": 49243, ""1"": 41412, ""2"": 42853, ""3"": 37336, ""4"": 48161, ""5"": 13794}",connected
232899,694,20000,0.050000000000000044,0.0246698731277138,-2.7357954445900394,"{""0"": 49329, ""1"": 41412, ""2"": 42853, ""3"": 37343, ""4"": 48163, ""5"": 13799}",connected
232999,694,20000,0.050000000000000044,0.025085907699540257,-2.7357954445900394,"{""0"": 49395, ""1"": 41417, ""2"": 42856, ""3"": 37352, ""4"": 48165, ""5"": 13814}",connected
233099,695,20000,0.050000000000000044,0.024685847349464895,-2.7245471261674536,"{""0"": 49459, ""1"": 41431, ""2"": 42866, ""3"": 37361, ""4"": 48168, ""5"": 13814}",connected
233199,696,20000,0.050000000000000044,0.0241292383056134,-2.7107537737395613,"{""0"": 49521, ""1"": 41446, ""2"": 42880, ""3"": 37369, ""4"": 48169, ""5"": 13814}",connected
233299,696,20000,0.050000000000000044,0.022389622097834946,-2.7107537737395613,"{""0"": 49598, ""1"": 41453, ""2"": 42888, ""3"": 37371, ""4"": 48169, ""5"": 13820}",connected
233399,696,20000,0.050000000000000044,0.02346678690984845,-2.7107537737395613,"{""0"": 49647, ""1"": 41458, ""2"": 42893, ""3"": 37374, ""4"": 48169, ""5"": 13858}",connected
233499,696,20000,0.050000000000000044,0.023598813032731415,-2.7107537737395613,"{""0"": 49709, ""1"": 41461, ""2"": 42896, ""3"": 37377, ""4"": 48170, ""5"": 13886}",connected
233599,696,20000,0.050000000000000044,0.022654218655079602,-2.7107537737395613,"{""0"": 49787, ""1"": 41468, ""2"": 42903, ""3"": 37379, ""4"": 48171, ""5"": 13891}",connected
233699,696,20000,0.050000000000000044,0.024433735511265695,-2.7107537737395613,"{""0"": 49857, ""1"": 41474, ""2"": 42910, ""3"": 37380, ""4"": 48171, ""5"": 13907}",connected
233799,696,20000,0.050000000000000044,0.022572952290065586,-2.7107537737395613,"{""0"": 49919, ""1"": 41481, ""2"": 42917, ""3"": 37381, ""4"": 48171, ""5"": 13930}",connected
233899,698,20000,0.050000000000000044,0.022292019673623143,-2.7358607182465495,"{""0"": 49984, ""1"": 41498, ""2"": 42930, ""3"": 37384, ""4"": 48171, ""5"": 13932}",connected
233999,698,20000,0.050000000000000044,0.021892811404541135,-2.7358607182465495,"{""0"": 50029, ""1"": 41517, ""2"": 42948, ""3"": 37387, ""4"": 48171, ""5"": 13947}",connected
234099,698,20000,0.050000000000000044,0.01982044083531946,-2.7358607182465495,"{""0"": 50072, ""1"": 41537, ""2"": 42967, ""3"": 37394, ""4"": 48173, ""5"": 13956}",connected
234199,698,20000,0.050000000000000044,0.019428321816958485,-2.7358607182465495,"{""0"": 50103, ""1"": 41566, ""2"": 42994, ""3"": 37404, ""4"": 48175, ""5"": 13957}",connected
234299,698,20000,0.050000000000000044,0.020023383549414575,-2.7358607182465495,"{""0"": 50125, ""1"": 41590, ""2"": 43018, ""3"": 37412, ""4"": 48180, ""5"": 13974}",connected
234399,698,20000,0.050000000000000044,0.02267443821299821,-2.7358607182465495,"{""0"": 50154, ""1"": 41607, ""2"": 43035, ""3"": 37422, ""4"": 48185, ""5"": 13996}",connected
234499,698,20000,0.050000000000000044,0.023217342109419406,-2.7358607182465495,"{""0"": 50174, ""1"": 41635, ""2"": 43062, ""3"": 37424, ""4"": 48187, ""5"": 14017}",connected
234599,700,20000,0.050000000000000044,0.025128401112742723,-2.8160730999242514,"{""0"": 50219, ""1"": 41650, ""2"": 43080, ""3"": 37431, ""4"": 48188, ""5"": 14031}",connected
234699,700,20000,0.050000000000000044,0.024653679584152998,-2.8160730999242514,"{""0"": 50245, ""1"": 41674, ""2"": 43103, ""3"": 37435, ""4"": 48189, ""5"": 14053}",connected
234799,700,20000,0.050000000000000044,0.02447199624031782,-2.8160730999242514,"{""0"": 50275, ""1"": 41697, ""2"": 43132, ""3"": 37436, ""4"": 48192, ""5"": 14067}",connected
234899,700,20000,0.050000000000000044,0.02541863914579153,-2.8160730999242514,"{""0"": 50299, ""1"": 41724, ""2"": 43164, ""3"": 37442, ""4"": 48193, ""5"": 14077}",connected
234999,700,20000,0.050000000000000044,0.026228831531479955,-2.8160730999242514,"{""0"": 50343, ""1"": 41748, ""2"": 43187, ""3"": 37442, ""4"": 48193, ""5"": 14086}",connected
235099,700,20000,0.050000000000000044,0.02818529902026057,-2.8160730999242514,"{""0"": 50371, ""1"": 41760, ""2"": 43199, ""3"": 37447, ""4"": 48194, ""5"": 14128}",connected
235199,700,20000,0.050000000000000044,0.028898975672200324,-2.8160730999242514,"{""0"": 50416, ""1"": 41772, ""2"": 43209, ""3"": 37450, ""4"": 48194, ""5"": 14158}",connected
235299,702,20000,0.050000000000000044,0.02828245747834444,-2.825626542745158,"{""0"": 50443, ""1"": 41799, ""2"": 43237, ""3"": 37450, ""4"": 48194, ""5"": 14176}",connected
235399,702,20000,0.050000000000000044,0.028657756578177214,-2.825626542745158,"{""0"": 50478, ""1"": 41822, ""2"": 43258, ""3"": 37452, ""4"": 48194, ""5"": 14195}",connected
235499,702,20000,0.050000000000000044,0.02784992757253349,-2.825626542745158,"{""0"": 50508, ""1"": 41840, ""2"": 43277, ""3"": 37454, ""4"": 48194, ""5"": 14226}",connected
235599,702,20000,0.050000000000000044,0.026416815491393207,-2.825626542745158,"{""0"": 50522, ""1"": 41866, ""2"": 43301, ""3"": 37457, ""4"": 48194, ""5"": 14259}",connected
235699,702,20000,0.050000000000000044,0.026724543031305073,-2.825626542745158,"{""0"": 50552, ""1"": 41892, ""2"": 43330, ""3"": 37458, ""4"": 48195, ""5"": 14272}",connected
235799,702,20000,0.050000000000000044,0.025277317250147462,-2.825626542745158,"{""0"": 50576, ""1"": 41913, ""2"": 43353, ""3"": 37459, ""4"": 48195, ""5"": 14303}",connected
235899,702,20000,0.050000000000000044,0.024616994000971316,-2.825626542745158,"{""0"": 50600, ""1"": 41946, ""2"": 43381, ""3"": 37468, ""4"": 48198, ""5"": 14306}",connected
235999,704,20000,0.050000000000000044,0.02424522763118148,-2.8551380497263743,"{""0"": 50615, ""1"": 41972, ""2"": 43407, ""3"": 37472, ""4"": 48201, ""5"": 14332}",connected
236099,704,20000,0.050000000000000044,0.02649684837087989,-2.8551380497263743,"{""0"": 50651, ""1"": 41978, ""2"": 43414, ""3"": 37474, ""4"": 48201, ""5"": 14381}",connected
236199,704,20000,0.050000000000000044,0.028069704519584775,-2.8551380497263743,"{""0"": 50666, ""1"": 42012, ""2"": 43450, ""3"": 37476, ""4"": 48201, ""5"": 14394}",connected
236299,704,20000,0.050000000000000044,0.028822160102427007,-2.8551380497263743,"{""0"": 50686, ""1"": 42039, ""2"": 43475, ""3"": 37477, ""4"": 48201, ""5"": 14421}",connected
236399,704,20000,0.050000000000000044,0.03019933070987463,-2.8551380497263743,"{""0"": 50713, ""1"": 42060, ""2"": 43488, ""3"": 37478, ""4"": 48203, ""5"": 14457}",connected
236499,704,20000,0.050000000000000044,0.029206047961488367,-2.8551380497263743,"{""0"": 50750, ""1"": 42076, ""2"": 43509, ""3"": 37481, ""4"": 48205, ""5"": 14478}",connected
236599,704,20000,0.050000000000000044,0.029476310424506665,-2.8551380497263743,"{""0"": 50797, ""1"": 42087, ""2"": 43518, ""3"": 37483, ""4"": 48206, ""5"": 14508}",connected
236699,704,20000,0.050000000000000044,0.027262701480649413,-2.8551380497263743,"{""0"": 50826, ""1"": 42114, ""2"": 43547, ""3"": 37484, ""4"": 48207, ""5"": 14521}",connected
236799,706,20000,0.050000000000000044,0.025936897830106317,-3.0472215135721488,"{""0"": 50892, ""1"": 42120, ""2"": 43551, ""3"": 37487, ""4"": 48207, ""5"": 14542}",connected
236899,706,20000,0.050000000000000044,0.024607821027748288,-3.0472215135721488,"{""0"": 50928, ""1"": 42141, ""2"": 43577, ""3"": 37489, ""4"": 48208, ""5"": 14556}",connected
236999,706,20000,0.050000000000000044,0.021102565112523734,-3.0472215135721488,"{""0"": 50951, ""1"": 42170, ""2"": 43605, ""3"": 37490, ""4"": 48211, ""5"": 14572}",connected
237099,706,20000,0.050000000000000044,0.02429847711697221,-3.0472215135721488,"{""0"": 50959, ""1"": 42206, ""2"": 43641, ""3"": 37495, ""4"": 48213, ""5"": 14585}",connected
237199,706,20000,0.050000000000000044,0.02562704195268452,-3.0472215135721488,"{""0"": 50968, ""1"": 42232, ""2"": 43671, ""3"": 37506, ""4"": 48223, ""5"": 14599}",connected
237299,706,20000,0.050000000000000044,0.024695289451628924,-3.0472215135721488,"{""0"": 51045, ""1"": 42234, ""2"": 43682, ""3"": 37507, ""4"": 48226, ""5"": 14605}",connected
237399,706,20000,0.050000000000000044,0.025794982081279158,-3.0472215135721488,"{""0"": 51137, ""1"": 42234, ""2"": 43683, ""3"": 37510, ""4"": 48226, ""5"": 14609}",connected
237499,708,20000,0.050000000000000044,0.0242149811796844,-3.10429181067273,"{""0"": 51163, ""1"": 42248, ""2"": 43696, ""3"": 37512, ""4"": 48226, ""5"": 14654}",connected
237599,708,20000,0.050000000000000044,0.02208856868557632,-3.10429181067273,"{""0"": 51183, ""1"": 42280, ""2"": 43730, ""3"": 37514, ""4"": 48229, ""5"": 14663}",connected
237699,708,20000,0.050000000000000044,0.024182580029591918,-3.10429181067273,"{""0"": 51212, ""1"": 42310, ""2"": 43761, ""3"": 37517, ""4"": 48232, ""5"": 14667}",connected
237799,708,20000,0.050000000000000044,0.027749999482184647,-3.10429181067273,"{""0"": 51234, ""1"": 42336, ""2"": 43789, ""3"": 37529, ""4"": 48234, ""5"": 14677}",connected
237899,708,20000,0.050000000000000044,0.027431888896971943,-3.10429181067273,"{""0"": 51256, ""1"": 42350, ""2"": 43801, ""3"": 37541, ""4"": 48238, ""5"": 14713}",connected
237999,708,20000,0.050000000000000044,0.029381299540400505,-3.10429181067273,"{""0"": 51282, ""1"": 42379, ""2"": 43829, ""3"": 37541, ""4"": 48239, ""5"": 14729}",connected
238099,708,20000,0.050000000000000044,0.02787770955823362,-3.10429181067273,"{""0"": 51301, ""1"": 42414, ""2"": 43850, ""3"": 37553, ""4"": 48251, ""5"": 14730}",connected
238199,710,20000,0.050000000000000044,0.025982771385461092,-3.2346878378326074,"{""0"": 51308, ""1"": 42430, ""2"": 43877, ""3"": 37580, ""4"": 48271, ""5"": 14733}",connected
238299,710,20000,0.050000000000000044,0.028032201398164033,-3.2346878378326074,"{""0"": 51327, ""1"": 42468, ""2"": 43915, ""3"": 37580, ""4"": 48271, ""5"": 14738}",connected
238399,710,20000,0.050000000000000044,0.026972202374599873,-3.2346878378326074,"{""0"": 51335, ""1"": 42482, ""2"": 43960, ""3"": 37585, ""4"": 48285, ""5"": 14752}",connected
238499,710,20000,0.050000000000000044,0.026154043385758996,-3.2346878378326074,"{""0"": 51336, ""1"": 42484, ""2"": 44055, ""3"": 37587, ""4"": 48285, ""5"": 14752}",connected
238599,710,20000,0.050000000000000044,0.025094190798699855,-3.2346878378326074,"{""0"": 51341, ""1"": 42491, ""2"": 44087, ""3"": 37615, ""4"": 48305, ""5"": 14760}",connected
238699,710,20000,0.050000000000000044,0.02227279629558325,-3.2346878378326074,"{""0"": 51353, ""1"": 42522, ""2"": 44119, ""3"": 37624, ""4"": 48310, ""5"": 14771}",connected
238799,710,20000,0.050000000000000044,0.02181912085041404,-3.2346878378326074,"{""0"": 51384, ""1"": 42537, ""2"": 44138, ""3"": 37633, ""4"": 48319, ""5"": 14788}",connected
238899,712,20000,0.050000000000000044,0.02163427001796663,-3.40356739719864,"{""0"": 51390, ""1"": 42563, ""2"": 44176, ""3"": 37635, ""4"": 48330, ""5"": 14805}",connected
238999,712,20000,0.050000000000000044,0.02130090618506074,-3.40356739719864,"{""0"": 51395, ""1"": 42583, ""2"": 44199, ""3"": 37641, ""4"": 48352, ""5"": 14829}",connected
239099,712,20000,0.050000000000000044,0.020189951336942614,-3.40356739719864,"{""0"": 51424, ""1"": 42600, ""2"": 44217, ""3"": 37659, ""4"": 48356, ""5"": 14843}",connected
239199,712,20000,0.050000000000000044,0.019392279535532,-3.40356739719864,"{""0"": 51449, ""1"": 42612, ""2"": 44232, ""3"": 37673, ""4"": 48374, ""5"": 14859}",connected
239299,712,20000,0.050000000000000044,0.021179992738179863,-3.40356739719864,"{""0"": 51460, ""1"": 42612, ""2"": 44237, ""3"": 37700, ""4"": 48386, ""5"": 14904}",connected
239399,712,20000,0.050000000000000044,0.021555638844147323,-3.40356739719864,"{""0"": 51490, ""1"": 42630, ""2"": 44248, ""3"": 37713, ""4"": 48406, ""5"": 14912}",connected
239499,712,20000,0.050000000000000044,0.021339942920021712,-3.40356739719864,"{""0"": 51522, ""1"": 42648, ""2"": 44277, ""3"": 37726, ""4"": 48411, ""5"": 14915}",connected
239599,712,20000,0.050000000000000044,0.023043627277947964,-3.40356739719864,"{""0"": 51553, ""1"": 42679, ""2"": 44298, ""3"": 37730, ""4"": 48424, ""5"": 14915}",connected
239699,714,20000,0.050000000000000044,0.02155322754289955,-3.57437727260869,"{""0"": 51580, ""1"": 42695, ""2"": 44329, ""3"": 37743, ""4"": 48430, ""5"": 14922}",connected
239799,714,20000,0.050000000000000044,0.021068522613495587,-3.57437727260869,"{""0"": 51621, ""1"": 42704, ""2"": 44371, ""3"": 37745, ""4"": 48430, ""5"": 14928}",connected
239899,714,20000,0.050000000000000044,0.022314666574820875,-3.57437727260869,"{""0"": 51653, ""1"": 42728, ""2"": 44400, ""3"": 37754, ""4"": 48431, ""5"": 14933}",connected
239999,714,20000,0.050000000000000044,0.022170381709001957,-3.57437727260869,"{""0"": 51686, ""1"": 42752, ""2"": 44428, ""3"": 37765, ""4"": 48432, ""5"": 14936}",connected
240099,714,20000,0.050000000000000044,0.02136836060322821,-3.57437727260869,"{""0"": 51743, ""1"": 42756, ""2"": 44435, ""3"": 37771, ""4"": 48432, ""5"": 14962}",connected
240199,714,20000,0.050000000000000044,0.022117312136106192,-3.57437727260869,"{""0"": 51782, ""1"": 42779, ""2"": 44452, ""3"": 37786, ""4"": 48437, ""5"": 14963}",connected
240299,714,20000,0.050000000000000044,0.02210840436629951,-3.57437727260869,"{""0"": 51807, ""1"": 42804, ""2"": 44490, ""3"": 37793, ""4"": 48438, ""5"": 14967}",connected
240399,716,20000,0.050000000000000044,0.02041349298786372,-3.566867896541953,"{""0"": 51844, ""1"": 42825, ""2"": 44517, ""3"": 37807, ""4"": 48439, ""5"": 14967}",connected
240499,716,20000,0.050000000000000044,0.02113678495399654,-3.566867896541953,"{""0"": 51879, ""1"": 42854, ""2"": 44550, ""3"": 37808, ""4"": 48439, ""5"": 14969}",connected
240599,716,20000,0.050000000000000044,0.018836290682666002,-3.566867896541953,"{""0"": 51917, ""1"": 42870, ""2"": 44585, ""3"": 37811, ""4"": 48441, ""5"": 14975}",connected
240699,716,20000,0.050000000000000044,0.01960201217327267,-3.566867896541953,"{""0"": 51942, ""1"": 42891, ""2"": 44625, ""3"": 37816, ""4"": 48446, ""5"": 14979}",connected
240799,716,20000,0.050000000000000044,0.01861926043406129,-3.566867896541953,"{""0"": 51961, ""1"": 42898, ""2"": 44653, ""3"": 37836, ""4"": 48463, ""5"": 14988}",connected
240899,716,20000,0.050000000000000044,0.018780773547478022,-3.566867896541953,"{""0"": 51969, ""1"": 42904, ""2"": 44656, ""3"": 37863, ""4"": 48517, ""5"": 14990}",connected
240999,716,20000,0.050000000000000044,0.019328037519007923,-3.566867896541953,"{""0"": 52000, ""1"": 42906, ""2"": 44659, ""3"": 37895, ""4"": 48548, ""5"": 14991}",connected
241099,718,20000,0.050000000000000044,0.01985724193044007,-3.708204190530814,"{""0"": 52032, ""1"": 42915, ""2"": 44669, ""3"": 37922, ""4"": 48567, ""5"": 14994}",connected
241199,718,20000,0.050000000000000044,0.02240045431535691,-3.708204190530814,"{""0"": 52060, ""1"": 42937, ""2"": 44695, ""3"": 37932, ""4"": 48571, ""5"": 15004}",connected
241299,718,20000,0.050000000000000044,0.022912493171170355,-3.708204190530814,"{""0"": 52070, ""1"": 42967, ""2"": 44740, ""3"": 37941, ""4"": 48571, ""5"": 15010}",connected
241399,718,20000,0.050000000000000044,0.024193208068609237,-3.708204190530814,"{""0"": 52104, ""1"": 42989, ""2"": 44764, ""3"": 37954, ""4"": 48574, ""5"": 15014}",connected
241499,718,20000,0.050000000000000044,0.02407301327679306,-3.708204190530814,"{""0"": 52133, ""1"": 43016, ""2"": 44788, ""3"": 37966, ""4"": 48576, ""5"": 15020}",connected
241599,718,20000,0.050000000000000044,0.0223691026866436,-3.708204190530814,"{""0"": 52176, ""1"": 43034, ""2"": 44811, ""3"": 37975, ""4"": 48577, ""5"": 15026}",connected
241699,718,20000,0.050000000000000044,0.02085018386133015,-3.708204190530814,"{""0"": 52216, ""1"": 43060, ""2"": 44837, ""3"": 37979, ""4"": 48579, ""5"": 15028}",connected
241799,720,20000,0.050000000000000044,0.018426212170161306,-3.7205601058667526,"{""0"": 52251, ""1"": 43081, ""2"": 44862, ""3"": 37992, ""4"": 48581, ""5"": 15032}",connected
241899,720,20000,0.050000000000000044,0.016092784889042377,-3.7205601058667526,"{""0"": 52287, ""1"": 43105, ""2"": 44884, ""3"": 38007, ""4"": 48583, ""5"": 15033}",connected
241999,720,20000,0.050000000000000044,0.01604215132538229,-3.7205601058667526,"{""0"": 52307, ""1"": 43124, ""2"": 44915, ""3"": 38024, ""4"": 48589, ""5"": 15040}",connected
242099,720,20000,0.050000000000000044,0.018594700410030782,-3.7205601058667526,"{""0"": 52334, ""1"": 43151, ""2"": 44939, ""3"": 38040, ""4"": 48594, ""5"": 15041}",connected
242199,720,20000,0.050000000000000044,0.020359280025586485,-3.7205601058667526,"{""0"": 52365, ""1"": 43177, ""2"": 44966, ""3"": 38051, ""4"": 48594, ""5"": 15046}",connected
242299,720,20000,0.050000000000000044,0.02012302423361689,-3.7205601058667526,"{""0"": 52386, ""1"": 43198, ""2"": 44990, ""3"": 38068, ""4"": 48598, ""5"": 15059}",connected
242399,720,20000,0.050000000000000044,0.021849128338508307,-3.7205601058667526,"{""0"": 52414, ""1"": 43217, ""2"": 45009, ""3"": 38075, ""4"": 48599, ""5"": 15085}",connected
242499,720,20000,0.050000000000000044,0.019378721388056873,-3.7205601058667526,"{""0"": 52442, ""1"": 43245, ""2"": 45037, ""3"": 38078, ""4"": 48600, ""5"": 15097}",connected
242599,722,20000,0.050000000000000044,0.0209311844361946,-3.878444963954389,"{""0"": 52473, ""1"": 43260, ""2"": 45046, ""3"": 38112, ""4"": 48603, ""5"": 15105}",connected
242699,722,20000,0.050000000000000044,0.02047054217197001,-3.878444963954389,"{""0"": 52485, ""1"": 43276, ""2"": 45063, ""3"": 38139, ""4"": 48604, ""5"": 15132}",connected
242799,722,20000,0.050000000000000044,0.019153861929662525,-3.878444963954389,"{""0"": 52489, ""1"": 43280, ""2"": 45089, ""3"": 38172, ""4"": 48609, ""5"": 15160}",connected
242899,722,20000,0.050000000000000044,0.021954098921269177,-3.878444963954389,"{""0"": 52490, ""1"": 43283, ""2"": 45145, ""3"": 38195, ""4"": 48619, ""5"": 15167}",connected
242999,722,20000,0.050000000000000044,0.0198456914909184,-3.878444963954389,"{""0"": 52507, ""1"": 43304, ""2"": 45155, ""3"": 38197, ""4"": 48629, ""5"": 15207}",connected
243099,724,20000,0.050000000000000044,0.021598967090249062,-3.8211532044783234,"{""0"": 52537, ""1"": 43319, ""2"": 45167, ""3"": 38227, ""4"": 48634, ""5"": 15215}",connected
243199,724,20000,0.050000000000000044,0.021456347331404686,-3.8211532044783234,"{""0"": 52572, ""1"": 43341, ""2"": 45185, ""3"": 38240, ""4"": 48644, ""5"": 15217}",connected
243299,724,20000,0.050000000000000044,0.017844822825863957,-3.8211532044783234,"{""0"": 52621, ""1"": 43365, ""2"": 45203, ""3"": 38247, ""4"": 48644, ""5"": 15219}",connected
243399,724,20000,0.050000000000000044,0.016293210671283306,-3.8211532044783234,"{""0"": 52680, ""1"": 43374, ""2"": 45215, ""3"": 38265, ""4"": 48645, ""5"": 15220}",connected
243499,724,20000,0.050000000000000044,0.014686112334020436,-3.8211532044783234,"{""0"": 52741, ""1"": 43375, ""2"": 45215, ""3"": 38301, ""4"": 48646, ""5"": 15221}",connected
243599,724,20000,0.050000000000000044,0.014982491773553193,-3.8211532044783234,"{""0"": 52794, ""1"": 43394, ""2"": 45230, ""3"": 38314, ""4"": 48646, ""5"": 15221}",connected
243699,724,20000,0.050000000000000044,0.016220108601264657,-3.8211532044783234,"{""0"": 52838, ""1"": 43422, ""2"": 45248, ""3"": 38319, ""4"": 48648, ""5"": 15224}",connected
243799,726,20000,0.050000000000000044,0.017426166268996894,-3.836946541732177,"{""0"": 52854, ""1"": 43451, ""2"": 45266, ""3"": 38329, ""4"": 48661, ""5"": 15238}",connected
243899,726,20000,0.050000000000000044,0.017546113724820317,-3.836946541732177,"{""0"": 52854, ""1"": 43501, ""2"": 45266, ""3"": 38329, ""4"": 48663, ""5"": 15286}",connected
243999,726,20000,0.050000000000000044,0.016330144433304668,-3.836946541732177,"{""0"": 52854, ""1"": 43507, ""2"": 45306, ""3"": 38351, ""4"": 48684, ""5"": 15297}",connected
244099,726,20000,0.050000000000000044,0.01568353610113263,-3.836946541732177,"{""0"": 52854, ""1"": 43514, ""2"": 45333, ""3"": 38376, ""4"": 48707, ""5"": 15315}",connected
244199,726,20000,0.050000000000000044,0.016248666434548795,-3.836946541732177,"{""0"": 52873, ""1"": 43544, ""2"": 45337, ""3"": 38376, ""4"": 48753, ""5"": 15316}",connected
244299,726,20000,0.050000000000000044,0.01767735683824867,-3.836946541732177,"{""0"": 52895, ""1"": 43557, ""2"": 45356, ""3"": 38380, ""4"": 48786, ""5"": 15325}",connected
244399,726,20000,0.050000000000000044,0.02071405220311135,-3.836946541732177,"{""0"": 52923, ""1"": 43561, ""2"": 45357, ""3"": 38413, ""4"": 48816, ""5"": 15329}",connected
244499,728,20000,0.050000000000000044,0.0214042574679479,-3.9091730042919517,"{""0"": 52934, ""1"": 43589, ""2"": 45377, ""3"": 38419, ""4"": 48849, ""5"": 15331}",connected
244599,728,20000,0.050000000000000044,0.02112599793821573,-3.9091730042919517,"{""0"": 52945, ""1"": 43593, ""2"": 45426, ""3"": 38447, ""4"": 48853, ""5"": 15335}",connected
244699,728,20000,0.050000000000000044,0.01994159002788365,-3.9091730042919517,"{""0"": 52947, ""1"": 43593, ""2"": 45474, ""3"": 38497, ""4"": 48853, ""5"": 15335}",connected
244799,728,20000,0.050000000000000044,0.01733478346373886,-3.9091730042919517,"{""0"": 52949, ""1"": 43594, ""2"": 45544, ""3"": 38523, ""4"": 48853, ""5"": 15336}",connected
244899,728,20000,0.050000000000000044,0.018066434185020627,-3.9091730042919517,"{""0"": 52950, ""1"": 43619, ""2"": 45564, ""3"": 38533, ""4"": 48855, ""5"": 15378}",connected
244999,728,20000,0.050000000000000044,0.018458782844245434,-3.9091730042919517,"{""0"": 52965, ""1"": 43637, ""2"": 45586, ""3"": 38549, ""4"": 48863, ""5"": 15399}",connected
245099,728,20000,0.050000000000000044,0.019439480286091566,-3.9091730042919517,"{""0"": 52971, ""1"": 43689, ""2"": 45607, ""3"": 38551, ""4"": 48869, ""5"": 15412}",connected
245199,730,20000,0.050000000000000044,0.020371042848564683,-3.9456918386369946,"{""0"": 52989, ""1"": 43707, ""2"": 45628, ""3"": 38571, ""4"": 48892, ""5"": 15412}",connected
245299,730,20000,0.050000000000000044,0.020398243023082616,-3.9456918386369946,"{""0"": 53011, ""1"": 43733, ""2"": 45655, ""3"": 38595, ""4"": 48892, ""5"": 15413}",connected
245399,730,20000,0.050000000000000044,0.020850769989192487,-3.9456918386369946,"{""0"": 53025, ""1"": 43753, ""2"": 45671, ""3"": 38640, ""4"": 48894, ""5"": 15416}",connected
245499,730,20000,0.050000000000000044,0.020775282513350247,-3.9456918386369946,"{""0"": 53043, ""1"": 43776, ""2"": 45692, ""3"": 38662, ""4"": 48910, ""5"": 15416}",connected
245599,730,20000,0.050000000000000044,0.019808642170391976,-3.9456918386369946,"{""0"": 53053, ""1"": 43791, ""2"": 45703, ""3"": 38707, ""4"": 48925, ""5"": 15420}",connected
245699,730,20000,0.050000000000000044,0.01828287384007126,-3.9456918386369946,"{""0"": 53065, ""1"": 43815, ""2"": 45721, ""3"": 38735, ""4"": 48943, ""5"": 15420}",connected
245799,730,20000,0.050000000000000044,0.019005347657948733,-3.9456918386369946,"{""0"": 53075, ""1"": 43826, ""2"": 45727, ""3"": 38786, ""4"": 48965, ""5"": 15420}",connected
245899,730,20000,0.050000000000000044,0.01925015325192362,-3.9456918386369946,"{""0"": 53097, ""1"": 43835, ""2"": 45732, ""3"": 38827, ""4"": 48984, ""5"": 15424}",connected
245999,732,20000,0.050000000000000044,0.020852090222761036,-4.08052658174187,"{""0"": 53126, ""1"": 43849, ""2"": 45748, ""3"": 38854, ""4"": 48987, ""5"": 15435}",connected
246099,732,20000,0.050000000000000044,0.019926640442572533,-4.08052658174187,"{""0"": 53169, ""1"": 43869, ""2"": 45767, ""3"": 38862, ""4"": 48991, ""5"": 15441}",connected
246199,732,20000,0.050000000000000044,0.01669966195942834,-4.08052658174187,"{""0"": 53184, ""1"": 43889, ""2"": 45794, ""3"": 38890, ""4"": 48993, ""5"": 15449}",connected
246299,732,20000,0.050000000000000044,0.014700488885864615,-4.08052658174187,"{""0"": 53191, ""1"": 43909, ""2"": 45811, ""3"": 38941, ""4"": 48993, ""5"": 15454}",connected
246399,732,20000,0.050000000000000044,0.013056276729330421,-4.08052658174187,"{""0"": 53203, ""1"": 43926, ""2"": 45828, ""3"": 38990, ""4"": 48997, ""5"": 15455}",connected
246499,732,20000,0.050000000000000044,0.014780019093304873,-4.08052658174187,"{""0"": 53211, ""1"": 43952, ""2"": 45847, ""3"": 39019, ""4"": 49014, ""5"": 15456}",connected
246599,732,20000,0.050000000000000044,0.016931261902209373,-4.08052658174187,"{""0"": 53212, ""1"": 43973, ""2"": 45868, ""3"": 39058, ""4"": 49032, ""5"": 15456}",connected
246699,734,20000,0.050000000000000044,0.019114841371774674,-4.09563837628346,"{""0"": 53220, ""1"": 43997, ""2"": 45893, ""3"": 39084, ""4"": 49048, ""5"": 15457}",connected
246799,734,20000,0.050000000000000044,0.01820790095254779,-4.09563837628346,"{""0"": 53253, ""1"": 44020, ""2"": 45918, ""3"": 39095, ""4"": 49051, ""5"": 15462}",connected
246899,734,20000,0.050000000000000044,0.01685240338090807,-4.09563837628346,"{""0"": 53285, ""1"": 44044, ""2"": 45941, ""3"": 39106, ""4"": 49055, ""5"": 15468}",connected
246999,734,20000,0.050000000000000044,0.017743560951203108,-4.09563837628346,"{""0"": 53305, ""1"": 44066, ""2"": 45960, ""3"": 39140, ""4"": 49056, ""5"": 15472}",connected
247099,734,20000,0.050000000000000044,0.01743910033488646,-4.09563837628346,"{""0"": 53312, ""1"": 44097, ""2"": 45980, ""3"": 39161, ""4"": 49071, ""5"": 15478}",connected
247199,734,20000,0.050000000000000044,0.018592916412744673,-4.09563837628346,"{""0"": 53315, ""1"": 44155, ""2"": 46002, ""3"": 39165, ""4"": 49075, ""5"": 15487}",connected
247299,734,20000,0.050000000000000044,0.018440262475050987,-4.09563837628346,"{""0"": 53318, ""1"": 44207, ""2"": 46008, ""3"": 39196, ""4"": 49078, ""5"": 15492}",connected
247399,736,20000,0.050000000000000044,0.01755696423817426,-4.09113876550924,"{""0"": 53327, ""1"": 44233, ""2"": 46021, ""3"": 39230, ""4"": 49091, ""5"": 15497}",connected
247499,736,20000,0.050000000000000044,0.014849262698553502,-4.09113876550924,"{""0"": 53339, ""1"": 44255, ""2"": 46047, ""3"": 39252, ""4"": 49101, ""5"": 15505}",connected
247599,736,20000,0.050000000000000044,0.013792919500265271,-4.09113876550924,"{""0"": 53361, ""1"": 44288, ""2"": 46070, ""3"": 39266, ""4"": 49106, ""5"": 15508}",connected
247699,736,20000,0.050000000000000044,0.014801593779120594,-4.09113876550924,"{""0"": 53366, ""1"": 44308, ""2"": 46092, ""3"": 39296, ""4"": 49123, ""5"": 15514}",connected
247799,736,20000,0.050000000000000044,0.014785980249289423,-4.09113876550924,"{""0"": 53379, ""1"": 44342, ""2"": 46121, ""3"": 39307, ""4"": 49126, ""5"": 15524}",connected
247899,736,20000,0.050000000000000044,0.017066907135304062,-4.09113876550924,"{""0"": 53395, ""1"": 44360, ""2"": 46150, ""3"": 39335, ""4"": 49130, ""5"": 15529}",connected
247999,736,20000,0.050000000000000044,0.020496224304661154,-4.09113876550924,"{""0"": 53404, ""1"": 44388, ""2"": 46175, ""3"": 39370, ""4"": 49131, ""5"": 15531}",connected
248099,738,20000,0.050000000000000044,0.020689486858900638,-4.096628676299006,"{""0"": 53434, ""1"": 44408, ""2"": 46192, ""3"": 39392, ""4"": 49137, ""5"": 15536}",connected
248199,738,20000,0.050000000000000044,0.02001420416403562,-4.096628676299006,"{""0"": 53442, ""1"": 44446, ""2"": 46231, ""3"": 39401, ""4"": 49137, ""5"": 15542}",connected
248299,738,20000,0.050000000000000044,0.018686935792211444,-4.096628676299006,"{""0"": 53445, ""1"": 44482, ""2"": 46266, ""3"": 39421, ""4"": 49141, ""5"": 15544}",connected
248399,738,20000,0.050000000000000044,0.014513706481084227,-4.096628676299006,"{""0"": 53449, ""1"": 44508, ""2"": 46289, ""3"": 39449, ""4"": 49153, ""5"": 15551}",connected
248499,738,20000,0.050000000000000044,0.015312850950285792,-4.096628676299006,"{""0"": 53457, ""1"": 44541, ""2"": 46334, ""3"": 39455, ""4"": 49157, ""5"": 15555}",connected
248599,738,20000,0.050000000000000044,0.01445659272139892,-4.096628676299006,"{""0"": 53470, ""1"": 44568, ""2"": 46355, ""3"": 39487, ""4"": 49160, ""5"": 15559}",connected
248699,738,20000,0.050000000000000044,0.01525498172501102,-4.096628676299006,"{""0"": 53493, ""1"": 44605, ""2"": 46387, ""3"": 39492, ""4"": 49160, ""5"": 15562}",connected
248799,738,20000,0.050000000000000044,0.016850285814143717,-4.096628676299006,"{""0"": 53497, ""1"": 44639, ""2"": 46429, ""3"": 39506, ""4"": 49162, ""5"": 15566}",connected
248899,740,20000,0.050000000000000044,0.016515063382685186,-4.181483035376296,"{""0"": 53507, ""1"": 44664, ""2"": 46463, ""3"": 39532, ""4"": 49163, ""5"": 15570}",connected
248999,740,20000,0.050000000000000044,0.017561402062419802,-4.181483035376296,"{""0"": 53516, ""1"": 44686, ""2"": 46486, ""3"": 39557, ""4"": 49177, ""5"": 15577}",connected
249099,740,20000,0.050000000000000044,0.019188730714377017,-4.181483035376296,"{""0"": 53520, ""1"": 44723, ""2"": 46523, ""3"": 39572, ""4"": 49182, ""5"": 15579}",connected
249199,740,20000,0.050000000000000044,0.019320041215978564,-4.181483035376296,"{""0"": 53537, ""1"": 44751, ""2"": 46556, ""3"": 39585, ""4"": 49189, ""5"": 15581}",connected
249299,740,20000,0.050000000000000044,0.017249986806418746,-4.181483035376296,"{""0"": 53542, ""1"": 44782, ""2"": 46586, ""3"": 39607, ""4"": 49200, ""5"": 15582}",connected
249399,740,20000,0.050000000000000044,0.017886694392655045,-4.181483035376296,"{""0"": 53549, ""1"": 44791, ""2"": 46605, ""3"": 39627, ""4"": 49242, ""5"": 15585}",connected
249499,740,20000,0.050000000000000044,0.014636890140827745,-4.181483035376296,"{""0"": 53552, ""1"": 44793, ""2"": 46605, ""3"": 39670, ""4"": 49293, ""5"": 15586}",connected
249599,742,20000,0.050000000000000044,0.013079350769985468,-4.314682441316545,"{""0"": 53569, ""1"": 44809, ""2"": 46620, ""3"": 39700, ""4"": 49313, ""5"": 15588}",connected
249699,742,20000,0.050000000000000044,0.014841268146410585,-4.314682441316545,"{""0"": 53575, ""1"": 44838, ""2"": 46648, ""3"": 39721, ""4"": 49321, ""5"": 15596}",connected
249799,742,20000,0.050000000000000044,0.012281184876337647,-4.314682441316545,"{""0"": 53589, ""1"": 44859, ""2"": 46676, ""3"": 39739, ""4"": 49338, ""5"": 15598}",connected
249899,742,20000,0.050000000000000044,0.015831066162791105,-4.314682441316545,"{""0"": 53660, ""1"": 44860, ""2"": 46682, ""3"": 39755, ""4"": 49342, ""5"": 15600}",connected
249999,742,20000,0.050000000000000044,0.016837197821587324,-4.314682441316545,"{""0"": 53678, ""1"": 44867, ""2"": 46699, ""3"": 39781, ""4"": 49372, ""5"": 15602}",connected
250099,742,20000,0.050000000000000044,0.01791636865353212,-4.314682441316545,"{""0"": 53694, ""1"": 44876, ""2"": 46708, ""3"": 39805, ""4"": 49412, ""5"": 15604}",connected
250199,742,20000,0.050000000000000044,0.01891086985822767,-4.314682441316545,"{""0"": 53784, ""1"": 44877, ""2"": 46708, ""3"": 39807, ""4"": 49419, ""5"": 15604}",connected
250299,744,20000,0.050000000000000044,0.017160210628062486,-4.260361750116572,"{""0"": 53830, ""1"": 44891, ""2"": 46720, ""3"": 39824, ""4"": 49429, ""5"": 15605}",connected
250399,744,20000,0.050000000000000044,0.018405164699070154,-4.260361750116572,"{""0"": 53847, ""1"": 44913, ""2"": 46747, ""3"": 39838, ""4"": 49445, ""5"": 15609}",connected
250499,744,20000,0.050000000000000044,0.015891695313621314,-4.260361750116572,"{""0"": 53874, ""1"": 44916, ""2"": 46774, ""3"": 39858, ""4"": 49465, ""5"": 15612}",connected
250599,744,20000,0.050000000000000044,0.01635184570448473,-4.260361750116572,"{""0"": 53875, ""1"": 44917, ""2"": 46851, ""3"": 39874, ""4"": 49469, ""5"": 15613}",connected
250699,744,20000,0.050000000000000044,0.015907294841017574,-4.260361750116572,"{""0"": 53877, ""1"": 44919, ""2"": 46893, ""3"": 39905, ""4"": 49475, ""5"": 15630}",connected
250799,744,20000,0.050000000000000044,0.015894524513278156,-4.260361750116572,"{""0"": 53877, ""1"": 44922, ""2"": 46963, ""3"": 39913, ""4"": 49478, ""5"": 15646}",connected
250899,744,20000,0.050000000000000044,0.017179955353494734,-4.260361750116572,"{""0"": 53882, ""1"": 44931, ""2"": 47027, ""3"": 39923, ""4"": 49486, ""5"": 15650}",connected
250999,746,20000,0.050000000000000044,0.018251740355044604,-4.36661924501881,"{""0"": 53887, ""1"": 44933, ""2"": 47084, ""3"": 39949, ""4"": 49489, ""5"": 15657}",connected
251099,746,20000,0.050000000000000044,0.018535773267503827,-4.36661924501881,"{""0"": 53905, ""1"": 44963, ""2"": 47117, ""3"": 39964, ""4"": 49492, ""5"": 15658}",connected
251199,746,20000,0.050000000000000044,0.018667720346711575,-4.36661924501881,"{""0"": 53923, ""1"": 44998, ""2"": 47147, ""3"": 39976, ""4"": 49493, ""5"": 15662}",connected
251299,746,20000,0.050000000000000044,0.019410146365407853,-4.36661924501881,"{""0"": 53949, ""1"": 45021, ""2"": 47170, ""3"": 39990, ""4"": 49496, ""5"": 15673}",connected
251399,746,20000,0.050000000000000044,0.016530658919364213,-4.36661924501881,"{""0"": 53964, ""1"": 45064, ""2"": 47204, ""3"": 39997, ""4"": 49496, ""5"": 15674}",connected
251499,746,20000,0.050000000000000044,0.01712863877415657,-4.36661924501881,"{""0"": 53978, ""1"": 45087, ""2"": 47239, ""3"": 40005, ""4"": 49503, ""5"": 15687}",connected
251599,746,20000,0.050000000000000044,0.01584493261994794,-4.36661924501881,"{""0"": 53989, ""1"": 45107, ""2"": 47271, ""3"": 40020, ""4"": 49519, ""5"": 15693}",connected
251699,746,20000,0.050000000000000044,0.015944040790200235,-4.36661924501881,"{""0"": 54008, ""1"": 45145, ""2"": 47302, ""3"": 40032, ""4"": 49519, ""5"": 15693}",connected
251799,748,20000,0.050000000000000044,0.017629476797301324,-4.507369265267625,"{""0"": 54024, ""1"": 45172, ""2"": 47336, ""3"": 40046, ""4"": 49524, ""5"": 15697}",connected
251899,748,20000,0.050000000000000044,0.01659217728767544,-4.507369265267625,"{""0"": 54036, ""1"": 45198, ""2"": 47365, ""3"": 40067, ""4"": 49527, ""5"": 15706}",connected
251999,748,20000,0.050000000000000044,0.015745315910317005,-4.507369265267625,"{""0"": 54050, ""1"": 45222, ""2"": 47390, ""3"": 40085, ""4"": 49537, ""5"": 15715}",connected
252099,748,20000,0.050000000000000044,0.01402638445608318,-4.507369265267625,"{""0"": 54058, ""1"": 45236, ""2"": 47404, ""3"": 40103, ""4"": 49576, ""5"": 15722}",connected
252199,748,20000,0.050000000000000044,0.013904409816022962,-4.507369265267625,"{""0"": 54063, ""1"": 45247, ""2"": 47409, ""3"": 40142, ""4"": 49612, ""5"": 15726}",connected
252299,748,20000,0.050000000000000044,0.013506685828324407,-4.507369265267625,"{""0"": 54064, ""1"": 45248, ""2"": 47413, ""3"": 40179, ""4"": 49669, ""5"": 15726}",connected
252399,748,20000,0.050000000000000044,0.01457162796985358,-4.507369265267625,"{""0"": 54064, ""1"": 45252, ""2"": 47416, ""3"": 40219, ""4"": 49721, ""5"": 15727}",connected
252499,750,20000,0.050000000000000044,0.015181169668212533,-4.506776472250931,"{""0"": 54096, ""1"": 45270, ""2"": 47433, ""3"": 40236, ""4"": 49735, ""5"": 15729}",connected
252599,750,20000,0.050000000000000044,0.015641091149300335,-4.506776472250931,"{""0"": 54113, ""1"": 45297, ""2"": 47463, ""3"": 40253, ""4"": 49741, ""5"": 15732}",connected
252699,750,20000,0.050000000000000044,0.01719440015265718,-4.506776472250931,"{""0"": 54125, ""1"": 45332, ""2"": 47500, ""3"": 40258, ""4"": 49744, ""5"": 15740}",connected
252799,750,20000,0.050000000000000044,0.016821874214801937,-4.506776472250931,"{""0"": 54144, ""1"": 45364, ""2"": 47535, ""3"": 40266, ""4"": 49745, ""5"": 15745}",connected
252899,750,20000,0.050000000000000044,0.016366526691708714,-4.506776472250931,"{""0"": 54152, ""1"": 45372, ""2"": 47556, ""3"": 40302, ""4"": 49771, ""5"": 15746}",connected
252999,750,20000,0.050000000000000044,0.014546235634479671,-4.506776472250931,"{""0"": 54177, ""1"": 45392, ""2"": 47572, ""3"": 40326, ""4"": 49785, ""5"": 15747}",connected
253099,750,20000,0.050000000000000044,0.012557660955935716,-4.506776472250931,"{""0"": 54184, ""1"": 45412, ""2"": 47599, ""3"": 40357, ""4"": 49799, ""5"": 15748}",connected
253199,752,20000,0.050000000000000044,0.011145976630505174,-4.480873774811625,"{""0"": 54195, ""1"": 45439, ""2"": 47624, ""3"": 40386, ""4"": 49805, ""5"": 15750}",connected
253299,752,20000,0.050000000000000044,0.01127774640219286,-4.480873774811625,"{""0"": 54198, ""1"": 45452, ""2"": 47645, ""3"": 40395, ""4"": 49837, ""5"": 15772}",connected
253399,752,20000,0.050000000000000044,0.014031948868650944,-4.480873774811625,"{""0"": 54203, ""1"": 45495, ""2"": 47653, ""3"": 40412, ""4"": 49862, ""5"": 15774}",connected
253499,752,20000,0.050000000000000044,0.015589869681280106,-4.480873774811625,"{""0"": 54211, ""1"": 45510, ""2"": 47667, ""3"": 40442, ""4"": 49890, ""5"": 15779}",connected
253599,752,20000,0.050000000000000044,0.0159161331737414,-4.480873774811625,"{""0"": 54228, ""1"": 45556, ""2"": 47677, ""3"": 40446, ""4"": 49909, ""5"": 15783}",connected
253699,752,20000,0.050000000000000044,0.015579234794713556,-4.480873774811625,"{""0"": 54231, ""1"": 45564, ""2"": 47691, ""3"": 40481, ""4"": 49948, ""5"": 15784}",connected
253799,752,20000,0.050000000000000044,0.015221101206261665,-4.480873774811625,"{""0"": 54240, ""1"": 45587, ""2"": 47693, ""3"": 40508, ""4"": 49978, ""5"": 15793}",connected
253899,754,20000,0.050000000000000044,0.013754439244512468,-4.496715595112182,"{""0"": 54244, ""1"": 45629, ""2"": 47697, ""3"": 40519, ""4"": 50016, ""5"": 15794}",connected
253999,754,20000,0.050000000000000044,0.014716864267829805,-4.496715595112182,"{""0"": 54269, ""1"": 45656, ""2"": 47730, ""3"": 40529, ""4"": 50021, ""5"": 15794}",connected
254099,754,20000,0.050000000000000044,0.015432652321178466,-4.496715595112182,"{""0"": 54290, ""1"": 45692, ""2"": 47763, ""3"": 40537, ""4"": 50022, ""5"": 15795}",connected
254199,754,20000,0.050000000000000044,0.01586079437751323,-4.496715595112182,"{""0"": 54312, ""1"": 45719, ""2"": 47791, ""3"": 40551, ""4"": 50030, ""5"": 15796}",connected
254299,754,20000,0.050000000000000044,0.01716878107516095,-4.496715595112182,"{""0"": 54330, ""1"": 45742, ""2"": 47810, ""3"": 40583, ""4"": 50038, ""5"": 15796}",connected
254399,754,20000,0.050000000000000044,0.018742286080960183,-4.496715595112182,"{""0"": 54338, ""1"": 45777, ""2"": 47846, ""3"": 40600, ""4"": 50042, ""5"": 15796}",connected
254499,754,20000,0.050000000000000044,0.01884462513960898,-4.496715595112182,"{""0"": 54348, ""1"": 45795, ""2"": 47867, ""3"": 40632, ""4"": 50054, ""5"": 15803}",connected
254599,754,20000,0.050000000000000044,0.01757741891313344,-4.496715595112182,"{""0"": 54353, ""1"": 45827, ""2"": 47895, ""3"": 40652, ""4"": 50065, ""5"": 15807}",connected
254699,756,20000,0.050000000000000044,0.01736713183578104,-4.478468354772776,"{""0"": 54387, ""1"": 45852, ""2"": 47917, ""3"": 40667, ""4"": 50067, ""5"": 15809}",connected
254799,756,20000,0.050000000000000044,0.014250111379660667,-4.478468354772776,"{""0"": 54403, ""1"": 45879, ""2"": 47942, ""3"": 40694, ""4"": 50071, ""5"": 15810}",connected
254899,756,20000,0.050000000000000044,0.013514008184429258,-4.478468354772776,"{""0"": 54423, ""1"": 45900, ""2"": 47967, ""3"": 40714, ""4"": 50083, ""5"": 15812}",connected
254999,756,20000,0.050000000000000044,0.013014786902349442,-4.478468354772776,"{""0"": 54438, ""1"": 45902, ""2"": 47968, ""3"": 40762, ""4"": 50110, ""5"": 15819}",connected
255099,756,20000,0.050000000000000044,0.013421623692847788,-4.478468354772776,"{""0"": 54451, ""1"": 45903, ""2"": 47988, ""3"": 40797, ""4"": 50141, ""5"": 15819}",connected
255199,756,20000,0.050000000000000044,0.013959254089277237,-4.478468354772776,"{""0"": 54453, ""1"": 45906, ""2"": 48017, ""3"": 40813, ""4"": 50189, ""5"": 15821}",connected
255299,756,20000,0.050000000000000044,0.015629155174829067,-4.478468354772776,"{""0"": 54481, ""1"": 45913, ""2"": 48022, ""3"": 40825, ""4"": 50237, ""5"": 15821}",connected
255399,758,20000,0.050000000000000044,0.015234179741237313,-4.610455908766016,"{""0"": 54529, ""1"": 45933, ""2"": 48030, ""3"": 40834, ""4"": 50243, ""5"": 15830}",connected
255499,758,20000,0.050000000000000044,0.014224433857016265,-4.610455908766016,"{""0"": 54535, ""1"": 45949, ""2"": 48044, ""3"": 40871, ""4"": 50268, ""5"": 15832}",connected
255599,758,20000,0.050000000000000044,0.015653001891914754,-4.610455908766016,"{""0"": 54551, ""1"": 45970, ""2"": 48066, ""3"": 40900, ""4"": 50276, ""5"": 15836}",connected
255699,758,20000,0.050000000000000044,0.015052940107416361,-4.610455908766016,"{""0"": 54573, ""1"": 45990, ""2"": 48094, ""3"": 40922, ""4"": 50283, ""5"": 15837}",connected
255799,758,20000,0.050000000000000044,0.01755463716574013,-4.610455908766016,"{""0"": 54586, ""1"": 46007, ""2"": 48118, ""3"": 40940, ""4"": 50305, ""5"": 15843}",connected
255899,758,20000,0.050000000000000044,0.01684248123317957,-4.610455908766016,"{""0"": 54594, ""1"": 46027, ""2"": 48150, ""3"": 40948, ""4"": 50335, ""5"": 15845}",connected
255999,758,20000,0.050000000000000044,0.016253272022586317,-4.610455908766016,"{""0"": 54603, ""1"": 46053, ""2"": 48177, ""3"": 40955, ""4"": 50356, ""5"": 15855}",connected
256099,760,20000,0.050000000000000044,0.014240479075815528,-4.606103894258849,"{""0"": 54621, ""1"": 46078, ""2"": 48200, ""3"": 40976, ""4"": 50369, ""5"": 15855}",connected
256199,760,20000,0.050000000000000044,0.012047840738669038,-4.606103894258849,"{""0"": 54635, ""1"": 46088, ""2"": 48230, ""3"": 41005, ""4"": 50383, ""5"": 15858}",connected
256299,760,20000,0.050000000000000044,0.013382434234954417,-4.606103894258849,"{""0"": 54660, ""1"": 46105, ""2"": 48241, ""3"": 41021, ""4"": 50410, ""5"": 15862}",connected
256399,760,20000,0.050000000000000044,0.013645645526703448,-4.606103894258849,"{""0"": 54676, ""1"": 46128, ""2"": 48257, ""3"": 41039, ""4"": 50432, ""5"": 15867}",connected
256499,760,20000,0.050000000000000044,0.013653075422625989,-4.606103894258849,"{""0"": 54679, ""1"": 46174, ""2"": 48282, ""3"": 41051, ""4"": 50440, ""5"": 15873}",connected
256599,760,20000,0.050000000000000044,0.013495442715939134,-4.606103894258849,"{""0"": 54682, ""1"": 46217, ""2"": 48306, ""3"": 41060, ""4"": 50449, ""5"": 15885}",connected
256699,760,20000,0.050000000000000044,0.013048012710642069,-4.606103894258849,"{""0"": 54684, ""1"": 46236, ""2"": 48312, ""3"": 41063, ""4"": 50451, ""5"": 15953}",connected
256799,762,20000,0.050000000000000044,0.013529513694811613,-4.748263216991909,"{""0"": 54688, ""1"": 46247, ""2"": 48322, ""3"": 41066, ""4"": 50451, ""5"": 16025}",connected
256899,762,20000,0.050000000000000044,0.01474360191496089,-4.748263216991909,"{""0"": 54717, ""1"": 46268, ""2"": 48350, ""3"": 41078, ""4"": 50459, ""5"": 16027}",connected
256999,762,20000,0.050000000000000044,0.016318822742905466,-4.748263216991909,"{""0"": 54738, ""1"": 46290, ""2"": 48370, ""3"": 41097, ""4"": 50473, ""5"": 16031}",connected
257099,762,20000,0.050000000000000044,0.016642010107170792,-4.748263216991909,"{""0"": 54755, ""1"": 46303, ""2"": 48396, ""3"": 41126, ""4"": 50487, ""5"": 16032}",connected
257199,762,20000,0.050000000000000044,0.015090462630614638,-4.748263216991909,"{""0"": 54778, ""1"": 46311, ""2"": 48402, ""3"": 41159, ""4"": 50515, ""5"": 16034}",connected
257299,762,20000,0.050000000000000044,0.01657287857728079,-4.748263216991909,"{""0"": 54798, ""1"": 46337, ""2"": 48419, ""3"": 41180, ""4"": 50530, ""5"": 16035}",connected
257399,762,20000,0.050000000000000044,0.017020295702386647,-4.748263216991909,"{""0"": 54806, ""1"": 46371, ""2"": 48436, ""3"": 41187, ""4"": 50558, ""5"": 16041}",connected
257499,762,20000,0.050000000000000044,0.01794430961832404,-4.748263216991909,"{""0"": 54813, ""1"": 46402, ""2"": 48448, ""3"": 41211, ""4"": 50584, ""5"": 16041}",connected
257599,764,20000,0.050000000000000044,0.018638293235562743,-4.834949390771799,"{""0"": 54834, ""1"": 46429, ""2"": 48471, ""3"": 41227, ""4"": 50592, ""5"": 16046}",connected
257699,764,20000,0.050000000000000044,0.015628272292669863,-4.834949390771799,"{""0"": 54838, ""1"": 46438, ""2"": 48496, ""3"": 41246, ""4"": 50622, ""5"": 16059}",connected
257799,764,20000,0.050000000000000044,0.01224250529659912,-4.834949390771799,"{""0"": 54840, ""1"": 46468, ""2"": 48511, ""3"": 41267, ""4"": 50653, ""5"": 16060}",connected
257899,764,20000,0.050000000000000044,0.011702766062226146,-4.834949390771799,"{""0"": 54849, ""1"": 46489, ""2"": 48530, ""3"": 41284, ""4"": 50687, ""5"": 16060}",connected
257999,764,20000,0.050000000000000044,0.01159494166728109,-4.834949390771799,"{""0"": 54875, ""1"": 46506, ""2"": 48542, ""3"": 41306, ""4"": 50710, ""5"": 16060}",connected
258099,764,20000,0.050000000000000044,0.01342403125949204,-4.834949390771799,"{""0"": 54900, ""1"": 46545, ""2"": 48568, ""3"": 41307, ""4"": 50717, ""5"": 16062}",connected
258199,764,20000,0.050000000000000044,0.014575429135002196,-4.834949390771799,"{""0"": 54918, ""1"": 46566, ""2"": 48584, ""3"": 41328, ""4"": 50739, ""5"": 16064}",connected
258299,766,20000,0.050000000000000044,0.013479329855181276,-4.8259058317868035,"{""0"": 54930, ""1"": 46599, ""2"": 48602, ""3"": 41344, ""4"": 50758, ""5"": 16066}",connected
258399,766,20000,0.050000000000000044,0.013522662413306534,-4.8259058317868035,"{""0"": 54958, ""1"": 46626, ""2"": 48626, ""3"": 41361, ""4"": 50761, ""5"": 16067}",connected
258499,766,20000,0.050000000000000044,0.012637307781260461,-4.8259058317868035,"{""0"": 54971, ""1"": 46643, ""2"": 48647, ""3"": 41405, ""4"": 50766, ""5"": 16067}",connected
258599,766,20000,0.050000000000000044,0.013333988804370166,-4.8259058317868035,"{""0"": 54983, ""1"": 46654, ""2"": 48668, ""3"": 41438, ""4"": 50785, ""5"": 16071}",connected
258699,766,20000,0.050000000000000044,0.014728299861308186,-4.8259058317868035,"{""0"": 54993, ""1"": 46668, ""2"": 48686, ""3"": 41459, ""4"": 50820, ""5"": 16073}",connected
258799,766,20000,0.050000000000000044,0.016162324072793124,-4.8259058317868035,"{""0"": 55016, ""1"": 46697, ""2"": 48702, ""3"": 41473, ""4"": 50837, ""5"": 16074}",connected
258899,766,20000,0.050000000000000044,0.01686144359409809,-4.8259058317868035,"{""0"": 55019, ""1"": 46714, ""2"": 48730, ""3"": 41498, ""4"": 50858, ""5"": 16080}",connected
258999,768,20000,0.050000000000000044,0.01577399716479704,-4.810664237467572,"{""0"": 55026, ""1"": 46739, ""2"": 48744, ""3"": 41522, ""4"": 50873, ""5"": 16095}",connected
259099,768,20000,0.050000000000000044,0.013775078526232392,-4.810664237467572,"{""0"": 55040, ""1"": 46763, ""2"": 48769, ""3"": 41538, ""4"": 50882, ""5"": 16107}",connected
259199,768,20000,0.050000000000000044,0.011695419703610242,-4.810664237467572,"{""0"": 55066, ""1"": 46783, ""2"": 48787, ""3"": 41559, ""4"": 50895, ""5"": 16109}",connected
259299,768,20000,0.050000000000000044,0.012843933259136974,-4.810664237467572,"{""0"": 55077, ""1"": 46797, ""2"": 48837, ""3"": 41574, ""4"": 50902, ""5"": 16112}",connected
259399,768,20000,0.050000000000000044,0.01555268741445616,-4.810664237467572,"{""0"": 55093, ""1"": 46797, ""2"": 48855, ""3"": 41615, ""4"": 50925, ""5"": 16114}",connected
259499,768,20000,0.050000000000000044,0.015130383553914726,-4.810664237467572,"{""0"": 55096, ""1"": 46815, ""2"": 48870, ""3"": 41640, ""4"": 50958, ""5"": 16120}",connected
259599,768,20000,0.050000000000000044,0.015277513251639903,-4.810664237467572,"{""0"": 55102, ""1"": 46837, ""2"": 48887, ""3"": 41664, ""4"": 50989, ""5"": 16120}",connected
259699,770,20000,0.050000000000000044,0.01493662443011999,-4.920400011134334,"{""0"": 55109, ""1"": 46874, ""2"": 48901, ""3"": 41679, ""4"": 51012, ""5"": 16124}",connected
259799,770,20000,0.050000000000000044,0.014791994099505245,-4.920400011134334,"{""0"": 55114, ""1"": 46887, ""2"": 48918, ""3"": 41708, ""4"": 51032, ""5"": 16140}",connected
259899,770,20000,0.050000000000000044,0.015165323277469724,-4.920400011134334,"{""0"": 55148, ""1"": 46896, ""2"": 48928, ""3"": 41726, ""4"": 51040, ""5"": 16161}",connected
259999,770,20000,0.050000000000000044,0.0160227670148015,-4.920400011134334,"{""0"": 55159, ""1"": 46913, ""2"": 48957, ""3"": 41746, ""4"": 51053, ""5"": 16171}",connected
260099,770,20000,0.050000000000000044,0.01556676321895793,-4.920400011134334,"{""0"": 55178, ""1"": 46927, ""2"": 48961, ""3"": 41759, ""4"": 51100, ""5"": 16174}",connected
260199,770,20000,0.050000000000000044,0.015464149452745914,-4.920400011134334,"{""0"": 55206, ""1"": 46955, ""2"": 48983, ""3"": 41776, ""4"": 51104, ""5"": 16175}",connected
260299,770,20000,0.050000000000000044,0.014323097756132483,-4.920400011134334,"{""0"": 55254, ""1"": 47005, ""2"": 48983, ""3"": 41777, ""4"": 51104, ""5"": 16176}",connected
260399,770,20000,0.050000000000000044,0.012865231677424163,-4.920400011134334,"{""0"": 55278, ""1"": 47021, ""2"": 48999, ""3"": 41810, ""4"": 51113, ""5"": 16178}",connected
260499,772,20000,0.050000000000000044,0.012687780284322799,-4.921440450153313,"{""0"": 55295, ""1"": 47047, ""2"": 49018, ""3"": 41834, ""4"": 51123, ""5"": 16182}",connected
260599,772,20000,0.050000000000000044,0.010422925958409905,-4.921440450153313,"{""0"": 55317, ""1"": 47065, ""2"": 49039, ""3"": 41854, ""4"": 51142, ""5"": 16182}",connected
260699,772,20000,0.050000000000000044,0.013331709566991777,-4.921440450153313,"{""0"": 55336, ""1"": 47074, ""2"": 49055, ""3"": 41862, ""4"": 51154, ""5"": 16218}",connected
260799,772,20000,0.050000000000000044,0.01486010869499296,-4.921440450153313,"{""0"": 55338, ""1"": 47089, ""2"": 49084, ""3"": 41872, ""4"": 51179, ""5"": 16237}",connected
260899,772,20000,0.050000000000000044,0.013896034464705736,-4.921440450153313,"{""0"": 55358, ""1"": 47108, ""2"": 49107, ""3"": 41882, ""4"": 51207, ""5"": 16237}",connected
260999,772,20000,0.050000000000000044,0.014099448348861187,-4.921440450153313,"{""0"": 55360, ""1"": 47110, ""2"": 49171, ""3"": 41902, ""4"": 51219, ""5"": 16237}",connected
261099,772,20000,0.050000000000000044,0.013522608885541559,-4.921440450153313,"{""0"": 55362, ""1"": 47135, ""2"": 49194, ""3"": 41918, ""4"": 51246, ""5"": 16244}",connected
261199,774,20000,0.050000000000000044,0.013554678335785865,-4.951445997958071,"{""0"": 55381, ""1"": 47159, ""2"": 49213, ""3"": 41938, ""4"": 51260, ""5"": 16248}",connected
261299,774,20000,0.050000000000000044,0.015560118262656034,-4.951445997958071,"{""0"": 55387, ""1"": 47168, ""2"": 49231, ""3"": 41958, ""4"": 51287, ""5"": 16268}",connected
261399,774,20000,0.050000000000000044,0.017626011902466418,-4.951445997958071,"{""0"": 55390, ""1"": 47175, ""2"": 49282, ""3"": 41972, ""4"": 51312, ""5"": 16268}",connected
261499,774,20000,0.050000000000000044,0.018109944921452552,-4.951445997958071,"{""0"": 55393, ""1"": 47183, ""2"": 49324, ""3"": 41992, ""4"": 51333, ""5"": 16274}",connected
261599,774,20000,0.050000000000000044,0.017465162004809826,-4.951445997958071,"{""0"": 55403, ""1"": 47205, ""2"": 49329, ""3"": 42000, ""4"": 51385, ""5"": 16277}",connected
261699,774,20000,0.050000000000000044,0.014884411783423274,-4.951445997958071,"{""0"": 55407, ""1"": 47217, ""2"": 49343, ""3"": 42026, ""4"": 51426, ""5"": 16280}",connected
261799,774,20000,0.050000000000000044,0.014336576799396426,-4.951445997958071,"{""0"": 55420, ""1"": 47245, ""2"": 49366, ""3"": 42047, ""4"": 51439, ""5"": 16282}",connected
261899,776,20000,0.050000000000000044,0.013572429171763361,-4.978830187493004,"{""0"": 55429, ""1"": 47271, ""2"": 49398, ""3"": 42063, ""4"": 51455, ""5"": 16283}",connected
261999,776,20000,0.050000000000000044,0.014053512490354478,-4.978830187493004,"{""0"": 55455, ""1"": 47300, ""2"": 49425, ""3"": 42072, ""4"": 51461, ""5"": 16286}",connected
262099,776,20000,0.050000000000000044,0.015207805710379035,-4.978830187493004,"{""0"": 55463, ""1"": 47340, ""2"": 49446, ""3"": 42085, ""4"": 51471, ""5"": 16294}",connected
262199,776,20000,0.050000000000000044,0.01476212865440175,-4.978830187493004,"{""0"": 55471, ""1"": 47377, ""2"": 49457, ""3"": 42094, ""4"": 51478, ""5"": 16322}",connected
262299,776,20000,0.050000000000000044,0.014988100435584784,-4.978830187493004,"{""0"": 55474, ""1"": 47389, ""2"": 49468, ""3"": 42112, ""4"": 51509, ""5"": 16347}",connected
262399,776,20000,0.050000000000000044,0.015049752155318856,-4.978830187493004,"{""0"": 55482, ""1"": 47412, ""2"": 49495, ""3"": 42131, ""4"": 51531, ""5"": 16348}",connected
262499,776,20000,0.050000000000000044,0.014635695265606046,-4.978830187493004,"{""0"": 55530, ""1"": 47460, ""2"": 49496, ""3"": 42132, ""4"": 51531, ""5"": 16350}",connected
262599,778,20000,0.050000000000000044,0.012399331021588295,-5.074408147186041,"{""0"": 55575, ""1"": 47498, ""2"": 49506, ""3"": 42133, ""4"": 51537, ""5"": 16350}",connected
262699,778,20000,0.050000000000000044,0.012146969444584101,-5.074408147186041,"{""0"": 55592, ""1"": 47508, ""2"": 49525, ""3"": 42152, ""4"": 51571, ""5"": 16351}",connected
262799,778,20000,0.050000000000000044,0.012434267411008478,-5.074408147186041,"{""0"": 55624, ""1"": 47539, ""2"": 49541, ""3"": 42153, ""4"": 51589, ""5"": 16353}",connected
262899,778,20000,0.050000000000000044,0.013278848328627645,-5.074408147186041,"{""0"": 55639, ""1"": 47568, ""2"": 49561, ""3"": 42155, ""4"": 51621, ""5"": 16355}",connected
262999,778,20000,0.050000000000000044,0.014923800150863826,-5.074408147186041,"{""0"": 55670, ""1"": 47588, ""2"": 49578, ""3"": 42165, ""4"": 51635, ""5"": 16363}",connected
263099,778,20000,0.050000000000000044,0.01642206934047863,-5.074408147186041,"{""0"": 55697, ""1"": 47608, ""2"": 49587, ""3"": 42183, ""4"": 51657, ""5"": 16367}",connected
263199,778,20000,0.050000000000000044,0.0167341206362471,-5.074408147186041,"{""0"": 55719, ""1"": 47641, ""2"": 49595, ""3"": 42205, ""4"": 51670, ""5"": 16369}",connected
263299,780,20000,0.050000000000000044,0.015290143121965229,-5.100157229588367,"{""0"": 55736, ""1"": 47668, ""2"": 49604, ""3"": 42213, ""4"": 51678, ""5"": 16400}",connected
263399,780,20000,0.050000000000000044,0.015611297644209116,-5.100157229588367,"{""0"": 55739, ""1"": 47696, ""2"": 49635, ""3"": 42219, ""4"": 51694, ""5"": 16416}",connected
263499,780,20000,0.050000000000000044,0.014397323972079903,-5.100157229588367,"{""0"": 55741, ""1"": 47729, ""2"": 49676, ""3"": 42227, ""4"": 51709, ""5"": 16417}",connected
263599,780,20000,0.050000000000000044,0.013867472354322672,-5.100157229588367,"{""0"": 55741, ""1"": 47754, ""2"": 49711, ""3"": 42246, ""4"": 51723, ""5"": 16424}",connected
263699,780,20000,0.050000000000000044,0.015995150986127554,-5.100157229588367,"{""0"": 55751, ""1"": 47780, ""2"": 49751, ""3"": 42250, ""4"": 51741, ""5"": 16426}",connected
263799,780,20000,0.050000000000000044,0.015451558385975658,-5.100157229588367,"{""0"": 55791, ""1"": 47798, ""2"": 49759, ""3"": 42256, ""4"": 51768, ""5"": 16427}",connected
263899,780,20000,0.050000000000000044,0.015665743828285485,-5.100157229588367,"{""0"": 55798, ""1"": 47826, ""2"": 49778, ""3"": 42271, ""4"": 51799, ""5"": 16427}",connected
263999,780,20000,0.050000000000000044,0.015328433103859425,-5.100157229588367,"{""0"": 55841, ""1"": 47830, ""2"": 49786, ""3"": 42275, ""4"": 51839, ""5"": 16428}",connected
264099,782,20000,0.050000000000000044,0.014191433554515243,-5.121895805671811,"{""0"": 55875, ""1"": 47853, ""2"": 49806, ""3"": 42285, ""4"": 51843, ""5"": 16437}",connected
264199,782,20000,0.050000000000000044,0.014219966132659466,-5.121895805671811,"{""0"": 55911, ""1"": 47878, ""2"": 49835, ""3"": 42287, ""4"": 51851, ""5"": 16437}",connected
264299,782,20000,0.050000000000000044,0.01413329842267558,-5.121895805671811,"{""0"": 55913, ""1"": 47887, ""2"": 49857, ""3"": 42307, ""4"": 51894, ""5"": 16441}",connected
264399,782,20000,0.050000000000000044,0.014531028908677399,-5.121895805671811,"{""0"": 55920, ""1"": 47916, ""2"": 49880, ""3"": 42326, ""4"": 51915, ""5"": 16442}",connected
264499,782,20000,0.050000000000000044,0.014970687604509293,-5.121895805671811,"{""0"": 55958, ""1"": 47943, ""2"": 49908, ""3"": 42328, ""4"": 51920, ""5"": 16442}",connected
264599,782,20000,0.050000000000000044,0.01633541186572984,-5.121895805671811,"{""0"": 55974, ""1"": 47970, ""2"": 49936, ""3"": 42337, ""4"": 51934, ""5"": 16448}",connected
264699,782,20000,0.050000000000000044,0.01674464956857264,-5.121895805671811,"{""0"": 56001, ""1"": 47982, ""2"": 49968, ""3"": 42348, ""4"": 51945, ""5"": 16455}",connected
264799,784,20000,0.050000000000000044,0.014857148700393737,-5.129193526529707,"{""0"": 56031, ""1"": 48007, ""2"": 49997, ""3"": 42351, ""4"": 51953, ""5"": 16460}",connected
264899,784,20000,0.050000000000000044,0.013082066474016756,-5.129193526529707,"{""0"": 56032, ""1"": 48057, ""2"": 50007, ""3"": 42380, ""4"": 51955, ""5"": 16468}",connected
264999,784,20000,0.050000000000000044,0.01125911787385121,-5.129193526529707,"{""0"": 56038, ""1"": 48094, ""2"": 50027, ""3"": 42399, ""4"": 51970, ""5"": 16471}",connected
265099,784,20000,0.050000000000000044,0.011747614992782474,-5.129193526529707,"{""0"": 56043, ""1"": 48105, ""2"": 50058, ""3"": 42420, ""4"": 51996, ""5"": 16477}",connected
265199,784,20000,0.050000000000000044,0.012936521496158093,-5.129193526529707,"{""0"": 56045, ""1"": 48116, ""2"": 50087, ""3"": 42438, ""4"": 52023, ""5"": 16490}",connected
265299,784,20000,0.050000000000000044,0.013522576186805963,-5.129193526529707,"{""0"": 56058, ""1"": 48131, ""2"": 50113, ""3"": 42444, ""4"": 52062, ""5"": 16491}",connected
265399,784,20000,0.050000000000000044,0.014638313832692802,-5.129193526529707,"{""0"": 56064, ""1"": 48160, ""2"": 50146, ""3"": 42450, ""4"": 52086, ""5"": 16493}",connected
265499,786,20000,0.050000000000000044,0.012497294975910336,-5.140762749039568,"{""0"": 56080, ""1"": 48189, ""2"": 50176, ""3"": 42453, ""4"": 52108, ""5"": 16493}",connected
265599,786,20000,0.050000000000000044,0.013582432460971176,-5.140762749039568,"{""0"": 56100, ""1"": 48203, ""2"": 50203, ""3"": 42473, ""4"": 52125, ""5"": 16495}",connected
265699,786,20000,0.050000000000000044,0.014164202257525176,-5.140762749039568,"{""0"": 56122, ""1"": 48221, ""2"": 50222, ""3"": 42502, ""4"": 52135, ""5"": 16497}",connected
265799,786,20000,0.050000000000000044,0.012141194560099393,-5.140762749039568,"{""0"": 56123, ""1"": 48226, ""2"": 50259, ""3"": 42520, ""4"": 52172, ""5"": 16499}",connected
265899,786,20000,0.050000000000000044,0.014669126539956778,-5.140762749039568,"{""0"": 56173, ""1"": 48227, ""2"": 50294, ""3"": 42520, ""4"": 52185, ""5"": 16500}",connected
265999,786,20000,0.050000000000000044,0.01252162289340049,-5.140762749039568,"{""0"": 56221, ""1"": 48229, ""2"": 50311, ""3"": 42521, ""4"": 52217, ""5"": 16500}",connected
266099,786,20000,0.050000000000000044,0.013172475574538111,-5.140762749039568,"{""0"": 56262, ""1"": 48229, ""2"": 50333, ""3"": 42521, ""4"": 52252, ""5"": 16502}",connected
266199,788,20000,0.050000000000000044,0.014976231562905014,-5.1374016698263585,"{""0"": 56292, ""1"": 48234, ""2"": 50358, ""3"": 42527, ""4"": 52286, ""5"": 16502}",connected
266299,788,20000,0.050000000000000044,0.012710871340241283,-5.1374016698263585,"{""0"": 56319, ""1"": 48255, ""2"": 50380, ""3"": 42539, ""4"": 52292, ""5"": 16514}",connected
266399,788,20000,0.050000000000000044,0.013990957837086171,-5.1374016698263585,"{""0"": 56342, ""1"": 48269, ""2"": 50396, ""3"": 42555, ""4"": 52307, ""5"": 16530}",connected
266499,788,20000,0.050000000000000044,0.015068189229350538,-5.1374016698263585,"{""0"": 56379, ""1"": 48288, ""2"": 50408, ""3"": 42572, ""4"": 52315, ""5"": 16537}",connected
266599,788,20000,0.050000000000000044,0.015111086484976112,-5.1374016698263585,"{""0"": 56402, ""1"": 48319, ""2"": 50444, ""3"": 42578, ""4"": 52318, ""5"": 16538}",connected
266699,788,20000,0.050000000000000044,0.015374046952929347,-5.1374016698263585,"{""0"": 56409, ""1"": 48368, ""2"": 50457, ""3"": 42605, ""4"": 52322, ""5"": 16538}",connected
266799,788,20000,0.050000000000000044,0.014476181494537742,-5.1374016698263585,"{""0"": 56413, ""1"": 48434, ""2"": 50472, ""3"": 42616, ""4"": 52324, ""5"": 16540}",connected
266899,788,20000,0.050000000000000044,0.012801489087287336,-5.1374016698263585,"{""0"": 56420, ""1"": 48502, ""2"": 50484, ""3"": 42626, ""4"": 52326, ""5"": 16541}",connected
266999,790,20000,0.050000000000000044,0.013854462581221014,-5.153851168556139,"{""0"": 56456, ""1"": 48531, ""2"": 50503, ""3"": 42633, ""4"": 52335, ""5"": 16541}",connected
267099,790,20000,0.050000000000000044,0.014159536231309175,-5.153851168556139,"{""0"": 56497, ""1"": 48538, ""2"": 50535, ""3"": 42644, ""4"": 52344, ""5"": 16541}",connected
267199,790,20000,0.050000000000000044,0.01535240531200543,-5.153851168556139,"{""0"": 56517, ""1"": 48555, ""2"": 50547, ""3"": 42688, ""4"": 52351, ""5"": 16541}",connected
267299,790,20000,0.050000000000000044,0.015288477533031255,-5.153851168556139,"{""0"": 56535, ""1"": 48571, ""2"": 50566, ""3"": 42701, ""4"": 52385, ""5"": 16541}",connected
267399,790,20000,0.050000000000000044,0.013001829979475587,-5.153851168556139,"{""0"": 56547, ""1"": 48592, ""2"": 50595, ""3"": 42727, ""4"": 52395, ""5"": 16543}",connected
267499,790,20000,0.050000000000000044,0.013187413392588497,-5.153851168556139,"{""0"": 56550, ""1"": 48602, ""2"": 50621, ""3"": 42768, ""4"": 52412, ""5"": 16546}",connected
267599,790,20000,0.050000000000000044,0.012386481021530926,-5.153851168556139,"{""0"": 56587, ""1"": 48624, ""2"": 50639, ""3"": 42783, ""4"": 52420, ""5"": 16546}",connected
267699,792,20000,0.050000000000000044,0.011257146873977036,-5.159922544620931,"{""0"": 56653, ""1"": 48639, ""2"": 50653, ""3"": 42787, ""4"": 52421, ""5"": 16546}",connected
267799,792,20000,0.050000000000000044,0.011410339900758118,-5.159922544620931,"{""0"": 56676, ""1"": 48663, ""2"": 50686, ""3"": 42794, ""4"": 52431, ""5"": 16549}",connected
267899,792,20000,0.050000000000000044,0.01155796570237726,-5.159922544620931,"{""0"": 56681, ""1"": 48687, ""2"": 50702, ""3"": 42841, ""4"": 52436, ""5"": 16552}",connected
267999,792,20000,0.050000000000000044,0.01123414447531104,-5.159922544620931,"{""0"": 56704, ""1"": 48709, ""2"": 50721, ""3"": 42857, ""4"": 52455, ""5"": 16553}",connected
268099,792,20000,0.050000000000000044,0.012043095892295241,-5.159922544620931,"{""0"": 56739, ""1"": 48717, ""2"": 50733, ""3"": 42886, ""4"": 52467, ""5"": 16557}",connected
268199,792,20000,0.050000000000000044,0.012491934890858829,-5.159922544620931,"{""0"": 56751, ""1"": 48742, ""2"": 50762, ""3"": 42914, ""4"": 52472, ""5"": 16558}",connected
268299,792,20000,0.050000000000000044,0.011074496570508928,-5.159922544620931,"{""0"": 56762, ""1"": 48763, ""2"": 50781, ""3"": 42946, ""4"": 52487, ""5"": 16560}",connected
268399,794,20000,0.050000000000000044,0.011980633959174156,-5.137506854408421,"{""0"": 56773, ""1"": 48800, ""2"": 50810, ""3"": 42957, ""4"": 52496, ""5"": 16563}",connected
268499,794,20000,0.050000000000000044,0.012231683097779751,-5.137506854408421,"{""0"": 56810, ""1"": 48828, ""2"": 50839, ""3"": 42960, ""4"": 52499, ""5"": 16563}",connected
268599,794,20000,0.050000000000000044,0.012332732300274074,-5.137506854408421,"{""0"": 56847, ""1"": 48838, ""2"": 50847, ""3"": 42991, ""4"": 52513, ""5"": 16563}",connected
268699,794,20000,0.050000000000000044,0.012651371099054813,-5.137506854408421,"{""0"": 56868, ""1"": 48868, ""2"": 50872, ""3"": 43004, ""4"": 52524, ""5"": 16563}",connected
268799,794,20000,0.050000000000000044,0.013844582352321595,-5.137506854408421,"{""0"": 56872, ""1"": 48902, ""2"": 50890, ""3"": 43017, ""4"": 52526, ""5"": 16592}",connected
268899,794,20000,0.050000000000000044,0.013190744202584028,-5.137506854408421,"{""0"": 56910, ""1"": 48911, ""2"": 50905, ""3"": 43035, ""4"": 52534, ""5"": 16604}",connected
268999,794,20000,0.050000000000000044,0.01278081918368116,-5.137506854408421,"{""0"": 56910, ""1"": 48956, ""2"": 50924, ""3"": 43054, ""4"": 52544, ""5"": 16611}",connected
269099,796,20000,0.050000000000000044,0.014345828867517412,-5.145713083059527,"{""0"": 56914, ""1"": 48977, ""2"": 50932, ""3"": 43089, ""4"": 52548, ""5"": 16639}",connected
269199,796,20000,0.050000000000000044,0.013424111499916761,-5.145713083059527,"{""0"": 56919, ""1"": 49004, ""2"": 50960, ""3"": 43111, ""4"": 52562, ""5"": 16643}",connected
269299,796,20000,0.050000000000000044,0.013308858654927463,-5.145713083059527,"{""0"": 56964, ""1"": 49018, ""2"": 50971, ""3"": 43135, ""4"": 52565, ""5"": 16646}",connected
269399,796,20000,0.050000000000000044,0.014507037722505629,-5.145713083059527,"{""0"": 56980, ""1"": 49036, ""2"": 50988, ""3"": 43164, ""4"": 52580, ""5"": 16651}",connected
269499,796,20000,0.050000000000000044,0.014043528770562261,-5.145713083059527,"{""0"": 56996, ""1"": 49063, ""2"": 51018, ""3"": 43180, ""4"": 52589, ""5"": 16653}",connected
269599,796,20000,0.050000000000000044,0.013968887883238494,-5.145713083059527,"{""0"": 57017, ""1"": 49083, ""2"": 51047, ""3"": 43201, ""4"": 52598, ""5"": 16653}",connected
269699,796,20000,0.050000000000000044,0.01510791843989864,-5.145713083059527,"{""0"": 57031, ""1"": 49101, ""2"": 51067, ""3"": 43231, ""4"": 52615, ""5"": 16654}",connected
269799,796,20000,0.050000000000000044,0.016198171505238862,-5.145713083059527,"{""0"": 57044, ""1"": 49117, ""2"": 51090, ""3"": 43272, ""4"": 52621, ""5"": 16655}",connected
269899,798,20000,0.050000000000000044,0.016780343600548805,-5.121004343298264,"{""0"": 57059, ""1"": 49140, ""2"": 51111, ""3"": 43296, ""4"": 52634, ""5"": 16659}",connected
269999,798,20000,0.050000000000000044,0.01709623428294435,-5.121004343298264,"{""0"": 57088, ""1"": 49178, ""2"": 51125, ""3"": 43306, ""4"": 52642, ""5"": 16660}",connected
270099,798,20000,0.050000000000000044,0.017003697680775077,-5.121004343298264,"{""0"": 57115, ""1"": 49219, ""2"": 51133, ""3"": 43325, ""4"": 52646, ""5"": 16661}",connected
270199,798,20000,0.050000000000000044,0.014527877066284419,-5.121004343298264,"{""0"": 57119, ""1"": 49250, ""2"": 51143, ""3"": 43366, ""4"": 52660, ""5"": 16661}",connected
270299,798,20000,0.050000000000000044,0.01296405983157456,-5.121004343298264,"{""0"": 57131, ""1"": 49283, ""2"": 51160, ""3"": 43400, ""4"": 52664, ""5"": 16661}",connected
270399,798,20000,0.050000000000000044,0.012519674198701978,-5.121004343298264,"{""0"": 57137, ""1"": 49333, ""2"": 51168, ""3"": 43434, ""4"": 52666, ""5"": 16661}",connected
270499,798,20000,0.050000000000000044,0.01172026789514348,-5.121004343298264,"{""0"": 57186, ""1"": 49364, ""2"": 51183, ""3"": 43438, ""4"": 52666, ""5"": 16662}",connected
270599,800,20000,0.050000000000000044,0.012426014568191021,-5.099467001911253,"{""0"": 57239, ""1"": 49388, ""2"": 51191, ""3"": 43440, ""4"": 52675, ""5"": 16666}",connected
270699,800,20000,0.050000000000000044,0.012893016706220806,-5.099467001911253,"{""0"": 57261, ""1"": 49415, ""2"": 51199, ""3"": 43459, ""4"": 52695, ""5"": 16670}",connected
270799,800,20000,0.050000000000000044,0.011107945521362126,-5.099467001911253,"{""0"": 57262, ""1"": 49419, ""2"": 51201, ""3"": 43500, ""4"": 52744, ""5"": 16673}",connected
270899,800,20000,0.050000000000000044,0.011644959524273872,-5.099467001911253,"{""0"": 57270, ""1"": 49457, ""2"": 51227, ""3"": 43524, ""4"": 52746, ""5"": 16675}",connected
270999,800,20000,0.050000000000000044,0.012298257662914694,-5.099467001911253,"{""0"": 57277, ""1"": 49475, ""2"": 51257, ""3"": 43545, ""4"": 52769, ""5"": 16676}",connected
271099,800,20000,0.050000000000000044,0.011278006520587951,-5.099467001911253,"{""0"": 57277, ""1"": 49492, ""2"": 51286, ""3"": 43557, ""4"": 52808, ""5"": 16679}",connected
271199,800,20000,0.050000000000000044,0.011642705805134029,-5.099467001911253,"{""0"": 57303, ""1"": 49498, ""2"": 51312, ""3"": 43567, ""4"": 52820, ""5"": 16699}",connected
271299,802,20000,0.050000000000000044,0.012203433953691273,-5.07469168018084,"{""0"": 57339, ""1"": 49514, ""2"": 51326, ""3"": 43574, ""4"": 52822, ""5"": 16724}",connected
271399,802,20000,0.050000000000000044,0.011674378777388483,-5.07469168018084,"{""0"": 57370, ""1"": 49527, ""2"": 51339, ""3"": 43589, ""4"": 52839, ""5"": 16735}",connected
271499,802,20000,0.050000000000000044,0.012482172097079455,-5.07469168018084,"{""0"": 57381, ""1"": 49538, ""2"": 51359, ""3"": 43640, ""4"": 52846, ""5"": 16735}",connected
271599,802,20000,0.050000000000000044,0.014569055042229592,-5.07469168018084,"{""0"": 57383, ""1"": 49564, ""2"": 51388, ""3"": 43668, ""4"": 52861, ""5"": 16735}",connected
271699,802,20000,0.050000000000000044,0.01324073996860534,-5.07469168018084,"{""0"": 57397, ""1"": 49589, ""2"": 51413, ""3"": 43687, ""4"": 52875, ""5"": 16738}",connected
271799,802,20000,0.050000000000000044,0.015045169878285379,-5.07469168018084,"{""0"": 57410, ""1"": 49595, ""2"": 51431, ""3"": 43717, ""4"": 52908, ""5"": 16738}",connected
271899,802,20000,0.050000000000000044,0.014652018023189156,-5.07469168018084,"{""0"": 57433, ""1"": 49611, ""2"": 51440, ""3"": 43746, ""4"": 52931, ""5"": 16738}",connected
271999,804,20000,0.050000000000000044,0.013099095046054571,-5.03769951832015,"{""0"": 57437, ""1"": 49630, ""2"": 51449, ""3"": 43772, ""4"": 52971, ""5"": 16740}",connected
272099,804,20000,0.050000000000000044,0.013407615525647999,-5.03769951832015,"{""0"": 57459, ""1"": 49635, ""2"": 51464, ""3"": 43808, ""4"": 52990, ""5"": 16743}",connected
272199,804,20000,0.050000000000000044,0.012411220998037606,-5.03769951832015,"{""0"": 57508, ""1"": 49636, ""2"": 51505, ""3"": 43813, ""4"": 52993, ""5"": 16744}",connected
272299,804,20000,0.050000000000000044,0.012893507063854486,-5.03769951832015,"{""0"": 57546, ""1"": 49636, ""2"": 51553, ""3"": 43815, ""4"": 53004, ""5"": 16745}",connected
272399,804,20000,0.050000000000000044,0.013322027544490992,-5.03769951832015,"{""0"": 57551, ""1"": 49646, ""2"": 51581, ""3"": 43839, ""4"": 53034, ""5"": 16748}",connected
272499,804,20000,0.050000000000000044,0.014045408039819449,-5.03769951832015,"{""0"": 57551, ""1"": 49648, ""2"": 51630, ""3"": 43882, ""4"": 53040, ""5"": 16748}",connected
272599,804,20000,0.050000000000000044,0.012796796149341389,-5.03769951832015,"{""0"": 57555, ""1"": 49649, ""2"": 51675, ""3"": 43912, ""4"": 53060, ""5"": 16748}",connected
272699,804,20000,0.050000000000000044,0.012730236150091515,-5.03769951832015,"{""0"": 57557, ""1"": 49651, ""2"": 51689, ""3"": 43941, ""4"": 53083, ""5"": 16778}",connected
272799,806,20000,0.050000000000000044,0.012087286374298855,-4.999699768130667,"{""0"": 57583, ""1"": 49671, ""2"": 51710, ""3"": 43957, ""4"": 53097, ""5"": 16781}",connected
272899,806,20000,0.050000000000000044,0.011472204237943515,-4.999699768130667,"{""0"": 57587, ""1"": 49704, ""2"": 51717, ""3"": 43978, ""4"": 53126, ""5"": 16787}",connected
272999,806,20000,0.050000000000000044,0.01277724641142413,-4.999699768130667,"{""0"": 57590, ""1"": 49717, ""2"": 51758, ""3"": 43992, ""4"": 53154, ""5"": 16788}",connected
273099,806,20000,0.050000000000000044,0.01255249734967947,-4.999699768130667,"{""0"": 57591, ""1"": 49719, ""2"": 51820, ""3"": 44002, ""4"": 53179, ""5"": 16788}",connected
273199,806,20000,0.050000000000000044,0.014436448616907,-4.999699768130667,"{""0"": 57592, ""1"": 49720, ""2"": 51889, ""3"": 44006, ""4"": 53204, ""5"": 16788}",connected
273299,806,20000,0.050000000000000044,0.01553474515909329,-4.999699768130667,"{""0"": 57594, ""1"": 49727, ""2"": 51955, ""3"": 44018, ""4"": 53217, ""5"": 16788}",connected
273399,806,20000,0.050000000000000044,0.014335991158150136,-4.999699768130667,"{""0"": 57594, ""1"": 49741, ""2"": 52037, ""3"": 44018, ""4"": 53220, ""5"": 16789}",connected
273499,808,20000,0.050000000000000044,0.013512327237986028,-4.982560617206619,"{""0"": 57624, ""1"": 49751, ""2"": 52059, ""3"": 44032, ""4"": 53242, ""5"": 16791}",connected
273599,808,20000,0.050000000000000044,0.012747873375192285,-4.982560617206619,"{""0"": 57658, ""1"": 49772, ""2"": 52067, ""3"": 44053, ""4"": 53257, ""5"": 16792}",connected
273699,808,20000,0.050000000000000044,0.01167250058380887,-4.982560617206619,"{""0"": 57662, ""1"": 49788, ""2"": 52101, ""3"": 44075, ""4"": 53269, ""5"": 16804}",connected
273799,808,20000,0.050000000000000044,0.01164747925940901,-4.982560617206619,"{""0"": 57708, ""1"": 49794, ""2"": 52107, ""3"": 44114, ""4"": 53271, ""5"": 16805}",connected
273899,808,20000,0.050000000000000044,0.014611643347889185,-4.982560617206619,"{""0"": 57756, ""1"": 49797, ""2"": 52110, ""3"": 44158, ""4"": 53271, ""5"": 16807}",connected
273999,808,20000,0.050000000000000044,0.01426849352195859,-4.982560617206619,"{""0"": 57804, ""1"": 49837, ""2"": 52113, ""3"": 44162, ""4"": 53273, ""5"": 16810}",connected
274099,808,20000,0.050000000000000044,0.014132293097209186,-4.982560617206619,"{""0"": 57841, ""1"": 49875, ""2"": 52128, ""3"": 44165, ""4"": 53275, ""5"": 16815}",connected
274199,810,20000,0.050000000000000044,0.013454758035950363,-4.957817964698188,"{""0"": 57877, ""1"": 49892, ""2"": 52133, ""3"": 44191, ""4"": 53282, ""5"": 16824}",connected
274299,810,20000,0.050000000000000044,0.011674788808450102,-4.957817964698188,"{""0"": 57892, ""1"": 49905, ""2"": 52147, ""3"": 44219, ""4"": 53289, ""5"": 16847}",connected
274399,810,20000,0.050000000000000044,0.011622984714340418,-4.957817964698188,"{""0"": 57907, ""1"": 49936, ""2"": 52155, ""3"": 44252, ""4"": 53300, ""5"": 16849}",connected
274499,810,20000,0.050000000000000044,0.014084592489525675,-4.957817964698188,"{""0"": 57956, ""1"": 49953, ""2"": 52165, ""3"": 44266, ""4"": 53307, ""5"": 16852}",connected
274599,810,20000,0.050000000000000044,0.014156017058994622,-4.957817964698188,"{""0"": 57992, ""1"": 49994, ""2"": 52175, ""3"": 44276, ""4"": 53310, ""5"": 16852}",connected
274699,810,20000,0.050000000000000044,0.015858707651495933,-4.957817964698188,"{""0"": 58023, ""1"": 50026, ""2"": 52181, ""3"": 44294, ""4"": 53323, ""5"": 16852}",connected
274799,810,20000,0.050000000000000044,0.016368469626177103,-4.957817964698188,"{""0"": 58023, ""1"": 50028, ""2"": 52182, ""3"": 44340, ""4"": 53373, ""5"": 16853}",connected
274899,812,20000,0.050000000000000044,0.01493621515808627,-4.941193121802062,"{""0"": 58059, ""1"": 50040, ""2"": 52186, ""3"": 44350, ""4"": 53409, ""5"": 16855}",connected
274999,812,20000,0.050000000000000044,0.015423522191122174,-4.941193121802062,"{""0"": 58076, ""1"": 50053, ""2"": 52208, ""3"": 44378, ""4"": 53427, ""5"": 16857}",connected
275099,812,20000,0.050000000000000044,0.013515905514359473,-4.941193121802062,"{""0"": 58087, ""1"": 50072, ""2"": 52226, ""3"": 44409, ""4"": 53446, ""5"": 16859}",connected
275199,812,20000,0.050000000000000044,0.01315916119609028,-4.941193121802062,"{""0"": 58120, ""1"": 50088, ""2"": 52247, ""3"": 44422, ""4"": 53461, ""5"": 16861}",connected
275299,812,20000,0.050000000000000044,0.013225939406547696,-4.941193121802062,"{""0"": 58172, ""1"": 50089, ""2"": 52294, ""3"": 44422, ""4"": 53461, ""5"": 16861}",connected
275399,812,20000,0.050000000000000044,0.013578999901656062,-4.941193121802062,"{""0"": 58203, ""1"": 50111, ""2"": 52318, ""3"": 44425, ""4"": 53478, ""5"": 16864}",connected
275499,814,20000,0.050000000000000044,0.013339211703278125,-4.82256213254761,"{""0"": 58211, ""1"": 50124, ""2"": 52347, ""3"": 44449, ""4"": 53499, ""5"": 16869}",connected
275599,814,20000,0.050000000000000044,0.014449585233815015,-4.82256213254761,"{""0"": 58221, ""1"": 50142, ""2"": 52368, ""3"": 44483, ""4"": 53516, ""5"": 16869}",connected
275699,814,20000,0.050000000000000044,0.013274232978001238,-4.82256213254761,"{""0"": 58243, ""1"": 50154, ""2"": 52385, ""3"": 44512, ""4"": 53534, ""5"": 16871}",connected
275799,814,20000,0.050000000000000044,0.013084917794913054,-4.82256213254761,"{""0"": 58260, ""1"": 50174, ""2"": 52405, ""3"": 44522, ""4"": 53566, ""5"": 16872}",connected
275899,814,20000,0.050000000000000044,0.013668650537729263,-4.82256213254761,"{""0"": 58264, ""1"": 50203, ""2"": 52430, ""3"": 44545, ""4"": 53584, ""5"": 16873}",connected
275999,814,20000,0.050000000000000044,0.012382919690571726,-4.82256213254761,"{""0"": 58305, ""1"": 50231, ""2"": 52442, ""3"": 44551, ""4"": 53596, ""5"": 16874}",connected
276099,814,20000,0.050000000000000044,0.011881077715661376,-4.82256213254761,"{""0"": 58337, ""1"": 50273, ""2"": 52455, ""3"": 44560, ""4"": 53600, ""5"": 16874}",connected
276199,816,20000,0.050000000000000044,0.010992894365917891,-4.81617542552296,"{""0"": 58369, ""1"": 50299, ""2"": 52466, ""3"": 44579, ""4"": 53612, ""5"": 16874}",connected
276299,816,20000,0.050000000000000044,0.010564720875117927,-4.81617542552296,"{""0"": 58386, ""1"": 50318, ""2"": 52478, ""3"": 44612, ""4"": 53631, ""5"": 16874}",connected
276399,816,20000,0.050000000000000044,0.011255191271193326,-4.81617542552296,"{""0"": 58410, ""1"": 50358, ""2"": 52486, ""3"": 44634, ""4"": 53637, ""5"": 16874}",connected
276499,816,20000,0.050000000000000044,0.011836142998654396,-4.81617542552296,"{""0"": 58451, ""1"": 50403, ""2"": 52486, ""3"": 44647, ""4"": 53638, ""5"": 16874}",connected
276599,816,20000,0.050000000000000044,0.01182467605220154,-4.81617542552296,"{""0"": 58477, ""1"": 50423, ""2"": 52502, ""3"": 44659, ""4"": 53653, ""5"": 16885}",connected
276699,816,20000,0.050000000000000044,0.013121607338543981,-4.81617542552296,"{""0"": 58482, ""1"": 50465, ""2"": 52507, ""3"": 44661, ""4"": 53654, ""5"": 16930}",connected
276799,816,20000,0.050000000000000044,0.013849557258654386,-4.81617542552296,"{""0"": 58486, ""1"": 50506, ""2"": 52510, ""3"": 44677, ""4"": 53674, ""5"": 16946}",connected
276899,816,20000,0.050000000000000044,0.013708026164676994,-4.81617542552296,"{""0"": 58492, ""1"": 50549, ""2"": 52523, ""3"": 44686, ""4"": 53681, ""5"": 16968}",connected
276999,818,20000,0.050000000000000044,0.015135128097608686,-4.830994502077811,"{""0"": 58523, ""1"": 50563, ""2"": 52534, ""3"": 44708, ""4"": 53703, ""5"": 16968}",connected
277099,818,20000,0.050000000000000044,0.01665324965957552,-4.830994502077811,"{""0"": 58525, ""1"": 50595, ""2"": 52542, ""3"": 44737, ""4"": 53726, ""5"": 16974}",connected
277199,818,20000,0.050000000000000044,0.014861241762991995,-4.830994502077811,"{""0"": 58568, ""1"": 50639, ""2"": 52547, ""3"": 44740, ""4"": 53727, ""5"": 16978}",connected
277299,818,20000,0.050000000000000044,0.015519639535341412,-4.830994502077811,"{""0"": 58583, ""1"": 50666, ""2"": 52566, ""3"": 44752, ""4"": 53746, ""5"": 16986}",connected
277399,818,20000,0.050000000000000044,0.015089678175281734,-4.830994502077811,"{""0"": 58598, ""1"": 50687, ""2"": 52591, ""3"": 44759, ""4"": 53766, ""5"": 16998}",connected
277499,818,20000,0.050000000000000044,0.012154570405837149,-4.830994502077811,"{""0"": 58617, ""1"": 50689, ""2"": 52610, ""3"": 44785, ""4"": 53790, ""5"": 17008}",connected
277599,818,20000,0.050000000000000044,0.012759334302973002,-4.830994502077811,"{""0"": 58681, ""1"": 50689, ""2"": 52623, ""3"": 44787, ""4"": 53790, ""5"": 17029}",connected
277699,820,20000,0.050000000000000044,0.012001541694626212,-4.845539833540097,"{""0"": 58714, ""1"": 50709, ""2"": 52644, ""3"": 44800, ""4"": 53798, ""5"": 17034}",connected
277799,820,20000,0.050000000000000044,0.011926429166924208,-4.845539833540097,"{""0"": 58717, ""1"": 50731, ""2"": 52670, ""3"": 44833, ""4"": 53813, ""5"": 17035}",connected
277899,820,20000,0.050000000000000044,0.013011558982543647,-4.845539833540097,"{""0"": 58734, ""1"": 50756, ""2"": 52687, ""3"": 44855, ""4"": 53830, ""5"": 17037}",connected
277999,820,20000,0.050000000000000044,0.013429499636404217,-4.845539833540097,"{""0"": 58745, ""1"": 50781, ""2"": 52718, ""3"": 44877, ""4"": 53841, ""5"": 17037}",connected
278099,820,20000,0.050000000000000044,0.013570724257733672,-4.845539833540097,"{""0"": 58749, ""1"": 50810, ""2"": 52751, ""3"": 44898, ""4"": 53854, ""5"": 17037}",connected
278199,820,20000,0.050000000000000044,0.012279653009027242,-4.845539833540097,"{""0"": 58764, ""1"": 50834, ""2"": 52772, ""3"": 44918, ""4"": 53871, ""5"": 17040}",connected
278299,820,20000,0.050000000000000044,0.012571486993692815,-4.845539833540097,"{""0"": 58790, ""1"": 50870, ""2"": 52778, ""3"": 44931, ""4"": 53883, ""5"": 17047}",connected
278399,822,20000,0.050000000000000044,0.011017142145428807,-4.82951096655801,"{""0"": 58806, ""1"": 50906, ""2"": 52810, ""3"": 44941, ""4"": 53889, ""5"": 17047}",connected
278499,822,20000,0.050000000000000044,0.012260188024956733,-4.82951096655801,"{""0"": 58814, ""1"": 50937, ""2"": 52835, ""3"": 44962, ""4"": 53904, ""5"": 17047}",connected
278599,822,20000,0.050000000000000044,0.014708390689920635,-4.82951096655801,"{""0"": 58836, ""1"": 50946, ""2"": 52845, ""3"": 45004, ""4"": 53920, ""5"": 17048}",connected
278699,824,20000,0.050000000000000044,0.013050206524785607,-4.769964838009328,"{""0"": 58844, ""1"": 50971, ""2"": 52875, ""3"": 45022, ""4"": 53934, ""5"": 17053}",connected
278799,824,20000,0.050000000000000044,0.014013340333476662,-4.769964838009328,"{""0"": 58848, ""1"": 50994, ""2"": 52890, ""3"": 45062, ""4"": 53950, ""5"": 17055}",connected
278899,824,20000,0.050000000000000044,0.013836531161796301,-4.769964838009328,"{""0"": 58870, ""1"": 51037, ""2"": 52900, ""3"": 45075, ""4"": 53962, ""5"": 17055}",connected
278999,824,20000,0.050000000000000044,0.012498570955358446,-4.769964838009328,"{""0"": 58878, ""1"": 51102, ""2"": 52922, ""3"": 45080, ""4"": 53962, ""5"": 17055}",connected
279099,824,20000,0.050000000000000044,0.012257586615160108,-4.769964838009328,"{""0"": 58910, ""1"": 51154, ""2"": 52931, ""3"": 45086, ""4"": 53963, ""5"": 17055}",connected
279199,824,20000,0.050000000000000044,0.012151818391866982,-4.769964838009328,"{""0"": 58919, ""1"": 51192, ""2"": 52946, ""3"": 45117, ""4"": 53970, ""5"": 17055}",connected
279299,824,20000,0.050000000000000044,0.011495148325338959,-4.769964838009328,"{""0"": 58924, ""1"": 51216, ""2"": 52969, ""3"": 45139, ""4"": 53984, ""5"": 17067}",connected
279399,826,20000,0.050000000000000044,0.011867508119903504,-4.774812613721005,"{""0"": 58937, ""1"": 51249, ""2"": 52998, ""3"": 45157, ""4"": 53991, ""5"": 17067}",connected
279499,826,20000,0.050000000000000044,0.01481396699557081,-4.774812613721005,"{""0"": 58941, ""1"": 51287, ""2"": 53034, ""3"": 45168, ""4"": 53999, ""5"": 17070}",connected
279599,826,20000,0.050000000000000044,0.014904751838184894,-4.774812613721005,"{""0"": 58949, ""1"": 51321, ""2"": 53062, ""3"": 45186, ""4"": 54009, ""5"": 17072}",connected
279699,826,20000,0.050000000000000044,0.014724991307593882,-4.774812613721005,"{""0"": 58970, ""1"": 51344, ""2"": 53089, ""3"": 45201, ""4"": 54019, ""5"": 17076}",connected
279799,826,20000,0.050000000000000044,0.014827288396190852,-4.774812613721005,"{""0"": 59010, ""1"": 51363, ""2"": 53109, ""3"": 45215, ""4"": 54026, ""5"": 17076}",connected
279899,826,20000,0.050000000000000044,0.012427637190558016,-4.774812613721005,"{""0"": 59026, ""1"": 51382, ""2"": 53132, ""3"": 45249, ""4"": 54033, ""5"": 17077}",connected
279999,826,20000,0.050000000000000044,0.014398296852596104,-4.774812613721005,"{""0"": 59048, ""1"": 51416, ""2"": 53154, ""3"": 45260, ""4"": 54042, ""5"": 17079}",connected
280099,828,20000,0.050000000000000044,0.014865992772392929,-4.724624517210759,"{""0"": 59089, ""1"": 51440, ""2"": 53154, ""3"": 45270, ""4"": 54059, ""5"": 17087}",connected
280199,828,20000,0.050000000000000044,0.013305772335734219,-4.724624517210759,"{""0"": 59106, ""1"": 51467, ""2"": 53160, ""3"": 45298, ""4"": 54081, ""5"": 17087}",connected
280299,828,20000,0.050000000000000044,0.01351360465399921,-4.724624517210759,"{""0"": 59146, ""1"": 51477, ""2"": 53174, ""3"": 45322, ""4"": 54090, ""5"": 17090}",connected
280399,828,20000,0.050000000000000044,0.010921003138646483,-4.724624517210759,"{""0"": 59178, ""1"": 51492, ""2"": 53187, ""3"": 45351, ""4"": 54098, ""5"": 17093}",connected
280499,828,20000,0.050000000000000044,0.01106735881185159,-4.724624517210759,"{""0"": 59201, ""1"": 51520, ""2"": 53213, ""3"": 45362, ""4"": 54102, ""5"": 17101}",connected
280599,828,20000,0.050000000000000044,0.011558352515567093,-4.724624517210759,"{""0"": 59206, ""1"": 51560, ""2"": 53244, ""3"": 45378, ""4"": 54110, ""5"": 17101}",connected
280699,828,20000,0.050000000000000044,0.011481604424770921,-4.724624517210759,"{""0"": 59225, ""1"": 51580, ""2"": 53269, ""3"": 45403, ""4"": 54119, ""5"": 17103}",connected
280799,830,20000,0.050000000000000044,0.011984834661707282,-4.699252533325925,"{""0"": 59240, ""1"": 51600, ""2"": 53287, ""3"": 45437, ""4"": 54130, ""5"": 17105}",connected
280899,830,20000,0.050000000000000044,0.010364385595312341,-4.699252533325925,"{""0"": 59245, ""1"": 51628, ""2"": 53315, ""3"": 45465, ""4"": 54140, ""5"": 17106}",connected
280999,830,20000,0.050000000000000044,0.012186529660830274,-4.699252533325925,"{""0"": 59253, ""1"": 51649, ""2"": 53341, ""3"": 45496, ""4"": 54154, ""5"": 17106}",connected
281099,830,20000,0.050000000000000044,0.012078746227780357,-4.699252533325925,"{""0"": 59258, ""1"": 51688, ""2"": 53373, ""3"": 45510, ""4"": 54164, ""5"": 17106}",connected
281199,830,20000,0.050000000000000044,0.014520873246947303,-4.699252533325925,"{""0"": 59279, ""1"": 51713, ""2"": 53399, ""3"": 45533, ""4"": 54169, ""5"": 17106}",connected
281299,830,20000,0.050000000000000044,0.016792712034657598,-4.699252533325925,"{""0"": 59315, ""1"": 51735, ""2"": 53426, ""3"": 45546, ""4"": 54171, ""5"": 17106}",connected
281399,830,20000,0.050000000000000044,0.016611184515058993,-4.699252533325925,"{""0"": 59323, ""1"": 51768, ""2"": 53457, ""3"": 45567, ""4"": 54177, ""5"": 17107}",connected
281499,831,20000,0.050000000000000044,0.016215138619299976,-4.69755057528615,"{""0"": 59356, ""1"": 51787, ""2"": 53472, ""3"": 45588, ""4"": 54189, ""5"": 17107}",connected
281599,832,20000,0.050000000000000044,0.014756403306964785,-4.697080608182587,"{""0"": 59383, ""1"": 51823, ""2"": 53503, ""3"": 45592, ""4"": 54191, ""5"": 17107}",connected
281699,832,20000,0.050000000000000044,0.014531425796449185,-4.697080608182587,"{""0"": 59393, ""1"": 51854, ""2"": 53537, ""3"": 45604, ""4"": 54203, ""5"": 17108}",connected
281799,832,20000,0.050000000000000044,0.013006930155679584,-4.697080608182587,"{""0"": 59397, ""1"": 51880, ""2"": 53555, ""3"": 45635, ""4"": 54221, ""5"": 17111}",connected
281899,832,20000,0.050000000000000044,0.013521044382359832,-4.697080608182587,"{""0"": 59408, ""1"": 51893, ""2"": 53574, ""3"": 45676, ""4"": 54236, ""5"": 17112}",connected
281999,832,20000,0.050000000000000044,0.013218208537437022,-4.697080608182587,"{""0"": 59422, ""1"": 51914, ""2"": 53597, ""3"": 45713, ""4"": 54240, ""5"": 17113}",connected
282099,832,20000,0.050000000000000044,0.013001637486740946,-4.697080608182587,"{""0"": 59448, ""1"": 51932, ""2"": 53611, ""3"": 45738, ""4"": 54255, ""5"": 17115}",connected
282199,832,20000,0.050000000000000044,0.014509383970871568,-4.697080608182587,"{""0"": 59464, ""1"": 51947, ""2"": 53629, ""3"": 45766, ""4"": 54278, ""5"": 17115}",connected
282299,834,20000,0.050000000000000044,0.01602128323633224,-4.692231988119893,"{""0"": 59481, ""1"": 51980, ""2"": 53658, ""3"": 45776, ""4"": 54286, ""5"": 17118}",connected
282399,834,20000,0.050000000000000044,0.014848010770510883,-4.692231988119893,"{""0"": 59501, ""1"": 52008, ""2"": 53679, ""3"": 45795, ""4"": 54295, ""5"": 17121}",connected
282499,834,20000,0.050000000000000044,0.015273394617252052,-4.692231988119893,"{""0"": 59511, ""1"": 52028, ""2"": 53697, ""3"": 45834, ""4"": 54308, ""5"": 17121}",connected
282599,834,20000,0.050000000000000044,0.014820050254929811,-4.692231988119893,"{""0"": 59522, ""1"": 52062, ""2"": 53728, ""3"": 45849, ""4"": 54317, ""5"": 17121}",connected
282699,834,20000,0.050000000000000044,0.012381240115500987,-4.692231988119893,"{""0"": 59548, ""1"": 52091, ""2"": 53758, ""3"": 45860, ""4"": 54321, ""5"": 17121}",connected
282799,834,20000,0.050000000000000044,0.012199981978628784,-4.692231988119893,"{""0"": 59569, ""1"": 52114, ""2"": 53779, ""3"": 45877, ""4"": 54331, ""5"": 17129}",connected
282899,834,20000,0.050000000000000044,0.010782440914772451,-4.692231988119893,"{""0"": 59605, ""1"": 52124, ""2"": 53781, ""3"": 45915, ""4"": 54343, ""5"": 17131}",connected
282999,836,20000,0.050000000000000044,0.010250888727605344,-4.684583802088164,"{""0"": 59657, ""1"": 52134, ""2"": 53789, ""3"": 45937, ""4"": 54349, ""5"": 17133}",connected
283099,836,20000,0.050000000000000044,0.01262600653572008,-4.684583802088164,"{""0"": 59687, ""1"": 52154, ""2"": 53807, ""3"": 45954, ""4"": 54363, ""5"": 17134}",connected
283199,836,20000,0.050000000000000044,0.014975264254026115,-4.684583802088164,"{""0"": 59693, ""1"": 52168, ""2"": 53831, ""3"": 45969, ""4"": 54397, ""5"": 17141}",connected
283299,838,20000,0.050000000000000044,0.0139698530244641,-4.547136182906106,"{""0"": 59722, ""1"": 52190, ""2"": 53847, ""3"": 45995, ""4"": 54400, ""5"": 17145}",connected
283399,838,20000,0.050000000000000044,0.01561376457568258,-4.547136182906106,"{""0"": 59742, ""1"": 52222, ""2"": 53881, ""3"": 46004, ""4"": 54405, ""5"": 17145}",connected
283499,838,20000,0.050000000000000044,0.01269202453782782,-4.547136182906106,"{""0"": 59761, ""1"": 52247, ""2"": 53900, ""3"": 46039, ""4"": 54405, ""5"": 17147}",connected
283599,838,20000,0.050000000000000044,0.01014837987255305,-4.547136182906106,"{""0"": 59771, ""1"": 52273, ""2"": 53922, ""3"": 46073, ""4"": 54413, ""5"": 17147}",connected
283699,838,20000,0.050000000000000044,0.011261434965999797,-4.547136182906106,"{""0"": 59793, ""1"": 52298, ""2"": 53941, ""3"": 46093, ""4"": 54427, ""5"": 17147}",connected
283799,839,20000,0.050000000000000044,0.008989105996442958,-4.459162540459074,"{""0"": 59805, ""1"": 52311, ""2"": 53956, ""3"": 46114, ""4"": 54461, ""5"": 17152}",connected
283899,840,20000,0.050000000000000044,0.010188636955572292,-4.451821794351563,"{""0"": 59820, ""1"": 52338, ""2"": 53992, ""3"": 46127, ""4"": 54469, ""5"": 17153}",connected
283999,840,20000,0.050000000000000044,0.011329688160913065,-4.451821794351563,"{""0"": 59834, ""1"": 52360, ""2"": 54016, ""3"": 46148, ""4"": 54486, ""5"": 17155}",connected
284099,840,20000,0.050000000000000044,0.011422943472862244,-4.451821794351563,"{""0"": 59850, ""1"": 52384, ""2"": 54037, ""3"": 46174, ""4"": 54497, ""5"": 17157}",connected
284199,840,20000,0.050000000000000044,0.012860002727247775,-4.451821794351563,"{""0"": 59892, ""1"": 52393, ""2"": 54047, ""3"": 46193, ""4"": 54507, ""5"": 17167}",connected
284299,840,20000,0.050000000000000044,0.013003614167682826,-4.451821794351563,"{""0"": 59893, ""1"": 52402, ""2"": 54066, ""3"": 46237, ""4"": 54528, ""5"": 17173}",connected
284399,840,20000,0.050000000000000044,0.013365863210055976,-4.451821794351563,"{""0"": 59904, ""1"": 52438, ""2"": 54090, ""3"": 46256, ""4"": 54538, ""5"": 17173}",connected
284499,840,20000,0.050000000000000044,0.011464558008592576,-4.451821794351563,"{""0"": 59914, ""1"": 52471, ""2"": 54112, ""3"": 46274, ""4"": 54555, ""5"": 17173}",connected
284599,842,20000,0.050000000000000044,0.010743122212588788,-4.4569677955051885,"{""0"": 59920, ""1"": 52490, ""2"": 54135, ""3"": 46303, ""4"": 54577, ""5"": 17174}",connected
284699,842,20000,0.050000000000000044,0.011769602517597377,-4.4569677955051885,"{""0"": 59937, ""1"": 52519, ""2"": 54154, ""3"": 46323, ""4"": 54589, ""5"": 17177}",connected
284799,842,20000,0.050000000000000044,0.011190730130765587,-4.4569677955051885,"{""0"": 59964, ""1"": 52531, ""2"": 54176, ""3"": 46344, ""4"": 54604, ""5"": 17180}",connected
284899,842,20000,0.050000000000000044,0.012539227337110787,-4.4569677955051885,"{""0"": 59970, ""1"": 52561, ""2"": 54203, ""3"": 46368, ""4"": 54617, ""5"": 17180}",connected
284999,842,20000,0.050000000000000044,0.011884788968600332,-4.4569677955051885,"{""0"": 59972, ""1"": 52578, ""2"": 54221, ""3"": 46404, ""4"": 54641, ""5"": 17183}",connected
285099,842,20000,0.050000000000000044,0.012044853721745312,-4.4569677955051885,"{""0"": 59989, ""1"": 52600, ""2"": 54233, ""3"": 46436, ""4"": 54658, ""5"": 17183}",connected
285199,842,20000,0.050000000000000044,0.012552401802968233,-4.4569677955051885,"{""0"": 60006, ""1"": 52616, ""2"": 54255, ""3"": 46463, ""4"": 54675, ""5"": 17184}",connected
285299,844,20000,0.050000000000000044,0.013096540817059577,-4.456421942501329,"{""0"": 60015, ""1"": 52645, ""2"": 54274, ""3"": 46489, ""4"": 54692, ""5"": 17184}",connected
285399,844,20000,0.050000000000000044,0.015056872204877437,-4.456421942501329,"{""0"": 60032, ""1"": 52664, ""2"": 54296, ""3"": 46513, ""4"": 54710, ""5"": 17184}",connected
285499,844,20000,0.050000000000000044,0.0134412323217839,-4.456421942501329,"{""0"": 60047, ""1"": 52680, ""2"": 54304, ""3"": 46553, ""4"": 54730, ""5"": 17185}",connected
285599,844,20000,0.050000000000000044,0.013110605620313435,-4.456421942501329,"{""0"": 60048, ""1"": 52703, ""2"": 54330, ""3"": 46581, ""4"": 54750, ""5"": 17187}",connected
285699,844,20000,0.050000000000000044,0.01477573268348351,-4.456421942501329,"{""0"": 60060, ""1"": 52729, ""2"": 54352, ""3"": 46604, ""4"": 54767, ""5"": 17187}",connected
285799,844,20000,0.050000000000000044,0.012600215554703026,-4.456421942501329,"{""0"": 60086, ""1"": 52742, ""2"": 54369, ""3"": 46627, ""4"": 54786, ""5"": 17189}",connected
285899,844,20000,0.050000000000000044,0.013506365974899381,-4.456421942501329,"{""0"": 60106, ""1"": 52769, ""2"": 54390, ""3"": 46646, ""4"": 54798, ""5"": 17190}",connected
285999,846,20000,0.050000000000000044,0.014829635268542916,-4.443184993965551,"{""0"": 60114, ""1"": 52791, ""2"": 54409, ""3"": 46677, ""4"": 54817, ""5"": 17191}",connected
286099,846,20000,0.050000000000000044,0.01373999799368903,-4.443184993965551,"{""0"": 60126, ""1"": 52816, ""2"": 54440, ""3"": 46693, ""4"": 54829, ""5"": 17195}",connected
286199,846,20000,0.050000000000000044,0.015972496175672857,-4.443184993965551,"{""0"": 60149, ""1"": 52846, ""2"": 54459, ""3"": 46706, ""4"": 54843, ""5"": 17196}",connected
286299,846,20000,0.050000000000000044,0.015709382907953113,-4.443184993965551,"{""0"": 60166, ""1"": 52878, ""2"": 54497, ""3"": 46713, ""4"": 54847, ""5"": 17198}",connected
286399,846,20000,0.050000000000000044,0.01366202344186604,-4.443184993965551,"{""0"": 60192, ""1"": 52897, ""2"": 54506, ""3"": 46749, ""4"": 54857, ""5"": 17198}",connected
286499,846,20000,0.050000000000000044,0.013060217916499823,-4.443184993965551,"{""0"": 60206, ""1"": 52920, ""2"": 54538, ""3"": 46769, ""4"": 54867, ""5"": 17199}",connected
286599,846,20000,0.050000000000000044,0.011499518358614296,-4.443184993965551,"{""0"": 60214, ""1"": 52952, ""2"": 54558, ""3"": 46797, ""4"": 54878, ""5"": 17200}",connected
286699,848,20000,0.050000000000000044,0.011159466656390577,-4.435061833229847,"{""0"": 60247, ""1"": 52965, ""2"": 54570, ""3"": 46820, ""4"": 54891, ""5"": 17206}",connected
286799,848,20000,0.050000000000000044,0.011842140217777342,-4.435061833229847,"{""0"": 60260, ""1"": 52990, ""2"": 54599, ""3"": 46841, ""4"": 54902, ""5"": 17207}",connected
286899,848,20000,0.050000000000000044,0.011458743072580546,-4.435061833229847,"{""0"": 60272, ""1"": 53017, ""2"": 54620, ""3"": 46867, ""4"": 54916, ""5"": 17207}",connected
286999,848,20000,0.050000000000000044,0.011922661364078522,-4.435061833229847,"{""0"": 60296, ""1"": 53039, ""2"": 54635, ""3"": 46897, ""4"": 54925, ""5"": 17207}",connected
287099,848,20000,0.050000000000000044,0.011036025702487677,-4.435061833229847,"{""0"": 60309, ""1"": 53065, ""2"": 54663, ""3"": 46914, ""4"": 54939, ""5"": 17209}",connected
287199,848,20000,0.050000000000000044,0.011947461632080375,-4.435061833229847,"{""0"": 60323, ""1"": 53086, ""2"": 54679, ""3"": 46942, ""4"": 54958, ""5"": 17211}",connected
287299,848,20000,0.050000000000000044,0.012075427477248013,-4.435061833229847,"{""0"": 60332, ""1"": 53108, ""2"": 54706, ""3"": 46963, ""4"": 54977, ""5"": 17213}",connected
287399,848,20000,0.050000000000000044,0.010400432669557631,-4.435061833229847,"{""0"": 60340, ""1"": 53127, ""2"": 54728, ""3"": 46996, ""4"": 54995, ""5"": 17213}",connected
287499,850,20000,0.050000000000000044,0.012211566164623947,-4.424999668905511,"{""0"": 60368, ""1"": 53151, ""2"": 54756, ""3"": 47004, ""4"": 55006, ""5"": 17214}",connected
287599,850,20000,0.050000000000000044,0.01107937857042998,-4.424999668905511,"{""0"": 60377, ""1"": 53172, ""2"": 54786, ""3"": 47024, ""4"": 55022, ""5"": 17218}",connected
287699,850,20000,0.050000000000000044,0.01306510611437261,-4.424999668905511,"{""0"": 60393, ""1"": 53205, ""2"": 54814, ""3"": 47038, ""4"": 55031, ""5"": 17218}",connected
287799,850,20000,0.050000000000000044,0.013546922347741202,-4.424999668905511,"{""0"": 60410, ""1"": 53241, ""2"": 54848, ""3"": 47045, ""4"": 55037, ""5"": 17218}",connected
287899,850,20000,0.050000000000000044,0.012924135938519613,-4.424999668905511,"{""0"": 60427, ""1"": 53281, ""2"": 54886, ""3"": 47049, ""4"": 55038, ""5"": 17218}",connected
287999,850,20000,0.050000000000000044,0.01299955884576775,-4.424999668905511,"{""0"": 60452, ""1"": 53303, ""2"": 54906, ""3"": 47067, ""4"": 55052, ""5"": 17219}",connected
288099,850,20000,0.050000000000000044,0.011009271683869884,-4.424999668905511,"{""0"": 60497, ""1"": 53325, ""2"": 54921, ""3"": 47073, ""4"": 55054, ""5"": 17229}",connected
288199,852,20000,0.050000000000000044,0.013582984847016633,-4.422496824585832,"{""0"": 60523, ""1"": 53337, ""2"": 54933, ""3"": 47098, ""4"": 55077, ""5"": 17231}",connected
288299,852,20000,0.050000000000000044,0.01344967430573888,-4.422496824585832,"{""0"": 60548, ""1"": 53360, ""2"": 54955, ""3"": 47116, ""4"": 55087, ""5"": 17233}",connected
288399,852,20000,0.050000000000000044,0.01320027792477049,-4.422496824585832,"{""0"": 60552, ""1"": 53389, ""2"": 54987, ""3"": 47138, ""4"": 55098, ""5"": 17235}",connected
288499,852,20000,0.050000000000000044,0.012657325199106707,-4.422496824585832,"{""0"": 60558, ""1"": 53406, ""2"": 55017, ""3"": 47155, ""4"": 55124, ""5"": 17239}",connected
288599,852,20000,0.050000000000000044,0.010841234315885231,-4.422496824585832,"{""0"": 60567, ""1"": 53425, ""2"": 55064, ""3"": 47160, ""4"": 55136, ""5"": 17247}",connected
288699,852,20000,0.050000000000000044,0.0108870988804847,-4.422496824585832,"{""0"": 60570, ""1"": 53451, ""2"": 55117, ""3"": 47168, ""4"": 55146, ""5"": 17247}",connected
288799,852,20000,0.050000000000000044,0.011614908233750611,-4.422496824585832,"{""0"": 60572, ""1"": 53464, ""2"": 55171, ""3"": 47180, ""4"": 55161, ""5"": 17251}",connected
288899,854,20000,0.050000000000000044,0.012465076963417232,-4.419847679259256,"{""0"": 60583, ""1"": 53483, ""2"": 55209, ""3"": 47194, ""4"": 55171, ""5"": 17259}",connected
288999,854,20000,0.050000000000000044,0.011984507371671498,-4.419847679259256,"{""0"": 60593, ""1"": 53508, ""2"": 55233, ""3"": 47219, ""4"": 55186, ""5"": 17260}",connected
289099,854,20000,0.050000000000000044,0.01267301943153143,-4.419847679259256,"{""0"": 60608, ""1"": 53529, ""2"": 55255, ""3"": 47245, ""4"": 55200, ""5"": 17262}",connected
289199,854,20000,0.050000000000000044,0.011775780206080525,-4.419847679259256,"{""0"": 60636, ""1"": 53545, ""2"": 55273, ""3"": 47264, ""4"": 55211, ""5"": 17270}",connected
289299,854,20000,0.050000000000000044,0.012269856808707118,-4.419847679259256,"{""0"": 60651, ""1"": 53549, ""2"": 55278, ""3"": 47305, ""4"": 55245, ""5"": 17271}",connected
289399,854,20000,0.050000000000000044,0.012112696319818497,-4.419847679259256,"{""0"": 60680, ""1"": 53574, ""2"": 55298, ""3"": 47318, ""4"": 55256, ""5"": 17273}",connected
289499,854,20000,0.050000000000000044,0.01118330805329606,-4.419847679259256,"{""0"": 60699, ""1"": 53596, ""2"": 55315, ""3"": 47338, ""4"": 55278, ""5"": 17273}",connected
289599,856,20000,0.050000000000000044,0.011531118443235755,-4.4266412624716756,"{""0"": 60743, ""1"": 53604, ""2"": 55328, ""3"": 47360, ""4"": 55290, ""5"": 17274}",connected
289699,856,20000,0.050000000000000044,0.011785952511709184,-4.4266412624716756,"{""0"": 60752, ""1"": 53626, ""2"": 55344, ""3"": 47399, ""4"": 55303, ""5"": 17275}",connected
289799,856,20000,0.050000000000000044,0.012350972478743642,-4.4266412624716756,"{""0"": 60768, ""1"": 53639, ""2"": 55359, ""3"": 47429, ""4"": 55327, ""5"": 17277}",connected
289899,856,20000,0.050000000000000044,0.013972831261344253,-4.4266412624716756,"{""0"": 60792, ""1"": 53663, ""2"": 55377, ""3"": 47449, ""4"": 55339, ""5"": 17279}",connected
289999,856,20000,0.050000000000000044,0.015503461337648333,-4.4266412624716756,"{""0"": 60837, ""1"": 53673, ""2"": 55394, ""3"": 47467, ""4"": 55349, ""5"": 17279}",connected
290099,856,20000,0.050000000000000044,0.014856038419529795,-4.4266412624716756,"{""0"": 60878, ""1"": 53688, ""2"": 55407, ""3"": 47482, ""4"": 55361, ""5"": 17283}",connected
290199,856,20000,0.050000000000000044,0.015258897640742362,-4.4266412624716756,"{""0"": 60889, ""1"": 53722, ""2"": 55435, ""3"": 47498, ""4"": 55372, ""5"": 17283}",connected
290299,857,20000,0.050000000000000044,0.014773702884558588,-4.42263901813887,"{""0"": 60914, ""1"": 53738, ""2"": 55453, ""3"": 47524, ""4"": 55387, ""5"": 17283}",connected
290399,858,20000,0.050000000000000044,0.013425011864164844,-4.4274787618964915,"{""0"": 60964, ""1"": 53741, ""2"": 55454, ""3"": 47545, ""4"": 55400, ""5"": 17295}",connected
290499,858,20000,0.050000000000000044,0.013772869569947943,-4.4274787618964915,"{""0"": 60975, ""1"": 53753, ""2"": 55468, ""3"": 47598, ""4"": 55408, ""5"": 17297}",connected
290599,858,20000,0.050000000000000044,0.01232640392961912,-4.4274787618964915,"{""0"": 60991, ""1"": 53784, ""2"": 55493, ""3"": 47618, ""4"": 55416, ""5"": 17297}",connected
290699,858,20000,0.050000000000000044,0.012391224823659286,-4.4274787618964915,"{""0"": 61025, ""1"": 53807, ""2"": 55506, ""3"": 47636, ""4"": 55427, ""5"": 17298}",connected
290799,858,20000,0.050000000000000044,0.012232437604106963,-4.4274787618964915,"{""0"": 61027, ""1"": 53829, ""2"": 55532, ""3"": 47664, ""4"": 55448, ""5"": 17299}",connected
290899,858,20000,0.050000000000000044,0.011616863154340535,-4.4274787618964915,"{""0"": 61040, ""1"": 53844, ""2"": 55541, ""3"": 47696, ""4"": 55473, ""5"": 17305}",connected
290999,858,20000,0.050000000000000044,0.011916625881567597,-4.4274787618964915,"{""0"": 61051, ""1"": 53876, ""2"": 55570, ""3"": 47712, ""4"": 55484, ""5"": 17306}",connected
291099,860,20000,0.050000000000000044,0.01137258773902431,-4.425284440894611,"{""0"": 61076, ""1"": 53883, ""2"": 55580, ""3"": 47743, ""4"": 55509, ""5"": 17308}",connected
291199,860,20000,0.050000000000000044,0.011837511414196342,-4.425284440894611,"{""0"": 61111, ""1"": 53914, ""2"": 55603, ""3"": 47747, ""4"": 55515, ""5"": 17309}",connected
291299,860,20000,0.050000000000000044,0.011016960660926998,-4.425284440894611,"{""0"": 61145, ""1"": 53931, ""2"": 55622, ""3"": 47765, ""4"": 55527, ""5"": 17309}",connected
291399,860,20000,0.050000000000000044,0.010966199275571853,-4.425284440894611,"{""0"": 61183, ""1"": 53941, ""2"": 55632, ""3"": 47783, ""4"": 55548, ""5"": 17312}",connected
291499,860,20000,0.050000000000000044,0.010500068017281592,-4.425284440894611,"{""0"": 61188, ""1"": 53960, ""2"": 55639, ""3"": 47822, ""4"": 55577, ""5"": 17313}",connected
291599,860,20000,0.050000000000000044,0.009711724086664618,-4.425284440894611,"{""0"": 61218, ""1"": 53968, ""2"": 55653, ""3"": 47864, ""4"": 55583, ""5"": 17313}",connected
291699,860,20000,0.050000000000000044,0.010222525207791478,-4.425284440894611,"{""0"": 61251, ""1"": 53995, ""2"": 55674, ""3"": 47873, ""4"": 55592, ""5"": 17314}",connected
291799,862,20000,0.050000000000000044,0.011516816271468997,-4.377302624867298,"{""0"": 61283, ""1"": 54010, ""2"": 55693, ""3"": 47885, ""4"": 55611, ""5"": 17317}",connected
291899,862,20000,0.050000000000000044,0.0119926894037053,-4.377302624867298,"{""0"": 61286, ""1"": 54021, ""2"": 55736, ""3"": 47901, ""4"": 55628, ""5"": 17327}",connected
291999,862,20000,0.050000000000000044,0.012163475546985865,-4.377302624867298,"{""0"": 61292, ""1"": 54036, ""2"": 55767, ""3"": 47920, ""4"": 55654, ""5"": 17330}",connected
292099,862,20000,0.050000000000000044,0.01263686201069504,-4.377302624867298,"{""0"": 61294, ""1"": 54039, ""2"": 55772, ""3"": 47964, ""4"": 55699, ""5"": 17331}",connected
292199,862,20000,0.050000000000000044,0.012320514468010515,-4.377302624867298,"{""0"": 61296, ""1"": 54040, ""2"": 55815, ""3"": 47986, ""4"": 55729, ""5"": 17333}",connected
292299,862,20000,0.050000000000000044,0.012772776044439525,-4.377302624867298,"{""0"": 61302, ""1"": 54046, ""2"": 55858, ""3"": 48005, ""4"": 55751, ""5"": 17337}",connected
292399,862,20000,0.050000000000000044,0.013004147738683969,-4.377302624867298,"{""0"": 61302, ""1"": 54046, ""2"": 55937, ""3"": 48017, ""4"": 55759, ""5"": 17338}",connected
292499,864,20000,0.050000000000000044,0.01272520458092913,-4.384403186757117,"{""0"": 61305, ""1"": 54053, ""2"": 56016, ""3"": 48021, ""4"": 55765, ""5"": 17339}",connected
292599,864,20000,0.050000000000000044,0.01250688731437549,-4.384403186757117,"{""0"": 61317, ""1"": 54068, ""2"": 56026, ""3"": 48056, ""4"": 55790, ""5"": 17342}",connected
292699,864,20000,0.050000000000000044,0.010287915447261185,-4.384403186757117,"{""0"": 61325, ""1"": 54081, ""2"": 56062, ""3"": 48081, ""4"": 55807, ""5"": 17343}",connected
292799,864,20000,0.050000000000000044,0.01014927847427316,-4.384403186757117,"{""0"": 61339, ""1"": 54117, ""2"": 56091, ""3"": 48097, ""4"": 55812, ""5"": 17343}",connected
292899,864,20000,0.050000000000000044,0.010612082571024075,-4.384403186757117,"{""0"": 61356, ""1"": 54138, ""2"": 56103, ""3"": 48118, ""4"": 55839, ""5"": 17345}",connected
292999,866,20000,0.050000000000000044,0.010160966608673334,-4.264854916823096,"{""0"": 61374, ""1"": 54160, ""2"": 56120, ""3"": 48140, ""4"": 55860, ""5"": 17345}",connected
293099,866,20000,0.050000000000000044,0.012431509234011174,-4.264854916823096,"{""0"": 61376, ""1"": 54170, ""2"": 56152, ""3"": 48159, ""4"": 55894, ""5"": 17348}",connected
293199,866,20000,0.050000000000000044,0.012015280948253349,-4.264854916823096,"{""0"": 61382, ""1"": 54170, ""2"": 56200, ""3"": 48159, ""4"": 55894, ""5"": 17394}",connected
293299,866,20000,0.050000000000000044,0.011960892198840157,-4.264854916823096,"{""0"": 61384, ""1"": 54170, ""2"": 56291, ""3"": 48160, ""4"": 55896, ""5"": 17398}",connected
293399,866,20000,0.050000000000000044,0.01223244951455854,-4.264854916823096,"{""0"": 61387, ""1"": 54173, ""2"": 56341, ""3"": 48160, ""4"": 55927, ""5"": 17411}",connected
293499,866,20000,0.050000000000000044,0.012722072281176224,-4.264854916823096,"{""0"": 61409, ""1"": 54178, ""2"": 56402, ""3"": 48160, ""4"": 55935, ""5"": 17415}",connected
293599,866,20000,0.050000000000000044,0.013060071715153753,-4.264854916823096,"{""0"": 61430, ""1"": 54178, ""2"": 56468, ""3"": 48163, ""4"": 55945, ""5"": 17415}",connected
293699,868,20000,0.050000000000000044,0.012740115475608035,-4.275676082912833,"{""0"": 61457, ""1"": 54187, ""2"": 56518, ""3"": 48169, ""4"": 55953, ""5"": 17415}",connected
293799,868,20000,0.050000000000000044,0.012707788345869631,-4.275676082912833,"{""0"": 61459, ""1"": 54203, ""2"": 56534, ""3"": 48207, ""4"": 55981, ""5"": 17415}",connected
293899,868,20000,0.050000000000000044,0.00989631014643237,-4.275676082912833,"{""0"": 61499, ""1"": 54226, ""2"": 56550, ""3"": 48215, ""4"": 55994, ""5"": 17415}",connected
293999,868,20000,0.050000000000000044,0.009473311904584988,-4.275676082912833,"{""0"": 61538, ""1"": 54240, ""2"": 56562, ""3"": 48228, ""4"": 56008, ""5"": 17423}",connected
294099,868,20000,0.050000000000000044,0.008490293915383518,-4.275676082912833,"{""0"": 61575, ""1"": 54248, ""2"": 56573, ""3"": 48252, ""4"": 56027, ""5"": 17424}",connected
294199,868,20000,0.050000000000000044,0.008291860623285175,-4.275676082912833,"{""0"": 61584, ""1"": 54261, ""2"": 56592, ""3"": 48279, ""4"": 56054, ""5"": 17429}",connected
294299,868,20000,0.050000000000000044,0.009495485996594652,-4.275676082912833,"{""0"": 61584, ""1"": 54307, ""2"": 56592, ""3"": 48279, ""4"": 56054, ""5"": 17483}",connected
294399,870,20000,0.050000000000000044,0.009196458199294284,-4.2829336524708195,"{""0"": 61625, ""1"": 54324, ""2"": 56596, ""3"": 48289, ""4"": 56054, ""5"": 17511}",connected
294499,870,20000,0.050000000000000044,0.010139685723697767,-4.2829336524708195,"{""0"": 61642, ""1"": 54350, ""2"": 56624, ""3"": 48304, ""4"": 56067, ""5"": 17512}",connected
294599,870,20000,0.050000000000000044,0.009099987532244995,-4.2829336524708195,"{""0"": 61651, ""1"": 54366, ""2"": 56647, ""3"": 48328, ""4"": 56092, ""5"": 17515}",connected
294699,870,20000,0.050000000000000044,0.008163740546442567,-4.2829336524708195,"{""0"": 61668, ""1"": 54384, ""2"": 56689, ""3"": 48338, ""4"": 56098, ""5"": 17522}",connected
294799,870,20000,0.050000000000000044,0.008437071290099993,-4.2829336524708195,"{""0"": 61687, ""1"": 54401, ""2"": 56725, ""3"": 48352, ""4"": 56111, ""5"": 17523}",connected
294899,870,20000,0.050000000000000044,0.0072385370277334,-4.2829336524708195,"{""0"": 61697, ""1"": 54420, ""2"": 56753, ""3"": 48369, ""4"": 56134, ""5"": 17526}",connected
294999,870,20000,0.050000000000000044,0.008304743058979512,-4.2829336524708195,"{""0"": 61708, ""1"": 54440, ""2"": 56778, ""3"": 48392, ""4"": 56155, ""5"": 17526}",connected
295099,870,20000,0.050000000000000044,0.008287516963900999,-4.2829336524708195,"{""0"": 61732, ""1"": 54450, ""2"": 56820, ""3"": 48399, ""4"": 56172, ""5"": 17526}",connected
295199,872,20000,0.050000000000000044,0.009017370119690895,-4.273517981520854,"{""0"": 61759, ""1"": 54471, ""2"": 56846, ""3"": 48414, ""4"": 56180, ""5"": 17529}",connected
295299,872,20000,0.050000000000000044,0.009932722670491785,-4.273517981520854,"{""0"": 61796, ""1"": 54494, ""2"": 56867, ""3"": 48422, ""4"": 56190, ""5"": 17530}",connected
295399,872,20000,0.050000000000000044,0.009411617745645345,-4.273517981520854,"{""0"": 61846, ""1"": 54506, ""2"": 56877, ""3"": 48436, ""4"": 56204, ""5"": 17530}",connected
295499,872,20000,0.050000000000000044,0.010868186377920211,-4.273517981520854,"{""0"": 61858, ""1"": 54534, ""2"": 56901, ""3"": 48456, ""4"": 56217, ""5"": 17533}",connected
295599,872,20000,0.050000000000000044,0.009706193342572078,-4.273517981520854,"{""0"": 61921, ""1"": 54541, ""2"": 56909, ""3"": 48465, ""4"": 56228, ""5"": 17535}",connected
295699,872,20000,0.050000000000000044,0.00917726032086648,-4.273517981520854,"{""0"": 61954, ""1"": 54551, ""2"": 56917, ""3"": 48492, ""4"": 56246, ""5"": 17539}",connected
295799,872,20000,0.050000000000000044,0.009783724950393662,-4.273517981520854,"{""0"": 61972, ""1"": 54564, ""2"": 56934, ""3"": 48513, ""4"": 56260, ""5"": 17556}",connected
295899,874,20000,0.050000000000000044,0.00876406102674082,-4.262894071037881,"{""0"": 62002, ""1"": 54591, ""2"": 56944, ""3"": 48530, ""4"": 56274, ""5"": 17558}",connected
295999,874,20000,0.050000000000000044,0.009228494153358042,-4.262894071037881,"{""0"": 62022, ""1"": 54608, ""2"": 56957, ""3"": 48557, ""4"": 56293, ""5"": 17562}",connected
296099,874,20000,0.050000000000000044,0.009460232026176527,-4.262894071037881,"{""0"": 62059, ""1"": 54628, ""2"": 56975, ""3"": 48575, ""4"": 56298, ""5"": 17564}",connected
296199,874,20000,0.050000000000000044,0.009770874007372185,-4.262894071037881,"{""0"": 62074, ""1"": 54646, ""2"": 56988, ""3"": 48606, ""4"": 56318, ""5"": 17567}",connected
296299,874,20000,0.050000000000000044,0.010079960116418079,-4.262894071037881,"{""0"": 62082, ""1"": 54671, ""2"": 57004, ""3"": 48638, ""4"": 56337, ""5"": 17567}",connected
296399,874,20000,0.050000000000000044,0.010733068995177746,-4.262894071037881,"{""0"": 62096, ""1"": 54695, ""2"": 57034, ""3"": 48652, ""4"": 56349, ""5"": 17573}",connected
296499,874,20000,0.050000000000000044,0.0120419727510307,-4.262894071037881,"{""0"": 62114, ""1"": 54718, ""2"": 57050, ""3"": 48674, ""4"": 56366, ""5"": 17577}",connected
296599,876,20000,0.050000000000000044,0.011376586356200279,-4.247275159922428,"{""0"": 62137, ""1"": 54738, ""2"": 57062, ""3"": 48705, ""4"": 56378, ""5"": 17579}",connected
296699,876,20000,0.050000000000000044,0.01209119769046083,-4.247275159922428,"{""0"": 62146, ""1"": 54753, ""2"": 57086, ""3"": 48730, ""4"": 56398, ""5"": 17586}",connected
296799,876,20000,0.050000000000000044,0.011949830249650404,-4.247275159922428,"{""0"": 62163, ""1"": 54776, ""2"": 57104, ""3"": 48750, ""4"": 56420, ""5"": 17586}",connected
296899,876,20000,0.050000000000000044,0.010883923054207116,-4.247275159922428,"{""0"": 62188, ""1"": 54797, ""2"": 57126, ""3"": 48775, ""4"": 56427, ""5"": 17586}",connected
296999,876,20000,0.050000000000000044,0.011910121397813783,-4.247275159922428,"{""0"": 62220, ""1"": 54814, ""2"": 57148, ""3"": 48791, ""4"": 56438, ""5"": 17588}",connected
297099,876,20000,0.050000000000000044,0.011367344497703016,-4.247275159922428,"{""0"": 62234, ""1"": 54845, ""2"": 57165, ""3"": 48809, ""4"": 56455, ""5"": 17591}",connected
297199,876,20000,0.050000000000000044,0.010944210245506838,-4.247275159922428,"{""0"": 62280, ""1"": 54847, ""2"": 57167, ""3"": 48834, ""4"": 56480, ""5"": 17591}",connected
297299,878,20000,0.050000000000000044,0.011009165089344606,-4.234905301616527,"{""0"": 62305, ""1"": 54868, ""2"": 57184, ""3"": 48855, ""4"": 56496, ""5"": 17591}",connected
297399,878,20000,0.050000000000000044,0.010182835708837957,-4.234905301616527,"{""0"": 62347, ""1"": 54880, ""2"": 57193, ""3"": 48873, ""4"": 56515, ""5"": 17591}",connected
297499,878,20000,0.050000000000000044,0.010464030117727816,-4.234905301616527,"{""0"": 62364, ""1"": 54900, ""2"": 57217, ""3"": 48892, ""4"": 56535, ""5"": 17591}",connected
297599,878,20000,0.050000000000000044,0.010362282528076321,-4.234905301616527,"{""0"": 62385, ""1"": 54924, ""2"": 57232, ""3"": 48916, ""4"": 56550, ""5"": 17592}",connected
297699,878,20000,0.050000000000000044,0.010742830001981929,-4.234905301616527,"{""0"": 62413, ""1"": 54941, ""2"": 57254, ""3"": 48934, ""4"": 56565, ""5"": 17592}",connected
297799,878,20000,0.050000000000000044,0.010555022131884471,-4.234905301616527,"{""0"": 62453, ""1"": 54948, ""2"": 57263, ""3"": 48955, ""4"": 56586, ""5"": 17594}",connected
297899,878,20000,0.050000000000000044,0.009044842622242867,-4.234905301616527,"{""0"": 62478, ""1"": 54968, ""2"": 57279, ""3"": 48975, ""4"": 56605, ""5"": 17594}",connected
297999,878,20000,0.050000000000000044,0.009116081655956804,-4.234905301616527,"{""0"": 62506, ""1"": 54990, ""2"": 57299, ""3"": 48990, ""4"": 56618, ""5"": 17596}",connected
298099,880,20000,0.050000000000000044,0.008576610366581007,-4.213331169043667,"{""0"": 62516, ""1"": 55025, ""2"": 57321, ""3"": 49009, ""4"": 56628, ""5"": 17600}",connected
298199,880,20000,0.050000000000000044,0.009630160867236554,-4.213331169043667,"{""0"": 62534, ""1"": 55037, ""2"": 57331, ""3"": 49044, ""4"": 56651, ""5"": 17602}",connected
298299,880,20000,0.050000000000000044,0.010258497796021402,-4.213331169043667,"{""0"": 62554, ""1"": 55054, ""2"": 57358, ""3"": 49062, ""4"": 56664, ""5"": 17607}",connected
298399,880,20000,0.050000000000000044,0.012057863848749548,-4.213331169043667,"{""0"": 62588, ""1"": 55075, ""2"": 57373, ""3"": 49087, ""4"": 56669, ""5"": 17607}",connected
298499,880,20000,0.050000000000000044,0.011855483176186682,-4.213331169043667,"{""0"": 62622, ""1"": 55084, ""2"": 57383, ""3"": 49110, ""4"": 56692, ""5"": 17608}",connected
298599,880,20000,0.050000000000000044,0.011238175730686634,-4.213331169043667,"{""0"": 62644, ""1"": 55089, ""2"": 57398, ""3"": 49136, ""4"": 56724, ""5"": 17608}",connected
298699,880,20000,0.050000000000000044,0.012098464968148618,-4.213331169043667,"{""0"": 62655, ""1"": 55116, ""2"": 57416, ""3"": 49163, ""4"": 56741, ""5"": 17608}",connected
298799,882,20000,0.050000000000000044,0.010205110386013985,-4.194422147213482,"{""0"": 62674, ""1"": 55128, ""2"": 57446, ""3"": 49181, ""4"": 56762, ""5"": 17608}",connected
298899,882,20000,0.050000000000000044,0.011522074836539104,-4.194422147213482,"{""0"": 62687, ""1"": 55152, ""2"": 57458, ""3"": 49210, ""4"": 56778, ""5"": 17614}",connected
298999,882,20000,0.050000000000000044,0.012218305250862614,-4.194422147213482,"{""0"": 62719, ""1"": 55158, ""2"": 57461, ""3"": 49235, ""4"": 56789, ""5"": 17637}",connected
299099,882,20000,0.050000000000000044,0.011043446322437376,-4.194422147213482,"{""0"": 62761, ""1"": 55193, ""2"": 57462, ""3"": 49244, ""4"": 56790, ""5"": 17649}",connected
299199,882,20000,0.050000000000000044,0.010677292906912043,-4.194422147213482,"{""0"": 62790, ""1"": 55194, ""2"": 57463, ""3"": 49265, ""4"": 56792, ""5"": 17695}",connected
299299,882,20000,0.050000000000000044,0.0095258350239601,-4.194422147213482,"{""0"": 62825, ""1"": 55216, ""2"": 57468, ""3"": 49278, ""4"": 56792, ""5"": 17720}",connected
299399,882,20000,0.050000000000000044,0.008783033194486051,-4.194422147213482,"{""0"": 62855, ""1"": 55234, ""2"": 57470, ""3"": 49286, ""4"": 56801, ""5"": 17753}",connected
299499,884,20000,0.050000000000000044,0.009473535320721567,-4.2388910081097855,"{""0"": 62867, ""1"": 55245, ""2"": 57474, ""3"": 49312, ""4"": 56826, ""5"": 17775}",connected
299599,884,20000,0.050000000000000044,0.009685139646753669,-4.2388910081097855,"{""0"": 62912, ""1"": 55254, ""2"": 57484, ""3"": 49335, ""4"": 56839, ""5"": 17775}",connected
299699,884,20000,0.050000000000000044,0.01015378205687739,-4.2388910081097855,"{""0"": 62923, ""1"": 55274, ""2"": 57518, ""3"": 49354, ""4"": 56855, ""5"": 17775}",connected
299799,884,20000,0.050000000000000044,0.010527469530934468,-4.2388910081097855,"{""0"": 62949, ""1"": 55283, ""2"": 57551, ""3"": 49362, ""4"": 56879, ""5"": 17775}",connected
299899,884,20000,0.050000000000000044,0.011950853312155231,-4.2388910081097855,"{""0"": 63003, ""1"": 55283, ""2"": 57597, ""3"": 49362, ""4"": 56879, ""5"": 17775}",connected
299999,884,20000,0.050000000000000044,0.012103761046892031,-4.2388910081097855,"{""0"": 63050, ""1"": 55284, ""2"": 57643, ""3"": 49362, ""4"": 56880, ""5"": 17780}",connected
300099,884,20000,0.050000000000000044,0.011027564179385082,-4.2388910081097855,"{""0"": 63067, ""1"": 55289, ""2"": 57718, ""3"": 49363, ""4"": 56880, ""5"": 17782}",connected
300199,886,20000,0.050000000000000044,0.011402344784000889,-4.222735627256334,"{""0"": 63082, ""1"": 55302, ""2"": 57761, ""3"": 49382, ""4"": 56887, ""5"": 17785}",connected
300299,886,20000,0.050000000000000044,0.010565288079669699,-4.222735627256334,"{""0"": 63109, ""1"": 55317, ""2"": 57778, ""3"": 49412, ""4"": 56898, ""5"": 17785}",connected
300399,886,20000,0.050000000000000044,0.010160987507551908,-4.222735627256334,"{""0"": 63154, ""1"": 55327, ""2"": 57791, ""3"": 49432, ""4"": 56910, ""5"": 17785}",connected
300499,886,20000,0.050000000000000044,0.010516826430102811,-4.222735627256334,"{""0"": 63178, ""1"": 55338, ""2"": 57797, ""3"": 49473, ""4"": 56928, ""5"": 17785}",connected
300599,886,20000,0.050000000000000044,0.008265417745569721,-4.222735627256334,"{""0"": 63194, ""1"": 55348, ""2"": 57821, ""3"": 49498, ""4"": 56953, ""5"": 17785}",connected
300699,886,20000,0.050000000000000044,0.007069997591897846,-4.222735627256334,"{""0"": 63201, ""1"": 55380, ""2"": 57854, ""3"": 49511, ""4"": 56966, ""5"": 17787}",connected
300799,886,20000,0.050000000000000044,0.0071652644721325485,-4.222735627256334,"{""0"": 63208, ""1"": 55399, ""2"": 57870, ""3"": 49550, ""4"": 56983, ""5"": 17789}",connected
300899,888,20000,0.050000000000000044,0.007386630289256573,-4.222494306429289,"{""0"": 63249, ""1"": 55416, ""2"": 57892, ""3"": 49556, ""4"": 56997, ""5"": 17789}",connected
300999,888,20000,0.050000000000000044,0.0082609832030721,-4.222494306429289,"{""0"": 63268, ""1"": 55431, ""2"": 57915, ""3"": 49576, ""4"": 57017, ""5"": 17792}",connected
301099,888,20000,0.050000000000000044,0.008517189664999023,-4.222494306429289,"{""0"": 63277, ""1"": 55450, ""2"": 57932, ""3"": 49602, ""4"": 57046, ""5"": 17792}",connected
301199,888,20000,0.050000000000000044,0.009724326953291893,-4.222494306429289,"{""0"": 63297, ""1"": 55470, ""2"": 57952, ""3"": 49624, ""4"": 57064, ""5"": 17792}",connected
301299,888,20000,0.050000000000000044,0.00985641461564228,-4.222494306429289,"{""0"": 63315, ""1"": 55487, ""2"": 57978, ""3"": 49647, ""4"": 57080, ""5"": 17792}",connected
301399,888,20000,0.050000000000000044,0.009954309434397146,-4.222494306429289,"{""0"": 63324, ""1"": 55506, ""2"": 58013, ""3"": 49664, ""4"": 57100, ""5"": 17792}",connected
301499,888,20000,0.050000000000000044,0.009892064256127923,-4.222494306429289,"{""0"": 63336, ""1"": 55519, ""2"": 58028, ""3"": 49696, ""4"": 57127, ""5"": 17793}",connected
301599,888,20000,0.050000000000000044,0.009358355227741413,-4.222494306429289,"{""0"": 63349, ""1"": 55543, ""2"": 58048, ""3"": 49719, ""4"": 57146, ""5"": 17794}",connected
301699,890,20000,0.050000000000000044,0.009080405425629578,-4.207983985235915,"{""0"": 63413, ""1"": 55555, ""2"": 58058, ""3"": 49723, ""4"": 57156, ""5"": 17794}",connected
301799,890,20000,0.050000000000000044,0.00849137601791881,-4.207983985235915,"{""0"": 63454, ""1"": 55564, ""2"": 58088, ""3"": 49730, ""4"": 57167, ""5"": 17796}",connected
301899,890,20000,0.050000000000000044,0.00812281402235385,-4.207983985235915,"{""0"": 63459, ""1"": 55585, ""2"": 58113, ""3"": 49753, ""4"": 57191, ""5"": 17798}",connected
301999,890,20000,0.050000000000000044,0.007241387235699222,-4.207983985235915,"{""0"": 63465, ""1"": 55608, ""2"": 58134, ""3"": 49782, ""4"": 57212, ""5"": 17798}",connected
302099,890,20000,0.050000000000000044,0.0071725400432478634,-4.207983985235915,"{""0"": 63487, ""1"": 55626, ""2"": 58155, ""3"": 49802, ""4"": 57231, ""5"": 17798}",connected
302199,890,20000,0.050000000000000044,0.007681445568450727,-4.207983985235915,"{""0"": 63513, ""1"": 55638, ""2"": 58169, ""3"": 49828, ""4"": 57251, ""5"": 17800}",connected
302299,890,20000,0.050000000000000044,0.007382101013208739,-4.207983985235915,"{""0"": 63527, ""1"": 55657, ""2"": 58195, ""3"": 49848, ""4"": 57270, ""5"": 17802}",connected
302399,892,20000,0.050000000000000044,0.007519335902179592,-4.198903506500646,"{""0"": 63549, ""1"": 55676, ""2"": 58203, ""3"": 49880, ""4"": 57287, ""5"": 17804}",connected
302499,892,20000,0.050000000000000044,0.006848036329029128,-4.198903506500646,"{""0"": 63582, ""1"": 55680, ""2"": 58223, ""3"": 49899, ""4"": 57311, ""5"": 17804}",connected
302599,892,20000,0.050000000000000044,0.0069052413769532,-4.198903506500646,"{""0"": 63608, ""1"": 55694, ""2"": 58250, ""3"": 49915, ""4"": 57319, ""5"": 17813}",connected
302699,892,20000,0.050000000000000044,0.00811092477175407,-4.198903506500646,"{""0"": 63624, ""1"": 55718, ""2"": 58288, ""3"": 49922, ""4"": 57327, ""5"": 17820}",connected
302799,892,20000,0.050000000000000044,0.007676797115127556,-4.198903506500646,"{""0"": 63679, ""1"": 55732, ""2"": 58296, ""3"": 49932, ""4"": 57328, ""5"": 17832}",connected
302899,892,20000,0.050000000000000044,0.009284137027570978,-4.198903506500646,"{""0"": 63693, ""1"": 55741, ""2"": 58306, ""3"": 49979, ""4"": 57348, ""5"": 17832}",connected
302999,892,20000,0.050000000000000044,0.008499186561675743,-4.198903506500646,"{""0"": 63701, ""1"": 55750, ""2"": 58335, ""3"": 50005, ""4"": 57375, ""5"": 17833}",connected
303099,894,20000,0.050000000000000044,0.007262847645324655,-4.210987462219782,"{""0"": 63713, ""1"": 55764, ""2"": 58396, ""3"": 50009, ""4"": 57384, ""5"": 17833}",connected
303199,894,20000,0.050000000000000044,0.007896218385430984,-4.210987462219782,"{""0"": 63738, ""1"": 55773, ""2"": 58422, ""3"": 50020, ""4"": 57413, ""5"": 17833}",connected
303299,894,20000,0.050000000000000044,0.006550742406398058,-4.210987462219782,"{""0"": 63750, ""1"": 55773, ""2"": 58469, ""3"": 50040, ""4"": 57432, ""5"": 17835}",connected
303399,894,20000,0.050000000000000044,0.008149514041142537,-4.210987462219782,"{""0"": 63760, ""1"": 55773, ""2"": 58499, ""3"": 50069, ""4"": 57462, ""5"": 17836}",connected
303499,894,20000,0.050000000000000044,0.00912320493545849,-4.210987462219782,"{""0"": 63793, ""1"": 55775, ""2"": 58515, ""3"": 50079, ""4"": 57480, ""5"": 17857}",connected
303599,894,20000,0.050000000000000044,0.009273024486610666,-4.210987462219782,"{""0"": 63827, ""1"": 55776, ""2"": 58533, ""3"": 50083, ""4"": 57484, ""5"": 17896}",connected
303699,894,20000,0.050000000000000044,0.010814154559629969,-4.210987462219782,"{""0"": 63832, ""1"": 55778, ""2"": 58567, ""3"": 50091, ""4"": 57511, ""5"": 17920}",connected
303799,896,20000,0.050000000000000044,0.011161472089588642,-4.23565534576308,"{""0"": 63840, ""1"": 55793, ""2"": 58577, ""3"": 50095, ""4"": 57517, ""5"": 17977}",connected
303899,896,20000,0.050000000000000044,0.011269418225856498,-4.23565534576308,"{""0"": 63868, ""1"": 55798, ""2"": 58594, ""3"": 50117, ""4"": 57544, ""5"": 17978}",connected
303999,896,20000,0.050000000000000044,0.011302454743999988,-4.23565534576308,"{""0"": 63902, ""1"": 55805, ""2"": 58610, ""3"": 50138, ""4"": 57565, ""5"": 17979}",connected
304099,896,20000,0.050000000000000044,0.010391618739813566,-4.23565534576308,"{""0"": 63946, ""1"": 55815, ""2"": 58629, ""3"": 50151, ""4"": 57579, ""5"": 17979}",connected
304199,896,20000,0.050000000000000044,0.008399576338124461,-4.23565534576308,"{""0"": 63979, ""1"": 55821, ""2"": 58644, ""3"": 50174, ""4"": 57602, ""5"": 17979}",connected
304299,896,20000,0.050000000000000044,0.008765176172018982,-4.23565534576308,"{""0"": 64000, ""1"": 55829, ""2"": 58661, ""3"": 50195, ""4"": 57635, ""5"": 17979}",connected
304399,896,20000,0.050000000000000044,0.008413703932310454,-4.23565534576308,"{""0"": 64017, ""1"": 55829, ""2"": 58714, ""3"": 50210, ""4"": 57650, ""5"": 17979}",connected
304499,896,20000,0.050000000000000044,0.008750910255475901,-4.23565534576308,"{""0"": 64026, ""1"": 55834, ""2"": 58758, ""3"": 50226, ""4"": 57673, ""5"": 17982}",connected
304599,898,20000,0.050000000000000044,0.009637152384384536,-4.233938336069696,"{""0"": 64060, ""1"": 55873, ""2"": 58768, ""3"": 50226, ""4"": 57685, ""5"": 17987}",connected
304699,898,20000,0.050000000000000044,0.008813758550095372,-4.233938336069696,"{""0"": 64098, ""1"": 55911, ""2"": 58769, ""3"": 50228, ""4"": 57695, ""5"": 17998}",connected
304799,898,20000,0.050000000000000044,0.00868952386721503,-4.233938336069696,"{""0"": 64133, ""1"": 55942, ""2"": 58769, ""3"": 50245, ""4"": 57697, ""5"": 18013}",connected
304899,898,20000,0.050000000000000044,0.007578025572584011,-4.233938336069696,"{""0"": 64167, ""1"": 55990, ""2"": 58771, ""3"": 50255, ""4"": 57698, ""5"": 18018}",connected
304999,898,20000,0.050000000000000044,0.008340413290425204,-4.233938336069696,"{""0"": 64206, ""1"": 56030, ""2"": 58773, ""3"": 50264, ""4"": 57699, ""5"": 18027}",connected
305099,898,20000,0.050000000000000044,0.00874447425827384,-4.233938336069696,"{""0"": 64251, ""1"": 56077, ""2"": 58774, ""3"": 50270, ""4"": 57700, ""5"": 18027}",connected
305199,898,20000,0.050000000000000044,0.008671995834447443,-4.233938336069696,"{""0"": 64308, ""1"": 56110, ""2"": 58774, ""3"": 50277, ""4"": 57701, ""5"": 18029}",connected
305299,900,20000,0.050000000000000044,0.009337490529287607,-4.239411447537131,"{""0"": 64340, ""1"": 56136, ""2"": 58785, ""3"": 50287, ""4"": 57717, ""5"": 18034}",connected
305399,900,20000,0.050000000000000044,0.009287595091154798,-4.239411447537131,"{""0"": 64395, ""1"": 56140, ""2"": 58790, ""3"": 50298, ""4"": 57738, ""5"": 18038}",connected
305499,900,20000,0.050000000000000044,0.009692600104026497,-4.239411447537131,"{""0"": 64461, ""1"": 56154, ""2"": 58803, ""3"": 50300, ""4"": 57742, ""5"": 18039}",connected
305599,900,20000,0.050000000000000044,0.009795573964947835,-4.239411447537131,"{""0"": 64499, ""1"": 56168, ""2"": 58817, ""3"": 50308, ""4"": 57763, ""5"": 18044}",connected
305699,900,20000,0.050000000000000044,0.0097086982592009,-4.239411447537131,"{""0"": 64549, ""1"": 56206, ""2"": 58819, ""3"": 50312, ""4"": 57765, ""5"": 18048}",connected
305799,900,20000,0.050000000000000044,0.008780521549051628,-4.239411447537131,"{""0"": 64613, ""1"": 56239, ""2"": 58822, ""3"": 50312, ""4"": 57765, ""5"": 18048}",connected
305899,900,20000,0.050000000000000044,0.008390199869754724,-4.239411447537131,"{""0"": 64659, ""1"": 56289, ""2"": 58822, ""3"": 50312, ""4"": 57765, ""5"": 18052}",connected
305999,902,20000,0.050000000000000044,0.00886461226909887,-4.22759411004372,"{""0"": 64701, ""1"": 56324, ""2"": 58825, ""3"": 50317, ""4"": 57780, ""5"": 18052}",connected
306099,902,20000,0.050000000000000044,0.008142497922526672,-4.22759411004372,"{""0"": 64712, ""1"": 56344, ""2"": 58851, ""3"": 50329, ""4"": 57810, ""5"": 18053}",connected
306199,902,20000,0.050000000000000044,0.007864933981909416,-4.22759411004372,"{""0"": 64713, ""1"": 56358, ""2"": 58882, ""3"": 50357, ""4"": 57834, ""5"": 18055}",connected
306299,902,20000,0.050000000000000044,0.00792546159005724,-4.22759411004372,"{""0"": 64720, ""1"": 56365, ""2"": 58903, ""3"": 50388, ""4"": 57868, ""5"": 18055}",connected
306399,902,20000,0.050000000000000044,0.007564312313916161,-4.22759411004372,"{""0"": 64732, ""1"": 56369, ""2"": 58915, ""3"": 50424, ""4"": 57904, ""5"": 18055}",connected
306499,902,20000,0.050000000000000044,0.008852360594901257,-4.22759411004372,"{""0"": 64751, ""1"": 56385, ""2"": 58935, ""3"": 50445, ""4"": 57928, ""5"": 18055}",connected
306599,902,20000,0.050000000000000044,0.009017552225268446,-4.22759411004372,"{""0"": 64756, ""1"": 56399, ""2"": 58946, ""3"": 50491, ""4"": 57949, ""5"": 18058}",connected
306699,904,20000,0.050000000000000044,0.008315877477289178,-4.222223638719879,"{""0"": 64764, ""1"": 56430, ""2"": 58955, ""3"": 50526, ""4"": 57966, ""5"": 18058}",connected
306799,904,20000,0.050000000000000044,0.008743443507119081,-4.222223638719879,"{""0"": 64806, ""1"": 56443, ""2"": 58972, ""3"": 50540, ""4"": 57979, ""5"": 18059}",connected
306899,904,20000,0.050000000000000044,0.008728113471879623,-4.222223638719879,"{""0"": 64833, ""1"": 56449, ""2"": 58979, ""3"": 50551, ""4"": 58027, ""5"": 18060}",connected
306999,904,20000,0.050000000000000044,0.008942397443461233,-4.222223638719879,"{""0"": 64853, ""1"": 56470, ""2"": 58992, ""3"": 50565, ""4"": 58050, ""5"": 18069}",connected
307099,904,20000,0.050000000000000044,0.010825801847386175,-4.222223638719879,"{""0"": 64854, ""1"": 56520, ""2"": 59014, ""3"": 50566, ""4"": 58054, ""5"": 18091}",connected
307199,904,20000,0.050000000000000044,0.010853880800423212,-4.222223638719879,"{""0"": 64874, ""1"": 56549, ""2"": 59056, ""3"": 50570, ""4"": 58058, ""5"": 18092}",connected
307299,904,20000,0.050000000000000044,0.011096504527959041,-4.222223638719879,"{""0"": 64894, ""1"": 56567, ""2"": 59100, ""3"": 50572, ""4"": 58059, ""5"": 18107}",connected
307399,906,20000,0.050000000000000044,0.012451117993332445,-4.212593982131221,"{""0"": 64906, ""1"": 56593, ""2"": 59141, ""3"": 50577, ""4"": 58071, ""5"": 18111}",connected
307499,906,20000,0.050000000000000044,0.010721369873499498,-4.212593982131221,"{""0"": 64927, ""1"": 56600, ""2"": 59171, ""3"": 50608, ""4"": 58080, ""5"": 18113}",connected
307599,906,20000,0.050000000000000044,0.011308985149371438,-4.212593982131221,"{""0"": 64951, ""1"": 56630, ""2"": 59188, ""3"": 50621, ""4"": 58096, ""5"": 18113}",connected
307699,906,20000,0.050000000000000044,0.011757106951554306,-4.212593982131221,"{""0"": 64954, ""1"": 56654, ""2"": 59234, ""3"": 50635, ""4"": 58108, ""5"": 18114}",connected
307799,906,20000,0.050000000000000044,0.01100278394005727,-4.212593982131221,"{""0"": 64957, ""1"": 56676, ""2"": 59255, ""3"": 50660, ""4"": 58135, ""5"": 18116}",connected
307899,906,20000,0.050000000000000044,0.012240759339765645,-4.212593982131221,"{""0"": 64958, ""1"": 56725, ""2"": 59290, ""3"": 50665, ""4"": 58141, ""5"": 18120}",connected
307999,906,20000,0.050000000000000044,0.013411763925105333,-4.212593982131221,"{""0"": 64958, ""1"": 56760, ""2"": 59292, ""3"": 50678, ""4"": 58143, ""5"": 18168}",connected
308099,906,20000,0.050000000000000044,0.012221545615466312,-4.212593982131221,"{""0"": 64959, ""1"": 56775, ""2"": 59310, ""3"": 50720, ""4"": 58152, ""5"": 18183}",connected
308199,908,20000,0.050000000000000044,0.011519024608423934,-4.203470054585487,"{""0"": 64965, ""1"": 56792, ""2"": 59347, ""3"": 50743, ""4"": 58169, ""5"": 18183}",connected
308299,908,20000,0.050000000000000044,0.012190908923512324,-4.203470054585487,"{""0"": 64995, ""1"": 56795, ""2"": 59356, ""3"": 50779, ""4"": 58191, ""5"": 18183}",connected
308399,908,20000,0.050000000000000044,0.010123543419176713,-4.203470054585487,"{""0"": 64998, ""1"": 56795, ""2"": 59435, ""3"": 50788, ""4"": 58199, ""5"": 18184}",connected
308499,908,20000,0.050000000000000044,0.009093628053087742,-4.203470054585487,"{""0"": 65027, ""1"": 56798, ""2"": 59479, ""3"": 50801, ""4"": 58209, ""5"": 18185}",connected
308599,908,20000,0.050000000000000044,0.010125213786959648,-4.203470054585487,"{""0"": 65031, ""1"": 56801, ""2"": 59494, ""3"": 50834, ""4"": 58253, ""5"": 18186}",connected
308699,908,20000,0.050000000000000044,0.008882787527982145,-4.203470054585487,"{""0"": 65054, ""1"": 56803, ""2"": 59511, ""3"": 50869, ""4"": 58269, ""5"": 18193}",connected
308799,908,20000,0.050000000000000044,0.010751478708116338,-4.203470054585487,"{""0"": 65063, ""1"": 56819, ""2"": 59544, ""3"": 50897, ""4"": 58280, ""5"": 18196}",connected
308899,910,20000,0.050000000000000044,0.011424350297311321,-4.210627741394564,"{""0"": 65078, ""1"": 56860, ""2"": 59568, ""3"": 50907, ""4"": 58286, ""5"": 18200}",connected
308999,910,20000,0.050000000000000044,0.010954669503262267,-4.210627741394564,"{""0"": 65096, ""1"": 56865, ""2"": 59611, ""3"": 50919, ""4"": 58306, ""5"": 18202}",connected
309099,910,20000,0.050000000000000044,0.010371747924946249,-4.210627741394564,"{""0"": 65107, ""1"": 56869, ""2"": 59647, ""3"": 50954, ""4"": 58319, ""5"": 18203}",connected
309199,910,20000,0.050000000000000044,0.00971378526359331,-4.210627741394564,"{""0"": 65111, ""1"": 56870, ""2"": 59714, ""3"": 50964, ""4"": 58335, ""5"": 18205}",connected
309299,910,20000,0.050000000000000044,0.010482356758438982,-4.210627741394564,"{""0"": 65119, ""1"": 56874, ""2"": 59731, ""3"": 50986, ""4"": 58382, ""5"": 18207}",connected
309399,910,20000,0.050000000000000044,0.01165344966982957,-4.210627741394564,"{""0"": 65128, ""1"": 56874, ""2"": 59739, ""3"": 51031, ""4"": 58420, ""5"": 18207}",connected
309499,910,20000,0.050000000000000044,0.012616887749754824,-4.210627741394564,"{""0"": 65132, ""1"": 56874, ""2"": 59763, ""3"": 51067, ""4"": 58456, ""5"": 18207}",connected
309599,912,20000,0.050000000000000044,0.01209601762937382,-4.190241735740565,"{""0"": 65163, ""1"": 56879, ""2"": 59792, ""3"": 51084, ""4"": 58472, ""5"": 18209}",connected
309699,912,20000,0.050000000000000044,0.011837150466162712,-4.190241735740565,"{""0"": 65177, ""1"": 56891, ""2"": 59838, ""3"": 51106, ""4"": 58478, ""5"": 18209}",connected
309799,912,20000,0.050000000000000044,0.010337763043353335,-4.190241735740565,"{""0"": 65229, ""1"": 56892, ""2"": 59847, ""3"": 51131, ""4"": 58490, ""5"": 18210}",connected
309899,912,20000,0.050000000000000044,0.009945698104565963,-4.190241735740565,"{""0"": 65248, ""1"": 56892, ""2"": 59917, ""3"": 51140, ""4"": 58491, ""5"": 18211}",connected
309999,912,20000,0.050000000000000044,0.008408185829175636,-4.190241735740565,"{""0"": 65270, ""1"": 56892, ""2"": 59985, ""3"": 51143, ""4"": 58497, ""5"": 18212}",connected
310099,912,20000,0.050000000000000044,0.007998927881708369,-4.190241735740565,"{""0"": 65286, ""1"": 56893, ""2"": 60063, ""3"": 51145, ""4"": 58499, ""5"": 18213}",connected
310199,912,20000,0.050000000000000044,0.008606170336715877,-4.190241735740565,"{""0"": 65286, ""1"": 56894, ""2"": 60159, ""3"": 51147, ""4"": 58500, ""5"": 18213}",connected
310299,914,20000,0.050000000000000044,0.008161748812999576,-4.276750193480402,"{""0"": 65323, ""1"": 56907, ""2"": 60201, ""3"": 51151, ""4"": 58502, ""5"": 18215}",connected
310399,914,20000,0.050000000000000044,0.00870133813470602,-4.276750193480402,"{""0"": 65330, ""1"": 56930, ""2"": 60213, ""3"": 51173, ""4"": 58523, ""5"": 18230}",connected
310499,914,20000,0.050000000000000044,0.009697657255455851,-4.276750193480402,"{""0"": 65352, ""1"": 56937, ""2"": 60233, ""3"": 51205, ""4"": 58542, ""5"": 18230}",connected
310599,914,20000,0.050000000000000044,0.010214596259174868,-4.276750193480402,"{""0"": 65352, ""1"": 56937, ""2"": 60280, ""3"": 51257, ""4"": 58542, ""5"": 18231}",connected
310699,914,20000,0.050000000000000044,0.009660120970802382,-4.276750193480402,"{""0"": 65352, ""1"": 56937, ""2"": 60331, ""3"": 51306, ""4"": 58542, ""5"": 18231}",connected
310799,914,20000,0.050000000000000044,0.01050637374748476,-4.276750193480402,"{""0"": 65354, ""1"": 56944, ""2"": 60367, ""3"": 51349, ""4"": 58553, ""5"": 18232}",connected
310899,916,20000,0.050000000000000044,0.010304685775190591,-4.1938865031907335,"{""0"": 65372, ""1"": 56969, ""2"": 60378, ""3"": 51369, ""4"": 58578, ""5"": 18233}",connected
310999,916,20000,0.050000000000000044,0.010287880848627537,-4.1938865031907335,"{""0"": 65385, ""1"": 56977, ""2"": 60398, ""3"": 51412, ""4"": 58594, ""5"": 18233}",connected
311099,916,20000,0.050000000000000044,0.011907969391904772,-4.1938865031907335,"{""0"": 65458, ""1"": 56978, ""2"": 60410, ""3"": 51419, ""4"": 58600, ""5"": 18234}",connected
311199,916,20000,0.050000000000000044,0.012599055682076142,-4.1938865031907335,"{""0"": 65542, ""1"": 56979, ""2"": 60413, ""3"": 51424, ""4"": 58606, ""5"": 18235}",connected
311299,916,20000,0.050000000000000044,0.012627532659098505,-4.1938865031907335,"{""0"": 65585, ""1"": 56983, ""2"": 60423, ""3"": 51444, ""4"": 58629, ""5"": 18235}",connected
311399,916,20000,0.050000000000000044,0.012330290287500247,-4.1938865031907335,"{""0"": 65640, ""1"": 56985, ""2"": 60440, ""3"": 51451, ""4"": 58644, ""5"": 18239}",connected
311499,916,20000,0.050000000000000044,0.011807473237859085,-4.1938865031907335,"{""0"": 65644, ""1"": 56989, ""2"": 60469, ""3"": 51480, ""4"": 58678, ""5"": 18239}",connected
311599,918,20000,0.050000000000000044,0.01001263185578864,-4.169847245644778,"{""0"": 65669, ""1"": 56997, ""2"": 60491, ""3"": 51501, ""4"": 58702, ""5"": 18239}",connected
311699,918,20000,0.050000000000000044,0.010436360927415081,-4.169847245644778,"{""0"": 65674, ""1"": 57007, ""2"": 60529, ""3"": 51523, ""4"": 58727, ""5"": 18239}",connected
311799,918,20000,0.050000000000000044,0.011240745148970745,-4.169847245644778,"{""0"": 65677, ""1"": 57025, ""2"": 60576, ""3"": 51542, ""4"": 58739, ""5"": 18240}",connected
311899,918,20000,0.050000000000000044,0.011413188325823284,-4.169847245644778,"{""0"": 65684, ""1"": 57027, ""2"": 60632, ""3"": 51570, ""4"": 58746, ""5"": 18240}",connected
311999,918,20000,0.050000000000000044,0.011825129553908482,-4.169847245644778,"{""0"": 65700, ""1"": 57027, ""2"": 60701, ""3"": 51575, ""4"": 58753, ""5"": 18243}",connected
312099,918,20000,0.050000000000000044,0.010639738538302482,-4.169847245644778,"{""0"": 65700, ""1"": 57029, ""2"": 60726, ""3"": 51646, ""4"": 58755, ""5"": 18243}",connected
312199,918,20000,0.050000000000000044,0.007986643130425363,-4.169847245644778,"{""0"": 65701, ""1"": 57030, ""2"": 60768, ""3"": 51688, ""4"": 58769, ""5"": 18243}",connected
312299,920,20000,0.050000000000000044,0.007622876056702807,-4.143004631930962,"{""0"": 65704, ""1"": 57039, ""2"": 60831, ""3"": 51706, ""4"": 58776, ""5"": 18243}",connected
312399,920,20000,0.050000000000000044,0.0077321515919175,-4.143004631930962,"{""0"": 65724, ""1"": 57056, ""2"": 60852, ""3"": 51734, ""4"": 58790, ""5"": 18243}",connected
312499,920,20000,0.050000000000000044,0.008663383970269934,-4.143004631930962,"{""0"": 65732, ""1"": 57061, ""2"": 60914, ""3"": 51750, ""4"": 58799, ""5"": 18243}",connected
312599,920,20000,0.050000000000000044,0.00939088808139786,-4.143004631930962,"{""0"": 65736, ""1"": 57063, ""2"": 60932, ""3"": 51780, ""4"": 58843, ""5"": 18245}",connected
312699,920,20000,0.050000000000000044,0.010761596009833738,-4.143004631930962,"{""0"": 65745, ""1"": 57063, ""2"": 60944, ""3"": 51816, ""4"": 58886, ""5"": 18245}",connected
312799,920,20000,0.050000000000000044,0.01070637360215187,-4.143004631930962,"{""0"": 65746, ""1"": 57063, ""2"": 60957, ""3"": 51861, ""4"": 58927, ""5"": 18245}",connected
312899,920,20000,0.050000000000000044,0.009519300450338051,-4.143004631930962,"{""0"": 65754, ""1"": 57068, ""2"": 60981, ""3"": 51896, ""4"": 58950, ""5"": 18250}",connected
312999,920,20000,0.050000000000000044,0.009515760443173349,-4.143004631930962,"{""0"": 65780, ""1"": 57071, ""2"": 61015, ""3"": 51913, ""4"": 58968, ""5"": 18252}",connected
313099,922,20000,0.050000000000000044,0.00875807405100204,-4.137074511484243,"{""0"": 65782, ""1"": 57087, ""2"": 61024, ""3"": 51952, ""4"": 58991, ""5"": 18263}",connected
313199,922,20000,0.050000000000000044,0.008897962953196838,-4.137074511484243,"{""0"": 65782, ""1"": 57088, ""2"": 61048, ""3"": 52001, ""4"": 58997, ""5"": 18283}",connected
313299,922,20000,0.050000000000000044,0.010068145103286952,-4.137074511484243,"{""0"": 65789, ""1"": 57103, ""2"": 61080, ""3"": 52015, ""4"": 59027, ""5"": 18285}",connected
313399,924,20000,0.050000000000000044,0.011351378746330737,-4.155866858633235,"{""0"": 65799, ""1"": 57120, ""2"": 61115, ""3"": 52031, ""4"": 59048, ""5"": 18286}",connected
313499,924,20000,0.050000000000000044,0.01083887692540884,-4.155866858633235,"{""0"": 65801, ""1"": 57127, ""2"": 61130, ""3"": 52080, ""4"": 59073, ""5"": 18288}",connected
313599,924,20000,0.050000000000000044,0.01112519128830172,-4.155866858633235,"{""0"": 65803, ""1"": 57150, ""2"": 61179, ""3"": 52091, ""4"": 59085, ""5"": 18291}",connected
313699,924,20000,0.050000000000000044,0.01090880822390318,-4.155866858633235,"{""0"": 65814, ""1"": 57165, ""2"": 61208, ""3"": 52112, ""4"": 59109, ""5"": 18291}",connected
313799,924,20000,0.050000000000000044,0.011014859025599434,-4.155866858633235,"{""0"": 65834, ""1"": 57166, ""2"": 61216, ""3"": 52150, ""4"": 59141, ""5"": 18292}",connected
313899,924,20000,0.050000000000000044,0.01188816828536801,-4.155866858633235,"{""0"": 65841, ""1"": 57176, ""2"": 61242, ""3"": 52175, ""4"": 59173, ""5"": 18292}",connected
313999,924,20000,0.050000000000000044,0.011889967924216762,-4.155866858633235,"{""0"": 65844, ""1"": 57181, ""2"": 61259, ""3"": 52211, ""4"": 59212, ""5"": 18292}",connected
314099,926,20000,0.050000000000000044,0.01200537036638707,-4.1481866119848565,"{""0"": 65846, ""1"": 57202, ""2"": 61282, ""3"": 52236, ""4"": 59240, ""5"": 18293}",connected
314199,926,20000,0.050000000000000044,0.011081040983553976,-4.1481866119848565,"{""0"": 65848, ""1"": 57238, ""2"": 61284, ""3"": 52275, ""4"": 59261, ""5"": 18293}",connected
314299,926,20000,0.050000000000000044,0.01072101059020497,-4.1481866119848565,"{""0"": 65869, ""1"": 57266, ""2"": 61315, ""3"": 52289, ""4"": 59263, ""5"": 18297}",connected
314399,926,20000,0.050000000000000044,0.011162107140989974,-4.1481866119848565,"{""0"": 65896, ""1"": 57293, ""2"": 61340, ""3"": 52308, ""4"": 59264, ""5"": 18298}",connected
314499,926,20000,0.050000000000000044,0.010252235952066258,-4.1481866119848565,"{""0"": 65896, ""1"": 57304, ""2"": 61375, ""3"": 52362, ""4"": 59264, ""5"": 18298}",connected
314599,926,20000,0.050000000000000044,0.011298126087058335,-4.1481866119848565,"{""0"": 65896, ""1"": 57307, ""2"": 61380, ""3"": 52411, ""4"": 59286, ""5"": 18319}",connected
314699,926,20000,0.050000000000000044,0.009946746325585992,-4.1481866119848565,"{""0"": 65898, ""1"": 57319, ""2"": 61390, ""3"": 52459, ""4"": 59312, ""5"": 18321}",connected
314799,928,20000,0.050000000000000044,0.009327095198677852,-4.1687960775801916,"{""0"": 65907, ""1"": 57346, ""2"": 61414, ""3"": 52493, ""4"": 59318, ""5"": 18321}",connected
314899,930,20000,0.050000000000000044,0.008657071930356324,-4.0209390511363745,"{""0"": 65909, ""1"": 57375, ""2"": 61447, ""3"": 52504, ""4"": 59343, ""5"": 18321}",connected
314999,930,20000,0.050000000000000044,0.00854158319765702,-4.0209390511363745,"{""0"": 65914, ""1"": 57400, ""2"": 61468, ""3"": 52519, ""4"": 59375, ""5"": 18323}",connected
315099,932,20000,0.050000000000000044,0.00941846018540673,-3.8923667505104094,"{""0"": 65917, ""1"": 57432, ""2"": 61483, ""3"": 52541, ""4"": 59403, ""5"": 18323}",connected
315199,932,20000,0.050000000000000044,0.009140362635953352,-3.8923667505104094,"{""0"": 65935, ""1"": 57434, ""2"": 61495, ""3"": 52580, ""4"": 59421, ""5"": 18334}",connected
315299,932,20000,0.050000000000000044,0.010552684533176943,-3.8923667505104094,"{""0"": 65945, ""1"": 57460, ""2"": 61527, ""3"": 52597, ""4"": 59436, ""5"": 18334}",connected
315399,932,20000,0.050000000000000044,0.01039271232439205,-3.8923667505104094,"{""0"": 65945, ""1"": 57493, ""2"": 61576, ""3"": 52607, ""4"": 59444, ""5"": 18334}",connected
315499,932,20000,0.050000000000000044,0.011312185507267713,-3.8923667505104094,"{""0"": 65948, ""1"": 57499, ""2"": 61603, ""3"": 52638, ""4"": 59476, ""5"": 18335}",connected
315599,932,20000,0.050000000000000044,0.012415715210372581,-3.8923667505104094,"{""0"": 65949, ""1"": 57511, ""2"": 61641, ""3"": 52655, ""4"": 59507, ""5"": 18336}",connected
315699,932,20000,0.050000000000000044,0.012379516719374806,-3.8923667505104094,"{""0"": 65950, ""1"": 57549, ""2"": 61678, ""3"": 52663, ""4"": 59523, ""5"": 18336}",connected
315799,932,20000,0.050000000000000044,0.01261158854002133,-3.8923667505104094,"{""0"": 65954, ""1"": 57612, ""2"": 61702, ""3"": 52663, ""4"": 59528, ""5"": 18340}",connected
315899,934,20000,0.050000000000000044,0.013150226252619177,-3.8832393872877584,"{""0"": 65981, ""1"": 57630, ""2"": 61717, ""3"": 52692, ""4"": 59539, ""5"": 18340}",connected
315999,936,20000,0.050000000000000044,0.012593117004726082,-3.7417855744808914,"{""0"": 65990, ""1"": 57666, ""2"": 61737, ""3"": 52696, ""4"": 59568, ""5"": 18342}",connected
316099,936,20000,0.050000000000000044,0.012134146122261881,-3.7417855744808914,"{""0"": 66004, ""1"": 57693, ""2"": 61738, ""3"": 52702, ""4"": 59620, ""5"": 18342}",connected
316199,936,20000,0.050000000000000044,0.011296399345155805,-3.7417855744808914,"{""0"": 66015, ""1"": 57700, ""2"": 61781, ""3"": 52739, ""4"": 59621, ""5"": 18343}",connected
316299,938,20000,0.050000000000000044,0.010859108623117208,-3.7542062801634892,"{""0"": 66026, ""1"": 57721, ""2"": 61814, ""3"": 52748, ""4"": 59645, ""5"": 18345}",connected
316399,938,20000,0.050000000000000044,0.010043843733146787,-3.7542062801634892,"{""0"": 66027, ""1"": 57761, ""2"": 61819, ""3"": 52766, ""4"": 59681, ""5"": 18345}",connected
316499,938,20000,0.050000000000000044,0.011928341209422797,-3.7542062801634892,"{""0"": 66027, ""1"": 57781, ""2"": 61829, ""3"": 52790, ""4"": 59704, ""5"": 18368}",connected
316599,938,20000,0.050000000000000044,0.011779280963819473,-3.7542062801634892,"{""0"": 66027, ""1"": 57801, ""2"": 61841, ""3"": 52823, ""4"": 59723, ""5"": 18384}",connected
316699,938,20000,0.050000000000000044,0.011162326016929,-3.7542062801634892,"{""0"": 66028, ""1"": 57817, ""2"": 61856, ""3"": 52837, ""4"": 59777, ""5"": 18384}",connected
316799,938,20000,0.050000000000000044,0.011461212709546089,-3.7542062801634892,"{""0"": 66028, ""1"": 57818, ""2"": 61858, ""3"": 52892, ""4"": 59816, ""5"": 18387}",connected
316899,938,20000,0.050000000000000044,0.010953836815897375,-3.7542062801634892,"{""0"": 66029, ""1"": 57819, ""2"": 61859, ""3"": 52966, ""4"": 59839, ""5"": 18387}",connected
316999,940,20000,0.050000000000000044,0.011741588562726975,-3.87093924918212,"{""0"": 66032, ""1"": 57840, ""2"": 61865, ""3"": 53006, ""4"": 59867, ""5"": 18389}",connected
317099,940,20000,0.050000000000000044,0.011401484869420529,-3.87093924918212,"{""0"": 66034, ""1"": 57847, ""2"": 61876, ""3"": 53081, ""4"": 59871, ""5"": 18390}",connected
317199,940,20000,0.050000000000000044,0.011815195432864129,-3.87093924918212,"{""0"": 66035, ""1"": 57900, ""2"": 61887, ""3"": 53088, ""4"": 59896, ""5"": 18393}",connected
317299,940,20000,0.050000000000000044,0.010520443394780159,-3.87093924918212,"{""0"": 66035, ""1"": 57918, ""2"": 61898, ""3"": 53111, ""4"": 59943, ""5"": 18394}",connected
317399,940,20000,0.050000000000000044,0.010214912288356573,-3.87093924918212,"{""0"": 66037, ""1"": 57925, ""2"": 61902, ""3"": 53159, ""4"": 59980, ""5"": 18396}",connected
317499,940,20000,0.050000000000000044,0.010284480375703424,-3.87093924918212,"{""0"": 66037, ""1"": 57947, ""2"": 61910, ""3"": 53182, ""4"": 60010, ""5"": 18413}",connected
317599,942,20000,0.050000000000000044,0.009579493793426081,-3.8064764433167877,"{""0"": 66041, ""1"": 57985, ""2"": 61943, ""3"": 53190, ""4"": 60020, ""5"": 18420}",connected
317699,942,20000,0.050000000000000044,0.010926972097950056,-3.8064764433167877,"{""0"": 66048, ""1"": 58007, ""2"": 61972, ""3"": 53199, ""4"": 60052, ""5"": 18421}",connected
317799,942,20000,0.050000000000000044,0.010815569990081713,-3.8064764433167877,"{""0"": 66048, ""1"": 58020, ""2"": 62000, ""3"": 53218, ""4"": 60081, ""5"": 18432}",connected
317899,942,20000,0.050000000000000044,0.010915911061456427,-3.8064764433167877,"{""0"": 66048, ""1"": 58050, ""2"": 62012, ""3"": 53223, ""4"": 60117, ""5"": 18449}",connected
317999,942,20000,0.050000000000000044,0.01158298143884167,-3.8064764433167877,"{""0"": 66048, ""1"": 58051, ""2"": 62038, ""3"": 53244, ""4"": 60165, ""5"": 18453}",connected
318099,942,20000,0.050000000000000044,0.011096866861917078,-3.8064764433167877,"{""0"": 66048, ""1"": 58054, ""2"": 62085, ""3"": 53270, ""4"": 60189, ""5"": 18453}",connected
318199,944,20000,0.050000000000000044,0.011273677789140492,-3.7283348294440657,"{""0"": 66052, ""1"": 58059, ""2"": 62127, ""3"": 53296, ""4"": 60211, ""5"": 18454}",connected
318299,944,20000,0.050000000000000044,0.01206606436520815,-3.7283348294440657,"{""0"": 66053, ""1"": 58086, ""2"": 62149, ""3"": 53309, ""4"": 60246, ""5"": 18456}",connected
318399,946,20000,0.050000000000000044,0.012194615071639419,-3.583735896772705,"{""0"": 66055, ""1"": 58109, ""2"": 62183, ""3"": 53333, ""4"": 60262, ""5"": 18457}",connected
318499,946,20000,0.050000000000000044,0.011671177407260985,-3.583735896772705,"{""0"": 66057, ""1"": 58127, ""2"": 62203, ""3"": 53362, ""4"": 60292, ""5"": 18458}",connected
318599,946,20000,0.050000000000000044,0.010843780415598303,-3.583735896772705,"{""0"": 66059, ""1"": 58134, ""2"": 62266, ""3"": 53379, ""4"": 60302, ""5"": 18459}",connected
318699,946,20000,0.050000000000000044,0.011759039585012943,-3.583735896772705,"{""0"": 66084, ""1"": 58143, ""2"": 62284, ""3"": 53395, ""4"": 60330, ""5"": 18463}",connected
318799,946,20000,0.050000000000000044,0.010824420019052922,-3.583735896772705,"{""0"": 66150, ""1"": 58147, ""2"": 62286, ""3"": 53421, ""4"": 60332, ""5"": 18463}",connected
318899,946,20000,0.050000000000000044,0.01044633582700044,-3.583735896772705,"{""0"": 66183, ""1"": 58150, ""2"": 62303, ""3"": 53432, ""4"": 60365, ""5"": 18466}",connected
318999,946,20000,0.050000000000000044,0.011544905998744071,-3.583735896772705,"{""0"": 66193, ""1"": 58155, ""2"": 62338, ""3"": 53462, ""4"": 60384, ""5"": 18467}",connected
319099,948,20000,0.050000000000000044,0.010439488892443479,-3.5832687009917574,"{""0"": 66205, ""1"": 58173, ""2"": 62368, ""3"": 53473, ""4"": 60411, ""5"": 18469}",connected
319199,948,20000,0.050000000000000044,0.012009083672892303,-3.5832687009917574,"{""0"": 66205, ""1"": 58194, ""2"": 62388, ""3"": 53493, ""4"": 60444, ""5"": 18475}",connected
319299,948,20000,0.050000000000000044,0.012318675566930323,-3.5832687009917574,"{""0"": 66205, ""1"": 58215, ""2"": 62422, ""3"": 53523, ""4"": 60456, ""5"": 18478}",connected
319399,948,20000,0.050000000000000044,0.01181020403513685,-3.5832687009917574,"{""0"": 66205, ""1"": 58215, ""2"": 62473, ""3"": 53568, ""4"": 60456, ""5"": 18482}",connected
319499,948,20000,0.050000000000000044,0.010809296153020113,-3.5832687009917574,"{""0"": 66206, ""1"": 58220, ""2"": 62517, ""3"": 53606, ""4"": 60460, ""5"": 18490}",connected
319599,948,20000,0.050000000000000044,0.01019216672051698,-3.5832687009917574,"{""0"": 66207, ""1"": 58220, ""2"": 62562, ""3"": 53658, ""4"": 60461, ""5"": 18491}",connected
319699,948,20000,0.050000000000000044,0.009112755972892047,-3.5832687009917574,"{""0"": 66209, ""1"": 58220, ""2"": 62608, ""3"": 53708, ""4"": 60462, ""5"": 18492}",connected
319799,950,20000,0.050000000000000044,0.009425161289982498,-3.637366339643486,"{""0"": 66211, ""1"": 58232, ""2"": 62651, ""3"": 53746, ""4"": 60466, ""5"": 18493}",connected
319899,952,20000,0.050000000000000044,0.008820197181776165,-3.478955436167307,"{""0"": 66217, ""1"": 58262, ""2"": 62678, ""3"": 53753, ""4"": 60491, ""5"": 18498}",connected
319999,952,20000,0.050000000000000044,0.009028092455118895,-3.478955436167307,"{""0"": 66220, ""1"": 58270, ""2"": 62693, ""3"": 53800, ""4"": 60500, ""5"": 18516}",connected
320099,952,20000,0.050000000000000044,0.009372267764993012,-3.478955436167307,"{""0"": 66221, ""1"": 58287, ""2"": 62719, ""3"": 53836, ""4"": 60515, ""5"": 18521}",connected
320199,952,20000,0.050000000000000044,0.00949306294322014,-3.478955436167307,"{""0"": 66223, ""1"": 58287, ""2"": 62769, ""3"": 53881, ""4"": 60516, ""5"": 18523}",connected
320299,952,20000,0.050000000000000044,0.011515114498324692,-3.478955436167307,"{""0"": 66228, ""1"": 58287, ""2"": 62819, ""3"": 53925, ""4"": 60517, ""5"": 18523}",connected
320399,952,20000,0.050000000000000044,0.010785675244405865,-3.478955436167307,"{""0"": 66232, ""1"": 58287, ""2"": 62869, ""3"": 53966, ""4"": 60517, ""5"": 18528}",connected
320499,952,20000,0.050000000000000044,0.012173469576518983,-3.478955436167307,"{""0"": 66249, ""1"": 58291, ""2"": 62892, ""3"": 54012, ""4"": 60524, ""5"": 18531}",connected
320599,952,20000,0.050000000000000044,0.012351338041480631,-3.478955436167307,"{""0"": 66260, ""1"": 58291, ""2"": 62918, ""3"": 54045, ""4"": 60548, ""5"": 18537}",connected
320699,954,20000,0.050000000000000044,0.010724999874364585,-3.5024897502269594,"{""0"": 66264, ""1"": 58307, ""2"": 62944, ""3"": 54075, ""4"": 60561, ""5"": 18548}",connected
320799,954,20000,0.050000000000000044,0.011341386919375508,-3.5024897502269594,"{""0"": 66276, ""1"": 58309, ""2"": 62953, ""3"": 54117, ""4"": 60576, ""5"": 18568}",connected
320899,954,20000,0.050000000000000044,0.011211829194799065,-3.5024897502269594,"{""0"": 66297, ""1"": 58315, ""2"": 62960, ""3"": 54160, ""4"": 60596, ""5"": 18571}",connected
320999,954,20000,0.050000000000000044,0.01090648852288723,-3.5024897502269594,"{""0"": 66338, ""1"": 58317, ""2"": 62961, ""3"": 54189, ""4"": 60622, ""5"": 18572}",connected
321099,954,20000,0.050000000000000044,0.010636386633850635,-3.5024897502269594,"{""0"": 66343, ""1"": 58342, ""2"": 62981, ""3"": 54210, ""4"": 60641, ""5"": 18582}",connected
321199,954,20000,0.050000000000000044,0.012648214374203236,-3.5024897502269594,"{""0"": 66381, ""1"": 58363, ""2"": 63001, ""3"": 54214, ""4"": 60650, ""5"": 18590}",connected
321299,955,20000,0.050000000000000044,0.013366916722152383,-3.509495095680468,"{""0"": 66446, ""1"": 58364, ""2"": 63006, ""3"": 54224, ""4"": 60659, ""5"": 18600}",connected
321399,956,20000,0.050000000000000044,0.013149605360813438,-3.4332914834842088,"{""0"": 66449, ""1"": 58379, ""2"": 63040, ""3"": 54243, ""4"": 60680, ""5"": 18608}",connected
321499,956,20000,0.050000000000000044,0.014371668477542699,-3.4332914834842088,"{""0"": 66449, ""1"": 58399, ""2"": 63077, ""3"": 54274, ""4"": 60684, ""5"": 18616}",connected
321599,956,20000,0.050000000000000044,0.012937818630598485,-3.4332914834842088,"{""0"": 66461, ""1"": 58402, ""2"": 63127, ""3"": 54302, ""4"": 60684, ""5"": 18623}",connected
321699,956,20000,0.050000000000000044,0.013016633067745715,-3.4332914834842088,"{""0"": 66467, ""1"": 58402, ""2"": 63173, ""3"": 54344, ""4"": 60685, ""5"": 18628}",connected
321799,956,20000,0.050000000000000044,0.014444564594887197,-3.4332914834842088,"{""0"": 66470, ""1"": 58406, ""2"": 63221, ""3"": 54347, ""4"": 60685, ""5"": 18670}",connected
321899,956,20000,0.050000000000000044,0.0145407357881777,-3.4332914834842088,"{""0"": 66471, ""1"": 58416, ""2"": 63263, ""3"": 54348, ""4"": 60685, ""5"": 18716}",connected
321999,956,20000,0.050000000000000044,0.014257816264871508,-3.4332914834842088,"{""0"": 66473, ""1"": 58417, ""2"": 63312, ""3"": 54396, ""4"": 60685, ""5"": 18716}",connected
322099,958,20000,0.050000000000000044,0.013906443475279957,-3.493525934717618,"{""0"": 66479, ""1"": 58435, ""2"": 63338, ""3"": 54409, ""4"": 60720, ""5"": 18718}",connected
322199,958,20000,0.050000000000000044,0.012844400664325803,-3.493525934717618,"{""0"": 66479, ""1"": 58475, ""2"": 63344, ""3"": 54410, ""4"": 60773, ""5"": 18718}",connected
322299,958,20000,0.050000000000000044,0.012138787345029413,-3.493525934717618,"{""0"": 66488, ""1"": 58485, ""2"": 63366, ""3"": 54451, ""4"": 60789, ""5"": 18720}",connected
322399,958,20000,0.050000000000000044,0.012728209414053709,-3.493525934717618,"{""0"": 66518, ""1"": 58490, ""2"": 63382, ""3"": 54464, ""4"": 60824, ""5"": 18721}",connected
322499,958,20000,0.050000000000000044,0.013645325931720435,-3.493525934717618,"{""0"": 66538, ""1"": 58493, ""2"": 63401, ""3"": 54491, ""4"": 60854, ""5"": 18722}",connected
322599,958,20000,0.050000000000000044,0.01315386759582907,-3.493525934717618,"{""0"": 66540, ""1"": 58498, ""2"": 63417, ""3"": 54530, ""4"": 60889, ""5"": 18725}",connected
322699,958,20000,0.050000000000000044,0.01327049883781001,-3.493525934717618,"{""0"": 66552, ""1"": 58506, ""2"": 63446, ""3"": 54551, ""4"": 60909, ""5"": 18735}",connected
322799,960,20000,0.050000000000000044,0.011899431745987385,-3.505642089731991,"{""0"": 66556, ""1"": 58525, ""2"": 63461, ""3"": 54573, ""4"": 60945, ""5"": 18739}",connected
322899,960,20000,0.050000000000000044,0.010673485200386494,-3.505642089731991,"{""0"": 66556, ""1"": 58568, ""2"": 63461, ""3"": 54577, ""4"": 60996, ""5"": 18741}",connected
322999,960,20000,0.050000000000000044,0.01048880162416026,-3.505642089731991,"{""0"": 66558, ""1"": 58572, ""2"": 63487, ""3"": 54600, ""4"": 61024, ""5"": 18758}",connected
323099,960,20000,0.050000000000000044,0.010496513575781137,-3.505642089731991,"{""0"": 66581, ""1"": 58580, ""2"": 63515, ""3"": 54629, ""4"": 61033, ""5"": 18761}",connected
323199,960,20000,0.050000000000000044,0.011704821791499852,-3.505642089731991,"{""0"": 66608, ""1"": 58598, ""2"": 63534, ""3"": 54646, ""4"": 61048, ""5"": 18765}",connected
323299,960,20000,0.050000000000000044,0.011493936458136886,-3.505642089731991,"{""0"": 66623, ""1"": 58606, ""2"": 63556, ""3"": 54650, ""4"": 61097, ""5"": 18767}",connected
323399,960,20000,0.050000000000000044,0.013837668383494019,-3.505642089731991,"{""0"": 66677, ""1"": 58610, ""2"": 63564, ""3"": 54668, ""4"": 61106, ""5"": 18774}",connected
323499,962,20000,0.050000000000000044,0.014006201778538525,-3.5204642023239283,"{""0"": 66696, ""1"": 58627, ""2"": 63582, ""3"": 54689, ""4"": 61130, ""5"": 18775}",connected
323599,964,20000,0.050000000000000044,0.013187488224357367,-3.357385635022074,"{""0"": 66704, ""1"": 58652, ""2"": 63615, ""3"": 54699, ""4"": 61147, ""5"": 18782}",connected
323699,964,20000,0.050000000000000044,0.013708228031173348,-3.357385635022074,"{""0"": 66745, ""1"": 58656, ""2"": 63618, ""3"": 54736, ""4"": 61155, ""5"": 18789}",connected
323799,964,20000,0.050000000000000044,0.011847389615140855,-3.357385635022074,"{""0"": 66782, ""1"": 58662, ""2"": 63619, ""3"": 54773, ""4"": 61170, ""5"": 18793}",connected
323899,966,20000,0.050000000000000044,0.012334336375351996,-3.3633490401506423,"{""0"": 66800, ""1"": 58669, ""2"": 63640, ""3"": 54789, ""4"": 61181, ""5"": 18820}",connected
323999,966,20000,0.050000000000000044,0.011676107204984874,-3.3633490401506423,"{""0"": 66800, ""1"": 58681, ""2"": 63667, ""3"": 54829, ""4"": 61195, ""5"": 18827}",connected
324099,966,20000,0.050000000000000044,0.011200140991713852,-3.3633490401506423,"{""0"": 66803, ""1"": 58704, ""2"": 63687, ""3"": 54838, ""4"": 61223, ""5"": 18844}",connected
324199,968,20000,0.050000000000000044,0.011980621421243995,-3.244510239548981,"{""0"": 66815, ""1"": 58747, ""2"": 63708, ""3"": 54843, ""4"": 61242, ""5"": 18844}",connected
324299,968,20000,0.050000000000000044,0.011326985934283584,-3.244510239548981,"{""0"": 66819, ""1"": 58761, ""2"": 63733, ""3"": 54867, ""4"": 61261, ""5"": 18858}",connected
324399,970,20000,0.050000000000000044,0.012855402429122477,-3.0839283170411362,"{""0"": 66826, ""1"": 58778, ""2"": 63753, ""3"": 54894, ""4"": 61286, ""5"": 18862}",connected
324499,970,20000,0.050000000000000044,0.012975164731033146,-3.0839283170411362,"{""0"": 66843, ""1"": 58779, ""2"": 63754, ""3"": 54939, ""4"": 61322, ""5"": 18862}",connected
324599,972,20000,0.050000000000000044,0.012918845398817212,-2.9493926471425223,"{""0"": 66846, ""1"": 58795, ""2"": 63770, ""3"": 54971, ""4"": 61349, ""5"": 18868}",connected
324699,972,20000,0.050000000000000044,0.013644383929204196,-2.9493926471425223,"{""0"": 66855, ""1"": 58816, ""2"": 63786, ""3"": 54982, ""4"": 61366, ""5"": 18894}",connected
324799,972,20000,0.050000000000000044,0.013182222894392907,-2.9493926471425223,"{""0"": 66891, ""1"": 58826, ""2"": 63824, ""3"": 54983, ""4"": 61376, ""5"": 18899}",connected
324899,972,20000,0.050000000000000044,0.013558984661940485,-2.9493926471425223,"{""0"": 66957, ""1"": 58828, ""2"": 63827, ""3"": 55007, ""4"": 61378, ""5"": 18902}",connected
324999,974,20000,0.050000000000000044,0.012368647868279369,-2.8318652440141885,"{""0"": 66970, ""1"": 58863, ""2"": 63835, ""3"": 55019, ""4"": 61404, ""5"": 18908}",connected
325099,974,20000,0.050000000000000044,0.011868983535096049,-2.8318652440141885,"{""0"": 66976, ""1"": 58910, ""2"": 63842, ""3"": 55024, ""4"": 61411, ""5"": 18936}",connected
325199,976,20000,0.050000000000000044,0.011849566304590553,-2.7178264686325564,"{""0"": 66981, ""1"": 58942, ""2"": 63866, ""3"": 55034, ""4"": 61439, ""5"": 18937}",connected
325299,976,20000,0.050000000000000044,0.012166583123616874,-2.7178264686325564,"{""0"": 66983, ""1"": 58987, ""2"": 63868, ""3"": 55044, ""4"": 61458, ""5"": 18959}",connected
325399,976,20000,0.050000000000000044,0.01342067495919764,-2.7178264686325564,"{""0"": 66984, ""1"": 59007, ""2"": 63899, ""3"": 55047, ""4"": 61475, ""5"": 18987}",connected
325499,978,20000,0.050000000000000044,0.014154834861401469,-2.6035865731025116,"{""0"": 66987, ""1"": 59060, ""2"": 63910, ""3"": 55057, ""4"": 61489, ""5"": 18996}",connected
325599,978,20000,0.050000000000000044,0.01506360295927152,-2.6035865731025116,"{""0"": 66988, ""1"": 59103, ""2"": 63916, ""3"": 55063, ""4"": 61527, ""5"": 19002}",connected
325699,978,20000,0.050000000000000044,0.014679897523019464,-2.6035865731025116,"{""0"": 66988, ""1"": 59105, ""2"": 63961, ""3"": 55074, ""4"": 61565, ""5"": 19006}",connected
325799,978,20000,0.050000000000000044,0.013934293403290212,-2.6035865731025116,"{""0"": 66999, ""1"": 59105, ""2"": 63999, ""3"": 55097, ""4"": 61593, ""5"": 19006}",connected
325899,978,20000,0.050000000000000044,0.01447544158436358,-2.6035865731025116,"{""0"": 67002, ""1"": 59109, ""2"": 64043, ""3"": 55120, ""4"": 61618, ""5"": 19007}",connected
325999,978,20000,0.050000000000000044,0.013650974864140153,-2.6035865731025116,"{""0"": 67011, ""1"": 59112, ""2"": 64064, ""3"": 55155, ""4"": 61649, ""5"": 19008}",connected
326099,978,20000,0.050000000000000044,0.0135405638278462,-2.6035865731025116,"{""0"": 67017, ""1"": 59114, ""2"": 64081, ""3"": 55189, ""4"": 61689, ""5"": 19009}",connected
326199,980,20000,0.050000000000000044,0.013347848397679628,-2.6101637637475505,"{""0"": 67021, ""1"": 59135, ""2"": 64093, ""3"": 55222, ""4"": 61719, ""5"": 19009}",connected
326299,980,20000,0.050000000000000044,0.01378349883016199,-2.6101637637475505,"{""0"": 67022, ""1"": 59195, ""2"": 64099, ""3"": 55233, ""4"": 61739, ""5"": 19011}",connected
326399,980,20000,0.050000000000000044,0.01451330355135724,-2.6101637637475505,"{""0"": 67029, ""1"": 59210, ""2"": 64115, ""3"": 55259, ""4"": 61772, ""5"": 19014}",connected
326499,982,20000,0.050000000000000044,0.013812096763867885,-2.4949735956871884,"{""0"": 67047, ""1"": 59232, ""2"": 64147, ""3"": 55267, ""4"": 61788, ""5"": 19018}",connected
326599,982,20000,0.050000000000000044,0.014203922061715274,-2.4949735956871884,"{""0"": 67061, ""1"": 59249, ""2"": 64171, ""3"": 55279, ""4"": 61815, ""5"": 19024}",connected
326699,984,20000,0.050000000000000044,0.012519230486359447,-2.310572126591578,"{""0"": 67071, ""1"": 59280, ""2"": 64190, ""3"": 55297, ""4"": 61837, ""5"": 19024}",connected
326799,984,20000,0.050000000000000044,0.011405895133502781,-2.310572126591578,"{""0"": 67073, ""1"": 59344, ""2"": 64193, ""3"": 55297, ""4"": 61868, ""5"": 19024}",connected
326899,984,20000,0.050000000000000044,0.011154842323157936,-2.310572126591578,"{""0"": 67077, ""1"": 59380, ""2"": 64208, ""3"": 55315, ""4"": 61892, ""5"": 19027}",connected
326999,986,20000,0.050000000000000044,0.011911267002578824,-2.196034492147155,"{""0"": 67082, ""1"": 59430, ""2"": 64220, ""3"": 55327, ""4"": 61913, ""5"": 19027}",connected
327099,986,20000,0.050000000000000044,0.011964130369015037,-2.196034492147155,"{""0"": 67083, ""1"": 59472, ""2"": 64225, ""3"": 55341, ""4"": 61950, ""5"": 19028}",connected
327199,986,20000,0.050000000000000044,0.012745158234611153,-2.196034492147155,"{""0"": 67084, ""1"": 59495, ""2"": 64241, ""3"": 55361, ""4"": 61981, ""5"": 19037}",connected
327299,988,20000,0.050000000000000044,0.013872664857190102,-2.0876762305898593,"{""0"": 67101, ""1"": 59514, ""2"": 64252, ""3"": 55377, ""4"": 62017, ""5"": 19038}",connected
327399,988,20000,0.050000000000000044,0.013373630358837546,-2.0876762305898593,"{""0"": 67101, ""1"": 59550, ""2"": 64253, ""3"": 55397, ""4"": 62060, ""5"": 19038}",connected
327499,988,20000,0.050000000000000044,0.013531422603409737,-2.0876762305898593,"{""0"": 67102, ""1"": 59563, ""2"": 64259, ""3"": 55433, ""4"": 62103, ""5"": 19039}",connected
327599,988,20000,0.050000000000000044,0.013132993767503648,-2.0876762305898593,"{""0"": 67105, ""1"": 59569, ""2"": 64306, ""3"": 55441, ""4"": 62108, ""5"": 19070}",connected
327699,988,20000,0.050000000000000044,0.012876082812435925,-2.0876762305898593,"{""0"": 67105, ""1"": 59570, ""2"": 64354, ""3"": 55447, ""4"": 62112, ""5"": 19111}",connected
327799,988,20000,0.050000000000000044,0.01283315405016765,-2.0876762305898593,"{""0"": 67107, ""1"": 59598, ""2"": 64357, ""3"": 55460, ""4"": 62147, ""5"": 19130}",connected
327899,988,20000,0.050000000000000044,0.013018393300008028,-2.0876762305898593,"{""0"": 67107, ""1"": 59642, ""2"": 64357, ""3"": 55464, ""4"": 62196, ""5"": 19133}",connected
327999,990,20000,0.050000000000000044,0.012271953269373626,-2.129156014784239,"{""0"": 67110, ""1"": 59655, ""2"": 64357, ""3"": 55472, ""4"": 62228, ""5"": 19177}",connected
328099,990,20000,0.050000000000000044,0.01138802567962557,-2.129156014784239,"{""0"": 67111, ""1"": 59693, ""2"": 64367, ""3"": 55494, ""4"": 62257, ""5"": 19177}",connected
328199,990,20000,0.050000000000000044,0.011362289222888648,-2.129156014784239,"{""0"": 67111, ""1"": 59723, ""2"": 64368, ""3"": 55524, ""4"": 62296, ""5"": 19177}",connected
328299,990,20000,0.050000000000000044,0.011742000058293343,-2.129156014784239,"{""0"": 67111, ""1"": 59782, ""2"": 64378, ""3"": 55537, ""4"": 62314, ""5"": 19177}",connected
328399,991,20000,0.050000000000000044,0.01230535373557359,-2.041950144516304,"{""0"": 67117, ""1"": 59815, ""2"": 64389, ""3"": 55573, ""4"": 62326, ""5"": 19179}",connected
328499,992,20000,0.050000000000000044,0.01400294738356024,-2.0274420984461905,"{""0"": 67128, ""1"": 59837, ""2"": 64404, ""3"": 55599, ""4"": 62352, ""5"": 19179}",connected
328599,992,20000,0.050000000000000044,0.013375832624733448,-2.0274420984461905,"{""0"": 67131, ""1"": 59855, ""2"": 64422, ""3"": 55624, ""4"": 62388, ""5"": 19179}",connected
328699,992,20000,0.050000000000000044,0.012514999785926193,-2.0274420984461905,"{""0"": 67132, ""1"": 59901, ""2"": 64461, ""3"": 55630, ""4"": 62390, ""5"": 19185}",connected
328799,992,20000,0.050000000000000044,0.013439823889639229,-2.0274420984461905,"{""0"": 67132, ""1"": 59942, ""2"": 64504, ""3"": 55637, ""4"": 62391, ""5"": 19193}",connected
328899,992,20000,0.050000000000000044,0.01252189079998061,-2.0274420984461905,"{""0"": 67133, ""1"": 59988, ""2"": 64552, ""3"": 55641, ""4"": 62391, ""5"": 19194}",connected
328999,992,20000,0.050000000000000044,0.012310887237545103,-2.0274420984461905,"{""0"": 67133, ""1"": 60038, ""2"": 64591, ""3"": 55644, ""4"": 62392, ""5"": 19201}",connected
329099,992,20000,0.050000000000000044,0.012664758963510395,-2.0274420984461905,"{""0"": 67136, ""1"": 60079, ""2"": 64611, ""3"": 55644, ""4"": 62399, ""5"": 19230}",connected
329199,994,20000,0.050000000000000044,0.012058049063198269,-2.0881491436390207,"{""0"": 67142, ""1"": 60124, ""2"": 64627, ""3"": 55654, ""4"": 62419, ""5"": 19233}",connected
329299,994,20000,0.050000000000000044,0.011993081516120583,-2.0881491436390207,"{""0"": 67142, ""1"": 60162, ""2"": 64629, ""3"": 55683, ""4"": 62449, ""5"": 19234}",connected
329399,994,20000,0.050000000000000044,0.012477976670488715,-2.0881491436390207,"{""0"": 67153, ""1"": 60192, ""2"": 64643, ""3"": 55717, ""4"": 62459, ""5"": 19235}",connected
329499,994,20000,0.050000000000000044,0.012267326451838017,-2.0881491436390207,"{""0"": 67169, ""1"": 60205, ""2"": 64653, ""3"": 55752, ""4"": 62485, ""5"": 19235}",connected
329599,994,20000,0.050000000000000044,0.011928880563937127,-2.0881491436390207,"{""0"": 67177, ""1"": 60231, ""2"": 64681, ""3"": 55773, ""4"": 62499, ""5"": 19238}",connected
329699,994,20000,0.050000000000000044,0.012599677874241023,-2.0881491436390207,"{""0"": 67191, ""1"": 60243, ""2"": 64702, ""3"": 55798, ""4"": 62525, ""5"": 19240}",connected
329799,996,20000,0.050000000000000044,0.012741429349407554,-1.978338196175173,"{""0"": 67207, ""1"": 60271, ""2"": 64717, ""3"": 55813, ""4"": 62542, ""5"": 19249}",connected
329899,996,20000,0.050000000000000044,0.013158069895580412,-1.978338196175173,"{""0"": 67216, ""1"": 60308, ""2"": 64733, ""3"": 55823, ""4"": 62569, ""5"": 19250}",connected
329999,996,20000,0.050000000000000044,0.013325456399470567,-1.978338196175173,"{""0"": 67229, ""1"": 60340, ""2"": 64754, ""3"": 55838, ""4"": 62588, ""5"": 19250}",connected
330099,996,20000,0.050000000000000044,0.01279836889822036,-1.978338196175173,"{""0"": 67248, ""1"": 60360, ""2"": 64800, ""3"": 55848, ""4"": 62593, ""5"": 19250}",connected
330199,996,20000,0.050000000000000044,0.014134539007209242,-1.978338196175173,"{""0"": 67264, ""1"": 60395, ""2"": 64827, ""3"": 55858, ""4"": 62605, ""5"": 19250}",connected
330299,996,20000,0.050000000000000044,0.01331299297278747,-1.978338196175173,"{""0"": 67269, ""1"": 60398, ""2"": 64839, ""3"": 55891, ""4"": 62648, ""5"": 19254}",connected
330399,996,20000,0.050000000000000044,0.013318832411896438,-1.978338196175173,"{""0"": 67305, ""1"": 60406, ""2"": 64861, ""3"": 55909, ""4"": 62663, ""5"": 19255}",connected
330499,998,20000,0.050000000000000044,0.013839942140039056,-1.9821811494044959,"{""0"": 67313, ""1"": 60426, ""2"": 64913, ""3"": 55918, ""4"": 62674, ""5"": 19255}",connected
330599,998,20000,0.050000000000000044,0.012847293631639332,-1.9821811494044959,"{""0"": 67315, ""1"": 60450, ""2"": 64921, ""3"": 55934, ""4"": 62722, ""5"": 19257}",connected
330699,998,20000,0.050000000000000044,0.013160135829821229,-1.9821811494044959,"{""0"": 67327, ""1"": 60474, ""2"": 64933, ""3"": 55960, ""4"": 62748, ""5"": 19257}",connected
330799,998,20000,0.050000000000000044,0.013470760923810303,-1.9821811494044959,"{""0"": 67345, ""1"": 60490, ""2"": 64963, ""3"": 55982, ""4"": 62755, ""5"": 19264}",connected
330899,998,20000,0.050000000000000044,0.011832029437646269,-1.9821811494044959,"{""0"": 67350, ""1"": 60543, ""2"": 64979, ""3"": 55995, ""4"": 62767, ""5"": 19265}",connected
330999,998,20000,0.050000000000000044,0.011659841747023164,-1.9821811494044959,"{""0"": 67354, ""1"": 60553, ""2"": 64995, ""3"": 56029, ""4"": 62801, ""5"": 19267}",connected
331099,998,20000,0.050000000000000044,0.011693110535852612,-1.9821811494044959,"{""0"": 67366, ""1"": 60566, ""2"": 65020, ""3"": 56052, ""4"": 62828, ""5"": 19267}",connected
331199,1000,20000,0.050000000000000044,0.011878171842545271,-1.894467261955142,"{""0"": 67373, ""1"": 60584, ""2"": 65047, ""3"": 56065, ""4"": 62857, ""5"": 19273}",connected
331299,1000,20000,0.050000000000000044,0.01317823984194547,-1.894467261955142,"{""0"": 67377, ""1"": 60607, ""2"": 65049, ""3"": 56093, ""4"": 62900, ""5"": 19273}",connected
331399,1000,20000,0.050000000000000044,0.014618162009865045,-1.894467261955142,"{""0"": 67378, ""1"": 60625, ""2"": 65066, ""3"": 56134, ""4"": 62923, ""5"": 19273}",connected
331499,1000,20000,0.050000000000000044,0.014651677054353059,-1.894467261955142,"{""0"": 67386, ""1"": 60639, ""2"": 65091, ""3"": 56149, ""4"": 62957, ""5"": 19277}",connected
