global_step,episode_count,replay_size,epsilon,loss,mean_reward_100,action_counts,connection_status
99,0,99,0.9984325,0.0,0.0,"{""0"": 22, ""1"": 13, ""2"": 19, ""3"": 13, ""4"": 19, ""5"": 13}",connected
199,0,199,0.9968491666666667,0.0,0.0,"{""0"": 45, ""1"": 38, ""2"": 28, ""3"": 26, ""4"": 31, ""5"": 31}",connected
299,0,299,0.9952658333333333,0.0,0.0,"{""0"": 66, ""1"": 50, ""2"": 43, ""3"": 45, ""4"": 50, ""5"": 45}",connected
399,0,399,0.9936825,0.0,0.0,"{""0"": 81, ""1"": 68, ""2"": 65, ""3"": 63, ""4"": 64, ""5"": 58}",connected
499,0,499,0.9920991666666666,0.0,0.0,"{""0"": 102, ""1"": 85, ""2"": 77, ""3"": 81, ""4"": 79, ""5"": 75}",connected
599,0,599,0.9905158333333334,0.0,0.0,"{""0"": 122, ""1"": 100, ""2"": 89, ""3"": 100, ""4"": 94, ""5"": 94}",connected
699,0,699,0.9889325,0.0,0.0,"{""0"": 141, ""1"": 116, ""2"": 111, ""3"": 116, ""4"": 107, ""5"": 108}",connected
799,0,799,0.9873491666666667,0.0,0.0,"{""0"": 159, ""1"": 133, ""2"": 124, ""3"": 133, ""4"": 126, ""5"": 124}",connected
899,0,899,0.9857658333333333,0.0,0.0,"{""0"": 180, ""1"": 145, ""2"": 143, ""3"": 150, ""4"": 140, ""5"": 141}",connected
999,0,999,0.9841825,0.0,0.0,"{""0"": 200, ""1"": 164, ""2"": 161, ""3"": 167, ""4"": 149, ""5"": 158}",connected
1099,0,1099,0.9825991666666667,0.0,0.0,"{""0"": 216, ""1"": 185, ""2"": 178, ""3"": 182, ""4"": 167, ""5"": 171}",connected
1199,0,1199,0.9810158333333333,0.0,0.0,"{""0"": 232, ""1"": 202, ""2"": 193, ""3"": 203, ""4"": 186, ""5"": 183}",connected
1299,0,1299,0.9794325,0.0,0.0,"{""0"": 247, ""1"": 216, ""2"": 210, ""3"": 225, ""4"": 201, ""5"": 200}",connected
1399,0,1399,0.9778491666666667,0.0,0.0,"{""0"": 268, ""1"": 227, ""2"": 231, ""3"": 243, ""4"": 217, ""5"": 213}",connected
1499,2,1499,0.9762658333333334,0.0,-8.415312258759513,"{""0"": 284, ""1"": 249, ""2"": 254, ""3"": 255, ""4"": 234, ""5"": 223}",connected
1599,2,1599,0.9746825,0.0,-8.415312258759513,"{""0"": 300, ""1"": 269, ""2"": 270, ""3"": 272, ""4"": 248, ""5"": 240}",connected
1699,2,1699,0.9730991666666666,0.0,-8.415312258759513,"{""0"": 321, ""1"": 282, ""2"": 281, ""3"": 285, ""4"": 268, ""5"": 262}",connected
1799,2,1799,0.9715158333333334,0.0,-8.415312258759513,"{""0"": 338, ""1"": 296, ""2"": 295, ""3"": 303, ""4"": 288, ""5"": 279}",connected
1899,2,1899,0.9699325,0.0,-8.415312258759513,"{""0"": 357, ""1"": 316, ""2"": 312, ""3"": 317, ""4"": 307, ""5"": 290}",connected
1999,2,1999,0.9683491666666667,0.0,-8.415312258759513,"{""0"": 380, ""1"": 332, ""2"": 327, ""3"": 331, ""4"": 321, ""5"": 308}",connected
2099,2,2099,0.9667658333333333,0.004180059664358851,-8.415312258759513,"{""0"": 399, ""1"": 355, ""2"": 337, ""3"": 354, ""4"": 330, ""5"": 324}",connected
2199,2,2199,0.9651825,0.004191790041950298,-8.415312258759513,"{""0"": 423, ""1"": 369, ""2"": 347, ""3"": 368, ""4"": 351, ""5"": 341}",connected
2299,2,2299,0.9635991666666667,0.0043952831125352535,-8.415312258759513,"{""0"": 444, ""1"": 386, ""2"": 360, ""3"": 387, ""4"": 366, ""5"": 356}",connected
2399,2,2399,0.9620158333333333,0.003948757147554716,-8.415312258759513,"{""0"": 459, ""1"": 397, ""2"": 379, ""3"": 405, ""4"": 386, ""5"": 373}",connected
2499,2,2499,0.9604325,0.004780321631733387,-8.415312258759513,"{""0"": 469, ""1"": 416, ""2"": 396, ""3"": 421, ""4"": 403, ""5"": 394}",connected
2599,2,2599,0.9588491666666666,0.0051659135023874115,-8.415312258759513,"{""0"": 487, ""1"": 435, ""2"": 409, ""3"": 436, ""4"": 421, ""5"": 411}",connected
2699,2,2699,0.9572658333333334,0.0055377432199748,-8.415312258759513,"{""0"": 512, ""1"": 447, ""2"": 422, ""3"": 447, ""4"": 436, ""5"": 435}",connected
2799,2,2799,0.9556825,0.0059422197837920975,-8.415312258759513,"{""0"": 524, ""1"": 459, ""2"": 450, ""3"": 469, ""4"": 453, ""5"": 444}",connected
2899,4,2899,0.9540991666666667,0.005410933261191531,-9.297517935046926,"{""0"": 542, ""1"": 473, ""2"": 468, ""3"": 482, ""4"": 480, ""5"": 454}",connected
2999,4,2999,0.9525158333333333,0.0047155765358911595,-9.297517935046926,"{""0"": 558, ""1"": 484, ""2"": 487, ""3"": 501, ""4"": 499, ""5"": 470}",connected
3099,4,3099,0.9509325,0.00364137065520481,-9.297517935046926,"{""0"": 573, ""1"": 496, ""2"": 501, ""3"": 516, ""4"": 517, ""5"": 496}",connected
3199,4,3199,0.9493491666666667,0.004017938164106454,-9.297517935046926,"{""0"": 593, ""1"": 515, ""2"": 514, ""3"": 530, ""4"": 538, ""5"": 509}",connected
3299,4,3299,0.9477658333333333,0.004808174114150461,-9.297517935046926,"{""0"": 602, ""1"": 528, ""2"": 527, ""3"": 551, ""4"": 565, ""5"": 526}",connected
3399,4,3399,0.9461825,0.005070556631544605,-9.297517935046926,"{""0"": 615, ""1"": 545, ""2"": 541, ""3"": 575, ""4"": 581, ""5"": 542}",connected
3499,4,3499,0.9445991666666667,0.005327745083995979,-9.297517935046926,"{""0"": 632, ""1"": 561, ""2"": 555, ""3"": 591, ""4"": 601, ""5"": 559}",connected
3599,4,3599,0.9430158333333334,0.0052155564708664314,-9.297517935046926,"{""0"": 653, ""1"": 580, ""2"": 573, ""3"": 600, ""4"": 617, ""5"": 576}",connected
3699,4,3699,0.9414325,0.003918642211210681,-9.297517935046926,"{""0"": 676, ""1"": 597, ""2"": 586, ""3"": 616, ""4"": 630, ""5"": 594}",connected
3799,4,3799,0.9398491666666666,0.0037478098424253404,-9.297517935046926,"{""0"": 691, ""1"": 614, ""2"": 608, ""3"": 629, ""4"": 645, ""5"": 612}",connected
3899,4,3899,0.9382658333333334,0.004205542121562758,-9.297517935046926,"{""0"": 705, ""1"": 628, ""2"": 624, ""3"": 644, ""4"": 668, ""5"": 630}",connected
3999,4,3999,0.9366825,0.0035118755509756737,-9.297517935046926,"{""0"": 722, ""1"": 640, ""2"": 637, ""3"": 665, ""4"": 693, ""5"": 642}",connected
4099,4,4099,0.9350991666666667,0.0035159867034235503,-9.297517935046926,"{""0"": 741, ""1"": 652, ""2"": 654, ""3"": 682, ""4"": 711, ""5"": 659}",connected
4199,4,4199,0.9335158333333333,0.0041963334152751485,-9.297517935046926,"{""0"": 762, ""1"": 663, ""2"": 670, ""3"": 699, ""4"": 729, ""5"": 676}",connected
4299,6,4299,0.9319325,0.003948456754842482,-9.437546731011631,"{""0"": 779, ""1"": 674, ""2"": 694, ""3"": 711, ""4"": 744, ""5"": 697}",connected
4399,6,4399,0.9303491666666667,0.00451389602789277,-9.437546731011631,"{""0"": 799, ""1"": 686, ""2"": 707, ""3"": 731, ""4"": 763, ""5"": 713}",connected
4499,6,4499,0.9287658333333333,0.004300026191267534,-9.437546731011631,"{""0"": 812, ""1"": 701, ""2"": 723, ""3"": 748, ""4"": 785, ""5"": 730}",connected
4599,6,4599,0.9271825,0.0037574746997415787,-9.437546731011631,"{""0"": 833, ""1"": 709, ""2"": 746, ""3"": 770, ""4"": 801, ""5"": 740}",connected
4699,6,4699,0.9255991666666666,0.003397094559222751,-9.437546731011631,"{""0"": 854, ""1"": 723, ""2"": 759, ""3"": 786, ""4"": 824, ""5"": 753}",connected
4799,6,4799,0.9240158333333334,0.0037489222392105147,-9.437546731011631,"{""0"": 865, ""1"": 743, ""2"": 775, ""3"": 798, ""4"": 848, ""5"": 770}",connected
4899,6,4899,0.9224325,0.003504240836809913,-9.437546731011631,"{""0"": 885, ""1"": 758, ""2"": 797, ""3"": 809, ""4"": 867, ""5"": 783}",connected
4999,6,4999,0.9208491666666667,0.003170405220480461,-9.437546731011631,"{""0"": 906, ""1"": 776, ""2"": 820, ""3"": 821, ""4"": 877, ""5"": 799}",connected
5099,6,5099,0.9192658333333333,0.0029716873922006927,-9.437546731011631,"{""0"": 924, ""1"": 790, ""2"": 837, ""3"": 836, ""4"": 898, ""5"": 814}",connected
5199,6,5199,0.9176825,0.0027149901491065973,-9.437546731011631,"{""0"": 941, ""1"": 803, ""2"": 852, ""3"": 851, ""4"": 915, ""5"": 837}",connected
5299,6,5299,0.9160991666666667,0.0029217486811830896,-9.437546731011631,"{""0"": 959, ""1"": 818, ""2"": 873, ""3"": 871, ""4"": 927, ""5"": 851}",connected
5399,6,5399,0.9145158333333333,0.0032317610994141432,-9.437546731011631,"{""0"": 978, ""1"": 840, ""2"": 885, ""3"": 878, ""4"": 954, ""5"": 864}",connected
5499,6,5499,0.9129325,0.004310677117500745,-9.437546731011631,"{""0"": 991, ""1"": 862, ""2"": 902, ""3"": 891, ""4"": 976, ""5"": 877}",connected
5599,6,5599,0.9113491666666667,0.003927409808966331,-9.437546731011631,"{""0"": 1007, ""1"": 878, ""2"": 913, ""3"": 909, ""4"": 993, ""5"": 899}",connected
5699,6,5699,0.9097658333333334,0.004476074279918976,-9.437546731011631,"{""0"": 1021, ""1"": 890, ""2"": 929, ""3"": 927, ""4"": 1013, ""5"": 919}",connected
5799,8,5799,0.9081825,0.004137527205748484,-9.402772200846812,"{""0"": 1041, ""1"": 908, ""2"": 941, ""3"": 941, ""4"": 1035, ""5"": 933}",connected
5899,8,5899,0.9065991666666666,0.004088219895165821,-9.402772200846812,"{""0"": 1055, ""1"": 929, ""2"": 963, ""3"": 958, ""4"": 1050, ""5"": 944}",connected
5999,8,5999,0.9050158333333334,0.003815869152713276,-9.402772200846812,"{""0"": 1079, ""1"": 940, ""2"": 978, ""3"": 970, ""4"": 1073, ""5"": 959}",connected
6099,8,6099,0.9034325,0.004068330693153257,-9.402772200846812,"{""0"": 1090, ""1"": 966, ""2"": 987, ""3"": 985, ""4"": 1090, ""5"": 981}",connected
6199,8,6199,0.9018491666666667,0.004637650088079681,-9.402772200846812,"{""0"": 1110, ""1"": 982, ""2"": 1005, ""3"": 1001, ""4"": 1104, ""5"": 997}",connected
6299,8,6299,0.9002658333333333,0.0036981563322115107,-9.402772200846812,"{""0"": 1128, ""1"": 999, ""2"": 1029, ""3"": 1014, ""4"": 1116, ""5"": 1013}",connected
6399,8,6399,0.8986825,0.004464223706636403,-9.402772200846812,"{""0"": 1144, ""1"": 1011, ""2"": 1045, ""3"": 1033, ""4"": 1134, ""5"": 1032}",connected
6499,8,6499,0.8970991666666667,0.004034351770533249,-9.402772200846812,"{""0"": 1168, ""1"": 1028, ""2"": 1057, ""3"": 1049, ""4"": 1148, ""5"": 1049}",connected
6599,8,6599,0.8955158333333333,0.004791541560007317,-9.402772200846812,"{""0"": 1188, ""1"": 1042, ""2"": 1078, ""3"": 1062, ""4"": 1168, ""5"": 1061}",connected
6699,8,6699,0.8939325,0.005908587873673241,-9.402772200846812,"{""0"": 1203, ""1"": 1063, ""2"": 1092, ""3"": 1076, ""4"": 1190, ""5"": 1075}",connected
6799,8,6799,0.8923491666666666,0.005556399497509119,-9.402772200846812,"{""0"": 1227, ""1"": 1075, ""2"": 1111, ""3"": 1089, ""4"": 1216, ""5"": 1081}",connected
6899,8,6899,0.8907658333333334,0.0055428830053278946,-9.402772200846812,"{""0"": 1241, ""1"": 1096, ""2"": 1132, ""3"": 1101, ""4"": 1233, ""5"": 1096}",connected
6999,8,6999,0.8891825,0.004197323360203882,-9.402772200846812,"{""0"": 1255, ""1"": 1115, ""2"": 1144, ""3"": 1117, ""4"": 1258, ""5"": 1110}",connected
7099,8,7099,0.8875991666666667,0.002719281258068804,-9.402772200846812,"{""0"": 1265, ""1"": 1128, ""2"": 1166, ""3"": 1134, ""4"": 1275, ""5"": 1131}",connected
7199,10,7199,0.8860158333333333,0.0029254914398188702,-9.396506586810574,"{""0"": 1283, ""1"": 1138, ""2"": 1179, ""3"": 1148, ""4"": 1300, ""5"": 1151}",connected
7299,10,7299,0.8844325,0.0025487997432719566,-9.396506586810574,"{""0"": 1296, ""1"": 1156, ""2"": 1192, ""3"": 1157, ""4"": 1327, ""5"": 1171}",connected
7399,10,7399,0.8828491666666667,0.003225373780769587,-9.396506586810574,"{""0"": 1319, ""1"": 1174, ""2"": 1205, ""3"": 1170, ""4"": 1346, ""5"": 1185}",connected
7499,10,7499,0.8812658333333333,0.003906918460743327,-9.396506586810574,"{""0"": 1335, ""1"": 1190, ""2"": 1217, ""3"": 1184, ""4"": 1367, ""5"": 1206}",connected
7599,10,7599,0.8796825,0.0038048633678045007,-9.396506586810574,"{""0"": 1350, ""1"": 1202, ""2"": 1224, ""3"": 1192, ""4"": 1401, ""5"": 1230}",connected
7699,10,7699,0.8780991666666667,0.003956556664670643,-9.396506586810574,"{""0"": 1357, ""1"": 1227, ""2"": 1233, ""3"": 1217, ""4"": 1416, ""5"": 1249}",connected
7799,10,7799,0.8765158333333334,0.002950461103246198,-9.396506586810574,"{""0"": 1357, ""1"": 1277, ""2"": 1233, ""3"": 1267, ""4"": 1416, ""5"": 1249}",connected
7899,10,7899,0.8749325,0.003171993780997582,-9.396506586810574,"{""0"": 1357, ""1"": 1327, ""2"": 1233, ""3"": 1317, ""4"": 1416, ""5"": 1249}",connected
7999,10,7999,0.8733491666666666,0.002808737221566844,-9.396506586810574,"{""0"": 1357, ""1"": 1377, ""2"": 1233, ""3"": 1367, ""4"": 1416, ""5"": 1249}",connected
8020,10,8020,0.8730166666666667,0.003243829036218813,-9.396506586810574,"{""0"": 1357, ""1"": 1387, ""2"": 1233, ""3"": 1378, ""4"": 1416, ""5"": 1249}",stopped
99,0,99,0.9984325,0.0,0.0,"{""0"": 23, ""1"": 11, ""2"": 22, ""3"": 14, ""4"": 18, ""5"": 11}",connected
199,0,199,0.9968491666666667,0.0,0.0,"{""0"": 47, ""1"": 36, ""2"": 31, ""3"": 25, ""4"": 30, ""5"": 30}",connected
299,0,299,0.9952658333333333,0.0,0.0,"{""0"": 63, ""1"": 56, ""2"": 44, ""3"": 52, ""4"": 45, ""5"": 39}",connected
399,0,399,0.9936825,0.0,0.0,"{""0"": 63, ""1"": 106, ""2"": 44, ""3"": 102, ""4"": 45, ""5"": 39}",connected
499,0,499,0.9920991666666666,0.0,0.0,"{""0"": 82, ""1"": 124, ""2"": 54, ""3"": 129, ""4"": 59, ""5"": 51}",connected
599,0,599,0.9905158333333334,0.0,0.0,"{""0"": 97, ""1"": 137, ""2"": 67, ""3"": 144, ""4"": 72, ""5"": 82}",connected
699,0,699,0.9889325,0.0,0.0,"{""0"": 117, ""1"": 153, ""2"": 84, ""3"": 163, ""4"": 82, ""5"": 100}",connected
799,0,799,0.9873491666666667,0.0,0.0,"{""0"": 137, ""1"": 169, ""2"": 94, ""3"": 175, ""4"": 106, ""5"": 118}",connected
899,0,899,0.9857658333333333,0.0,0.0,"{""0"": 157, ""1"": 184, ""2"": 113, ""3"": 192, ""4"": 121, ""5"": 132}",connected
999,0,999,0.9841825,0.0,0.0,"{""0"": 178, ""1"": 203, ""2"": 129, ""3"": 208, ""4"": 130, ""5"": 151}",connected
1099,2,1099,0.9825991666666667,0.0,-6.698494307813235,"{""0"": 198, ""1"": 221, ""2"": 144, ""3"": 223, ""4"": 149, ""5"": 164}",connected
1199,2,1199,0.9810158333333333,0.0,-6.698494307813235,"{""0"": 215, ""1"": 240, ""2"": 159, ""3"": 244, ""4"": 165, ""5"": 176}",connected
1299,2,1299,0.9794325,0.0,-6.698494307813235,"{""0"": 230, ""1"": 256, ""2"": 176, ""3"": 262, ""4"": 182, ""5"": 193}",connected
1399,2,1399,0.9778491666666667,0.0,-6.698494307813235,"{""0"": 250, ""1"": 266, ""2"": 197, ""3"": 283, ""4"": 198, ""5"": 205}",connected
1499,2,1499,0.9762658333333334,0.0,-6.698494307813235,"{""0"": 264, ""1"": 290, ""2"": 221, ""3"": 296, ""4"": 214, ""5"": 214}",connected
1599,2,1599,0.9746825,0.0,-6.698494307813235,"{""0"": 278, ""1"": 310, ""2"": 236, ""3"": 315, ""4"": 229, ""5"": 231}",connected
1699,2,1699,0.9730991666666666,0.0,-6.698494307813235,"{""0"": 295, ""1"": 322, ""2"": 248, ""3"": 327, ""4"": 254, ""5"": 253}",connected
1799,2,1799,0.9715158333333334,0.0,-6.698494307813235,"{""0"": 313, ""1"": 335, ""2"": 261, ""3"": 344, ""4"": 275, ""5"": 271}",connected
1899,2,1899,0.9699325,0.0,-6.698494307813235,"{""0"": 334, ""1"": 351, ""2"": 278, ""3"": 360, ""4"": 295, ""5"": 281}",connected
1999,2,1999,0.9683491666666667,0.0,-6.698494307813235,"{""0"": 356, ""1"": 367, ""2"": 291, ""3"": 375, ""4"": 312, ""5"": 298}",connected
2099,2,2099,0.9667658333333333,0.004483573176257778,-6.698494307813235,"{""0"": 356, ""1"": 369, ""2"": 291, ""3"": 424, ""4"": 312, ""5"": 347}",connected
2199,2,2199,0.9651825,0.004402416618249845,-6.698494307813235,"{""0"": 356, ""1"": 369, ""2"": 291, ""3"": 474, ""4"": 312, ""5"": 397}",connected
2299,4,2299,0.9635991666666667,0.004538814960008798,-7.720195390516892,"{""0"": 374, ""1"": 369, ""2"": 291, ""3"": 515, ""4"": 312, ""5"": 438}",connected
2399,4,2399,0.9620158333333333,0.004018651384758414,-7.720195390516892,"{""0"": 474, ""1"": 369, ""2"": 291, ""3"": 515, ""4"": 312, ""5"": 438}",connected
2499,4,2499,0.9604325,0.004848816712328698,-7.720195390516892,"{""0"": 574, ""1"": 369, ""2"": 291, ""3"": 515, ""4"": 312, ""5"": 438}",connected
2599,4,2599,0.9588491666666666,0.005226581608949346,-7.720195390516892,"{""0"": 674, ""1"": 369, ""2"": 291, ""3"": 515, ""4"": 312, ""5"": 438}",connected
2699,4,2699,0.9572658333333334,0.005608824019436725,-7.720195390516892,"{""0"": 774, ""1"": 369, ""2"": 291, ""3"": 515, ""4"": 312, ""5"": 438}",connected
2799,4,2799,0.9556825,0.006050450156981242,-7.720195390516892,"{""0"": 874, ""1"": 369, ""2"": 291, ""3"": 515, ""4"": 312, ""5"": 438}",connected
2899,4,2899,0.9540991666666667,0.00543908262210607,-7.720195390516892,"{""0"": 974, ""1"": 369, ""2"": 291, ""3"": 515, ""4"": 312, ""5"": 438}",connected
2999,6,2999,0.9525158333333333,0.004758370705094422,-6.490130238855879,"{""0"": 1074, ""1"": 369, ""2"": 291, ""3"": 515, ""4"": 312, ""5"": 438}",connected
3099,6,3099,0.9509325,0.003671678061691637,-6.490130238855879,"{""0"": 1174, ""1"": 369, ""2"": 291, ""3"": 515, ""4"": 312, ""5"": 438}",connected
3199,6,3199,0.9493491666666667,0.004058502322623099,-6.490130238855879,"{""0"": 1274, ""1"": 369, ""2"": 291, ""3"": 515, ""4"": 312, ""5"": 438}",connected
3299,6,3299,0.9477658333333333,0.004824610716714233,-6.490130238855879,"{""0"": 1374, ""1"": 369, ""2"": 291, ""3"": 515, ""4"": 312, ""5"": 438}",connected
3399,6,3399,0.9461825,0.005030694405540999,-6.490130238855879,"{""0"": 1474, ""1"": 369, ""2"": 291, ""3"": 515, ""4"": 312, ""5"": 438}",connected
3499,6,3499,0.9445991666666667,0.005268899834045442,-6.490130238855879,"{""0"": 1574, ""1"": 369, ""2"": 291, ""3"": 515, ""4"": 312, ""5"": 438}",connected
3599,6,3599,0.9430158333333334,0.00514688463335915,-6.490130238855879,"{""0"": 1674, ""1"": 369, ""2"": 291, ""3"": 515, ""4"": 312, ""5"": 438}",connected
3699,8,3699,0.9414325,0.003918861363599717,-5.772597659379244,"{""0"": 1774, ""1"": 369, ""2"": 291, ""3"": 515, ""4"": 312, ""5"": 438}",connected
3799,8,3799,0.9398491666666666,0.0037899730268327403,-5.772597659379244,"{""0"": 1874, ""1"": 369, ""2"": 291, ""3"": 515, ""4"": 312, ""5"": 438}",connected
3899,8,3899,0.9382658333333334,0.004239523411197297,-5.772597659379244,"{""0"": 1954, ""1"": 372, ""2"": 296, ""3"": 520, ""4"": 315, ""5"": 442}",connected
3999,8,3999,0.9366825,0.003532364370585128,-5.772597659379244,"{""0"": 1991, ""1"": 381, ""2"": 296, ""3"": 531, ""4"": 357, ""5"": 443}",connected
4099,8,4099,0.9350991666666667,0.0035294696457276588,-5.772597659379244,"{""0"": 2041, ""1"": 381, ""2"": 296, ""3"": 531, ""4"": 407, ""5"": 443}",connected
4199,8,4199,0.9335158333333333,0.004195819189990288,-5.772597659379244,"{""0"": 2093, ""1"": 381, ""2"": 296, ""3"": 531, ""4"": 455, ""5"": 443}",connected
4299,8,4299,0.9319325,0.004020351012659375,-5.772597659379244,"{""0"": 2144, ""1"": 381, ""2"": 296, ""3"": 531, ""4"": 504, ""5"": 443}",connected
4399,10,4399,0.9303491666666667,0.004660473266667396,-5.542496403073892,"{""0"": 2219, ""1"": 381, ""2"": 296, ""3"": 531, ""4"": 529, ""5"": 443}",connected
4499,10,4499,0.9287658333333333,0.004387927772950206,-5.542496403073892,"{""0"": 2319, ""1"": 381, ""2"": 296, ""3"": 531, ""4"": 529, ""5"": 443}",connected
4599,10,4599,0.9271825,0.0039046849961596308,-5.542496403073892,"{""0"": 2419, ""1"": 381, ""2"": 296, ""3"": 531, ""4"": 529, ""5"": 443}",connected
4684,10,4684,0.9258366666666666,0.0035366293253173355,-5.542496403073892,"{""0"": 2504, ""1"": 381, ""2"": 296, ""3"": 531, ""4"": 529, ""5"": 443}",stopped
99,0,99,0.9984325,0.0,0.0,"{""0"": 23, ""1"": 13, ""2"": 18, ""3"": 12, ""4"": 21, ""5"": 12}",connected
199,0,199,0.9968491666666667,0.0,0.0,"{""0"": 45, ""1"": 37, ""2"": 27, ""3"": 23, ""4"": 34, ""5"": 33}",connected
299,0,299,0.9952658333333333,0.0,0.0,"{""0"": 63, ""1"": 56, ""2"": 37, ""3"": 52, ""4"": 48, ""5"": 43}",connected
399,0,399,0.9936825,0.0,0.0,"{""0"": 80, ""1"": 79, ""2"": 51, ""3"": 82, ""4"": 59, ""5"": 48}",connected
499,0,499,0.9920991666666666,0.0,0.0,"{""0"": 93, ""1"": 100, ""2"": 67, ""3"": 100, ""4"": 74, ""5"": 65}",connected
599,0,599,0.9905158333333334,0.0,0.0,"{""0"": 116, ""1"": 115, ""2"": 78, ""3"": 114, ""4"": 91, ""5"": 85}",connected
699,0,699,0.9889325,0.0,0.0,"{""0"": 133, ""1"": 131, ""2"": 101, ""3"": 134, ""4"": 101, ""5"": 99}",connected
799,0,799,0.9873491666666667,0.0,0.0,"{""0"": 155, ""1"": 147, ""2"": 111, ""3"": 152, ""4"": 120, ""5"": 114}",connected
899,0,899,0.9857658333333333,0.0,0.0,"{""0"": 173, ""1"": 160, ""2"": 129, ""3"": 169, ""4"": 134, ""5"": 134}",connected
999,0,999,0.9841825,0.0,0.0,"{""0"": 196, ""1"": 179, ""2"": 144, ""3"": 182, ""4"": 144, ""5"": 154}",connected
1099,0,1099,0.9825991666666667,0.0,0.0,"{""0"": 211, ""1"": 198, ""2"": 164, ""3"": 196, ""4"": 161, ""5"": 169}",connected
1199,2,1199,0.9810158333333333,0.0,-7.462591974472161,"{""0"": 233, ""1"": 217, ""2"": 182, ""3"": 211, ""4"": 175, ""5"": 181}",connected
1299,2,1299,0.9794325,0.0,-7.462591974472161,"{""0"": 245, ""1"": 235, ""2"": 198, ""3"": 234, ""4"": 189, ""5"": 198}",connected
1399,2,1399,0.9778491666666667,0.0,-7.462591974472161,"{""0"": 264, ""1"": 249, ""2"": 217, ""3"": 255, ""4"": 203, ""5"": 211}",connected
1499,2,1499,0.9762658333333334,0.0,-7.462591974472161,"{""0"": 278, ""1"": 274, ""2"": 241, ""3"": 264, ""4"": 220, ""5"": 222}",connected
1599,2,1599,0.9746825,0.0,-7.462591974472161,"{""0"": 290, ""1"": 294, ""2"": 259, ""3"": 283, ""4"": 236, ""5"": 237}",connected
1699,2,1699,0.9730991666666666,0.0,-7.462591974472161,"{""0"": 311, ""1"": 307, ""2"": 265, ""3"": 299, ""4"": 261, ""5"": 256}",connected
1799,2,1799,0.9715158333333334,0.0,-7.462591974472161,"{""0"": 334, ""1"": 318, ""2"": 279, ""3"": 314, ""4"": 281, ""5"": 273}",connected
1899,2,1899,0.9699325,0.0,-7.462591974472161,"{""0"": 355, ""1"": 339, ""2"": 295, ""3"": 325, ""4"": 303, ""5"": 282}",connected
1999,2,1999,0.9683491666666667,0.0,-7.462591974472161,"{""0"": 376, ""1"": 355, ""2"": 313, ""3"": 338, ""4"": 314, ""5"": 303}",connected
2099,2,2099,0.9667658333333333,0.0042641327271121555,-7.462591974472161,"{""0"": 376, ""1"": 357, ""2"": 313, ""3"": 387, ""4"": 314, ""5"": 352}",connected
2199,2,2199,0.9651825,0.00427506170439301,-7.462591974472161,"{""0"": 376, ""1"": 357, ""2"": 313, ""3"": 437, ""4"": 314, ""5"": 402}",connected
2299,4,2299,0.9635991666666667,0.00443687101098476,-6.980294634704478,"{""0"": 377, ""1"": 357, ""2"": 313, ""3"": 485, ""4"": 314, ""5"": 453}",connected
2399,4,2399,0.9620158333333333,0.003959257492751931,-6.980294634704478,"{""0"": 477, ""1"": 357, ""2"": 313, ""3"": 485, ""4"": 314, ""5"": 453}",connected
2499,4,2499,0.9604325,0.004832722858700436,-6.980294634704478,"{""0"": 577, ""1"": 357, ""2"": 313, ""3"": 485, ""4"": 314, ""5"": 453}",connected
2599,4,2599,0.9588491666666666,0.005216578380204737,-6.980294634704478,"{""0"": 677, ""1"": 357, ""2"": 313, ""3"": 485, ""4"": 314, ""5"": 453}",connected
2699,4,2699,0.9572658333333334,0.005612109951107414,-6.980294634704478,"{""0"": 777, ""1"": 357, ""2"": 313, ""3"": 485, ""4"": 314, ""5"": 453}",connected
2799,4,2799,0.9556825,0.006003906662808731,-6.980294634704478,"{""0"": 877, ""1"": 357, ""2"": 313, ""3"": 485, ""4"": 314, ""5"": 453}",connected
2899,4,2899,0.9540991666666667,0.005379351408337243,-6.980294634704478,"{""0"": 977, ""1"": 357, ""2"": 313, ""3"": 485, ""4"": 314, ""5"": 453}",connected
2999,4,2999,0.9525158333333333,0.004653032350324793,-6.980294634704478,"{""0"": 1077, ""1"": 357, ""2"": 313, ""3"": 485, ""4"": 314, ""5"": 453}",connected
3099,6,3099,0.9509325,0.0035715856159367833,-6.025196393098061,"{""0"": 1177, ""1"": 357, ""2"": 313, ""3"": 485, ""4"": 314, ""5"": 453}",connected
3199,6,3199,0.9493491666666667,0.003970613293968199,-6.025196393098061,"{""0"": 1277, ""1"": 357, ""2"": 313, ""3"": 485, ""4"": 314, ""5"": 453}",connected
3299,6,3299,0.9477658333333333,0.004761589579320571,-6.025196393098061,"{""0"": 1377, ""1"": 357, ""2"": 313, ""3"": 485, ""4"": 314, ""5"": 453}",connected
3399,6,3399,0.9461825,0.005037482530642592,-6.025196393098061,"{""0"": 1477, ""1"": 357, ""2"": 313, ""3"": 485, ""4"": 314, ""5"": 453}",connected
3499,6,3499,0.9445991666666667,0.005247420636333117,-6.025196393098061,"{""0"": 1577, ""1"": 357, ""2"": 313, ""3"": 485, ""4"": 314, ""5"": 453}",connected
3599,6,3599,0.9430158333333334,0.005164543484715978,-6.025196393098061,"{""0"": 1677, ""1"": 357, ""2"": 313, ""3"": 485, ""4"": 314, ""5"": 453}",connected
3699,6,3699,0.9414325,0.0039016409784017013,-6.025196393098061,"{""0"": 1777, ""1"": 357, ""2"": 313, ""3"": 485, ""4"": 314, ""5"": 453}",connected
3799,8,3799,0.9398491666666666,0.003715670630808745,-5.561397271987516,"{""0"": 1877, ""1"": 357, ""2"": 313, ""3"": 485, ""4"": 314, ""5"": 453}",connected
3899,8,3899,0.9382658333333334,0.004196277001647104,-5.561397271987516,"{""0"": 1977, ""1"": 357, ""2"": 313, ""3"": 485, ""4"": 314, ""5"": 453}",connected
3999,8,3999,0.9366825,0.003495974241413933,-5.561397271987516,"{""0"": 2077, ""1"": 357, ""2"": 313, ""3"": 485, ""4"": 314, ""5"": 453}",connected
4099,8,4099,0.9350991666666667,0.003492619769567682,-5.561397271987516,"{""0"": 2177, ""1"": 357, ""2"": 313, ""3"": 485, ""4"": 314, ""5"": 453}",connected
4199,8,4199,0.9335158333333333,0.004189789166593983,-5.561397271987516,"{""0"": 2277, ""1"": 357, ""2"": 313, ""3"": 485, ""4"": 314, ""5"": 453}",connected
4299,8,4299,0.9319325,0.003968894050849485,-5.561397271987516,"{""0"": 2377, ""1"": 357, ""2"": 313, ""3"": 485, ""4"": 314, ""5"": 453}",connected
4399,8,4399,0.9303491666666667,0.00453775933405268,-5.561397271987516,"{""0"": 2477, ""1"": 357, ""2"": 313, ""3"": 485, ""4"": 314, ""5"": 453}",connected
4499,8,4499,0.9287658333333333,0.004314775920320244,-5.561397271987516,"{""0"": 2577, ""1"": 357, ""2"": 313, ""3"": 485, ""4"": 314, ""5"": 453}",connected
4599,10,4599,0.9271825,0.0037690815154201116,-5.31111779869534,"{""0"": 2677, ""1"": 357, ""2"": 313, ""3"": 485, ""4"": 314, ""5"": 453}",connected
4699,10,4699,0.9255991666666666,0.003419829970207502,-5.31111779869534,"{""0"": 2777, ""1"": 357, ""2"": 313, ""3"": 485, ""4"": 314, ""5"": 453}",connected
4799,10,4799,0.9240158333333334,0.0037548706169945943,-5.31111779869534,"{""0"": 2877, ""1"": 357, ""2"": 313, ""3"": 485, ""4"": 314, ""5"": 453}",connected
4899,10,4899,0.9224325,0.0035354836169244662,-5.31111779869534,"{""0"": 2977, ""1"": 357, ""2"": 313, ""3"": 485, ""4"": 314, ""5"": 453}",connected
4999,10,4999,0.9208491666666667,0.00319120046824537,-5.31111779869534,"{""0"": 3077, ""1"": 357, ""2"": 313, ""3"": 485, ""4"": 314, ""5"": 453}",connected
5099,10,5099,0.9192658333333333,0.0029717756178251876,-5.31111779869534,"{""0"": 3177, ""1"": 357, ""2"": 313, ""3"": 485, ""4"": 314, ""5"": 453}",connected
5199,10,5199,0.9176825,0.002739017871372198,-5.31111779869534,"{""0"": 3277, ""1"": 357, ""2"": 313, ""3"": 485, ""4"": 314, ""5"": 453}",connected
5299,10,5299,0.9160991666666667,0.002944630130241421,-5.31111779869534,"{""0"": 3377, ""1"": 357, ""2"": 313, ""3"": 485, ""4"": 314, ""5"": 453}",connected
5399,10,5399,0.9145158333333333,0.0032565930499731622,-5.31111779869534,"{""0"": 3477, ""1"": 357, ""2"": 313, ""3"": 485, ""4"": 314, ""5"": 453}",connected
5499,10,5499,0.9129325,0.004329561806644051,-5.31111779869534,"{""0"": 3577, ""1"": 357, ""2"": 313, ""3"": 485, ""4"": 314, ""5"": 453}",connected
5599,10,5599,0.9113491666666667,0.003940189477198146,-5.31111779869534,"{""0"": 3677, ""1"": 357, ""2"": 313, ""3"": 485, ""4"": 314, ""5"": 453}",connected
5699,10,5699,0.9097658333333334,0.0044874207005887005,-5.31111779869534,"{""0"": 3777, ""1"": 357, ""2"": 313, ""3"": 485, ""4"": 314, ""5"": 453}",connected
5799,10,5799,0.9081825,0.004163474037741252,-5.31111779869534,"{""0"": 3877, ""1"": 357, ""2"": 313, ""3"": 485, ""4"": 314, ""5"": 453}",connected
5899,10,5899,0.9065991666666666,0.004105016033317952,-5.31111779869534,"{""0"": 3977, ""1"": 357, ""2"": 313, ""3"": 485, ""4"": 314, ""5"": 453}",connected
5999,10,5999,0.9050158333333334,0.0038167053328652402,-5.31111779869534,"{""0"": 4077, ""1"": 357, ""2"": 313, ""3"": 485, ""4"": 314, ""5"": 453}",connected
6099,10,6099,0.9034325,0.004059906391157711,-5.31111779869534,"{""0"": 4177, ""1"": 357, ""2"": 313, ""3"": 485, ""4"": 314, ""5"": 453}",connected
6199,10,6199,0.9018491666666667,0.004635838696176506,-5.31111779869534,"{""0"": 4277, ""1"": 357, ""2"": 313, ""3"": 485, ""4"": 314, ""5"": 453}",connected
6299,10,6299,0.9002658333333333,0.0036950874379363084,-5.31111779869534,"{""0"": 4377, ""1"": 357, ""2"": 313, ""3"": 485, ""4"": 314, ""5"": 453}",connected
6399,10,6399,0.8986825,0.004465314958197269,-5.31111779869534,"{""0"": 4477, ""1"": 357, ""2"": 313, ""3"": 485, ""4"": 314, ""5"": 453}",connected
6499,10,6499,0.8970991666666667,0.004017175872486405,-5.31111779869534,"{""0"": 4577, ""1"": 357, ""2"": 313, ""3"": 485, ""4"": 314, ""5"": 453}",connected
6599,10,6599,0.8955158333333333,0.004769778078662057,-5.31111779869534,"{""0"": 4677, ""1"": 357, ""2"": 313, ""3"": 485, ""4"": 314, ""5"": 453}",connected
6699,10,6699,0.8939325,0.005882898755771748,-5.31111779869534,"{""0"": 4777, ""1"": 357, ""2"": 313, ""3"": 485, ""4"": 314, ""5"": 453}",connected
6799,10,6799,0.8923491666666666,0.0054965488271045615,-5.31111779869534,"{""0"": 4877, ""1"": 357, ""2"": 313, ""3"": 485, ""4"": 314, ""5"": 453}",connected
6899,10,6899,0.8907658333333334,0.005489430039706349,-5.31111779869534,"{""0"": 4977, ""1"": 357, ""2"": 313, ""3"": 485, ""4"": 314, ""5"": 453}",connected
6999,10,6999,0.8891825,0.0041671250895888075,-5.31111779869534,"{""0"": 5077, ""1"": 357, ""2"": 313, ""3"": 485, ""4"": 314, ""5"": 453}",connected
7099,10,7099,0.8875991666666667,0.002721144505067059,-5.31111779869534,"{""0"": 5177, ""1"": 357, ""2"": 313, ""3"": 485, ""4"": 314, ""5"": 453}",connected
7199,10,7199,0.8860158333333333,0.002965374053492269,-5.31111779869534,"{""0"": 5277, ""1"": 357, ""2"": 313, ""3"": 485, ""4"": 314, ""5"": 453}",connected
7299,10,7299,0.8844325,0.00258849628335156,-5.31111779869534,"{""0"": 5377, ""1"": 357, ""2"": 313, ""3"": 485, ""4"": 314, ""5"": 453}",connected
7399,10,7399,0.8828491666666667,0.0032144875770245564,-5.31111779869534,"{""0"": 5477, ""1"": 357, ""2"": 313, ""3"": 485, ""4"": 314, ""5"": 453}",connected
7499,12,7499,0.8812658333333333,0.0038712220782872466,-6.938431443064474,"{""0"": 5577, ""1"": 357, ""2"": 313, ""3"": 485, ""4"": 314, ""5"": 453}",connected
7599,12,7599,0.8796825,0.003767365687417623,-6.938431443064474,"{""0"": 5677, ""1"": 357, ""2"": 313, ""3"": 485, ""4"": 314, ""5"": 453}",connected
7699,12,7699,0.8780991666666667,0.0038831183319780393,-6.938431443064474,"{""0"": 5777, ""1"": 357, ""2"": 313, ""3"": 485, ""4"": 314, ""5"": 453}",connected
7799,12,7799,0.8765158333333334,0.0028800624202995097,-6.938431443064474,"{""0"": 5877, ""1"": 357, ""2"": 313, ""3"": 485, ""4"": 314, ""5"": 453}",connected
7899,12,7899,0.8749325,0.0031190149198300787,-6.938431443064474,"{""0"": 5977, ""1"": 357, ""2"": 313, ""3"": 485, ""4"": 314, ""5"": 453}",connected
7999,12,7999,0.8733491666666666,0.0027710159099297014,-6.938431443064474,"{""0"": 6077, ""1"": 357, ""2"": 313, ""3"": 485, ""4"": 314, ""5"": 453}",connected
8099,12,8099,0.8717658333333334,0.003145932041043125,-6.938431443064474,"{""0"": 6177, ""1"": 357, ""2"": 313, ""3"": 485, ""4"": 314, ""5"": 453}",connected
8199,14,8199,0.8701825000000001,0.004174819547097286,-6.532226938388443,"{""0"": 6277, ""1"": 357, ""2"": 313, ""3"": 485, ""4"": 314, ""5"": 453}",connected
8299,14,8299,0.8685991666666667,0.0036179063323106674,-6.532226938388443,"{""0"": 6377, ""1"": 357, ""2"": 313, ""3"": 485, ""4"": 314, ""5"": 453}",connected
8399,14,8399,0.8670158333333333,0.0034169146232852655,-6.532226938388443,"{""0"": 6477, ""1"": 357, ""2"": 313, ""3"": 485, ""4"": 314, ""5"": 453}",connected
8499,14,8499,0.8654325,0.0028655380206510017,-6.532226938388443,"{""0"": 6577, ""1"": 357, ""2"": 313, ""3"": 485, ""4"": 314, ""5"": 453}",connected
8599,14,8599,0.8638491666666667,0.00249256689032336,-6.532226938388443,"{""0"": 6677, ""1"": 357, ""2"": 313, ""3"": 485, ""4"": 314, ""5"": 453}",connected
8699,14,8699,0.8622658333333333,0.003056010018190136,-6.532226938388443,"{""0"": 6777, ""1"": 357, ""2"": 313, ""3"": 485, ""4"": 314, ""5"": 453}",connected
8799,14,8799,0.8606825,0.003519582922963309,-6.532226938388443,"{""0"": 6877, ""1"": 357, ""2"": 313, ""3"": 485, ""4"": 314, ""5"": 453}",connected
8899,14,8899,0.8590991666666666,0.003396970109351969,-6.532226938388443,"{""0"": 6977, ""1"": 357, ""2"": 313, ""3"": 485, ""4"": 314, ""5"": 453}",connected
8999,14,8999,0.8575158333333334,0.0035051751138780673,-6.532226938388443,"{""0"": 7077, ""1"": 357, ""2"": 313, ""3"": 485, ""4"": 314, ""5"": 453}",connected
9099,14,9099,0.8559325,0.0046055354746386,-6.532226938388443,"{""0"": 7177, ""1"": 357, ""2"": 313, ""3"": 485, ""4"": 314, ""5"": 453}",connected
9199,14,9199,0.8543491666666667,0.005099763128619088,-6.532226938388443,"{""0"": 7277, ""1"": 357, ""2"": 313, ""3"": 485, ""4"": 314, ""5"": 453}",connected
9299,14,9299,0.8527658333333333,0.005767661686750216,-6.532226938388443,"{""0"": 7377, ""1"": 357, ""2"": 313, ""3"": 485, ""4"": 314, ""5"": 453}",connected
9399,14,9399,0.8511825,0.005671681890053151,-6.532226938388443,"{""0"": 7477, ""1"": 357, ""2"": 313, ""3"": 485, ""4"": 314, ""5"": 453}",connected
9499,14,9499,0.8495991666666667,0.004436433959999704,-6.532226938388443,"{""0"": 7577, ""1"": 357, ""2"": 313, ""3"": 485, ""4"": 314, ""5"": 453}",connected
9599,16,9599,0.8480158333333333,0.004222985376909492,-6.640073550661327,"{""0"": 7677, ""1"": 357, ""2"": 313, ""3"": 485, ""4"": 314, ""5"": 453}",connected
9699,16,9699,0.8464325,0.004068187687516911,-6.640073550661327,"{""0"": 7777, ""1"": 357, ""2"": 313, ""3"": 485, ""4"": 314, ""5"": 453}",connected
9799,16,9799,0.8448491666666667,0.004036925674445229,-6.640073550661327,"{""0"": 7877, ""1"": 357, ""2"": 313, ""3"": 485, ""4"": 314, ""5"": 453}",connected
9899,16,9899,0.8432658333333334,0.004277080576248409,-6.640073550661327,"{""0"": 7977, ""1"": 357, ""2"": 313, ""3"": 485, ""4"": 314, ""5"": 453}",connected
9999,16,9999,0.8416825,0.00479742165091011,-6.640073550661327,"{""0"": 8077, ""1"": 357, ""2"": 313, ""3"": 485, ""4"": 314, ""5"": 453}",connected
10099,16,10099,0.8400991666666666,0.005245216508083104,-6.640073550661327,"{""0"": 8177, ""1"": 357, ""2"": 313, ""3"": 485, ""4"": 314, ""5"": 453}",connected
10199,16,10199,0.8385158333333333,0.00501965090061276,-6.640073550661327,"{""0"": 8277, ""1"": 357, ""2"": 313, ""3"": 485, ""4"": 314, ""5"": 453}",connected
10299,18,10299,0.8369325000000001,0.0047772691491991285,-6.368398701487523,"{""0"": 8377, ""1"": 357, ""2"": 313, ""3"": 485, ""4"": 314, ""5"": 453}",connected
10380,18,10380,0.83565,0.004718579198088264,-6.368398701487523,"{""0"": 8458, ""1"": 357, ""2"": 313, ""3"": 485, ""4"": 314, ""5"": 453}",stopped
99,0,99,0.9984325,0.0,0.0,"{""0"": 22, ""1"": 13, ""2"": 19, ""3"": 13, ""4"": 19, ""5"": 13}",connected
199,2,199,0.9968491666666667,0.0,-6.195863237604499,"{""0"": 48, ""1"": 36, ""2"": 28, ""3"": 26, ""4"": 30, ""5"": 31}",connected
299,2,299,0.9952658333333333,0.0,-6.195863237604499,"{""0"": 70, ""1"": 47, ""2"": 42, ""3"": 44, ""4"": 50, ""5"": 46}",connected
399,4,399,0.9936825,0.0,-3.9133973123971373,"{""0"": 88, ""1"": 62, ""2"": 63, ""3"": 63, ""4"": 64, ""5"": 59}",connected
499,4,499,0.9920991666666666,0.0,-3.9133973123971373,"{""0"": 107, ""1"": 81, ""2"": 76, ""3"": 81, ""4"": 79, ""5"": 75}",connected
599,6,599,0.9905158333333334,0.0,-3.640225199982524,"{""0"": 129, ""1"": 96, ""2"": 87, ""3"": 100, ""4"": 92, ""5"": 95}",connected
699,6,699,0.9889325,0.0,-3.640225199982524,"{""0"": 149, ""1"": 113, ""2"": 109, ""3"": 116, ""4"": 103, ""5"": 109}",connected
799,8,799,0.9873491666666667,0.0,-3.875843870046083,"{""0"": 170, ""1"": 127, ""2"": 122, ""3"": 133, ""4"": 124, ""5"": 123}",connected
899,10,899,0.9857658333333333,0.0,-2.548623993108049,"{""0"": 191, ""1"": 140, ""2"": 141, ""3"": 149, ""4"": 139, ""5"": 139}",connected
999,10,999,0.9841825,0.0,-2.548623993108049,"{""0"": 213, ""1"": 157, ""2"": 158, ""3"": 166, ""4"": 148, ""5"": 157}",connected
1099,12,1099,0.9825991666666667,0.0,-3.3925712152849883,"{""0"": 231, ""1"": 179, ""2"": 175, ""3"": 182, ""4"": 164, ""5"": 168}",connected
1199,14,1199,0.9810158333333333,0.0,-3.253683878674305,"{""0"": 248, ""1"": 196, ""2"": 189, ""3"": 203, ""4"": 183, ""5"": 180}",connected
1299,14,1299,0.9794325,0.0,-3.253683878674305,"{""0"": 263, ""1"": 211, ""2"": 207, ""3"": 222, ""4"": 198, ""5"": 198}",connected
1399,16,1399,0.9778491666666667,0.0,-3.2308301291195676,"{""0"": 286, ""1"": 220, ""2"": 224, ""3"": 243, ""4"": 216, ""5"": 210}",connected
1499,16,1499,0.9762658333333334,0.0,-3.2308301291195676,"{""0"": 300, ""1"": 244, ""2"": 251, ""3"": 252, ""4"": 233, ""5"": 219}",connected
1599,18,1599,0.9746825,0.0,-3.2631424117522934,"{""0"": 319, ""1"": 263, ""2"": 265, ""3"": 272, ""4"": 245, ""5"": 235}",connected
1699,18,1699,0.9730991666666666,0.0,-3.2631424117522934,"{""0"": 340, ""1"": 276, ""2"": 278, ""3"": 283, ""4"": 266, ""5"": 256}",connected
1799,20,1799,0.9715158333333334,0.0,-3.127397931157611,"{""0"": 358, ""1"": 290, ""2"": 291, ""3"": 300, ""4"": 285, ""5"": 275}",connected
1899,20,1899,0.9699325,0.0,-3.127397931157611,"{""0"": 377, ""1"": 310, ""2"": 308, ""3"": 316, ""4"": 304, ""5"": 284}",connected
1999,22,1999,0.9683491666666667,0.0,-3.2378682004372505,"{""0"": 402, ""1"": 324, ""2"": 323, ""3"": 329, ""4"": 320, ""5"": 301}",connected
2099,24,2099,0.9667658333333333,0.008797547123394906,-3.11441416964711,"{""0"": 422, ""1"": 349, ""2"": 337, ""3"": 343, ""4"": 331, ""5"": 317}",connected
2199,24,2199,0.9651825,0.007662504762411117,-3.11441416964711,"{""0"": 446, ""1"": 366, ""2"": 345, ""3"": 360, ""4"": 350, ""5"": 332}",connected
2299,26,2299,0.9635991666666667,0.0074788879781651,-3.0622822244006853,"{""0"": 466, ""1"": 384, ""2"": 357, ""3"": 377, ""4"": 367, ""5"": 348}",connected
2399,26,2399,0.9620158333333333,0.007185980842332356,-3.0622822244006853,"{""0"": 483, ""1"": 396, ""2"": 373, ""3"": 396, ""4"": 388, ""5"": 363}",connected
2499,28,2499,0.9604325,0.008210083417361602,-3.0421290491940454,"{""0"": 499, ""1"": 414, ""2"": 391, ""3"": 412, ""4"": 401, ""5"": 382}",connected
2599,28,2599,0.9588491666666666,0.008587121120654047,-3.0421290491940454,"{""0"": 514, ""1"": 430, ""2"": 402, ""3"": 427, ""4"": 420, ""5"": 406}",connected
2699,30,2699,0.9572658333333334,0.009096604488440789,-2.961895957853024,"{""0"": 534, ""1"": 440, ""2"": 415, ""3"": 442, ""4"": 441, ""5"": 427}",connected
2799,30,2799,0.9556825,0.009550203570979647,-2.961895957853024,"{""0"": 546, ""1"": 454, ""2"": 441, ""3"": 462, ""4"": 456, ""5"": 440}",connected
2899,32,2899,0.9540991666666667,0.008832734946627169,-2.844505203378503,"{""0"": 565, ""1"": 466, ""2"": 460, ""3"": 477, ""4"": 479, ""5"": 452}",connected
2999,34,2999,0.9525158333333333,0.008369151366641745,-3.165171952740125,"{""0"": 582, ""1"": 479, ""2"": 477, ""3"": 494, ""4"": 499, ""5"": 468}",connected
3099,34,3099,0.9509325,0.00715257249190472,-3.165171952740125,"{""0"": 598, ""1"": 490, ""2"": 491, ""3"": 509, ""4"": 518, ""5"": 493}",connected
3199,36,3199,0.9493491666666667,0.007315429149894043,-3.1753667317098007,"{""0"": 620, ""1"": 505, ""2"": 504, ""3"": 523, ""4"": 536, ""5"": 511}",connected
3299,36,3299,0.9477658333333333,0.007777280432637781,-3.1753667317098007,"{""0"": 630, ""1"": 521, ""2"": 518, ""3"": 544, ""4"": 561, ""5"": 525}",connected
3399,38,3399,0.9461825,0.008419659120263531,-2.9255987999250035,"{""0"": 647, ""1"": 537, ""2"": 530, ""3"": 566, ""4"": 577, ""5"": 542}",connected
3499,40,3499,0.9445991666666667,0.008991477888193912,-2.9790022891946135,"{""0"": 664, ""1"": 552, ""2"": 543, ""3"": 582, ""4"": 594, ""5"": 564}",connected
3599,40,3599,0.9430158333333334,0.009122118398663588,-2.9790022891946135,"{""0"": 684, ""1"": 571, ""2"": 559, ""3"": 593, ""4"": 609, ""5"": 583}",connected
3699,42,3699,0.9414325,0.007711984308552928,-2.9360627900182625,"{""0"": 710, ""1"": 591, ""2"": 571, ""3"": 605, ""4"": 623, ""5"": 599}",connected
3799,42,3799,0.9398491666666666,0.007436550733982586,-2.9360627900182625,"{""0"": 726, ""1"": 603, ""2"": 595, ""3"": 620, ""4"": 636, ""5"": 619}",connected
3899,44,3899,0.9382658333333334,0.00815967535134405,-3.0381592785151126,"{""0"": 743, ""1"": 620, ""2"": 608, ""3"": 635, ""4"": 653, ""5"": 640}",connected
3999,46,3999,0.9366825,0.007529601053101942,-2.8305149556912035,"{""0"": 760, ""1"": 634, ""2"": 623, ""3"": 652, ""4"": 676, ""5"": 654}",connected
4099,46,4099,0.9350991666666667,0.0074550580338109285,-2.8305149556912035,"{""0"": 781, ""1"": 644, ""2"": 638, ""3"": 675, ""4"": 693, ""5"": 668}",connected
4199,48,4199,0.9335158333333333,0.008794449410634115,-2.89755430554942,"{""0"": 808, ""1"": 657, ""2"": 649, ""3"": 692, ""4"": 711, ""5"": 682}",connected
4299,48,4299,0.9319325,0.008938938461942597,-2.89755430554942,"{""0"": 824, ""1"": 668, ""2"": 676, ""3"": 703, ""4"": 723, ""5"": 705}",connected
4399,50,4399,0.9303491666666667,0.00986639254668262,-2.900055943133775,"{""0"": 848, ""1"": 677, ""2"": 690, ""3"": 721, ""4"": 740, ""5"": 723}",connected
4499,50,4499,0.9287658333333333,0.009859611672000028,-2.900055943133775,"{""0"": 861, ""1"": 692, ""2"": 707, ""3"": 738, ""4"": 752, ""5"": 749}",connected
4599,52,4599,0.9271825,0.008513032263726928,-3.145839639046104,"{""0"": 883, ""1"": 701, ""2"": 726, ""3"": 758, ""4"": 772, ""5"": 759}",connected
4699,52,4699,0.9255991666666666,0.007579080390860327,-3.145839639046104,"{""0"": 905, ""1"": 712, ""2"": 741, ""3"": 776, ""4"": 795, ""5"": 770}",connected
4799,54,4799,0.9240158333333334,0.0071760064596310255,-3.0652405406473444,"{""0"": 918, ""1"": 731, ""2"": 753, ""3"": 790, ""4"": 814, ""5"": 793}",connected
4899,56,4899,0.9224325,0.008038992970250547,-3.0311572784994496,"{""0"": 937, ""1"": 746, ""2"": 773, ""3"": 802, ""4"": 832, ""5"": 809}",connected
4999,56,4999,0.9208491666666667,0.008638103291159495,-3.0311572784994496,"{""0"": 960, ""1"": 761, ""2"": 796, ""3"": 812, ""4"": 848, ""5"": 822}",connected
5099,58,5099,0.9192658333333333,0.008691420163959265,-2.9886916486229267,"{""0"": 978, ""1"": 774, ""2"": 813, ""3"": 828, ""4"": 869, ""5"": 837}",connected
5199,58,5199,0.9176825,0.008293818495003507,-2.9886916486229267,"{""0"": 999, ""1"": 789, ""2"": 828, ""3"": 842, ""4"": 887, ""5"": 854}",connected
5299,60,5299,0.9160991666666667,0.007618748171953484,-2.9696153916282735,"{""0"": 1015, ""1"": 804, ""2"": 850, ""3"": 864, ""4"": 896, ""5"": 870}",connected
5399,60,5399,0.9145158333333333,0.007801156013738364,-2.9696153916282735,"{""0"": 1033, ""1"": 824, ""2"": 864, ""3"": 874, ""4"": 912, ""5"": 892}",connected
5499,62,5499,0.9129325,0.009728303077863529,-2.948510014806919,"{""0"": 1052, ""1"": 842, ""2"": 880, ""3"": 884, ""4"": 934, ""5"": 907}",connected
5599,62,5599,0.9113491666666667,0.009643376116873697,-2.948510014806919,"{""0"": 1065, ""1"": 862, ""2"": 891, ""3"": 904, ""4"": 948, ""5"": 929}",connected
5699,64,5699,0.9097658333333334,0.010461501629906706,-2.9445361937632697,"{""0"": 1087, ""1"": 871, ""2"": 905, ""3"": 918, ""4"": 973, ""5"": 945}",connected
5799,66,5799,0.9081825,0.008908327514654956,-2.902152293391709,"{""0"": 1104, ""1"": 889, ""2"": 919, ""3"": 934, ""4"": 986, ""5"": 967}",connected
5899,66,5899,0.9065991666666666,0.007430526161333546,-2.902152293391709,"{""0"": 1118, ""1"": 910, ""2"": 936, ""3"": 950, ""4"": 1004, ""5"": 981}",connected
5999,68,5999,0.9050158333333334,0.0071959177544340495,-2.951657736196306,"{""0"": 1140, ""1"": 922, ""2"": 954, ""3"": 962, ""4"": 1027, ""5"": 994}",connected
6099,68,6099,0.9034325,0.006844835340743884,-2.951657736196306,"{""0"": 1151, ""1"": 947, ""2"": 963, ""3"": 982, ""4"": 1042, ""5"": 1014}",connected
6199,70,6199,0.9018491666666667,0.008158508855849504,-2.9528410923484314,"{""0"": 1169, ""1"": 966, ""2"": 979, ""3"": 998, ""4"": 1057, ""5"": 1030}",connected
6299,70,6299,0.9002658333333333,0.0077641228522406895,-2.9528410923484314,"{""0"": 1185, ""1"": 979, ""2"": 998, ""3"": 1014, ""4"": 1071, ""5"": 1052}",connected
6399,72,6399,0.8986825,0.008777240573544986,-2.937885618964275,"{""0"": 1208, ""1"": 997, ""2"": 1010, ""3"": 1032, ""4"": 1082, ""5"": 1070}",connected
6499,72,6499,0.8970991666666667,0.00841037259728182,-2.937885618964275,"{""0"": 1221, ""1"": 1018, ""2"": 1021, ""3"": 1049, ""4"": 1104, ""5"": 1086}",connected
6599,74,6599,0.8955158333333333,0.00925007340090815,-2.9117236625846803,"{""0"": 1244, ""1"": 1030, ""2"": 1033, ""3"": 1064, ""4"": 1127, ""5"": 1101}",connected
6699,76,6699,0.8939325,0.009916088748141191,-3.0815894054386788,"{""0"": 1266, ""1"": 1050, ""2"": 1047, ""3"": 1077, ""4"": 1147, ""5"": 1112}",connected
6799,76,6799,0.8923491666666666,0.009258221624186262,-3.0815894054386788,"{""0"": 1282, ""1"": 1069, ""2"": 1063, ""3"": 1097, ""4"": 1167, ""5"": 1121}",connected
6899,78,6899,0.8907658333333334,0.008979594801785425,-3.046724020498984,"{""0"": 1300, ""1"": 1088, ""2"": 1082, ""3"": 1111, ""4"": 1184, ""5"": 1134}",connected
6999,78,6999,0.8891825,0.006660444285371341,-3.046724020498984,"{""0"": 1313, ""1"": 1109, ""2"": 1100, ""3"": 1129, ""4"": 1206, ""5"": 1142}",connected
7099,80,7099,0.8875991666666667,0.005616112888674252,-3.0272670379796183,"{""0"": 1323, ""1"": 1128, ""2"": 1121, ""3"": 1144, ""4"": 1225, ""5"": 1158}",connected
7199,80,7199,0.8860158333333333,0.0058037258498370645,-3.0272670379796183,"{""0"": 1345, ""1"": 1146, ""2"": 1133, ""3"": 1158, ""4"": 1245, ""5"": 1172}",connected
7299,82,7299,0.8844325,0.005804335516295396,-2.942380334235012,"{""0"": 1359, ""1"": 1165, ""2"": 1144, ""3"": 1171, ""4"": 1267, ""5"": 1193}",connected
7399,82,7399,0.8828491666666667,0.008097434133524074,-2.942380334235012,"{""0"": 1379, ""1"": 1184, ""2"": 1158, ""3"": 1188, ""4"": 1281, ""5"": 1209}",connected
7499,84,7499,0.8812658333333333,0.008512477286276408,-2.941088178141009,"{""0"": 1392, ""1"": 1197, ""2"": 1172, ""3"": 1207, ""4"": 1303, ""5"": 1228}",connected
7599,86,7599,0.8796825,0.008463971489691175,-2.9071406041188057,"{""0"": 1412, ""1"": 1215, ""2"": 1182, ""3"": 1220, ""4"": 1326, ""5"": 1244}",connected
7699,86,7699,0.8780991666666667,0.008272563180071302,-2.9071406041188057,"{""0"": 1432, ""1"": 1235, ""2"": 1195, ""3"": 1233, ""4"": 1344, ""5"": 1260}",connected
7799,88,7799,0.8765158333333334,0.0064127467665821315,-2.906054159691187,"{""0"": 1447, ""1"": 1250, ""2"": 1212, ""3"": 1248, ""4"": 1363, ""5"": 1279}",connected
7899,88,7899,0.8749325,0.0065188322711037475,-2.906054159691187,"{""0"": 1462, ""1"": 1267, ""2"": 1228, ""3"": 1269, ""4"": 1386, ""5"": 1287}",connected
7999,90,7999,0.8733491666666666,0.005967694098944776,-2.8802695795906605,"{""0"": 1478, ""1"": 1286, ""2"": 1243, ""3"": 1283, ""4"": 1405, ""5"": 1304}",connected
8099,90,8099,0.8717658333333334,0.00732429426687304,-2.8802695795906605,"{""0"": 1499, ""1"": 1296, ""2"": 1255, ""3"": 1301, ""4"": 1426, ""5"": 1322}",connected
8199,92,8199,0.8701825000000001,0.008014463964500465,-2.832549132200454,"{""0"": 1512, ""1"": 1306, ""2"": 1277, ""3"": 1316, ""4"": 1450, ""5"": 1338}",connected
8299,92,8299,0.8685991666666667,0.007533141379826702,-2.832549132200454,"{""0"": 1523, ""1"": 1323, ""2"": 1292, ""3"": 1337, ""4"": 1468, ""5"": 1356}",connected
8399,94,8399,0.8670158333333333,0.007457377354730852,-2.813417346530069,"{""0"": 1546, ""1"": 1339, ""2"": 1313, ""3"": 1353, ""4"": 1479, ""5"": 1369}",connected
8499,96,8499,0.8654325,0.006342219705111347,-2.794210875742768,"{""0"": 1565, ""1"": 1353, ""2"": 1327, ""3"": 1368, ""4"": 1494, ""5"": 1392}",connected
8599,98,8599,0.8638491666666667,0.00595739787677303,-2.674608483151485,"{""0"": 1579, ""1"": 1371, ""2"": 1346, ""3"": 1385, ""4"": 1510, ""5"": 1408}",connected
8699,98,8699,0.8622658333333333,0.007218827975448221,-2.674608483151485,"{""0"": 1594, ""1"": 1380, ""2"": 1365, ""3"": 1405, ""4"": 1537, ""5"": 1418}",connected
8799,100,8799,0.8606825,0.007632392240921036,-2.700075333925197,"{""0"": 1609, ""1"": 1397, ""2"": 1375, ""3"": 1425, ""4"": 1558, ""5"": 1435}",connected
8899,100,8899,0.8590991666666666,0.0074153323902282865,-2.700075333925197,"{""0"": 1627, ""1"": 1416, ""2"": 1389, ""3"": 1442, ""4"": 1579, ""5"": 1446}",connected
8999,102,8999,0.8575158333333334,0.008539308636682109,-2.636923591081286,"{""0"": 1645, ""1"": 1431, ""2"": 1401, ""3"": 1459, ""4"": 1594, ""5"": 1469}",connected
9099,104,9099,0.8559325,0.00871365642407909,-2.6623372135974934,"{""0"": 1661, ""1"": 1449, ""2"": 1419, ""3"": 1473, ""4"": 1612, ""5"": 1485}",connected
9199,104,9199,0.8543491666666667,0.009909586233552545,-2.6623372135974934,"{""0"": 1680, ""1"": 1468, ""2"": 1436, ""3"": 1487, ""4"": 1624, ""5"": 1504}",connected
9299,106,9299,0.8527658333333333,0.010954377801390365,-2.6345882403908765,"{""0"": 1708, ""1"": 1480, ""2"": 1454, ""3"": 1508, ""4"": 1636, ""5"": 1513}",connected
9399,108,9399,0.8511825,0.01008549973834306,-2.4954871631145945,"{""0"": 1725, ""1"": 1503, ""2"": 1467, ""3"": 1520, ""4"": 1652, ""5"": 1532}",connected
9499,110,9499,0.8495991666666667,0.009023516625165939,-2.4898255311197137,"{""0"": 1742, ""1"": 1516, ""2"": 1483, ""3"": 1542, ""4"": 1669, ""5"": 1547}",connected
9599,110,9599,0.8480158333333333,0.009546961366431787,-2.4898255311197137,"{""0"": 1757, ""1"": 1527, ""2"": 1498, ""3"": 1559, ""4"": 1689, ""5"": 1569}",connected
9699,112,9699,0.8464325,0.008929168554022909,-2.368464466963196,"{""0"": 1772, ""1"": 1543, ""2"": 1518, ""3"": 1575, ""4"": 1707, ""5"": 1584}",connected
9799,114,9799,0.8448491666666667,0.008737745056860148,-2.4817791688547004,"{""0"": 1784, ""1"": 1564, ""2"": 1531, ""3"": 1590, ""4"": 1723, ""5"": 1607}",connected
9899,114,9899,0.8432658333333334,0.00895192107767798,-2.4817791688547004,"{""0"": 1795, ""1"": 1583, ""2"": 1548, ""3"": 1608, ""4"": 1736, ""5"": 1629}",connected
9999,116,9999,0.8416825,0.0086553044593893,-2.460044903118396,"{""0"": 1811, ""1"": 1598, ""2"": 1560, ""3"": 1620, ""4"": 1761, ""5"": 1649}",connected
10099,116,10099,0.8400991666666666,0.00921971664763987,-2.460044903118396,"{""0"": 1828, ""1"": 1614, ""2"": 1578, ""3"": 1645, ""4"": 1771, ""5"": 1663}",connected
10199,118,10199,0.8385158333333333,0.009796603705035522,-2.4277647239540237,"{""0"": 1841, ""1"": 1635, ""2"": 1592, ""3"": 1664, ""4"": 1788, ""5"": 1679}",connected
10299,118,10299,0.8369325000000001,0.009916394317988306,-2.4277647239540237,"{""0"": 1861, ""1"": 1662, ""2"": 1603, ""3"": 1677, ""4"": 1802, ""5"": 1694}",connected
10399,120,10399,0.8353491666666667,0.009818460756214335,-2.4431865248049145,"{""0"": 1873, ""1"": 1674, ""2"": 1616, ""3"": 1692, ""4"": 1822, ""5"": 1722}",connected
10499,120,10499,0.8337658333333333,0.009267174922861159,-2.4431865248049145,"{""0"": 1884, ""1"": 1689, ""2"": 1635, ""3"": 1714, ""4"": 1839, ""5"": 1738}",connected
10599,122,10599,0.8321825,0.009764634183375165,-2.3941108424321285,"{""0"": 1899, ""1"": 1714, ""2"": 1645, ""3"": 1725, ""4"": 1866, ""5"": 1750}",connected
10699,124,10699,0.8305991666666667,0.010161596004618332,-2.424488954489352,"{""0"": 1917, ""1"": 1735, ""2"": 1664, ""3"": 1741, ""4"": 1876, ""5"": 1766}",connected
10799,124,10799,0.8290158333333333,0.009293489477131515,-2.424488954489352,"{""0"": 1935, ""1"": 1754, ""2"": 1676, ""3"": 1758, ""4"": 1892, ""5"": 1784}",connected
10899,126,10899,0.8274325,0.009546493982779793,-2.425138989031548,"{""0"": 1950, ""1"": 1768, ""2"": 1688, ""3"": 1780, ""4"": 1911, ""5"": 1802}",connected
10999,126,10999,0.8258491666666667,0.009223724024486728,-2.425138989031548,"{""0"": 1967, ""1"": 1788, ""2"": 1700, ""3"": 1799, ""4"": 1929, ""5"": 1816}",connected
11099,128,11099,0.8242658333333334,0.008808693257742561,-2.4375566844188143,"{""0"": 1982, ""1"": 1812, ""2"": 1712, ""3"": 1811, ""4"": 1944, ""5"": 1838}",connected
11199,128,11199,0.8226825,0.008235617990721948,-2.4375566844188143,"{""0"": 1997, ""1"": 1829, ""2"": 1725, ""3"": 1831, ""4"": 1965, ""5"": 1852}",connected
11299,130,11299,0.8210991666666667,0.008033183615189045,-2.4468799654312896,"{""0"": 2020, ""1"": 1846, ""2"": 1741, ""3"": 1842, ""4"": 1978, ""5"": 1872}",connected
11399,130,11399,0.8195158333333333,0.00650884980452247,-2.4468799654312896,"{""0"": 2039, ""1"": 1858, ""2"": 1763, ""3"": 1859, ""4"": 1994, ""5"": 1886}",connected
11499,132,11499,0.8179325000000001,0.005791574262548238,-2.462224530266831,"{""0"": 2058, ""1"": 1879, ""2"": 1772, ""3"": 1872, ""4"": 2011, ""5"": 1907}",connected
11599,134,11599,0.8163491666666667,0.006175511399051175,-2.3476550769910682,"{""0"": 2073, ""1"": 1889, ""2"": 1794, ""3"": 1894, ""4"": 2022, ""5"": 1927}",connected
11699,134,11699,0.8147658333333333,0.006135418332996778,-2.3476550769910682,"{""0"": 2087, ""1"": 1905, ""2"": 1805, ""3"": 1911, ""4"": 2045, ""5"": 1946}",connected
11799,136,11799,0.8131825,0.007688694991520606,-2.3157650299661325,"{""0"": 2107, ""1"": 1921, ""2"": 1817, ""3"": 1922, ""4"": 2067, ""5"": 1965}",connected
11899,136,11899,0.8115991666666666,0.008376746015856043,-2.3157650299661325,"{""0"": 2121, ""1"": 1940, ""2"": 1827, ""3"": 1942, ""4"": 2082, ""5"": 1987}",connected
11999,138,11999,0.8100158333333334,0.00811790203792043,-2.3971622434549498,"{""0"": 2134, ""1"": 1967, ""2"": 1842, ""3"": 1956, ""4"": 2096, ""5"": 2004}",connected
12099,138,12099,0.8084325,0.007826991271576845,-2.3971622434549498,"{""0"": 2148, ""1"": 1989, ""2"": 1854, ""3"": 1977, ""4"": 2115, ""5"": 2016}",connected
12199,140,12199,0.8068491666666666,0.007895122318877838,-2.371385059702443,"{""0"": 2179, ""1"": 1999, ""2"": 1866, ""3"": 1991, ""4"": 2131, ""5"": 2033}",connected
12299,140,12299,0.8052658333333333,0.007736200402723626,-2.371385059702443,"{""0"": 2201, ""1"": 2020, ""2"": 1881, ""3"": 2001, ""4"": 2142, ""5"": 2054}",connected
12399,142,12399,0.8036825000000001,0.008746384435798973,-2.4746789755509235,"{""0"": 2221, ""1"": 2042, ""2"": 1891, ""3"": 2017, ""4"": 2161, ""5"": 2067}",connected
12499,144,12499,0.8020991666666667,0.00913102580816485,-2.420525916328188,"{""0"": 2236, ""1"": 2058, ""2"": 1904, ""3"": 2036, ""4"": 2173, ""5"": 2092}",connected
12599,144,12599,0.8005158333333333,0.009044308500597254,-2.420525916328188,"{""0"": 2249, ""1"": 2072, ""2"": 1916, ""3"": 2052, ""4"": 2191, ""5"": 2119}",connected
12699,146,12699,0.7989325,0.008553426641738042,-2.501491942591965,"{""0"": 2270, ""1"": 2090, ""2"": 1939, ""3"": 2062, ""4"": 2204, ""5"": 2134}",connected
12799,146,12799,0.7973491666666667,0.007510603910777718,-2.501491942591965,"{""0"": 2292, ""1"": 2107, ""2"": 1956, ""3"": 2075, ""4"": 2217, ""5"": 2152}",connected
12899,148,12899,0.7957658333333333,0.007480900916270912,-2.5429145481903106,"{""0"": 2319, ""1"": 2122, ""2"": 1965, ""3"": 2088, ""4"": 2238, ""5"": 2167}",connected
12999,148,12999,0.7941825,0.0077497807238250975,-2.5429145481903106,"{""0"": 2338, ""1"": 2132, ""2"": 1981, ""3"": 2109, ""4"": 2257, ""5"": 2182}",connected
13099,150,13099,0.7925991666666667,0.009813375724479555,-2.5154563424410297,"{""0"": 2358, ""1"": 2142, ""2"": 1998, ""3"": 2133, ""4"": 2273, ""5"": 2195}",connected
13199,152,13199,0.7910158333333334,0.010282773965736852,-2.3710151393106207,"{""0"": 2376, ""1"": 2155, ""2"": 2013, ""3"": 2154, ""4"": 2296, ""5"": 2205}",connected
13299,154,13299,0.7894325,0.011071434173500165,-2.29357977130916,"{""0"": 2392, ""1"": 2169, ""2"": 2032, ""3"": 2169, ""4"": 2315, ""5"": 2222}",connected
13399,154,13399,0.7878491666666667,0.01094816104392521,-2.29357977130916,"{""0"": 2406, ""1"": 2186, ""2"": 2049, ""3"": 2198, ""4"": 2329, ""5"": 2231}",connected
13499,156,13499,0.7862658333333333,0.00965499835088849,-2.2894285403611137,"{""0"": 2432, ""1"": 2203, ""2"": 2068, ""3"": 2211, ""4"": 2342, ""5"": 2243}",connected
13599,156,13599,0.7846825000000001,0.010229407761944458,-2.2894285403611137,"{""0"": 2451, ""1"": 2220, ""2"": 2083, ""3"": 2226, ""4"": 2356, ""5"": 2263}",connected
13699,158,13699,0.7830991666666667,0.01063494483823888,-2.289345091953874,"{""0"": 2469, ""1"": 2240, ""2"": 2095, ""3"": 2245, ""4"": 2372, ""5"": 2278}",connected
13799,158,13799,0.7815158333333333,0.010447168486425653,-2.289345091953874,"{""0"": 2481, ""1"": 2262, ""2"": 2111, ""3"": 2261, ""4"": 2389, ""5"": 2295}",connected
13899,160,13899,0.7799325,0.01040145384031348,-2.2903596102120356,"{""0"": 2500, ""1"": 2276, ""2"": 2123, ""3"": 2277, ""4"": 2406, ""5"": 2317}",connected
13999,162,13999,0.7783491666666666,0.009441524385474622,-2.282690608468838,"{""0"": 2524, ""1"": 2292, ""2"": 2143, ""3"": 2290, ""4"": 2417, ""5"": 2333}",connected
14099,162,14099,0.7767658333333334,0.009120567246573046,-2.282690608468838,"{""0"": 2540, ""1"": 2307, ""2"": 2163, ""3"": 2309, ""4"": 2434, ""5"": 2346}",connected
14199,164,14199,0.7751825,0.008375001261010767,-2.2953874557698146,"{""0"": 2557, ""1"": 2323, ""2"": 2180, ""3"": 2325, ""4"": 2450, ""5"": 2364}",connected
14299,164,14299,0.7735991666666666,0.009035905023338273,-2.2953874557698146,"{""0"": 2575, ""1"": 2334, ""2"": 2189, ""3"": 2348, ""4"": 2470, ""5"": 2383}",connected
14399,166,14399,0.7720158333333333,0.008985118712298573,-2.3042734714969995,"{""0"": 2593, ""1"": 2342, ""2"": 2208, ""3"": 2371, ""4"": 2487, ""5"": 2398}",connected
14499,166,14499,0.7704325000000001,0.008494648477062583,-2.3042734714969995,"{""0"": 2602, ""1"": 2357, ""2"": 2225, ""3"": 2389, ""4"": 2506, ""5"": 2420}",connected
14599,168,14599,0.7688491666666667,0.009124195256736129,-2.228438003123738,"{""0"": 2613, ""1"": 2372, ""2"": 2241, ""3"": 2414, ""4"": 2517, ""5"": 2442}",connected
14699,168,14699,0.7672658333333333,0.009332686107372866,-2.228438003123738,"{""0"": 2625, ""1"": 2383, ""2"": 2253, ""3"": 2450, ""4"": 2533, ""5"": 2455}",connected
14799,170,14799,0.7656825,0.00908899619593285,-2.2098466124851255,"{""0"": 2638, ""1"": 2399, ""2"": 2269, ""3"": 2469, ""4"": 2551, ""5"": 2473}",connected
14899,172,14899,0.7640991666666667,0.008805005146423356,-2.199311787225306,"{""0"": 2652, ""1"": 2418, ""2"": 2287, ""3"": 2487, ""4"": 2563, ""5"": 2492}",connected
14999,172,14999,0.7625158333333333,0.0094514349126257,-2.199311787225306,"{""0"": 2665, ""1"": 2434, ""2"": 2299, ""3"": 2509, ""4"": 2575, ""5"": 2517}",connected
15099,174,15099,0.7609325,0.008611446074210107,-2.249387745806016,"{""0"": 2681, ""1"": 2445, ""2"": 2315, ""3"": 2523, ""4"": 2588, ""5"": 2547}",connected
15199,174,15199,0.7593491666666666,0.008831842083018272,-2.249387745806016,"{""0"": 2694, ""1"": 2458, ""2"": 2332, ""3"": 2542, ""4"": 2604, ""5"": 2569}",connected
15299,176,15299,0.7577658333333334,0.008897178221959621,-2.0985220333002506,"{""0"": 2706, ""1"": 2468, ""2"": 2350, ""3"": 2556, ""4"": 2623, ""5"": 2596}",connected
15399,176,15399,0.7561825,0.00863248182926327,-2.0985220333002506,"{""0"": 2724, ""1"": 2481, ""2"": 2367, ""3"": 2575, ""4"": 2642, ""5"": 2610}",connected
15499,178,15499,0.7545991666666667,0.008619098584167659,-2.097328890445642,"{""0"": 2742, ""1"": 2495, ""2"": 2377, ""3"": 2592, ""4"": 2662, ""5"": 2631}",connected
15599,178,15599,0.7530158333333333,0.009728886968223377,-2.097328890445642,"{""0"": 2756, ""1"": 2516, ""2"": 2392, ""3"": 2614, ""4"": 2677, ""5"": 2644}",connected
15699,180,15699,0.7514325000000001,0.009065413272473961,-2.0898344243504106,"{""0"": 2779, ""1"": 2526, ""2"": 2406, ""3"": 2628, ""4"": 2698, ""5"": 2662}",connected
15799,182,15799,0.7498491666666667,0.008450779998674988,-2.1385461110528556,"{""0"": 2795, ""1"": 2540, ""2"": 2417, ""3"": 2648, ""4"": 2722, ""5"": 2677}",connected
15899,182,15899,0.7482658333333334,0.008845044380286708,-2.1385461110528556,"{""0"": 2810, ""1"": 2556, ""2"": 2441, ""3"": 2669, ""4"": 2731, ""5"": 2692}",connected
15999,184,15999,0.7466825,0.008691854026401415,-2.092131825515535,"{""0"": 2823, ""1"": 2569, ""2"": 2459, ""3"": 2684, ""4"": 2752, ""5"": 2712}",connected
16099,184,16099,0.7450991666666666,0.009173462729668245,-2.092131825515535,"{""0"": 2842, ""1"": 2587, ""2"": 2477, ""3"": 2697, ""4"": 2765, ""5"": 2731}",connected
16199,186,16199,0.7435158333333334,0.009260333114070818,-2.0953041292657146,"{""0"": 2859, ""1"": 2598, ""2"": 2494, ""3"": 2715, ""4"": 2783, ""5"": 2750}",connected
16299,186,16299,0.7419325,0.00832790506305173,-2.0953041292657146,"{""0"": 2872, ""1"": 2608, ""2"": 2515, ""3"": 2737, ""4"": 2802, ""5"": 2765}",connected
16399,188,16399,0.7403491666666666,0.008173898293171078,-2.0745117416023278,"{""0"": 2896, ""1"": 2618, ""2"": 2528, ""3"": 2759, ""4"": 2821, ""5"": 2777}",connected
16499,188,16499,0.7387658333333333,0.008849160076351836,-2.0745117416023278,"{""0"": 2911, ""1"": 2628, ""2"": 2547, ""3"": 2773, ""4"": 2840, ""5"": 2800}",connected
16599,190,16599,0.7371825000000001,0.00903991034720093,-2.0737005476956254,"{""0"": 2931, ""1"": 2638, ""2"": 2568, ""3"": 2795, ""4"": 2856, ""5"": 2811}",connected
16699,192,16699,0.7355991666666667,0.010100583935854956,-2.097049857962411,"{""0"": 2948, ""1"": 2650, ""2"": 2583, ""3"": 2815, ""4"": 2877, ""5"": 2826}",connected
16799,192,16799,0.7340158333333333,0.009727719944203272,-2.097049857962411,"{""0"": 2959, ""1"": 2661, ""2"": 2601, ""3"": 2835, ""4"": 2898, ""5"": 2845}",connected
16899,194,16899,0.7324325,0.009294888325966895,-2.0946562529099175,"{""0"": 2979, ""1"": 2681, ""2"": 2624, ""3"": 2848, ""4"": 2913, ""5"": 2854}",connected
16999,194,16999,0.7308491666666667,0.009533649594523012,-2.0946562529099175,"{""0"": 3001, ""1"": 2695, ""2"": 2644, ""3"": 2861, ""4"": 2928, ""5"": 2870}",connected
17099,196,17099,0.7292658333333334,0.00908005193225108,-2.102825387620833,"{""0"": 3017, ""1"": 2703, ""2"": 2662, ""3"": 2878, ""4"": 2946, ""5"": 2893}",connected
17199,196,17199,0.7276825,0.009680243184557185,-2.102825387620833,"{""0"": 3037, ""1"": 2717, ""2"": 2681, ""3"": 2888, ""4"": 2968, ""5"": 2908}",connected
17299,198,17299,0.7260991666666667,0.009880379448877647,-2.320074330063071,"{""0"": 3052, ""1"": 2730, ""2"": 2697, ""3"": 2907, ""4"": 2985, ""5"": 2928}",connected
17399,198,17399,0.7245158333333334,0.009237959727179258,-2.320074330063071,"{""0"": 3069, ""1"": 2748, ""2"": 2716, ""3"": 2923, ""4"": 3002, ""5"": 2941}",connected
17499,200,17499,0.7229325,0.009313167291693389,-2.2716958556487223,"{""0"": 3082, ""1"": 2769, ""2"": 2734, ""3"": 2939, ""4"": 3023, ""5"": 2952}",connected
17599,202,17599,0.7213491666666667,0.008347806463716552,-2.3352766691031865,"{""0"": 3091, ""1"": 2778, ""2"": 2754, ""3"": 2956, ""4"": 3042, ""5"": 2978}",connected
17699,202,17699,0.7197658333333334,0.008371700431453064,-2.3352766691031865,"{""0"": 3104, ""1"": 2795, ""2"": 2782, ""3"": 2972, ""4"": 3057, ""5"": 2989}",connected
17799,204,17799,0.7181825,0.008675411170115695,-2.310790640229825,"{""0"": 3129, ""1"": 2805, ""2"": 2799, ""3"": 2985, ""4"": 3078, ""5"": 3003}",connected
17899,204,17899,0.7165991666666667,0.009317487083608285,-2.310790640229825,"{""0"": 3143, ""1"": 2822, ""2"": 2816, ""3"": 3000, ""4"": 3098, ""5"": 3020}",connected
17999,206,17999,0.7150158333333334,0.009838174297474325,-2.316143236688804,"{""0"": 3166, ""1"": 2836, ""2"": 2838, ""3"": 3014, ""4"": 3116, ""5"": 3029}",connected
18099,206,18099,0.7134325,0.0098177879746072,-2.316143236688804,"{""0"": 3178, ""1"": 2850, ""2"": 2856, ""3"": 3033, ""4"": 3134, ""5"": 3048}",connected
18199,208,18199,0.7118491666666666,0.009190052442718297,-2.4098151139426047,"{""0"": 3196, ""1"": 2860, ""2"": 2875, ""3"": 3051, ""4"": 3154, ""5"": 3063}",connected
18299,208,18299,0.7102658333333334,0.009086380829103291,-2.4098151139426047,"{""0"": 3209, ""1"": 2874, ""2"": 2892, ""3"": 3067, ""4"": 3169, ""5"": 3088}",connected
18399,210,18399,0.7086825000000001,0.008468107749940827,-2.501918906320352,"{""0"": 3223, ""1"": 2887, ""2"": 2911, ""3"": 3087, ""4"": 3192, ""5"": 3099}",connected
18499,212,18499,0.7070991666666666,0.008704952892148867,-2.520484446201008,"{""0"": 3239, ""1"": 2904, ""2"": 2926, ""3"": 3103, ""4"": 3206, ""5"": 3121}",connected
18599,212,18599,0.7055158333333333,0.009654680473031476,-2.520484446201008,"{""0"": 3256, ""1"": 2914, ""2"": 2937, ""3"": 3124, ""4"": 3227, ""5"": 3141}",connected
18699,214,18699,0.7039325000000001,0.009728979021310806,-2.4098462269315495,"{""0"": 3270, ""1"": 2932, ""2"": 2956, ""3"": 3135, ""4"": 3250, ""5"": 3156}",connected
18799,214,18799,0.7023491666666666,0.010015506742056458,-2.4098462269315495,"{""0"": 3278, ""1"": 2941, ""2"": 2975, ""3"": 3156, ""4"": 3271, ""5"": 3178}",connected
18899,216,18899,0.7007658333333333,0.010529412948526442,-2.402853235839866,"{""0"": 3309, ""1"": 2950, ""2"": 2990, ""3"": 3170, ""4"": 3297, ""5"": 3183}",connected
18999,216,18999,0.6991825,0.010617336647119373,-2.402853235839866,"{""0"": 3324, ""1"": 2960, ""2"": 3004, ""3"": 3182, ""4"": 3318, ""5"": 3211}",connected
19099,218,19099,0.6975991666666667,0.00989298233180307,-2.4906215758947656,"{""0"": 3346, ""1"": 2970, ""2"": 3031, ""3"": 3191, ""4"": 3331, ""5"": 3230}",connected
19199,218,19199,0.6960158333333333,0.01078401890816167,-2.4906215758947656,"{""0"": 3364, ""1"": 2980, ""2"": 3050, ""3"": 3204, ""4"": 3346, ""5"": 3255}",connected
19299,222,19299,0.6944325,0.010693777222186326,-2.4036342439148575,"{""0"": 3377, ""1"": 3003, ""2"": 3068, ""3"": 3221, ""4"": 3358, ""5"": 3272}",connected
19399,222,19399,0.6928491666666667,0.010074867333751172,-2.4036342439148575,"{""0"": 3396, ""1"": 3020, ""2"": 3088, ""3"": 3233, ""4"": 3371, ""5"": 3291}",connected
19499,224,19499,0.6912658333333334,0.009789098622277378,-2.3765780580136924,"{""0"": 3409, ""1"": 3034, ""2"": 3110, ""3"": 3245, ""4"": 3389, ""5"": 3312}",connected
19599,226,19599,0.6896825,0.009189342688769102,-2.3163360498892143,"{""0"": 3429, ""1"": 3049, ""2"": 3130, ""3"": 3258, ""4"": 3406, ""5"": 3327}",connected
19699,226,19699,0.6880991666666667,0.009384189610136673,-2.3163360498892143,"{""0"": 3449, ""1"": 3057, ""2"": 3142, ""3"": 3281, ""4"": 3417, ""5"": 3353}",connected
19799,228,19799,0.6865158333333333,0.009710834592115134,-2.404560945574194,"{""0"": 3470, ""1"": 3070, ""2"": 3161, ""3"": 3297, ""4"": 3434, ""5"": 3367}",connected
19899,228,19899,0.6849324999999999,0.010224594483152032,-2.404560945574194,"{""0"": 3487, ""1"": 3084, ""2"": 3180, ""3"": 3315, ""4"": 3454, ""5"": 3379}",connected
19999,230,19999,0.6833491666666667,0.009631222293246538,-2.4047806249605492,"{""0"": 3507, ""1"": 3101, ""2"": 3197, ""3"": 3327, ""4"": 3472, ""5"": 3395}",connected
20099,230,20099,0.6817658333333334,0.008917824999662117,-2.4047806249605492,"{""0"": 3517, ""1"": 3112, ""2"": 3218, ""3"": 3347, ""4"": 3497, ""5"": 3408}",connected
20199,232,20199,0.6801825,0.00856463281204924,-2.404606336080469,"{""0"": 3529, ""1"": 3125, ""2"": 3241, ""3"": 3366, ""4"": 3518, ""5"": 3420}",connected
20299,234,20299,0.6785991666666666,0.00800779608078301,-2.396161153288558,"{""0"": 3541, ""1"": 3137, ""2"": 3263, ""3"": 3383, ""4"": 3532, ""5"": 3443}",connected
20399,234,20399,0.6770158333333334,0.0080740290612448,-2.396161153288558,"{""0"": 3556, ""1"": 3155, ""2"": 3285, ""3"": 3402, ""4"": 3552, ""5"": 3449}",connected
20499,236,20499,0.6754325,0.008165521424962208,-2.408416787222959,"{""0"": 3569, ""1"": 3167, ""2"": 3309, ""3"": 3418, ""4"": 3569, ""5"": 3467}",connected
20599,236,20599,0.6738491666666666,0.00789941855124198,-2.408416787222959,"{""0"": 3583, ""1"": 3176, ""2"": 3336, ""3"": 3433, ""4"": 3586, ""5"": 3485}",connected
20699,238,20699,0.6722658333333333,0.007884501989465206,-2.385389197054319,"{""0"": 3595, ""1"": 3184, ""2"": 3354, ""3"": 3452, ""4"": 3604, ""5"": 3510}",connected
20799,238,20799,0.6706825000000001,0.008164895749650895,-2.385389197054319,"{""0"": 3607, ""1"": 3199, ""2"": 3380, ""3"": 3469, ""4"": 3618, ""5"": 3526}",connected
20899,240,20899,0.6690991666666667,0.008180313354823738,-2.364886478167027,"{""0"": 3625, ""1"": 3210, ""2"": 3392, ""3"": 3487, ""4"": 3643, ""5"": 3542}",connected
20999,240,20999,0.6675158333333333,0.008085239169886335,-2.364886478167027,"{""0"": 3645, ""1"": 3220, ""2"": 3408, ""3"": 3506, ""4"": 3656, ""5"": 3564}",connected
21099,242,21099,0.6659325,0.010158403909299523,-2.253952370486222,"{""0"": 3659, ""1"": 3232, ""2"": 3425, ""3"": 3516, ""4"": 3672, ""5"": 3595}",connected
21199,244,21199,0.6643491666666667,0.010098770997719839,-2.3127370995795355,"{""0"": 3676, ""1"": 3250, ""2"": 3438, ""3"": 3536, ""4"": 3683, ""5"": 3616}",connected
21299,244,21299,0.6627658333333334,0.01059535654843785,-2.3127370995795355,"{""0"": 3688, ""1"": 3264, ""2"": 3459, ""3"": 3549, ""4"": 3709, ""5"": 3630}",connected
21399,246,21399,0.6611825,0.011529414209071547,-2.3035090241907166,"{""0"": 3700, ""1"": 3275, ""2"": 3475, ""3"": 3564, ""4"": 3740, ""5"": 3645}",connected
21499,246,21499,0.6595991666666667,0.009726923108100891,-2.3035090241907166,"{""0"": 3722, ""1"": 3287, ""2"": 3497, ""3"": 3581, ""4"": 3753, ""5"": 3659}",connected
21599,248,21599,0.6580158333333334,0.01044346026261337,-2.208157500536181,"{""0"": 3736, ""1"": 3300, ""2"": 3515, ""3"": 3595, ""4"": 3780, ""5"": 3673}",connected
21699,248,21699,0.6564325,0.010242478399304674,-2.208157500536181,"{""0"": 3748, ""1"": 3315, ""2"": 3530, ""3"": 3615, ""4"": 3801, ""5"": 3690}",connected
21799,250,21799,0.6548491666666667,0.009621480723144487,-2.206669731764123,"{""0"": 3765, ""1"": 3320, ""2"": 3551, ""3"": 3631, ""4"": 3822, ""5"": 3710}",connected
21899,250,21899,0.6532658333333334,0.010484824831364677,-2.206669731764123,"{""0"": 3783, ""1"": 3337, ""2"": 3575, ""3"": 3644, ""4"": 3837, ""5"": 3723}",connected
21999,252,21999,0.6516825,0.010487455483525992,-2.198986767907627,"{""0"": 3795, ""1"": 3348, ""2"": 3597, ""3"": 3668, ""4"": 3853, ""5"": 3738}",connected
22099,254,22099,0.6500991666666667,0.010212237304076553,-2.2749687893269583,"{""0"": 3813, ""1"": 3357, ""2"": 3611, ""3"": 3684, ""4"": 3872, ""5"": 3762}",connected
22199,254,22199,0.6485158333333334,0.012357324303593487,-2.2749687893269583,"{""0"": 3828, ""1"": 3368, ""2"": 3633, ""3"": 3696, ""4"": 3892, ""5"": 3782}",connected
22299,256,22299,0.6469325,0.011742673462722451,-2.2685049628140406,"{""0"": 3843, ""1"": 3376, ""2"": 3656, ""3"": 3715, ""4"": 3915, ""5"": 3794}",connected
22399,256,22399,0.6453491666666666,0.012082381269428878,-2.2685049628140406,"{""0"": 3861, ""1"": 3390, ""2"": 3672, ""3"": 3739, ""4"": 3931, ""5"": 3806}",connected
22499,258,22499,0.6437658333333334,0.011515822783112526,-2.26737962747924,"{""0"": 3875, ""1"": 3407, ""2"": 3697, ""3"": 3747, ""4"": 3946, ""5"": 3827}",connected
22599,258,22599,0.6421825000000001,0.010225424716481938,-2.26737962747924,"{""0"": 3892, ""1"": 3425, ""2"": 3708, ""3"": 3759, ""4"": 3963, ""5"": 3852}",connected
22699,260,22699,0.6405991666666666,0.010338722692104056,-2.3764519933983683,"{""0"": 3908, ""1"": 3435, ""2"": 3718, ""3"": 3790, ""4"": 3983, ""5"": 3865}",connected
22799,262,22799,0.6390158333333333,0.010370443420251832,-2.2769589950470253,"{""0"": 3914, ""1"": 3447, ""2"": 3733, ""3"": 3809, ""4"": 4013, ""5"": 3883}",connected
22899,263,22899,0.6374325000000001,0.011809543709969148,-2.2380383247090503,"{""0"": 3925, ""1"": 3464, ""2"": 3748, ""3"": 3817, ""4"": 4037, ""5"": 3908}",connected
22999,264,22999,0.6358491666666666,0.011462232475169002,-2.2434156810399144,"{""0"": 3942, ""1"": 3480, ""2"": 3770, ""3"": 3831, ""4"": 4056, ""5"": 3920}",connected
23099,266,23099,0.6342658333333333,0.01176057687960565,-2.241062921592966,"{""0"": 3964, ""1"": 3496, ""2"": 3784, ""3"": 3848, ""4"": 4077, ""5"": 3930}",connected
23199,266,23199,0.6326825,0.011617875942029059,-2.241062921592966,"{""0"": 3978, ""1"": 3505, ""2"": 3804, ""3"": 3863, ""4"": 4096, ""5"": 3953}",connected
23299,268,23299,0.6310991666666668,0.011351030264049768,-2.259636847660877,"{""0"": 3997, ""1"": 3515, ""2"": 3819, ""3"": 3874, ""4"": 4126, ""5"": 3968}",connected
23399,268,23399,0.6295158333333333,0.010887089717434718,-2.259636847660877,"{""0"": 4002, ""1"": 3528, ""2"": 3842, ""3"": 3896, ""4"": 4149, ""5"": 3982}",connected
23499,270,23499,0.6279325,0.010206721844151617,-2.247777784620412,"{""0"": 4020, ""1"": 3540, ""2"": 3868, ""3"": 3910, ""4"": 4163, ""5"": 3998}",connected
23599,270,23599,0.6263491666666667,0.009957002927549183,-2.247777784620412,"{""0"": 4035, ""1"": 3547, ""2"": 3905, ""3"": 3925, ""4"": 4176, ""5"": 4011}",connected
23699,272,23699,0.6247658333333334,0.009841454261913896,-2.2432291559921578,"{""0"": 4052, ""1"": 3557, ""2"": 3919, ""3"": 3948, ""4"": 4199, ""5"": 4024}",connected
23799,273,23799,0.6231825,0.010594986510695889,-2.1850212797010315,"{""0"": 4071, ""1"": 3567, ""2"": 3948, ""3"": 3961, ""4"": 4212, ""5"": 4040}",connected
23899,274,23899,0.6215991666666667,0.011352515385951847,-2.1887970808474346,"{""0"": 4089, ""1"": 3581, ""2"": 3966, ""3"": 3977, ""4"": 4233, ""5"": 4053}",connected
23999,276,23999,0.6200158333333333,0.012338979432825,-2.1941493871062994,"{""0"": 4104, ""1"": 3606, ""2"": 3978, ""3"": 3994, ""4"": 4249, ""5"": 4068}",connected
24099,276,24099,0.6184324999999999,0.012039370036218315,-2.1941493871062994,"{""0"": 4119, ""1"": 3620, ""2"": 4003, ""3"": 4005, ""4"": 4260, ""5"": 4092}",connected
24199,278,24199,0.6168491666666667,0.012224678101483732,-2.1950619008764622,"{""0"": 4135, ""1"": 3637, ""2"": 4014, ""3"": 4023, ""4"": 4282, ""5"": 4108}",connected
24299,280,24299,0.6152658333333334,0.01229712191503495,-2.10098413113039,"{""0"": 4152, ""1"": 3655, ""2"": 4031, ""3"": 4040, ""4"": 4297, ""5"": 4124}",connected
24399,280,24399,0.6136825,0.01104648164473474,-2.10098413113039,"{""0"": 4170, ""1"": 3674, ""2"": 4047, ""3"": 4058, ""4"": 4314, ""5"": 4136}",connected
24499,282,24499,0.6120991666666666,0.010706650107167662,-2.0954289684910328,"{""0"": 4183, ""1"": 3692, ""2"": 4071, ""3"": 4075, ""4"": 4331, ""5"": 4147}",connected
24599,282,24599,0.6105158333333334,0.010984315515961497,-2.0954289684910328,"{""0"": 4196, ""1"": 3704, ""2"": 4085, ""3"": 4112, ""4"": 4345, ""5"": 4157}",connected
24699,284,24699,0.6089325,0.011191764861578121,-2.1192995837447235,"{""0"": 4211, ""1"": 3724, ""2"": 4106, ""3"": 4126, ""4"": 4359, ""5"": 4173}",connected
24799,286,24799,0.6073491666666666,0.011023747808067128,-2.1228473555273375,"{""0"": 4236, ""1"": 3737, ""2"": 4132, ""3"": 4140, ""4"": 4369, ""5"": 4185}",connected
24899,286,24899,0.6057658333333333,0.010725356246111914,-2.1228473555273375,"{""0"": 4250, ""1"": 3753, ""2"": 4149, ""3"": 4159, ""4"": 4391, ""5"": 4197}",connected
24999,288,24999,0.6041825000000001,0.010238590947119519,-2.116993779160548,"{""0"": 4268, ""1"": 3767, ""2"": 4162, ""3"": 4184, ""4"": 4415, ""5"": 4203}",connected
25099,288,25099,0.6025991666666667,0.01031622531474568,-2.116993779160548,"{""0"": 4283, ""1"": 3787, ""2"": 4188, ""3"": 4198, ""4"": 4429, ""5"": 4214}",connected
25199,290,25199,0.6010158333333333,0.01021625690977089,-2.1237255407334303,"{""0"": 4302, ""1"": 3797, ""2"": 4212, ""3"": 4215, ""4"": 4450, ""5"": 4223}",connected
25299,290,25299,0.5994325,0.010186921209096908,-2.1237255407334303,"{""0"": 4324, ""1"": 3809, ""2"": 4221, ""3"": 4239, ""4"": 4468, ""5"": 4238}",connected
25399,292,25399,0.5978491666666667,0.009799356868024916,-2.126381117806304,"{""0"": 4344, ""1"": 3826, ""2"": 4236, ""3"": 4258, ""4"": 4483, ""5"": 4252}",connected
25499,292,25499,0.5962658333333334,0.009058461798122152,-2.126381117806304,"{""0"": 4362, ""1"": 3839, ""2"": 4252, ""3"": 4271, ""4"": 4513, ""5"": 4262}",connected
25599,294,25599,0.5946825,0.009417204411001877,-2.129587778917048,"{""0"": 4400, ""1"": 3845, ""2"": 4269, ""3"": 4283, ""4"": 4531, ""5"": 4271}",connected
25699,296,25699,0.5930991666666667,0.00955718918936327,-2.1188355129607954,"{""0"": 4422, ""1"": 3855, ""2"": 4286, ""3"": 4308, ""4"": 4543, ""5"": 4285}",connected
25799,296,25799,0.5915158333333334,0.009454869297333062,-2.1188355129607954,"{""0"": 4432, ""1"": 3871, ""2"": 4303, ""3"": 4326, ""4"": 4567, ""5"": 4300}",connected
25899,298,25899,0.5899325,0.009284374571871012,-2.000064447543118,"{""0"": 4458, ""1"": 3884, ""2"": 4320, ""3"": 4335, ""4"": 4589, ""5"": 4313}",connected
25999,298,25999,0.5883491666666667,0.009565161783248186,-2.000064447543118,"{""0"": 4480, ""1"": 3896, ""2"": 4330, ""3"": 4350, ""4"": 4607, ""5"": 4336}",connected
26099,300,26099,0.5867658333333334,0.009927290265914053,-2.005311955625657,"{""0"": 4510, ""1"": 3914, ""2"": 4337, ""3"": 4363, ""4"": 4620, ""5"": 4355}",connected
26199,300,26199,0.5851825,0.010890985580626875,-2.005311955625657,"{""0"": 4525, ""1"": 3926, ""2"": 4355, ""3"": 4383, ""4"": 4635, ""5"": 4375}",connected
26299,302,26299,0.5835991666666667,0.01063485122518614,-1.9268407752807253,"{""0"": 4541, ""1"": 3932, ""2"": 4379, ""3"": 4405, ""4"": 4659, ""5"": 4383}",connected
26399,302,26399,0.5820158333333334,0.0108868053345941,-1.9268407752807253,"{""0"": 4559, ""1"": 3942, ""2"": 4391, ""3"": 4433, ""4"": 4680, ""5"": 4394}",connected
26499,304,26499,0.5804325,0.01113465424743481,-1.9300834241113625,"{""0"": 4571, ""1"": 3956, ""2"": 4411, ""3"": 4452, ""4"": 4705, ""5"": 4404}",connected
26599,306,26599,0.5788491666666666,0.01010861165006645,-1.9236376267788,"{""0"": 4588, ""1"": 3970, ""2"": 4425, ""3"": 4467, ""4"": 4723, ""5"": 4426}",connected
26699,306,26699,0.5772658333333334,0.010070433522341772,-1.9236376267788,"{""0"": 4597, ""1"": 3992, ""2"": 4441, ""3"": 4491, ""4"": 4741, ""5"": 4437}",connected
26799,308,26799,0.5756825000000001,0.010182415145682171,-1.9195401791785844,"{""0"": 4613, ""1"": 4006, ""2"": 4460, ""3"": 4510, ""4"": 4763, ""5"": 4447}",connected
26899,308,26899,0.5740991666666667,0.009875549338757991,-1.9195401791785844,"{""0"": 4631, ""1"": 4019, ""2"": 4476, ""3"": 4530, ""4"": 4784, ""5"": 4459}",connected
26999,310,26999,0.5725158333333333,0.009837900546845049,-1.939997290179599,"{""0"": 4650, ""1"": 4032, ""2"": 4491, ""3"": 4541, ""4"": 4809, ""5"": 4476}",connected
27099,310,27099,0.5709325000000001,0.012252033308614045,-1.939997290179599,"{""0"": 4675, ""1"": 4048, ""2"": 4505, ""3"": 4552, ""4"": 4825, ""5"": 4494}",connected
27199,312,27199,0.5693491666666667,0.012796644787304103,-2.039234149849508,"{""0"": 4691, ""1"": 4061, ""2"": 4522, ""3"": 4563, ""4"": 4838, ""5"": 4524}",connected
27299,312,27299,0.5677658333333333,0.013081460064277052,-2.039234149849508,"{""0"": 4702, ""1"": 4069, ""2"": 4551, ""3"": 4577, ""4"": 4860, ""5"": 4540}",connected
27399,314,27399,0.5661825,0.013425723147811368,-2.023650389807299,"{""0"": 4718, ""1"": 4087, ""2"": 4564, ""3"": 4589, ""4"": 4871, ""5"": 4570}",connected
27499,316,27499,0.5645991666666668,0.011871388960862532,-2.025506379306316,"{""0"": 4728, ""1"": 4104, ""2"": 4586, ""3"": 4609, ""4"": 4892, ""5"": 4580}",connected
27599,316,27599,0.5630158333333333,0.0115803514176514,-2.025506379306316,"{""0"": 4737, ""1"": 4131, ""2"": 4602, ""3"": 4628, ""4"": 4909, ""5"": 4592}",connected
27699,318,27699,0.5614325,0.012149841244099662,-1.9109081237809733,"{""0"": 4753, ""1"": 4150, ""2"": 4615, ""3"": 4642, ""4"": 4930, ""5"": 4609}",connected
27799,318,27799,0.5598491666666667,0.012423926743213087,-1.9109081237809733,"{""0"": 4777, ""1"": 4166, ""2"": 4630, ""3"": 4660, ""4"": 4942, ""5"": 4624}",connected
27899,320,27899,0.5582658333333334,0.01339940836885944,-1.8775222310237587,"{""0"": 4791, ""1"": 4172, ""2"": 4647, ""3"": 4678, ""4"": 4967, ""5"": 4644}",connected
27999,320,27999,0.5566825,0.012459094501100481,-1.8775222310237587,"{""0"": 4801, ""1"": 4181, ""2"": 4661, ""3"": 4700, ""4"": 4988, ""5"": 4668}",connected
28099,322,28099,0.5550991666666667,0.011008712428156287,-1.9759003349300475,"{""0"": 4825, ""1"": 4194, ""2"": 4674, ""3"": 4714, ""4"": 5002, ""5"": 4690}",connected
28199,322,28199,0.5535158333333334,0.010438183478545398,-1.9759003349300475,"{""0"": 4846, ""1"": 4214, ""2"": 4685, ""3"": 4731, ""4"": 5015, ""5"": 4708}",connected
28299,324,28299,0.5519324999999999,0.008859194181859494,-1.976620280635543,"{""0"": 4867, ""1"": 4225, ""2"": 4698, ""3"": 4749, ""4"": 5029, ""5"": 4731}",connected
28399,326,28399,0.5503491666666667,0.00788540389505215,-2.02526662427932,"{""0"": 4885, ""1"": 4234, ""2"": 4721, ""3"": 4766, ""4"": 5038, ""5"": 4755}",connected
28499,326,28499,0.5487658333333334,0.009484934225911274,-2.02526662427932,"{""0"": 4904, ""1"": 4242, ""2"": 4728, ""3"": 4788, ""4"": 5054, ""5"": 4783}",connected
28599,328,28599,0.5471825,0.009919784051598981,-2.0230041604163125,"{""0"": 4920, ""1"": 4251, ""2"": 4741, ""3"": 4807, ""4"": 5069, ""5"": 4811}",connected
28699,328,28699,0.5455991666666666,0.009457895272644236,-2.0230041604163125,"{""0"": 4923, ""1"": 4266, ""2"": 4766, ""3"": 4826, ""4"": 5092, ""5"": 4826}",connected
28799,330,28799,0.5440158333333334,0.010410146033391356,-2.007400355753489,"{""0"": 4945, ""1"": 4277, ""2"": 4784, ""3"": 4841, ""4"": 5114, ""5"": 4838}",connected
28899,330,28899,0.5424325,0.009535512384027243,-2.007400355753489,"{""0"": 4953, ""1"": 4293, ""2"": 4796, ""3"": 4864, ""4"": 5135, ""5"": 4858}",connected
28999,332,28999,0.5408491666666666,0.009409514215076343,-2.0347292305948215,"{""0"": 4974, ""1"": 4312, ""2"": 4806, ""3"": 4873, ""4"": 5151, ""5"": 4883}",connected
29099,332,29099,0.5392658333333333,0.010945350263500585,-2.0347292305948215,"{""0"": 4999, ""1"": 4330, ""2"": 4819, ""3"": 4891, ""4"": 5166, ""5"": 4894}",connected
29199,334,29199,0.5376825000000001,0.010239100346807391,-2.029633271843195,"{""0"": 5012, ""1"": 4345, ""2"": 4833, ""3"": 4914, ""4"": 5182, ""5"": 4913}",connected
29299,336,29299,0.5360991666666667,0.010136559080565348,-2.0210731222480534,"{""0"": 5023, ""1"": 4350, ""2"": 4847, ""3"": 4969, ""4"": 5193, ""5"": 4917}",connected
29399,336,29399,0.5345158333333333,0.010220215162262321,-2.0210731222480534,"{""0"": 5040, ""1"": 4363, ""2"": 4864, ""3"": 4983, ""4"": 5204, ""5"": 4945}",connected
29499,338,29499,0.5329325,0.009223186762537807,-2.029675051528029,"{""0"": 5053, ""1"": 4367, ""2"": 4892, ""3"": 5001, ""4"": 5227, ""5"": 4959}",connected
29599,338,29599,0.5313491666666667,0.010458113307831808,-2.029675051528029,"{""0"": 5067, ""1"": 4384, ""2"": 4902, ""3"": 5020, ""4"": 5251, ""5"": 4975}",connected
29699,340,29699,0.5297658333333334,0.010220129874069244,-2.027780494443141,"{""0"": 5078, ""1"": 4390, ""2"": 4912, ""3"": 5040, ""4"": 5268, ""5"": 5011}",connected
29799,340,29799,0.5281825,0.01095712693175301,-2.027780494443141,"{""0"": 5094, ""1"": 4407, ""2"": 4933, ""3"": 5057, ""4"": 5285, ""5"": 5023}",connected
29899,342,29899,0.5265991666666667,0.01144462349708192,-2.0363380812248213,"{""0"": 5109, ""1"": 4420, ""2"": 4945, ""3"": 5078, ""4"": 5311, ""5"": 5036}",connected
29999,342,29999,0.5250158333333333,0.011278144879033789,-2.0363380812248213,"{""0"": 5146, ""1"": 4435, ""2"": 4952, ""3"": 5092, ""4"": 5327, ""5"": 5047}",connected
30099,344,30099,0.5234325,0.012279615710722282,-1.9626151373656466,"{""0"": 5166, ""1"": 4440, ""2"": 4964, ""3"": 5114, ""4"": 5348, ""5"": 5067}",connected
30199,346,30199,0.5218491666666667,0.011634337637806311,-1.9630953042348847,"{""0"": 5191, ""1"": 4447, ""2"": 4988, ""3"": 5131, ""4"": 5362, ""5"": 5080}",connected
30299,346,30299,0.5202658333333334,0.01175214005401358,-1.9630953042348847,"{""0"": 5202, ""1"": 4453, ""2"": 4997, ""3"": 5150, ""4"": 5376, ""5"": 5121}",connected
30399,348,30399,0.5186824999999999,0.012490223296917975,-2.0630294327437877,"{""0"": 5213, ""1"": 4466, ""2"": 5013, ""3"": 5163, ""4"": 5390, ""5"": 5154}",connected
30499,348,30499,0.5170991666666667,0.012205216764705255,-2.0630294327437877,"{""0"": 5239, ""1"": 4478, ""2"": 5024, ""3"": 5181, ""4"": 5409, ""5"": 5168}",connected
30599,350,30599,0.5155158333333334,0.012936995519557968,-2.0648925321316347,"{""0"": 5257, ""1"": 4485, ""2"": 5034, ""3"": 5201, ""4"": 5430, ""5"": 5192}",connected
30699,350,30699,0.5139324999999999,0.011858632838120685,-2.0648925321316347,"{""0"": 5266, ""1"": 4490, ""2"": 5058, ""3"": 5220, ""4"": 5452, ""5"": 5213}",connected
30799,352,30799,0.5123491666666666,0.010651530175236986,-2.064708867399022,"{""0"": 5292, ""1"": 4503, ""2"": 5071, ""3"": 5235, ""4"": 5470, ""5"": 5228}",connected
30899,352,30899,0.5107658333333334,0.01043023647274822,-2.064708867399022,"{""0"": 5324, ""1"": 4514, ""2"": 5081, ""3"": 5246, ""4"": 5482, ""5"": 5252}",connected
30999,354,30999,0.5091825,0.008770242386963218,-2.0825671351328494,"{""0"": 5350, ""1"": 4528, ""2"": 5098, ""3"": 5259, ""4"": 5503, ""5"": 5261}",connected
31099,356,31099,0.5075991666666667,0.010000299180392176,-2.087433205745183,"{""0"": 5361, ""1"": 4553, ""2"": 5110, ""3"": 5273, ""4"": 5515, ""5"": 5287}",connected
31199,356,31199,0.5060158333333333,0.009451289039570838,-2.087433205745183,"{""0"": 5397, ""1"": 4563, ""2"": 5115, ""3"": 5293, ""4"": 5528, ""5"": 5303}",connected
31299,358,31299,0.5044325000000001,0.009050667068222537,-2.0874524620873856,"{""0"": 5410, ""1"": 4578, ""2"": 5130, ""3"": 5317, ""4"": 5549, ""5"": 5315}",connected
31399,358,31399,0.5028491666666667,0.00899935155059211,-2.0874524620873856,"{""0"": 5428, ""1"": 4586, ""2"": 5156, ""3"": 5334, ""4"": 5567, ""5"": 5328}",connected
31499,360,31499,0.5012658333333333,0.009496184118324891,-1.9614338454045355,"{""0"": 5441, ""1"": 4598, ""2"": 5186, ""3"": 5350, ""4"": 5582, ""5"": 5342}",connected
31599,360,31599,0.49968250000000003,0.010699478759197517,-1.9614338454045355,"{""0"": 5451, ""1"": 4632, ""2"": 5211, ""3"": 5362, ""4"": 5594, ""5"": 5349}",connected
31699,362,31699,0.49809916666666665,0.011660407010931522,-2.0676692203292624,"{""0"": 5462, ""1"": 4652, ""2"": 5231, ""3"": 5380, ""4"": 5610, ""5"": 5364}",connected
31799,362,31799,0.4965158333333334,0.012176912813447415,-2.0676692203292624,"{""0"": 5482, ""1"": 4666, ""2"": 5236, ""3"": 5395, ""4"": 5629, ""5"": 5391}",connected
31899,364,31899,0.4949325000000001,0.011198656951310114,-2.0639497619634493,"{""0"": 5504, ""1"": 4687, ""2"": 5248, ""3"": 5415, ""4"": 5641, ""5"": 5404}",connected
31999,366,31999,0.4933491666666667,0.010314408716512844,-2.06437839504797,"{""0"": 5515, ""1"": 4697, ""2"": 5269, ""3"": 5439, ""4"": 5653, ""5"": 5426}",connected
32099,366,32099,0.49176583333333335,0.010131338345818221,-2.06437839504797,"{""0"": 5529, ""1"": 4714, ""2"": 5286, ""3"": 5453, ""4"": 5675, ""5"": 5442}",connected
32199,368,32199,0.4901825000000001,0.010719891022890806,-2.0664153184043244,"{""0"": 5555, ""1"": 4730, ""2"": 5302, ""3"": 5469, ""4"": 5693, ""5"": 5450}",connected
32299,368,32299,0.4885991666666667,0.01039285509265028,-2.0664153184043244,"{""0"": 5570, ""1"": 4736, ""2"": 5314, ""3"": 5493, ""4"": 5714, ""5"": 5472}",connected
32399,370,32399,0.4870158333333333,0.010834545743418857,-2.071380439028144,"{""0"": 5585, ""1"": 4752, ""2"": 5332, ""3"": 5518, ""4"": 5728, ""5"": 5484}",connected
32499,370,32499,0.48543250000000004,0.009584113212767989,-2.071380439028144,"{""0"": 5593, ""1"": 4772, ""2"": 5352, ""3"": 5546, ""4"": 5746, ""5"": 5490}",connected
32599,372,32599,0.48384916666666666,0.010194321763701737,-2.1508493142575027,"{""0"": 5617, ""1"": 4791, ""2"": 5368, ""3"": 5560, ""4"": 5760, ""5"": 5503}",connected
32699,372,32699,0.4822658333333333,0.010447984426282347,-2.1508493142575027,"{""0"": 5645, ""1"": 4805, ""2"": 5377, ""3"": 5577, ""4"": 5774, ""5"": 5521}",connected
32799,374,32799,0.4806825,0.010814659738680349,-2.1501993171824143,"{""0"": 5665, ""1"": 4823, ""2"": 5398, ""3"": 5591, ""4"": 5790, ""5"": 5532}",connected
32899,376,32899,0.47909916666666663,0.011764705126406625,-2.1401468890020623,"{""0"": 5680, ""1"": 4847, ""2"": 5406, ""3"": 5615, ""4"": 5800, ""5"": 5551}",connected
32999,376,32999,0.47751583333333336,0.011257600510725751,-2.1401468890020623,"{""0"": 5687, ""1"": 4861, ""2"": 5424, ""3"": 5646, ""4"": 5818, ""5"": 5563}",connected
33099,378,33099,0.4759325000000001,0.012326685950392857,-2.141497731511481,"{""0"": 5703, ""1"": 4868, ""2"": 5444, ""3"": 5669, ""4"": 5836, ""5"": 5579}",connected
33199,378,33199,0.4743491666666667,0.01121089719235897,-2.141497731511481,"{""0"": 5710, ""1"": 4881, ""2"": 5473, ""3"": 5678, ""4"": 5851, ""5"": 5606}",connected
33299,380,33299,0.47276583333333333,0.011268578488379716,-2.13546367963776,"{""0"": 5742, ""1"": 4893, ""2"": 5489, ""3"": 5696, ""4"": 5864, ""5"": 5615}",connected
33399,382,33399,0.47118250000000006,0.01037020376417786,-2.1403423011768608,"{""0"": 5766, ""1"": 4920, ""2"": 5499, ""3"": 5703, ""4"": 5876, ""5"": 5635}",connected
33499,382,33499,0.4695991666666667,0.009374761065701023,-2.1403423011768608,"{""0"": 5779, ""1"": 4928, ""2"": 5515, ""3"": 5733, ""4"": 5899, ""5"": 5645}",connected
33599,384,33599,0.4680158333333333,0.011332423720741645,-2.198481079558842,"{""0"": 5789, ""1"": 4937, ""2"": 5523, ""3"": 5745, ""4"": 5932, ""5"": 5673}",connected
33699,384,33699,0.4664325,0.010778034263057634,-2.198481079558842,"{""0"": 5799, ""1"": 4949, ""2"": 5536, ""3"": 5756, ""4"": 5942, ""5"": 5717}",connected
33799,386,33799,0.46484916666666665,0.011241490727989002,-2.1947531502880158,"{""0"": 5816, ""1"": 4966, ""2"": 5557, ""3"": 5767, ""4"": 5958, ""5"": 5735}",connected
33899,386,33899,0.4632658333333334,0.011327931871637702,-2.1947531502880158,"{""0"": 5863, ""1"": 4974, ""2"": 5561, ""3"": 5786, ""4"": 5967, ""5"": 5748}",connected
33999,388,33999,0.4616825,0.01080851225880906,-2.1968408578447995,"{""0"": 5874, ""1"": 4980, ""2"": 5569, ""3"": 5816, ""4"": 5983, ""5"": 5777}",connected
34099,388,34099,0.4600991666666666,0.01045983329648152,-2.1968408578447995,"{""0"": 5910, ""1"": 4994, ""2"": 5581, ""3"": 5832, ""4"": 5998, ""5"": 5784}",connected
34199,390,34199,0.45851583333333346,0.010729551389813423,-2.1944819501461463,"{""0"": 5917, ""1"": 5012, ""2"": 5595, ""3"": 5848, ""4"": 6005, ""5"": 5822}",connected
34299,392,34299,0.4569325000000001,0.010360600347630679,-2.1876386040309446,"{""0"": 5931, ""1"": 5021, ""2"": 5614, ""3"": 5881, ""4"": 6016, ""5"": 5836}",connected
34399,392,34399,0.4553491666666667,0.009781923877308146,-2.1876386040309446,"{""0"": 5955, ""1"": 5030, ""2"": 5626, ""3"": 5903, ""4"": 6034, ""5"": 5851}",connected
34499,394,34499,0.4537658333333334,0.010615864092251286,-2.18426359328907,"{""0"": 5971, ""1"": 5051, ""2"": 5643, ""3"": 5916, ""4"": 6052, ""5"": 5866}",connected
34599,394,34599,0.45218250000000004,0.010243348963558673,-2.18426359328907,"{""0"": 5985, ""1"": 5061, ""2"": 5651, ""3"": 5927, ""4"": 6064, ""5"": 5911}",connected
34699,396,34699,0.45059916666666666,0.010810667949263006,-2.1794474646029993,"{""0"": 5999, ""1"": 5071, ""2"": 5669, ""3"": 5953, ""4"": 6078, ""5"": 5929}",connected
34799,396,34799,0.4490158333333334,0.011642658908385783,-2.1794474646029993,"{""0"": 6010, ""1"": 5092, ""2"": 5681, ""3"": 5973, ""4"": 6099, ""5"": 5944}",connected
34899,398,34899,0.4474325,0.012193659220356494,-2.18472545966506,"{""0"": 6031, ""1"": 5100, ""2"": 5708, ""3"": 5981, ""4"": 6113, ""5"": 5966}",connected
34999,398,34999,0.44584916666666663,0.011779985785251483,-2.18472545966506,"{""0"": 6064, ""1"": 5117, ""2"": 5716, ""3"": 5994, ""4"": 6124, ""5"": 5984}",connected
35099,400,35099,0.44426583333333336,0.01153767955256626,-2.1830887223640456,"{""0"": 6084, ""1"": 5137, ""2"": 5740, ""3"": 6003, ""4"": 6139, ""5"": 5996}",connected
35199,402,35199,0.4426825,0.011449957891600207,-2.177389514753595,"{""0"": 6095, ""1"": 5147, ""2"": 5757, ""3"": 6022, ""4"": 6151, ""5"": 6027}",connected
35299,402,35299,0.4410991666666666,0.010305397373158484,-2.177389514753595,"{""0"": 6119, ""1"": 5152, ""2"": 5773, ""3"": 6034, ""4"": 6166, ""5"": 6055}",connected
35399,404,35399,0.43951583333333344,0.011261963383294642,-2.2585557570448147,"{""0"": 6139, ""1"": 5170, ""2"": 5784, ""3"": 6045, ""4"": 6182, ""5"": 6079}",connected
35499,404,35499,0.43793250000000006,0.011979062036843971,-2.2585557570448147,"{""0"": 6154, ""1"": 5188, ""2"": 5805, ""3"": 6060, ""4"": 6196, ""5"": 6096}",connected
35599,406,35599,0.4363491666666667,0.011611947951605544,-2.258179354867898,"{""0"": 6171, ""1"": 5214, ""2"": 5814, ""3"": 6077, ""4"": 6215, ""5"": 6108}",connected
35699,406,35699,0.4347658333333334,0.012735448043094948,-2.258179354867898,"{""0"": 6185, ""1"": 5235, ""2"": 5822, ""3"": 6088, ""4"": 6229, ""5"": 6140}",connected
35799,408,35799,0.4331825,0.012653157046297565,-2.2702836382389067,"{""0"": 6205, ""1"": 5243, ""2"": 5831, ""3"": 6107, ""4"": 6252, ""5"": 6161}",connected
35899,410,35899,0.43159916666666664,0.012774204885354266,-2.165654607187025,"{""0"": 6213, ""1"": 5268, ""2"": 5862, ""3"": 6118, ""4"": 6270, ""5"": 6168}",connected
35999,410,35999,0.4300158333333334,0.01261654355097562,-2.165654607187025,"{""0"": 6223, ""1"": 5276, ""2"": 5884, ""3"": 6130, ""4"": 6287, ""5"": 6199}",connected
36099,412,36099,0.4284325,0.013127735991729424,-2.048409676109441,"{""0"": 6236, ""1"": 5287, ""2"": 5898, ""3"": 6155, ""4"": 6307, ""5"": 6216}",connected
36199,412,36199,0.4268491666666667,0.013126267382176593,-2.048409676109441,"{""0"": 6243, ""1"": 5297, ""2"": 5911, ""3"": 6178, ""4"": 6331, ""5"": 6239}",connected
36299,414,36299,0.42526583333333334,0.012829587525920942,-2.0454535201517867,"{""0"": 6257, ""1"": 5314, ""2"": 5921, ""3"": 6188, ""4"": 6344, ""5"": 6275}",connected
36399,416,36399,0.42368249999999996,0.012323047118261456,-2.0438214951008558,"{""0"": 6277, ""1"": 5331, ""2"": 5935, ""3"": 6200, ""4"": 6356, ""5"": 6300}",connected
36499,416,36499,0.4220991666666667,0.012188844461925329,-2.0438214951008558,"{""0"": 6294, ""1"": 5345, ""2"": 5950, ""3"": 6229, ""4"": 6372, ""5"": 6309}",connected
36599,418,36599,0.4205158333333334,0.012049306610133498,-2.064701038119383,"{""0"": 6307, ""1"": 5357, ""2"": 5999, ""3"": 6237, ""4"": 6383, ""5"": 6316}",connected
36699,418,36699,0.41893250000000004,0.011512846761615948,-2.064701038119383,"{""0"": 6323, ""1"": 5374, ""2"": 6011, ""3"": 6259, ""4"": 6400, ""5"": 6332}",connected
36799,420,36799,0.41734916666666677,0.013209107896545901,-2.058808041373268,"{""0"": 6336, ""1"": 5395, ""2"": 6039, ""3"": 6273, ""4"": 6417, ""5"": 6339}",connected
36899,420,36899,0.4157658333333334,0.01361549596185796,-2.058808041373268,"{""0"": 6372, ""1"": 5412, ""2"": 6045, ""3"": 6282, ""4"": 6436, ""5"": 6352}",connected
36999,422,36999,0.4141825,0.014115480439504608,-2.0575874524889515,"{""0"": 6392, ""1"": 5418, ""2"": 6055, ""3"": 6313, ""4"": 6452, ""5"": 6369}",connected
37099,422,37099,0.41259916666666674,0.015226008689496666,-2.0575874524889515,"{""0"": 6403, ""1"": 5439, ""2"": 6070, ""3"": 6319, ""4"": 6473, ""5"": 6395}",connected
37199,424,37199,0.41101583333333336,0.014238649443723262,-2.0325967665528877,"{""0"": 6413, ""1"": 5457, ""2"": 6088, ""3"": 6333, ""4"": 6484, ""5"": 6424}",connected
37299,426,37299,0.4094325,0.012536195000866428,-2.030145010445267,"{""0"": 6427, ""1"": 5473, ""2"": 6113, ""3"": 6346, ""4"": 6497, ""5"": 6443}",connected
37399,426,37399,0.4078491666666667,0.012456227518850938,-2.030145010445267,"{""0"": 6448, ""1"": 5482, ""2"": 6118, ""3"": 6356, ""4"": 6510, ""5"": 6485}",connected
37499,428,37499,0.4062658333333333,0.012398273319704459,-1.8257843753136695,"{""0"": 6467, ""1"": 5494, ""2"": 6134, ""3"": 6373, ""4"": 6534, ""5"": 6497}",connected
37599,428,37599,0.40468249999999995,0.013300550911808387,-1.8257843753136695,"{""0"": 6478, ""1"": 5504, ""2"": 6143, ""3"": 6417, ""4"": 6547, ""5"": 6510}",connected
37699,430,37699,0.4030991666666667,0.01486197035992518,-1.829902497739531,"{""0"": 6493, ""1"": 5514, ""2"": 6161, ""3"": 6437, ""4"": 6569, ""5"": 6525}",connected
37799,432,37799,0.4015158333333334,0.015469429513905198,-1.7988331510266289,"{""0"": 6514, ""1"": 5528, ""2"": 6178, ""3"": 6446, ""4"": 6584, ""5"": 6549}",connected
37899,432,37899,0.3999325,0.01515820183325559,-1.7988331510266289,"{""0"": 6530, ""1"": 5547, ""2"": 6211, ""3"": 6458, ""4"": 6597, ""5"": 6556}",connected
37999,434,37999,0.39834916666666675,0.015392905517946929,-1.7941849013743922,"{""0"": 6546, ""1"": 5557, ""2"": 6228, ""3"": 6467, ""4"": 6604, ""5"": 6597}",connected
38099,434,38099,0.3967658333333334,0.014348636148497462,-1.7941849013743922,"{""0"": 6582, ""1"": 5570, ""2"": 6239, ""3"": 6477, ""4"": 6617, ""5"": 6614}",connected
38199,436,38199,0.3951825,0.013881696962052957,-1.7864001903170719,"{""0"": 6600, ""1"": 5601, ""2"": 6259, ""3"": 6485, ""4"": 6626, ""5"": 6628}",connected
38299,436,38299,0.3935991666666667,0.01308507016976364,-1.7864001903170719,"{""0"": 6617, ""1"": 5610, ""2"": 6272, ""3"": 6489, ""4"": 6636, ""5"": 6675}",connected
38399,438,38399,0.39201583333333334,0.011507801780244336,-1.78002691780217,"{""0"": 6643, ""1"": 5628, ""2"": 6285, ""3"": 6503, ""4"": 6645, ""5"": 6695}",connected
38499,438,38499,0.39043249999999996,0.011353254545247183,-1.78002691780217,"{""0"": 6681, ""1"": 5646, ""2"": 6302, ""3"": 6514, ""4"": 6658, ""5"": 6698}",connected
38599,440,38599,0.3888491666666667,0.01077672726009041,-1.781468833098188,"{""0"": 6709, ""1"": 5666, ""2"": 6319, ""3"": 6524, ""4"": 6672, ""5"": 6709}",connected
38699,442,38699,0.3872658333333333,0.011938905633287504,-1.7698751961486414,"{""0"": 6746, ""1"": 5677, ""2"": 6332, ""3"": 6540, ""4"": 6686, ""5"": 6718}",connected
38799,442,38799,0.38568250000000004,0.012780102527467535,-1.7698751961486414,"{""0"": 6754, ""1"": 5690, ""2"": 6350, ""3"": 6568, ""4"": 6693, ""5"": 6744}",connected
38899,444,38899,0.38409916666666666,0.012578932390315458,-1.766207434637472,"{""0"": 6786, ""1"": 5705, ""2"": 6367, ""3"": 6581, ""4"": 6709, ""5"": 6751}",connected
38999,444,38999,0.3825158333333334,0.012543900109594688,-1.766207434637472,"{""0"": 6802, ""1"": 5723, ""2"": 6383, ""3"": 6597, ""4"": 6732, ""5"": 6762}",connected
39099,446,39099,0.3809325000000001,0.012084694127552212,-1.7658897703140974,"{""0"": 6821, ""1"": 5737, ""2"": 6404, ""3"": 6617, ""4"": 6753, ""5"": 6767}",connected
39199,446,39199,0.37934916666666674,0.011809711592504754,-1.7658897703140974,"{""0"": 6855, ""1"": 5750, ""2"": 6414, ""3"": 6628, ""4"": 6771, ""5"": 6781}",connected
39299,448,39299,0.37776583333333336,0.012919171617832036,-1.6451720527280123,"{""0"": 6885, ""1"": 5761, ""2"": 6424, ""3"": 6646, ""4"": 6784, ""5"": 6799}",connected
39399,448,39399,0.3761825000000001,0.013481379571603612,-1.6451720527280123,"{""0"": 6889, ""1"": 5778, ""2"": 6444, ""3"": 6656, ""4"": 6797, ""5"": 6835}",connected
39499,450,39499,0.3745991666666667,0.013596031746128574,-1.645169908828102,"{""0"": 6909, ""1"": 5794, ""2"": 6464, ""3"": 6671, ""4"": 6817, ""5"": 6844}",connected
39599,452,39599,0.3730158333333333,0.013760858420282603,-1.6432679138053208,"{""0"": 6934, ""1"": 5810, ""2"": 6473, ""3"": 6684, ""4"": 6831, ""5"": 6867}",connected
39699,452,39699,0.37143250000000005,0.012804430461255834,-1.6432679138053208,"{""0"": 6951, ""1"": 5824, ""2"": 6486, ""3"": 6716, ""4"": 6844, ""5"": 6878}",connected
39799,454,39799,0.3698491666666667,0.01215784863452427,-1.644376204079017,"{""0"": 6962, ""1"": 5832, ""2"": 6496, ""3"": 6750, ""4"": 6856, ""5"": 6903}",connected
39899,454,39899,0.3682658333333333,0.012391216786345466,-1.644376204079017,"{""0"": 6990, ""1"": 5855, ""2"": 6509, ""3"": 6759, ""4"": 6864, ""5"": 6922}",connected
39999,456,39999,0.3666825,0.012117784166475758,-1.6441162879951299,"{""0"": 7005, ""1"": 5873, ""2"": 6536, ""3"": 6769, ""4"": 6885, ""5"": 6931}",connected
40099,456,40099,0.36509916666666664,0.013522050426108762,-1.6441162879951299,"{""0"": 7022, ""1"": 5882, ""2"": 6549, ""3"": 6796, ""4"": 6900, ""5"": 6950}",connected
40199,458,40199,0.36351583333333337,0.013575111207319423,-1.6425451197009533,"{""0"": 7033, ""1"": 5895, ""2"": 6564, ""3"": 6816, ""4"": 6912, ""5"": 6979}",connected
40299,458,40299,0.3619325000000001,0.013718869442818686,-1.6425451197009533,"{""0"": 7050, ""1"": 5934, ""2"": 6575, ""3"": 6827, ""4"": 6916, ""5"": 6997}",connected
40399,460,40399,0.3603491666666667,0.013357570027001203,-1.6218483738834037,"{""0"": 7065, ""1"": 5946, ""2"": 6587, ""3"": 6845, ""4"": 6928, ""5"": 7028}",connected
40499,462,40499,0.35876583333333334,0.012614984910469503,-1.6088648117240518,"{""0"": 7083, ""1"": 5956, ""2"": 6602, ""3"": 6878, ""4"": 6940, ""5"": 7040}",connected
40599,462,40599,0.35718250000000007,0.013843197940150275,-1.6088648117240518,"{""0"": 7107, ""1"": 5975, ""2"": 6623, ""3"": 6891, ""4"": 6958, ""5"": 7045}",connected
40699,464,40699,0.3555991666666667,0.012283390207448975,-1.6133006910560652,"{""0"": 7121, ""1"": 5986, ""2"": 6634, ""3"": 6920, ""4"": 6965, ""5"": 7073}",connected
40799,464,40799,0.3540158333333333,0.013690292863175272,-1.6133006910560652,"{""0"": 7144, ""1"": 6013, ""2"": 6648, ""3"": 6930, ""4"": 6983, ""5"": 7081}",connected
40899,466,40899,0.35243250000000004,0.012332188212312759,-1.6137594067957253,"{""0"": 7160, ""1"": 6022, ""2"": 6661, ""3"": 6947, ""4"": 6999, ""5"": 7110}",connected
40999,466,40999,0.35084916666666666,0.012460131738334894,-1.6137594067957253,"{""0"": 7198, ""1"": 6033, ""2"": 6667, ""3"": 6967, ""4"": 7015, ""5"": 7119}",connected
41099,468,41099,0.3492658333333333,0.013797496519982815,-1.60864274404943,"{""0"": 7207, ""1"": 6041, ""2"": 6688, ""3"": 7002, ""4"": 7032, ""5"": 7129}",connected
41199,468,41199,0.3476825,0.01294688900699839,-1.60864274404943,"{""0"": 7214, ""1"": 6047, ""2"": 6698, ""3"": 7029, ""4"": 7039, ""5"": 7172}",connected
41299,470,41299,0.3460991666666666,0.014198552374728024,-1.6764098079828544,"{""0"": 7228, ""1"": 6063, ""2"": 6717, ""3"": 7042, ""4"": 7056, ""5"": 7193}",connected
41399,472,41399,0.34451583333333347,0.01413295759819448,-1.6042682917695492,"{""0"": 7240, ""1"": 6075, ""2"": 6728, ""3"": 7070, ""4"": 7072, ""5"": 7214}",connected
41499,472,41499,0.3429325000000001,0.014341184434015304,-1.6042682917695492,"{""0"": 7255, ""1"": 6106, ""2"": 6743, ""3"": 7083, ""4"": 7089, ""5"": 7223}",connected
41599,474,41599,0.3413491666666667,0.014734467470552771,-1.6058507612347603,"{""0"": 7277, ""1"": 6116, ""2"": 6755, ""3"": 7116, ""4"": 7099, ""5"": 7236}",connected
41699,476,41699,0.33976583333333343,0.015131195120047777,-1.5149204060714692,"{""0"": 7288, ""1"": 6138, ""2"": 6765, ""3"": 7133, ""4"": 7115, ""5"": 7260}",connected
41799,476,41799,0.33818250000000005,0.014547835625708104,-1.5149204060714692,"{""0"": 7305, ""1"": 6143, ""2"": 6770, ""3"": 7152, ""4"": 7146, ""5"": 7283}",connected
41899,478,41899,0.33659916666666667,0.014774947138503193,-1.5203045218810438,"{""0"": 7316, ""1"": 6149, ""2"": 6776, ""3"": 7171, ""4"": 7157, ""5"": 7330}",connected
41999,478,41999,0.3350158333333334,0.01380426258314401,-1.5203045218810438,"{""0"": 7323, ""1"": 6156, ""2"": 6795, ""3"": 7190, ""4"": 7185, ""5"": 7350}",connected
42099,480,42099,0.3334325,0.013987185305450112,-1.6119123960612343,"{""0"": 7335, ""1"": 6177, ""2"": 6806, ""3"": 7199, ""4"": 7200, ""5"": 7382}",connected
42199,482,42199,0.33184916666666664,0.015118173664668576,-1.5913099529640748,"{""0"": 7354, ""1"": 6195, ""2"": 6825, ""3"": 7211, ""4"": 7207, ""5"": 7407}",connected
42299,482,42299,0.33026583333333337,0.0139818047080189,-1.5913099529640748,"{""0"": 7364, ""1"": 6207, ""2"": 6842, ""3"": 7231, ""4"": 7229, ""5"": 7426}",connected
42399,484,42399,0.3286825,0.014396562015172094,-1.5306454428099097,"{""0"": 7375, ""1"": 6221, ""2"": 6855, ""3"": 7258, ""4"": 7244, ""5"": 7446}",connected
42499,484,42499,0.3270991666666666,0.015036415955983103,-1.5306454428099097,"{""0"": 7384, ""1"": 6236, ""2"": 6877, ""3"": 7276, ""4"": 7266, ""5"": 7460}",connected
42599,486,42599,0.32551583333333345,0.014731606399873271,-1.5090991487633436,"{""0"": 7394, ""1"": 6268, ""2"": 6888, ""3"": 7293, ""4"": 7278, ""5"": 7478}",connected
42699,486,42699,0.32393250000000007,0.01584215496201068,-1.5090991487633436,"{""0"": 7404, ""1"": 6277, ""2"": 6901, ""3"": 7313, ""4"": 7307, ""5"": 7497}",connected
42799,488,42799,0.3223491666666667,0.01595575787127018,-1.5092168969055637,"{""0"": 7412, ""1"": 6303, ""2"": 6910, ""3"": 7347, ""4"": 7327, ""5"": 7500}",connected
42899,488,42899,0.3207658333333334,0.015585517827421427,-1.5092168969055637,"{""0"": 7419, ""1"": 6325, ""2"": 6925, ""3"": 7368, ""4"": 7350, ""5"": 7512}",connected
42999,490,42999,0.31918250000000004,0.014942655321210623,-1.5307866227487101,"{""0"": 7430, ""1"": 6345, ""2"": 6939, ""3"": 7379, ""4"": 7372, ""5"": 7534}",connected
43099,492,43099,0.31759916666666665,0.014708434431813657,-1.5143289046362043,"{""0"": 7438, ""1"": 6359, ""2"": 6980, ""3"": 7387, ""4"": 7382, ""5"": 7553}",connected
43199,492,43199,0.3160158333333334,0.014716775650158524,-1.5143289046362043,"{""0"": 7448, ""1"": 6374, ""2"": 6996, ""3"": 7416, ""4"": 7386, ""5"": 7579}",connected
43299,494,43299,0.3144325,0.01458438164787367,-1.482384513686411,"{""0"": 7454, ""1"": 6403, ""2"": 7015, ""3"": 7424, ""4"": 7406, ""5"": 7597}",connected
43399,494,43399,0.3128491666666666,0.015497795759001747,-1.482384513686411,"{""0"": 7465, ""1"": 6423, ""2"": 7037, ""3"": 7437, ""4"": 7415, ""5"": 7622}",connected
43499,496,43499,0.31126583333333335,0.014871579931350425,-1.4832734353654087,"{""0"": 7474, ""1"": 6432, ""2"": 7076, ""3"": 7472, ""4"": 7421, ""5"": 7624}",connected
43599,496,43599,0.30968249999999997,0.013848022157326341,-1.4832734353654087,"{""0"": 7476, ""1"": 6460, ""2"": 7091, ""3"": 7507, ""4"": 7432, ""5"": 7633}",connected
43699,498,43699,0.3080991666666667,0.014210819834843277,-1.476061628474854,"{""0"": 7484, ""1"": 6474, ""2"": 7098, ""3"": 7525, ""4"": 7446, ""5"": 7672}",connected
43799,498,43799,0.30651583333333343,0.01306035280576907,-1.476061628474854,"{""0"": 7492, ""1"": 6493, ""2"": 7107, ""3"": 7556, ""4"": 7470, ""5"": 7681}",connected
43899,500,43899,0.30493250000000005,0.014856692476896569,-1.4879380634659902,"{""0"": 7500, ""1"": 6506, ""2"": 7117, ""3"": 7564, ""4"": 7504, ""5"": 7708}",connected
43999,502,43999,0.3033491666666668,0.015090540351811796,-1.4823768151272088,"{""0"": 7513, ""1"": 6524, ""2"": 7132, ""3"": 7580, ""4"": 7530, ""5"": 7720}",connected
44099,502,44099,0.3017658333333334,0.014577174375299365,-1.4823768151272088,"{""0"": 7524, ""1"": 6542, ""2"": 7152, ""3"": 7612, ""4"": 7546, ""5"": 7723}",connected
44199,504,44199,0.3001825,0.014567740161437541,-1.4209154063509777,"{""0"": 7531, ""1"": 6554, ""2"": 7160, ""3"": 7631, ""4"": 7579, ""5"": 7744}",connected
44299,506,44299,0.29859916666666675,0.013234669852536171,-1.325709277545102,"{""0"": 7542, ""1"": 6569, ""2"": 7192, ""3"": 7646, ""4"": 7594, ""5"": 7756}",connected
44399,508,44399,0.29701583333333337,0.014380630815867334,-1.2170734750619159,"{""0"": 7553, ""1"": 6585, ""2"": 7204, ""3"": 7672, ""4"": 7612, ""5"": 7773}",connected
44499,508,44499,0.2954325,0.01368384032510221,-1.2170734750619159,"{""0"": 7571, ""1"": 6608, ""2"": 7226, ""3"": 7681, ""4"": 7623, ""5"": 7790}",connected
44599,510,44599,0.2938491666666667,0.013188994959928096,-1.2838900538429152,"{""0"": 7585, ""1"": 6636, ""2"": 7242, ""3"": 7690, ""4"": 7639, ""5"": 7807}",connected
44699,510,44699,0.29226583333333334,0.013844489261973649,-1.2838900538429152,"{""0"": 7607, ""1"": 6651, ""2"": 7252, ""3"": 7720, ""4"": 7654, ""5"": 7815}",connected
44799,512,44799,0.29068249999999995,0.012819316338282078,-1.287306271501584,"{""0"": 7620, ""1"": 6676, ""2"": 7267, ""3"": 7749, ""4"": 7667, ""5"": 7820}",connected
44899,512,44899,0.2890991666666667,0.013495739800855517,-1.287306271501584,"{""0"": 7630, ""1"": 6696, ""2"": 7282, ""3"": 7767, ""4"": 7695, ""5"": 7829}",connected
44999,516,44999,0.2875158333333334,0.013811117515433579,-1.1947675405314657,"{""0"": 7639, ""1"": 6714, ""2"": 7301, ""3"": 7780, ""4"": 7715, ""5"": 7850}",connected
45099,516,45099,0.28593250000000003,0.012473254271317274,-1.1947675405314657,"{""0"": 7645, ""1"": 6730, ""2"": 7320, ""3"": 7811, ""4"": 7735, ""5"": 7858}",connected
45199,518,45199,0.28434916666666676,0.01463883369928226,-1.2008576388668735,"{""0"": 7657, ""1"": 6742, ""2"": 7338, ""3"": 7823, ""4"": 7755, ""5"": 7884}",connected
45299,520,45299,0.2827658333333334,0.014433651671279222,-1.211019586181501,"{""0"": 7665, ""1"": 6757, ""2"": 7355, ""3"": 7839, ""4"": 7785, ""5"": 7898}",connected
45399,522,45399,0.2811825,0.014834338396321983,-1.1099843151879032,"{""0"": 7681, ""1"": 6780, ""2"": 7368, ""3"": 7866, ""4"": 7793, ""5"": 7911}",connected
45499,522,45499,0.27959916666666673,0.015745291733182967,-1.1099843151879032,"{""0"": 7691, ""1"": 6792, ""2"": 7401, ""3"": 7883, ""4"": 7812, ""5"": 7920}",connected
45599,524,45599,0.27801583333333335,0.013948743232758716,-1.1260942344286013,"{""0"": 7701, ""1"": 6805, ""2"": 7414, ""3"": 7932, ""4"": 7822, ""5"": 7925}",connected
45699,526,45699,0.27643249999999997,0.014129660761682317,-1.0502012766909319,"{""0"": 7709, ""1"": 6850, ""2"": 7424, ""3"": 7945, ""4"": 7838, ""5"": 7933}",connected
45799,526,45799,0.2748491666666667,0.014058450389420614,-1.0502012766909319,"{""0"": 7739, ""1"": 6880, ""2"": 7429, ""3"": 7953, ""4"": 7848, ""5"": 7950}",connected
45899,528,45899,0.2732658333333333,0.013712835649494081,-1.105549152508611,"{""0"": 7751, ""1"": 6905, ""2"": 7442, ""3"": 7964, ""4"": 7871, ""5"": 7966}",connected
45999,528,45999,0.27168249999999994,0.014064178575063124,-1.105549152508611,"{""0"": 7757, ""1"": 6919, ""2"": 7469, ""3"": 7983, ""4"": 7890, ""5"": 7981}",connected
46099,530,46099,0.27009916666666667,0.013251159669598564,-1.102972424548352,"{""0"": 7761, ""1"": 6929, ""2"": 7499, ""3"": 8012, ""4"": 7902, ""5"": 7996}",connected
46199,532,46199,0.2685158333333334,0.014062466075411067,-1.108646730586188,"{""0"": 7783, ""1"": 6942, ""2"": 7505, ""3"": 8037, ""4"": 7930, ""5"": 8002}",connected
46299,532,46299,0.26693250000000013,0.01469675186323002,-1.108646730586188,"{""0"": 7802, ""1"": 6948, ""2"": 7527, ""3"": 8061, ""4"": 7950, ""5"": 8011}",connected
46399,534,46399,0.26534916666666675,0.015206244280561805,-1.083164573671529,"{""0"": 7825, ""1"": 6972, ""2"": 7541, ""3"": 8076, ""4"": 7964, ""5"": 8021}",connected
46499,536,46499,0.26376583333333337,0.015268253958784044,-1.006640446652891,"{""0"": 7830, ""1"": 6992, ""2"": 7563, ""3"": 8104, ""4"": 7981, ""5"": 8029}",connected
46599,536,46599,0.2621825000000001,0.014734707369934768,-1.006640446652891,"{""0"": 7835, ""1"": 7008, ""2"": 7581, ""3"": 8120, ""4"": 8002, ""5"": 8053}",connected
46699,538,46699,0.2605991666666667,0.015870856831315904,-1.0094669943500776,"{""0"": 7842, ""1"": 7022, ""2"": 7609, ""3"": 8136, ""4"": 8015, ""5"": 8075}",connected
46799,538,46799,0.25901583333333333,0.016086020790971815,-1.0094669943500776,"{""0"": 7853, ""1"": 7060, ""2"": 7620, ""3"": 8157, ""4"": 8023, ""5"": 8086}",connected
46899,540,46899,0.25743250000000006,0.01794538681395352,-0.9927381784946192,"{""0"": 7859, ""1"": 7074, ""2"": 7645, ""3"": 8179, ""4"": 8047, ""5"": 8095}",connected
46999,540,46999,0.2558491666666667,0.01707205780316144,-0.9927381784946192,"{""0"": 7872, ""1"": 7093, ""2"": 7659, ""3"": 8200, ""4"": 8072, ""5"": 8103}",connected
47099,542,47099,0.2542658333333333,0.016383675802499057,-0.9929342787677888,"{""0"": 7876, ""1"": 7122, ""2"": 7676, ""3"": 8231, ""4"": 8087, ""5"": 8107}",connected
47199,542,47199,0.25268250000000003,0.017418931720312683,-0.9929342787677888,"{""0"": 7879, ""1"": 7161, ""2"": 7697, ""3"": 8246, ""4"": 8093, ""5"": 8123}",connected
47299,544,47299,0.25109916666666665,0.015618398995138704,-0.9740526936913375,"{""0"": 7892, ""1"": 7185, ""2"": 7707, ""3"": 8260, ""4"": 8111, ""5"": 8144}",connected
47399,546,47399,0.24951583333333338,0.016426321291364728,-0.9711952686740551,"{""0"": 7914, ""1"": 7207, ""2"": 7730, ""3"": 8271, ""4"": 8123, ""5"": 8154}",connected
47499,546,47499,0.2479325000000001,0.01638567369664088,-0.9711952686740551,"{""0"": 7923, ""1"": 7218, ""2"": 7739, ""3"": 8309, ""4"": 8146, ""5"": 8164}",connected
47599,548,47599,0.24634916666666673,0.014486251433845609,-1.0125984294072259,"{""0"": 7932, ""1"": 7225, ""2"": 7742, ""3"": 8338, ""4"": 8185, ""5"": 8177}",connected
47699,548,47699,0.24476583333333335,0.014950248270761222,-1.0125984294072259,"{""0"": 7938, ""1"": 7252, ""2"": 7762, ""3"": 8358, ""4"": 8202, ""5"": 8187}",connected
47799,550,47799,0.24318250000000008,0.015358846032759174,-0.9368464880122338,"{""0"": 7949, ""1"": 7278, ""2"": 7778, ""3"": 8374, ""4"": 8213, ""5"": 8207}",connected
47899,552,47899,0.2415991666666667,0.015139203638536856,-0.9100937235273886,"{""0"": 7966, ""1"": 7307, ""2"": 7803, ""3"": 8388, ""4"": 8220, ""5"": 8215}",connected
47999,552,47999,0.24001583333333332,0.01576437401236035,-0.9100937235273886,"{""0"": 7977, ""1"": 7325, ""2"": 7816, ""3"": 8412, ""4"": 8244, ""5"": 8225}",connected
48099,554,48099,0.23843250000000005,0.01639471438829787,-0.9428494612325449,"{""0"": 7988, ""1"": 7337, ""2"": 7832, ""3"": 8441, ""4"": 8266, ""5"": 8235}",connected
48199,554,48199,0.23684916666666667,0.015728306353557854,-0.9428494612325449,"{""0"": 8003, ""1"": 7353, ""2"": 7851, ""3"": 8457, ""4"": 8279, ""5"": 8256}",connected
48299,556,48299,0.23526583333333329,0.014648475535213947,-0.9276667807984631,"{""0"": 8021, ""1"": 7369, ""2"": 7866, ""3"": 8473, ""4"": 8309, ""5"": 8261}",connected
48399,556,48399,0.23368250000000002,0.014404241181910037,-0.9276667807984631,"{""0"": 8024, ""1"": 7383, ""2"": 7888, ""3"": 8500, ""4"": 8334, ""5"": 8270}",connected
48499,558,48499,0.23209916666666663,0.014218718756455927,-0.9393753856641706,"{""0"": 8046, ""1"": 7395, ""2"": 7910, ""3"": 8514, ""4"": 8354, ""5"": 8280}",connected
48599,558,48599,0.23051583333333336,0.015711172495502978,-0.9393753856641706,"{""0"": 8087, ""1"": 7409, ""2"": 7934, ""3"": 8521, ""4"": 8365, ""5"": 8283}",connected
48699,560,48699,0.2289325000000001,0.017804136427585035,-0.9570392421667929,"{""0"": 8095, ""1"": 7426, ""2"": 7957, ""3"": 8548, ""4"": 8385, ""5"": 8288}",connected
48799,562,48799,0.2273491666666667,0.018289618720300497,-0.9575460508174729,"{""0"": 8101, ""1"": 7447, ""2"": 7969, ""3"": 8572, ""4"": 8415, ""5"": 8295}",connected
48899,562,48899,0.22576583333333344,0.017029469984117897,-0.9575460508174729,"{""0"": 8111, ""1"": 7472, ""2"": 7987, ""3"": 8597, ""4"": 8432, ""5"": 8300}",connected
48999,564,48999,0.22418250000000006,0.017185872453264892,-0.9732934665994253,"{""0"": 8119, ""1"": 7488, ""2"": 8006, ""3"": 8623, ""4"": 8455, ""5"": 8308}",connected
49099,564,49099,0.22259916666666668,0.015269526275806128,-0.9732934665994253,"{""0"": 8125, ""1"": 7506, ""2"": 8016, ""3"": 8656, ""4"": 8481, ""5"": 8315}",connected
49199,566,49199,0.2210158333333334,0.01620290701976046,-0.9699276510800701,"{""0"": 8137, ""1"": 7525, ""2"": 8026, ""3"": 8678, ""4"": 8505, ""5"": 8328}",connected
49299,566,49299,0.21943250000000003,0.018676567159127445,-0.9699276510800701,"{""0"": 8147, ""1"": 7562, ""2"": 8042, ""3"": 8689, ""4"": 8517, ""5"": 8342}",connected
49399,568,49399,0.21784916666666665,0.0174131321744062,-0.9524418313184287,"{""0"": 8162, ""1"": 7580, ""2"": 8053, ""3"": 8715, ""4"": 8538, ""5"": 8351}",connected
49499,568,49499,0.21626583333333338,0.019375892395619303,-0.9524418313184287,"{""0"": 8173, ""1"": 7606, ""2"": 8065, ""3"": 8741, ""4"": 8555, ""5"": 8359}",connected
49599,570,49599,0.2146825,0.020214676312170922,-0.8930830186547246,"{""0"": 8187, ""1"": 7624, ""2"": 8073, ""3"": 8765, ""4"": 8577, ""5"": 8373}",connected
49699,572,49699,0.21309916666666662,0.02019630648428574,-0.873385518429568,"{""0"": 8196, ""1"": 7641, ""2"": 8087, ""3"": 8787, ""4"": 8604, ""5"": 8384}",connected
49799,572,49799,0.21151583333333346,0.02200145410373807,-0.873385518429568,"{""0"": 8210, ""1"": 7654, ""2"": 8101, ""3"": 8814, ""4"": 8631, ""5"": 8389}",connected
49899,574,49899,0.20993250000000008,0.021476154485717415,-0.871558173497906,"{""0"": 8218, ""1"": 7677, ""2"": 8124, ""3"": 8840, ""4"": 8644, ""5"": 8396}",connected
49999,576,49999,0.2083491666666667,0.019892695471644403,-0.8772332110337447,"{""0"": 8238, ""1"": 7704, ""2"": 8132, ""3"": 8849, ""4"": 8663, ""5"": 8413}",connected
50099,576,50099,0.20676583333333343,0.02041380829643458,-0.8772332110337447,"{""0"": 8240, ""1"": 7727, ""2"": 8155, ""3"": 8871, ""4"": 8680, ""5"": 8426}",connected
50199,578,50199,0.20518250000000005,0.01979716941015795,-0.8754715799808036,"{""0"": 8249, ""1"": 7754, ""2"": 8164, ""3"": 8888, ""4"": 8698, ""5"": 8446}",connected
50299,580,50299,0.20359916666666666,0.0194631810602732,-0.8330385377292987,"{""0"": 8258, ""1"": 7775, ""2"": 8178, ""3"": 8914, ""4"": 8717, ""5"": 8457}",connected
50399,580,50399,0.2020158333333334,0.021138507009018214,-0.8330385377292987,"{""0"": 8261, ""1"": 7789, ""2"": 8188, ""3"": 8943, ""4"": 8757, ""5"": 8461}",connected
50499,582,50499,0.2004325,0.0192979646474123,-0.8685716387385036,"{""0"": 8270, ""1"": 7808, ""2"": 8205, ""3"": 8963, ""4"": 8782, ""5"": 8471}",connected
50599,582,50599,0.19884916666666663,0.019108072568196802,-0.8685716387385036,"{""0"": 8273, ""1"": 7821, ""2"": 8225, ""3"": 8992, ""4"": 8811, ""5"": 8477}",connected
50699,584,50699,0.19726583333333336,0.019235845571383834,-0.8862953800836112,"{""0"": 8283, ""1"": 7836, ""2"": 8241, ""3"": 9017, ""4"": 8835, ""5"": 8487}",connected
50799,584,50799,0.19568249999999998,0.016774663310497998,-0.8862953800836112,"{""0"": 8287, ""1"": 7861, ""2"": 8256, ""3"": 9038, ""4"": 8863, ""5"": 8494}",connected
50899,586,50899,0.1940991666666666,0.0171770779741928,-0.9097049109765795,"{""0"": 8291, ""1"": 7874, ""2"": 8266, ""3"": 9072, ""4"": 8891, ""5"": 8505}",connected
50999,588,50999,0.19251583333333344,0.016937607256695627,-0.9520989041111898,"{""0"": 8293, ""1"": 7897, ""2"": 8278, ""3"": 9100, ""4"": 8916, ""5"": 8515}",connected
51099,588,51099,0.19093250000000006,0.017626218921504913,-0.9520989041111898,"{""0"": 8307, ""1"": 7931, ""2"": 8294, ""3"": 9114, ""4"": 8933, ""5"": 8520}",connected
51199,590,51199,0.1893491666666668,0.018342066230252384,-0.9337907665118109,"{""0"": 8320, ""1"": 7965, ""2"": 8302, ""3"": 9131, ""4"": 8947, ""5"": 8534}",connected
51299,590,51299,0.1877658333333334,0.01912920567439869,-0.9337907665118109,"{""0"": 8325, ""1"": 7981, ""2"": 8313, ""3"": 9159, ""4"": 8978, ""5"": 8543}",connected
51399,592,51399,0.18618250000000003,0.01839489646954462,-1.0007635301759001,"{""0"": 8336, ""1"": 8009, ""2"": 8333, ""3"": 9174, ""4"": 8998, ""5"": 8549}",connected
51499,592,51499,0.18459916666666676,0.017936494117602706,-1.0007635301759001,"{""0"": 8341, ""1"": 8021, ""2"": 8348, ""3"": 9185, ""4"": 9024, ""5"": 8580}",connected
51599,594,51599,0.18301583333333338,0.017605032715946437,-1.0078232162434142,"{""0"": 8353, ""1"": 8036, ""2"": 8367, ""3"": 9205, ""4"": 9049, ""5"": 8589}",connected
51699,594,51699,0.1814325,0.01891507915686816,-1.0078232162434142,"{""0"": 8366, ""1"": 8053, ""2"": 8377, ""3"": 9232, ""4"": 9075, ""5"": 8596}",connected
51799,596,51799,0.17984916666666673,0.01855422167107463,-1.0160976182750892,"{""0"": 8381, ""1"": 8072, ""2"": 8389, ""3"": 9255, ""4"": 9098, ""5"": 8604}",connected
51899,598,51899,0.17826583333333335,0.018912428140174596,-0.9377637722052168,"{""0"": 8388, ""1"": 8090, ""2"": 8402, ""3"": 9277, ""4"": 9132, ""5"": 8610}",connected
51999,598,51999,0.17668249999999996,0.01964424433885142,-0.9377637722052168,"{""0"": 8393, ""1"": 8120, ""2"": 8413, ""3"": 9293, ""4"": 9162, ""5"": 8618}",connected
52099,600,52099,0.1750991666666667,0.018735238702502103,-0.9164582463249098,"{""0"": 8404, ""1"": 8140, ""2"": 8432, ""3"": 9314, ""4"": 9182, ""5"": 8627}",connected
52199,602,52199,0.17351583333333342,0.021705529524479062,-0.8952302062034141,"{""0"": 8429, ""1"": 8153, ""2"": 8441, ""3"": 9328, ""4"": 9190, ""5"": 8658}",connected
52299,602,52299,0.17193250000000004,0.020254655634053053,-0.8952302062034141,"{""0"": 8440, ""1"": 8170, ""2"": 8456, ""3"": 9345, ""4"": 9222, ""5"": 8666}",connected
52399,604,52399,0.17034916666666677,0.019878871543332934,-0.8559874612267595,"{""0"": 8459, ""1"": 8184, ""2"": 8459, ""3"": 9365, ""4"": 9251, ""5"": 8681}",connected
52499,604,52499,0.1687658333333334,0.018889017747715117,-0.8559874612267595,"{""0"": 8466, ""1"": 8199, ""2"": 8480, ""3"": 9394, ""4"": 9272, ""5"": 8688}",connected
52599,606,52599,0.1671825,0.01673772430513054,-0.9314366536017041,"{""0"": 8472, ""1"": 8214, ""2"": 8489, ""3"": 9408, ""4"": 9296, ""5"": 8720}",connected
52699,608,52699,0.16559916666666674,0.01753783396212384,-0.9640223517862614,"{""0"": 8478, ""1"": 8231, ""2"": 8508, ""3"": 9438, ""4"": 9317, ""5"": 8727}",connected
52799,608,52799,0.16401583333333336,0.017480306529905648,-0.9640223517862614,"{""0"": 8504, ""1"": 8246, ""2"": 8527, ""3"": 9455, ""4"": 9334, ""5"": 8733}",connected
52899,610,52899,0.16243249999999998,0.016801463726442308,-0.9681105271494016,"{""0"": 8529, ""1"": 8273, ""2"": 8547, ""3"": 9469, ""4"": 9345, ""5"": 8736}",connected
52999,610,52999,0.1608491666666667,0.01669179945020005,-0.9681105271494016,"{""0"": 8537, ""1"": 8293, ""2"": 8568, ""3"": 9493, ""4"": 9366, ""5"": 8742}",connected
53099,612,53099,0.15926583333333333,0.015585385279264301,-0.9859404749982059,"{""0"": 8559, ""1"": 8318, ""2"": 8581, ""3"": 9511, ""4"": 9380, ""5"": 8750}",connected
53199,612,53199,0.15768249999999995,0.016106991644483058,-0.9859404749982059,"{""0"": 8565, ""1"": 8340, ""2"": 8596, ""3"": 9532, ""4"": 9410, ""5"": 8756}",connected
53299,614,53299,0.15609916666666668,0.01804898789850995,-0.9777236128179356,"{""0"": 8574, ""1"": 8362, ""2"": 8611, ""3"": 9555, ""4"": 9437, ""5"": 8760}",connected
53399,615,53399,0.1545158333333334,0.018135457902681083,-1.0015192484366708,"{""0"": 8587, ""1"": 8390, ""2"": 8621, ""3"": 9575, ""4"": 9458, ""5"": 8768}",connected
53499,616,53499,0.15293250000000003,0.017768039354123175,-1.087230777789373,"{""0"": 8608, ""1"": 8403, ""2"": 8632, ""3"": 9593, ""4"": 9484, ""5"": 8779}",connected
53599,618,53599,0.15134916666666676,0.018722246140241622,-1.0645557587011718,"{""0"": 8630, ""1"": 8416, ""2"": 8642, ""3"": 9621, ""4"": 9507, ""5"": 8783}",connected
53699,618,53699,0.14976583333333338,0.018495650626719,-1.0645557587011718,"{""0"": 8644, ""1"": 8426, ""2"": 8654, ""3"": 9653, ""4"": 9532, ""5"": 8790}",connected
53799,620,53799,0.1481825000000001,0.01969636747613549,-1.1005366682703608,"{""0"": 8651, ""1"": 8445, ""2"": 8672, ""3"": 9679, ""4"": 9550, ""5"": 8802}",connected
53899,620,53899,0.14659916666666672,0.021349940623622388,-1.1005366682703608,"{""0"": 8669, ""1"": 8458, ""2"": 8696, ""3"": 9699, ""4"": 9569, ""5"": 8808}",connected
53999,622,53999,0.14501583333333334,0.022174684626515954,-1.1150199023704044,"{""0"": 8681, ""1"": 8479, ""2"": 8709, ""3"": 9720, ""4"": 9600, ""5"": 8810}",connected
54099,624,54099,0.14343250000000007,0.020148446050006895,-1.0904455797211268,"{""0"": 8705, ""1"": 8490, ""2"": 8717, ""3"": 9744, ""4"": 9628, ""5"": 8815}",connected
54199,626,54199,0.1418491666666667,0.01928747337544337,-1.0621570980385877,"{""0"": 8716, ""1"": 8511, ""2"": 8735, ""3"": 9762, ""4"": 9649, ""5"": 8826}",connected
54299,626,54299,0.1402658333333333,0.02082195408642292,-1.0621570980385877,"{""0"": 8726, ""1"": 8536, ""2"": 8748, ""3"": 9784, ""4"": 9677, ""5"": 8828}",connected
54399,630,54399,0.13868250000000004,0.019214438814669846,-0.9872251971182413,"{""0"": 8732, ""1"": 8557, ""2"": 8775, ""3"": 9807, ""4"": 9697, ""5"": 8831}",connected
54499,630,54499,0.13709916666666666,0.02054880383424461,-0.9872251971182413,"{""0"": 8755, ""1"": 8578, ""2"": 8791, ""3"": 9822, ""4"": 9718, ""5"": 8835}",connected
54599,632,54599,0.1355158333333334,0.020505648059770464,-1.0095125626469963,"{""0"": 8769, ""1"": 8592, ""2"": 8808, ""3"": 9839, ""4"": 9742, ""5"": 8849}",connected
54699,634,54699,0.13393250000000012,0.018901825682260096,-0.9616370408865623,"{""0"": 8773, ""1"": 8607, ""2"": 8849, ""3"": 9853, ""4"": 9747, ""5"": 8870}",connected
54799,636,54799,0.13234916666666674,0.020628472925163805,-1.049435336708557,"{""0"": 8789, ""1"": 8621, ""2"": 8862, ""3"": 9879, ""4"": 9769, ""5"": 8879}",connected
54899,636,54899,0.13076583333333336,0.021800980868283658,-1.049435336708557,"{""0"": 8798, ""1"": 8628, ""2"": 8875, ""3"": 9900, ""4"": 9801, ""5"": 8897}",connected
54999,638,54999,0.1291825000000001,0.022504853818099947,-1.0946863656141794,"{""0"": 8802, ""1"": 8647, ""2"": 8892, ""3"": 9917, ""4"": 9832, ""5"": 8909}",connected
55099,638,55099,0.1275991666666667,0.022563087632879616,-1.0946863656141794,"{""0"": 8810, ""1"": 8655, ""2"": 8910, ""3"": 9949, ""4"": 9856, ""5"": 8919}",connected
55199,640,55199,0.12601583333333333,0.02321329804137349,-1.1519370296481066,"{""0"": 8818, ""1"": 8673, ""2"": 8936, ""3"": 9964, ""4"": 9879, ""5"": 8929}",connected
55299,642,55299,0.12443250000000006,0.021934010072145613,-1.0698413015063852,"{""0"": 8827, ""1"": 8700, ""2"": 8948, ""3"": 9988, ""4"": 9903, ""5"": 8933}",connected
55399,642,55399,0.12284916666666668,0.020053169731982054,-1.0698413015063852,"{""0"": 8844, ""1"": 8711, ""2"": 8980, ""3"": 10007, ""4"": 9917, ""5"": 8940}",connected
55499,644,55499,0.1212658333333333,0.02000501020113006,-1.0724104287708178,"{""0"": 8872, ""1"": 8716, ""2"": 9014, ""3"": 10019, ""4"": 9927, ""5"": 8951}",connected
55599,644,55599,0.11968250000000002,0.018963842794764787,-1.0724104287708178,"{""0"": 8874, ""1"": 8738, ""2"": 9037, ""3"": 10041, ""4"": 9950, ""5"": 8959}",connected
55699,646,55699,0.11809916666666664,0.018115199690219016,-1.0894548909598962,"{""0"": 8881, ""1"": 8753, ""2"": 9056, ""3"": 10065, ""4"": 9982, ""5"": 8962}",connected
55799,646,55799,0.11651583333333337,0.021211671940982342,-1.0894548909598962,"{""0"": 8891, ""1"": 8768, ""2"": 9063, ""3"": 10089, ""4"": 10008, ""5"": 8980}",connected
55899,648,55899,0.1149325000000001,0.02291968253441155,-1.0666328394040465,"{""0"": 8905, ""1"": 8786, ""2"": 9076, ""3"": 10109, ""4"": 10039, ""5"": 8984}",connected
55999,648,55999,0.11334916666666672,0.02163014952559024,-1.0666328394040465,"{""0"": 8920, ""1"": 8787, ""2"": 9097, ""3"": 10130, ""4"": 10069, ""5"": 8996}",connected
56099,650,56099,0.11176583333333334,0.02240646749967709,-1.1389908311329782,"{""0"": 8923, ""1"": 8811, ""2"": 9123, ""3"": 10150, ""4"": 10086, ""5"": 9006}",connected
56199,652,56199,0.11018250000000007,0.022414417460095138,-1.1929939848184585,"{""0"": 8925, ""1"": 8824, ""2"": 9128, ""3"": 10180, ""4"": 10129, ""5"": 9013}",connected
56299,652,56299,0.10859916666666669,0.02148280930239707,-1.1929939848184585,"{""0"": 8927, ""1"": 8835, ""2"": 9132, ""3"": 10224, ""4"": 10158, ""5"": 9023}",connected
56399,654,56399,0.10701583333333342,0.0218240855447948,-1.1866230016201735,"{""0"": 8950, ""1"": 8846, ""2"": 9142, ""3"": 10250, ""4"": 10183, ""5"": 9028}",connected
56499,654,56499,0.10543250000000004,0.022495506713166833,-1.1866230016201735,"{""0"": 8955, ""1"": 8880, ""2"": 9158, ""3"": 10270, ""4"": 10207, ""5"": 9029}",connected
56599,656,56599,0.10384916666666666,0.02049090278800577,-1.220547653210815,"{""0"": 8961, ""1"": 8900, ""2"": 9174, ""3"": 10296, ""4"": 10235, ""5"": 9033}",connected
56699,656,56699,0.10226583333333339,0.02087242716224864,-1.220547653210815,"{""0"": 8966, ""1"": 8941, ""2"": 9183, ""3"": 10314, ""4"": 10260, ""5"": 9035}",connected
56799,658,56799,0.10068250000000001,0.02201626028632745,-1.2149731052783317,"{""0"": 8974, ""1"": 8952, ""2"": 9192, ""3"": 10337, ""4"": 10306, ""5"": 9038}",connected
56899,658,56899,0.09909916666666663,0.021068277668673543,-1.2149731052783317,"{""0"": 8998, ""1"": 8964, ""2"": 9194, ""3"": 10346, ""4"": 10321, ""5"": 9076}",connected
56999,660,56999,0.09751583333333347,0.02244533982826397,-1.2018372854893096,"{""0"": 9014, ""1"": 8976, ""2"": 9207, ""3"": 10368, ""4"": 10334, ""5"": 9100}",connected
57099,662,57099,0.09593250000000009,0.021168342570308595,-1.1944942269125023,"{""0"": 9028, ""1"": 8996, ""2"": 9218, ""3"": 10386, ""4"": 10350, ""5"": 9121}",connected
57199,662,57199,0.0943491666666667,0.020204468439333143,-1.1944942269125023,"{""0"": 9047, ""1"": 9011, ""2"": 9231, ""3"": 10408, ""4"": 10365, ""5"": 9137}",connected
57299,664,57299,0.09276583333333344,0.021636512100230904,-1.171764840662945,"{""0"": 9058, ""1"": 9044, ""2"": 9242, ""3"": 10424, ""4"": 10390, ""5"": 9141}",connected
57399,664,57399,0.09118250000000006,0.02134804714238271,-1.171764840662945,"{""0"": 9069, ""1"": 9063, ""2"": 9250, ""3"": 10445, ""4"": 10428, ""5"": 9144}",connected
57499,666,57499,0.08959916666666667,0.021532304240390657,-1.1751014509261586,"{""0"": 9074, ""1"": 9080, ""2"": 9268, ""3"": 10471, ""4"": 10457, ""5"": 9149}",connected
57599,666,57599,0.0880158333333334,0.02211714839329943,-1.1751014509261586,"{""0"": 9076, ""1"": 9103, ""2"": 9280, ""3"": 10496, ""4"": 10491, ""5"": 9153}",connected
57699,668,57699,0.08643250000000002,0.021609892260748893,-1.2041089293989353,"{""0"": 9095, ""1"": 9120, ""2"": 9294, ""3"": 10513, ""4"": 10519, ""5"": 9158}",connected
57799,668,57799,0.08484916666666664,0.019253010051324963,-1.2041089293989353,"{""0"": 9109, ""1"": 9137, ""2"": 9299, ""3"": 10549, ""4"": 10531, ""5"": 9174}",connected
57899,670,57899,0.08326583333333337,0.01926805339520797,-1.1654371091793292,"{""0"": 9116, ""1"": 9149, ""2"": 9301, ""3"": 10572, ""4"": 10554, ""5"": 9207}",connected
57999,672,57999,0.08168249999999999,0.018019082758110018,-1.173362936100457,"{""0"": 9126, ""1"": 9163, ""2"": 9317, ""3"": 10586, ""4"": 10571, ""5"": 9236}",connected
58099,672,58099,0.08009916666666661,0.018544054522644727,-1.173362936100457,"{""0"": 9140, ""1"": 9180, ""2"": 9327, ""3"": 10604, ""4"": 10595, ""5"": 9253}",connected
58199,674,58199,0.07851583333333345,0.020853813765570522,-1.1488628048985265,"{""0"": 9180, ""1"": 9196, ""2"": 9337, ""3"": 10621, ""4"": 10602, ""5"": 9263}",connected
58299,676,58299,0.07693250000000007,0.021487051150761546,-1.1454667060240171,"{""0"": 9185, ""1"": 9218, ""2"": 9368, ""3"": 10639, ""4"": 10622, ""5"": 9267}",connected
58399,676,58399,0.07534916666666669,0.02142778306733817,-1.1454667060240171,"{""0"": 9191, ""1"": 9232, ""2"": 9378, ""3"": 10675, ""4"": 10645, ""5"": 9278}",connected
58499,678,58499,0.07376583333333342,0.020717748366296293,-1.1369822677527555,"{""0"": 9202, ""1"": 9253, ""2"": 9396, ""3"": 10693, ""4"": 10674, ""5"": 9281}",connected
58599,678,58599,0.07218250000000004,0.019764663823880254,-1.1369822677527555,"{""0"": 9210, ""1"": 9268, ""2"": 9406, ""3"": 10722, ""4"": 10706, ""5"": 9287}",connected
58699,680,58699,0.07059916666666677,0.019897808860987423,-1.1846772601199336,"{""0"": 9218, ""1"": 9295, ""2"": 9422, ""3"": 10742, ""4"": 10731, ""5"": 9291}",connected
58799,680,58799,0.06901583333333339,0.01961543697863817,-1.1846772601199336,"{""0"": 9235, ""1"": 9303, ""2"": 9434, ""3"": 10758, ""4"": 10747, ""5"": 9322}",connected
58899,682,58899,0.0674325,0.020994122037664056,-1.1621465135435574,"{""0"": 9246, ""1"": 9321, ""2"": 9449, ""3"": 10772, ""4"": 10777, ""5"": 9334}",connected
58999,682,58999,0.06584916666666674,0.021095104631967843,-1.1621465135435574,"{""0"": 9249, ""1"": 9326, ""2"": 9498, ""3"": 10803, ""4"": 10786, ""5"": 9337}",connected
59099,684,59099,0.06426583333333336,0.020681337667629123,-1.1402362362318672,"{""0"": 9265, ""1"": 9346, ""2"": 9512, ""3"": 10823, ""4"": 10811, ""5"": 9342}",connected
59199,686,59199,0.06268249999999997,0.022339660674333572,-1.1357927582389675,"{""0"": 9277, ""1"": 9356, ""2"": 9548, ""3"": 10838, ""4"": 10827, ""5"": 9353}",connected
59299,686,59299,0.061099166666666704,0.02199910406023264,-1.1357927582389675,"{""0"": 9280, ""1"": 9370, ""2"": 9571, ""3"": 10871, ""4"": 10845, ""5"": 9362}",connected
59399,688,59399,0.059515833333333434,0.022445590062998236,-1.09565035227919,"{""0"": 9283, ""1"": 9392, ""2"": 9582, ""3"": 10887, ""4"": 10890, ""5"": 9365}",connected
59499,690,59499,0.05793250000000005,0.022739224922843276,-0.99492038247874,"{""0"": 9286, ""1"": 9419, ""2"": 9602, ""3"": 10907, ""4"": 10915, ""5"": 9370}",connected
59599,692,59599,0.05634916666666678,0.02178978263866156,-0.8443664775113575,"{""0"": 9291, ""1"": 9441, ""2"": 9622, ""3"": 10924, ""4"": 10940, ""5"": 9381}",connected
59699,694,59699,0.0547658333333334,0.02152798437513411,-0.8625688145286403,"{""0"": 9297, ""1"": 9464, ""2"": 9639, ""3"": 10938, ""4"": 10958, ""5"": 9403}",connected
59799,694,59799,0.05318250000000002,0.022249725880101323,-0.8625688145286403,"{""0"": 9299, ""1"": 9493, ""2"": 9663, ""3"": 10954, ""4"": 10983, ""5"": 9407}",connected
59899,696,59899,0.05159916666666675,0.022372077056206762,-0.8744021984026767,"{""0"": 9307, ""1"": 9512, ""2"": 9679, ""3"": 10979, ""4"": 11009, ""5"": 9413}",connected
59999,696,59999,0.05001583333333337,0.023462251699529587,-0.8744021984026767,"{""0"": 9314, ""1"": 9531, ""2"": 9689, ""3"": 10993, ""4"": 11036, ""5"": 9436}",connected
60099,698,60099,0.050000000000000044,0.023369927182793616,-0.906376157652121,"{""0"": 9323, ""1"": 9562, ""2"": 9699, ""3"": 11012, ""4"": 11064, ""5"": 9439}",connected
60199,698,60199,0.050000000000000044,0.022406995091587306,-0.906376157652121,"{""0"": 9324, ""1"": 9585, ""2"": 9707, ""3"": 11034, ""4"": 11088, ""5"": 9461}",connected
60299,700,60299,0.050000000000000044,0.02297399035654962,-0.9140396370110102,"{""0"": 9336, ""1"": 9601, ""2"": 9720, ""3"": 11060, ""4"": 11108, ""5"": 9474}",connected
60399,700,60399,0.050000000000000044,0.02169668991584331,-0.9140396370110102,"{""0"": 9343, ""1"": 9620, ""2"": 9741, ""3"": 11093, ""4"": 11126, ""5"": 9476}",connected
60499,702,60499,0.050000000000000044,0.02317538029048592,-0.9360276391985827,"{""0"": 9347, ""1"": 9641, ""2"": 9750, ""3"": 11109, ""4"": 11145, ""5"": 9507}",connected
60599,704,60599,0.050000000000000044,0.025058406190946698,-0.9606232806970365,"{""0"": 9353, ""1"": 9659, ""2"": 9761, ""3"": 11146, ""4"": 11166, ""5"": 9514}",connected
60699,704,60699,0.050000000000000044,0.02379463879857212,-0.9606232806970365,"{""0"": 9359, ""1"": 9687, ""2"": 9772, ""3"": 11172, ""4"": 11188, ""5"": 9521}",connected
60799,706,60799,0.050000000000000044,0.02588486377382651,-0.9566407766309567,"{""0"": 9380, ""1"": 9722, ""2"": 9775, ""3"": 11186, ""4"": 11210, ""5"": 9526}",connected
60899,706,60899,0.050000000000000044,0.025385044722352177,-0.9566407766309567,"{""0"": 9393, ""1"": 9752, ""2"": 9784, ""3"": 11201, ""4"": 11230, ""5"": 9539}",connected
60999,708,60999,0.050000000000000044,0.025300236104521902,-0.9849175071553327,"{""0"": 9446, ""1"": 9762, ""2"": 9795, ""3"": 11216, ""4"": 11237, ""5"": 9543}",connected
61099,708,61099,0.050000000000000044,0.027118999843951316,-0.9849175071553327,"{""0"": 9448, ""1"": 9776, ""2"": 9815, ""3"": 11238, ""4"": 11261, ""5"": 9561}",connected
61199,710,61199,0.050000000000000044,0.026075192405842246,-1.0091975326393732,"{""0"": 9451, ""1"": 9797, ""2"": 9832, ""3"": 11272, ""4"": 11280, ""5"": 9567}",connected
61299,710,61299,0.050000000000000044,0.026004519565030932,-1.0091975326393732,"{""0"": 9458, ""1"": 9822, ""2"": 9855, ""3"": 11292, ""4"": 11300, ""5"": 9572}",connected
61399,712,61399,0.050000000000000044,0.02419785981066525,-0.9712636995525099,"{""0"": 9469, ""1"": 9838, ""2"": 9866, ""3"": 11334, ""4"": 11315, ""5"": 9577}",connected
61499,714,61499,0.050000000000000044,0.023330748840235175,-0.9738886477705091,"{""0"": 9473, ""1"": 9862, ""2"": 9892, ""3"": 11350, ""4"": 11336, ""5"": 9586}",connected
61599,714,61599,0.050000000000000044,0.02356682640966028,-0.9738886477705091,"{""0"": 9476, ""1"": 9885, ""2"": 9906, ""3"": 11383, ""4"": 11361, ""5"": 9588}",connected
61699,716,61699,0.050000000000000044,0.023096974296495317,-0.953703016708605,"{""0"": 9490, ""1"": 9905, ""2"": 9922, ""3"": 11404, ""4"": 11387, ""5"": 9591}",connected
61799,716,61799,0.050000000000000044,0.024682327560149132,-0.953703016708605,"{""0"": 9491, ""1"": 9910, ""2"": 9973, ""3"": 11423, ""4"": 11411, ""5"": 9591}",connected
61899,718,61899,0.050000000000000044,0.025411520898342133,-0.9835585936252028,"{""0"": 9494, ""1"": 9916, ""2"": 10006, ""3"": 11432, ""4"": 11426, ""5"": 9625}",connected
61999,718,61999,0.050000000000000044,0.025458988510072233,-0.9835585936252028,"{""0"": 9500, ""1"": 9934, ""2"": 10023, ""3"": 11461, ""4"": 11444, ""5"": 9637}",connected
62099,722,62099,0.050000000000000044,0.02576163674239069,-0.9266162061318756,"{""0"": 9509, ""1"": 9949, ""2"": 10041, ""3"": 11498, ""4"": 11458, ""5"": 9644}",connected
62199,722,62199,0.050000000000000044,0.024727440318092705,-0.9266162061318756,"{""0"": 9514, ""1"": 9964, ""2"": 10058, ""3"": 11533, ""4"": 11486, ""5"": 9644}",connected
62299,724,62299,0.050000000000000044,0.025920040225610137,-0.9376595874316991,"{""0"": 9533, ""1"": 9978, ""2"": 10071, ""3"": 11544, ""4"": 11527, ""5"": 9646}",connected
62399,724,62399,0.050000000000000044,0.025554574369452895,-0.9376595874316991,"{""0"": 9539, ""1"": 10012, ""2"": 10096, ""3"": 11558, ""4"": 11538, ""5"": 9656}",connected
62499,728,62499,0.050000000000000044,0.025662301471456886,-0.9540057783620433,"{""0"": 9552, ""1"": 10035, ""2"": 10123, ""3"": 11578, ""4"": 11555, ""5"": 9656}",connected
62599,730,62599,0.050000000000000044,0.026929743541404604,-0.9853085922542959,"{""0"": 9555, ""1"": 10056, ""2"": 10148, ""3"": 11604, ""4"": 11577, ""5"": 9659}",connected
62699,730,62699,0.050000000000000044,0.02488897864241153,-0.9853085922542959,"{""0"": 9556, ""1"": 10078, ""2"": 10181, ""3"": 11621, ""4"": 11592, ""5"": 9671}",connected
62799,732,62799,0.050000000000000044,0.02484973388724029,-0.9627747976547107,"{""0"": 9558, ""1"": 10103, ""2"": 10205, ""3"": 11636, ""4"": 11626, ""5"": 9671}",connected
62899,732,62899,0.050000000000000044,0.02295421117451042,-0.9627747976547107,"{""0"": 9561, ""1"": 10116, ""2"": 10217, ""3"": 11649, ""4"": 11654, ""5"": 9702}",connected
62999,734,62999,0.050000000000000044,0.021743468106724322,-1.0140643579373136,"{""0"": 9564, ""1"": 10132, ""2"": 10247, ""3"": 11675, ""4"": 11674, ""5"": 9707}",connected
63099,734,63099,0.050000000000000044,0.022586112427525222,-1.0140643579373136,"{""0"": 9565, ""1"": 10134, ""2"": 10247, ""3"": 11721, ""4"": 11678, ""5"": 9754}",connected
63199,736,63199,0.050000000000000044,0.024106226339936258,-0.9823303645662963,"{""0"": 9571, ""1"": 10145, ""2"": 10261, ""3"": 11749, ""4"": 11702, ""5"": 9771}",connected
63299,738,63299,0.050000000000000044,0.02606158040929586,-0.8611027015233412,"{""0"": 9576, ""1"": 10169, ""2"": 10277, ""3"": 11776, ""4"": 11717, ""5"": 9784}",connected
63399,738,63399,0.050000000000000044,0.026057897680439056,-0.8611027015233412,"{""0"": 9584, ""1"": 10185, ""2"": 10300, ""3"": 11783, ""4"": 11756, ""5"": 9791}",connected
63499,740,63499,0.050000000000000044,0.026857522251084447,-0.8229908156068996,"{""0"": 9602, ""1"": 10199, ""2"": 10314, ""3"": 11797, ""4"": 11769, ""5"": 9818}",connected
63599,740,63599,0.050000000000000044,0.025452894186601044,-0.8229908156068996,"{""0"": 9604, ""1"": 10224, ""2"": 10343, ""3"": 11819, ""4"": 11790, ""5"": 9819}",connected
63699,742,63699,0.050000000000000044,0.02504992524161935,-0.9096469947951846,"{""0"": 9614, ""1"": 10251, ""2"": 10364, ""3"": 11837, ""4"": 11811, ""5"": 9822}",connected
63799,742,63799,0.050000000000000044,0.025749369971454144,-0.9096469947951846,"{""0"": 9626, ""1"": 10294, ""2"": 10364, ""3"": 11880, ""4"": 11813, ""5"": 9822}",connected
63899,744,63899,0.050000000000000044,0.025033693062141538,-0.8992756478744559,"{""0"": 9630, ""1"": 10322, ""2"": 10376, ""3"": 11913, ""4"": 11828, ""5"": 9830}",connected
63999,744,63999,0.050000000000000044,0.025970976278185846,-0.8992756478744559,"{""0"": 9639, ""1"": 10333, ""2"": 10387, ""3"": 11949, ""4"": 11848, ""5"": 9843}",connected
64099,746,64099,0.050000000000000044,0.026018827268853784,-0.8610945317870937,"{""0"": 9648, ""1"": 10373, ""2"": 10397, ""3"": 11975, ""4"": 11862, ""5"": 9844}",connected
64199,748,64199,0.050000000000000044,0.028465701108798383,-0.8401821975898929,"{""0"": 9660, ""1"": 10400, ""2"": 10407, ""3"": 12001, ""4"": 11872, ""5"": 9859}",connected
64299,748,64299,0.050000000000000044,0.027913831430487333,-0.8401821975898929,"{""0"": 9679, ""1"": 10415, ""2"": 10436, ""3"": 12013, ""4"": 11897, ""5"": 9859}",connected
64399,750,64399,0.050000000000000044,0.0286897541442886,-0.7605457369587384,"{""0"": 9685, ""1"": 10430, ""2"": 10443, ""3"": 12018, ""4"": 11960, ""5"": 9863}",connected
64499,750,64499,0.050000000000000044,0.030208264105021955,-0.7605457369587384,"{""0"": 9698, ""1"": 10457, ""2"": 10456, ""3"": 12029, ""4"": 11995, ""5"": 9864}",connected
64599,752,64599,0.050000000000000044,0.028805502131581305,-0.7581196336797439,"{""0"": 9703, ""1"": 10477, ""2"": 10468, ""3"": 12071, ""4"": 12013, ""5"": 9867}",connected
64699,754,64699,0.050000000000000044,0.028388328640721737,-0.6447585000027902,"{""0"": 9714, ""1"": 10490, ""2"": 10481, ""3"": 12093, ""4"": 12046, ""5"": 9875}",connected
64799,754,64799,0.050000000000000044,0.028115969984792172,-0.6447585000027902,"{""0"": 9718, ""1"": 10520, ""2"": 10500, ""3"": 12113, ""4"": 12064, ""5"": 9884}",connected
64899,756,64899,0.050000000000000044,0.02699816950596869,-0.64440914982697,"{""0"": 9730, ""1"": 10538, ""2"": 10509, ""3"": 12127, ""4"": 12106, ""5"": 9889}",connected
64999,756,64999,0.050000000000000044,0.027911634240299462,-0.64440914982697,"{""0"": 9734, ""1"": 10555, ""2"": 10527, ""3"": 12151, ""4"": 12125, ""5"": 9907}",connected
65099,758,65099,0.050000000000000044,0.030597429992631077,-0.6462649407587014,"{""0"": 9738, ""1"": 10573, ""2"": 10556, ""3"": 12169, ""4"": 12141, ""5"": 9922}",connected
65199,760,65199,0.050000000000000044,0.030523263178765775,-0.6417046196456068,"{""0"": 9741, ""1"": 10582, ""2"": 10592, ""3"": 12172, ""4"": 12151, ""5"": 9961}",connected
65299,760,65299,0.050000000000000044,0.029685513162985445,-0.6417046196456068,"{""0"": 9758, ""1"": 10601, ""2"": 10606, ""3"": 12194, ""4"": 12172, ""5"": 9968}",connected
65399,762,65399,0.050000000000000044,0.029136605160310865,-0.6214797394513153,"{""0"": 9763, ""1"": 10627, ""2"": 10626, ""3"": 12217, ""4"": 12193, ""5"": 9973}",connected
65499,762,65499,0.050000000000000044,0.027767855916172268,-0.6214797394513153,"{""0"": 9771, ""1"": 10636, ""2"": 10686, ""3"": 12227, ""4"": 12201, ""5"": 9978}",connected
65599,764,65599,0.050000000000000044,0.02971400582231581,-0.6214150276058353,"{""0"": 9778, ""1"": 10662, ""2"": 10700, ""3"": 12250, ""4"": 12231, ""5"": 9978}",connected
65699,764,65699,0.050000000000000044,0.03088809583336115,-0.6214150276058353,"{""0"": 9778, ""1"": 10679, ""2"": 10730, ""3"": 12272, ""4"": 12242, ""5"": 9998}",connected
65799,766,65799,0.050000000000000044,0.02882759176194668,-0.6232073312695138,"{""0"": 9783, ""1"": 10699, ""2"": 10745, ""3"": 12316, ""4"": 12257, ""5"": 9999}",connected
65899,766,65899,0.050000000000000044,0.029284835131838917,-0.6232073312695138,"{""0"": 9788, ""1"": 10717, ""2"": 10754, ""3"": 12346, ""4"": 12274, ""5"": 10020}",connected
65999,770,65999,0.050000000000000044,0.026905639125034214,-0.528899194158148,"{""0"": 9795, ""1"": 10741, ""2"": 10777, ""3"": 12374, ""4"": 12289, ""5"": 10023}",connected
66099,770,66099,0.050000000000000044,0.026893075946718456,-0.528899194158148,"{""0"": 9813, ""1"": 10754, ""2"": 10789, ""3"": 12398, ""4"": 12317, ""5"": 10028}",connected
66199,772,66199,0.050000000000000044,0.028665401432663204,-0.5322469298425131,"{""0"": 9818, ""1"": 10769, ""2"": 10815, ""3"": 12414, ""4"": 12329, ""5"": 10054}",connected
66299,772,66299,0.050000000000000044,0.03003832169342786,-0.5322469298425131,"{""0"": 9820, ""1"": 10791, ""2"": 10837, ""3"": 12441, ""4"": 12348, ""5"": 10062}",connected
66399,774,66399,0.050000000000000044,0.03273334494326264,-0.5640268463105894,"{""0"": 9823, ""1"": 10814, ""2"": 10857, ""3"": 12475, ""4"": 12365, ""5"": 10065}",connected
66499,776,66499,0.050000000000000044,0.03291566332336515,-0.6595611787238158,"{""0"": 9829, ""1"": 10832, ""2"": 10889, ""3"": 12491, ""4"": 12390, ""5"": 10068}",connected
66599,776,66599,0.050000000000000044,0.0355766788078472,-0.6595611787238158,"{""0"": 9834, ""1"": 10841, ""2"": 10924, ""3"": 12494, ""4"": 12438, ""5"": 10068}",connected
66699,778,66699,0.050000000000000044,0.03517700190655887,-0.6938839444587939,"{""0"": 9838, ""1"": 10860, ""2"": 10959, ""3"": 12513, ""4"": 12456, ""5"": 10073}",connected
66799,780,66799,0.050000000000000044,0.03233142135664821,-0.6028754903073422,"{""0"": 9846, ""1"": 10878, ""2"": 10982, ""3"": 12529, ""4"": 12485, ""5"": 10079}",connected
66899,780,66899,0.050000000000000044,0.03416294938884676,-0.6028754903073422,"{""0"": 9868, ""1"": 10903, ""2"": 10999, ""3"": 12540, ""4"": 12500, ""5"": 10089}",connected
66999,782,66999,0.050000000000000044,0.03209471912123263,-0.5947214412898757,"{""0"": 9914, ""1"": 10919, ""2"": 11016, ""3"": 12548, ""4"": 12512, ""5"": 10090}",connected
67099,782,67099,0.050000000000000044,0.032212985204532744,-0.5947214412898757,"{""0"": 9916, ""1"": 10937, ""2"": 11068, ""3"": 12566, ""4"": 12519, ""5"": 10093}",connected
67199,784,67199,0.050000000000000044,0.03431349281221628,-0.6059811479621566,"{""0"": 9918, ""1"": 10956, ""2"": 11094, ""3"": 12590, ""4"": 12535, ""5"": 10106}",connected
67299,784,67299,0.050000000000000044,0.03525942916981876,-0.6059811479621566,"{""0"": 9926, ""1"": 11004, ""2"": 11110, ""3"": 12605, ""4"": 12547, ""5"": 10107}",connected
67399,786,67399,0.050000000000000044,0.036826443457975984,-0.6173484218190424,"{""0"": 9943, ""1"": 11025, ""2"": 11139, ""3"": 12614, ""4"": 12565, ""5"": 10113}",connected
67499,788,67499,0.050000000000000044,0.03707958093844354,-0.5958853737474419,"{""0"": 10000, ""1"": 11044, ""2"": 11147, ""3"": 12624, ""4"": 12570, ""5"": 10114}",connected
67599,788,67599,0.050000000000000044,0.03631450358778238,-0.5958853737474419,"{""0"": 10004, ""1"": 11055, ""2"": 11183, ""3"": 12656, ""4"": 12587, ""5"": 10114}",connected
67699,790,67699,0.050000000000000044,0.03569542028941214,-0.6683802588027902,"{""0"": 10006, ""1"": 11080, ""2"": 11204, ""3"": 12668, ""4"": 12625, ""5"": 10116}",connected
67799,790,67799,0.050000000000000044,0.0357083719689399,-0.6683802588027902,"{""0"": 10006, ""1"": 11095, ""2"": 11251, ""3"": 12688, ""4"": 12641, ""5"": 10118}",connected
67899,792,67899,0.050000000000000044,0.03617021904326975,-0.743963058043737,"{""0"": 10011, ""1"": 11116, ""2"": 11281, ""3"": 12707, ""4"": 12664, ""5"": 10120}",connected
67999,792,67999,0.050000000000000044,0.036267845798283814,-0.743963058043737,"{""0"": 10014, ""1"": 11141, ""2"": 11298, ""3"": 12736, ""4"": 12687, ""5"": 10123}",connected
68099,794,68099,0.050000000000000044,0.03549074856564403,-0.7556614389899187,"{""0"": 10017, ""1"": 11149, ""2"": 11307, ""3"": 12777, ""4"": 12695, ""5"": 10154}",connected
68199,794,68199,0.050000000000000044,0.03508113319054246,-0.7556614389899187,"{""0"": 10018, ""1"": 11175, ""2"": 11319, ""3"": 12814, ""4"": 12717, ""5"": 10156}",connected
68299,796,68299,0.050000000000000044,0.036723281610757115,-0.7367676281766035,"{""0"": 10023, ""1"": 11196, ""2"": 11334, ""3"": 12838, ""4"": 12748, ""5"": 10160}",connected
68399,798,68399,0.050000000000000044,0.0386550385504961,-0.7659137588762678,"{""0"": 10027, ""1"": 11207, ""2"": 11368, ""3"": 12883, ""4"": 12753, ""5"": 10161}",connected
68499,800,68499,0.050000000000000044,0.038788723833858965,-0.6743745105317793,"{""0"": 10031, ""1"": 11231, ""2"": 11383, ""3"": 12908, ""4"": 12774, ""5"": 10172}",connected
68599,802,68599,0.050000000000000044,0.03908387490548194,-0.5732586851972156,"{""0"": 10033, ""1"": 11256, ""2"": 11423, ""3"": 12928, ""4"": 12787, ""5"": 10172}",connected
68699,802,68699,0.050000000000000044,0.039021882386878134,-0.5732586851972156,"{""0"": 10034, ""1"": 11284, ""2"": 11450, ""3"": 12944, ""4"": 12810, ""5"": 10177}",connected
68799,804,68799,0.050000000000000044,0.03856772620230913,-0.5744122668518685,"{""0"": 10038, ""1"": 11305, ""2"": 11470, ""3"": 12965, ""4"": 12839, ""5"": 10182}",connected
68899,806,68899,0.050000000000000044,0.036719864532351494,-0.5800115299527533,"{""0"": 10044, ""1"": 11314, ""2"": 11498, ""3"": 12975, ""4"": 12882, ""5"": 10186}",connected
68999,806,68999,0.050000000000000044,0.03716665145941079,-0.5800115299527533,"{""0"": 10051, ""1"": 11327, ""2"": 11515, ""3"": 13019, ""4"": 12894, ""5"": 10193}",connected
69099,808,69099,0.050000000000000044,0.0371674685832113,-0.6205155448499136,"{""0"": 10054, ""1"": 11354, ""2"": 11540, ""3"": 13044, ""4"": 12913, ""5"": 10194}",connected
69199,808,69199,0.050000000000000044,0.03872503861784935,-0.6205155448499136,"{""0"": 10065, ""1"": 11369, ""2"": 11557, ""3"": 13077, ""4"": 12934, ""5"": 10197}",connected
69299,810,69299,0.050000000000000044,0.04158847343176603,-0.5870243185269647,"{""0"": 10076, ""1"": 11387, ""2"": 11579, ""3"": 13108, ""4"": 12950, ""5"": 10199}",connected
69399,810,69399,0.050000000000000044,0.04228162432089448,-0.5870243185269647,"{""0"": 10093, ""1"": 11401, ""2"": 11610, ""3"": 13124, ""4"": 12961, ""5"": 10210}",connected
69499,812,69499,0.050000000000000044,0.042300076764076947,-0.6079445265815593,"{""0"": 10102, ""1"": 11426, ""2"": 11627, ""3"": 13144, ""4"": 12983, ""5"": 10217}",connected
69599,812,69599,0.050000000000000044,0.04181873010471463,-0.6079445265815593,"{""0"": 10108, ""1"": 11456, ""2"": 11642, ""3"": 13174, ""4"": 12998, ""5"": 10221}",connected
69699,814,69699,0.050000000000000044,0.04317714185453951,-0.5816087101120502,"{""0"": 10113, ""1"": 11477, ""2"": 11658, ""3"": 13203, ""4"": 13027, ""5"": 10221}",connected
69799,816,69799,0.050000000000000044,0.0422951647080481,-0.6005068318685517,"{""0"": 10115, ""1"": 11505, ""2"": 11675, ""3"": 13230, ""4"": 13051, ""5"": 10223}",connected
69899,816,69899,0.050000000000000044,0.041225612610578534,-0.6005068318685517,"{""0"": 10116, ""1"": 11523, ""2"": 11708, ""3"": 13254, ""4"": 13070, ""5"": 10228}",connected
69999,818,69999,0.050000000000000044,0.03980478698387742,-0.5925992345390841,"{""0"": 10121, ""1"": 11546, ""2"": 11730, ""3"": 13279, ""4"": 13090, ""5"": 10233}",connected
70099,818,70099,0.050000000000000044,0.03930618877522647,-0.5925992345390841,"{""0"": 10124, ""1"": 11576, ""2"": 11747, ""3"": 13304, ""4"": 13106, ""5"": 10242}",connected
70199,820,70199,0.050000000000000044,0.03992410583421588,-0.5887305595586076,"{""0"": 10130, ""1"": 11609, ""2"": 11763, ""3"": 13325, ""4"": 13128, ""5"": 10244}",connected
70299,820,70299,0.050000000000000044,0.04009476628154516,-0.5887305595586076,"{""0"": 10176, ""1"": 11619, ""2"": 11765, ""3"": 13344, ""4"": 13148, ""5"": 10247}",connected
70399,822,70399,0.050000000000000044,0.040204097107052805,-0.6704862700309604,"{""0"": 10184, ""1"": 11638, ""2"": 11781, ""3"": 13376, ""4"": 13170, ""5"": 10250}",connected
70499,822,70499,0.050000000000000044,0.04067087079398334,-0.6704862700309604,"{""0"": 10185, ""1"": 11662, ""2"": 11797, ""3"": 13411, ""4"": 13194, ""5"": 10250}",connected
70599,824,70599,0.050000000000000044,0.043248616782948376,-0.6921201620344073,"{""0"": 10187, ""1"": 11674, ""2"": 11807, ""3"": 13431, ""4"": 13210, ""5"": 10290}",connected
70699,826,70699,0.050000000000000044,0.044106452474370596,-0.6817041249107569,"{""0"": 10192, ""1"": 11684, ""2"": 11813, ""3"": 13448, ""4"": 13256, ""5"": 10306}",connected
70799,826,70799,0.050000000000000044,0.046334074344486,-0.6817041249107569,"{""0"": 10195, ""1"": 11706, ""2"": 11834, ""3"": 13479, ""4"": 13278, ""5"": 10307}",connected
70899,828,70899,0.050000000000000044,0.04610311106778681,-0.7839942134357989,"{""0"": 10219, ""1"": 11713, ""2"": 11862, ""3"": 13500, ""4"": 13287, ""5"": 10318}",connected
70999,830,70999,0.050000000000000044,0.04319699537940323,-0.7569662263570354,"{""0"": 10224, ""1"": 11741, ""2"": 11879, ""3"": 13520, ""4"": 13311, ""5"": 10324}",connected
71099,832,71099,0.050000000000000044,0.04489045516587794,-0.7579137390526012,"{""0"": 10229, ""1"": 11763, ""2"": 11895, ""3"": 13545, ""4"": 13338, ""5"": 10329}",connected
71199,832,71199,0.050000000000000044,0.04388245040550828,-0.7579137390526012,"{""0"": 10251, ""1"": 11795, ""2"": 11908, ""3"": 13562, ""4"": 13350, ""5"": 10333}",connected
71299,834,71299,0.050000000000000044,0.043054393846541646,-0.7577393291145563,"{""0"": 10253, ""1"": 11812, ""2"": 11943, ""3"": 13587, ""4"": 13367, ""5"": 10337}",connected
71399,834,71399,0.050000000000000044,0.044156606458127495,-0.7577393291145563,"{""0"": 10258, ""1"": 11836, ""2"": 11973, ""3"": 13609, ""4"": 13384, ""5"": 10339}",connected
71499,838,71499,0.050000000000000044,0.04404945572838187,-0.7602873631939292,"{""0"": 10261, ""1"": 11856, ""2"": 11989, ""3"": 13639, ""4"": 13413, ""5"": 10341}",connected
71599,838,71599,0.050000000000000044,0.04494540525600314,-0.7602873631939292,"{""0"": 10264, ""1"": 11878, ""2"": 12002, ""3"": 13669, ""4"": 13437, ""5"": 10349}",connected
71699,840,71699,0.050000000000000044,0.0453040592931211,-0.7566857531340793,"{""0"": 10269, ""1"": 11928, ""2"": 12021, ""3"": 13680, ""4"": 13448, ""5"": 10353}",connected
71799,840,71799,0.050000000000000044,0.04441771778278053,-0.7566857531340793,"{""0"": 10269, ""1"": 11947, ""2"": 12037, ""3"": 13715, ""4"": 13471, ""5"": 10360}",connected
71899,842,71899,0.050000000000000044,0.04378145690076053,-0.7565048315981403,"{""0"": 10272, ""1"": 11956, ""2"": 12046, ""3"": 13763, ""4"": 13502, ""5"": 10360}",connected
71999,842,71999,0.050000000000000044,0.043068129187449816,-0.7565048315981403,"{""0"": 10310, ""1"": 11964, ""2"": 12077, ""3"": 13766, ""4"": 13508, ""5"": 10374}",connected
72099,844,72099,0.050000000000000044,0.04445796807296574,-0.7870276356767864,"{""0"": 10313, ""1"": 11984, ""2"": 12109, ""3"": 13790, ""4"": 13524, ""5"": 10379}",connected
72199,844,72199,0.050000000000000044,0.0471953899692744,-0.7870276356767864,"{""0"": 10323, ""1"": 12016, ""2"": 12140, ""3"": 13807, ""4"": 13532, ""5"": 10381}",connected
72299,846,72299,0.050000000000000044,0.04840294737368822,-0.8158525932347402,"{""0"": 10328, ""1"": 12038, ""2"": 12172, ""3"": 13828, ""4"": 13550, ""5"": 10383}",connected
72399,848,72399,0.050000000000000044,0.05207397282123566,-0.8320086572133004,"{""0"": 10331, ""1"": 12064, ""2"": 12195, ""3"": 13853, ""4"": 13572, ""5"": 10384}",connected
72499,850,72499,0.050000000000000044,0.05179657409898937,-0.827506824308075,"{""0"": 10338, ""1"": 12087, ""2"": 12214, ""3"": 13876, ""4"": 13592, ""5"": 10392}",connected
72599,850,72599,0.050000000000000044,0.05083131588995457,-0.827506824308075,"{""0"": 10342, ""1"": 12114, ""2"": 12241, ""3"": 13900, ""4"": 13610, ""5"": 10392}",connected
72699,852,72699,0.050000000000000044,0.049569372301921245,-0.806755846682936,"{""0"": 10349, ""1"": 12138, ""2"": 12257, ""3"": 13926, ""4"": 13630, ""5"": 10399}",connected
72799,852,72799,0.050000000000000044,0.04588204867206514,-0.806755846682936,"{""0"": 10350, ""1"": 12175, ""2"": 12290, ""3"": 13940, ""4"": 13642, ""5"": 10402}",connected
72899,854,72899,0.050000000000000044,0.04593272945843637,-0.8826120581151917,"{""0"": 10355, ""1"": 12199, ""2"": 12303, ""3"": 13961, ""4"": 13679, ""5"": 10402}",connected
72999,856,72999,0.050000000000000044,0.04657345621846616,-0.7623856012569741,"{""0"": 10383, ""1"": 12218, ""2"": 12316, ""3"": 13984, ""4"": 13694, ""5"": 10404}",connected
73099,858,73099,0.050000000000000044,0.04575111491605639,-0.7611311944853515,"{""0"": 10387, ""1"": 12260, ""2"": 12338, ""3"": 13998, ""4"": 13710, ""5"": 10406}",connected
73199,858,73199,0.050000000000000044,0.04779930087737739,-0.7611311944853515,"{""0"": 10408, ""1"": 12280, ""2"": 12352, ""3"": 14023, ""4"": 13722, ""5"": 10414}",connected
73299,860,73299,0.050000000000000044,0.04889949621632695,-0.7922778531489894,"{""0"": 10411, ""1"": 12307, ""2"": 12368, ""3"": 14052, ""4"": 13744, ""5"": 10417}",connected
73399,860,73399,0.050000000000000044,0.046405674517154695,-0.7922778531489894,"{""0"": 10416, ""1"": 12328, ""2"": 12422, ""3"": 14064, ""4"": 13752, ""5"": 10417}",connected
73499,864,73499,0.050000000000000044,0.04978546642698348,-0.7317089397553355,"{""0"": 10420, ""1"": 12355, ""2"": 12442, ""3"": 14088, ""4"": 13777, ""5"": 10417}",connected
73599,864,73599,0.050000000000000044,0.048469421453773975,-0.7317089397553355,"{""0"": 10422, ""1"": 12378, ""2"": 12472, ""3"": 14114, ""4"": 13792, ""5"": 10421}",connected
73699,866,73699,0.050000000000000044,0.04752287392504513,-0.6985227161413059,"{""0"": 10426, ""1"": 12404, ""2"": 12516, ""3"": 14129, ""4"": 13802, ""5"": 10422}",connected
73799,866,73799,0.050000000000000044,0.048107498483732344,-0.6985227161413059,"{""0"": 10428, ""1"": 12427, ""2"": 12571, ""3"": 14137, ""4"": 13813, ""5"": 10423}",connected
73899,868,73899,0.050000000000000044,0.04799275984056294,-0.7072111406363547,"{""0"": 10431, ""1"": 12456, ""2"": 12605, ""3"": 14152, ""4"": 13826, ""5"": 10429}",connected
73999,870,73999,0.050000000000000044,0.04892052150331438,-0.7228183390572667,"{""0"": 10435, ""1"": 12483, ""2"": 12625, ""3"": 14165, ""4"": 13859, ""5"": 10432}",connected
74099,870,74099,0.050000000000000044,0.049270481448620555,-0.7228183390572667,"{""0"": 10444, ""1"": 12502, ""2"": 12650, ""3"": 14188, ""4"": 13878, ""5"": 10437}",connected
74199,872,74199,0.050000000000000044,0.05094342624768615,-0.7320055125514046,"{""0"": 10455, ""1"": 12519, ""2"": 12668, ""3"": 14217, ""4"": 13903, ""5"": 10437}",connected
74299,872,74299,0.050000000000000044,0.049114998020231726,-0.7320055125514046,"{""0"": 10456, ""1"": 12545, ""2"": 12684, ""3"": 14240, ""4"": 13934, ""5"": 10440}",connected
74399,874,74399,0.050000000000000044,0.04904368452727795,-0.7334957866650075,"{""0"": 10459, ""1"": 12565, ""2"": 12702, ""3"": 14279, ""4"": 13952, ""5"": 10442}",connected
74499,875,74499,0.050000000000000044,0.048982137627899644,-0.7292614836944267,"{""0"": 10461, ""1"": 12597, ""2"": 12726, ""3"": 14309, ""4"": 13960, ""5"": 10446}",connected
74599,876,74599,0.050000000000000044,0.051291331127285955,-0.7058054566616192,"{""0"": 10465, ""1"": 12616, ""2"": 12748, ""3"": 14337, ""4"": 13985, ""5"": 10448}",connected
74699,878,74699,0.050000000000000044,0.05093751538544893,-0.6538688901253045,"{""0"": 10471, ""1"": 12630, ""2"": 12769, ""3"": 14371, ""4"": 13990, ""5"": 10468}",connected
74799,878,74799,0.050000000000000044,0.04892040438950062,-0.6538688901253045,"{""0"": 10473, ""1"": 12646, ""2"": 12794, ""3"": 14409, ""4"": 14005, ""5"": 10472}",connected
74899,880,74899,0.050000000000000044,0.05084931014105678,-0.6663853939855471,"{""0"": 10478, ""1"": 12669, ""2"": 12814, ""3"": 14439, ""4"": 14023, ""5"": 10476}",connected
74999,880,74999,0.050000000000000044,0.04897061106748879,-0.6663853939855471,"{""0"": 10483, ""1"": 12688, ""2"": 12842, ""3"": 14469, ""4"": 14037, ""5"": 10480}",connected
75099,882,75099,0.050000000000000044,0.05017025147564709,-0.6769632261060178,"{""0"": 10489, ""1"": 12709, ""2"": 12860, ""3"": 14497, ""4"": 14062, ""5"": 10482}",connected
75199,884,75199,0.050000000000000044,0.050823228480294344,-0.6727256869059056,"{""0"": 10492, ""1"": 12735, ""2"": 12884, ""3"": 14521, ""4"": 14079, ""5"": 10488}",connected
75299,884,75299,0.050000000000000044,0.04922168367542326,-0.6727256869059056,"{""0"": 10495, ""1"": 12771, ""2"": 12903, ""3"": 14537, ""4"": 14094, ""5"": 10499}",connected
75399,886,75399,0.050000000000000044,0.049141794927418235,-0.6494387494912371,"{""0"": 10504, ""1"": 12799, ""2"": 12911, ""3"": 14577, ""4"": 14107, ""5"": 10501}",connected
75499,886,75499,0.050000000000000044,0.0501233902387321,-0.6494387494912371,"{""0"": 10516, ""1"": 12839, ""2"": 12929, ""3"": 14594, ""4"": 14116, ""5"": 10505}",connected
75599,888,75599,0.050000000000000044,0.0508042711764574,-0.5886732091754675,"{""0"": 10540, ""1"": 12860, ""2"": 12947, ""3"": 14613, ""4"": 14131, ""5"": 10508}",connected
75699,888,75699,0.050000000000000044,0.05074347326532006,-0.5886732091754675,"{""0"": 10557, ""1"": 12869, ""2"": 12991, ""3"": 14632, ""4"": 14141, ""5"": 10509}",connected
75799,890,75799,0.050000000000000044,0.04982874711975455,-0.5934291688678787,"{""0"": 10563, ""1"": 12892, ""2"": 13017, ""3"": 14657, ""4"": 14159, ""5"": 10511}",connected
75899,892,75899,0.050000000000000044,0.049504776298999784,-0.6186191704170778,"{""0"": 10566, ""1"": 12914, ""2"": 13034, ""3"": 14685, ""4"": 14186, ""5"": 10514}",connected
75999,892,75999,0.050000000000000044,0.05203018225729465,-0.6186191704170778,"{""0"": 10568, ""1"": 12935, ""2"": 13056, ""3"": 14716, ""4"": 14208, ""5"": 10516}",connected
76099,894,76099,0.050000000000000044,0.05398204542696476,-0.6145860090758651,"{""0"": 10570, ""1"": 12956, ""2"": 13082, ""3"": 14740, ""4"": 14225, ""5"": 10526}",connected
76199,894,76199,0.050000000000000044,0.0549498381651938,-0.6145860090758651,"{""0"": 10579, ""1"": 12978, ""2"": 13098, ""3"": 14765, ""4"": 14250, ""5"": 10529}",connected
76299,898,76299,0.050000000000000044,0.05455864734947682,-0.4445046893134713,"{""0"": 10585, ""1"": 13004, ""2"": 13118, ""3"": 14786, ""4"": 14272, ""5"": 10534}",connected
76399,900,76399,0.050000000000000044,0.053484018966555594,-0.4465350447315723,"{""0"": 10634, ""1"": 13018, ""2"": 13131, ""3"": 14799, ""4"": 14282, ""5"": 10535}",connected
76499,902,76499,0.050000000000000044,0.05311527555808425,-0.4567736657243222,"{""0"": 10637, ""1"": 13041, ""2"": 13153, ""3"": 14824, ""4"": 14305, ""5"": 10539}",connected
76599,902,76599,0.050000000000000044,0.05513770002871752,-0.4567736657243222,"{""0"": 10640, ""1"": 13058, ""2"": 13178, ""3"": 14857, ""4"": 14324, ""5"": 10542}",connected
76699,904,76699,0.050000000000000044,0.054615487530827525,-0.4479562864359468,"{""0"": 10645, ""1"": 13087, ""2"": 13203, ""3"": 14880, ""4"": 14341, ""5"": 10543}",connected
76799,904,76799,0.050000000000000044,0.05404299730435014,-0.4479562864359468,"{""0"": 10677, ""1"": 13118, ""2"": 13220, ""3"": 14890, ""4"": 14350, ""5"": 10544}",connected
76899,906,76899,0.050000000000000044,0.054262430723756555,-0.4736322121368721,"{""0"": 10684, ""1"": 13144, ""2"": 13236, ""3"": 14910, ""4"": 14376, ""5"": 10549}",connected
76999,906,76999,0.050000000000000044,0.052629456454887986,-0.4736322121368721,"{""0"": 10690, ""1"": 13163, ""2"": 13256, ""3"": 14940, ""4"": 14398, ""5"": 10552}",connected
77099,908,77099,0.050000000000000044,0.05527864507399499,-0.4603198181046173,"{""0"": 10693, ""1"": 13190, ""2"": 13281, ""3"": 14968, ""4"": 14413, ""5"": 10554}",connected
77199,910,77199,0.050000000000000044,0.056881546871736646,-0.4788901923876256,"{""0"": 10698, ""1"": 13215, ""2"": 13300, ""3"": 14997, ""4"": 14435, ""5"": 10554}",connected
77299,912,77299,0.050000000000000044,0.0588796937931329,-0.37634573937859384,"{""0"": 10702, ""1"": 13241, ""2"": 13321, ""3"": 15022, ""4"": 14457, ""5"": 10556}",connected
77399,912,77399,0.050000000000000044,0.06105698822066188,-0.37634573937859384,"{""0"": 10710, ""1"": 13263, ""2"": 13334, ""3"": 15035, ""4"": 14480, ""5"": 10577}",connected
77499,914,77499,0.050000000000000044,0.05831242198124528,-0.38624223376624284,"{""0"": 10714, ""1"": 13281, ""2"": 13349, ""3"": 15060, ""4"": 14506, ""5"": 10589}",connected
77599,915,77599,0.050000000000000044,0.05789127158001065,-0.37528685410972684,"{""0"": 10714, ""1"": 13304, ""2"": 13367, ""3"": 15092, ""4"": 14530, ""5"": 10592}",connected
77699,916,77699,0.050000000000000044,0.058228295855224134,-0.37530928959604354,"{""0"": 10720, ""1"": 13330, ""2"": 13384, ""3"": 15128, ""4"": 14544, ""5"": 10593}",connected
77799,918,77799,0.050000000000000044,0.05668395871296525,-0.3486247344361618,"{""0"": 10751, ""1"": 13341, ""2"": 13390, ""3"": 15149, ""4"": 14574, ""5"": 10594}",connected
77899,918,77899,0.050000000000000044,0.05743962829001248,-0.3486247344361618,"{""0"": 10753, ""1"": 13370, ""2"": 13413, ""3"": 15173, ""4"": 14590, ""5"": 10600}",connected
77999,920,77999,0.050000000000000044,0.05788080980069935,-0.3593276685848832,"{""0"": 10756, ""1"": 13391, ""2"": 13436, ""3"": 15199, ""4"": 14615, ""5"": 10602}",connected
78099,922,78099,0.050000000000000044,0.056097321240231396,-0.2979681183816865,"{""0"": 10761, ""1"": 13413, ""2"": 13453, ""3"": 15237, ""4"": 14632, ""5"": 10603}",connected
78199,922,78199,0.050000000000000044,0.05712283476255834,-0.2979681183816865,"{""0"": 10784, ""1"": 13446, ""2"": 13463, ""3"": 15258, ""4"": 14641, ""5"": 10607}",connected
78299,924,78299,0.050000000000000044,0.05790611058473587,-0.20921332173980772,"{""0"": 10792, ""1"": 13470, ""2"": 13483, ""3"": 15291, ""4"": 14656, ""5"": 10607}",connected
78399,924,78399,0.050000000000000044,0.05837894445285201,-0.20921332173980772,"{""0"": 10795, ""1"": 13491, ""2"": 13504, ""3"": 15319, ""4"": 14680, ""5"": 10610}",connected
78499,926,78499,0.050000000000000044,0.057569081261754036,-0.20407360612414777,"{""0"": 10799, ""1"": 13514, ""2"": 13526, ""3"": 15348, ""4"": 14699, ""5"": 10613}",connected
78599,928,78599,0.050000000000000044,0.05777874708175659,-0.1792198869260028,"{""0"": 10828, ""1"": 13532, ""2"": 13542, ""3"": 15360, ""4"": 14722, ""5"": 10615}",connected
78699,928,78699,0.050000000000000044,0.05708200667053461,-0.1792198869260028,"{""0"": 10841, ""1"": 13550, ""2"": 13572, ""3"": 15380, ""4"": 14738, ""5"": 10618}",connected
78799,930,78799,0.050000000000000044,0.05735121740028262,-0.27890784765593707,"{""0"": 10848, ""1"": 13569, ""2"": 13589, ""3"": 15400, ""4"": 14774, ""5"": 10619}",connected
78899,930,78899,0.050000000000000044,0.056353080496191976,-0.27890784765593707,"{""0"": 10850, ""1"": 13590, ""2"": 13606, ""3"": 15434, ""4"": 14795, ""5"": 10624}",connected
78999,932,78999,0.050000000000000044,0.05663023639470339,-0.24863777942489831,"{""0"": 10855, ""1"": 13612, ""2"": 13635, ""3"": 15461, ""4"": 14810, ""5"": 10626}",connected
79099,932,79099,0.050000000000000044,0.058805443625897166,-0.24863777942489831,"{""0"": 10859, ""1"": 13631, ""2"": 13671, ""3"": 15484, ""4"": 14826, ""5"": 10628}",connected
79199,934,79199,0.050000000000000044,0.059672910422086715,-0.1904365998134017,"{""0"": 10867, ""1"": 13654, ""2"": 13689, ""3"": 15516, ""4"": 14843, ""5"": 10630}",connected
79299,934,79299,0.050000000000000044,0.059153792764991525,-0.1904365998134017,"{""0"": 10871, ""1"": 13685, ""2"": 13703, ""3"": 15539, ""4"": 14861, ""5"": 10640}",connected
79399,936,79399,0.050000000000000044,0.061626294758170844,-0.17722183714620768,"{""0"": 10877, ""1"": 13706, ""2"": 13720, ""3"": 15566, ""4"": 14886, ""5"": 10644}",connected
79499,938,79499,0.050000000000000044,0.06131349327042699,-0.2751553101092577,"{""0"": 10886, ""1"": 13731, ""2"": 13732, ""3"": 15587, ""4"": 14910, ""5"": 10653}",connected
79599,938,79599,0.050000000000000044,0.061717687286436555,-0.2751553101092577,"{""0"": 10887, ""1"": 13760, ""2"": 13755, ""3"": 15613, ""4"": 14929, ""5"": 10655}",connected
79699,940,79699,0.050000000000000044,0.0644226041994989,-0.2629410404153168,"{""0"": 10909, ""1"": 13773, ""2"": 13764, ""3"": 15647, ""4"": 14937, ""5"": 10669}",connected
79799,940,79799,0.050000000000000044,0.060695884488523005,-0.2629410404153168,"{""0"": 10915, ""1"": 13791, ""2"": 13781, ""3"": 15673, ""4"": 14955, ""5"": 10684}",connected
79899,942,79899,0.050000000000000044,0.06192260954529047,-0.23651961143128575,"{""0"": 10940, ""1"": 13807, ""2"": 13794, ""3"": 15688, ""4"": 14966, ""5"": 10704}",connected
79999,942,79999,0.050000000000000044,0.060292309876531364,-0.23651961143128575,"{""0"": 10942, ""1"": 13837, ""2"": 13828, ""3"": 15718, ""4"": 14969, ""5"": 10705}",connected
80099,944,80099,0.050000000000000044,0.05983691189438105,-0.21717775211203844,"{""0"": 10946, ""1"": 13867, ""2"": 13849, ""3"": 15741, ""4"": 14987, ""5"": 10709}",connected
80199,944,80199,0.050000000000000044,0.063886236269027,-0.21717775211203844,"{""0"": 10955, ""1"": 13896, ""2"": 13868, ""3"": 15765, ""4"": 15003, ""5"": 10712}",connected
80299,946,80299,0.050000000000000044,0.06464815178886056,-0.1946298600314185,"{""0"": 10962, ""1"": 13916, ""2"": 13891, ""3"": 15790, ""4"": 15025, ""5"": 10715}",connected
80399,948,80399,0.050000000000000044,0.06702973885461688,-0.205683853039518,"{""0"": 10968, ""1"": 13944, ""2"": 13909, ""3"": 15811, ""4"": 15050, ""5"": 10717}",connected
80499,948,80499,0.050000000000000044,0.06684982229024172,-0.205683853039518,"{""0"": 10971, ""1"": 13962, ""2"": 13938, ""3"": 15839, ""4"": 15069, ""5"": 10720}",connected
80599,950,80599,0.050000000000000044,0.06667413346469403,-0.2989110018266365,"{""0"": 10974, ""1"": 13980, ""2"": 13963, ""3"": 15874, ""4"": 15085, ""5"": 10723}",connected
80699,950,80699,0.050000000000000044,0.06571492835879326,-0.2989110018266365,"{""0"": 10977, ""1"": 14008, ""2"": 13995, ""3"": 15901, ""4"": 15092, ""5"": 10726}",connected
80799,952,80799,0.050000000000000044,0.06859537603333593,-0.30001460139639674,"{""0"": 10979, ""1"": 14032, ""2"": 14009, ""3"": 15930, ""4"": 15119, ""5"": 10730}",connected
80899,952,80899,0.050000000000000044,0.07312987823039294,-0.30001460139639674,"{""0"": 10984, ""1"": 14038, ""2"": 14050, ""3"": 15962, ""4"": 15129, ""5"": 10736}",connected
80999,954,80999,0.050000000000000044,0.07280067931860686,-0.29659248624928297,"{""0"": 10989, ""1"": 14052, ""2"": 14079, ""3"": 15980, ""4"": 15163, ""5"": 10736}",connected
81099,954,81099,0.050000000000000044,0.07529698401689529,-0.29659248624928297,"{""0"": 10990, ""1"": 14066, ""2"": 14118, ""3"": 16005, ""4"": 15171, ""5"": 10749}",connected
81199,956,81199,0.050000000000000044,0.07123901931568981,-0.37942201482132076,"{""0"": 11013, ""1"": 14079, ""2"": 14141, ""3"": 16030, ""4"": 15184, ""5"": 10752}",connected
81299,958,81299,0.050000000000000044,0.07016951488330961,-0.3795509750349447,"{""0"": 11016, ""1"": 14100, ""2"": 14156, ""3"": 16073, ""4"": 15200, ""5"": 10754}",connected
81399,958,81399,0.050000000000000044,0.06829977262765169,-0.3795509750349447,"{""0"": 11016, ""1"": 14120, ""2"": 14182, ""3"": 16105, ""4"": 15219, ""5"": 10757}",connected
81499,960,81499,0.050000000000000044,0.06881758831441402,-0.3733866994082928,"{""0"": 11022, ""1"": 14143, ""2"": 14202, ""3"": 16137, ""4"": 15235, ""5"": 10760}",connected
81599,960,81599,0.050000000000000044,0.06879787225276232,-0.3733866994082928,"{""0"": 11028, ""1"": 14165, ""2"": 14208, ""3"": 16179, ""4"": 15249, ""5"": 10770}",connected
81699,962,81699,0.050000000000000044,0.06843511786311865,-0.3452708142343909,"{""0"": 11038, ""1"": 14181, ""2"": 14225, ""3"": 16205, ""4"": 15260, ""5"": 10790}",connected
81799,964,81799,0.050000000000000044,0.06857790568843485,-0.3542591178230941,"{""0"": 11039, ""1"": 14227, ""2"": 14239, ""3"": 16224, ""4"": 15275, ""5"": 10795}",connected
81899,964,81899,0.050000000000000044,0.06859812384471298,-0.3542591178230941,"{""0"": 11040, ""1"": 14251, ""2"": 14258, ""3"": 16255, ""4"": 15298, ""5"": 10797}",connected
81999,966,81999,0.050000000000000044,0.06936785750091076,-0.3749160778336227,"{""0"": 11045, ""1"": 14266, ""2"": 14286, ""3"": 16291, ""4"": 15311, ""5"": 10800}",connected
82099,966,82099,0.050000000000000044,0.07019394613802434,-0.3749160778336227,"{""0"": 11047, ""1"": 14286, ""2"": 14303, ""3"": 16325, ""4"": 15333, ""5"": 10805}",connected
82199,968,82199,0.050000000000000044,0.07436173873022199,-0.36621100068092344,"{""0"": 11054, ""1"": 14302, ""2"": 14314, ""3"": 16361, ""4"": 15349, ""5"": 10819}",connected
82299,968,82299,0.050000000000000044,0.07456728184595704,-0.36621100068092344,"{""0"": 11069, ""1"": 14332, ""2"": 14323, ""3"": 16385, ""4"": 15360, ""5"": 10830}",connected
82399,970,82399,0.050000000000000044,0.07676888333633541,-0.42002290664473546,"{""0"": 11073, ""1"": 14359, ""2"": 14337, ""3"": 16419, ""4"": 15380, ""5"": 10831}",connected
82499,970,82499,0.050000000000000044,0.07945189787074923,-0.42002290664473546,"{""0"": 11078, ""1"": 14386, ""2"": 14359, ""3"": 16442, ""4"": 15400, ""5"": 10834}",connected
82599,972,82599,0.050000000000000044,0.07731377236545085,-0.3883049133443274,"{""0"": 11084, ""1"": 14434, ""2"": 14373, ""3"": 16455, ""4"": 15417, ""5"": 10836}",connected
82699,974,82699,0.050000000000000044,0.07461204826831817,-0.3196910558757372,"{""0"": 11088, ""1"": 14456, ""2"": 14375, ""3"": 16513, ""4"": 15423, ""5"": 10844}",connected
82799,974,82799,0.050000000000000044,0.07534393498674036,-0.3196910558757372,"{""0"": 11090, ""1"": 14489, ""2"": 14389, ""3"": 16548, ""4"": 15437, ""5"": 10846}",connected
82899,976,82899,0.050000000000000044,0.07108684012666344,-0.3209000338683836,"{""0"": 11096, ""1"": 14507, ""2"": 14412, ""3"": 16567, ""4"": 15442, ""5"": 10875}",connected
82999,976,82999,0.050000000000000044,0.07262642616406083,-0.3209000338683836,"{""0"": 11103, ""1"": 14529, ""2"": 14437, ""3"": 16589, ""4"": 15459, ""5"": 10882}",connected
83099,978,83099,0.050000000000000044,0.0757168859243393,-0.3252303876937367,"{""0"": 11111, ""1"": 14542, ""2"": 14447, ""3"": 16613, ""4"": 15475, ""5"": 10911}",connected
83199,978,83199,0.050000000000000044,0.07480330860242247,-0.3252303876937367,"{""0"": 11131, ""1"": 14564, ""2"": 14459, ""3"": 16636, ""4"": 15495, ""5"": 10914}",connected
83299,980,83299,0.050000000000000044,0.07699554624035955,-0.37822464647470044,"{""0"": 11142, ""1"": 14589, ""2"": 14473, ""3"": 16657, ""4"": 15519, ""5"": 10919}",connected
83399,980,83399,0.050000000000000044,0.0769413280673325,-0.37822464647470044,"{""0"": 11156, ""1"": 14598, ""2"": 14514, ""3"": 16662, ""4"": 15527, ""5"": 10942}",connected
83499,982,83499,0.050000000000000044,0.07440675433725119,-0.36122395693091675,"{""0"": 11159, ""1"": 14630, ""2"": 14532, ""3"": 16689, ""4"": 15546, ""5"": 10943}",connected
83599,984,83599,0.050000000000000044,0.07352980142459273,-0.3387438849476166,"{""0"": 11172, ""1"": 14641, ""2"": 14552, ""3"": 16711, ""4"": 15567, ""5"": 10956}",connected
83699,984,83699,0.050000000000000044,0.07358627615496516,-0.3387438849476166,"{""0"": 11193, ""1"": 14668, ""2"": 14561, ""3"": 16737, ""4"": 15580, ""5"": 10960}",connected
83799,986,83799,0.050000000000000044,0.07696462651714682,-0.26857226111693305,"{""0"": 11206, ""1"": 14687, ""2"": 14580, ""3"": 16758, ""4"": 15594, ""5"": 10974}",connected
83899,986,83899,0.050000000000000044,0.07916900863870978,-0.26857226111693305,"{""0"": 11213, ""1"": 14712, ""2"": 14597, ""3"": 16781, ""4"": 15610, ""5"": 10986}",connected
83999,988,83999,0.050000000000000044,0.07843635877594352,-0.3347942863102071,"{""0"": 11216, ""1"": 14747, ""2"": 14617, ""3"": 16807, ""4"": 15624, ""5"": 10988}",connected
84099,990,84099,0.050000000000000044,0.07773901272565126,-0.26963609851663933,"{""0"": 11224, ""1"": 14776, ""2"": 14633, ""3"": 16837, ""4"": 15639, ""5"": 10990}",connected
84199,992,84199,0.050000000000000044,0.07282848361879588,-0.1771324235596694,"{""0"": 11231, ""1"": 14806, ""2"": 14651, ""3"": 16865, ""4"": 15654, ""5"": 10992}",connected
84299,992,84299,0.050000000000000044,0.07362312909215689,-0.1771324235596694,"{""0"": 11243, ""1"": 14832, ""2"": 14663, ""3"": 16894, ""4"": 15673, ""5"": 10994}",connected
84399,994,84399,0.050000000000000044,0.0771870164014399,-0.17572848045965656,"{""0"": 11249, ""1"": 14854, ""2"": 14683, ""3"": 16924, ""4"": 15693, ""5"": 10996}",connected
84499,994,84499,0.050000000000000044,0.07668486319482326,-0.17572848045965656,"{""0"": 11251, ""1"": 14878, ""2"": 14704, ""3"": 16955, ""4"": 15714, ""5"": 10997}",connected
84599,996,84599,0.050000000000000044,0.07637504922226071,-0.2709932353370823,"{""0"": 11258, ""1"": 14902, ""2"": 14720, ""3"": 16983, ""4"": 15733, ""5"": 11003}",connected
84699,996,84699,0.050000000000000044,0.0767929389886558,-0.2709932353370823,"{""0"": 11268, ""1"": 14960, ""2"": 14724, ""3"": 17001, ""4"": 15742, ""5"": 11004}",connected
84799,998,84799,0.050000000000000044,0.07391940668225289,-0.3556926521216519,"{""0"": 11282, ""1"": 14986, ""2"": 14737, ""3"": 17019, ""4"": 15763, ""5"": 11012}",connected
84899,1000,84899,0.050000000000000044,0.07471983902156352,-0.3516697414382361,"{""0"": 11284, ""1"": 15009, ""2"": 14762, ""3"": 17044, ""4"": 15785, ""5"": 11015}",connected
84999,1002,84999,0.050000000000000044,0.07569871621206403,-0.42857282258803026,"{""0"": 11297, ""1"": 15032, ""2"": 14780, ""3"": 17069, ""4"": 15801, ""5"": 11020}",connected
85099,1002,85099,0.050000000000000044,0.07698399776592851,-0.42857282258803026,"{""0"": 11308, ""1"": 15053, ""2"": 14799, ""3"": 17088, ""4"": 15816, ""5"": 11035}",connected
85199,1004,85199,0.050000000000000044,0.0762841246277094,-0.39847033011028543,"{""0"": 11315, ""1"": 15099, ""2"": 14808, ""3"": 17107, ""4"": 15832, ""5"": 11038}",connected
85299,1004,85299,0.050000000000000044,0.07624709656462074,-0.39847033011028543,"{""0"": 11328, ""1"": 15126, ""2"": 14838, ""3"": 17122, ""4"": 15845, ""5"": 11040}",connected
85399,1006,85399,0.050000000000000044,0.07526047186926008,-0.3819110551406629,"{""0"": 11366, ""1"": 15142, ""2"": 14848, ""3"": 17138, ""4"": 15856, ""5"": 11049}",connected
85499,1006,85499,0.050000000000000044,0.07089555099606513,-0.3819110551406629,"{""0"": 11378, ""1"": 15166, ""2"": 14863, ""3"": 17172, ""4"": 15870, ""5"": 11050}",connected
85599,1008,85599,0.050000000000000044,0.0746336204558611,-0.3625896540028043,"{""0"": 11387, ""1"": 15189, ""2"": 14877, ""3"": 17203, ""4"": 15892, ""5"": 11051}",connected
85699,1008,85699,0.050000000000000044,0.07265762409195303,-0.3625896540028043,"{""0"": 11408, ""1"": 15223, ""2"": 14883, ""3"": 17225, ""4"": 15907, ""5"": 11053}",connected
85799,1010,85799,0.050000000000000044,0.07462462076917291,-0.34443936062278224,"{""0"": 11418, ""1"": 15253, ""2"": 14896, ""3"": 17252, ""4"": 15921, ""5"": 11059}",connected
85899,1012,85899,0.050000000000000044,0.07503444632515312,-0.36830082496395333,"{""0"": 11428, ""1"": 15284, ""2"": 14912, ""3"": 17274, ""4"": 15941, ""5"": 11060}",connected
85999,1012,85999,0.050000000000000044,0.072274762801826,-0.36830082496395333,"{""0"": 11447, ""1"": 15301, ""2"": 14933, ""3"": 17293, ""4"": 15956, ""5"": 11069}",connected
86099,1016,86099,0.050000000000000044,0.07671377271413803,-0.2006950030499138,"{""0"": 11452, ""1"": 15324, ""2"": 14954, ""3"": 17316, ""4"": 15978, ""5"": 11075}",connected
86199,1016,86199,0.050000000000000044,0.07493341170251369,-0.2006950030499138,"{""0"": 11460, ""1"": 15349, ""2"": 14964, ""3"": 17347, ""4"": 16000, ""5"": 11079}",connected
86299,1018,86299,0.050000000000000044,0.07316771829500794,-0.20478997125057505,"{""0"": 11474, ""1"": 15375, ""2"": 14977, ""3"": 17368, ""4"": 16014, ""5"": 11091}",connected
86399,1018,86399,0.050000000000000044,0.07668633714318275,-0.20478997125057505,"{""0"": 11501, ""1"": 15395, ""2"": 14988, ""3"": 17390, ""4"": 16033, ""5"": 11092}",connected
86499,1020,86499,0.050000000000000044,0.07527946718037129,-0.17317415768979116,"{""0"": 11503, ""1"": 15419, ""2"": 15005, ""3"": 17421, ""4"": 16054, ""5"": 11097}",connected
86599,1020,86599,0.050000000000000044,0.0782673305273056,-0.17317415768979116,"{""0"": 11513, ""1"": 15442, ""2"": 15024, ""3"": 17447, ""4"": 16074, ""5"": 11099}",connected
86699,1022,86699,0.050000000000000044,0.08128633271902799,-0.23174101951299236,"{""0"": 11519, ""1"": 15468, ""2"": 15034, ""3"": 17481, ""4"": 16088, ""5"": 11109}",connected
86799,1024,86799,0.050000000000000044,0.07991285497322678,-0.30284534889040515,"{""0"": 11528, ""1"": 15481, ""2"": 15045, ""3"": 17485, ""4"": 16093, ""5"": 11167}",connected
86899,1024,86899,0.050000000000000044,0.07983866181224585,-0.30284534889040515,"{""0"": 11530, ""1"": 15499, ""2"": 15064, ""3"": 17523, ""4"": 16110, ""5"": 11173}",connected
86999,1026,86999,0.050000000000000044,0.07877798948436976,-0.31254419101169334,"{""0"": 11535, ""1"": 15519, ""2"": 15085, ""3"": 17553, ""4"": 16133, ""5"": 11174}",connected
87099,1026,87099,0.050000000000000044,0.07897153683006763,-0.31254419101169334,"{""0"": 11537, ""1"": 15551, ""2"": 15099, ""3"": 17584, ""4"": 16150, ""5"": 11178}",connected
87199,1028,87199,0.050000000000000044,0.0826687110029161,-0.3462829127442092,"{""0"": 11545, ""1"": 15586, ""2"": 15112, ""3"": 17610, ""4"": 16165, ""5"": 11181}",connected
87299,1030,87299,0.050000000000000044,0.08540137935429812,-0.2525540133798495,"{""0"": 11550, ""1"": 15615, ""2"": 15130, ""3"": 17635, ""4"": 16185, ""5"": 11184}",connected
87399,1030,87399,0.050000000000000044,0.08535661090165376,-0.2525540133798495,"{""0"": 11552, ""1"": 15630, ""2"": 15141, ""3"": 17694, ""4"": 16195, ""5"": 11187}",connected
87499,1032,87499,0.050000000000000044,0.08719505086541175,-0.2920085918251425,"{""0"": 11559, ""1"": 15661, ""2"": 15156, ""3"": 17714, ""4"": 16214, ""5"": 11195}",connected
87599,1032,87599,0.050000000000000044,0.08120004687458277,-0.2920085918251425,"{""0"": 11573, ""1"": 15682, ""2"": 15171, ""3"": 17739, ""4"": 16236, ""5"": 11198}",connected
87699,1034,87699,0.050000000000000044,0.07824868336319923,-0.38164791247807445,"{""0"": 11577, ""1"": 15704, ""2"": 15184, ""3"": 17783, ""4"": 16251, ""5"": 11200}",connected
87799,1036,87799,0.050000000000000044,0.07874044740572572,-0.4004876717692241,"{""0"": 11584, ""1"": 15731, ""2"": 15200, ""3"": 17806, ""4"": 16275, ""5"": 11203}",connected
87899,1036,87899,0.050000000000000044,0.07640499265864492,-0.4004876717692241,"{""0"": 11594, ""1"": 15753, ""2"": 15221, ""3"": 17831, ""4"": 16293, ""5"": 11207}",connected
87999,1038,87999,0.050000000000000044,0.07577053185552358,-0.38650116114411504,"{""0"": 11600, ""1"": 15780, ""2"": 15237, ""3"": 17859, ""4"": 16309, ""5"": 11214}",connected
88099,1038,88099,0.050000000000000044,0.0773609259352088,-0.38650116114411504,"{""0"": 11606, ""1"": 15805, ""2"": 15246, ""3"": 17879, ""4"": 16323, ""5"": 11240}",connected
88199,1040,88199,0.050000000000000044,0.07610042395070195,-0.3729690557299182,"{""0"": 11620, ""1"": 15836, ""2"": 15254, ""3"": 17896, ""4"": 16328, ""5"": 11265}",connected
88299,1040,88299,0.050000000000000044,0.07946472300216556,-0.3729690557299182,"{""0"": 11621, ""1"": 15868, ""2"": 15276, ""3"": 17919, ""4"": 16347, ""5"": 11268}",connected
88399,1042,88399,0.050000000000000044,0.08399919621646404,-0.40114549012389034,"{""0"": 11624, ""1"": 15894, ""2"": 15296, ""3"": 17947, ""4"": 16368, ""5"": 11270}",connected
88499,1044,88499,0.050000000000000044,0.08189485650509595,-0.3250890623545274,"{""0"": 11629, ""1"": 15938, ""2"": 15307, ""3"": 17964, ""4"": 16384, ""5"": 11277}",connected
88599,1046,88599,0.050000000000000044,0.08537668289616704,-0.34046803928911684,"{""0"": 11633, ""1"": 15962, ""2"": 15328, ""3"": 17991, ""4"": 16405, ""5"": 11280}",connected
88699,1046,88699,0.050000000000000044,0.0830973151884973,-0.34046803928911684,"{""0"": 11635, ""1"": 15986, ""2"": 15345, ""3"": 18022, ""4"": 16426, ""5"": 11285}",connected
88799,1048,88799,0.050000000000000044,0.08212992964312434,-0.33467860891483725,"{""0"": 11639, ""1"": 16011, ""2"": 15354, ""3"": 18051, ""4"": 16451, ""5"": 11293}",connected
88899,1048,88899,0.050000000000000044,0.08253199823200702,-0.33467860891483725,"{""0"": 11641, ""1"": 16048, ""2"": 15378, ""3"": 18073, ""4"": 16466, ""5"": 11293}",connected
88999,1050,88999,0.050000000000000044,0.08011317761614918,-0.33310904146637765,"{""0"": 11648, ""1"": 16078, ""2"": 15396, ""3"": 18097, ""4"": 16485, ""5"": 11295}",connected
89099,1050,89099,0.050000000000000044,0.0791783376596868,-0.33310904146637765,"{""0"": 11651, ""1"": 16085, ""2"": 15436, ""3"": 18100, ""4"": 16531, ""5"": 11296}",connected
89199,1052,89199,0.050000000000000044,0.0809717191196978,-0.3131981690367684,"{""0"": 11655, ""1"": 16103, ""2"": 15468, ""3"": 18124, ""4"": 16551, ""5"": 11298}",connected
89299,1052,89299,0.050000000000000044,0.08378026407212019,-0.3131981690367684,"{""0"": 11658, ""1"": 16117, ""2"": 15507, ""3"": 18150, ""4"": 16566, ""5"": 11301}",connected
89399,1054,89399,0.050000000000000044,0.08145270643755793,-0.32848302777856586,"{""0"": 11663, ""1"": 16142, ""2"": 15522, ""3"": 18177, ""4"": 16587, ""5"": 11308}",connected
89499,1056,89499,0.050000000000000044,0.08746619569137692,-0.3243039062898606,"{""0"": 11668, ""1"": 16180, ""2"": 15546, ""3"": 18189, ""4"": 16608, ""5"": 11308}",connected
89599,1056,89599,0.050000000000000044,0.08849334301427007,-0.3243039062898606,"{""0"": 11669, ""1"": 16199, ""2"": 15567, ""3"": 18226, ""4"": 16625, ""5"": 11313}",connected
89699,1058,89699,0.050000000000000044,0.0866489932499826,-0.3227756380708888,"{""0"": 11685, ""1"": 16220, ""2"": 15589, ""3"": 18247, ""4"": 16641, ""5"": 11317}",connected
89799,1058,89799,0.050000000000000044,0.0916027245670557,-0.3227756380708888,"{""0"": 11687, ""1"": 16251, ""2"": 15610, ""3"": 18271, ""4"": 16659, ""5"": 11321}",connected
89899,1060,89899,0.050000000000000044,0.08644656218588352,-0.32999477395787835,"{""0"": 11693, ""1"": 16276, ""2"": 15634, ""3"": 18292, ""4"": 16677, ""5"": 11327}",connected
89999,1060,89999,0.050000000000000044,0.08443596255034208,-0.32999477395787835,"{""0"": 11693, ""1"": 16305, ""2"": 15652, ""3"": 18320, ""4"": 16697, ""5"": 11332}",connected
90099,1062,90099,0.050000000000000044,0.08601063005626201,-0.35794992971699685,"{""0"": 11698, ""1"": 16332, ""2"": 15665, ""3"": 18346, ""4"": 16718, ""5"": 11340}",connected
90199,1064,90199,0.050000000000000044,0.08329659670591355,-0.36170269128866495,"{""0"": 11707, ""1"": 16359, ""2"": 15680, ""3"": 18367, ""4"": 16735, ""5"": 11351}",connected
90299,1064,90299,0.050000000000000044,0.08610491119325162,-0.36170269128866495,"{""0"": 11710, ""1"": 16385, ""2"": 15707, ""3"": 18396, ""4"": 16748, ""5"": 11353}",connected
90399,1066,90399,0.050000000000000044,0.08458814732730388,-0.36731326033826917,"{""0"": 11717, ""1"": 16402, ""2"": 15722, ""3"": 18421, ""4"": 16765, ""5"": 11372}",connected
90499,1068,90499,0.050000000000000044,0.08500379271805286,-0.3835126747842878,"{""0"": 11720, ""1"": 16428, ""2"": 15736, ""3"": 18448, ""4"": 16788, ""5"": 11379}",connected
90599,1068,90599,0.050000000000000044,0.08310472216457128,-0.3835126747842878,"{""0"": 11724, ""1"": 16446, ""2"": 15749, ""3"": 18483, ""4"": 16813, ""5"": 11384}",connected
90699,1070,90699,0.050000000000000044,0.08081973150372505,-0.4128017195803113,"{""0"": 11729, ""1"": 16475, ""2"": 15766, ""3"": 18510, ""4"": 16828, ""5"": 11391}",connected
90799,1072,90799,0.050000000000000044,0.0813093739748001,-0.3347618753486313,"{""0"": 11733, ""1"": 16501, ""2"": 15782, ""3"": 18537, ""4"": 16851, ""5"": 11395}",connected
90899,1074,90899,0.050000000000000044,0.08036241171881557,-0.37056250709341837,"{""0"": 11739, ""1"": 16517, ""2"": 15813, ""3"": 18557, ""4"": 16869, ""5"": 11404}",connected
90999,1076,90999,0.050000000000000044,0.08157329604029656,-0.29247761126374827,"{""0"": 11747, ""1"": 16536, ""2"": 15833, ""3"": 18581, ""4"": 16888, ""5"": 11414}",connected
91099,1076,91099,0.050000000000000044,0.08014295358210802,-0.29247761126374827,"{""0"": 11765, ""1"": 16569, ""2"": 15841, ""3"": 18594, ""4"": 16905, ""5"": 11425}",connected
91199,1078,91199,0.050000000000000044,0.07878071155399084,-0.2966544689866714,"{""0"": 11774, ""1"": 16592, ""2"": 15850, ""3"": 18621, ""4"": 16933, ""5"": 11429}",connected
91299,1080,91299,0.050000000000000044,0.07723566243425012,-0.3149692689231597,"{""0"": 11785, ""1"": 16648, ""2"": 15852, ""3"": 18627, ""4"": 16938, ""5"": 11449}",connected
91399,1080,91399,0.050000000000000044,0.0751318982616067,-0.3149692689231597,"{""0"": 11797, ""1"": 16661, ""2"": 15871, ""3"": 18654, ""4"": 16962, ""5"": 11454}",connected
91499,1082,91499,0.050000000000000044,0.07471357930451632,-0.34148317529587074,"{""0"": 11803, ""1"": 16686, ""2"": 15876, ""3"": 18678, ""4"": 16983, ""5"": 11473}",connected
91599,1082,91599,0.050000000000000044,0.07721179779618978,-0.34148317529587074,"{""0"": 11805, ""1"": 16717, ""2"": 15899, ""3"": 18704, ""4"": 16993, ""5"": 11481}",connected
91699,1084,91699,0.050000000000000044,0.07767317980527878,-0.36317475509131325,"{""0"": 11813, ""1"": 16740, ""2"": 15916, ""3"": 18731, ""4"": 17012, ""5"": 11487}",connected
91799,1084,91799,0.050000000000000044,0.08216803286224604,-0.36317475509131325,"{""0"": 11815, ""1"": 16771, ""2"": 15917, ""3"": 18735, ""4"": 17016, ""5"": 11545}",connected
91899,1086,91899,0.050000000000000044,0.08656376384198666,-0.4416708423034288,"{""0"": 11825, ""1"": 16795, ""2"": 15935, ""3"": 18758, ""4"": 17037, ""5"": 11549}",connected
91999,1086,91999,0.050000000000000044,0.08511359978467226,-0.4416708423034288,"{""0"": 11851, ""1"": 16832, ""2"": 15945, ""3"": 18766, ""4"": 17047, ""5"": 11558}",connected
92099,1088,92099,0.050000000000000044,0.08635547313839197,-0.4262629720964469,"{""0"": 11856, ""1"": 16873, ""2"": 15958, ""3"": 18786, ""4"": 17063, ""5"": 11563}",connected
92199,1090,92199,0.050000000000000044,0.08353572972118854,-0.5140960145904683,"{""0"": 11860, ""1"": 16902, ""2"": 15974, ""3"": 18813, ""4"": 17084, ""5"": 11566}",connected
92299,1090,92299,0.050000000000000044,0.0829455279931426,-0.5140960145904683,"{""0"": 11862, ""1"": 16925, ""2"": 15997, ""3"": 18841, ""4"": 17105, ""5"": 11569}",connected
92399,1092,92399,0.050000000000000044,0.08883052624762058,-0.588864279614063,"{""0"": 11865, ""1"": 16953, ""2"": 16009, ""3"": 18867, ""4"": 17134, ""5"": 11571}",connected
92499,1092,92499,0.050000000000000044,0.0877127979695797,-0.588864279614063,"{""0"": 11870, ""1"": 16977, ""2"": 16038, ""3"": 18885, ""4"": 17154, ""5"": 11575}",connected
92599,1094,92599,0.050000000000000044,0.08960473205894232,-0.5619974779349286,"{""0"": 11873, ""1"": 16997, ""2"": 16086, ""3"": 18899, ""4"": 17167, ""5"": 11577}",connected
92699,1094,92699,0.050000000000000044,0.09487091146409511,-0.5619974779349286,"{""0"": 11922, ""1"": 17020, ""2"": 16088, ""3"": 18910, ""4"": 17171, ""5"": 11588}",connected
92799,1096,92799,0.050000000000000044,0.08918058315292,-0.5276971513277385,"{""0"": 11952, ""1"": 17025, ""2"": 16105, ""3"": 18931, ""4"": 17194, ""5"": 11592}",connected
92899,1096,92899,0.050000000000000044,0.09237005034461618,-0.5276971513277385,"{""0"": 11967, ""1"": 17043, ""2"": 16119, ""3"": 18950, ""4"": 17227, ""5"": 11593}",connected
92999,1098,92999,0.050000000000000044,0.09146084534004331,-0.5415464038134087,"{""0"": 11978, ""1"": 17069, ""2"": 16134, ""3"": 18972, ""4"": 17250, ""5"": 11596}",connected
93099,1100,93099,0.050000000000000044,0.08812390362843871,-0.6152291076176334,"{""0"": 11991, ""1"": 17097, ""2"": 16141, ""3"": 18984, ""4"": 17285, ""5"": 11601}",connected
93199,1100,93199,0.050000000000000044,0.09122204840183258,-0.6152291076176334,"{""0"": 11996, ""1"": 17111, ""2"": 16160, ""3"": 19002, ""4"": 17299, ""5"": 11631}",connected
93299,1102,93299,0.050000000000000044,0.08943832486867904,-0.6020849813998211,"{""0"": 12009, ""1"": 17127, ""2"": 16179, ""3"": 19024, ""4"": 17316, ""5"": 11644}",connected
93399,1104,93399,0.050000000000000044,0.09125113565474749,-0.5394720475806389,"{""0"": 12017, ""1"": 17151, ""2"": 16201, ""3"": 19041, ""4"": 17336, ""5"": 11653}",connected
93499,1104,93499,0.050000000000000044,0.08847612015902996,-0.5394720475806389,"{""0"": 12018, ""1"": 17176, ""2"": 16221, ""3"": 19068, ""4"": 17357, ""5"": 11659}",connected
93599,1106,93599,0.050000000000000044,0.08364511761814356,-0.5271651768882293,"{""0"": 12020, ""1"": 17195, ""2"": 16230, ""3"": 19082, ""4"": 17371, ""5"": 11701}",connected
93699,1106,93699,0.050000000000000044,0.08309298414736986,-0.5271651768882293,"{""0"": 12022, ""1"": 17218, ""2"": 16246, ""3"": 19117, ""4"": 17389, ""5"": 11707}",connected
93799,1108,93799,0.050000000000000044,0.08587730225175619,-0.529204172726022,"{""0"": 12025, ""1"": 17244, ""2"": 16262, ""3"": 19145, ""4"": 17410, ""5"": 11713}",connected
93899,1108,93899,0.050000000000000044,0.08193006876856089,-0.529204172726022,"{""0"": 12031, ""1"": 17268, ""2"": 16284, ""3"": 19167, ""4"": 17432, ""5"": 11717}",connected
93999,1110,93999,0.050000000000000044,0.08490504994988442,-0.562606305173831,"{""0"": 12039, ""1"": 17290, ""2"": 16310, ""3"": 19190, ""4"": 17448, ""5"": 11722}",connected
94099,1112,94099,0.050000000000000044,0.08458408713340759,-0.6433098900283221,"{""0"": 12044, ""1"": 17313, ""2"": 16325, ""3"": 19214, ""4"": 17480, ""5"": 11723}",connected
94199,1112,94199,0.050000000000000044,0.08228504218161106,-0.6433098900283221,"{""0"": 12048, ""1"": 17333, ""2"": 16345, ""3"": 19245, ""4"": 17501, ""5"": 11727}",connected
94299,1114,94299,0.050000000000000044,0.08243878182023763,-0.7282044658914674,"{""0"": 12063, ""1"": 17351, ""2"": 16367, ""3"": 19262, ""4"": 17519, ""5"": 11737}",connected
94399,1114,94399,0.050000000000000044,0.08287673596292734,-0.7282044658914674,"{""0"": 12076, ""1"": 17370, ""2"": 16383, ""3"": 19293, ""4"": 17538, ""5"": 11739}",connected
94499,1116,94499,0.050000000000000044,0.08555637773126364,-0.8036878285708372,"{""0"": 12088, ""1"": 17398, ""2"": 16405, ""3"": 19312, ""4"": 17549, ""5"": 11747}",connected
94599,1116,94599,0.050000000000000044,0.0825627987831831,-0.8036878285708372,"{""0"": 12096, ""1"": 17402, ""2"": 16415, ""3"": 19316, ""4"": 17554, ""5"": 11816}",connected
94699,1118,94699,0.050000000000000044,0.08658136520534754,-0.8227800736261998,"{""0"": 12099, ""1"": 17418, ""2"": 16431, ""3"": 19335, ""4"": 17566, ""5"": 11850}",connected
94799,1118,94799,0.050000000000000044,0.08818171065300703,-0.8227800736261998,"{""0"": 12104, ""1"": 17442, ""2"": 16457, ""3"": 19355, ""4"": 17582, ""5"": 11859}",connected
94899,1120,94899,0.050000000000000044,0.08908836260437965,-0.851539524254622,"{""0"": 12107, ""1"": 17456, ""2"": 16495, ""3"": 19371, ""4"": 17598, ""5"": 11872}",connected
94999,1122,94999,0.050000000000000044,0.09041783146560192,-0.8559939667081926,"{""0"": 12115, ""1"": 17467, ""2"": 16512, ""3"": 19392, ""4"": 17612, ""5"": 11901}",connected
95099,1122,95099,0.050000000000000044,0.08656481698155404,-0.8559939667081926,"{""0"": 12139, ""1"": 17476, ""2"": 16561, ""3"": 19395, ""4"": 17616, ""5"": 11912}",connected
95199,1124,95199,0.050000000000000044,0.08550939455628395,-0.8650053016853053,"{""0"": 12182, ""1"": 17483, ""2"": 16598, ""3"": 19400, ""4"": 17624, ""5"": 11912}",connected
95299,1124,95299,0.050000000000000044,0.0820955386199057,-0.8650053016853053,"{""0"": 12186, ""1"": 17505, ""2"": 16616, ""3"": 19425, ""4"": 17645, ""5"": 11922}",connected
95399,1126,95399,0.050000000000000044,0.08526021478697658,-0.7797803603124339,"{""0"": 12196, ""1"": 17534, ""2"": 16644, ""3"": 19439, ""4"": 17659, ""5"": 11927}",connected
95499,1128,95499,0.050000000000000044,0.08743911983445286,-0.7705877659225371,"{""0"": 12237, ""1"": 17547, ""2"": 16683, ""3"": 19439, ""4"": 17665, ""5"": 11928}",connected
95599,1128,95599,0.050000000000000044,0.08750311678275466,-0.7705877659225371,"{""0"": 12244, ""1"": 17572, ""2"": 16701, ""3"": 19466, ""4"": 17685, ""5"": 11931}",connected
95699,1130,95699,0.050000000000000044,0.08614636611193419,-0.8733864064130467,"{""0"": 12249, ""1"": 17597, ""2"": 16723, ""3"": 19484, ""4"": 17712, ""5"": 11934}",connected
95799,1130,95799,0.050000000000000044,0.08137987865135074,-0.8733864064130467,"{""0"": 12258, ""1"": 17613, ""2"": 16735, ""3"": 19496, ""4"": 17743, ""5"": 11954}",connected
95899,1134,95899,0.050000000000000044,0.08078230634331703,-0.7343776585941668,"{""0"": 12264, ""1"": 17633, ""2"": 16749, ""3"": 19505, ""4"": 17775, ""5"": 11973}",connected
95999,1134,95999,0.050000000000000044,0.08012724462896585,-0.7343776585941668,"{""0"": 12266, ""1"": 17658, ""2"": 16770, ""3"": 19533, ""4"": 17795, ""5"": 11977}",connected
96099,1136,96099,0.050000000000000044,0.08434553358703852,-0.7278958503983449,"{""0"": 12278, ""1"": 17669, ""2"": 16791, ""3"": 19563, ""4"": 17808, ""5"": 11990}",connected
96199,1136,96199,0.050000000000000044,0.08909374402835965,-0.7278958503983449,"{""0"": 12292, ""1"": 17678, ""2"": 16823, ""3"": 19578, ""4"": 17825, ""5"": 12003}",connected
96299,1138,96299,0.050000000000000044,0.09065432980656624,-0.7344589203491342,"{""0"": 12296, ""1"": 17690, ""2"": 16851, ""3"": 19589, ""4"": 17835, ""5"": 12038}",connected
96399,1138,96399,0.050000000000000044,0.09202122800052166,-0.7344589203491342,"{""0"": 12296, ""1"": 17716, ""2"": 16871, ""3"": 19617, ""4"": 17856, ""5"": 12043}",connected
96499,1140,96499,0.050000000000000044,0.08992358166724443,-0.76439203408896,"{""0"": 12301, ""1"": 17737, ""2"": 16887, ""3"": 19642, ""4"": 17881, ""5"": 12051}",connected
96599,1140,96599,0.050000000000000044,0.08925486754626036,-0.76439203408896,"{""0"": 12302, ""1"": 17764, ""2"": 16912, ""3"": 19669, ""4"": 17899, ""5"": 12053}",connected
96699,1144,96699,0.050000000000000044,0.09056562181562185,-0.7670919204398524,"{""0"": 12307, ""1"": 17794, ""2"": 16929, ""3"": 19693, ""4"": 17920, ""5"": 12056}",connected
96799,1144,96799,0.050000000000000044,0.09078853588551283,-0.7670919204398524,"{""0"": 12312, ""1"": 17811, ""2"": 16940, ""3"": 19745, ""4"": 17933, ""5"": 12058}",connected
96899,1146,96899,0.050000000000000044,0.09242448575794697,-0.7654887976718601,"{""0"": 12321, ""1"": 17830, ""2"": 16974, ""3"": 19753, ""4"": 17955, ""5"": 12066}",connected
96999,1146,96999,0.050000000000000044,0.09250133413821458,-0.7654887976718601,"{""0"": 12340, ""1"": 17848, ""2"": 17004, ""3"": 19761, ""4"": 17977, ""5"": 12069}",connected
97099,1148,97099,0.050000000000000044,0.09007950138300658,-0.7618719840876292,"{""0"": 12360, ""1"": 17865, ""2"": 17020, ""3"": 19773, ""4"": 18008, ""5"": 12073}",connected
97199,1150,97199,0.050000000000000044,0.09007404789328576,-0.7540699517622125,"{""0"": 12375, ""1"": 17875, ""2"": 17030, ""3"": 19783, ""4"": 18054, ""5"": 12082}",connected
97299,1150,97299,0.050000000000000044,0.09079740140587092,-0.7540699517622125,"{""0"": 12377, ""1"": 17891, ""2"": 17051, ""3"": 19830, ""4"": 18067, ""5"": 12083}",connected
97399,1152,97399,0.050000000000000044,0.08789105392992497,-0.7745212152029853,"{""0"": 12384, ""1"": 17913, ""2"": 17061, ""3"": 19848, ""4"": 18103, ""5"": 12090}",connected
97499,1152,97499,0.050000000000000044,0.09089649278670549,-0.7745212152029853,"{""0"": 12387, ""1"": 17931, ""2"": 17086, ""3"": 19861, ""4"": 18133, ""5"": 12101}",connected
97599,1154,97599,0.050000000000000044,0.08655553366988897,-0.7550992987665813,"{""0"": 12401, ""1"": 17951, ""2"": 17111, ""3"": 19870, ""4"": 18157, ""5"": 12109}",connected
97699,1154,97699,0.050000000000000044,0.08208666656166315,-0.7550992987665813,"{""0"": 12409, ""1"": 17985, ""2"": 17124, ""3"": 19881, ""4"": 18186, ""5"": 12114}",connected
97799,1158,97799,0.050000000000000044,0.08293245932087302,-0.6494476365193259,"{""0"": 12419, ""1"": 18007, ""2"": 17146, ""3"": 19891, ""4"": 18214, ""5"": 12122}",connected
97899,1158,97899,0.050000000000000044,0.07938655154779553,-0.6494476365193259,"{""0"": 12439, ""1"": 18021, ""2"": 17178, ""3"": 19909, ""4"": 18223, ""5"": 12129}",connected
97999,1160,97999,0.050000000000000044,0.08222355404868723,-0.6226710508635733,"{""0"": 12463, ""1"": 18038, ""2"": 17202, ""3"": 19926, ""4"": 18234, ""5"": 12136}",connected
98099,1160,98099,0.050000000000000044,0.09128510134294629,-0.6226710508635733,"{""0"": 12467, ""1"": 18064, ""2"": 17217, ""3"": 19955, ""4"": 18255, ""5"": 12141}",connected
98199,1162,98199,0.050000000000000044,0.09584810417145491,-0.6146617726993281,"{""0"": 12473, ""1"": 18101, ""2"": 17237, ""3"": 19974, ""4"": 18270, ""5"": 12144}",connected
98299,1162,98299,0.050000000000000044,0.09600275304168462,-0.6146617726993281,"{""0"": 12483, ""1"": 18106, ""2"": 17306, ""3"": 19974, ""4"": 18271, ""5"": 12159}",connected
98399,1164,98399,0.050000000000000044,0.09670007735490799,-0.6939679128362332,"{""0"": 12487, ""1"": 18131, ""2"": 17342, ""3"": 19993, ""4"": 18286, ""5"": 12160}",connected
98499,1164,98499,0.050000000000000044,0.09230842374265194,-0.6939679128362332,"{""0"": 12488, ""1"": 18154, ""2"": 17368, ""3"": 20018, ""4"": 18301, ""5"": 12170}",connected
98599,1166,98599,0.050000000000000044,0.0890501756221056,-0.6907594398932997,"{""0"": 12493, ""1"": 18176, ""2"": 17383, ""3"": 20045, ""4"": 18326, ""5"": 12176}",connected
98699,1168,98699,0.050000000000000044,0.09159748509526253,-0.6615459094115067,"{""0"": 12532, ""1"": 18182, ""2"": 17386, ""3"": 20059, ""4"": 18338, ""5"": 12202}",connected
98799,1168,98799,0.050000000000000044,0.09085276033729314,-0.6615459094115067,"{""0"": 12533, ""1"": 18205, ""2"": 17403, ""3"": 20089, ""4"": 18360, ""5"": 12209}",connected
98899,1170,98899,0.050000000000000044,0.08848619755357504,-0.6654263617296238,"{""0"": 12538, ""1"": 18233, ""2"": 17428, ""3"": 20110, ""4"": 18381, ""5"": 12209}",connected
98999,1170,98999,0.050000000000000044,0.09164267010986805,-0.6654263617296238,"{""0"": 12542, ""1"": 18243, ""2"": 17465, ""3"": 20123, ""4"": 18385, ""5"": 12241}",connected
99099,1172,99099,0.050000000000000044,0.09152983907610178,-0.7653912344214041,"{""0"": 12548, ""1"": 18260, ""2"": 17492, ""3"": 20141, ""4"": 18400, ""5"": 12258}",connected
99199,1172,99199,0.050000000000000044,0.09645504530519247,-0.7653912344214041,"{""0"": 12552, ""1"": 18284, ""2"": 17514, ""3"": 20158, ""4"": 18423, ""5"": 12268}",connected
99299,1174,99299,0.050000000000000044,0.09740898333489895,-0.7679487758886535,"{""0"": 12565, ""1"": 18316, ""2"": 17527, ""3"": 20176, ""4"": 18442, ""5"": 12273}",connected
99399,1174,99399,0.050000000000000044,0.09401407431811094,-0.7679487758886535,"{""0"": 12566, ""1"": 18369, ""2"": 17541, ""3"": 20187, ""4"": 18460, ""5"": 12276}",connected
99499,1180,99499,0.050000000000000044,0.0958664182946086,-0.652360011084238,"{""0"": 12572, ""1"": 18400, ""2"": 17566, ""3"": 20204, ""4"": 18480, ""5"": 12277}",connected
99599,1182,99599,0.050000000000000044,0.09428570579737425,-0.5409996851498726,"{""0"": 12575, ""1"": 18427, ""2"": 17597, ""3"": 20221, ""4"": 18500, ""5"": 12279}",connected
99699,1182,99699,0.050000000000000044,0.09582561753690243,-0.5409996851498726,"{""0"": 12584, ""1"": 18454, ""2"": 17597, ""3"": 20232, ""4"": 18512, ""5"": 12320}",connected
99799,1184,99799,0.050000000000000044,0.09838169071823359,-0.5156685263256077,"{""0"": 12604, ""1"": 18475, ""2"": 17608, ""3"": 20251, ""4"": 18528, ""5"": 12333}",connected
99899,1184,99899,0.050000000000000044,0.09754941422492265,-0.5156685263256077,"{""0"": 12619, ""1"": 18490, ""2"": 17653, ""3"": 20259, ""4"": 18536, ""5"": 12342}",connected
99999,1186,99999,0.050000000000000044,0.10092961519956589,-0.4982392626127694,"{""0"": 12630, ""1"": 18508, ""2"": 17679, ""3"": 20282, ""4"": 18556, ""5"": 12344}",connected
100099,1188,100099,0.050000000000000044,0.1044081911444664,-0.5299352636339608,"{""0"": 12645, ""1"": 18541, ""2"": 17721, ""3"": 20286, ""4"": 18560, ""5"": 12346}",connected
100199,1190,100199,0.050000000000000044,0.10642473835498095,-0.4248330430930946,"{""0"": 12655, ""1"": 18565, ""2"": 17743, ""3"": 20302, ""4"": 18583, ""5"": 12351}",connected
100299,1190,100299,0.050000000000000044,0.11063582561910153,-0.4248330430930946,"{""0"": 12657, ""1"": 18585, ""2"": 17762, ""3"": 20332, ""4"": 18603, ""5"": 12360}",connected
100399,1192,100399,0.050000000000000044,0.10794782321900129,-0.35599851140519606,"{""0"": 12667, ""1"": 18611, ""2"": 17788, ""3"": 20346, ""4"": 18626, ""5"": 12361}",connected
100499,1192,100499,0.050000000000000044,0.10505056079477072,-0.35599851140519606,"{""0"": 12669, ""1"": 18644, ""2"": 17804, ""3"": 20375, ""4"": 18642, ""5"": 12365}",connected
100599,1194,100599,0.050000000000000044,0.1036517732962966,-0.3786628978117369,"{""0"": 12692, ""1"": 18660, ""2"": 17823, ""3"": 20395, ""4"": 18658, ""5"": 12371}",connected
100699,1196,100699,0.050000000000000044,0.09900992747396231,-0.3968869790923782,"{""0"": 12703, ""1"": 18669, ""2"": 17854, ""3"": 20414, ""4"": 18682, ""5"": 12377}",connected
100799,1196,100799,0.050000000000000044,0.09781855769455433,-0.3968869790923782,"{""0"": 12717, ""1"": 18690, ""2"": 17875, ""3"": 20440, ""4"": 18700, ""5"": 12377}",connected
100899,1198,100899,0.050000000000000044,0.09613550234586,-0.3702461580070667,"{""0"": 12719, ""1"": 18716, ""2"": 17899, ""3"": 20464, ""4"": 18723, ""5"": 12378}",connected
100999,1200,100999,0.050000000000000044,0.09493890739977359,-0.2942295365058817,"{""0"": 12730, ""1"": 18744, ""2"": 17917, ""3"": 20488, ""4"": 18741, ""5"": 12379}",connected
101099,1202,101099,0.050000000000000044,0.0986711272969842,-0.3195339959557168,"{""0"": 12735, ""1"": 18763, ""2"": 17939, ""3"": 20520, ""4"": 18760, ""5"": 12382}",connected
101199,1202,101199,0.050000000000000044,0.09790979817509651,-0.3195339959557168,"{""0"": 12741, ""1"": 18777, ""2"": 17952, ""3"": 20557, ""4"": 18785, ""5"": 12387}",connected
101299,1204,101299,0.050000000000000044,0.10120520353317261,-0.3911165259522386,"{""0"": 12767, ""1"": 18789, ""2"": 17964, ""3"": 20592, ""4"": 18795, ""5"": 12392}",connected
101399,1204,101399,0.050000000000000044,0.10311350714415311,-0.3911165259522386,"{""0"": 12769, ""1"": 18816, ""2"": 17982, ""3"": 20622, ""4"": 18814, ""5"": 12396}",connected
101499,1206,101499,0.050000000000000044,0.10077728256583214,-0.39986676985630765,"{""0"": 12774, ""1"": 18838, ""2"": 18009, ""3"": 20640, ""4"": 18833, ""5"": 12405}",connected
101599,1206,101599,0.050000000000000044,0.1018592194840312,-0.39986676985630765,"{""0"": 12780, ""1"": 18864, ""2"": 18026, ""3"": 20674, ""4"": 18847, ""5"": 12408}",connected
101699,1208,101699,0.050000000000000044,0.09876768421381713,-0.42037029050523417,"{""0"": 12788, ""1"": 18889, ""2"": 18051, ""3"": 20697, ""4"": 18866, ""5"": 12408}",connected
101799,1210,101799,0.050000000000000044,0.09894156008958817,-0.3257701529818587,"{""0"": 12804, ""1"": 18899, ""2"": 18067, ""3"": 20726, ""4"": 18891, ""5"": 12412}",connected
101899,1210,101899,0.050000000000000044,0.09749618373811245,-0.3257701529818587,"{""0"": 12812, ""1"": 18924, ""2"": 18086, ""3"": 20750, ""4"": 18912, ""5"": 12415}",connected
101999,1212,101999,0.050000000000000044,0.09354973379522562,-0.30211165713844823,"{""0"": 12815, ""1"": 18948, ""2"": 18104, ""3"": 20777, ""4"": 18940, ""5"": 12415}",connected
102099,1212,102099,0.050000000000000044,0.09273239020258188,-0.30211165713844823,"{""0"": 12817, ""1"": 18975, ""2"": 18125, ""3"": 20805, ""4"": 18960, ""5"": 12417}",connected
102199,1216,102199,0.050000000000000044,0.09415118001401425,-0.2090491371951066,"{""0"": 12826, ""1"": 19003, ""2"": 18152, ""3"": 20818, ""4"": 18980, ""5"": 12420}",connected
102299,1218,102299,0.050000000000000044,0.0991382809355855,-0.11536700792843475,"{""0"": 12834, ""1"": 19042, ""2"": 18176, ""3"": 20833, ""4"": 18992, ""5"": 12422}",connected
102399,1218,102399,0.050000000000000044,0.09957845505326986,-0.11536700792843475,"{""0"": 12838, ""1"": 19072, ""2"": 18194, ""3"": 20859, ""4"": 19010, ""5"": 12426}",connected
102499,1220,102499,0.050000000000000044,0.10249711135402322,-0.09542060241452419,"{""0"": 12844, ""1"": 19091, ""2"": 18212, ""3"": 20888, ""4"": 19020, ""5"": 12444}",connected
102599,1222,102599,0.050000000000000044,0.1032540045119822,-0.022162089523626492,"{""0"": 12853, ""1"": 19108, ""2"": 18231, ""3"": 20916, ""4"": 19047, ""5"": 12444}",connected
102699,1222,102699,0.050000000000000044,0.10081104757264256,-0.022162089523626492,"{""0"": 12887, ""1"": 19110, ""2"": 18239, ""3"": 20948, ""4"": 19065, ""5"": 12450}",connected
102799,1224,102799,0.050000000000000044,0.1064852387085557,-0.0105189439735841,"{""0"": 12893, ""1"": 19134, ""2"": 18256, ""3"": 20976, ""4"": 19079, ""5"": 12461}",connected
102899,1226,102899,0.050000000000000044,0.10889888191595673,-0.09257494217599742,"{""0"": 12917, ""1"": 19153, ""2"": 18272, ""3"": 20993, ""4"": 19098, ""5"": 12466}",connected
102999,1226,102999,0.050000000000000044,0.1077202727086842,-0.09257494217599742,"{""0"": 12930, ""1"": 19178, ""2"": 18284, ""3"": 21010, ""4"": 19128, ""5"": 12469}",connected
103099,1228,103099,0.050000000000000044,0.1119568999670446,-0.06892318668193184,"{""0"": 12939, ""1"": 19194, ""2"": 18290, ""3"": 21057, ""4"": 19135, ""5"": 12484}",connected
103199,1228,103199,0.050000000000000044,0.10958894342184067,-0.06892318668193184,"{""0"": 12943, ""1"": 19232, ""2"": 18311, ""3"": 21079, ""4"": 19148, ""5"": 12486}",connected
103299,1230,103299,0.050000000000000044,0.1117788252606988,-0.05704472512821667,"{""0"": 12948, ""1"": 19248, ""2"": 18321, ""3"": 21130, ""4"": 19160, ""5"": 12492}",connected
103399,1230,103399,0.050000000000000044,0.10976325478404761,-0.05704472512821667,"{""0"": 12952, ""1"": 19267, ""2"": 18344, ""3"": 21150, ""4"": 19192, ""5"": 12494}",connected
103499,1232,103499,0.050000000000000044,0.10382543604820967,-0.04665976625285111,"{""0"": 12974, ""1"": 19288, ""2"": 18357, ""3"": 21172, ""4"": 19207, ""5"": 12501}",connected
103599,1232,103599,0.050000000000000044,0.10697785578668118,-0.04665976625285111,"{""0"": 12975, ""1"": 19317, ""2"": 18388, ""3"": 21192, ""4"": 19226, ""5"": 12501}",connected
103699,1235,103699,0.050000000000000044,0.1037355563044548,-0.06115899680065923,"{""0"": 12981, ""1"": 19343, ""2"": 18415, ""3"": 21216, ""4"": 19242, ""5"": 12502}",connected
103799,1236,103799,0.050000000000000044,0.10418642435222863,-0.05042468135128729,"{""0"": 12999, ""1"": 19369, ""2"": 18425, ""3"": 21234, ""4"": 19270, ""5"": 12502}",connected
103899,1238,103899,0.050000000000000044,0.10592190705239773,-0.027530530056683346,"{""0"": 13008, ""1"": 19402, ""2"": 18429, ""3"": 21255, ""4"": 19295, ""5"": 12510}",connected
103999,1240,103999,0.050000000000000044,0.10148997448384761,0.07894599983585067,"{""0"": 13013, ""1"": 19427, ""2"": 18449, ""3"": 21272, ""4"": 19327, ""5"": 12511}",connected
104099,1240,104099,0.050000000000000044,0.09578463084995746,0.07894599983585067,"{""0"": 13023, ""1"": 19436, ""2"": 18474, ""3"": 21313, ""4"": 19341, ""5"": 12512}",connected
104199,1242,104199,0.050000000000000044,0.09519143562763929,0.09996144985896535,"{""0"": 13026, ""1"": 19461, ""2"": 18487, ""3"": 21355, ""4"": 19352, ""5"": 12518}",connected
104299,1244,104299,0.050000000000000044,0.0969918267056346,-0.00016440053819678725,"{""0"": 13032, ""1"": 19479, ""2"": 18513, ""3"": 21374, ""4"": 19378, ""5"": 12523}",connected
104399,1244,104399,0.050000000000000044,0.09894118629395962,-0.00016440053819678725,"{""0"": 13034, ""1"": 19507, ""2"": 18533, ""3"": 21404, ""4"": 19397, ""5"": 12524}",connected
104499,1246,104499,0.050000000000000044,0.10398935325443745,0.0735372254496906,"{""0"": 13042, ""1"": 19528, ""2"": 18552, ""3"": 21431, ""4"": 19419, ""5"": 12527}",connected
104599,1246,104599,0.050000000000000044,0.10525879617780447,0.0735372254496906,"{""0"": 13047, ""1"": 19554, ""2"": 18575, ""3"": 21460, ""4"": 19434, ""5"": 12529}",connected
104699,1248,104699,0.050000000000000044,0.10092155132442712,0.05380333653767593,"{""0"": 13064, ""1"": 19593, ""2"": 18590, ""3"": 21472, ""4"": 19451, ""5"": 12529}",connected
104799,1248,104799,0.050000000000000044,0.09529303571209312,0.05380333653767593,"{""0"": 13068, ""1"": 19612, ""2"": 18610, ""3"": 21508, ""4"": 19470, ""5"": 12531}",connected
104899,1252,104899,0.050000000000000044,0.09286364326253534,0.1554953889467288,"{""0"": 13074, ""1"": 19643, ""2"": 18629, ""3"": 21529, ""4"": 19493, ""5"": 12531}",connected
104999,1254,104999,0.050000000000000044,0.09492875823751092,0.23999934590072372,"{""0"": 13081, ""1"": 19671, ""2"": 18649, ""3"": 21553, ""4"": 19513, ""5"": 12532}",connected
105099,1256,105099,0.050000000000000044,0.09759525245055556,0.22961020004120655,"{""0"": 13087, ""1"": 19692, ""2"": 18663, ""3"": 21562, ""4"": 19531, ""5"": 12564}",connected
105199,1256,105199,0.050000000000000044,0.10380557127296924,0.22961020004120655,"{""0"": 13089, ""1"": 19717, ""2"": 18691, ""3"": 21592, ""4"": 19545, ""5"": 12565}",connected
105299,1258,105299,0.050000000000000044,0.10376647144556045,0.12368266077362933,"{""0"": 13092, ""1"": 19741, ""2"": 18722, ""3"": 21613, ""4"": 19566, ""5"": 12565}",connected
105399,1258,105399,0.050000000000000044,0.1000000892020762,0.12368266077362933,"{""0"": 13096, ""1"": 19771, ""2"": 18739, ""3"": 21642, ""4"": 19585, ""5"": 12566}",connected
105499,1260,105499,0.050000000000000044,0.10579278768971562,0.1367031166201923,"{""0"": 13099, ""1"": 19797, ""2"": 18760, ""3"": 21666, ""4"": 19607, ""5"": 12570}",connected
105599,1260,105599,0.050000000000000044,0.102952422183007,0.1367031166201923,"{""0"": 13102, ""1"": 19824, ""2"": 18776, ""3"": 21694, ""4"": 19625, ""5"": 12578}",connected
105699,1262,105699,0.050000000000000044,0.10446909433230758,0.12643440188956448,"{""0"": 13112, ""1"": 19846, ""2"": 18807, ""3"": 21710, ""4"": 19644, ""5"": 12580}",connected
105799,1264,105799,0.050000000000000044,0.10699481084942818,0.19089087948319503,"{""0"": 13119, ""1"": 19866, ""2"": 18837, ""3"": 21741, ""4"": 19656, ""5"": 12580}",connected
105899,1264,105899,0.050000000000000044,0.09957597587257623,0.19089087948319503,"{""0"": 13125, ""1"": 19891, ""2"": 18850, ""3"": 21784, ""4"": 19669, ""5"": 12580}",connected
105999,1266,105999,0.050000000000000044,0.10149927638471126,0.18286943666753358,"{""0"": 13133, ""1"": 19911, ""2"": 18865, ""3"": 21819, ""4"": 19687, ""5"": 12584}",connected
106099,1266,106099,0.050000000000000044,0.1011470115184784,0.18286943666753358,"{""0"": 13136, ""1"": 19953, ""2"": 18884, ""3"": 21838, ""4"": 19702, ""5"": 12586}",connected
106199,1268,106199,0.050000000000000044,0.10052388604730368,0.16272436559316703,"{""0"": 13143, ""1"": 19977, ""2"": 18906, ""3"": 21871, ""4"": 19716, ""5"": 12586}",connected
106299,1268,106299,0.050000000000000044,0.10035774055868388,0.16272436559316703,"{""0"": 13143, ""1"": 19997, ""2"": 18918, ""3"": 21881, ""4"": 19769, ""5"": 12591}",connected
106399,1270,106399,0.050000000000000044,0.10240792475640774,0.2443730275251437,"{""0"": 13155, ""1"": 20014, ""2"": 18931, ""3"": 21909, ""4"": 19791, ""5"": 12599}",connected
106499,1270,106499,0.050000000000000044,0.10102290727198124,0.2443730275251437,"{""0"": 13181, ""1"": 20031, ""2"": 18944, ""3"": 21921, ""4"": 19816, ""5"": 12606}",connected
106599,1272,106599,0.050000000000000044,0.10219592332839966,0.24736480197054334,"{""0"": 13190, ""1"": 20068, ""2"": 18960, ""3"": 21940, ""4"": 19833, ""5"": 12608}",connected
106699,1274,106699,0.050000000000000044,0.10479976609349251,0.2235122587729711,"{""0"": 13193, ""1"": 20091, ""2"": 18976, ""3"": 21977, ""4"": 19848, ""5"": 12614}",connected
106799,1274,106799,0.050000000000000044,0.10262773118913174,0.2235122587729711,"{""0"": 13197, ""1"": 20107, ""2"": 18989, ""3"": 22004, ""4"": 19876, ""5"": 12626}",connected
106899,1276,106899,0.050000000000000044,0.10769729651510715,0.2167002603795845,"{""0"": 13203, ""1"": 20116, ""2"": 19004, ""3"": 22029, ""4"": 19905, ""5"": 12642}",connected
106999,1276,106999,0.050000000000000044,0.1064352810382843,0.2167002603795845,"{""0"": 13219, ""1"": 20140, ""2"": 19014, ""3"": 22045, ""4"": 19937, ""5"": 12644}",connected
107099,1278,107099,0.050000000000000044,0.10794811498373746,0.14259427748736925,"{""0"": 13247, ""1"": 20182, ""2"": 19020, ""3"": 22053, ""4"": 19941, ""5"": 12656}",connected
107199,1278,107199,0.050000000000000044,0.10505682513117791,0.14259427748736925,"{""0"": 13252, ""1"": 20227, ""2"": 19031, ""3"": 22073, ""4"": 19954, ""5"": 12662}",connected
107299,1280,107299,0.050000000000000044,0.10247726887464523,0.06348816442419775,"{""0"": 13267, ""1"": 20270, ""2"": 19046, ""3"": 22083, ""4"": 19968, ""5"": 12665}",connected
107399,1280,107399,0.050000000000000044,0.10555632535368203,0.06348816442419775,"{""0"": 13273, ""1"": 20285, ""2"": 19082, ""3"": 22100, ""4"": 19993, ""5"": 12666}",connected
107499,1282,107499,0.050000000000000044,0.10542575221508742,-0.035377415240509434,"{""0"": 13282, ""1"": 20312, ""2"": 19101, ""3"": 22130, ""4"": 20006, ""5"": 12668}",connected
107599,1284,107599,0.050000000000000044,0.10715889699757099,-0.044588030570885166,"{""0"": 13295, ""1"": 20336, ""2"": 19109, ""3"": 22135, ""4"": 20049, ""5"": 12675}",connected
107699,1284,107699,0.050000000000000044,0.10499925464391709,-0.044588030570885166,"{""0"": 13311, ""1"": 20356, ""2"": 19119, ""3"": 22140, ""4"": 20064, ""5"": 12709}",connected
107799,1286,107799,0.050000000000000044,0.10410697139799595,-0.0410617197107058,"{""0"": 13316, ""1"": 20393, ""2"": 19125, ""3"": 22148, ""4"": 20072, ""5"": 12745}",connected
107899,1288,107899,0.050000000000000044,0.10140800148248673,0.04605169596266933,"{""0"": 13328, ""1"": 20431, ""2"": 19140, ""3"": 22164, ""4"": 20090, ""5"": 12746}",connected
107999,1288,107999,0.050000000000000044,0.1044873321801424,0.04605169596266933,"{""0"": 13332, ""1"": 20440, ""2"": 19152, ""3"": 22224, ""4"": 20104, ""5"": 12747}",connected
108099,1290,108099,0.050000000000000044,0.10336687419563532,-0.06681907397112809,"{""0"": 13335, ""1"": 20464, ""2"": 19178, ""3"": 22245, ""4"": 20129, ""5"": 12748}",connected
108199,1290,108199,0.050000000000000044,0.09855265021324158,-0.06681907397112809,"{""0"": 13349, ""1"": 20477, ""2"": 19194, ""3"": 22272, ""4"": 20154, ""5"": 12753}",connected
108299,1292,108299,0.050000000000000044,0.09836309932172299,-0.18214394450071267,"{""0"": 13361, ""1"": 20498, ""2"": 19218, ""3"": 22287, ""4"": 20179, ""5"": 12756}",connected
108399,1294,108399,0.050000000000000044,0.0958807710558176,-0.08672910829889588,"{""0"": 13367, ""1"": 20525, ""2"": 19253, ""3"": 22300, ""4"": 20193, ""5"": 12761}",connected
108499,1294,108499,0.050000000000000044,0.09608329642564058,-0.08672910829889588,"{""0"": 13368, ""1"": 20540, ""2"": 19297, ""3"": 22323, ""4"": 20204, ""5"": 12767}",connected
108599,1296,108599,0.050000000000000044,0.09560053681954742,-0.07939667870174162,"{""0"": 13374, ""1"": 20561, ""2"": 19316, ""3"": 22368, ""4"": 20213, ""5"": 12767}",connected
108699,1297,108699,0.050000000000000044,0.0960338800214231,-0.10434807150973939,"{""0"": 13378, ""1"": 20590, ""2"": 19339, ""3"": 22400, ""4"": 20223, ""5"": 12769}",connected
108799,1298,108799,0.050000000000000044,0.09844996416941285,-0.10502104189130478,"{""0"": 13394, ""1"": 20616, ""2"": 19359, ""3"": 22418, ""4"": 20241, ""5"": 12771}",connected
108899,1300,108899,0.050000000000000044,0.10098850747570395,-0.1786734883801546,"{""0"": 13406, ""1"": 20633, ""2"": 19381, ""3"": 22440, ""4"": 20260, ""5"": 12779}",connected
108999,1300,108999,0.050000000000000044,0.10061671286821365,-0.1786734883801546,"{""0"": 13408, ""1"": 20663, ""2"": 19397, ""3"": 22464, ""4"": 20281, ""5"": 12786}",connected
109099,1302,109099,0.050000000000000044,0.10402559794485569,-0.09952739165513776,"{""0"": 13414, ""1"": 20678, ""2"": 19419, ""3"": 22496, ""4"": 20300, ""5"": 12792}",connected
109199,1302,109199,0.050000000000000044,0.09858440797775984,-0.09952739165513776,"{""0"": 13416, ""1"": 20705, ""2"": 19429, ""3"": 22510, ""4"": 20312, ""5"": 12827}",connected
109299,1304,109299,0.050000000000000044,0.09676857978105545,-0.09767482367693446,"{""0"": 13422, ""1"": 20728, ""2"": 19448, ""3"": 22521, ""4"": 20340, ""5"": 12840}",connected
109399,1306,109399,0.050000000000000044,0.10048720721155405,-0.0068366266216617075,"{""0"": 13434, ""1"": 20745, ""2"": 19463, ""3"": 22547, ""4"": 20364, ""5"": 12846}",connected
109499,1306,109499,0.050000000000000044,0.09909487064927816,-0.0068366266216617075,"{""0"": 13435, ""1"": 20794, ""2"": 19484, ""3"": 22564, ""4"": 20376, ""5"": 12846}",connected
109599,1308,109599,0.050000000000000044,0.10543457917869091,0.011430771054001525,"{""0"": 13438, ""1"": 20816, ""2"": 19503, ""3"": 22595, ""4"": 20401, ""5"": 12846}",connected
109699,1308,109699,0.050000000000000044,0.10766666498035192,0.011430771054001525,"{""0"": 13445, ""1"": 20843, ""2"": 19524, ""3"": 22618, ""4"": 20422, ""5"": 12847}",connected
109799,1310,109799,0.050000000000000044,0.10503388177603483,-0.051802327212644744,"{""0"": 13451, ""1"": 20873, ""2"": 19539, ""3"": 22647, ""4"": 20441, ""5"": 12848}",connected
109899,1312,109899,0.050000000000000044,0.1034478797018528,-0.05034330251510255,"{""0"": 13457, ""1"": 20889, ""2"": 19560, ""3"": 22670, ""4"": 20464, ""5"": 12859}",connected
109999,1312,109999,0.050000000000000044,0.10035085828974843,-0.05034330251510255,"{""0"": 13457, ""1"": 20917, ""2"": 19580, ""3"": 22700, ""4"": 20484, ""5"": 12861}",connected
110099,1314,110099,0.050000000000000044,0.096446837130934,-0.08118510794709437,"{""0"": 13462, ""1"": 20945, ""2"": 19597, ""3"": 22729, ""4"": 20500, ""5"": 12866}",connected
110199,1316,110199,0.050000000000000044,0.1006238210760057,-0.08005504626664334,"{""0"": 13475, ""1"": 20960, ""2"": 19608, ""3"": 22767, ""4"": 20521, ""5"": 12868}",connected
110299,1316,110299,0.050000000000000044,0.10179825847968459,-0.08005504626664334,"{""0"": 13485, ""1"": 20977, ""2"": 19640, ""3"": 22784, ""4"": 20540, ""5"": 12873}",connected
110399,1318,110399,0.050000000000000044,0.10687111843377352,-0.08352143319207243,"{""0"": 13490, ""1"": 21008, ""2"": 19662, ""3"": 22808, ""4"": 20556, ""5"": 12875}",connected
110499,1320,110499,0.050000000000000044,0.10967742033302784,-0.08821452006464824,"{""0"": 13504, ""1"": 21029, ""2"": 19685, ""3"": 22826, ""4"": 20578, ""5"": 12877}",connected
110599,1320,110599,0.050000000000000044,0.1070971916988492,-0.08821452006464824,"{""0"": 13508, ""1"": 21055, ""2"": 19704, ""3"": 22854, ""4"": 20599, ""5"": 12879}",connected
110699,1322,110699,0.050000000000000044,0.10776493716984988,-0.17886669568484648,"{""0"": 13511, ""1"": 21090, ""2"": 19727, ""3"": 22876, ""4"": 20615, ""5"": 12880}",connected
110799,1322,110799,0.050000000000000044,0.10198444856330752,-0.17886669568484648,"{""0"": 13535, ""1"": 21102, ""2"": 19735, ""3"": 22905, ""4"": 20628, ""5"": 12894}",connected
110899,1324,110899,0.050000000000000044,0.10646510979160667,-0.17204485721187665,"{""0"": 13549, ""1"": 21119, ""2"": 19751, ""3"": 22928, ""4"": 20657, ""5"": 12895}",connected
110999,1324,110999,0.050000000000000044,0.10660493606701493,-0.17204485721187665,"{""0"": 13554, ""1"": 21145, ""2"": 19768, ""3"": 22957, ""4"": 20674, ""5"": 12901}",connected
111099,1326,111099,0.050000000000000044,0.10588130347430706,-0.17825073257321492,"{""0"": 13559, ""1"": 21191, ""2"": 19782, ""3"": 22982, ""4"": 20683, ""5"": 12902}",connected
111199,1326,111199,0.050000000000000044,0.10507839741185307,-0.17825073257321492,"{""0"": 13560, ""1"": 21250, ""2"": 19788, ""3"": 23012, ""4"": 20687, ""5"": 12902}",connected
111299,1328,111299,0.050000000000000044,0.10496574578806758,-0.20043341625714675,"{""0"": 13563, ""1"": 21277, ""2"": 19804, ""3"": 23045, ""4"": 20703, ""5"": 12907}",connected
111399,1330,111399,0.050000000000000044,0.10739103006199002,-0.11545832335716114,"{""0"": 13574, ""1"": 21294, ""2"": 19814, ""3"": 23081, ""4"": 20725, ""5"": 12911}",connected
111499,1330,111499,0.050000000000000044,0.10623886466026305,-0.11545832335716114,"{""0"": 13578, ""1"": 21314, ""2"": 19836, ""3"": 23106, ""4"": 20749, ""5"": 12916}",connected
111599,1332,111599,0.050000000000000044,0.10788141462951899,-0.12169332509627566,"{""0"": 13593, ""1"": 21344, ""2"": 19856, ""3"": 23123, ""4"": 20767, ""5"": 12916}",connected
111699,1332,111699,0.050000000000000044,0.10282045386731625,-0.12169332509627566,"{""0"": 13598, ""1"": 21364, ""2"": 19886, ""3"": 23144, ""4"": 20783, ""5"": 12924}",connected
111799,1334,111799,0.050000000000000044,0.09973367232829332,-0.12066034469986335,"{""0"": 13607, ""1"": 21390, ""2"": 19901, ""3"": 23173, ""4"": 20803, ""5"": 12925}",connected
111899,1336,111899,0.050000000000000044,0.10174016933888197,-0.13134886326035486,"{""0"": 13614, ""1"": 21407, ""2"": 19928, ""3"": 23198, ""4"": 20825, ""5"": 12927}",connected
111999,1336,111999,0.050000000000000044,0.09881215073168277,-0.13134886326035486,"{""0"": 13615, ""1"": 21444, ""2"": 19949, ""3"": 23222, ""4"": 20839, ""5"": 12930}",connected
112099,1338,112099,0.050000000000000044,0.10035072766244411,-0.15753324334276841,"{""0"": 13622, ""1"": 21466, ""2"": 19964, ""3"": 23238, ""4"": 20875, ""5"": 12934}",connected
112199,1340,112199,0.050000000000000044,0.10324411027133465,-0.27987064561108127,"{""0"": 13627, ""1"": 21504, ""2"": 19980, ""3"": 23256, ""4"": 20892, ""5"": 12940}",connected
112299,1340,112299,0.050000000000000044,0.10304022639989853,-0.27987064561108127,"{""0"": 13628, ""1"": 21545, ""2"": 19994, ""3"": 23274, ""4"": 20913, ""5"": 12945}",connected
112399,1342,112399,0.050000000000000044,0.10876411527395248,-0.2899107586569153,"{""0"": 13631, ""1"": 21589, ""2"": 20016, ""3"": 23293, ""4"": 20925, ""5"": 12945}",connected
112499,1342,112499,0.050000000000000044,0.10969493299722671,-0.2899107586569153,"{""0"": 13635, ""1"": 21615, ""2"": 20025, ""3"": 23328, ""4"": 20949, ""5"": 12947}",connected
112599,1344,112599,0.050000000000000044,0.11106027569621801,-0.29640951193636284,"{""0"": 13640, ""1"": 21644, ""2"": 20047, ""3"": 23353, ""4"": 20967, ""5"": 12948}",connected
112699,1344,112699,0.050000000000000044,0.10987254872918129,-0.29640951193636284,"{""0"": 13657, ""1"": 21662, ""2"": 20059, ""3"": 23381, ""4"": 20986, ""5"": 12954}",connected
112799,1346,112799,0.050000000000000044,0.1065445725992322,-0.3562550476309843,"{""0"": 13667, ""1"": 21689, ""2"": 20080, ""3"": 23402, ""4"": 21004, ""5"": 12957}",connected
112899,1346,112899,0.050000000000000044,0.10730554565787315,-0.3562550476309843,"{""0"": 13673, ""1"": 21716, ""2"": 20085, ""3"": 23417, ""4"": 21016, ""5"": 12992}",connected
112999,1348,112999,0.050000000000000044,0.10151137348264455,-0.32059467878891157,"{""0"": 13678, ""1"": 21740, ""2"": 20115, ""3"": 23433, ""4"": 21037, ""5"": 12996}",connected
113099,1350,113099,0.050000000000000044,0.10165429279208184,-0.32463552593952044,"{""0"": 13686, ""1"": 21757, ""2"": 20133, ""3"": 23447, ""4"": 21075, ""5"": 13001}",connected
113199,1350,113199,0.050000000000000044,0.09915880963206292,-0.32463552593952044,"{""0"": 13689, ""1"": 21773, ""2"": 20158, ""3"": 23492, ""4"": 21085, ""5"": 13002}",connected
113299,1352,113299,0.050000000000000044,0.09930618271231652,-0.35826013621292074,"{""0"": 13694, ""1"": 21795, ""2"": 20177, ""3"": 23530, ""4"": 21099, ""5"": 13004}",connected
113399,1354,113399,0.050000000000000044,0.10363898564130068,-0.4329489663417917,"{""0"": 13696, ""1"": 21831, ""2"": 20188, ""3"": 23539, ""4"": 21131, ""5"": 13014}",connected
113499,1354,113499,0.050000000000000044,0.10418843921273947,-0.4329489663417917,"{""0"": 13701, ""1"": 21858, ""2"": 20211, ""3"": 23562, ""4"": 21152, ""5"": 13015}",connected
113599,1356,113599,0.050000000000000044,0.11067023042589426,-0.44684351022238844,"{""0"": 13704, ""1"": 21891, ""2"": 20226, ""3"": 23589, ""4"": 21172, ""5"": 13017}",connected
113699,1356,113699,0.050000000000000044,0.11256992645561695,-0.44684351022238844,"{""0"": 13704, ""1"": 21957, ""2"": 20236, ""3"": 23601, ""4"": 21181, ""5"": 13020}",connected
113799,1358,113799,0.050000000000000044,0.1085729424841702,-0.4436065662780311,"{""0"": 13707, ""1"": 21984, ""2"": 20251, ""3"": 23635, ""4"": 21198, ""5"": 13024}",connected
113899,1358,113899,0.050000000000000044,0.10709130125120282,-0.4436065662780311,"{""0"": 13708, ""1"": 22009, ""2"": 20273, ""3"": 23659, ""4"": 21221, ""5"": 13029}",connected
113999,1360,113999,0.050000000000000044,0.10486338110640644,-0.45860765043762514,"{""0"": 13712, ""1"": 22035, ""2"": 20295, ""3"": 23681, ""4"": 21243, ""5"": 13033}",connected
