global_step,episode_count,replay_size,epsilon,loss,mean_reward_100,expert_action_loss,expert_bc_weight,expert_replay_size,action_counts,connection_status
99,0,99,0.9984325,0.0,0.0,0.0,0.05,1526,"{""0"": 22, ""1"": 13, ""2"": 19, ""3"": 13, ""4"": 19, ""5"": 13}",connected
199,0,199,0.9968491666666667,0.0,0.0,0.0,0.05,1526,"{""0"": 45, ""1"": 38, ""2"": 28, ""3"": 26, ""4"": 31, ""5"": 31}",connected
299,0,299,0.9952658333333333,0.0,0.0,0.0,0.05,1526,"{""0"": 67, ""1"": 47, ""2"": 43, ""3"": 43, ""4"": 53, ""5"": 46}",connected
399,0,399,0.9936825,0.0,0.0,0.0,0.05,1526,"{""0"": 81, ""1"": 65, ""2"": 65, ""3"": 61, ""4"": 68, ""5"": 59}",connected
499,0,499,0.9920991666666666,0.0,0.0,0.0,0.05,1526,"{""0"": 101, ""1"": 82, ""2"": 77, ""3"": 79, ""4"": 84, ""5"": 76}",connected
599,0,599,0.9905158333333334,0.0,0.0,0.0,0.05,1526,"{""0"": 121, ""1"": 96, ""2"": 89, ""3"": 99, ""4"": 99, ""5"": 95}",connected
699,0,699,0.9889325,0.0,0.0,0.0,0.05,1526,"{""0"": 139, ""1"": 113, ""2"": 112, ""3"": 115, ""4"": 111, ""5"": 109}",connected
799,2,799,0.9873491666666667,0.0,-6.2521853717044,0.0,0.05,1526,"{""0"": 156, ""1"": 128, ""2"": 124, ""3"": 132, ""4"": 134, ""5"": 125}",connected
899,2,899,0.9857658333333333,0.0,-6.2521853717044,0.0,0.05,1526,"{""0"": 175, ""1"": 141, ""2"": 144, ""3"": 149, ""4"": 148, ""5"": 142}",connected
999,2,999,0.9841825,0.0,-6.2521853717044,0.0,0.05,1526,"{""0"": 195, ""1"": 159, ""2"": 161, ""3"": 166, ""4"": 159, ""5"": 159}",connected
1099,2,1099,0.9825991666666667,0.0,-6.2521853717044,0.0,0.05,1526,"{""0"": 207, ""1"": 180, ""2"": 179, ""3"": 181, ""4"": 181, ""5"": 171}",connected
1199,2,1199,0.9810158333333333,0.0,-6.2521853717044,0.0,0.05,1526,"{""0"": 221, ""1"": 197, ""2"": 194, ""3"": 202, ""4"": 202, ""5"": 183}",connected
1299,2,1299,0.9794325,0.0,-6.2521853717044,0.0,0.05,1526,"{""0"": 231, ""1"": 214, ""2"": 211, ""3"": 223, ""4"": 219, ""5"": 201}",connected
1399,2,1399,0.9778491666666667,0.0,-6.2521853717044,0.0,0.05,1526,"{""0"": 249, ""1"": 225, ""2"": 230, ""3"": 242, ""4"": 239, ""5"": 214}",connected
1499,4,1499,0.9762658333333334,0.0,-6.307385136722587,0.0,0.05,1526,"{""0"": 265, ""1"": 247, ""2"": 255, ""3"": 252, ""4"": 256, ""5"": 224}",connected
1599,4,1599,0.9746825,0.0,-6.307385136722587,0.0,0.05,1526,"{""0"": 280, ""1"": 267, ""2"": 270, ""3"": 271, ""4"": 270, ""5"": 241}",connected
1699,4,1699,0.9730991666666666,0.0,-6.307385136722587,0.0,0.05,1526,"{""0"": 298, ""1"": 279, ""2"": 282, ""3"": 283, ""4"": 294, ""5"": 263}",connected
1799,4,1799,0.9715158333333334,0.0,-6.307385136722587,0.0,0.05,1526,"{""0"": 314, ""1"": 294, ""2"": 296, ""3"": 301, ""4"": 314, ""5"": 280}",connected
1899,4,1899,0.9699325,0.0,-6.307385136722587,0.0,0.05,1526,"{""0"": 327, ""1"": 313, ""2"": 314, ""3"": 316, ""4"": 339, ""5"": 290}",connected
1999,4,1999,0.9683491666666667,0.0,-6.307385136722587,0.0,0.05,1526,"{""0"": 345, ""1"": 329, ""2"": 329, ""3"": 330, ""4"": 358, ""5"": 308}",connected
2099,4,2099,0.9667658333333333,4.524082317352295,-6.307385136722587,0.9890583193302155,0.05,1526,"{""0"": 368, ""1"": 345, ""2"": 344, ""3"": 351, ""4"": 366, ""5"": 325}",connected
2199,6,2199,0.9651825,2.924671368598938,-6.685870663030073,1.8321079927682877,0.05,1526,"{""0"": 391, ""1"": 371, ""2"": 349, ""3"": 364, ""4"": 385, ""5"": 339}",connected
2299,6,2299,0.9635991666666667,2.2192417963345847,-6.685870663030073,2.040286347468694,0.05,1526,"{""0"": 408, ""1"": 390, ""2"": 361, ""3"": 379, ""4"": 405, ""5"": 356}",connected
2399,6,2399,0.9620158333333333,1.8164723765850068,-6.685870663030073,2.0996861067414283,0.05,1526,"{""0"": 428, ""1"": 408, ""2"": 372, ""3"": 400, ""4"": 419, ""5"": 372}",connected
2499,6,2499,0.9604325,0.8257995414733886,-6.685870663030073,2.365168344974518,0.05,1526,"{""0"": 441, ""1"": 424, ""2"": 384, ""3"": 420, ""4"": 441, ""5"": 389}",connected
2599,6,2599,0.9588491666666666,0.6183214780688285,-6.685870663030073,2.132573437690735,0.05,1526,"{""0"": 449, ""1"": 440, ""2"": 409, ""3"": 436, ""4"": 459, ""5"": 406}",connected
2699,6,2699,0.9572658333333334,0.5307327455282211,-6.685870663030073,1.9178053843975067,0.05,1526,"{""0"": 462, ""1"": 460, ""2"": 419, ""3"": 449, ""4"": 476, ""5"": 433}",connected
2799,6,2799,0.9556825,0.4918985217809677,-6.685870663030073,1.716448746919632,0.05,1526,"{""0"": 482, ""1"": 474, ""2"": 429, ""3"": 469, ""4"": 494, ""5"": 451}",connected
2899,8,2899,0.9540991666666667,0.46020049721002576,-6.802392040204722,1.523411248922348,0.05,1526,"{""0"": 503, ""1"": 487, ""2"": 444, ""3"": 479, ""4"": 512, ""5"": 474}",connected
2999,8,2999,0.9525158333333333,0.43864399671554566,-6.802392040204722,1.3859989881515502,0.05,1526,"{""0"": 514, ""1"": 502, ""2"": 464, ""3"": 501, ""4"": 521, ""5"": 497}",connected
3099,8,3099,0.9509325,0.38342689409852027,-6.802392040204722,1.2744191896915436,0.05,1526,"{""0"": 530, ""1"": 515, ""2"": 487, ""3"": 518, ""4"": 542, ""5"": 507}",connected
3199,8,3199,0.9493491666666667,0.32093170076608657,-6.802392040204722,1.176981074810028,0.05,1526,"{""0"": 548, ""1"": 532, ""2"": 505, ""3"": 533, ""4"": 562, ""5"": 519}",connected
3299,8,3299,0.9477658333333333,0.2588835634291172,-6.802392040204722,1.1171765089035035,0.05,1526,"{""0"": 565, ""1"": 545, ""2"": 518, ""3"": 555, ""4"": 577, ""5"": 539}",connected
3399,8,3399,0.9461825,0.19576151981949808,-6.802392040204722,1.065750448703766,0.05,1526,"{""0"": 583, ""1"": 570, ""2"": 528, ""3"": 572, ""4"": 589, ""5"": 557}",connected
3499,8,3499,0.9445991666666667,0.1809694029390812,-6.802392040204722,1.0261267918348311,0.05,1526,"{""0"": 596, ""1"": 587, ""2"": 542, ""3"": 590, ""4"": 607, ""5"": 577}",connected
3599,10,3599,0.9430158333333334,0.17481317065656185,-6.683499968983233,0.9960018908977508,0.05,1526,"{""0"": 615, ""1"": 602, ""2"": 566, ""3"": 601, ""4"": 630, ""5"": 585}",connected
3699,10,3699,0.9414325,0.17162004701793193,-6.683499968983233,0.9734639257192612,0.05,1526,"{""0"": 626, ""1"": 616, ""2"": 587, ""3"": 619, ""4"": 653, ""5"": 598}",connected
3799,10,3799,0.9398491666666666,0.18122166596353054,-6.683499968983233,0.9619530093669891,0.05,1526,"{""0"": 634, ""1"": 627, ""2"": 606, ""3"": 641, ""4"": 674, ""5"": 617}",connected
3899,10,3899,0.9382658333333334,0.180168671682477,-6.683499968983233,0.9477618730068207,0.05,1526,"{""0"": 644, ""1"": 647, ""2"": 620, ""3"": 664, ""4"": 690, ""5"": 634}",connected
3999,10,3999,0.9366825,0.17984953843057155,-6.683499968983233,0.9393191534280777,0.05,1526,"{""0"": 663, ""1"": 655, ""2"": 635, ""3"": 682, ""4"": 706, ""5"": 658}",connected
4099,10,4099,0.9350991666666667,0.18831860207021237,-6.683499968983233,0.9415261548757553,0.05,1526,"{""0"": 676, ""1"": 667, ""2"": 660, ""3"": 699, ""4"": 719, ""5"": 678}",connected
4199,10,4199,0.9335158333333333,0.1882480974495411,-6.683499968983233,0.9511119115352631,0.05,1526,"{""0"": 692, ""1"": 682, ""2"": 682, ""3"": 713, ""4"": 737, ""5"": 693}",connected
4299,11,4299,0.9319325,0.19958921149373055,-6.541995913044295,0.9622900271415711,0.05,1526,"{""0"": 712, ""1"": 697, ""2"": 709, ""3"": 731, ""4"": 742, ""5"": 708}",connected
4399,12,4399,0.9303491666666667,0.20751898743212224,-6.57592620421201,0.9783145529031754,0.05,1526,"{""0"": 730, ""1"": 715, ""2"": 726, ""3"": 744, ""4"": 753, ""5"": 731}",connected
4499,12,4499,0.9287658333333333,0.20740932665765285,-6.57592620421201,0.9835187512636184,0.05,1526,"{""0"": 749, ""1"": 729, ""2"": 743, ""3"": 760, ""4"": 772, ""5"": 746}",connected
4599,12,4599,0.9271825,0.2151273539662361,-6.57592620421201,0.9815424680709839,0.05,1526,"{""0"": 762, ""1"": 746, ""2"": 764, ""3"": 774, ""4"": 795, ""5"": 758}",connected
4699,12,4699,0.9255991666666666,0.2114792373776436,-6.57592620421201,0.9803069901466369,0.05,1526,"{""0"": 784, ""1"": 761, ""2"": 777, ""3"": 796, ""4"": 809, ""5"": 772}",connected
4799,12,4799,0.9240158333333334,0.20538958713412284,-6.57592620421201,0.9679853475093841,0.05,1526,"{""0"": 799, ""1"": 770, ""2"": 799, ""3"": 817, ""4"": 828, ""5"": 786}",connected
4899,12,4899,0.9224325,0.1981596414744854,-6.57592620421201,0.956323903799057,0.05,1526,"{""0"": 818, ""1"": 783, ""2"": 815, ""3"": 837, ""4"": 843, ""5"": 803}",connected
4999,12,4999,0.9208491666666667,0.1835888595879078,-6.57592620421201,0.9462102818489074,0.05,1526,"{""0"": 838, ""1"": 793, ""2"": 847, ""3"": 845, ""4"": 856, ""5"": 820}",connected
5099,14,5099,0.9192658333333333,0.17929871767759323,-6.5810734249451865,0.9398641610145568,0.05,1526,"{""0"": 856, ""1"": 806, ""2"": 866, ""3"": 866, ""4"": 865, ""5"": 840}",connected
5199,14,5199,0.9176825,0.1715877179801464,-6.5810734249451865,0.938609030842781,0.05,1526,"{""0"": 873, ""1"": 815, ""2"": 882, ""3"": 884, ""4"": 886, ""5"": 859}",connected
5299,14,5299,0.9160991666666667,0.1651056232303381,-6.5810734249451865,0.9388684689998626,0.05,1526,"{""0"": 892, ""1"": 833, ""2"": 898, ""3"": 897, ""4"": 901, ""5"": 878}",connected
5399,14,5399,0.9145158333333333,0.1613900101184845,-6.5810734249451865,0.9459834146499634,0.05,1526,"{""0"": 915, ""1"": 844, ""2"": 917, ""3"": 918, ""4"": 918, ""5"": 887}",connected
5499,14,5499,0.9129325,0.152882976308465,-6.5810734249451865,0.9452505654096603,0.05,1526,"{""0"": 938, ""1"": 861, ""2"": 936, ""3"": 934, ""4"": 934, ""5"": 896}",connected
5599,14,5599,0.9113491666666667,0.1496850051730871,-6.5810734249451865,0.9517232555150986,0.05,1526,"{""0"": 953, ""1"": 873, ""2"": 949, ""3"": 953, ""4"": 962, ""5"": 909}",connected
5699,14,5699,0.9097658333333334,0.14751752726733686,-6.5810734249451865,0.9577240926027298,0.05,1526,"{""0"": 975, ""1"": 891, ""2"": 960, ""3"": 970, ""4"": 972, ""5"": 931}",connected
5799,16,5799,0.9081825,0.14962027855217458,-6.546038026281167,0.9525557690858841,0.05,1526,"{""0"": 995, ""1"": 909, ""2"": 980, ""3"": 983, ""4"": 984, ""5"": 948}",connected
5899,16,5899,0.9065991666666666,0.14512619405984878,-6.546038026281167,0.9503848081827164,0.05,1526,"{""0"": 1011, ""1"": 926, ""2"": 994, ""3"": 993, ""4"": 1011, ""5"": 964}",connected
5999,16,5999,0.9050158333333334,0.14477358929812909,-6.546038026281167,0.948029465675354,0.05,1526,"{""0"": 1030, ""1"": 944, ""2"": 1013, ""3"": 1011, ""4"": 1020, ""5"": 981}",connected
6099,16,6099,0.9034325,0.1412360790371895,-6.546038026281167,0.9443017905950546,0.05,1526,"{""0"": 1048, ""1"": 960, ""2"": 1033, ""3"": 1025, ""4"": 1043, ""5"": 990}",connected
6199,16,6199,0.9018491666666667,0.1310331043601036,-6.546038026281167,0.9437698876857757,0.05,1526,"{""0"": 1063, ""1"": 970, ""2"": 1053, ""3"": 1039, ""4"": 1066, ""5"": 1008}",connected
6299,16,6299,0.9002658333333333,0.13044807955622673,-6.546038026281167,0.9488025534152985,0.05,1526,"{""0"": 1076, ""1"": 984, ""2"": 1078, ""3"": 1056, ""4"": 1089, ""5"": 1016}",connected
6399,16,6399,0.8986825,0.12388357937335968,-6.546038026281167,0.944751073718071,0.05,1526,"{""0"": 1087, ""1"": 1003, ""2"": 1095, ""3"": 1080, ""4"": 1100, ""5"": 1034}",connected
6499,18,6499,0.8970991666666667,0.11818890757858753,-6.492639406687683,0.9483591324090958,0.05,1526,"{""0"": 1109, ""1"": 1023, ""2"": 1115, ""3"": 1085, ""4"": 1116, ""5"": 1051}",connected
6599,18,6599,0.8955158333333333,0.11860224224627018,-6.492639406687683,0.9477995330095291,0.05,1526,"{""0"": 1130, ""1"": 1038, ""2"": 1130, ""3"": 1097, ""4"": 1145, ""5"": 1059}",connected
6699,18,6699,0.8939325,0.11353253789246082,-6.492639406687683,0.9449025684595108,0.05,1526,"{""0"": 1144, ""1"": 1058, ""2"": 1145, ""3"": 1107, ""4"": 1169, ""5"": 1076}",connected
6799,18,6799,0.8923491666666666,0.11827219255268574,-6.492639406687683,0.9420794183015824,0.05,1526,"{""0"": 1154, ""1"": 1071, ""2"": 1157, ""3"": 1129, ""4"": 1190, ""5"": 1098}",connected
6899,18,6899,0.8907658333333334,0.12247988261282444,-6.492639406687683,0.9367434680461884,0.05,1526,"{""0"": 1177, ""1"": 1083, ""2"": 1173, ""3"": 1139, ""4"": 1213, ""5"": 1114}",connected
6999,18,6999,0.8891825,0.11769269086420536,-6.492639406687683,0.9354048299789429,0.05,1526,"{""0"": 1188, ""1"": 1098, ""2"": 1195, ""3"": 1162, ""4"": 1226, ""5"": 1130}",connected
7099,18,7099,0.8875991666666667,0.12158793695271015,-6.492639406687683,0.9362544220685959,0.05,1526,"{""0"": 1203, ""1"": 1118, ""2"": 1209, ""3"": 1176, ""4"": 1247, ""5"": 1146}",connected
7199,20,7199,0.8860158333333333,0.11794826582074165,-6.448203829466365,0.9371887838840485,0.05,1526,"{""0"": 1218, ""1"": 1140, ""2"": 1223, ""3"": 1201, ""4"": 1264, ""5"": 1153}",connected
7299,20,7299,0.8844325,0.11283064849674701,-6.448203829466365,0.934288894534111,0.05,1526,"{""0"": 1243, ""1"": 1148, ""2"": 1245, ""3"": 1212, ""4"": 1288, ""5"": 1163}",connected
7399,20,7399,0.8828491666666667,0.1135712455958128,-6.448203829466365,0.9325952970981598,0.05,1526,"{""0"": 1258, ""1"": 1170, ""2"": 1258, ""3"": 1231, ""4"": 1301, ""5"": 1181}",connected
7499,20,7499,0.8812658333333333,0.1157705818861723,-6.448203829466365,0.9244702267646789,0.05,1526,"{""0"": 1277, ""1"": 1194, ""2"": 1271, ""3"": 1244, ""4"": 1314, ""5"": 1199}",connected
7599,20,7599,0.8796825,0.11734930172562599,-6.448203829466365,0.9204757457971573,0.05,1526,"{""0"": 1294, ""1"": 1214, ""2"": 1292, ""3"": 1254, ""4"": 1329, ""5"": 1216}",connected
7699,20,7699,0.8780991666666667,0.11916989505290985,-6.448203829466365,0.9218497329950333,0.05,1526,"{""0"": 1312, ""1"": 1229, ""2"": 1313, ""3"": 1272, ""4"": 1340, ""5"": 1233}",connected
7799,20,7799,0.8765158333333334,0.12344662457704544,-6.448203829466365,0.9230609166622162,0.05,1526,"{""0"": 1331, ""1"": 1248, ""2"": 1336, ""3"": 1289, ""4"": 1350, ""5"": 1245}",connected
7899,22,7899,0.8749325,0.11882489286363125,-6.4528956331354985,0.9248937028646469,0.05,1526,"{""0"": 1344, ""1"": 1266, ""2"": 1347, ""3"": 1306, ""4"": 1377, ""5"": 1259}",connected
7999,22,7999,0.8733491666666666,0.11087004907429218,-6.4528956331354985,0.9266700059175491,0.05,1526,"{""0"": 1365, ""1"": 1276, ""2"": 1353, ""3"": 1329, ""4"": 1397, ""5"": 1279}",connected
8099,22,8099,0.8717658333333334,0.10909720107913018,-6.4528956331354985,0.92175217628479,0.05,1526,"{""0"": 1381, ""1"": 1288, ""2"": 1362, ""3"": 1348, ""4"": 1423, ""5"": 1297}",connected
8199,22,8199,0.8701825000000001,0.11043739877641201,-6.4528956331354985,0.9229522961378097,0.05,1526,"{""0"": 1400, ""1"": 1303, ""2"": 1378, ""3"": 1364, ""4"": 1435, ""5"": 1319}",connected
8299,22,8299,0.8685991666666667,0.10406800128519535,-6.4528956331354985,0.9231135267019271,0.05,1526,"{""0"": 1423, ""1"": 1315, ""2"": 1398, ""3"": 1381, ""4"": 1453, ""5"": 1329}",connected
8399,22,8399,0.8670158333333333,0.10856905035674572,-6.4528956331354985,0.930403602719307,0.05,1526,"{""0"": 1440, ""1"": 1329, ""2"": 1418, ""3"": 1397, ""4"": 1473, ""5"": 1342}",connected
8499,22,8499,0.8654325,0.1082520942762494,-6.4528956331354985,0.9318255764245987,0.05,1526,"{""0"": 1455, ""1"": 1340, ""2"": 1443, ""3"": 1411, ""4"": 1491, ""5"": 1359}",connected
8599,22,8599,0.8638491666666667,0.10161548677831889,-6.4528956331354985,0.9273337537050247,0.05,1526,"{""0"": 1468, ""1"": 1361, ""2"": 1467, ""3"": 1421, ""4"": 1502, ""5"": 1380}",connected
8699,24,8699,0.8622658333333333,0.10468631174415349,-6.454440559706806,0.9284074956178665,0.05,1526,"{""0"": 1487, ""1"": 1378, ""2"": 1490, ""3"": 1431, ""4"": 1517, ""5"": 1396}",connected
8799,24,8799,0.8606825,0.1033348934724927,-6.454440559706806,0.9189661014080047,0.05,1526,"{""0"": 1500, ""1"": 1397, ""2"": 1501, ""3"": 1456, ""4"": 1534, ""5"": 1411}",connected
8899,24,8899,0.8590991666666666,0.1047024480253458,-6.454440559706806,0.9204793775081634,0.05,1526,"{""0"": 1516, ""1"": 1410, ""2"": 1519, ""3"": 1468, ""4"": 1552, ""5"": 1434}",connected
8999,24,8999,0.8575158333333334,0.10568691849708557,-6.454440559706806,0.9205125218629837,0.05,1526,"{""0"": 1526, ""1"": 1425, ""2"": 1532, ""3"": 1491, ""4"": 1575, ""5"": 1450}",connected
9099,24,9099,0.8559325,0.10661034062504768,-6.454440559706806,0.9156234115362167,0.05,1526,"{""0"": 1536, ""1"": 1448, ""2"": 1556, ""3"": 1504, ""4"": 1592, ""5"": 1463}",connected
9199,24,9199,0.8543491666666667,0.10411817613989115,-6.454440559706806,0.9100161194801331,0.05,1526,"{""0"": 1552, ""1"": 1464, ""2"": 1577, ""3"": 1522, ""4"": 1609, ""5"": 1475}",connected
9299,24,9299,0.8527658333333333,0.1072190721705556,-6.454440559706806,0.9076777333021164,0.05,1526,"{""0"": 1570, ""1"": 1478, ""2"": 1591, ""3"": 1538, ""4"": 1627, ""5"": 1495}",connected
9399,26,9399,0.8511825,0.10498959083110095,-6.43836252638497,0.9090074157714844,0.05,1526,"{""0"": 1582, ""1"": 1491, ""2"": 1621, ""3"": 1547, ""4"": 1643, ""5"": 1515}",connected
9499,26,9499,0.8495991666666667,0.10019562792032957,-6.43836252638497,0.9055983453989029,0.05,1526,"{""0"": 1598, ""1"": 1506, ""2"": 1634, ""3"": 1550, ""4"": 1677, ""5"": 1534}",connected
9599,26,9599,0.8480158333333333,0.10198416780680418,-6.43836252638497,0.9068817967176437,0.05,1526,"{""0"": 1618, ""1"": 1524, ""2"": 1648, ""3"": 1564, ""4"": 1700, ""5"": 1545}",connected
9699,26,9699,0.8464325,0.09253365334123373,-6.43836252638497,0.9040602892637253,0.05,1526,"{""0"": 1631, ""1"": 1542, ""2"": 1662, ""3"": 1575, ""4"": 1733, ""5"": 1556}",connected
9799,26,9799,0.8448491666666667,0.09494455005973577,-6.43836252638497,0.8984616470336914,0.05,1526,"{""0"": 1655, ""1"": 1556, ""2"": 1677, ""3"": 1591, ""4"": 1751, ""5"": 1569}",connected
9899,26,9899,0.8432658333333334,0.09859886828809977,-6.43836252638497,0.8991130757331848,0.05,1526,"{""0"": 1667, ""1"": 1577, ""2"": 1699, ""3"": 1607, ""4"": 1764, ""5"": 1585}",connected
9999,26,9999,0.8416825,0.1018286906927824,-6.43836252638497,0.8985737890005112,0.05,1526,"{""0"": 1680, ""1"": 1601, ""2"": 1720, ""3"": 1625, ""4"": 1776, ""5"": 1597}",connected
10099,28,10099,0.8400991666666666,0.10340673625469207,-6.440930761929069,0.896627624630928,0.05,1526,"{""0"": 1700, ""1"": 1614, ""2"": 1737, ""3"": 1641, ""4"": 1797, ""5"": 1610}",connected
10199,28,10199,0.8385158333333333,0.10180908534675837,-6.440930761929069,0.8993218302726745,0.05,1526,"{""0"": 1715, ""1"": 1621, ""2"": 1765, ""3"": 1654, ""4"": 1816, ""5"": 1628}",connected
10299,28,10299,0.8369325000000001,0.10159844305366278,-6.440930761929069,0.8980644446611404,0.05,1526,"{""0"": 1722, ""1"": 1642, ""2"": 1782, ""3"": 1680, ""4"": 1830, ""5"": 1643}",connected
10399,28,10399,0.8353491666666667,0.0982209699973464,-6.440930761929069,0.9008579885959626,0.05,1526,"{""0"": 1740, ""1"": 1650, ""2"": 1792, ""3"": 1695, ""4"": 1860, ""5"": 1662}",connected
10499,28,10499,0.8337658333333333,0.10458501521497965,-6.440930761929069,0.9087115675210953,0.05,1526,"{""0"": 1759, ""1"": 1664, ""2"": 1814, ""3"": 1713, ""4"": 1870, ""5"": 1679}",connected
10599,28,10599,0.8321825,0.1047468863427639,-6.440930761929069,0.9051624184846878,0.05,1526,"{""0"": 1784, ""1"": 1675, ""2"": 1834, ""3"": 1734, ""4"": 1874, ""5"": 1698}",connected
10699,28,10699,0.8305991666666667,0.09899807274341584,-6.440930761929069,0.9054568034410476,0.05,1526,"{""0"": 1795, ""1"": 1690, ""2"": 1854, ""3"": 1750, ""4"": 1891, ""5"": 1719}",connected
10799,30,10799,0.8290158333333333,0.09811804056167603,-6.492443498798336,0.9051699584722519,0.05,1526,"{""0"": 1815, ""1"": 1708, ""2"": 1870, ""3"": 1762, ""4"": 1905, ""5"": 1739}",connected
10899,30,10899,0.8274325,0.0976354831084609,-6.492443498798336,0.894950367808342,0.05,1526,"{""0"": 1827, ""1"": 1727, ""2"": 1886, ""3"": 1778, ""4"": 1929, ""5"": 1752}",connected
10999,30,10999,0.8258491666666667,0.09422070454806089,-6.492443498798336,0.8930494350194931,0.05,1526,"{""0"": 1841, ""1"": 1737, ""2"": 1901, ""3"": 1804, ""4"": 1947, ""5"": 1769}",connected
11099,30,11099,0.8242658333333334,0.0992499803006649,-6.492443498798336,0.8892951774597168,0.05,1526,"{""0"": 1857, ""1"": 1759, ""2"": 1920, ""3"": 1826, ""4"": 1952, ""5"": 1785}",connected
11199,30,11199,0.8226825,0.0989777596667409,-6.492443498798336,0.8858556008338928,0.05,1526,"{""0"": 1872, ""1"": 1776, ""2"": 1933, ""3"": 1842, ""4"": 1971, ""5"": 1805}",connected
11299,30,11299,0.8210991666666667,0.09639461539685726,-6.492443498798336,0.8868804162740708,0.05,1526,"{""0"": 1880, ""1"": 1792, ""2"": 1955, ""3"": 1858, ""4"": 1989, ""5"": 1825}",connected
11399,30,11399,0.8195158333333333,0.10132837504148483,-6.492443498798336,0.8848413729667663,0.05,1526,"{""0"": 1890, ""1"": 1810, ""2"": 1975, ""3"": 1871, ""4"": 2008, ""5"": 1845}",connected
11499,32,11499,0.8179325000000001,0.10139972623437643,-6.582724260937539,0.8851400864124298,0.05,1526,"{""0"": 1907, ""1"": 1823, ""2"": 1996, ""3"": 1886, ""4"": 2022, ""5"": 1865}",connected
11599,32,11599,0.8163491666666667,0.10064608380198478,-6.582724260937539,0.886859433054924,0.05,1526,"{""0"": 1926, ""1"": 1835, ""2"": 2015, ""3"": 1901, ""4"": 2038, ""5"": 1884}",connected
11699,32,11699,0.8147658333333333,0.09912928380072117,-6.582724260937539,0.8829387325048447,0.05,1526,"{""0"": 1947, ""1"": 1849, ""2"": 2038, ""3"": 1918, ""4"": 2048, ""5"": 1899}",connected
11799,32,11799,0.8131825,0.09449766591191291,-6.582724260937539,0.882152123451233,0.05,1526,"{""0"": 1965, ""1"": 1874, ""2"": 2053, ""3"": 1927, ""4"": 2061, ""5"": 1919}",connected
11899,32,11899,0.8115991666666666,0.08828215807676315,-6.582724260937539,0.882071618437767,0.05,1526,"{""0"": 1981, ""1"": 1894, ""2"": 2062, ""3"": 1950, ""4"": 2081, ""5"": 1931}",connected
11999,32,11999,0.8100158333333334,0.08681048389524221,-6.582724260937539,0.8723150098323822,0.05,1526,"{""0"": 1999, ""1"": 1909, ""2"": 2079, ""3"": 1962, ""4"": 2101, ""5"": 1949}",connected
12099,32,12099,0.8084325,0.08475199699401856,-6.582724260937539,0.8757841968536377,0.05,1526,"{""0"": 2008, ""1"": 1925, ""2"": 2108, ""3"": 1980, ""4"": 2109, ""5"": 1969}",connected
12199,34,12199,0.8068491666666666,0.08493436217308044,-6.573092119864134,0.8704818332195282,0.05,1526,"{""0"": 2020, ""1"": 1949, ""2"": 2124, ""3"": 1994, ""4"": 2123, ""5"": 1989}",connected
12299,34,12299,0.8052658333333333,0.08866327624768018,-6.573092119864134,0.8599995285272598,0.05,1526,"{""0"": 2036, ""1"": 1967, ""2"": 2146, ""3"": 2007, ""4"": 2139, ""5"": 2004}",connected
12399,34,12399,0.8036825000000001,0.09042825274169446,-6.573092119864134,0.8623386496305465,0.05,1526,"{""0"": 2046, ""1"": 1992, ""2"": 2157, ""3"": 2029, ""4"": 2156, ""5"": 2019}",connected
12499,34,12499,0.8020991666666667,0.08773654352873564,-6.573092119864134,0.8509918737411499,0.05,1526,"{""0"": 2059, ""1"": 2006, ""2"": 2172, ""3"": 2049, ""4"": 2164, ""5"": 2049}",connected
12599,34,12599,0.8005158333333333,0.0881900331005454,-6.573092119864134,0.8437326020002365,0.05,1526,"{""0"": 2074, ""1"": 2015, ""2"": 2194, ""3"": 2063, ""4"": 2184, ""5"": 2069}",connected
12699,34,12699,0.7989325,0.08427127860486508,-6.573092119864134,0.8425489002466202,0.05,1526,"{""0"": 2092, ""1"": 2031, ""2"": 2205, ""3"": 2083, ""4"": 2198, ""5"": 2090}",connected
12799,34,12799,0.7973491666666667,0.08227352067828178,-6.573092119864134,0.8318645894527436,0.05,1526,"{""0"": 2097, ""1"": 2048, ""2"": 2227, ""3"": 2110, ""4"": 2206, ""5"": 2111}",connected
12899,34,12899,0.7957658333333333,0.08425082817673683,-6.573092119864134,0.8273286044597625,0.05,1526,"{""0"": 2111, ""1"": 2061, ""2"": 2243, ""3"": 2126, ""4"": 2231, ""5"": 2127}",connected
12999,36,12999,0.7941825,0.0839297118410468,-6.646054591893011,0.8278049820661545,0.05,1526,"{""0"": 2139, ""1"": 2079, ""2"": 2253, ""3"": 2136, ""4"": 2249, ""5"": 2143}",connected
13099,36,13099,0.7925991666666667,0.08581699140369892,-6.646054591893011,0.8233292460441589,0.05,1526,"{""0"": 2159, ""1"": 2088, ""2"": 2272, ""3"": 2147, ""4"": 2273, ""5"": 2160}",connected
13199,36,13199,0.7910158333333334,0.0860535080730915,-6.646054591893011,0.8201808053255081,0.05,1526,"{""0"": 2173, ""1"": 2099, ""2"": 2291, ""3"": 2164, ""4"": 2296, ""5"": 2176}",connected
13299,36,13299,0.7894325,0.09037431057542562,-6.646054591893011,0.8186611968278885,0.05,1526,"{""0"": 2188, ""1"": 2119, ""2"": 2309, ""3"": 2179, ""4"": 2311, ""5"": 2193}",connected
13399,36,13399,0.7878491666666667,0.08959376815706492,-6.646054591893011,0.8186791336536408,0.05,1526,"{""0"": 2213, ""1"": 2135, ""2"": 2327, ""3"": 2195, ""4"": 2330, ""5"": 2199}",connected
13499,36,13499,0.7862658333333333,0.09168957382440567,-6.646054591893011,0.8211106657981873,0.05,1526,"{""0"": 2222, ""1"": 2159, ""2"": 2339, ""3"": 2212, ""4"": 2354, ""5"": 2213}",connected
13599,36,13599,0.7846825000000001,0.09211942143738269,-6.646054591893011,0.8232947099208832,0.05,1526,"{""0"": 2235, ""1"": 2174, ""2"": 2363, ""3"": 2230, ""4"": 2366, ""5"": 2231}",connected
13699,38,13699,0.7830991666666667,0.08939901735633611,-6.649852506779625,0.8207941365242004,0.05,1526,"{""0"": 2252, ""1"": 2190, ""2"": 2381, ""3"": 2257, ""4"": 2377, ""5"": 2242}",connected
13799,38,13799,0.7815158333333333,0.08761213764548302,-6.649852506779625,0.8108918464183807,0.05,1526,"{""0"": 2271, ""1"": 2204, ""2"": 2394, ""3"": 2278, ""4"": 2391, ""5"": 2261}",connected
13899,38,13899,0.7799325,0.08515356048941612,-6.649852506779625,0.8023713546991348,0.05,1526,"{""0"": 2285, ""1"": 2215, ""2"": 2414, ""3"": 2303, ""4"": 2408, ""5"": 2274}",connected
13999,38,13999,0.7783491666666666,0.08028522547334432,-6.649852506779625,0.796872928738594,0.05,1526,"{""0"": 2305, ""1"": 2227, ""2"": 2434, ""3"": 2314, ""4"": 2421, ""5"": 2298}",connected
14099,38,14099,0.7767658333333334,0.08110915698111057,-6.649852506779625,0.7905756896734237,0.05,1526,"{""0"": 2316, ""1"": 2257, ""2"": 2446, ""3"": 2324, ""4"": 2443, ""5"": 2313}",connected
14199,38,14199,0.7751825,0.08689614102244377,-6.649852506779625,0.7851718485355377,0.05,1526,"{""0"": 2336, ""1"": 2276, ""2"": 2465, ""3"": 2336, ""4"": 2457, ""5"": 2329}",connected
14299,38,14299,0.7735991666666666,0.08813220176845789,-6.649852506779625,0.785031880736351,0.05,1526,"{""0"": 2355, ""1"": 2297, ""2"": 2480, ""3"": 2354, ""4"": 2468, ""5"": 2345}",connected
14399,40,14399,0.7720158333333333,0.09372539915144444,-6.642763517261483,0.7798754185438156,0.05,1526,"{""0"": 2381, ""1"": 2316, ""2"": 2490, ""3"": 2372, ""4"": 2480, ""5"": 2360}",connected
14499,40,14499,0.7704325000000001,0.0899312486127019,-6.642763517261483,0.7799305635690689,0.05,1526,"{""0"": 2405, ""1"": 2332, ""2"": 2513, ""3"": 2383, ""4"": 2494, ""5"": 2372}",connected
14599,40,14599,0.7688491666666667,0.08182545229792595,-6.642763517261483,0.7819791179895401,0.05,1526,"{""0"": 2417, ""1"": 2348, ""2"": 2531, ""3"": 2394, ""4"": 2520, ""5"": 2389}",connected
14699,40,14699,0.7672658333333333,0.07823262970894575,-6.642763517261483,0.7799741035699844,0.05,1526,"{""0"": 2434, ""1"": 2366, ""2"": 2544, ""3"": 2409, ""4"": 2545, ""5"": 2401}",connected
14799,40,14799,0.7656825,0.0793576654791832,-6.642763517261483,0.7812982481718064,0.05,1526,"{""0"": 2439, ""1"": 2386, ""2"": 2555, ""3"": 2436, ""4"": 2562, ""5"": 2421}",connected
14899,40,14899,0.7640991666666667,0.08078579638153315,-6.642763517261483,0.779412897825241,0.05,1526,"{""0"": 2452, ""1"": 2395, ""2"": 2571, ""3"": 2459, ""4"": 2584, ""5"": 2438}",connected
14999,40,14999,0.7625158333333333,0.07971720039844513,-6.642763517261483,0.7830124306678772,0.05,1526,"{""0"": 2471, ""1"": 2409, ""2"": 2596, ""3"": 2470, ""4"": 2596, ""5"": 2457}",connected
15099,42,15099,0.7609325,0.0844274052605033,-6.712704748270058,0.7827288216352463,0.05,1526,"{""0"": 2491, ""1"": 2422, ""2"": 2612, ""3"": 2483, ""4"": 2616, ""5"": 2475}",connected
15199,42,15199,0.7593491666666666,0.08130672354251146,-6.712704748270058,0.7807197028398514,0.05,1526,"{""0"": 2505, ""1"": 2434, ""2"": 2628, ""3"": 2493, ""4"": 2645, ""5"": 2494}",connected
15299,42,15299,0.7577658333333334,0.08649592738598585,-6.712704748270058,0.7801188826560974,0.05,1526,"{""0"": 2519, ""1"": 2452, ""2"": 2655, ""3"": 2505, ""4"": 2655, ""5"": 2513}",connected
15399,42,15399,0.7561825,0.09150159381330013,-6.712704748270058,0.7790507662296295,0.05,1526,"{""0"": 2534, ""1"": 2470, ""2"": 2676, ""3"": 2518, ""4"": 2664, ""5"": 2537}",connected
15499,42,15499,0.7545991666666667,0.09184942469000816,-6.712704748270058,0.7757638311386108,0.05,1526,"{""0"": 2545, ""1"": 2487, ""2"": 2694, ""3"": 2539, ""4"": 2673, ""5"": 2561}",connected
15599,42,15599,0.7530158333333333,0.09237477228045464,-6.712704748270058,0.7718795400857925,0.05,1526,"{""0"": 2555, ""1"": 2496, ""2"": 2715, ""3"": 2558, ""4"": 2693, ""5"": 2582}",connected
15699,42,15699,0.7514325000000001,0.08979703824967146,-6.712704748270058,0.7721046257019043,0.05,1526,"{""0"": 2585, ""1"": 2506, ""2"": 2732, ""3"": 2571, ""4"": 2711, ""5"": 2594}",connected
15799,44,15799,0.7498491666666667,0.08927758667618037,-6.707387304780158,0.7614676833152771,0.05,1526,"{""0"": 2605, ""1"": 2531, ""2"": 2746, ""3"": 2587, ""4"": 2718, ""5"": 2612}",connected
15899,44,15899,0.7482658333333334,0.0845982701331377,-6.707387304780158,0.7593924957513809,0.05,1526,"{""0"": 2620, ""1"": 2546, ""2"": 2761, ""3"": 2606, ""4"": 2741, ""5"": 2625}",connected
15999,44,15999,0.7466825,0.08254808638244868,-6.707387304780158,0.760782361626625,0.05,1526,"{""0"": 2632, ""1"": 2559, ""2"": 2777, ""3"": 2617, ""4"": 2775, ""5"": 2639}",connected
16099,44,16099,0.7450991666666666,0.08492692019790411,-6.707387304780158,0.7597310584783554,0.05,1526,"{""0"": 2641, ""1"": 2569, ""2"": 2794, ""3"": 2629, ""4"": 2793, ""5"": 2673}",connected
16199,44,16199,0.7435158333333334,0.08198975961655379,-6.707387304780158,0.7635583466291428,0.05,1526,"{""0"": 2661, ""1"": 2585, ""2"": 2806, ""3"": 2646, ""4"": 2812, ""5"": 2689}",connected
16299,44,16299,0.7419325,0.08289187259972096,-6.707387304780158,0.7609429377317428,0.05,1526,"{""0"": 2676, ""1"": 2608, ""2"": 2824, ""3"": 2656, ""4"": 2832, ""5"": 2703}",connected
16399,44,16399,0.7403491666666666,0.08464245688170195,-6.707387304780158,0.7570585852861405,0.05,1526,"{""0"": 2688, ""1"": 2623, ""2"": 2848, ""3"": 2679, ""4"": 2841, ""5"": 2720}",connected
16499,46,16499,0.7387658333333333,0.08359974712133407,-6.73200252740239,0.7566837614774704,0.05,1526,"{""0"": 2713, ""1"": 2634, ""2"": 2862, ""3"": 2696, ""4"": 2856, ""5"": 2738}",connected
16599,46,16599,0.7371825000000001,0.08630566090345383,-6.73200252740239,0.7543589121103287,0.05,1526,"{""0"": 2725, ""1"": 2652, ""2"": 2873, ""3"": 2709, ""4"": 2883, ""5"": 2757}",connected
16699,46,16699,0.7355991666666667,0.08868133150041103,-6.73200252740239,0.7526198416948319,0.05,1526,"{""0"": 2743, ""1"": 2669, ""2"": 2889, ""3"": 2718, ""4"": 2905, ""5"": 2775}",connected
16799,46,16799,0.7340158333333333,0.08634256899356842,-6.73200252740239,0.7528921288251876,0.05,1526,"{""0"": 2768, ""1"": 2679, ""2"": 2902, ""3"": 2737, ""4"": 2922, ""5"": 2791}",connected
16899,46,16899,0.7324325,0.08825875516980887,-6.73200252740239,0.7476887059211731,0.05,1526,"{""0"": 2792, ""1"": 2691, ""2"": 2918, ""3"": 2743, ""4"": 2954, ""5"": 2801}",connected
16999,46,16999,0.7308491666666667,0.09092281721532344,-6.73200252740239,0.7448921442031861,0.05,1526,"{""0"": 2821, ""1"": 2704, ""2"": 2937, ""3"": 2755, ""4"": 2969, ""5"": 2813}",connected
17099,46,17099,0.7292658333333334,0.08999136339873076,-6.73200252740239,0.7478527784347534,0.05,1526,"{""0"": 2830, ""1"": 2724, ""2"": 2957, ""3"": 2771, ""4"": 2985, ""5"": 2832}",connected
17199,46,17199,0.7276825,0.09060509845614434,-6.73200252740239,0.7461547064781189,0.05,1526,"{""0"": 2847, ""1"": 2739, ""2"": 2971, ""3"": 2793, ""4"": 3000, ""5"": 2849}",connected
17299,48,17299,0.7260991666666667,0.08387640856206417,-6.741195372034174,0.7483047938346863,0.05,1526,"{""0"": 2866, ""1"": 2754, ""2"": 2983, ""3"": 2818, ""4"": 3017, ""5"": 2861}",connected
17399,48,17399,0.7245158333333334,0.08515059906989336,-6.741195372034174,0.7473124498128891,0.05,1526,"{""0"": 2882, ""1"": 2772, ""2"": 3001, ""3"": 2836, ""4"": 3031, ""5"": 2877}",connected
17499,48,17499,0.7229325,0.08847353048622608,-6.741195372034174,0.744280344247818,0.05,1526,"{""0"": 2903, ""1"": 2786, ""2"": 3012, ""3"": 2854, ""4"": 3050, ""5"": 2894}",connected
17599,48,17599,0.7213491666666667,0.0922540982440114,-6.741195372034174,0.7432283622026443,0.05,1526,"{""0"": 2921, ""1"": 2805, ""2"": 3029, ""3"": 2862, ""4"": 3073, ""5"": 2909}",connected
17699,48,17699,0.7197658333333334,0.09037712574005127,-6.741195372034174,0.7433707970380783,0.05,1526,"{""0"": 2947, ""1"": 2822, ""2"": 3055, ""3"": 2872, ""4"": 3082, ""5"": 2921}",connected
17799,48,17799,0.7181825,0.08677943844348192,-6.741195372034174,0.7462840229272842,0.05,1526,"{""0"": 2964, ""1"": 2839, ""2"": 3073, ""3"": 2879, ""4"": 3099, ""5"": 2945}",connected
17899,48,17899,0.7165991666666667,0.0838336968794465,-6.741195372034174,0.7439376527070999,0.05,1526,"{""0"": 2990, ""1"": 2853, ""2"": 3087, ""3"": 2892, ""4"": 3108, ""5"": 2969}",connected
17999,50,17999,0.7150158333333334,0.08007392786443233,-6.7246426387876275,0.7432309681177139,0.05,1526,"{""0"": 3016, ""1"": 2858, ""2"": 3102, ""3"": 2904, ""4"": 3129, ""5"": 2990}",connected
18099,50,18099,0.7134325,0.08594299003481864,-6.7246426387876275,0.7375791066884995,0.05,1526,"{""0"": 3034, ""1"": 2869, ""2"": 3123, ""3"": 2917, ""4"": 3149, ""5"": 3007}",connected
18199,50,18199,0.7118491666666666,0.08848441764712334,-6.7246426387876275,0.7382068485021591,0.05,1526,"{""0"": 3047, ""1"": 2889, ""2"": 3140, ""3"": 2929, ""4"": 3181, ""5"": 3013}",connected
18299,50,18299,0.7102658333333334,0.09305374477058649,-6.7246426387876275,0.7375479185581207,0.05,1526,"{""0"": 3069, ""1"": 2902, ""2"": 3153, ""3"": 2953, ""4"": 3194, ""5"": 3028}",connected
18399,50,18399,0.7086825000000001,0.09677728671580553,-6.7246426387876275,0.7375690287351608,0.05,1526,"{""0"": 3097, ""1"": 2919, ""2"": 3169, ""3"": 2961, ""4"": 3210, ""5"": 3043}",connected
18499,50,18499,0.7070991666666666,0.09591544430702925,-6.7246426387876275,0.7446854501962662,0.05,1526,"{""0"": 3114, ""1"": 2935, ""2"": 3182, ""3"": 2985, ""4"": 3220, ""5"": 3063}",connected
18599,50,18599,0.7055158333333333,0.09090300764888525,-6.7246426387876275,0.7402205091714859,0.05,1526,"{""0"": 3139, ""1"": 2949, ""2"": 3198, ""3"": 3001, ""4"": 3237, ""5"": 3075}",connected
18699,52,18699,0.7039325000000001,0.08488258045166731,-6.73362802380087,0.7437609851360321,0.05,1526,"{""0"": 3158, ""1"": 2961, ""2"": 3219, ""3"": 3013, ""4"": 3256, ""5"": 3092}",connected
18799,52,18799,0.7023491666666666,0.08487402107566595,-6.73362802380087,0.7405256402492523,0.05,1526,"{""0"": 3178, ""1"": 2977, ""2"": 3235, ""3"": 3023, ""4"": 3280, ""5"": 3106}",connected
18899,52,18899,0.7007658333333333,0.08154008276760578,-6.73362802380087,0.735261624455452,0.05,1526,"{""0"": 3197, ""1"": 2996, ""2"": 3259, ""3"": 3037, ""4"": 3289, ""5"": 3121}",connected
18999,52,18999,0.6991825,0.0844631177559495,-6.73362802380087,0.7369021964073181,0.05,1526,"{""0"": 3213, ""1"": 3012, ""2"": 3278, ""3"": 3049, ""4"": 3303, ""5"": 3144}",connected
19099,52,19099,0.6975991666666667,0.08402496661990881,-6.73362802380087,0.7334754747152329,0.05,1526,"{""0"": 3239, ""1"": 3026, ""2"": 3291, ""3"": 3060, ""4"": 3321, ""5"": 3162}",connected
19199,52,19199,0.6960158333333333,0.08617501195520162,-6.73362802380087,0.7394607979059219,0.05,1526,"{""0"": 3250, ""1"": 3054, ""2"": 3308, ""3"": 3073, ""4"": 3340, ""5"": 3174}",connected
19299,52,19299,0.6944325,0.08622973416000605,-6.73362802380087,0.74155511200428,0.05,1526,"{""0"": 3265, ""1"": 3070, ""2"": 3327, ""3"": 3088, ""4"": 3354, ""5"": 3195}",connected
19399,54,19399,0.6928491666666667,0.086399614661932,-6.706950022873503,0.741499571800232,0.05,1526,"{""0"": 3297, ""1"": 3084, ""2"": 3332, ""3"": 3105, ""4"": 3369, ""5"": 3212}",connected
19499,54,19499,0.6912658333333334,0.08886239670217037,-6.706950022873503,0.7427834630012512,0.05,1526,"{""0"": 3320, ""1"": 3098, ""2"": 3343, ""3"": 3123, ""4"": 3393, ""5"": 3222}",connected
19599,54,19599,0.6896825,0.08309116389602422,-6.706950022873503,0.7393806648254394,0.05,1526,"{""0"": 3334, ""1"": 3111, ""2"": 3369, ""3"": 3140, ""4"": 3408, ""5"": 3237}",connected
19699,54,19699,0.6880991666666667,0.08269131410866976,-6.706950022873503,0.7366911745071412,0.05,1526,"{""0"": 3344, ""1"": 3129, ""2"": 3388, ""3"": 3154, ""4"": 3431, ""5"": 3253}",connected
19799,54,19799,0.6865158333333333,0.083695716150105,-6.706950022873503,0.7333480274677276,0.05,1526,"{""0"": 3351, ""1"": 3150, ""2"": 3412, ""3"": 3169, ""4"": 3444, ""5"": 3273}",connected
19899,54,19899,0.6849324999999999,0.08214038737118244,-6.706950022873503,0.729917471408844,0.05,1526,"{""0"": 3366, ""1"": 3162, ""2"": 3432, ""3"": 3185, ""4"": 3462, ""5"": 3292}",connected
19999,54,19999,0.6833491666666667,0.08130866210907697,-6.706950022873503,0.7298026794195175,0.05,1526,"{""0"": 3380, ""1"": 3179, ""2"": 3447, ""3"": 3204, ""4"": 3482, ""5"": 3307}",connected
20099,56,20000,0.6817658333333334,0.08375359207391739,-6.684852099802811,0.729153750538826,0.05,1526,"{""0"": 3407, ""1"": 3195, ""2"": 3461, ""3"": 3215, ""4"": 3499, ""5"": 3322}",connected
20199,56,20000,0.6801825,0.08227550595998764,-6.684852099802811,0.7289552927017212,0.05,1526,"{""0"": 3425, ""1"": 3214, ""2"": 3476, ""3"": 3227, ""4"": 3523, ""5"": 3334}",connected
20299,56,20000,0.6785991666666666,0.08266110848635436,-6.684852099802811,0.7290090996026993,0.05,1526,"{""0"": 3436, ""1"": 3229, ""2"": 3499, ""3"": 3247, ""4"": 3539, ""5"": 3349}",connected
20399,56,20000,0.6770158333333334,0.08584700170904398,-6.684852099802811,0.7236893230676651,0.05,1526,"{""0"": 3448, ""1"": 3252, ""2"": 3521, ""3"": 3259, ""4"": 3553, ""5"": 3366}",connected
20499,58,20000,0.6754325,0.0828512092679739,-6.468872405147051,0.7202789199352264,0.05,1526,"{""0"": 3460, ""1"": 3268, ""2"": 3550, ""3"": 3266, ""4"": 3578, ""5"": 3377}",connected
20599,58,20000,0.6738491666666666,0.08362515646964312,-6.468872405147051,0.7214239215850831,0.05,1526,"{""0"": 3480, ""1"": 3283, ""2"": 3569, ""3"": 3289, ""4"": 3585, ""5"": 3393}",connected
20699,58,20000,0.6722658333333333,0.08471173368394375,-6.468872405147051,0.721308387517929,0.05,1526,"{""0"": 3495, ""1"": 3302, ""2"": 3584, ""3"": 3304, ""4"": 3603, ""5"": 3411}",connected
20799,58,20000,0.6706825000000001,0.08465423308312893,-6.468872405147051,0.719117534160614,0.05,1526,"{""0"": 3515, ""1"": 3314, ""2"": 3605, ""3"": 3319, ""4"": 3618, ""5"": 3428}",connected
20899,58,20000,0.6690991666666667,0.08411025647073984,-6.468872405147051,0.7176397597789764,0.05,1526,"{""0"": 3537, ""1"": 3327, ""2"": 3631, ""3"": 3337, ""4"": 3629, ""5"": 3438}",connected
20999,58,20000,0.6675158333333333,0.08188124939799309,-6.468872405147051,0.721354723572731,0.05,1526,"{""0"": 3555, ""1"": 3338, ""2"": 3642, ""3"": 3349, ""4"": 3655, ""5"": 3460}",connected
21099,58,20000,0.6659325,0.08041185576468707,-6.468872405147051,0.7180888837575913,0.05,1526,"{""0"": 3568, ""1"": 3350, ""2"": 3663, ""3"": 3363, ""4"": 3682, ""5"": 3473}",connected
21199,60,20000,0.6643491666666667,0.07622689619660378,-6.498464895404565,0.7187678170204163,0.05,1526,"{""0"": 3578, ""1"": 3357, ""2"": 3691, ""3"": 3381, ""4"": 3706, ""5"": 3486}",connected
21299,60,20000,0.6627658333333334,0.07772962428629399,-6.498464895404565,0.714530634880066,0.05,1526,"{""0"": 3607, ""1"": 3363, ""2"": 3704, ""3"": 3403, ""4"": 3723, ""5"": 3499}",connected
21399,60,20000,0.6611825,0.07761546824127435,-6.498464895404565,0.7069783890247345,0.05,1526,"{""0"": 3617, ""1"": 3379, ""2"": 3722, ""3"": 3414, ""4"": 3746, ""5"": 3521}",connected
21499,60,20000,0.6595991666666667,0.07862838935106993,-6.498464895404565,0.7090418273210526,0.05,1526,"{""0"": 3640, ""1"": 3398, ""2"": 3750, ""3"": 3422, ""4"": 3759, ""5"": 3530}",connected
21599,60,20000,0.6580158333333334,0.08577468235045671,-6.498464895404565,0.705939861536026,0.05,1526,"{""0"": 3657, ""1"": 3412, ""2"": 3767, ""3"": 3437, ""4"": 3780, ""5"": 3546}",connected
21699,60,20000,0.6564325,0.08486861858516931,-6.498464895404565,0.7104829931259156,0.05,1526,"{""0"": 3672, ""1"": 3437, ""2"": 3785, ""3"": 3450, ""4"": 3793, ""5"": 3562}",connected
21799,60,20000,0.6548491666666667,0.08796369452029466,-6.498464895404565,0.70863549888134,0.05,1526,"{""0"": 3688, ""1"": 3452, ""2"": 3803, ""3"": 3463, ""4"": 3813, ""5"": 3580}",connected
21899,60,20000,0.6532658333333334,0.08975563313812017,-6.498464895404565,0.7038365250825882,0.05,1526,"{""0"": 3705, ""1"": 3466, ""2"": 3816, ""3"": 3485, ""4"": 3827, ""5"": 3600}",connected
21999,62,20000,0.6516825,0.08910956215113401,-6.498103607017847,0.7042096370458603,0.05,1526,"{""0"": 3726, ""1"": 3481, ""2"": 3835, ""3"": 3500, ""4"": 3842, ""5"": 3615}",connected
22099,62,20000,0.6500991666666667,0.08852280396968126,-6.498103607017847,0.7017547458410263,0.05,1526,"{""0"": 3742, ""1"": 3502, ""2"": 3848, ""3"": 3508, ""4"": 3867, ""5"": 3632}",connected
22199,62,20000,0.6485158333333334,0.08735926702618599,-6.498103607017847,0.6997137278318405,0.05,1526,"{""0"": 3757, ""1"": 3519, ""2"": 3874, ""3"": 3533, ""4"": 3877, ""5"": 3639}",connected
22299,62,20000,0.6469325,0.0880808648467064,-6.498103607017847,0.6981448477506638,0.05,1526,"{""0"": 3770, ""1"": 3535, ""2"": 3880, ""3"": 3554, ""4"": 3904, ""5"": 3656}",connected
22399,62,20000,0.6453491666666666,0.0859905119240284,-6.498103607017847,0.6963218927383423,0.05,1526,"{""0"": 3793, ""1"": 3541, ""2"": 3908, ""3"": 3564, ""4"": 3918, ""5"": 3675}",connected
22499,62,20000,0.6437658333333334,0.08974204551428556,-6.498103607017847,0.6889283400774002,0.05,1526,"{""0"": 3813, ""1"": 3551, ""2"": 3938, ""3"": 3575, ""4"": 3929, ""5"": 3693}",connected
22599,62,20000,0.6421825000000001,0.08822002097964286,-6.498103607017847,0.6895402920246124,0.05,1526,"{""0"": 3832, ""1"": 3568, ""2"": 3949, ""3"": 3596, ""4"": 3942, ""5"": 3712}",connected
22699,64,20000,0.6405991666666666,0.08170550081878901,-6.5246651011621,0.6892863267660141,0.05,1526,"{""0"": 3849, ""1"": 3585, ""2"": 3970, ""3"": 3609, ""4"": 3960, ""5"": 3726}",connected
22799,64,20000,0.6390158333333333,0.07878356903791428,-6.5246651011621,0.6900601607561111,0.05,1526,"{""0"": 3859, ""1"": 3607, ""2"": 3988, ""3"": 3618, ""4"": 3979, ""5"": 3748}",connected
22899,64,20000,0.6374325000000001,0.07714503955096007,-6.5246651011621,0.6917254292964935,0.05,1526,"{""0"": 3871, ""1"": 3620, ""2"": 4000, ""3"": 3645, ""4"": 4002, ""5"": 3761}",connected
22999,64,20000,0.6358491666666666,0.07873676750808954,-6.5246651011621,0.6910206300020217,0.05,1526,"{""0"": 3895, ""1"": 3626, ""2"": 4012, ""3"": 3668, ""4"": 4024, ""5"": 3774}",connected
23099,64,20000,0.6342658333333333,0.08531961124390364,-6.5246651011621,0.6915217763185502,0.05,1526,"{""0"": 3917, ""1"": 3642, ""2"": 4028, ""3"": 3675, ""4"": 4051, ""5"": 3786}",connected
23199,64,20000,0.6326825,0.08293234832584857,-6.5246651011621,0.6903430372476578,0.05,1526,"{""0"": 3953, ""1"": 3657, ""2"": 4043, ""3"": 3684, ""4"": 4064, ""5"": 3798}",connected
23299,64,20000,0.6310991666666668,0.08391664136201143,-6.5246651011621,0.6891615623235703,0.05,1526,"{""0"": 3976, ""1"": 3669, ""2"": 4064, ""3"": 3695, ""4"": 4085, ""5"": 3810}",connected
23399,66,20000,0.6295158333333333,0.08009340811520815,-6.550800686822075,0.6895334076881409,0.05,1526,"{""0"": 3997, ""1"": 3689, ""2"": 4087, ""3"": 3703, ""4"": 4101, ""5"": 3822}",connected
23499,66,20000,0.6279325,0.0794372896105051,-6.550800686822075,0.6873187804222107,0.05,1526,"{""0"": 4019, ""1"": 3712, ""2"": 4096, ""3"": 3711, ""4"": 4124, ""5"": 3837}",connected
23599,66,20000,0.6263491666666667,0.08077225513756275,-6.550800686822075,0.6845711278915405,0.05,1526,"{""0"": 4025, ""1"": 3744, ""2"": 4109, ""3"": 3733, ""4"": 4142, ""5"": 3846}",connected
23699,66,20000,0.6247658333333334,0.07753614377230406,-6.550800686822075,0.6853143751621247,0.05,1526,"{""0"": 4046, ""1"": 3758, ""2"": 4124, ""3"": 3749, ""4"": 4153, ""5"": 3869}",connected
23799,66,20000,0.6231825,0.08140338972210884,-6.550800686822075,0.6805915004014969,0.05,1526,"{""0"": 4065, ""1"": 3772, ""2"": 4144, ""3"": 3758, ""4"": 4173, ""5"": 3887}",connected
23899,66,20000,0.6215991666666667,0.07747726291418075,-6.550800686822075,0.6823220592737198,0.05,1526,"{""0"": 4084, ""1"": 3788, ""2"": 4164, ""3"": 3782, ""4"": 4182, ""5"": 3899}",connected
23999,66,20000,0.6200158333333333,0.07968985062092543,-6.550800686822075,0.6801941788196564,0.05,1526,"{""0"": 4100, ""1"": 3808, ""2"": 4180, ""3"": 3802, ""4"": 4200, ""5"": 3909}",connected
24099,68,20000,0.6184324999999999,0.07828947491943836,-6.554142597953186,0.6746890705823898,0.05,1526,"{""0"": 4118, ""1"": 3836, ""2"": 4193, ""3"": 3811, ""4"": 4222, ""5"": 3919}",connected
24199,68,20000,0.6168491666666667,0.07665311131626368,-6.554142597953186,0.6742068135738373,0.05,1526,"{""0"": 4136, ""1"": 3864, ""2"": 4204, ""3"": 3826, ""4"": 4236, ""5"": 3933}",connected
24299,68,20000,0.6152658333333334,0.07310175348073245,-6.554142597953186,0.6686109846830368,0.05,1526,"{""0"": 4155, ""1"": 3875, ""2"": 4223, ""3"": 3849, ""4"": 4253, ""5"": 3944}",connected
24399,68,20000,0.6136825,0.0732271983474493,-6.554142597953186,0.6672780132293701,0.05,1526,"{""0"": 4165, ""1"": 3898, ""2"": 4247, ""3"": 3860, ""4"": 4267, ""5"": 3962}",connected
24499,68,20000,0.6120991666666666,0.07748843140900136,-6.554142597953186,0.6656534779071808,0.05,1526,"{""0"": 4183, ""1"": 3913, ""2"": 4268, ""3"": 3871, ""4"": 4278, ""5"": 3986}",connected
24599,68,20000,0.6105158333333334,0.07696442406624555,-6.554142597953186,0.6653035569190979,0.05,1526,"{""0"": 4203, ""1"": 3933, ""2"": 4282, ""3"": 3890, ""4"": 4289, ""5"": 4002}",connected
24699,68,20000,0.6089325,0.08122389398515224,-6.554142597953186,0.6655126261711121,0.05,1526,"{""0"": 4217, ""1"": 3946, ""2"": 4300, ""3"": 3900, ""4"": 4315, ""5"": 4021}",connected
24799,70,20000,0.6073491666666666,0.08143596477806568,-6.556934231193736,0.6695617616176606,0.05,1526,"{""0"": 4234, ""1"": 3965, ""2"": 4316, ""3"": 3911, ""4"": 4340, ""5"": 4033}",connected
24899,70,20000,0.6057658333333333,0.079781398139894,-6.556934231193736,0.6717804771661758,0.05,1526,"{""0"": 4249, ""1"": 3978, ""2"": 4330, ""3"": 3926, ""4"": 4369, ""5"": 4047}",connected
24999,70,20000,0.6041825000000001,0.07970718342810869,-6.556934231193736,0.6725325828790665,0.05,1526,"{""0"": 4268, ""1"": 3989, ""2"": 4354, ""3"": 3940, ""4"": 4389, ""5"": 4059}",connected
25099,70,20000,0.6025991666666667,0.08599908109754324,-6.556934231193736,0.6730248987674713,0.05,1526,"{""0"": 4282, ""1"": 4002, ""2"": 4377, ""3"": 3948, ""4"": 4419, ""5"": 4071}",connected
25199,70,20000,0.6010158333333333,0.08422327656298875,-6.556934231193736,0.6711392021179199,0.05,1526,"{""0"": 4301, ""1"": 4016, ""2"": 4398, ""3"": 3956, ""4"": 4441, ""5"": 4087}",connected
25299,70,20000,0.5994325,0.08075601939111948,-6.556934231193736,0.6693330878019332,0.05,1526,"{""0"": 4311, ""1"": 4046, ""2"": 4407, ""3"": 3984, ""4"": 4455, ""5"": 4096}",connected
25399,70,20000,0.5978491666666667,0.08063878413289785,-6.556934231193736,0.6623260450363159,0.05,1526,"{""0"": 4338, ""1"": 4071, ""2"": 4421, ""3"": 4000, ""4"": 4462, ""5"": 4107}",connected
25499,72,20000,0.5962658333333334,0.0740036427974701,-6.565130056477049,0.6584630781412124,0.05,1526,"{""0"": 4363, ""1"": 4088, ""2"": 4437, ""3"": 4008, ""4"": 4480, ""5"": 4123}",connected
25599,72,20000,0.5946825,0.0751099506020546,-6.565130056477049,0.6521665626764297,0.05,1526,"{""0"": 4373, ""1"": 4115, ""2"": 4448, ""3"": 4025, ""4"": 4493, ""5"": 4145}",connected
25699,72,20000,0.5930991666666667,0.07904859840869903,-6.565130056477049,0.6535604387521744,0.05,1526,"{""0"": 4381, ""1"": 4143, ""2"": 4462, ""3"": 4046, ""4"": 4509, ""5"": 4158}",connected
25799,72,20000,0.5915158333333334,0.0792999554425478,-6.565130056477049,0.6528972405195236,0.05,1526,"{""0"": 4393, ""1"": 4159, ""2"": 4484, ""3"": 4066, ""4"": 4531, ""5"": 4166}",connected
25899,72,20000,0.5899325,0.0767383636534214,-6.565130056477049,0.6544791436195374,0.05,1526,"{""0"": 4407, ""1"": 4179, ""2"": 4509, ""3"": 4080, ""4"": 4545, ""5"": 4179}",connected
25999,72,20000,0.5883491666666667,0.07372964486479759,-6.565130056477049,0.6540463173389435,0.05,1526,"{""0"": 4427, ""1"": 4200, ""2"": 4524, ""3"": 4095, ""4"": 4561, ""5"": 4192}",connected
26099,72,20000,0.5867658333333334,0.06965990874916315,-6.565130056477049,0.6540526002645493,0.05,1526,"{""0"": 4444, ""1"": 4233, ""2"": 4527, ""3"": 4116, ""4"": 4576, ""5"": 4203}",connected
26199,72,20000,0.5851825,0.07266338810324668,-6.565130056477049,0.6573267960548401,0.05,1526,"{""0"": 4462, ""1"": 4253, ""2"": 4543, ""3"": 4123, ""4"": 4599, ""5"": 4219}",connected
26299,74,20000,0.5835991666666667,0.07773401714861393,-6.589653366503331,0.6565969842672348,0.05,1526,"{""0"": 4480, ""1"": 4268, ""2"": 4552, ""3"": 4141, ""4"": 4614, ""5"": 4244}",connected
26399,74,20000,0.5820158333333334,0.07934703335165977,-6.589653366503331,0.6616123527288437,0.05,1526,"{""0"": 4500, ""1"": 4280, ""2"": 4575, ""3"": 4160, ""4"": 4634, ""5"": 4250}",connected
26499,74,20000,0.5804325,0.08565592117607594,-6.589653366503331,0.662100967168808,0.05,1526,"{""0"": 4506, ""1"": 4310, ""2"": 4586, ""3"": 4178, ""4"": 4657, ""5"": 4262}",connected
26599,76,20000,0.5788491666666666,0.08339690450578928,-6.411244784144832,0.6598530828952789,0.05,1526,"{""0"": 4523, ""1"": 4329, ""2"": 4604, ""3"": 4195, ""4"": 4671, ""5"": 4277}",connected
26699,76,20000,0.5772658333333334,0.07841082394123078,-6.411244784144832,0.6569288814067841,0.05,1526,"{""0"": 4540, ""1"": 4341, ""2"": 4624, ""3"": 4201, ""4"": 4692, ""5"": 4301}",connected
26799,76,20000,0.5756825000000001,0.07810893703252077,-6.411244784144832,0.6520687693357468,0.05,1526,"{""0"": 4552, ""1"": 4357, ""2"": 4636, ""3"": 4217, ""4"": 4721, ""5"": 4316}",connected
26899,76,20000,0.5740991666666667,0.07632206879556179,-6.411244784144832,0.6474491488933564,0.05,1526,"{""0"": 4575, ""1"": 4367, ""2"": 4650, ""3"": 4237, ""4"": 4741, ""5"": 4329}",connected
26999,76,20000,0.5725158333333333,0.07263127777725459,-6.411244784144832,0.648993758559227,0.05,1526,"{""0"": 4590, ""1"": 4385, ""2"": 4672, ""3"": 4258, ""4"": 4755, ""5"": 4339}",connected
27099,76,20000,0.5709325000000001,0.07734073966741561,-6.411244784144832,0.6476059865951538,0.05,1526,"{""0"": 4616, ""1"": 4403, ""2"": 4691, ""3"": 4270, ""4"": 4767, ""5"": 4352}",connected
27199,76,20000,0.5693491666666667,0.0767788428068161,-6.411244784144832,0.6471995615959167,0.05,1526,"{""0"": 4636, ""1"": 4424, ""2"": 4711, ""3"": 4286, ""4"": 4770, ""5"": 4372}",connected
27299,78,20000,0.5677658333333333,0.07167027235031127,-6.4066775846235355,0.6449356585741043,0.05,1526,"{""0"": 4664, ""1"": 4437, ""2"": 4728, ""3"": 4301, ""4"": 4789, ""5"": 4380}",connected
27399,78,20000,0.5661825,0.07649097349494696,-6.4066775846235355,0.6416838371753693,0.05,1526,"{""0"": 4682, ""1"": 4458, ""2"": 4744, ""3"": 4320, ""4"": 4810, ""5"": 4385}",connected
27499,78,20000,0.5645991666666668,0.0714109792560339,-6.4066775846235355,0.6372094279527665,0.05,1526,"{""0"": 4707, ""1"": 4472, ""2"": 4759, ""3"": 4328, ""4"": 4838, ""5"": 4395}",connected
27599,78,20000,0.5630158333333333,0.07757188893854618,-6.4066775846235355,0.6356872636079788,0.05,1526,"{""0"": 4731, ""1"": 4485, ""2"": 4776, ""3"": 4348, ""4"": 4858, ""5"": 4401}",connected
27699,78,20000,0.5614325,0.07831441815942526,-6.4066775846235355,0.6343795245885849,0.05,1526,"{""0"": 4743, ""1"": 4505, ""2"": 4795, ""3"": 4356, ""4"": 4889, ""5"": 4411}",connected
27799,78,20000,0.5598491666666667,0.07904567908495665,-6.4066775846235355,0.6308980530500412,0.05,1526,"{""0"": 4757, ""1"": 4533, ""2"": 4816, ""3"": 4366, ""4"": 4903, ""5"": 4424}",connected
27899,78,20000,0.5582658333333334,0.0812850272655487,-6.4066775846235355,0.6308855754137039,0.05,1526,"{""0"": 4778, ""1"": 4547, ""2"": 4825, ""3"": 4377, ""4"": 4936, ""5"": 4436}",connected
27999,80,20000,0.5566825,0.07547309793531895,-6.404358583624708,0.6271873271465301,0.05,1526,"{""0"": 4799, ""1"": 4564, ""2"": 4844, ""3"": 4395, ""4"": 4944, ""5"": 4453}",connected
28099,80,20000,0.5550991666666667,0.08169137235730886,-6.404358583624708,0.6270845490694046,0.05,1526,"{""0"": 4826, ""1"": 4582, ""2"": 4865, ""3"": 4400, ""4"": 4959, ""5"": 4467}",connected
28199,80,20000,0.5535158333333334,0.07828028935939074,-6.404358583624708,0.6275925397872925,0.05,1526,"{""0"": 4851, ""1"": 4594, ""2"": 4872, ""3"": 4422, ""4"": 4980, ""5"": 4480}",connected
28299,80,20000,0.5519324999999999,0.07788235008716583,-6.404358583624708,0.6304584711790084,0.05,1526,"{""0"": 4861, ""1"": 4604, ""2"": 4888, ""3"": 4448, ""4"": 5008, ""5"": 4490}",connected
28399,80,20000,0.5503491666666667,0.07593551989644766,-6.404358583624708,0.6319616442918777,0.05,1526,"{""0"": 4873, ""1"": 4619, ""2"": 4904, ""3"": 4468, ""4"": 5029, ""5"": 4506}",connected
28499,80,20000,0.5487658333333334,0.07070414852350951,-6.404358583624708,0.6310151439905166,0.05,1526,"{""0"": 4882, ""1"": 4641, ""2"": 4929, ""3"": 4482, ""4"": 5045, ""5"": 4520}",connected
28599,80,20000,0.5471825,0.07206905536353587,-6.404358583624708,0.6323532080650329,0.05,1526,"{""0"": 4896, ""1"": 4665, ""2"": 4951, ""3"": 4487, ""4"": 5070, ""5"": 4530}",connected
28699,80,20000,0.5455991666666666,0.07497262552380562,-6.404358583624708,0.6276481384038926,0.05,1526,"{""0"": 4913, ""1"": 4677, ""2"": 4974, ""3"": 4493, ""4"": 5096, ""5"": 4546}",connected
28799,82,20000,0.5440158333333334,0.0758773435652256,-6.421775356639268,0.6296471303701401,0.05,1526,"{""0"": 4932, ""1"": 4692, ""2"": 4983, ""3"": 4514, ""4"": 5118, ""5"": 4560}",connected
28899,82,20000,0.5424325,0.08140921968966723,-6.421775356639268,0.626726308465004,0.05,1526,"{""0"": 4959, ""1"": 4697, ""2"": 5002, ""3"": 4538, ""4"": 5132, ""5"": 4571}",connected
28999,82,20000,0.5408491666666666,0.07901276264339685,-6.421775356639268,0.6249120968580246,0.05,1526,"{""0"": 4999, ""1"": 4706, ""2"": 5024, ""3"": 4547, ""4"": 5143, ""5"": 4580}",connected
29099,82,20000,0.5392658333333333,0.07753313835710288,-6.421775356639268,0.6326388216018677,0.05,1526,"{""0"": 5037, ""1"": 4718, ""2"": 5039, ""3"": 4559, ""4"": 5160, ""5"": 4586}",connected
29199,82,20000,0.5376825000000001,0.0830456967279315,-6.421775356639268,0.6328922218084335,0.05,1526,"{""0"": 5071, ""1"": 4736, ""2"": 5058, ""3"": 4566, ""4"": 5177, ""5"": 4591}",connected
29299,82,20000,0.5360991666666667,0.08253188077360392,-6.421775356639268,0.6402707606554031,0.05,1526,"{""0"": 5083, ""1"": 4754, ""2"": 5083, ""3"": 4580, ""4"": 5192, ""5"": 4607}",connected
29399,82,20000,0.5345158333333333,0.08917685307562351,-6.421775356639268,0.6369550222158432,0.05,1526,"{""0"": 5090, ""1"": 4779, ""2"": 5104, ""3"": 4595, ""4"": 5201, ""5"": 4630}",connected
29499,84,20000,0.5329325,0.09414509244263172,-6.470406070589975,0.6337608134746552,0.05,1526,"{""0"": 5118, ""1"": 4797, ""2"": 5120, ""3"": 4612, ""4"": 5211, ""5"": 4641}",connected
29599,84,20000,0.5313491666666667,0.09176206197589636,-6.470406070589975,0.6320892459154129,0.05,1526,"{""0"": 5131, ""1"": 4810, ""2"": 5139, ""3"": 4629, ""4"": 5234, ""5"": 4656}",connected
29699,84,20000,0.5297658333333334,0.08856027636677027,-6.470406070589975,0.6338250821828842,0.05,1526,"{""0"": 5143, ""1"": 4831, ""2"": 5157, ""3"": 4638, ""4"": 5244, ""5"": 4686}",connected
29799,84,20000,0.5281825,0.08489631704986095,-6.470406070589975,0.6386423248052597,0.05,1526,"{""0"": 5169, ""1"": 4840, ""2"": 5177, ""3"": 4654, ""4"": 5252, ""5"": 4707}",connected
29899,84,20000,0.5265991666666667,0.08119737803936004,-6.470406070589975,0.634601258635521,0.05,1526,"{""0"": 5193, ""1"": 4854, ""2"": 5198, ""3"": 4669, ""4"": 5268, ""5"": 4717}",connected
29999,86,20000,0.5250158333333333,0.0789384627342224,-6.351203799166521,0.6324896425008774,0.05,1526,"{""0"": 5208, ""1"": 4870, ""2"": 5222, ""3"": 4685, ""4"": 5284, ""5"": 4730}",connected
30099,86,20000,0.5234325,0.08290191393345595,-6.351203799166521,0.6310119390487671,0.05,1526,"{""0"": 5230, ""1"": 4890, ""2"": 5229, ""3"": 4701, ""4"": 5309, ""5"": 4740}",connected
30199,86,20000,0.5218491666666667,0.08375390026718378,-6.351203799166521,0.633970839381218,0.05,1526,"{""0"": 5245, ""1"": 4909, ""2"": 5250, ""3"": 4718, ""4"": 5333, ""5"": 4744}",connected
30299,86,20000,0.5202658333333334,0.0877621701732278,-6.351203799166521,0.6367334342002868,0.05,1526,"{""0"": 5271, ""1"": 4936, ""2"": 5259, ""3"": 4730, ""4"": 5346, ""5"": 4757}",connected
30399,86,20000,0.5186824999999999,0.09071934759616852,-6.351203799166521,0.6404432702064514,0.05,1526,"{""0"": 5293, ""1"": 4953, ""2"": 5274, ""3"": 4742, ""4"": 5365, ""5"": 4772}",connected
30499,86,20000,0.5170991666666667,0.0924343854188919,-6.351203799166521,0.6394390290975571,0.05,1526,"{""0"": 5323, ""1"": 4981, ""2"": 5284, ""3"": 4754, ""4"": 5374, ""5"": 4783}",connected
30599,86,20000,0.5155158333333334,0.09455225717276335,-6.351203799166521,0.633673974275589,0.05,1526,"{""0"": 5342, ""1"": 5005, ""2"": 5296, ""3"": 4777, ""4"": 5384, ""5"": 4795}",connected
30699,88,20000,0.5139324999999999,0.08786066591739655,-6.337994511583185,0.6344222801923752,0.05,1526,"{""0"": 5375, ""1"": 5014, ""2"": 5310, ""3"": 4795, ""4"": 5403, ""5"": 4802}",connected
30799,88,20000,0.5123491666666666,0.08612927552312613,-6.337994511583185,0.6312438559532165,0.05,1526,"{""0"": 5394, ""1"": 5031, ""2"": 5324, ""3"": 4815, ""4"": 5426, ""5"": 4809}",connected
30899,88,20000,0.5107658333333334,0.08139404948800802,-6.337994511583185,0.6263507032394409,0.05,1526,"{""0"": 5406, ""1"": 5038, ""2"": 5347, ""3"": 4837, ""4"": 5445, ""5"": 4826}",connected
30999,90,20000,0.5091825,0.08070773545652628,-6.176270927245625,0.6308978003263473,0.05,1526,"{""0"": 5414, ""1"": 5057, ""2"": 5378, ""3"": 4849, ""4"": 5464, ""5"": 4837}",connected
31099,90,20000,0.5075991666666667,0.08409995034337044,-6.176270927245625,0.6295257526636123,0.05,1526,"{""0"": 5420, ""1"": 5064, ""2"": 5398, ""3"": 4861, ""4"": 5493, ""5"": 4863}",connected
31199,90,20000,0.5060158333333333,0.08743951376527548,-6.176270927245625,0.6301836675405502,0.05,1526,"{""0"": 5423, ""1"": 5075, ""2"": 5412, ""3"": 4886, ""4"": 5527, ""5"": 4876}",connected
31299,90,20000,0.5044325000000001,0.08868970401585102,-6.176270927245625,0.62982337474823,0.05,1526,"{""0"": 5437, ""1"": 5083, ""2"": 5428, ""3"": 4910, ""4"": 5550, ""5"": 4891}",connected
31399,90,20000,0.5028491666666667,0.0844279332831502,-6.176270927245625,0.624087820649147,0.05,1526,"{""0"": 5448, ""1"": 5098, ""2"": 5452, ""3"": 4927, ""4"": 5570, ""5"": 4904}",connected
31499,90,20000,0.5012658333333333,0.08678042426705361,-6.176270927245625,0.6230473834276199,0.05,1526,"{""0"": 5465, ""1"": 5116, ""2"": 5475, ""3"": 4937, ""4"": 5583, ""5"": 4923}",connected
31599,90,20000,0.49968250000000003,0.08478466127067805,-6.176270927245625,0.6230301553010941,0.05,1526,"{""0"": 5471, ""1"": 5152, ""2"": 5499, ""3"": 4947, ""4"": 5595, ""5"": 4935}",connected
31699,92,20000,0.49809916666666665,0.09021510869264603,-6.180289803933271,0.6257766020298005,0.05,1526,"{""0"": 5496, ""1"": 5173, ""2"": 5522, ""3"": 4958, ""4"": 5605, ""5"": 4945}",connected
31799,92,20000,0.4965158333333334,0.09485170368105172,-6.180289803933271,0.6262286740541458,0.05,1526,"{""0"": 5504, ""1"": 5193, ""2"": 5540, ""3"": 4975, ""4"": 5624, ""5"": 4963}",connected
31899,92,20000,0.4949325000000001,0.09281996507197618,-6.180289803933271,0.6281578725576401,0.05,1526,"{""0"": 5521, ""1"": 5206, ""2"": 5565, ""3"": 4992, ""4"": 5640, ""5"": 4975}",connected
31999,92,20000,0.4933491666666667,0.09894327495247125,-6.180289803933271,0.6273471599817276,0.05,1526,"{""0"": 5535, ""1"": 5230, ""2"": 5580, ""3"": 5009, ""4"": 5652, ""5"": 4993}",connected
32099,92,20000,0.49176583333333335,0.09316578254103661,-6.180289803933271,0.6240118700265884,0.05,1526,"{""0"": 5554, ""1"": 5255, ""2"": 5598, ""3"": 5018, ""4"": 5667, ""5"": 5007}",connected
32199,94,20000,0.4901825000000001,0.09377042647451163,-6.079848953577234,0.6224345409870148,0.05,1526,"{""0"": 5564, ""1"": 5274, ""2"": 5614, ""3"": 5030, ""4"": 5693, ""5"": 5024}",connected
32299,94,20000,0.4885991666666667,0.09409558564424515,-6.079848953577234,0.6195981359481811,0.05,1526,"{""0"": 5584, ""1"": 5288, ""2"": 5616, ""3"": 5043, ""4"": 5729, ""5"": 5039}",connected
32399,94,20000,0.4870158333333333,0.09007501587271691,-6.079848953577234,0.6194432920217514,0.05,1526,"{""0"": 5605, ""1"": 5308, ""2"": 5636, ""3"": 5052, ""4"": 5747, ""5"": 5051}",connected
32499,94,20000,0.48543250000000004,0.08873647041618823,-6.079848953577234,0.6174868762493133,0.05,1526,"{""0"": 5622, ""1"": 5324, ""2"": 5668, ""3"": 5064, ""4"": 5761, ""5"": 5060}",connected
32599,94,20000,0.48384916666666666,0.08625514771789312,-6.079848953577234,0.6166249489784241,0.05,1526,"{""0"": 5640, ""1"": 5343, ""2"": 5689, ""3"": 5075, ""4"": 5770, ""5"": 5082}",connected
32699,96,20000,0.4822658333333333,0.08341223105788231,-5.968420519042411,0.6128043657541276,0.05,1526,"{""0"": 5660, ""1"": 5363, ""2"": 5705, ""3"": 5087, ""4"": 5793, ""5"": 5091}",connected
32799,96,20000,0.4806825,0.08242775231599808,-5.968420519042411,0.6093897813558579,0.05,1526,"{""0"": 5677, ""1"": 5394, ""2"": 5715, ""3"": 5099, ""4"": 5819, ""5"": 5095}",connected
32899,96,20000,0.47909916666666663,0.08377055495977402,-5.968420519042411,0.6130156570672989,0.05,1526,"{""0"": 5692, ""1"": 5417, ""2"": 5736, ""3"": 5108, ""4"": 5837, ""5"": 5109}",connected
32999,96,20000,0.47751583333333336,0.08325723886489868,-5.968420519042411,0.608613173365593,0.05,1526,"{""0"": 5717, ""1"": 5430, ""2"": 5762, ""3"": 5118, ""4"": 5856, ""5"": 5116}",connected
33099,96,20000,0.4759325000000001,0.08655237779021263,-5.968420519042411,0.6075489646196366,0.05,1526,"{""0"": 5733, ""1"": 5444, ""2"": 5794, ""3"": 5129, ""4"": 5872, ""5"": 5127}",connected
33199,96,20000,0.4743491666666667,0.09060141399502754,-5.968420519042411,0.6098255079984665,0.05,1526,"{""0"": 5753, ""1"": 5468, ""2"": 5804, ""3"": 5142, ""4"": 5895, ""5"": 5137}",connected
33299,96,20000,0.47276583333333333,0.09651047639548778,-5.968420519042411,0.6014854967594147,0.05,1526,"{""0"": 5780, ""1"": 5480, ""2"": 5821, ""3"": 5156, ""4"": 5916, ""5"": 5146}",connected
33399,98,20000,0.47118250000000006,0.0968838831409812,-5.9920676173689795,0.6062377697229385,0.05,1526,"{""0"": 5799, ""1"": 5492, ""2"": 5838, ""3"": 5172, ""4"": 5942, ""5"": 5156}",connected
33499,98,20000,0.4695991666666667,0.09199839912354946,-5.9920676173689795,0.6095579725503921,0.05,1526,"{""0"": 5817, ""1"": 5501, ""2"": 5854, ""3"": 5189, ""4"": 5972, ""5"": 5166}",connected
33599,98,20000,0.4680158333333333,0.08606023538857699,-5.9920676173689795,0.6019700658321381,0.05,1526,"{""0"": 5836, ""1"": 5519, ""2"": 5873, ""3"": 5203, ""4"": 5991, ""5"": 5177}",connected
33699,98,20000,0.4664325,0.08143926531076431,-5.9920676173689795,0.610952976346016,0.05,1526,"{""0"": 5855, ""1"": 5535, ""2"": 5888, ""3"": 5218, ""4"": 6007, ""5"": 5196}",connected
33799,98,20000,0.46484916666666665,0.08282305132597685,-5.9920676173689795,0.6104919910430908,0.05,1526,"{""0"": 5876, ""1"": 5551, ""2"": 5907, ""3"": 5235, ""4"": 6023, ""5"": 5207}",connected
33899,98,20000,0.4632658333333334,0.08451057434082031,-5.9920676173689795,0.6105103600025177,0.05,1526,"{""0"": 5893, ""1"": 5575, ""2"": 5914, ""3"": 5254, ""4"": 6039, ""5"": 5224}",connected
33999,98,20000,0.4616825,0.08468100294470787,-5.9920676173689795,0.6131768721342087,0.05,1526,"{""0"": 5903, ""1"": 5599, ""2"": 5928, ""3"": 5273, ""4"": 6057, ""5"": 5239}",connected
34099,100,20000,0.4600991666666666,0.08383108235895634,-6.023023528307676,0.6150969260931015,0.05,1526,"{""0"": 5924, ""1"": 5606, ""2"": 5945, ""3"": 5302, ""4"": 6063, ""5"": 5259}",connected
34199,100,20000,0.45851583333333346,0.08783263079822064,-6.023023528307676,0.6168428546190262,0.05,1526,"{""0"": 5940, ""1"": 5626, ""2"": 5948, ""3"": 5325, ""4"": 6082, ""5"": 5278}",connected
34299,100,20000,0.4569325000000001,0.09023754324764013,-6.023023528307676,0.6182092899084091,0.05,1526,"{""0"": 5948, ""1"": 5662, ""2"": 5956, ""3"": 5336, ""4"": 6097, ""5"": 5300}",connected
34399,100,20000,0.4553491666666667,0.09015424747020007,-6.023023528307676,0.6182538652420044,0.05,1526,"{""0"": 5957, ""1"": 5684, ""2"": 5964, ""3"": 5346, ""4"": 6136, ""5"": 5312}",connected
34499,100,20000,0.4537658333333334,0.08977208744734526,-6.023023528307676,0.6118666756153107,0.05,1526,"{""0"": 5971, ""1"": 5700, ""2"": 5986, ""3"": 5366, ""4"": 6150, ""5"": 5326}",connected
34599,100,20000,0.45218250000000004,0.08369461160153151,-6.023023528307676,0.6070530068874359,0.05,1526,"{""0"": 5985, ""1"": 5715, ""2"": 6002, ""3"": 5384, ""4"": 6172, ""5"": 5341}",connected
34699,100,20000,0.45059916666666666,0.08131317958235741,-6.023023528307676,0.6012551599740982,0.05,1526,"{""0"": 6006, ""1"": 5747, ""2"": 6013, ""3"": 5396, ""4"": 6178, ""5"": 5359}",connected
34799,100,20000,0.4490158333333334,0.07890015054494143,-6.023023528307676,0.6029716068506241,0.05,1526,"{""0"": 6034, ""1"": 5774, ""2"": 6025, ""3"": 5404, ""4"": 6188, ""5"": 5374}",connected
34899,102,20000,0.4474325,0.07784424588084221,-6.037529460615478,0.6022436988353729,0.05,1526,"{""0"": 6053, ""1"": 5793, ""2"": 6035, ""3"": 5416, ""4"": 6213, ""5"": 5389}",connected
34999,102,20000,0.44584916666666663,0.07545673668384552,-6.037529460615478,0.6035475450754165,0.05,1526,"{""0"": 6076, ""1"": 5798, ""2"": 6079, ""3"": 5428, ""4"": 6225, ""5"": 5393}",connected
35099,102,20000,0.44426583333333336,0.08175105772912503,-6.037529460615478,0.6061877548694611,0.05,1526,"{""0"": 6093, ""1"": 5805, ""2"": 6119, ""3"": 5445, ""4"": 6233, ""5"": 5404}",connected
35199,102,20000,0.4426825,0.0871898304671049,-6.037529460615478,0.6082193851470947,0.05,1526,"{""0"": 6104, ""1"": 5815, ""2"": 6143, ""3"": 5464, ""4"": 6262, ""5"": 5411}",connected
35299,102,20000,0.4410991666666666,0.09101304154843091,-6.037529460615478,0.6059730380773545,0.05,1526,"{""0"": 6115, ""1"": 5820, ""2"": 6169, ""3"": 5481, ""4"": 6294, ""5"": 5420}",connected
35399,102,20000,0.43951583333333344,0.09476861979812384,-6.037529460615478,0.6069046568870544,0.05,1526,"{""0"": 6128, ""1"": 5836, ""2"": 6196, ""3"": 5494, ""4"": 6315, ""5"": 5430}",connected
35499,102,20000,0.43793250000000006,0.08927076220512391,-6.037529460615478,0.6062002563476563,0.05,1526,"{""0"": 6141, ""1"": 5853, ""2"": 6231, ""3"": 5502, ""4"": 6338, ""5"": 5434}",connected
35599,104,20000,0.4363491666666667,0.08546398278325797,-6.016002714433707,0.6041533935070038,0.05,1526,"{""0"": 6154, ""1"": 5868, ""2"": 6247, ""3"": 5519, ""4"": 6358, ""5"": 5453}",connected
35699,104,20000,0.4347658333333334,0.08131793305277825,-6.016002714433707,0.6091242015361786,0.05,1526,"{""0"": 6174, ""1"": 5881, ""2"": 6258, ""3"": 5545, ""4"": 6376, ""5"": 5465}",connected
35799,104,20000,0.4331825,0.07855255745351314,-6.016002714433707,0.6071347033977509,0.05,1526,"{""0"": 6187, ""1"": 5897, ""2"": 6276, ""3"": 5559, ""4"": 6398, ""5"": 5482}",connected
35899,104,20000,0.43159916666666664,0.07634617943316697,-6.016002714433707,0.608237429857254,0.05,1526,"{""0"": 6214, ""1"": 5910, ""2"": 6287, ""3"": 5582, ""4"": 6414, ""5"": 5492}",connected
35999,104,20000,0.4300158333333334,0.07893013313412667,-6.016002714433707,0.6046736973524094,0.05,1526,"{""0"": 6224, ""1"": 5916, ""2"": 6305, ""3"": 5608, ""4"": 6437, ""5"": 5509}",connected
36099,104,20000,0.4284325,0.08546277496963739,-6.016002714433707,0.6007421708106995,0.05,1526,"{""0"": 6236, ""1"": 5937, ""2"": 6320, ""3"": 5620, ""4"": 6455, ""5"": 5531}",connected
36199,104,20000,0.4268491666666667,0.08639470584690571,-6.016002714433707,0.5956802824139595,0.05,1526,"{""0"": 6254, ""1"": 5950, ""2"": 6349, ""3"": 5629, ""4"": 6475, ""5"": 5542}",connected
36299,106,20000,0.42526583333333334,0.09445754874497653,-5.920718416203744,0.5893242231011391,0.05,1526,"{""0"": 6266, ""1"": 5967, ""2"": 6363, ""3"": 5639, ""4"": 6507, ""5"": 5557}",connected
36399,106,20000,0.42368249999999996,0.09899177141487599,-5.920718416203744,0.5814133450388909,0.05,1526,"{""0"": 6285, ""1"": 5981, ""2"": 6386, ""3"": 5648, ""4"": 6523, ""5"": 5576}",connected
36499,106,20000,0.4220991666666667,0.09618904281407595,-5.920718416203744,0.5685606521368026,0.05,1526,"{""0"": 6306, ""1"": 5997, ""2"": 6417, ""3"": 5657, ""4"": 6535, ""5"": 5587}",connected
36599,106,20000,0.4205158333333334,0.09607508547604084,-5.920718416203744,0.5667023119330407,0.05,1526,"{""0"": 6325, ""1"": 6018, ""2"": 6438, ""3"": 5667, ""4"": 6558, ""5"": 5593}",connected
36699,106,20000,0.41893250000000004,0.09064590565860271,-5.920718416203744,0.5577804416418075,0.05,1526,"{""0"": 6354, ""1"": 6027, ""2"": 6467, ""3"": 5677, ""4"": 6570, ""5"": 5604}",connected
36799,106,20000,0.41734916666666677,0.08678174372762441,-5.920718416203744,0.5578712457418442,0.05,1526,"{""0"": 6367, ""1"": 6037, ""2"": 6490, ""3"": 5691, ""4"": 6580, ""5"": 5634}",connected
36899,106,20000,0.4157658333333334,0.08608717408031225,-5.920718416203744,0.5639808249473571,0.05,1526,"{""0"": 6380, ""1"": 6044, ""2"": 6521, ""3"": 5707, ""4"": 6591, ""5"": 5656}",connected
36999,108,20000,0.4141825,0.08686106335371732,-5.925030342997052,0.565246707201004,0.05,1526,"{""0"": 6398, ""1"": 6058, ""2"": 6534, ""3"": 5717, ""4"": 6610, ""5"": 5682}",connected
37099,108,20000,0.41259916666666674,0.09285915721207857,-5.925030342997052,0.5664263823628426,0.05,1526,"{""0"": 6410, ""1"": 6072, ""2"": 6558, ""3"": 5734, ""4"": 6627, ""5"": 5698}",connected
37199,108,20000,0.41101583333333336,0.09844089791178703,-5.925030342997052,0.5686319527029992,0.05,1526,"{""0"": 6429, ""1"": 6086, ""2"": 6576, ""3"": 5741, ""4"": 6653, ""5"": 5714}",connected
37299,108,20000,0.4094325,0.09832592897117137,-5.925030342997052,0.5670992875099182,0.05,1526,"{""0"": 6451, ""1"": 6093, ""2"": 6604, ""3"": 5757, ""4"": 6665, ""5"": 5729}",connected
37399,108,20000,0.4078491666666667,0.10467389557510615,-5.925030342997052,0.5579651695489883,0.05,1526,"{""0"": 6467, ""1"": 6103, ""2"": 6623, ""3"": 5776, ""4"": 6693, ""5"": 5737}",connected
37499,108,20000,0.4062658333333333,0.10193019580096006,-5.925030342997052,0.5593662932515144,0.05,1526,"{""0"": 6477, ""1"": 6125, ""2"": 6643, ""3"": 5791, ""4"": 6705, ""5"": 5758}",connected
37599,108,20000,0.40468249999999995,0.09557295773178338,-5.925030342997052,0.55580094486475,0.05,1526,"{""0"": 6496, ""1"": 6139, ""2"": 6669, ""3"": 5807, ""4"": 6716, ""5"": 5772}",connected
37699,110,20000,0.4030991666666667,0.09937216456979513,-5.935760274217464,0.5538043668866157,0.05,1526,"{""0"": 6523, ""1"": 6149, ""2"": 6678, ""3"": 5821, ""4"": 6741, ""5"": 5787}",connected
37799,110,20000,0.4015158333333334,0.09346848644316197,-5.935760274217464,0.5572798457741738,0.05,1526,"{""0"": 6536, ""1"": 6175, ""2"": 6687, ""3"": 5831, ""4"": 6769, ""5"": 5801}",connected
37899,110,20000,0.3999325,0.09242470260709525,-5.935760274217464,0.5559018868207931,0.05,1526,"{""0"": 6545, ""1"": 6194, ""2"": 6705, ""3"": 5835, ""4"": 6809, ""5"": 5811}",connected
37999,110,20000,0.39834916666666675,0.09615265253931284,-5.935760274217464,0.5540281757712364,0.05,1526,"{""0"": 6554, ""1"": 6220, ""2"": 6719, ""3"": 5851, ""4"": 6830, ""5"": 5825}",connected
38099,110,20000,0.3967658333333334,0.09317317068576812,-5.935760274217464,0.5511703953146935,0.05,1526,"{""0"": 6574, ""1"": 6245, ""2"": 6723, ""3"": 5874, ""4"": 6847, ""5"": 5836}",connected
38199,110,20000,0.3951825,0.09879067074507475,-5.935760274217464,0.5454898020625114,0.05,1526,"{""0"": 6590, ""1"": 6256, ""2"": 6743, ""3"": 5889, ""4"": 6864, ""5"": 5857}",connected
38299,110,20000,0.3935991666666667,0.0939925280585885,-5.935760274217464,0.5440022814273834,0.05,1526,"{""0"": 6609, ""1"": 6277, ""2"": 6758, ""3"": 5912, ""4"": 6879, ""5"": 5864}",connected
38399,112,20000,0.39201583333333334,0.0906509567424655,-5.950165413501672,0.5435889500379563,0.05,1526,"{""0"": 6623, ""1"": 6282, ""2"": 6780, ""3"": 5919, ""4"": 6915, ""5"": 5880}",connected
38499,112,20000,0.39043249999999996,0.08753184080123902,-5.950165413501672,0.5422782507538796,0.05,1526,"{""0"": 6634, ""1"": 6294, ""2"": 6791, ""3"": 5953, ""4"": 6933, ""5"": 5894}",connected
38599,112,20000,0.3888491666666667,0.08337390925735236,-5.950165413501672,0.540156387090683,0.05,1526,"{""0"": 6656, ""1"": 6299, ""2"": 6801, ""3"": 5980, ""4"": 6947, ""5"": 5916}",connected
38699,114,20000,0.3872658333333333,0.09107352379709482,-5.8113819239893925,0.5395224431157112,0.05,1526,"{""0"": 6674, ""1"": 6315, ""2"": 6809, ""3"": 5993, ""4"": 6970, ""5"": 5938}",connected
38799,114,20000,0.38568250000000004,0.09377548217773438,-5.8113819239893925,0.5412628421187401,0.05,1526,"{""0"": 6686, ""1"": 6325, ""2"": 6824, ""3"": 6018, ""4"": 6991, ""5"": 5955}",connected
38899,114,20000,0.38409916666666666,0.09580205075442791,-5.8113819239893925,0.5356580644845963,0.05,1526,"{""0"": 6698, ""1"": 6353, ""2"": 6840, ""3"": 6034, ""4"": 7009, ""5"": 5965}",connected
38999,114,20000,0.3825158333333334,0.09654122337698937,-5.8113819239893925,0.5370463615655899,0.05,1526,"{""0"": 6708, ""1"": 6361, ""2"": 6859, ""3"": 6039, ""4"": 7053, ""5"": 5979}",connected
39099,114,20000,0.3809325000000001,0.08736568428575993,-5.8113819239893925,0.5309019410610198,0.05,1526,"{""0"": 6724, ""1"": 6374, ""2"": 6883, ""3"": 6049, ""4"": 7061, ""5"": 6008}",connected
39199,114,20000,0.37934916666666674,0.0865023484453559,-5.8113819239893925,0.5280028209090233,0.05,1526,"{""0"": 6738, ""1"": 6388, ""2"": 6894, ""3"": 6054, ""4"": 7087, ""5"": 6038}",connected
39299,114,20000,0.37776583333333336,0.08599105548113585,-5.8113819239893925,0.5293460816144944,0.05,1526,"{""0"": 6762, ""1"": 6390, ""2"": 6922, ""3"": 6067, ""4"": 7102, ""5"": 6056}",connected
39399,116,20000,0.3761825000000001,0.08562158975750207,-5.831500139306299,0.5265061813592911,0.05,1526,"{""0"": 6787, ""1"": 6403, ""2"": 6935, ""3"": 6074, ""4"": 7119, ""5"": 6081}",connected
39499,116,20000,0.3745991666666667,0.09029827866703272,-5.831500139306299,0.5252907332777977,0.05,1526,"{""0"": 6805, ""1"": 6416, ""2"": 6952, ""3"": 6086, ""4"": 7156, ""5"": 6084}",connected
39599,116,20000,0.3730158333333333,0.0902463174238801,-5.831500139306299,0.5240344497561454,0.05,1526,"{""0"": 6824, ""1"": 6427, ""2"": 6974, ""3"": 6097, ""4"": 7174, ""5"": 6103}",connected
39699,116,20000,0.37143250000000005,0.08628118172287941,-5.831500139306299,0.5222989818453789,0.05,1526,"{""0"": 6834, ""1"": 6434, ""2"": 6996, ""3"": 6139, ""4"": 7191, ""5"": 6105}",connected
39799,116,20000,0.3698491666666667,0.08433547168970108,-5.831500139306299,0.5230570137500763,0.05,1526,"{""0"": 6845, ""1"": 6450, ""2"": 7005, ""3"": 6179, ""4"": 7211, ""5"": 6109}",connected
39899,116,20000,0.3682658333333333,0.08617877170443534,-5.831500139306299,0.5246476018428803,0.05,1526,"{""0"": 6872, ""1"": 6470, ""2"": 7010, ""3"": 6191, ""4"": 7232, ""5"": 6124}",connected
39999,116,20000,0.3666825,0.08277415066957473,-5.831500139306299,0.5233413645625115,0.05,1526,"{""0"": 6907, ""1"": 6485, ""2"": 7018, ""3"": 6201, ""4"": 7240, ""5"": 6148}",connected
40099,116,20000,0.36509916666666664,0.0856853249669075,-5.831500139306299,0.52665243268013,0.05,1526,"{""0"": 6931, ""1"": 6525, ""2"": 7020, ""3"": 6212, ""4"": 7243, ""5"": 6168}",connected
40199,118,20000,0.36351583333333337,0.08649612721055747,-5.841621647207067,0.5269187760353088,0.05,1526,"{""0"": 6956, ""1"": 6536, ""2"": 7033, ""3"": 6223, ""4"": 7272, ""5"": 6179}",connected
40299,118,20000,0.3619325000000001,0.08611638337373734,-5.841621647207067,0.529488408267498,0.05,1526,"{""0"": 6980, ""1"": 6539, ""2"": 7047, ""3"": 6238, ""4"": 7304, ""5"": 6191}",connected
40399,118,20000,0.3603491666666667,0.08598316483199596,-5.841621647207067,0.5287501034140587,0.05,1526,"{""0"": 6992, ""1"": 6551, ""2"": 7081, ""3"": 6254, ""4"": 7318, ""5"": 6203}",connected
40499,118,20000,0.35876583333333334,0.08591887649148702,-5.841621647207067,0.5313111707568169,0.05,1526,"{""0"": 7009, ""1"": 6574, ""2"": 7100, ""3"": 6270, ""4"": 7331, ""5"": 6215}",connected
40599,118,20000,0.35718250000000007,0.08631241202354431,-5.841621647207067,0.5316499498486519,0.05,1526,"{""0"": 7016, ""1"": 6588, ""2"": 7127, ""3"": 6285, ""4"": 7359, ""5"": 6224}",connected
40699,118,20000,0.3555991666666667,0.08550858784466982,-5.841621647207067,0.5299627164006233,0.05,1526,"{""0"": 7036, ""1"": 6599, ""2"": 7151, ""3"": 6292, ""4"": 7385, ""5"": 6236}",connected
40799,118,20000,0.3540158333333333,0.08967538688331843,-5.841621647207067,0.5323477944731713,0.05,1526,"{""0"": 7051, ""1"": 6615, ""2"": 7179, ""3"": 6304, ""4"": 7406, ""5"": 6244}",connected
40899,120,20000,0.35243250000000004,0.08798666782677174,-5.835876339217648,0.5280996227264404,0.05,1526,"{""0"": 7075, ""1"": 6630, ""2"": 7191, ""3"": 6316, ""4"": 7431, ""5"": 6256}",connected
40999,120,20000,0.35084916666666666,0.08838048968464136,-5.835876339217648,0.536079244017601,0.05,1526,"{""0"": 7086, ""1"": 6637, ""2"": 7221, ""3"": 6320, ""4"": 7451, ""5"": 6284}",connected
41099,120,20000,0.3492658333333333,0.08841083981096745,-5.835876339217648,0.5370998069643974,0.05,1526,"{""0"": 7096, ""1"": 6646, ""2"": 7246, ""3"": 6340, ""4"": 7475, ""5"": 6296}",connected
41199,120,20000,0.3476825,0.09255731053650379,-5.835876339217648,0.5330584940314292,0.05,1526,"{""0"": 7103, ""1"": 6658, ""2"": 7266, ""3"": 6359, ""4"": 7499, ""5"": 6314}",connected
41299,120,20000,0.3460991666666666,0.09455703254789113,-5.835876339217648,0.5353583067655563,0.05,1526,"{""0"": 7109, ""1"": 6672, ""2"": 7273, ""3"": 6390, ""4"": 7521, ""5"": 6334}",connected
41399,120,20000,0.34451583333333347,0.09161151848733425,-5.835876339217648,0.5271694883704185,0.05,1526,"{""0"": 7110, ""1"": 6696, ""2"": 7296, ""3"": 6412, ""4"": 7533, ""5"": 6352}",connected
41499,120,20000,0.3429325000000001,0.09263171274214983,-5.835876339217648,0.5233170083165168,0.05,1526,"{""0"": 7120, ""1"": 6704, ""2"": 7322, ""3"": 6434, ""4"": 7539, ""5"": 6380}",connected
41599,122,20000,0.3413491666666667,0.08705951381474733,-5.934276589350775,0.5228059670329094,0.05,1526,"{""0"": 7135, ""1"": 6716, ""2"": 7335, ""3"": 6441, ""4"": 7557, ""5"": 6415}",connected
41699,122,20000,0.33976583333333343,0.08937484413385391,-5.934276589350775,0.517347145974636,0.05,1526,"{""0"": 7145, ""1"": 6727, ""2"": 7356, ""3"": 6455, ""4"": 7585, ""5"": 6431}",connected
41799,122,20000,0.33818250000000005,0.09254764936864376,-5.934276589350775,0.517286511361599,0.05,1526,"{""0"": 7166, ""1"": 6751, ""2"": 7379, ""3"": 6468, ""4"": 7596, ""5"": 6439}",connected
41899,122,20000,0.33659916666666667,0.09235388256609439,-5.934276589350775,0.5180487537384033,0.05,1526,"{""0"": 7183, ""1"": 6759, ""2"": 7397, ""3"": 6498, ""4"": 7605, ""5"": 6457}",connected
41999,122,20000,0.3350158333333334,0.09310387581586838,-5.934276589350775,0.5163863557577133,0.05,1526,"{""0"": 7203, ""1"": 6784, ""2"": 7412, ""3"": 6510, ""4"": 7625, ""5"": 6465}",connected
42099,123,20000,0.3334325,0.09058317564427852,-5.851484350562096,0.5191388130187988,0.05,1526,"{""0"": 7227, ""1"": 6799, ""2"": 7422, ""3"": 6522, ""4"": 7644, ""5"": 6485}",connected
42199,124,20000,0.33184916666666664,0.08866774767637253,-5.843154931426979,0.5185172265768051,0.05,1526,"{""0"": 7248, ""1"": 6808, ""2"": 7442, ""3"": 6539, ""4"": 7670, ""5"": 6492}",connected
42299,124,20000,0.33026583333333337,0.08555955171585083,-5.843154931426979,0.5240328764915466,0.05,1526,"{""0"": 7279, ""1"": 6812, ""2"": 7460, ""3"": 6546, ""4"": 7704, ""5"": 6498}",connected
42399,124,20000,0.3286825,0.09272464349865914,-5.843154931426979,0.5348733821511269,0.05,1526,"{""0"": 7291, ""1"": 6832, ""2"": 7468, ""3"": 6578, ""4"": 7720, ""5"": 6510}",connected
42499,124,20000,0.3270991666666666,0.09083738654851914,-5.843154931426979,0.5346071299910545,0.05,1526,"{""0"": 7298, ""1"": 6845, ""2"": 7491, ""3"": 6602, ""4"": 7737, ""5"": 6526}",connected
42599,124,20000,0.32551583333333345,0.09936203084886074,-5.843154931426979,0.5343696084618569,0.05,1526,"{""0"": 7301, ""1"": 6872, ""2"": 7518, ""3"": 6621, ""4"": 7747, ""5"": 6540}",connected
42699,126,20000,0.32393250000000007,0.1020281933620572,-5.7333085184870285,0.5279528760910034,0.05,1526,"{""0"": 7318, ""1"": 6894, ""2"": 7530, ""3"": 6635, ""4"": 7771, ""5"": 6551}",connected
42799,126,20000,0.3223491666666667,0.09358647864311934,-5.7333085184870285,0.5199700078368187,0.05,1526,"{""0"": 7329, ""1"": 6913, ""2"": 7545, ""3"": 6649, ""4"": 7794, ""5"": 6569}",connected
42899,126,20000,0.3207658333333334,0.0969394901394844,-5.7333085184870285,0.5197328311204911,0.05,1526,"{""0"": 7342, ""1"": 6938, ""2"": 7571, ""3"": 6659, ""4"": 7809, ""5"": 6580}",connected
42999,126,20000,0.31918250000000004,0.09174624301493167,-5.7333085184870285,0.5212727418541908,0.05,1526,"{""0"": 7358, ""1"": 6966, ""2"": 7584, ""3"": 6663, ""4"": 7819, ""5"": 6609}",connected
43099,126,20000,0.31759916666666665,0.09269081197679042,-5.7333085184870285,0.5276306158304215,0.05,1526,"{""0"": 7394, ""1"": 6986, ""2"": 7594, ""3"": 6677, ""4"": 7832, ""5"": 6616}",connected
43199,126,20000,0.3160158333333334,0.09277907393872738,-5.7333085184870285,0.5257769343256951,0.05,1526,"{""0"": 7414, ""1"": 7005, ""2"": 7615, ""3"": 6686, ""4"": 7857, ""5"": 6622}",connected
43299,126,20000,0.3144325,0.0942621585726738,-5.7333085184870285,0.5240688824653625,0.05,1526,"{""0"": 7448, ""1"": 7015, ""2"": 7645, ""3"": 6693, ""4"": 7872, ""5"": 6626}",connected
43399,128,20000,0.3128491666666666,0.0921552313119173,-5.743725250395946,0.5191756445169449,0.05,1526,"{""0"": 7462, ""1"": 7030, ""2"": 7656, ""3"": 6712, ""4"": 7886, ""5"": 6653}",connected
43499,128,20000,0.31126583333333335,0.09136399772018194,-5.743725250395946,0.5144517305493355,0.05,1526,"{""0"": 7476, ""1"": 7044, ""2"": 7671, ""3"": 6726, ""4"": 7912, ""5"": 6670}",connected
43599,128,20000,0.30968249999999997,0.09002593234181404,-5.743725250395946,0.5136685249209404,0.05,1526,"{""0"": 7480, ""1"": 7074, ""2"": 7687, ""3"": 6748, ""4"": 7923, ""5"": 6687}",connected
43699,128,20000,0.3080991666666667,0.08927243560552597,-5.743725250395946,0.5146793079376221,0.05,1526,"{""0"": 7490, ""1"": 7080, ""2"": 7698, ""3"": 6772, ""4"": 7934, ""5"": 6725}",connected
43799,128,20000,0.30651583333333343,0.08643957938998938,-5.743725250395946,0.519671967625618,0.05,1526,"{""0"": 7495, ""1"": 7094, ""2"": 7712, ""3"": 6816, ""4"": 7946, ""5"": 6736}",connected
43899,128,20000,0.30493250000000005,0.08454165197908878,-5.743725250395946,0.5186526829004288,0.05,1526,"{""0"": 7511, ""1"": 7117, ""2"": 7720, ""3"": 6833, ""4"": 7955, ""5"": 6763}",connected
43999,128,20000,0.3033491666666668,0.08715274453163147,-5.743725250395946,0.5160410767793655,0.05,1526,"{""0"": 7521, ""1"": 7137, ""2"": 7731, ""3"": 6844, ""4"": 7961, ""5"": 6805}",connected
44099,130,20000,0.3017658333333334,0.09063800096511841,-5.797173126898706,0.5175448381900787,0.05,1526,"{""0"": 7533, ""1"": 7153, ""2"": 7739, ""3"": 6863, ""4"": 7988, ""5"": 6823}",connected
44199,130,20000,0.3001825,0.09713205792009831,-5.797173126898706,0.5159471568465233,0.05,1526,"{""0"": 7538, ""1"": 7177, ""2"": 7773, ""3"": 6875, ""4"": 7991, ""5"": 6845}",connected
44299,130,20000,0.29859916666666675,0.10045320842415094,-5.797173126898706,0.5157858380675315,0.05,1526,"{""0"": 7552, ""1"": 7188, ""2"": 7792, ""3"": 6908, ""4"": 7994, ""5"": 6865}",connected
44399,130,20000,0.29701583333333337,0.09868157144635915,-5.797173126898706,0.5167266824841499,0.05,1526,"{""0"": 7569, ""1"": 7205, ""2"": 7803, ""3"": 6934, ""4"": 8014, ""5"": 6874}",connected
44499,130,20000,0.2954325,0.09615306198596954,-5.797173126898706,0.5152029794454575,0.05,1526,"{""0"": 7574, ""1"": 7211, ""2"": 7818, ""3"": 6959, ""4"": 8032, ""5"": 6905}",connected
44599,130,20000,0.2938491666666667,0.09415147714316845,-5.797173126898706,0.509989446401596,0.05,1526,"{""0"": 7577, ""1"": 7229, ""2"": 7826, ""3"": 6990, ""4"": 8037, ""5"": 6940}",connected
44699,130,20000,0.29226583333333334,0.09650364447385072,-5.797173126898706,0.5125347974896431,0.05,1526,"{""0"": 7580, ""1"": 7235, ""2"": 7838, ""3"": 7034, ""4"": 8047, ""5"": 6965}",connected
44799,132,20000,0.29068249999999995,0.09379756428301335,-5.782351661217399,0.5173767319321633,0.05,1526,"{""0"": 7599, ""1"": 7254, ""2"": 7850, ""3"": 7055, ""4"": 8070, ""5"": 6971}",connected
44899,132,20000,0.2890991666666667,0.09723897337913513,-5.782351661217399,0.515022135078907,0.05,1526,"{""0"": 7620, ""1"": 7260, ""2"": 7868, ""3"": 7086, ""4"": 8076, ""5"": 6989}",connected
44999,132,20000,0.2875158333333334,0.09960265394300222,-5.782351661217399,0.5153635993599892,0.05,1526,"{""0"": 7628, ""1"": 7279, ""2"": 7887, ""3"": 7116, ""4"": 8085, ""5"": 7004}",connected
45099,132,20000,0.28593250000000003,0.10057732950896024,-5.782351661217399,0.5110570093989373,0.05,1526,"{""0"": 7638, ""1"": 7304, ""2"": 7913, ""3"": 7122, ""4"": 8107, ""5"": 7015}",connected
45199,132,20000,0.28434916666666676,0.1145425383746624,-5.782351661217399,0.5050209492444993,0.05,1526,"{""0"": 7660, ""1"": 7319, ""2"": 7932, ""3"": 7141, ""4"": 8121, ""5"": 7026}",connected
45299,132,20000,0.2827658333333334,0.11378174994140863,-5.782351661217399,0.5064048704504966,0.05,1526,"{""0"": 7672, ""1"": 7327, ""2"": 7969, ""3"": 7158, ""4"": 8129, ""5"": 7044}",connected
45399,132,20000,0.2811825,0.10492001701146364,-5.782351661217399,0.5064219152927398,0.05,1526,"{""0"": 7687, ""1"": 7342, ""2"": 7991, ""3"": 7181, ""4"": 8140, ""5"": 7058}",connected
45499,134,20000,0.27959916666666673,0.10318085130304099,-5.7917247936921195,0.5068882876634597,0.05,1526,"{""0"": 7689, ""1"": 7354, ""2"": 8014, ""3"": 7197, ""4"": 8146, ""5"": 7099}",connected
45599,134,20000,0.27801583333333335,0.091521703787148,-5.7917247936921195,0.5072246813774108,0.05,1526,"{""0"": 7694, ""1"": 7389, ""2"": 8027, ""3"": 7214, ""4"": 8169, ""5"": 7106}",connected
45699,134,20000,0.27643249999999997,0.08673993963748217,-5.7917247936921195,0.5036394652724266,0.05,1526,"{""0"": 7714, ""1"": 7407, ""2"": 8055, ""3"": 7224, ""4"": 8189, ""5"": 7110}",connected
45799,134,20000,0.2748491666666667,0.09714983269572258,-5.7917247936921195,0.5073629373311996,0.05,1526,"{""0"": 7738, ""1"": 7423, ""2"": 8068, ""3"": 7245, ""4"": 8203, ""5"": 7122}",connected
45899,134,20000,0.2732658333333333,0.09466740150004625,-5.7917247936921195,0.5047445032000542,0.05,1526,"{""0"": 7751, ""1"": 7440, ""2"": 8089, ""3"": 7263, ""4"": 8214, ""5"": 7142}",connected
45999,134,20000,0.27168249999999994,0.09416496261954307,-5.7917247936921195,0.5024315789341927,0.05,1526,"{""0"": 7768, ""1"": 7453, ""2"": 8099, ""3"": 7292, ""4"": 8217, ""5"": 7170}",connected
46099,136,20000,0.27009916666666667,0.099455661252141,-5.661856389776804,0.5053032582998276,0.05,1526,"{""0"": 7778, ""1"": 7479, ""2"": 8113, ""3"": 7307, ""4"": 8232, ""5"": 7190}",connected
46199,136,20000,0.2685158333333334,0.09547992572188377,-5.661856389776804,0.49980785220861434,0.05,1526,"{""0"": 7795, ""1"": 7516, ""2"": 8123, ""3"": 7318, ""4"": 8245, ""5"": 7202}",connected
46299,136,20000,0.26693250000000013,0.09812503010034561,-5.661856389776804,0.5005951783061028,0.05,1526,"{""0"": 7843, ""1"": 7541, ""2"": 8130, ""3"": 7330, ""4"": 8251, ""5"": 7204}",connected
46399,136,20000,0.26534916666666675,0.10160595577210188,-5.661856389776804,0.5065298563241959,0.05,1526,"{""0"": 7852, ""1"": 7575, ""2"": 8150, ""3"": 7347, ""4"": 8264, ""5"": 7211}",connected
46499,136,20000,0.26376583333333337,0.0992313639447093,-5.661856389776804,0.5027142843604088,0.05,1526,"{""0"": 7879, ""1"": 7614, ""2"": 8158, ""3"": 7359, ""4"": 8276, ""5"": 7213}",connected
46599,136,20000,0.2621825000000001,0.09680677276104689,-5.661856389776804,0.5093991601467133,0.05,1526,"{""0"": 7914, ""1"": 7621, ""2"": 8168, ""3"": 7379, ""4"": 8295, ""5"": 7222}",connected
46699,136,20000,0.2605991666666667,0.09661326996982098,-5.661856389776804,0.5095902064442634,0.05,1526,"{""0"": 7928, ""1"": 7631, ""2"": 8185, ""3"": 7398, ""4"": 8321, ""5"": 7236}",connected
46799,138,20000,0.25901583333333333,0.09867229290306569,-5.665783623815514,0.5022449174523353,0.05,1526,"{""0"": 7934, ""1"": 7655, ""2"": 8205, ""3"": 7403, ""4"": 8349, ""5"": 7253}",connected
46899,138,20000,0.25743250000000006,0.09437944658100605,-5.665783623815514,0.501487997174263,0.05,1526,"{""0"": 7941, ""1"": 7666, ""2"": 8246, ""3"": 7417, ""4"": 8360, ""5"": 7269}",connected
46999,138,20000,0.2558491666666667,0.09575814116746187,-5.665783623815514,0.4957078391313553,0.05,1526,"{""0"": 7953, ""1"": 7691, ""2"": 8280, ""3"": 7422, ""4"": 8377, ""5"": 7276}",connected
47099,138,20000,0.2542658333333333,0.09566853228956461,-5.665783623815514,0.4949484524130821,0.05,1526,"{""0"": 7972, ""1"": 7695, ""2"": 8318, ""3"": 7424, ""4"": 8401, ""5"": 7289}",connected
47199,138,20000,0.25268250000000003,0.09024712443351746,-5.665783623815514,0.49371423810720444,0.05,1526,"{""0"": 7986, ""1"": 7698, ""2"": 8353, ""3"": 7432, ""4"": 8426, ""5"": 7304}",connected
47299,138,20000,0.25109916666666665,0.09337296057492495,-5.665783623815514,0.4966620787978172,0.05,1526,"{""0"": 7997, ""1"": 7721, ""2"": 8372, ""3"": 7450, ""4"": 8430, ""5"": 7329}",connected
47399,138,20000,0.24951583333333338,0.09457015056163072,-5.665783623815514,0.4963943386077881,0.05,1526,"{""0"": 8009, ""1"": 7731, ""2"": 8406, ""3"": 7471, ""4"": 8441, ""5"": 7341}",connected
47499,140,20000,0.2479325000000001,0.08861879378557205,-5.672043177103624,0.498697854578495,0.05,1526,"{""0"": 8035, ""1"": 7748, ""2"": 8439, ""3"": 7472, ""4"": 8454, ""5"": 7351}",connected
47599,140,20000,0.24634916666666673,0.09060040820389986,-5.672043177103624,0.500517216026783,0.05,1526,"{""0"": 8048, ""1"": 7774, ""2"": 8465, ""3"": 7476, ""4"": 8471, ""5"": 7365}",connected
47699,140,20000,0.24476583333333335,0.09267215121537448,-5.672043177103624,0.4954352813959122,0.05,1526,"{""0"": 8058, ""1"": 7793, ""2"": 8488, ""3"": 7484, ""4"": 8502, ""5"": 7374}",connected
47799,140,20000,0.24318250000000008,0.09680983416736126,-5.672043177103624,0.4915649354457855,0.05,1526,"{""0"": 8070, ""1"": 7810, ""2"": 8511, ""3"": 7488, ""4"": 8513, ""5"": 7407}",connected
47899,140,20000,0.2415991666666667,0.09622652038931846,-5.672043177103624,0.48398875653743745,0.05,1526,"{""0"": 8087, ""1"": 7831, ""2"": 8524, ""3"": 7515, ""4"": 8529, ""5"": 7413}",connected
47999,140,20000,0.24001583333333332,0.0941788912937045,-5.672043177103624,0.48508024781942366,0.05,1526,"{""0"": 8101, ""1"": 7839, ""2"": 8558, ""3"": 7541, ""4"": 8540, ""5"": 7420}",connected
48099,140,20000,0.23843250000000005,0.08977307364344597,-5.672043177103624,0.4930065006017685,0.05,1526,"{""0"": 8107, ""1"": 7877, ""2"": 8579, ""3"": 7558, ""4"": 8556, ""5"": 7422}",connected
48199,142,20000,0.23684916666666667,0.08732114251703024,-5.641283338782378,0.49572757542133333,0.05,1526,"{""0"": 8130, ""1"": 7884, ""2"": 8583, ""3"": 7597, ""4"": 8562, ""5"": 7443}",connected
48299,142,20000,0.23526583333333329,0.09289242774248123,-5.641283338782378,0.4990811449289322,0.05,1526,"{""0"": 8136, ""1"": 7902, ""2"": 8614, ""3"": 7603, ""4"": 8582, ""5"": 7462}",connected
48399,142,20000,0.23368250000000002,0.09250285852700472,-5.641283338782378,0.49550521761178973,0.05,1526,"{""0"": 8156, ""1"": 7917, ""2"": 8632, ""3"": 7613, ""4"": 8609, ""5"": 7472}",connected
48499,142,20000,0.23209916666666663,0.09730441648513079,-5.641283338782378,0.4878960147500038,0.05,1526,"{""0"": 8170, ""1"": 7932, ""2"": 8643, ""3"": 7634, ""4"": 8640, ""5"": 7480}",connected
48599,142,20000,0.23051583333333336,0.09283564656972886,-5.641283338782378,0.4897430998086929,0.05,1526,"{""0"": 8201, ""1"": 7945, ""2"": 8658, ""3"": 7650, ""4"": 8663, ""5"": 7482}",connected
48699,142,20000,0.2289325000000001,0.08673990171402693,-5.641283338782378,0.4895067897439003,0.05,1526,"{""0"": 8222, ""1"": 7969, ""2"": 8687, ""3"": 7664, ""4"": 8669, ""5"": 7488}",connected
48799,142,20000,0.2273491666666667,0.08793260503560305,-5.641283338782378,0.4900960120558739,0.05,1526,"{""0"": 8242, ""1"": 7983, ""2"": 8700, ""3"": 7673, ""4"": 8695, ""5"": 7506}",connected
48899,142,20000,0.22576583333333344,0.09031674318015576,-5.641283338782378,0.49172103703022,0.05,1526,"{""0"": 8250, ""1"": 8000, ""2"": 8701, ""3"": 7715, ""4"": 8715, ""5"": 7518}",connected
48999,144,20000,0.22418250000000006,0.09333540167659521,-5.6100739338202406,0.489012163579464,0.05,1526,"{""0"": 8256, ""1"": 8044, ""2"": 8717, ""3"": 7730, ""4"": 8729, ""5"": 7523}",connected
49099,144,20000,0.22259916666666668,0.09531111825257539,-5.6100739338202406,0.4886135756969452,0.05,1526,"{""0"": 8261, ""1"": 8066, ""2"": 8745, ""3"": 7738, ""4"": 8746, ""5"": 7543}",connected
49199,144,20000,0.2210158333333334,0.09375977590680122,-5.6100739338202406,0.4893003642559052,0.05,1526,"{""0"": 8292, ""1"": 8094, ""2"": 8763, ""3"": 7750, ""4"": 8750, ""5"": 7550}",connected
49299,144,20000,0.21943250000000003,0.08045884739607573,-5.6100739338202406,0.4913915780186653,0.05,1526,"{""0"": 8313, ""1"": 8116, ""2"": 8780, ""3"": 7755, ""4"": 8774, ""5"": 7561}",connected
49399,144,20000,0.21784916666666665,0.07630235951393843,-5.6100739338202406,0.4936423265933991,0.05,1526,"{""0"": 8335, ""1"": 8136, ""2"": 8791, ""3"": 7766, ""4"": 8783, ""5"": 7588}",connected
49499,144,20000,0.21626583333333338,0.08066805332899094,-5.6100739338202406,0.49831585854291915,0.05,1526,"{""0"": 8347, ""1"": 8158, ""2"": 8811, ""3"": 7781, ""4"": 8799, ""5"": 7603}",connected
49599,144,20000,0.2146825,0.07730252709239721,-5.6100739338202406,0.4982757568359375,0.05,1526,"{""0"": 8362, ""1"": 8180, ""2"": 8829, ""3"": 7806, ""4"": 8811, ""5"": 7611}",connected
49699,146,20000,0.21309916666666662,0.08437705244868994,-5.588550939098932,0.4951348054409027,0.05,1526,"{""0"": 8368, ""1"": 8215, ""2"": 8849, ""3"": 7811, ""4"": 8821, ""5"": 7635}",connected
49799,146,20000,0.21151583333333346,0.08718743376433849,-5.588550939098932,0.4920080381631851,0.05,1526,"{""0"": 8378, ""1"": 8228, ""2"": 8861, ""3"": 7829, ""4"": 8845, ""5"": 7658}",connected
49899,146,20000,0.20993250000000008,0.08716283138841391,-5.588550939098932,0.4816718390583992,0.05,1526,"{""0"": 8386, ""1"": 8266, ""2"": 8883, ""3"": 7840, ""4"": 8858, ""5"": 7666}",connected
49999,146,20000,0.2083491666666667,0.08796277787536383,-5.588550939098932,0.4800873205065727,0.05,1526,"{""0"": 8410, ""1"": 8290, ""2"": 8905, ""3"": 7847, ""4"": 8869, ""5"": 7678}",connected
50099,146,20000,0.20676583333333343,0.08756808999925852,-5.588550939098932,0.4771633404493332,0.05,1526,"{""0"": 8431, ""1"": 8306, ""2"": 8909, ""3"": 7872, ""4"": 8882, ""5"": 7699}",connected
50199,148,20000,0.20518250000000005,0.08941871054470539,-5.46975386116188,0.47728381276130677,0.05,1526,"{""0"": 8452, ""1"": 8332, ""2"": 8917, ""3"": 7882, ""4"": 8902, ""5"": 7714}",connected
50299,148,20000,0.20359916666666666,0.08728852581232786,-5.46975386116188,0.48086348503828047,0.05,1526,"{""0"": 8465, ""1"": 8358, ""2"": 8941, ""3"": 7890, ""4"": 8923, ""5"": 7722}",connected
50399,148,20000,0.2020158333333334,0.09499210011214018,-5.46975386116188,0.4805767956376076,0.05,1526,"{""0"": 8470, ""1"": 8364, ""2"": 8994, ""3"": 7894, ""4"": 8943, ""5"": 7734}",connected
50499,148,20000,0.2004325,0.09107246853411198,-5.46975386116188,0.482217603623867,0.05,1526,"{""0"": 8488, ""1"": 8369, ""2"": 9014, ""3"": 7904, ""4"": 8976, ""5"": 7748}",connected
50599,148,20000,0.19884916666666663,0.08764379046857357,-5.46975386116188,0.4746858736872673,0.05,1526,"{""0"": 8494, ""1"": 8404, ""2"": 9060, ""3"": 7907, ""4"": 8977, ""5"": 7757}",connected
50699,148,20000,0.19726583333333336,0.08518521439284087,-5.46975386116188,0.4739039582014084,0.05,1526,"{""0"": 8508, ""1"": 8421, ""2"": 9097, ""3"": 7920, ""4"": 8987, ""5"": 7766}",connected
50799,148,20000,0.19568249999999998,0.0802683999016881,-5.46975386116188,0.47111071527004245,0.05,1526,"{""0"": 8518, ""1"": 8425, ""2"": 9117, ""3"": 7933, ""4"": 9027, ""5"": 7779}",connected
50899,150,20000,0.1940991666666666,0.0781654815003276,-5.48363378928043,0.46944931894540787,0.05,1526,"{""0"": 8520, ""1"": 8443, ""2"": 9146, ""3"": 7952, ""4"": 9052, ""5"": 7786}",connected
50999,150,20000,0.19251583333333344,0.07962188519537448,-5.48363378928043,0.47357821494340896,0.05,1526,"{""0"": 8525, ""1"": 8448, ""2"": 9164, ""3"": 7981, ""4"": 9082, ""5"": 7799}",connected
51099,150,20000,0.19093250000000006,0.08499540433287621,-5.48363378928043,0.472767670750618,0.05,1526,"{""0"": 8532, ""1"": 8472, ""2"": 9185, ""3"": 8000, ""4"": 9094, ""5"": 7816}",connected
51199,150,20000,0.1893491666666668,0.08374183662235737,-5.48363378928043,0.47561016529798505,0.05,1526,"{""0"": 8582, ""1"": 8479, ""2"": 9191, ""3"": 8013, ""4"": 9108, ""5"": 7826}",connected
51299,150,20000,0.1877658333333334,0.09068110030144454,-5.48363378928043,0.4735310772061348,0.05,1526,"{""0"": 8606, ""1"": 8502, ""2"": 9217, ""3"": 8029, ""4"": 9113, ""5"": 7832}",connected
51399,150,20000,0.18618250000000003,0.09084176003932953,-5.48363378928043,0.4773345723748207,0.05,1526,"{""0"": 8641, ""1"": 8505, ""2"": 9244, ""3"": 8033, ""4"": 9135, ""5"": 7841}",connected
51499,150,20000,0.18459916666666676,0.08390052918344736,-5.48363378928043,0.47542451798915863,0.05,1526,"{""0"": 8655, ""1"": 8536, ""2"": 9257, ""3"": 8040, ""4"": 9160, ""5"": 7851}",connected
51599,152,20000,0.18301583333333338,0.08520574312657118,-5.397779249632731,0.47138210594654084,0.05,1526,"{""0"": 8673, ""1"": 8543, ""2"": 9276, ""3"": 8056, ""4"": 9181, ""5"": 7870}",connected
51699,152,20000,0.1814325,0.08473410170525313,-5.397779249632731,0.47315733045339586,0.05,1526,"{""0"": 8696, ""1"": 8566, ""2"": 9293, ""3"": 8062, ""4"": 9209, ""5"": 7873}",connected
51799,152,20000,0.17984916666666673,0.08202114038169384,-5.397779249632731,0.4649911257624626,0.05,1526,"{""0"": 8710, ""1"": 8577, ""2"": 9306, ""3"": 8078, ""4"": 9245, ""5"": 7883}",connected
51899,152,20000,0.17826583333333335,0.08122405707836151,-5.397779249632731,0.46460666209459306,0.05,1526,"{""0"": 8713, ""1"": 8595, ""2"": 9337, ""3"": 8087, ""4"": 9280, ""5"": 7887}",connected
51999,152,20000,0.17668249999999996,0.08085899665951729,-5.397779249632731,0.46804697811603546,0.05,1526,"{""0"": 8726, ""1"": 8603, ""2"": 9369, ""3"": 8101, ""4"": 9292, ""5"": 7908}",connected
52099,152,20000,0.1750991666666667,0.07836999710649252,-5.397779249632731,0.46316928654909134,0.05,1526,"{""0"": 8751, ""1"": 8612, ""2"": 9402, ""3"": 8110, ""4"": 9300, ""5"": 7924}",connected
52199,152,20000,0.17351583333333342,0.07481518380343914,-5.397779249632731,0.46828913658857346,0.05,1526,"{""0"": 8769, ""1"": 8624, ""2"": 9424, ""3"": 8134, ""4"": 9320, ""5"": 7928}",connected
52299,152,20000,0.17193250000000004,0.07902968585491181,-5.397779249632731,0.4706640028953552,0.05,1526,"{""0"": 8775, ""1"": 8637, ""2"": 9467, ""3"": 8138, ""4"": 9333, ""5"": 7949}",connected
52399,154,20000,0.17034916666666677,0.07568519569933414,-5.420404965458438,0.4677072331309319,0.05,1526,"{""0"": 8782, ""1"": 8656, ""2"": 9488, ""3"": 8150, ""4"": 9357, ""5"": 7966}",connected
52499,154,20000,0.1687658333333334,0.07461702212691307,-5.420404965458438,0.4732839307188988,0.05,1526,"{""0"": 8787, ""1"": 8670, ""2"": 9517, ""3"": 8169, ""4"": 9378, ""5"": 7978}",connected
52599,154,20000,0.1671825,0.07818326968699693,-5.420404965458438,0.4716052559018135,0.05,1526,"{""0"": 8796, ""1"": 8677, ""2"": 9553, ""3"": 8185, ""4"": 9406, ""5"": 7982}",connected
52699,154,20000,0.16559916666666674,0.07779700323939323,-5.420404965458438,0.47336375892162325,0.05,1526,"{""0"": 8825, ""1"": 8691, ""2"": 9558, ""3"": 8229, ""4"": 9412, ""5"": 7984}",connected
52799,154,20000,0.16401583333333336,0.08002351015806199,-5.420404965458438,0.4724386700987816,0.05,1526,"{""0"": 8830, ""1"": 8715, ""2"": 9581, ""3"": 8249, ""4"": 9425, ""5"": 7999}",connected
52899,154,20000,0.16243249999999998,0.07893940489739179,-5.420404965458438,0.4698632499575615,0.05,1526,"{""0"": 8845, ""1"": 8721, ""2"": 9613, ""3"": 8265, ""4"": 9450, ""5"": 8005}",connected
52999,154,20000,0.1608491666666667,0.08058064378798008,-5.420404965458438,0.46925268054008484,0.05,1526,"{""0"": 8849, ""1"": 8734, ""2"": 9642, ""3"": 8278, ""4"": 9464, ""5"": 8032}",connected
53099,156,20000,0.15926583333333333,0.0793077627196908,-5.41522979139816,0.4640901166200638,0.05,1526,"{""0"": 8884, ""1"": 8737, ""2"": 9654, ""3"": 8291, ""4"": 9494, ""5"": 8039}",connected
53199,156,20000,0.15768249999999995,0.07776670768857002,-5.41522979139816,0.4635842341184616,0.05,1526,"{""0"": 8897, ""1"": 8747, ""2"": 9678, ""3"": 8313, ""4"": 9521, ""5"": 8043}",connected
53299,156,20000,0.15609916666666668,0.0786257590353489,-5.41522979139816,0.46202186346054075,0.05,1526,"{""0"": 8902, ""1"": 8763, ""2"": 9696, ""3"": 8353, ""4"": 9534, ""5"": 8051}",connected
53399,156,20000,0.1545158333333334,0.07725214887410402,-5.41522979139816,0.4634659919142723,0.05,1526,"{""0"": 8903, ""1"": 8777, ""2"": 9730, ""3"": 8366, ""4"": 9565, ""5"": 8058}",connected
53499,156,20000,0.15293250000000003,0.07835262410342693,-5.41522979139816,0.46055427700281143,0.05,1526,"{""0"": 8923, ""1"": 8807, ""2"": 9749, ""3"": 8386, ""4"": 9573, ""5"": 8061}",connected
53599,156,20000,0.15134916666666676,0.07810229226946831,-5.41522979139816,0.4599064916372299,0.05,1526,"{""0"": 8939, ""1"": 8827, ""2"": 9769, ""3"": 8399, ""4"": 9596, ""5"": 8069}",connected
53699,156,20000,0.14976583333333338,0.07906175572425127,-5.41522979139816,0.4613348576426506,0.05,1526,"{""0"": 8946, ""1"": 8856, ""2"": 9788, ""3"": 8405, ""4"": 9613, ""5"": 8091}",connected
53799,158,20000,0.1481825000000001,0.07753452215343713,-5.5290713394247,0.4605462348461151,0.05,1526,"{""0"": 8970, ""1"": 8881, ""2"": 9807, ""3"": 8419, ""4"": 9627, ""5"": 8095}",connected
53899,158,20000,0.14659916666666672,0.07558301165699959,-5.5290713394247,0.46362910032272336,0.05,1526,"{""0"": 8986, ""1"": 8916, ""2"": 9816, ""3"": 8431, ""4"": 9654, ""5"": 8096}",connected
53999,158,20000,0.14501583333333334,0.08510302051901818,-5.5290713394247,0.4609562167525291,0.05,1526,"{""0"": 8996, ""1"": 8923, ""2"": 9847, ""3"": 8445, ""4"": 9671, ""5"": 8117}",connected
54099,158,20000,0.14343250000000007,0.08613515049219131,-5.5290713394247,0.4567429038882256,0.05,1526,"{""0"": 9008, ""1"": 8947, ""2"": 9869, ""3"": 8459, ""4"": 9686, ""5"": 8130}",connected
54199,158,20000,0.1418491666666667,0.08576198689639568,-5.5290713394247,0.45457286775112155,0.05,1526,"{""0"": 9017, ""1"": 8986, ""2"": 9884, ""3"": 8475, ""4"": 9702, ""5"": 8135}",connected
54299,158,20000,0.1402658333333333,0.0885407380759716,-5.5290713394247,0.4538560825586319,0.05,1526,"{""0"": 9037, ""1"": 8992, ""2"": 9909, ""3"": 8498, ""4"": 9720, ""5"": 8143}",connected
54399,158,20000,0.13868250000000004,0.08275326538830996,-5.5290713394247,0.45636372566223143,0.05,1526,"{""0"": 9047, ""1"": 9016, ""2"": 9931, ""3"": 8520, ""4"": 9728, ""5"": 8157}",connected
54499,160,20000,0.13709916666666666,0.07852747026830911,-5.501001404826529,0.4555764731764793,0.05,1526,"{""0"": 9053, ""1"": 9025, ""2"": 9955, ""3"": 8539, ""4"": 9760, ""5"": 8167}",connected
54599,160,20000,0.1355158333333334,0.08252429764717817,-5.501001404826529,0.455912701189518,0.05,1526,"{""0"": 9068, ""1"": 9042, ""2"": 9972, ""3"": 8551, ""4"": 9797, ""5"": 8169}",connected
54699,160,20000,0.13393250000000012,0.08109879638999701,-5.501001404826529,0.45345198035240175,0.05,1526,"{""0"": 9089, ""1"": 9060, ""2"": 9996, ""3"": 8562, ""4"": 9812, ""5"": 8180}",connected
54799,160,20000,0.13234916666666674,0.08075997218489647,-5.501001404826529,0.4527839159965515,0.05,1526,"{""0"": 9093, ""1"": 9098, ""2"": 10016, ""3"": 8576, ""4"": 9828, ""5"": 8188}",connected
54899,160,20000,0.13076583333333336,0.08465116754174233,-5.501001404826529,0.4526653838157654,0.05,1526,"{""0"": 9096, ""1"": 9117, ""2"": 10040, ""3"": 8587, ""4"": 9869, ""5"": 8190}",connected
54999,160,20000,0.1291825000000001,0.08287499412894249,-5.501001404826529,0.44909045040607454,0.05,1526,"{""0"": 9106, ""1"": 9133, ""2"": 10065, ""3"": 8602, ""4"": 9891, ""5"": 8202}",connected
55099,160,20000,0.1275991666666667,0.08534415572881698,-5.501001404826529,0.4471441739797592,0.05,1526,"{""0"": 9124, ""1"": 9141, ""2"": 10089, ""3"": 8628, ""4"": 9898, ""5"": 8219}",connected
55199,162,20000,0.12601583333333333,0.08545733962208032,-5.513786396533251,0.4482753846049309,0.05,1526,"{""0"": 9144, ""1"": 9167, ""2"": 10105, ""3"": 8638, ""4"": 9919, ""5"": 8226}",connected
55299,162,20000,0.12443250000000006,0.08084515314549208,-5.513786396533251,0.44970146685838697,0.05,1526,"{""0"": 9164, ""1"": 9177, ""2"": 10121, ""3"": 8651, ""4"": 9948, ""5"": 8238}",connected
55399,162,20000,0.12284916666666668,0.08095393113791943,-5.513786396533251,0.453271421790123,0.05,1526,"{""0"": 9174, ""1"": 9200, ""2"": 10144, ""3"": 8666, ""4"": 9973, ""5"": 8242}",connected
55499,162,20000,0.1212658333333333,0.07836210113018752,-5.513786396533251,0.4562241503596306,0.05,1526,"{""0"": 9198, ""1"": 9210, ""2"": 10159, ""3"": 8686, ""4"": 9993, ""5"": 8253}",connected
55599,162,20000,0.11968250000000002,0.07709314871579409,-5.513786396533251,0.4544046124815941,0.05,1526,"{""0"": 9210, ""1"": 9217, ""2"": 10187, ""3"": 8701, ""4"": 10016, ""5"": 8268}",connected
55699,162,20000,0.11809916666666664,0.08015846751630307,-5.513786396533251,0.45027382761240003,0.05,1526,"{""0"": 9210, ""1"": 9232, ""2"": 10216, ""3"": 8713, ""4"": 10045, ""5"": 8283}",connected
55799,162,20000,0.11651583333333337,0.07945176161825657,-5.513786396533251,0.44804112911224364,0.05,1526,"{""0"": 9231, ""1"": 9249, ""2"": 10222, ""3"": 8741, ""4"": 10070, ""5"": 8286}",connected
55899,164,20000,0.1149325000000001,0.07690183900296688,-5.490608047205024,0.4475200232863426,0.05,1526,"{""0"": 9240, ""1"": 9271, ""2"": 10250, ""3"": 8756, ""4"": 10080, ""5"": 8302}",connected
55999,164,20000,0.11334916666666672,0.07961353827267885,-5.490608047205024,0.4507690158486366,0.05,1526,"{""0"": 9264, ""1"": 9285, ""2"": 10266, ""3"": 8776, ""4"": 10097, ""5"": 8311}",connected
56099,164,20000,0.11176583333333334,0.08105114080011845,-5.490608047205024,0.4523417916893959,0.05,1526,"{""0"": 9285, ""1"": 9304, ""2"": 10282, ""3"": 8795, ""4"": 10119, ""5"": 8314}",connected
56199,164,20000,0.11018250000000007,0.07690239988267422,-5.490608047205024,0.44976114958524704,0.05,1526,"{""0"": 9298, ""1"": 9315, ""2"": 10313, ""3"": 8802, ""4"": 10133, ""5"": 8338}",connected
56299,164,20000,0.10859916666666669,0.07776786364614964,-5.490608047205024,0.4482894763350487,0.05,1526,"{""0"": 9314, ""1"": 9339, ""2"": 10331, ""3"": 8821, ""4"": 10152, ""5"": 8342}",connected
56399,164,20000,0.10701583333333342,0.06894284080713987,-5.490608047205024,0.4434628391265869,0.05,1526,"{""0"": 9319, ""1"": 9389, ""2"": 10349, ""3"": 8825, ""4"": 10162, ""5"": 8355}",connected
56499,164,20000,0.10543250000000004,0.06554156720638275,-5.490608047205024,0.4410572353005409,0.05,1526,"{""0"": 9327, ""1"": 9407, ""2"": 10379, ""3"": 8839, ""4"": 10185, ""5"": 8362}",connected
56599,164,20000,0.10384916666666666,0.06581297669559717,-5.490608047205024,0.43862969279289243,0.05,1526,"{""0"": 9332, ""1"": 9416, ""2"": 10408, ""3"": 8871, ""4"": 10201, ""5"": 8371}",connected
56699,166,20000,0.10226583333333339,0.06555567316710949,-5.473751694289968,0.433638456761837,0.05,1526,"{""0"": 9339, ""1"": 9438, ""2"": 10424, ""3"": 8878, ""4"": 10235, ""5"": 8385}",connected
56799,166,20000,0.10068250000000001,0.06770557265728712,-5.473751694289968,0.43648190081119537,0.05,1526,"{""0"": 9346, ""1"": 9472, ""2"": 10449, ""3"": 8888, ""4"": 10250, ""5"": 8394}",connected
56899,166,20000,0.09909916666666663,0.06687847211956978,-5.473751694289968,0.43919200778007506,0.05,1526,"{""0"": 9356, ""1"": 9492, ""2"": 10464, ""3"": 8895, ""4"": 10293, ""5"": 8399}",connected
56999,166,20000,0.09751583333333347,0.06848187696188689,-5.473751694289968,0.4403271061182022,0.05,1526,"{""0"": 9372, ""1"": 9506, ""2"": 10496, ""3"": 8911, ""4"": 10311, ""5"": 8403}",connected
57099,166,20000,0.09593250000000009,0.06705915909260511,-5.473751694289968,0.4440327367186546,0.05,1526,"{""0"": 9380, ""1"": 9532, ""2"": 10517, ""3"": 8931, ""4"": 10327, ""5"": 8412}",connected
57199,166,20000,0.0943491666666667,0.06952629998326301,-5.473751694289968,0.44087126284837724,0.05,1526,"{""0"": 9392, ""1"": 9546, ""2"": 10541, ""3"": 8945, ""4"": 10351, ""5"": 8424}",connected
57299,166,20000,0.09276583333333344,0.07079679928719998,-5.473751694289968,0.44387640625238417,0.05,1526,"{""0"": 9396, ""1"": 9563, ""2"": 10556, ""3"": 8970, ""4"": 10383, ""5"": 8431}",connected
57399,168,20000,0.09118250000000006,0.07022972092032433,-5.513506228346378,0.4433432286977768,0.05,1526,"{""0"": 9426, ""1"": 9572, ""2"": 10577, ""3"": 8978, ""4"": 10404, ""5"": 8442}",connected
57499,168,20000,0.08959916666666667,0.07018881391733885,-5.513506228346378,0.44169354349374773,0.05,1526,"{""0"": 9434, ""1"": 9586, ""2"": 10593, ""3"": 8982, ""4"": 10446, ""5"": 8458}",connected
57599,168,20000,0.0880158333333334,0.07325289234519004,-5.513506228346378,0.4399128910899162,0.05,1526,"{""0"": 9449, ""1"": 9622, ""2"": 10611, ""3"": 8984, ""4"": 10463, ""5"": 8470}",connected
57699,168,20000,0.08643250000000002,0.07453624106943607,-5.513506228346378,0.4364482194185257,0.05,1526,"{""0"": 9457, ""1"": 9648, ""2"": 10627, ""3"": 8999, ""4"": 10486, ""5"": 8482}",connected
57799,168,20000,0.08484916666666664,0.0784649170190096,-5.513506228346378,0.4391165637969971,0.05,1526,"{""0"": 9475, ""1"": 9650, ""2"": 10650, ""3"": 9011, ""4"": 10525, ""5"": 8488}",connected
57899,168,20000,0.08326583333333337,0.08112311160191893,-5.513506228346378,0.43932987838983534,0.05,1526,"{""0"": 9508, ""1"": 9660, ""2"": 10657, ""3"": 9048, ""4"": 10535, ""5"": 8491}",connected
57999,168,20000,0.08168249999999999,0.07780496733263136,-5.513506228346378,0.4402799600362778,0.05,1526,"{""0"": 9515, ""1"": 9667, ""2"": 10672, ""3"": 9067, ""4"": 10565, ""5"": 8513}",connected
58099,170,20000,0.08009916666666661,0.07490944819524885,-5.5101157670048995,0.44096525192260744,0.05,1526,"{""0"": 9525, ""1"": 9681, ""2"": 10698, ""3"": 9072, ""4"": 10605, ""5"": 8518}",connected
58199,170,20000,0.07851583333333345,0.07418667746707797,-5.5101157670048995,0.4410633471608162,0.05,1526,"{""0"": 9541, ""1"": 9720, ""2"": 10709, ""3"": 9074, ""4"": 10628, ""5"": 8527}",connected
58299,170,20000,0.07693250000000007,0.07032251171767712,-5.5101157670048995,0.44053129583597184,0.05,1526,"{""0"": 9560, ""1"": 9723, ""2"": 10731, ""3"": 9087, ""4"": 10666, ""5"": 8532}",connected
58399,170,20000,0.07534916666666669,0.07443650756031275,-5.5101157670048995,0.4360689958930016,0.05,1526,"{""0"": 9574, ""1"": 9731, ""2"": 10751, ""3"": 9101, ""4"": 10680, ""5"": 8562}",connected
58499,170,20000,0.07376583333333342,0.07309827066957951,-5.5101157670048995,0.43254513055086136,0.05,1526,"{""0"": 9592, ""1"": 9755, ""2"": 10765, ""3"": 9118, ""4"": 10692, ""5"": 8577}",connected
58599,170,20000,0.07218250000000004,0.06687643583863974,-5.5101157670048995,0.43148155868053434,0.05,1526,"{""0"": 9611, ""1"": 9784, ""2"": 10799, ""3"": 9128, ""4"": 10698, ""5"": 8579}",connected
58699,172,20000,0.07059916666666677,0.06660211682319642,-5.4353888683160765,0.4316880905628204,0.05,1526,"{""0"": 9615, ""1"": 9815, ""2"": 10818, ""3"": 9159, ""4"": 10706, ""5"": 8586}",connected
58799,172,20000,0.06901583333333339,0.05908012621104717,-5.4353888683160765,0.4365715622901917,0.05,1526,"{""0"": 9617, ""1"": 9832, ""2"": 10839, ""3"": 9171, ""4"": 10734, ""5"": 8606}",connected
58899,172,20000,0.0674325,0.06604644799605013,-5.4353888683160765,0.43961886554956436,0.05,1526,"{""0"": 9634, ""1"": 9847, ""2"": 10864, ""3"": 9177, ""4"": 10767, ""5"": 8610}",connected
58999,172,20000,0.06584916666666674,0.07030920034274458,-5.4353888683160765,0.4389422306418419,0.05,1526,"{""0"": 9642, ""1"": 9873, ""2"": 10885, ""3"": 9190, ""4"": 10783, ""5"": 8626}",connected
59099,172,20000,0.06426583333333336,0.06816937426105142,-5.4353888683160765,0.4390076866745949,0.05,1526,"{""0"": 9650, ""1"": 9907, ""2"": 10903, ""3"": 9214, ""4"": 10793, ""5"": 8632}",connected
59199,172,20000,0.06268249999999997,0.07299841640517116,-5.4353888683160765,0.43781195163726805,0.05,1526,"{""0"": 9651, ""1"": 9934, ""2"": 10921, ""3"": 9234, ""4"": 10827, ""5"": 8632}",connected
59299,172,20000,0.061099166666666704,0.06628710180521011,-5.4353888683160765,0.43365474104881285,0.05,1526,"{""0"": 9663, ""1"": 9940, ""2"": 10952, ""3"": 9257, ""4"": 10847, ""5"": 8640}",connected
59399,173,20000,0.059515833333333434,0.06637269739061594,-5.451277862023562,0.43405679941177366,0.05,1526,"{""0"": 9677, ""1"": 9950, ""2"": 10984, ""3"": 9264, ""4"": 10871, ""5"": 8653}",connected
59499,174,20000,0.05793250000000005,0.07052095673978329,-5.413203242458403,0.43258781284093856,0.05,1526,"{""0"": 9703, ""1"": 9972, ""2"": 11001, ""3"": 9269, ""4"": 10877, ""5"": 8677}",connected
59599,174,20000,0.05634916666666678,0.0723684949055314,-5.413203242458403,0.433834533393383,0.05,1526,"{""0"": 9710, ""1"": 10001, ""2"": 11023, ""3"": 9276, ""4"": 10912, ""5"": 8677}",connected
59699,174,20000,0.0547658333333334,0.07740290343761444,-5.413203242458403,0.4322919675707817,0.05,1526,"{""0"": 9720, ""1"": 10021, ""2"": 11064, ""3"": 9283, ""4"": 10931, ""5"": 8680}",connected
59799,174,20000,0.05318250000000002,0.07828377988189458,-5.413203242458403,0.42942782789468764,0.05,1526,"{""0"": 9726, ""1"": 10043, ""2"": 11084, ""3"": 9302, ""4"": 10963, ""5"": 8681}",connected
59899,174,20000,0.05159916666666675,0.07694573134183884,-5.413203242458403,0.4305432167649269,0.05,1526,"{""0"": 9735, ""1"": 10071, ""2"": 11112, ""3"": 9310, ""4"": 10988, ""5"": 8683}",connected
59999,174,20000,0.05001583333333337,0.07749371714890003,-5.413203242458403,0.4304503583908081,0.05,1526,"{""0"": 9771, ""1"": 10087, ""2"": 11134, ""3"": 9317, ""4"": 11004, ""5"": 8686}",connected
60099,174,20000,0.050000000000000044,0.07713520508259535,-5.413203242458403,0.43556146681308744,0.05,1526,"{""0"": 9781, ""1"": 10093, ""2"": 11157, ""3"": 9329, ""4"": 11029, ""5"": 8710}",connected
60199,176,20000,0.050000000000000044,0.07353288441896438,-5.567908140211366,0.43487999111413955,0.05,1526,"{""0"": 9789, ""1"": 10096, ""2"": 11190, ""3"": 9351, ""4"": 11055, ""5"": 8718}",connected
60299,176,20000,0.050000000000000044,0.07636931728571654,-5.567908140211366,0.43712249159812927,0.05,1526,"{""0"": 9801, ""1"": 10118, ""2"": 11206, ""3"": 9354, ""4"": 11081, ""5"": 8739}",connected
60399,176,20000,0.050000000000000044,0.07237163688987494,-5.567908140211366,0.4326673698425293,0.05,1526,"{""0"": 9809, ""1"": 10146, ""2"": 11224, ""3"": 9368, ""4"": 11112, ""5"": 8740}",connected
60499,176,20000,0.050000000000000044,0.07118529085069895,-5.567908140211366,0.4254795926809311,0.05,1526,"{""0"": 9817, ""1"": 10162, ""2"": 11250, ""3"": 9393, ""4"": 11132, ""5"": 8745}",connected
60599,176,20000,0.050000000000000044,0.07060858629643917,-5.567908140211366,0.4261448207497597,0.05,1526,"{""0"": 9843, ""1"": 10164, ""2"": 11274, ""3"": 9404, ""4"": 11155, ""5"": 8759}",connected
60699,176,20000,0.050000000000000044,0.06644306337460876,-5.567908140211366,0.422652525305748,0.05,1526,"{""0"": 9843, ""1"": 10168, ""2"": 11305, ""3"": 9419, ""4"": 11195, ""5"": 8769}",connected
60799,176,20000,0.050000000000000044,0.06664078552275896,-5.567908140211366,0.4240149772167206,0.05,1526,"{""0"": 9865, ""1"": 10180, ""2"": 11317, ""3"": 9441, ""4"": 11219, ""5"": 8777}",connected
60899,178,20000,0.050000000000000044,0.06546977166086436,-5.558908040020615,0.4287983971834183,0.05,1526,"{""0"": 9884, ""1"": 10194, ""2"": 11333, ""3"": 9464, ""4"": 11231, ""5"": 8793}",connected
60999,178,20000,0.050000000000000044,0.06632308101281524,-5.558908040020615,0.42685341119766235,0.05,1526,"{""0"": 9884, ""1"": 10206, ""2"": 11397, ""3"": 9468, ""4"": 11241, ""5"": 8803}",connected
61099,178,20000,0.050000000000000044,0.06662094488739967,-5.558908040020615,0.4283339437842369,0.05,1526,"{""0"": 9906, ""1"": 10220, ""2"": 11435, ""3"": 9470, ""4"": 11251, ""5"": 8817}",connected
61199,178,20000,0.050000000000000044,0.06527456453070045,-5.558908040020615,0.42834544241428374,0.05,1526,"{""0"": 9946, ""1"": 10225, ""2"": 11468, ""3"": 9480, ""4"": 11255, ""5"": 8825}",connected
61299,178,20000,0.050000000000000044,0.062487755343317984,-5.558908040020615,0.42492359042167666,0.05,1526,"{""0"": 9978, ""1"": 10232, ""2"": 11517, ""3"": 9480, ""4"": 11262, ""5"": 8830}",connected
61399,178,20000,0.050000000000000044,0.06181914245709777,-5.558908040020615,0.4240201705694199,0.05,1526,"{""0"": 9989, ""1"": 10249, ""2"": 11557, ""3"": 9490, ""4"": 11275, ""5"": 8839}",connected
61499,178,20000,0.050000000000000044,0.062164354007691144,-5.558908040020615,0.41970960587263106,0.05,1526,"{""0"": 10010, ""1"": 10271, ""2"": 11602, ""3"": 9495, ""4"": 11277, ""5"": 8844}",connected
61599,180,20000,0.050000000000000044,0.06070321286097169,-5.57441993328277,0.4174325829744339,0.05,1526,"{""0"": 10028, ""1"": 10294, ""2"": 11615, ""3"": 9509, ""4"": 11294, ""5"": 8859}",connected
61699,180,20000,0.050000000000000044,0.06388787440955639,-5.57441993328277,0.42171161860227585,0.05,1526,"{""0"": 10047, ""1"": 10320, ""2"": 11640, ""3"": 9518, ""4"": 11315, ""5"": 8859}",connected
61799,180,20000,0.050000000000000044,0.06796413570642472,-5.57441993328277,0.4278433847427368,0.05,1526,"{""0"": 10048, ""1"": 10349, ""2"": 11659, ""3"": 9531, ""4"": 11347, ""5"": 8865}",connected
61899,180,20000,0.050000000000000044,0.0708374359831214,-5.57441993328277,0.42944466084241867,0.05,1526,"{""0"": 10053, ""1"": 10375, ""2"": 11668, ""3"": 9555, ""4"": 11377, ""5"": 8871}",connected
61999,180,20000,0.050000000000000044,0.07038771426305175,-5.57441993328277,0.4272726047039032,0.05,1526,"{""0"": 10065, ""1"": 10381, ""2"": 11701, ""3"": 9581, ""4"": 11392, ""5"": 8879}",connected
62099,180,20000,0.050000000000000044,0.06652314325794578,-5.57441993328277,0.42771276623010634,0.05,1526,"{""0"": 10067, ""1"": 10399, ""2"": 11715, ""3"": 9604, ""4"": 11425, ""5"": 8889}",connected
62199,180,20000,0.050000000000000044,0.06250477662310004,-5.57441993328277,0.4238824579119682,0.05,1526,"{""0"": 10079, ""1"": 10410, ""2"": 11734, ""3"": 9634, ""4"": 11451, ""5"": 8891}",connected
62299,182,20000,0.050000000000000044,0.06140758186578751,-5.567371405768208,0.42064030200242997,0.05,1526,"{""0"": 10085, ""1"": 10426, ""2"": 11754, ""3"": 9654, ""4"": 11477, ""5"": 8903}",connected
62399,182,20000,0.050000000000000044,0.06274956041947007,-5.567371405768208,0.4282889884710312,0.05,1526,"{""0"": 10091, ""1"": 10432, ""2"": 11773, ""3"": 9666, ""4"": 11512, ""5"": 8925}",connected
62499,182,20000,0.050000000000000044,0.06686696600168944,-5.567371405768208,0.42907237738370896,0.05,1526,"{""0"": 10105, ""1"": 10434, ""2"": 11802, ""3"": 9670, ""4"": 11537, ""5"": 8951}",connected
62599,182,20000,0.050000000000000044,0.06725167935714126,-5.567371405768208,0.42485579192638395,0.05,1526,"{""0"": 10116, ""1"": 10438, ""2"": 11823, ""3"": 9671, ""4"": 11569, ""5"": 8982}",connected
62699,182,20000,0.050000000000000044,0.06840884091332555,-5.567371405768208,0.42582481682300566,0.05,1526,"{""0"": 10124, ""1"": 10467, ""2"": 11865, ""3"": 9677, ""4"": 11579, ""5"": 8987}",connected
62799,182,20000,0.050000000000000044,0.06938305793330074,-5.567371405768208,0.42142869502305985,0.05,1526,"{""0"": 10133, ""1"": 10494, ""2"": 11878, ""3"": 9689, ""4"": 11602, ""5"": 9003}",connected
62899,182,20000,0.050000000000000044,0.06859226774424315,-5.567371405768208,0.41784521102905275,0.05,1526,"{""0"": 10139, ""1"": 10497, ""2"": 11890, ""3"": 9707, ""4"": 11641, ""5"": 9025}",connected
62999,184,20000,0.050000000000000044,0.06566005665808916,-5.582811137950048,0.42058774292469026,0.05,1526,"{""0"": 10145, ""1"": 10501, ""2"": 11914, ""3"": 9728, ""4"": 11675, ""5"": 9036}",connected
63099,184,20000,0.050000000000000044,0.061212661229074004,-5.582811137950048,0.4178552806377411,0.05,1526,"{""0"": 10156, ""1"": 10516, ""2"": 11919, ""3"": 9730, ""4"": 11719, ""5"": 9059}",connected
63199,184,20000,0.050000000000000044,0.05874352354556322,-5.582811137950048,0.4155944609642029,0.05,1526,"{""0"": 10167, ""1"": 10532, ""2"": 11945, ""3"": 9734, ""4"": 11735, ""5"": 9086}",connected
63299,184,20000,0.050000000000000044,0.059167987033724785,-5.582811137950048,0.41203820168972016,0.05,1526,"{""0"": 10184, ""1"": 10543, ""2"": 11972, ""3"": 9750, ""4"": 11764, ""5"": 9086}",connected
63399,184,20000,0.050000000000000044,0.06066196851432323,-5.582811137950048,0.4111235049366951,0.05,1526,"{""0"": 10204, ""1"": 10564, ""2"": 11986, ""3"": 9780, ""4"": 11772, ""5"": 9093}",connected
63499,184,20000,0.050000000000000044,0.06505768099799752,-5.582811137950048,0.41780466854572296,0.05,1526,"{""0"": 10204, ""1"": 10570, ""2"": 12003, ""3"": 9820, ""4"": 11799, ""5"": 9103}",connected
63599,184,20000,0.050000000000000044,0.06946119228377938,-5.582811137950048,0.4166743192076683,0.05,1526,"{""0"": 10204, ""1"": 10582, ""2"": 12041, ""3"": 9852, ""4"": 11814, ""5"": 9106}",connected
63699,184,20000,0.050000000000000044,0.06975300772115588,-5.582811137950048,0.418922643661499,0.05,1526,"{""0"": 10232, ""1"": 10592, ""2"": 12065, ""3"": 9859, ""4"": 11839, ""5"": 9112}",connected
63799,186,20000,0.050000000000000044,0.07332918033003807,-5.7118229761719705,0.41965060263872145,0.05,1526,"{""0"": 10251, ""1"": 10611, ""2"": 12090, ""3"": 9861, ""4"": 11865, ""5"": 9121}",connected
63899,186,20000,0.050000000000000044,0.07427489846944808,-5.7118229761719705,0.41561497628688815,0.05,1526,"{""0"": 10262, ""1"": 10621, ""2"": 12116, ""3"": 9867, ""4"": 11899, ""5"": 9134}",connected
63999,186,20000,0.050000000000000044,0.06791642976924778,-5.7118229761719705,0.41324901044368745,0.05,1526,"{""0"": 10275, ""1"": 10635, ""2"": 12133, ""3"": 9881, ""4"": 11914, ""5"": 9161}",connected
64099,186,20000,0.050000000000000044,0.0683974559418857,-5.7118229761719705,0.4093824556469917,0.05,1526,"{""0"": 10283, ""1"": 10650, ""2"": 12160, ""3"": 9893, ""4"": 11936, ""5"": 9177}",connected
64199,186,20000,0.050000000000000044,0.06316498616710305,-5.7118229761719705,0.4062910538911819,0.05,1526,"{""0"": 10295, ""1"": 10654, ""2"": 12179, ""3"": 9927, ""4"": 11959, ""5"": 9185}",connected
64299,186,20000,0.050000000000000044,0.05504338139668107,-5.7118229761719705,0.4053498268127441,0.05,1526,"{""0"": 10315, ""1"": 10676, ""2"": 12200, ""3"": 9951, ""4"": 11971, ""5"": 9186}",connected
64399,186,20000,0.050000000000000044,0.05596772946417332,-5.7118229761719705,0.4090970504283905,0.05,1526,"{""0"": 10325, ""1"": 10702, ""2"": 12214, ""3"": 9973, ""4"": 11984, ""5"": 9201}",connected
64499,188,20000,0.050000000000000044,0.05259895075112581,-5.74698292945046,0.414045921266079,0.05,1526,"{""0"": 10350, ""1"": 10715, ""2"": 12227, ""3"": 9982, ""4"": 12017, ""5"": 9208}",connected
64599,188,20000,0.050000000000000044,0.053369877953082324,-5.74698292945046,0.4128349593281746,0.05,1526,"{""0"": 10353, ""1"": 10739, ""2"": 12238, ""3"": 9998, ""4"": 12053, ""5"": 9218}",connected
64699,188,20000,0.050000000000000044,0.05796020163223147,-5.74698292945046,0.4138224023580551,0.05,1526,"{""0"": 10359, ""1"": 10759, ""2"": 12275, ""3"": 10021, ""4"": 12067, ""5"": 9218}",connected
64799,188,20000,0.050000000000000044,0.06358455469831824,-5.74698292945046,0.41401441872119904,0.05,1526,"{""0"": 10369, ""1"": 10784, ""2"": 12300, ""3"": 10033, ""4"": 12091, ""5"": 9222}",connected
64899,188,20000,0.050000000000000044,0.06063444858416915,-5.74698292945046,0.41145761638879774,0.05,1526,"{""0"": 10396, ""1"": 10802, ""2"": 12329, ""3"": 10040, ""4"": 12107, ""5"": 9225}",connected
64999,188,20000,0.050000000000000044,0.0632246494293213,-5.74698292945046,0.41528976857662203,0.05,1526,"{""0"": 10408, ""1"": 10809, ""2"": 12340, ""3"": 10062, ""4"": 12146, ""5"": 9234}",connected
65099,188,20000,0.050000000000000044,0.0649366949312389,-5.74698292945046,0.41573548436164853,0.05,1526,"{""0"": 10434, ""1"": 10815, ""2"": 12357, ""3"": 10079, ""4"": 12173, ""5"": 9241}",connected
65199,190,20000,0.050000000000000044,0.06786973174661398,-5.876360551347025,0.4161979848146439,0.05,1526,"{""0"": 10441, ""1"": 10843, ""2"": 12383, ""3"": 10080, ""4"": 12203, ""5"": 9249}",connected
65299,190,20000,0.050000000000000044,0.07376472558826208,-5.876360551347025,0.4213903445005417,0.05,1526,"{""0"": 10448, ""1"": 10852, ""2"": 12407, ""3"": 10082, ""4"": 12231, ""5"": 9279}",connected
65399,190,20000,0.050000000000000044,0.07330608593299985,-5.876360551347025,0.4190415868163109,0.05,1526,"{""0"": 10463, ""1"": 10852, ""2"": 12420, ""3"": 10090, ""4"": 12266, ""5"": 9308}",connected
65499,190,20000,0.050000000000000044,0.0715447697415948,-5.876360551347025,0.4235485035181046,0.05,1526,"{""0"": 10475, ""1"": 10857, ""2"": 12447, ""3"": 10107, ""4"": 12272, ""5"": 9341}",connected
65599,190,20000,0.050000000000000044,0.06214496627449989,-5.876360551347025,0.4231302654743195,0.05,1526,"{""0"": 10479, ""1"": 10875, ""2"": 12470, ""3"": 10119, ""4"": 12281, ""5"": 9375}",connected
65699,190,20000,0.050000000000000044,0.06271465223282575,-5.876360551347025,0.41705427557229996,0.05,1526,"{""0"": 10482, ""1"": 10887, ""2"": 12484, ""3"": 10132, ""4"": 12310, ""5"": 9404}",connected
65799,190,20000,0.050000000000000044,0.06003911407664418,-5.876360551347025,0.42048484951257703,0.05,1526,"{""0"": 10482, ""1"": 10887, ""2"": 12536, ""3"": 10132, ""4"": 12358, ""5"": 9404}",connected
65899,192,20000,0.050000000000000044,0.05829777278006077,-5.907952818153426,0.41749791741371156,0.05,1526,"{""0"": 10491, ""1"": 10902, ""2"": 12583, ""3"": 10136, ""4"": 12371, ""5"": 9416}",connected
65999,192,20000,0.050000000000000044,0.06281450720503927,-5.907952818153426,0.417613587975502,0.05,1526,"{""0"": 10498, ""1"": 10933, ""2"": 12598, ""3"": 10161, ""4"": 12388, ""5"": 9421}",connected
66099,192,20000,0.050000000000000044,0.05874750109389424,-5.907952818153426,0.418721165060997,0.05,1526,"{""0"": 10510, ""1"": 10948, ""2"": 12631, ""3"": 10176, ""4"": 12413, ""5"": 9421}",connected
66199,192,20000,0.050000000000000044,0.06092540919780731,-5.907952818153426,0.41610533237457276,0.05,1526,"{""0"": 10518, ""1"": 10973, ""2"": 12656, ""3"": 10196, ""4"": 12435, ""5"": 9421}",connected
66299,192,20000,0.050000000000000044,0.05815033186227083,-5.907952818153426,0.4130012920498848,0.05,1526,"{""0"": 10534, ""1"": 10995, ""2"": 12685, ""3"": 10198, ""4"": 12462, ""5"": 9425}",connected
66399,192,20000,0.050000000000000044,0.053215667977929114,-5.907952818153426,0.40797765463590624,0.05,1526,"{""0"": 10544, ""1"": 11017, ""2"": 12707, ""3"": 10210, ""4"": 12488, ""5"": 9433}",connected
66499,192,20000,0.050000000000000044,0.0556288793310523,-5.907952818153426,0.4071889904141426,0.05,1526,"{""0"": 10562, ""1"": 11030, ""2"": 12756, ""3"": 10217, ""4"": 12494, ""5"": 9440}",connected
66599,194,20000,0.050000000000000044,0.05720955913886428,-6.017054253942333,0.40575760245323184,0.05,1526,"{""0"": 10580, ""1"": 11034, ""2"": 12803, ""3"": 10224, ""4"": 12508, ""5"": 9450}",connected
66699,194,20000,0.050000000000000044,0.0629395872540772,-6.017054253942333,0.4076887148618698,0.05,1526,"{""0"": 10599, ""1"": 11054, ""2"": 12807, ""3"": 10227, ""4"": 12545, ""5"": 9467}",connected
66799,194,20000,0.050000000000000044,0.06594191705808043,-6.017054253942333,0.412774161696434,0.05,1526,"{""0"": 10612, ""1"": 11081, ""2"": 12842, ""3"": 10244, ""4"": 12547, ""5"": 9473}",connected
66899,194,20000,0.050000000000000044,0.06421738304197788,-6.017054253942333,0.40553580075502393,0.05,1526,"{""0"": 10629, ""1"": 11086, ""2"": 12878, ""3"": 10254, ""4"": 12575, ""5"": 9477}",connected
66999,194,20000,0.050000000000000044,0.06318242838606239,-6.017054253942333,0.4071852505207062,0.05,1526,"{""0"": 10643, ""1"": 11089, ""2"": 12908, ""3"": 10278, ""4"": 12602, ""5"": 9479}",connected
67099,194,20000,0.050000000000000044,0.05906154626980424,-6.017054253942333,0.4049452543258667,0.05,1526,"{""0"": 10673, ""1"": 11103, ""2"": 12927, ""3"": 10297, ""4"": 12613, ""5"": 9486}",connected
67199,194,20000,0.050000000000000044,0.05946072239428759,-6.017054253942333,0.40242079466581343,0.05,1526,"{""0"": 10698, ""1"": 11115, ""2"": 12953, ""3"": 10319, ""4"": 12620, ""5"": 9494}",connected
67299,196,20000,0.050000000000000044,0.06153349256142974,-6.152226367238909,0.4123566451668739,0.05,1526,"{""0"": 10724, ""1"": 11135, ""2"": 12964, ""3"": 10332, ""4"": 12649, ""5"": 9495}",connected
67399,196,20000,0.050000000000000044,0.0597472077049315,-6.152226367238909,0.4077377325296402,0.05,1526,"{""0"": 10750, ""1"": 11144, ""2"": 12991, ""3"": 10336, ""4"": 12678, ""5"": 9500}",connected
67499,196,20000,0.050000000000000044,0.06686199150979519,-6.152226367238909,0.4059683704376221,0.05,1526,"{""0"": 10762, ""1"": 11159, ""2"": 13016, ""3"": 10357, ""4"": 12698, ""5"": 9507}",connected
67599,196,20000,0.050000000000000044,0.06946968555450439,-6.152226367238909,0.4053055408596993,0.05,1526,"{""0"": 10773, ""1"": 11175, ""2"": 13039, ""3"": 10384, ""4"": 12718, ""5"": 9510}",connected
67699,196,20000,0.050000000000000044,0.06579825894907117,-6.152226367238909,0.39550172418355944,0.05,1526,"{""0"": 10783, ""1"": 11193, ""2"": 13069, ""3"": 10394, ""4"": 12739, ""5"": 9521}",connected
67799,196,20000,0.050000000000000044,0.0666115908883512,-6.152226367238909,0.39661077499389646,0.05,1526,"{""0"": 10804, ""1"": 11204, ""2"": 13086, ""3"": 10412, ""4"": 12762, ""5"": 9531}",connected
67899,196,20000,0.050000000000000044,0.06280665351077915,-6.152226367238909,0.39770462036132814,0.05,1526,"{""0"": 10811, ""1"": 11227, ""2"": 13106, ""3"": 10431, ""4"": 12783, ""5"": 9541}",connected
67999,196,20000,0.050000000000000044,0.06059988453984261,-6.152226367238909,0.39357863456010816,0.05,1526,"{""0"": 10834, ""1"": 11252, ""2"": 13129, ""3"": 10454, ""4"": 12788, ""5"": 9542}",connected
68099,198,20000,0.050000000000000044,0.0691739685460925,-6.12178900161758,0.3981404516100884,0.05,1526,"{""0"": 10849, ""1"": 11274, ""2"": 13137, ""3"": 10465, ""4"": 12819, ""5"": 9555}",connected
68199,198,20000,0.050000000000000044,0.07071716856211424,-6.12178900161758,0.3962594935297966,0.05,1526,"{""0"": 10868, ""1"": 11283, ""2"": 13161, ""3"": 10485, ""4"": 12833, ""5"": 9569}",connected
68299,198,20000,0.050000000000000044,0.07054829921573401,-6.12178900161758,0.3938960897922516,0.05,1526,"{""0"": 10873, ""1"": 11288, ""2"": 13182, ""3"": 10511, ""4"": 12865, ""5"": 9580}",connected
68399,198,20000,0.050000000000000044,0.0728244285658002,-6.12178900161758,0.399130839407444,0.05,1526,"{""0"": 10886, ""1"": 11311, ""2"": 13215, ""3"": 10516, ""4"": 12889, ""5"": 9582}",connected
68499,198,20000,0.050000000000000044,0.06712611163035036,-6.12178900161758,0.3970778599381447,0.05,1526,"{""0"": 10896, ""1"": 11323, ""2"": 13251, ""3"": 10534, ""4"": 12909, ""5"": 9586}",connected
68599,198,20000,0.050000000000000044,0.06374229215085507,-6.12178900161758,0.40088881433010104,0.05,1526,"{""0"": 10906, ""1"": 11323, ""2"": 13302, ""3"": 10544, ""4"": 12931, ""5"": 9593}",connected
68699,198,20000,0.050000000000000044,0.06458302354440093,-6.12178900161758,0.40656472712755204,0.05,1526,"{""0"": 10911, ""1"": 11325, ""2"": 13350, ""3"": 10552, ""4"": 12959, ""5"": 9602}",connected
68799,200,20000,0.050000000000000044,0.06096041290089488,-6.083787964237854,0.4068781271576881,0.05,1526,"{""0"": 10919, ""1"": 11331, ""2"": 13374, ""3"": 10570, ""4"": 12978, ""5"": 9627}",connected
68899,200,20000,0.050000000000000044,0.0572749712690711,-6.083787964237854,0.405209818482399,0.05,1526,"{""0"": 10929, ""1"": 11358, ""2"": 13393, ""3"": 10593, ""4"": 12990, ""5"": 9636}",connected
68999,200,20000,0.050000000000000044,0.05837143601849675,-6.083787964237854,0.40224054783582686,0.05,1526,"{""0"": 10932, ""1"": 11361, ""2"": 13428, ""3"": 10604, ""4"": 13036, ""5"": 9638}",connected
69099,200,20000,0.050000000000000044,0.053769332673400644,-6.083787964237854,0.398794467151165,0.05,1526,"{""0"": 10935, ""1"": 11369, ""2"": 13461, ""3"": 10625, ""4"": 13068, ""5"": 9641}",connected
69199,200,20000,0.050000000000000044,0.052386820055544375,-6.083787964237854,0.3954659125208855,0.05,1526,"{""0"": 10954, ""1"": 11388, ""2"": 13491, ""3"": 10642, ""4"": 13079, ""5"": 9645}",connected
69299,200,20000,0.050000000000000044,0.0577945919893682,-6.083787964237854,0.39446114510297775,0.05,1526,"{""0"": 10963, ""1"": 11391, ""2"": 13521, ""3"": 10678, ""4"": 13101, ""5"": 9645}",connected
69399,200,20000,0.050000000000000044,0.06127250663936138,-6.083787964237854,0.39990247517824173,0.05,1526,"{""0"": 10965, ""1"": 11407, ""2"": 13533, ""3"": 10709, ""4"": 13126, ""5"": 9659}",connected
69499,202,20000,0.050000000000000044,0.060036284867674115,-6.053279461544007,0.4003038814663887,0.05,1526,"{""0"": 10974, ""1"": 11422, ""2"": 13552, ""3"": 10726, ""4"": 13158, ""5"": 9667}",connected
69599,202,20000,0.050000000000000044,0.06437937725335359,-6.053279461544007,0.4021890386939049,0.05,1526,"{""0"": 10991, ""1"": 11447, ""2"": 13569, ""3"": 10739, ""4"": 13183, ""5"": 9670}",connected
69699,202,20000,0.050000000000000044,0.06401477601379156,-6.053279461544007,0.40182839274406434,0.05,1526,"{""0"": 10997, ""1"": 11473, ""2"": 13596, ""3"": 10755, ""4"": 13195, ""5"": 9683}",connected
69799,202,20000,0.050000000000000044,0.0617503397539258,-6.053279461544007,0.39875163435935973,0.05,1526,"{""0"": 11006, ""1"": 11480, ""2"": 13630, ""3"": 10775, ""4"": 13222, ""5"": 9686}",connected
69899,202,20000,0.050000000000000044,0.05954615915194154,-6.053279461544007,0.3973381698131561,0.05,1526,"{""0"": 11025, ""1"": 11485, ""2"": 13645, ""3"": 10799, ""4"": 13248, ""5"": 9697}",connected
69999,202,20000,0.050000000000000044,0.052205620985478166,-6.053279461544007,0.397276771068573,0.05,1526,"{""0"": 11025, ""1"": 11496, ""2"": 13659, ""3"": 10813, ""4"": 13282, ""5"": 9724}",connected
70099,202,20000,0.050000000000000044,0.04677815148606897,-6.053279461544007,0.4027721580862999,0.05,1526,"{""0"": 11047, ""1"": 11511, ""2"": 13682, ""3"": 10821, ""4"": 13300, ""5"": 9738}",connected
70199,204,20000,0.050000000000000044,0.04484833084046841,-6.074149301867001,0.40304558545351027,0.05,1526,"{""0"": 11071, ""1"": 11521, ""2"": 13692, ""3"": 10829, ""4"": 13339, ""5"": 9747}",connected
70299,204,20000,0.050000000000000044,0.050674355011433365,-6.074149301867001,0.40098044246435166,0.05,1526,"{""0"": 11104, ""1"": 11525, ""2"": 13698, ""3"": 10838, ""4"": 13371, ""5"": 9763}",connected
70399,204,20000,0.050000000000000044,0.05372561251744628,-6.074149301867001,0.39778053998947144,0.05,1526,"{""0"": 11121, ""1"": 11532, ""2"": 13702, ""3"": 10859, ""4"": 13387, ""5"": 9798}",connected
70499,204,20000,0.050000000000000044,0.05609599621966481,-6.074149301867001,0.3943763759732246,0.05,1526,"{""0"": 11122, ""1"": 11540, ""2"": 13725, ""3"": 10897, ""4"": 13404, ""5"": 9811}",connected
70599,204,20000,0.050000000000000044,0.06445303350687027,-6.074149301867001,0.3902044060826302,0.05,1526,"{""0"": 11141, ""1"": 11546, ""2"": 13735, ""3"": 10922, ""4"": 13435, ""5"": 9820}",connected
70699,204,20000,0.050000000000000044,0.06502268586307763,-6.074149301867001,0.39579476952552795,0.05,1526,"{""0"": 11143, ""1"": 11554, ""2"": 13756, ""3"": 10967, ""4"": 13451, ""5"": 9828}",connected
70799,204,20000,0.050000000000000044,0.06841819826513529,-6.074149301867001,0.3961393094062805,0.05,1526,"{""0"": 11143, ""1"": 11565, ""2"": 13789, ""3"": 10998, ""4"": 13451, ""5"": 9853}",connected
70899,206,20000,0.050000000000000044,0.07264529135078192,-6.155891586751677,0.3977172130346298,0.05,1526,"{""0"": 11145, ""1"": 11577, ""2"": 13823, ""3"": 11025, ""4"": 13467, ""5"": 9862}",connected
70999,206,20000,0.050000000000000044,0.06668975558131933,-6.155891586751677,0.3969040271639824,0.05,1526,"{""0"": 11175, ""1"": 11586, ""2"": 13841, ""3"": 11041, ""4"": 13486, ""5"": 9870}",connected
71099,206,20000,0.050000000000000044,0.06419361140578986,-6.155891586751677,0.38873800456523894,0.05,1526,"{""0"": 11189, ""1"": 11600, ""2"": 13855, ""3"": 11075, ""4"": 13506, ""5"": 9874}",connected
71199,206,20000,0.050000000000000044,0.0590950377844274,-6.155891586751677,0.3877795472741127,0.05,1526,"{""0"": 11196, ""1"": 11646, ""2"": 13862, ""3"": 11110, ""4"": 13510, ""5"": 9875}",connected
71299,206,20000,0.050000000000000044,0.056423165705055,-6.155891586751677,0.385786164700985,0.05,1526,"{""0"": 11200, ""1"": 11689, ""2"": 13872, ""3"": 11130, ""4"": 13530, ""5"": 9878}",connected
71399,206,20000,0.050000000000000044,0.05690046090632677,-6.155891586751677,0.3874891820549965,0.05,1526,"{""0"": 11200, ""1"": 11731, ""2"": 13886, ""3"": 11156, ""4"": 13546, ""5"": 9880}",connected
71499,206,20000,0.050000000000000044,0.06397536031901836,-6.155891586751677,0.3910494804382324,0.05,1526,"{""0"": 11202, ""1"": 11749, ""2"": 13898, ""3"": 11211, ""4"": 13556, ""5"": 9883}",connected
71599,208,20000,0.050000000000000044,0.06627740239724517,-6.143724027038552,0.39120259702205656,0.05,1526,"{""0"": 11204, ""1"": 11790, ""2"": 13900, ""3"": 11257, ""4"": 13558, ""5"": 9890}",connected
71699,208,20000,0.050000000000000044,0.06540756452828646,-6.143724027038552,0.3904941627383232,0.05,1526,"{""0"": 11226, ""1"": 11794, ""2"": 13915, ""3"": 11262, ""4"": 13586, ""5"": 9916}",connected
71799,208,20000,0.050000000000000044,0.06183473067358136,-6.143724027038552,0.3898299303650856,0.05,1526,"{""0"": 11257, ""1"": 11806, ""2"": 13932, ""3"": 11274, ""4"": 13604, ""5"": 9926}",connected
71899,208,20000,0.050000000000000044,0.05917975403368473,-6.143724027038552,0.3858550715446472,0.05,1526,"{""0"": 11275, ""1"": 11834, ""2"": 13939, ""3"": 11298, ""4"": 13625, ""5"": 9928}",connected
71999,208,20000,0.050000000000000044,0.055818403456360105,-6.143724027038552,0.3877671444416046,0.05,1526,"{""0"": 11292, ""1"": 11862, ""2"": 13955, ""3"": 11304, ""4"": 13641, ""5"": 9945}",connected
72099,208,20000,0.050000000000000044,0.05405029466375708,-6.143724027038552,0.38490834772586824,0.05,1526,"{""0"": 11301, ""1"": 11895, ""2"": 13981, ""3"": 11313, ""4"": 13661, ""5"": 9948}",connected
72199,208,20000,0.050000000000000044,0.05603477168828249,-6.143724027038552,0.38564179599285126,0.05,1526,"{""0"": 11311, ""1"": 11905, ""2"": 13998, ""3"": 11342, ""4"": 13681, ""5"": 9962}",connected
72299,208,20000,0.050000000000000044,0.0550943068228662,-6.143724027038552,0.3838456705212593,0.05,1526,"{""0"": 11319, ""1"": 11919, ""2"": 14028, ""3"": 11365, ""4"": 13693, ""5"": 9975}",connected
72399,210,20000,0.050000000000000044,0.060165972895920274,-6.173927257871255,0.3804072821140289,0.05,1526,"{""0"": 11347, ""1"": 11930, ""2"": 14051, ""3"": 11371, ""4"": 13718, ""5"": 9982}",connected
72499,210,20000,0.050000000000000044,0.0645446664839983,-6.173927257871255,0.3858570033311844,0.05,1526,"{""0"": 11363, ""1"": 11951, ""2"": 14069, ""3"": 11395, ""4"": 13727, ""5"": 9994}",connected
72599,210,20000,0.050000000000000044,0.0644258807785809,-6.173927257871255,0.3839722457528114,0.05,1526,"{""0"": 11396, ""1"": 11955, ""2"": 14092, ""3"": 11423, ""4"": 13738, ""5"": 9995}",connected
72699,210,20000,0.050000000000000044,0.06152785062789917,-6.173927257871255,0.38519333451986315,0.05,1526,"{""0"": 11422, ""1"": 11955, ""2"": 14128, ""3"": 11437, ""4"": 13758, ""5"": 9999}",connected
72799,212,20000,0.050000000000000044,0.06360969629138707,-6.055514603285119,0.38736013531684876,0.05,1526,"{""0"": 11435, ""1"": 11966, ""2"": 14162, ""3"": 11447, ""4"": 13783, ""5"": 10006}",connected
72899,212,20000,0.050000000000000044,0.06562237147241831,-6.055514603285119,0.3869857394695282,0.05,1526,"{""0"": 11450, ""1"": 11982, ""2"": 14186, ""3"": 11459, ""4"": 13810, ""5"": 10012}",connected
72999,212,20000,0.050000000000000044,0.06761184453964234,-6.055514603285119,0.3883869495987892,0.05,1526,"{""0"": 11453, ""1"": 11987, ""2"": 14216, ""3"": 11486, ""4"": 13824, ""5"": 10033}",connected
73099,212,20000,0.050000000000000044,0.06996368845924734,-6.055514603285119,0.39012288898229597,0.05,1526,"{""0"": 11470, ""1"": 12006, ""2"": 14233, ""3"": 11501, ""4"": 13853, ""5"": 10036}",connected
73199,212,20000,0.050000000000000044,0.06421331282705069,-6.055514603285119,0.3881451991200447,0.05,1526,"{""0"": 11490, ""1"": 12014, ""2"": 14246, ""3"": 11521, ""4"": 13880, ""5"": 10048}",connected
73299,212,20000,0.050000000000000044,0.059852873142808675,-6.055514603285119,0.3871721974015236,0.05,1526,"{""0"": 11506, ""1"": 12030, ""2"": 14278, ""3"": 11537, ""4"": 13888, ""5"": 10060}",connected
73399,212,20000,0.050000000000000044,0.058185889329761264,-6.055514603285119,0.38517263531684875,0.05,1526,"{""0"": 11521, ""1"": 12045, ""2"": 14292, ""3"": 11565, ""4"": 13912, ""5"": 10064}",connected
73499,214,20000,0.050000000000000044,0.05249006200581789,-6.182615078622475,0.38603203266859054,0.05,1526,"{""0"": 11539, ""1"": 12057, ""2"": 14305, ""3"": 11597, ""4"": 13926, ""5"": 10075}",connected
73599,214,20000,0.050000000000000044,0.053833909258246423,-6.182615078622475,0.3889569470286369,0.05,1526,"{""0"": 11549, ""1"": 12066, ""2"": 14320, ""3"": 11631, ""4"": 13950, ""5"": 10083}",connected
73699,214,20000,0.050000000000000044,0.0525978184491396,-6.182615078622475,0.38912694305181506,0.05,1526,"{""0"": 11567, ""1"": 12085, ""2"": 14331, ""3"": 11644, ""4"": 13989, ""5"": 10083}",connected
73799,214,20000,0.050000000000000044,0.057392688635736704,-6.182615078622475,0.3900968042016029,0.05,1526,"{""0"": 11590, ""1"": 12105, ""2"": 14349, ""3"": 11653, ""4"": 14005, ""5"": 10097}",connected
73899,214,20000,0.050000000000000044,0.057900135088711974,-6.182615078622475,0.38853750735521314,0.05,1526,"{""0"": 11624, ""1"": 12109, ""2"": 14357, ""3"": 11659, ""4"": 14037, ""5"": 10113}",connected
73999,214,20000,0.050000000000000044,0.06608200373128056,-6.182615078622475,0.38688874781131743,0.05,1526,"{""0"": 11643, ""1"": 12127, ""2"": 14385, ""3"": 11676, ""4"": 14045, ""5"": 10123}",connected
74099,214,20000,0.050000000000000044,0.06697371581569314,-6.182615078622475,0.38476449698209764,0.05,1526,"{""0"": 11669, ""1"": 12149, ""2"": 14402, ""3"": 11687, ""4"": 14062, ""5"": 10130}",connected
74199,216,20000,0.050000000000000044,0.06480493383482099,-6.1495289370138195,0.38854536443948745,0.05,1526,"{""0"": 11676, ""1"": 12177, ""2"": 14407, ""3"": 11716, ""4"": 14085, ""5"": 10138}",connected
74299,216,20000,0.050000000000000044,0.06798896074295044,-6.1495289370138195,0.39086513459682465,0.05,1526,"{""0"": 11703, ""1"": 12188, ""2"": 14424, ""3"": 11737, ""4"": 14107, ""5"": 10140}",connected
74399,216,20000,0.050000000000000044,0.06118387922644615,-6.1495289370138195,0.38693265587091447,0.05,1526,"{""0"": 11729, ""1"": 12195, ""2"": 14439, ""3"": 11761, ""4"": 14131, ""5"": 10144}",connected
74499,216,20000,0.050000000000000044,0.06003591321408749,-6.1495289370138195,0.3841037079691887,0.05,1526,"{""0"": 11750, ""1"": 12203, ""2"": 14448, ""3"": 11769, ""4"": 14154, ""5"": 10175}",connected
74599,216,20000,0.050000000000000044,0.057791381645947694,-6.1495289370138195,0.3767350259423256,0.05,1526,"{""0"": 11762, ""1"": 12207, ""2"": 14506, ""3"": 11783, ""4"": 14163, ""5"": 10178}",connected
74699,218,20000,0.050000000000000044,0.05872730592265725,-6.037043179571628,0.37218589812517167,0.05,1526,"{""0"": 11765, ""1"": 12212, ""2"": 14532, ""3"": 11808, ""4"": 14196, ""5"": 10186}",connected
74799,218,20000,0.050000000000000044,0.05680477799847722,-6.037043179571628,0.37266954123973844,0.05,1526,"{""0"": 11771, ""1"": 12234, ""2"": 14547, ""3"": 11811, ""4"": 14227, ""5"": 10209}",connected
74899,218,20000,0.050000000000000044,0.06091255018487573,-6.037043179571628,0.37397986233234404,0.05,1526,"{""0"": 11775, ""1"": 12246, ""2"": 14575, ""3"": 11849, ""4"": 14245, ""5"": 10209}",connected
74999,218,20000,0.050000000000000044,0.06208166403695941,-6.037043179571628,0.3741513821482658,0.05,1526,"{""0"": 11788, ""1"": 12265, ""2"": 14599, ""3"": 11861, ""4"": 14268, ""5"": 10218}",connected
75099,218,20000,0.050000000000000044,0.0606526561640203,-6.037043179571628,0.3763034614920616,0.05,1526,"{""0"": 11811, ""1"": 12294, ""2"": 14609, ""3"": 11869, ""4"": 14280, ""5"": 10236}",connected
75199,218,20000,0.050000000000000044,0.05956755585968494,-6.037043179571628,0.37687526375055314,0.05,1526,"{""0"": 11828, ""1"": 12306, ""2"": 14630, ""3"": 11891, ""4"": 14302, ""5"": 10242}",connected
75299,218,20000,0.050000000000000044,0.058712005615234375,-6.037043179571628,0.38030835390090945,0.05,1526,"{""0"": 11856, ""1"": 12325, ""2"": 14649, ""3"": 11899, ""4"": 14324, ""5"": 10246}",connected
75399,220,20000,0.050000000000000044,0.059505811166018246,-6.050289998226799,0.3846870550513268,0.05,1526,"{""0"": 11876, ""1"": 12348, ""2"": 14663, ""3"": 11911, ""4"": 14354, ""5"": 10247}",connected
75499,220,20000,0.050000000000000044,0.060236985329538584,-6.050289998226799,0.3824492985010147,0.05,1526,"{""0"": 11895, ""1"": 12361, ""2"": 14678, ""3"": 11925, ""4"": 14390, ""5"": 10250}",connected
75599,220,20000,0.050000000000000044,0.06720411801710725,-6.050289998226799,0.3833558091521263,0.05,1526,"{""0"": 11920, ""1"": 12367, ""2"": 14703, ""3"": 11936, ""4"": 14420, ""5"": 10253}",connected
75699,220,20000,0.050000000000000044,0.06599298976361752,-6.050289998226799,0.378858160674572,0.05,1526,"{""0"": 11950, ""1"": 12391, ""2"": 14723, ""3"": 11937, ""4"": 14434, ""5"": 10264}",connected
75799,220,20000,0.050000000000000044,0.06222795404493809,-6.050289998226799,0.3764300388097763,0.05,1526,"{""0"": 11965, ""1"": 12403, ""2"": 14746, ""3"": 11958, ""4"": 14446, ""5"": 10281}",connected
75899,220,20000,0.050000000000000044,0.06434561476111413,-6.050289998226799,0.37919089645147325,0.05,1526,"{""0"": 11975, ""1"": 12424, ""2"": 14762, ""3"": 11973, ""4"": 14473, ""5"": 10292}",connected
75999,220,20000,0.050000000000000044,0.05846042511984706,-6.050289998226799,0.37808746069669724,0.05,1526,"{""0"": 11981, ""1"": 12439, ""2"": 14798, ""3"": 11984, ""4"": 14496, ""5"": 10301}",connected
76099,220,20000,0.050000000000000044,0.05720734380185604,-6.050289998226799,0.38184870034456253,0.05,1526,"{""0"": 11988, ""1"": 12454, ""2"": 14820, ""3"": 12007, ""4"": 14511, ""5"": 10319}",connected
76199,222,20000,0.050000000000000044,0.058839245345443485,-5.941635862877592,0.3763560351729393,0.05,1526,"{""0"": 12019, ""1"": 12465, ""2"": 14831, ""3"": 12017, ""4"": 14536, ""5"": 10331}",connected
76299,222,20000,0.050000000000000044,0.05669555837288499,-5.941635862877592,0.37580775856971743,0.05,1526,"{""0"": 12036, ""1"": 12478, ""2"": 14853, ""3"": 12041, ""4"": 14548, ""5"": 10343}",connected
76399,222,20000,0.050000000000000044,0.0614470199495554,-5.941635862877592,0.37872862696647647,0.05,1526,"{""0"": 12058, ""1"": 12495, ""2"": 14865, ""3"": 12053, ""4"": 14582, ""5"": 10346}",connected
76499,222,20000,0.050000000000000044,0.06540237056091427,-5.941635862877592,0.379054973423481,0.05,1526,"{""0"": 12094, ""1"": 12509, ""2"": 14877, ""3"": 12066, ""4"": 14600, ""5"": 10353}",connected
76599,222,20000,0.050000000000000044,0.06406097412109375,-5.941635862877592,0.38663178861141206,0.05,1526,"{""0"": 12110, ""1"": 12522, ""2"": 14883, ""3"": 12081, ""4"": 14631, ""5"": 10372}",connected
76699,222,20000,0.050000000000000044,0.06441342504695058,-5.941635862877592,0.3862188357114792,0.05,1526,"{""0"": 12130, ""1"": 12526, ""2"": 14898, ""3"": 12112, ""4"": 14653, ""5"": 10380}",connected
76799,222,20000,0.050000000000000044,0.0626918488368392,-5.941635862877592,0.38020491987466815,0.05,1526,"{""0"": 12172, ""1"": 12526, ""2"": 14936, ""3"": 12124, ""4"": 14659, ""5"": 10382}",connected
76899,224,20000,0.050000000000000044,0.0641592451184988,-6.004563646530732,0.3758620828390121,0.05,1526,"{""0"": 12204, ""1"": 12533, ""2"": 14964, ""3"": 12137, ""4"": 14675, ""5"": 10386}",connected
76999,224,20000,0.050000000000000044,0.06615257846191526,-6.004563646530732,0.37553094297647477,0.05,1526,"{""0"": 12228, ""1"": 12544, ""2"": 14972, ""3"": 12145, ""4"": 14718, ""5"": 10392}",connected
77099,224,20000,0.050000000000000044,0.06682573350146413,-6.004563646530732,0.374615917801857,0.05,1526,"{""0"": 12233, ""1"": 12567, ""2"": 15000, ""3"": 12173, ""4"": 14726, ""5"": 10400}",connected
77199,224,20000,0.050000000000000044,0.06418554186820984,-6.004563646530732,0.38182098120450975,0.05,1526,"{""0"": 12239, ""1"": 12595, ""2"": 15010, ""3"": 12195, ""4"": 14756, ""5"": 10404}",connected
77299,224,20000,0.050000000000000044,0.058014934938400986,-6.004563646530732,0.3836133170127869,0.05,1526,"{""0"": 12240, ""1"": 12611, ""2"": 15037, ""3"": 12223, ""4"": 14776, ""5"": 10412}",connected
77399,224,20000,0.050000000000000044,0.06011720096692443,-6.004563646530732,0.37613536298274997,0.05,1526,"{""0"": 12242, ""1"": 12644, ""2"": 15057, ""3"": 12238, ""4"": 14780, ""5"": 10438}",connected
77499,224,20000,0.050000000000000044,0.05814051821827888,-6.004563646530732,0.3778465533256531,0.05,1526,"{""0"": 12246, ""1"": 12673, ""2"": 15074, ""3"": 12271, ""4"": 14780, ""5"": 10455}",connected
77599,226,20000,0.050000000000000044,0.06258917892351747,-6.107047033756971,0.3723915734887123,0.05,1526,"{""0"": 12263, ""1"": 12699, ""2"": 15085, ""3"": 12288, ""4"": 14804, ""5"": 10460}",connected
77699,226,20000,0.050000000000000044,0.06504241129383445,-6.107047033756971,0.3689883434772491,0.05,1526,"{""0"": 12284, ""1"": 12713, ""2"": 15104, ""3"": 12303, ""4"": 14823, ""5"": 10472}",connected
77799,226,20000,0.050000000000000044,0.06219476848840713,-6.107047033756971,0.3713825598359108,0.05,1526,"{""0"": 12297, ""1"": 12740, ""2"": 15119, ""3"": 12319, ""4"": 14843, ""5"": 10481}",connected
77899,226,20000,0.050000000000000044,0.06469388013705611,-6.107047033756971,0.37007987141609194,0.05,1526,"{""0"": 12302, ""1"": 12752, ""2"": 15157, ""3"": 12325, ""4"": 14880, ""5"": 10483}",connected
77999,226,20000,0.050000000000000044,0.06142996076494455,-6.107047033756971,0.3725147974491119,0.05,1526,"{""0"": 12317, ""1"": 12766, ""2"": 15175, ""3"": 12345, ""4"": 14902, ""5"": 10494}",connected
78099,226,20000,0.050000000000000044,0.06306896705180406,-6.107047033756971,0.3755034276843071,0.05,1526,"{""0"": 12334, ""1"": 12782, ""2"": 15200, ""3"": 12365, ""4"": 14921, ""5"": 10497}",connected
78199,226,20000,0.050000000000000044,0.06544022129848599,-6.107047033756971,0.3775709518790245,0.05,1526,"{""0"": 12354, ""1"": 12794, ""2"": 15225, ""3"": 12372, ""4"": 14943, ""5"": 10511}",connected
78299,228,20000,0.050000000000000044,0.06470157986506819,-6.117302260654978,0.3751288452744484,0.05,1526,"{""0"": 12382, ""1"": 12808, ""2"": 15239, ""3"": 12383, ""4"": 14963, ""5"": 10524}",connected
78399,228,20000,0.050000000000000044,0.066770890802145,-6.117302260654978,0.3775948947668076,0.05,1526,"{""0"": 12387, ""1"": 12829, ""2"": 15250, ""3"": 12390, ""4"": 14998, ""5"": 10545}",connected
78499,228,20000,0.050000000000000044,0.06443656316027045,-6.117302260654978,0.37693355917930604,0.05,1526,"{""0"": 12396, ""1"": 12844, ""2"": 15254, ""3"": 12416, ""4"": 15031, ""5"": 10558}",connected
78599,228,20000,0.050000000000000044,0.059478270430117844,-6.117302260654978,0.3773310223221779,0.05,1526,"{""0"": 12398, ""1"": 12866, ""2"": 15287, ""3"": 12432, ""4"": 15057, ""5"": 10559}",connected
78699,228,20000,0.050000000000000044,0.05885651767253876,-6.117302260654978,0.3798632529377937,0.05,1526,"{""0"": 12412, ""1"": 12888, ""2"": 15317, ""3"": 12442, ""4"": 15075, ""5"": 10565}",connected
78799,228,20000,0.050000000000000044,0.057167421635240315,-6.117302260654978,0.37823074430227277,0.05,1526,"{""0"": 12428, ""1"": 12899, ""2"": 15358, ""3"": 12459, ""4"": 15088, ""5"": 10567}",connected
78899,228,20000,0.050000000000000044,0.05643184620887041,-6.117302260654978,0.37959219455718995,0.05,1526,"{""0"": 12467, ""1"": 12923, ""2"": 15374, ""3"": 12463, ""4"": 15103, ""5"": 10569}",connected
78999,230,20000,0.050000000000000044,0.05919442364946008,-6.046409032559023,0.38143178075551987,0.05,1526,"{""0"": 12504, ""1"": 12945, ""2"": 15377, ""3"": 12481, ""4"": 15117, ""5"": 10575}",connected
79099,230,20000,0.050000000000000044,0.06245420265942812,-6.046409032559023,0.37963626235723497,0.05,1526,"{""0"": 12546, ""1"": 12959, ""2"": 15383, ""3"": 12484, ""4"": 15136, ""5"": 10591}",connected
79199,230,20000,0.050000000000000044,0.06294149434193969,-6.046409032559023,0.37638592064380644,0.05,1526,"{""0"": 12561, ""1"": 12975, ""2"": 15402, ""3"": 12508, ""4"": 15156, ""5"": 10597}",connected
79299,230,20000,0.050000000000000044,0.06441635256633163,-6.046409032559023,0.3708218944072723,0.05,1526,"{""0"": 12575, ""1"": 12986, ""2"": 15439, ""3"": 12520, ""4"": 15177, ""5"": 10602}",connected
79399,230,20000,0.050000000000000044,0.06748829107731581,-6.046409032559023,0.3668783515691757,0.05,1526,"{""0"": 12615, ""1"": 13002, ""2"": 15460, ""3"": 12534, ""4"": 15177, ""5"": 10611}",connected
79499,230,20000,0.050000000000000044,0.0656982403062284,-6.046409032559023,0.3668566516041756,0.05,1526,"{""0"": 12630, ""1"": 13030, ""2"": 15475, ""3"": 12553, ""4"": 15189, ""5"": 10622}",connected
79599,230,20000,0.050000000000000044,0.06532812591642141,-6.046409032559023,0.3694587481021881,0.05,1526,"{""0"": 12649, ""1"": 13047, ""2"": 15489, ""3"": 12557, ""4"": 15222, ""5"": 10635}",connected
79699,232,20000,0.050000000000000044,0.06202417755499482,-6.044657662594691,0.3735319909453392,0.05,1526,"{""0"": 12672, ""1"": 13052, ""2"": 15507, ""3"": 12573, ""4"": 15237, ""5"": 10658}",connected
79799,232,20000,0.050000000000000044,0.06209482740610838,-6.044657662594691,0.3757057449221611,0.05,1526,"{""0"": 12706, ""1"": 13060, ""2"": 15517, ""3"": 12574, ""4"": 15270, ""5"": 10672}",connected
79899,232,20000,0.050000000000000044,0.0590142859518528,-6.044657662594691,0.37370417922735216,0.05,1526,"{""0"": 12710, ""1"": 13084, ""2"": 15539, ""3"": 12588, ""4"": 15299, ""5"": 10679}",connected
79999,232,20000,0.050000000000000044,0.06015879785642028,-6.044657662594691,0.3739035972952843,0.05,1526,"{""0"": 12715, ""1"": 13105, ""2"": 15571, ""3"": 12589, ""4"": 15335, ""5"": 10684}",connected
80099,232,20000,0.050000000000000044,0.06272121392190456,-6.044657662594691,0.3745323747396469,0.05,1526,"{""0"": 12719, ""1"": 13118, ""2"": 15608, ""3"": 12601, ""4"": 15365, ""5"": 10688}",connected
80199,232,20000,0.050000000000000044,0.05780732067301869,-6.044657662594691,0.37562852680683134,0.05,1526,"{""0"": 12739, ""1"": 13132, ""2"": 15627, ""3"": 12619, ""4"": 15385, ""5"": 10697}",connected
80299,232,20000,0.050000000000000044,0.060832926724106076,-6.044657662594691,0.37937730133533476,0.05,1526,"{""0"": 12764, ""1"": 13142, ""2"": 15642, ""3"": 12643, ""4"": 15395, ""5"": 10713}",connected
80399,232,20000,0.050000000000000044,0.05738943250849843,-6.044657662594691,0.3760165879130363,0.05,1526,"{""0"": 12773, ""1"": 13159, ""2"": 15662, ""3"": 12654, ""4"": 15427, ""5"": 10724}",connected
80499,234,20000,0.050000000000000044,0.05828155033290386,-6.020962797100656,0.37282558232545854,0.05,1526,"{""0"": 12786, ""1"": 13167, ""2"": 15667, ""3"": 12680, ""4"": 15455, ""5"": 10744}",connected
80599,234,20000,0.050000000000000044,0.06117992738261819,-6.020962797100656,0.36968376517295837,0.05,1526,"{""0"": 12789, ""1"": 13174, ""2"": 15687, ""3"": 12693, ""4"": 15493, ""5"": 10763}",connected
80699,234,20000,0.050000000000000044,0.05952151259407401,-6.020962797100656,0.3678552904725075,0.05,1526,"{""0"": 12804, ""1"": 13199, ""2"": 15707, ""3"": 12705, ""4"": 15517, ""5"": 10767}",connected
80799,234,20000,0.050000000000000044,0.06304369483143091,-6.020962797100656,0.36732233107089995,0.05,1526,"{""0"": 12830, ""1"": 13222, ""2"": 15721, ""3"": 12731, ""4"": 15528, ""5"": 10767}",connected
80899,234,20000,0.050000000000000044,0.06262157887220382,-6.020962797100656,0.36649726808071137,0.05,1526,"{""0"": 12844, ""1"": 13247, ""2"": 15744, ""3"": 12745, ""4"": 15552, ""5"": 10767}",connected
80999,234,20000,0.050000000000000044,0.06131155928596854,-6.020962797100656,0.36574935764074323,0.05,1526,"{""0"": 12848, ""1"": 13263, ""2"": 15762, ""3"": 12764, ""4"": 15592, ""5"": 10770}",connected
81099,234,20000,0.050000000000000044,0.0643578969873488,-6.020962797100656,0.3643071699142456,0.05,1526,"{""0"": 12856, ""1"": 13283, ""2"": 15800, ""3"": 12774, ""4"": 15606, ""5"": 10780}",connected
81199,236,20000,0.050000000000000044,0.0653922793082893,-6.117197279734537,0.36580769389867784,0.05,1526,"{""0"": 12887, ""1"": 13286, ""2"": 15811, ""3"": 12787, ""4"": 15641, ""5"": 10787}",connected
81299,236,20000,0.050000000000000044,0.06193167755380273,-6.117197279734537,0.3705374586582184,0.05,1526,"{""0"": 12906, ""1"": 13302, ""2"": 15823, ""3"": 12806, ""4"": 15662, ""5"": 10800}",connected
81399,236,20000,0.050000000000000044,0.06203444642946124,-6.117197279734537,0.3727924335002899,0.05,1526,"{""0"": 12944, ""1"": 13303, ""2"": 15840, ""3"": 12831, ""4"": 15669, ""5"": 10812}",connected
81499,236,20000,0.050000000000000044,0.061566797029227016,-6.117197279734537,0.37153594970703124,0.05,1526,"{""0"": 12959, ""1"": 13315, ""2"": 15863, ""3"": 12856, ""4"": 15689, ""5"": 10817}",connected
81599,236,20000,0.050000000000000044,0.06115592122077942,-6.117197279734537,0.3716463103890419,0.05,1526,"{""0"": 12965, ""1"": 13353, ""2"": 15902, ""3"": 12860, ""4"": 15696, ""5"": 10823}",connected
81699,236,20000,0.050000000000000044,0.06256480988115072,-6.117197279734537,0.3676034417748451,0.05,1526,"{""0"": 12981, ""1"": 13360, ""2"": 15911, ""3"": 12915, ""4"": 15706, ""5"": 10826}",connected
81799,236,20000,0.050000000000000044,0.06023776661604643,-6.117197279734537,0.3642535242438316,0.05,1526,"{""0"": 13007, ""1"": 13372, ""2"": 15928, ""3"": 12950, ""4"": 15716, ""5"": 10826}",connected
81899,238,20000,0.050000000000000044,0.05621190754696727,-6.105554930744693,0.36949131041765215,0.05,1526,"{""0"": 13023, ""1"": 13394, ""2"": 15939, ""3"": 12974, ""4"": 15733, ""5"": 10836}",connected
81999,238,20000,0.050000000000000044,0.054544072523713114,-6.105554930744693,0.3688681048154831,0.05,1526,"{""0"": 13040, ""1"": 13410, ""2"": 15948, ""3"": 12984, ""4"": 15777, ""5"": 10840}",connected
82099,238,20000,0.050000000000000044,0.05650702452287078,-6.105554930744693,0.3702279636263847,0.05,1526,"{""0"": 13048, ""1"": 13455, ""2"": 15950, ""3"": 12990, ""4"": 15803, ""5"": 10853}",connected
82199,238,20000,0.050000000000000044,0.06011395758017898,-6.105554930744693,0.3675037235021591,0.05,1526,"{""0"": 13063, ""1"": 13478, ""2"": 15978, ""3"": 13001, ""4"": 15821, ""5"": 10858}",connected
82299,238,20000,0.050000000000000044,0.06373154459521174,-6.105554930744693,0.36152118355035784,0.05,1526,"{""0"": 13088, ""1"": 13481, ""2"": 15991, ""3"": 13028, ""4"": 15842, ""5"": 10869}",connected
82399,238,20000,0.050000000000000044,0.06185009554028511,-6.105554930744693,0.3628192213177681,0.05,1526,"{""0"": 13104, ""1"": 13497, ""2"": 16010, ""3"": 13040, ""4"": 15858, ""5"": 10890}",connected
82499,238,20000,0.050000000000000044,0.059036899991333484,-6.105554930744693,0.3606326009333134,0.05,1526,"{""0"": 13110, ""1"": 13512, ""2"": 16028, ""3"": 13052, ""4"": 15897, ""5"": 10900}",connected
82599,240,20000,0.050000000000000044,0.06119729613885284,-6.098281587036326,0.3636237697303295,0.05,1526,"{""0"": 13132, ""1"": 13515, ""2"": 16045, ""3"": 13065, ""4"": 15931, ""5"": 10911}",connected
82699,240,20000,0.050000000000000044,0.06262461243197322,-6.098281587036326,0.36622641280293466,0.05,1526,"{""0"": 13167, ""1"": 13530, ""2"": 16050, ""3"": 13076, ""4"": 15953, ""5"": 10923}",connected
82799,240,20000,0.050000000000000044,0.06372885596007109,-6.098281587036326,0.36192332580685616,0.05,1526,"{""0"": 13192, ""1"": 13551, ""2"": 16070, ""3"": 13090, ""4"": 15971, ""5"": 10925}",connected
82899,240,20000,0.050000000000000044,0.06861773183569313,-6.098281587036326,0.3618625536561012,0.05,1526,"{""0"": 13210, ""1"": 13575, ""2"": 16079, ""3"": 13104, ""4"": 15989, ""5"": 10942}",connected
82999,240,20000,0.050000000000000044,0.06737231347709895,-6.098281587036326,0.3636509740352631,0.05,1526,"{""0"": 13211, ""1"": 13597, ""2"": 16113, ""3"": 13120, ""4"": 16006, ""5"": 10952}",connected
83099,240,20000,0.050000000000000044,0.06735526010394097,-6.098281587036326,0.36384839057922364,0.05,1526,"{""0"": 13221, ""1"": 13605, ""2"": 16121, ""3"": 13120, ""4"": 16054, ""5"": 10978}",connected
83199,240,20000,0.050000000000000044,0.0691341446712613,-6.098281587036326,0.36548243165016175,0.05,1526,"{""0"": 13235, ""1"": 13624, ""2"": 16146, ""3"": 13125, ""4"": 16077, ""5"": 10992}",connected
83299,242,20000,0.050000000000000044,0.07012587325647474,-6.128230323046446,0.36580971151590347,0.05,1526,"{""0"": 13253, ""1"": 13633, ""2"": 16161, ""3"": 13141, ""4"": 16111, ""5"": 11000}",connected
83399,242,20000,0.050000000000000044,0.06968761730939149,-6.128230323046446,0.36355834305286405,0.05,1526,"{""0"": 13266, ""1"": 13644, ""2"": 16167, ""3"": 13161, ""4"": 16142, ""5"": 11019}",connected
83499,242,20000,0.050000000000000044,0.06365796038880944,-6.128230323046446,0.3587936931848526,0.05,1526,"{""0"": 13288, ""1"": 13656, ""2"": 16179, ""3"": 13189, ""4"": 16162, ""5"": 11025}",connected
83599,242,20000,0.050000000000000044,0.06049756672233343,-6.128230323046446,0.35302376687526704,0.05,1526,"{""0"": 13298, ""1"": 13686, ""2"": 16190, ""3"": 13208, ""4"": 16186, ""5"": 11031}",connected
83699,242,20000,0.050000000000000044,0.05423590436577797,-6.128230323046446,0.35045658946037295,0.05,1526,"{""0"": 13317, ""1"": 13698, ""2"": 16209, ""3"": 13217, ""4"": 16224, ""5"": 11034}",connected
83799,242,20000,0.050000000000000044,0.052488912045955655,-6.128230323046446,0.348825004696846,0.05,1526,"{""0"": 13332, ""1"": 13716, ""2"": 16237, ""3"": 13236, ""4"": 16240, ""5"": 11038}",connected
83899,242,20000,0.050000000000000044,0.06042280564084649,-6.128230323046446,0.35183113217353823,0.05,1526,"{""0"": 13336, ""1"": 13724, ""2"": 16252, ""3"": 13253, ""4"": 16276, ""5"": 11058}",connected
83999,244,20000,0.050000000000000044,0.0654663441516459,-6.152670457102358,0.3559414541721344,0.05,1526,"{""0"": 13339, ""1"": 13759, ""2"": 16269, ""3"": 13262, ""4"": 16292, ""5"": 11078}",connected
84099,244,20000,0.050000000000000044,0.06987764092162252,-6.152670457102358,0.3601557019352913,0.05,1526,"{""0"": 13341, ""1"": 13787, ""2"": 16277, ""3"": 13279, ""4"": 16330, ""5"": 11085}",connected
84199,244,20000,0.050000000000000044,0.07261536801233888,-6.152670457102358,0.35928514927625654,0.05,1526,"{""0"": 13360, ""1"": 13803, ""2"": 16309, ""3"": 13285, ""4"": 16352, ""5"": 11090}",connected
84299,244,20000,0.050000000000000044,0.06633781317621469,-6.152670457102358,0.3595845353603363,0.05,1526,"{""0"": 13388, ""1"": 13820, ""2"": 16335, ""3"": 13291, ""4"": 16365, ""5"": 11100}",connected
84399,244,20000,0.050000000000000044,0.05922320164740086,-6.152670457102358,0.3586672082543373,0.05,1526,"{""0"": 13404, ""1"": 13836, ""2"": 16358, ""3"": 13296, ""4"": 16386, ""5"": 11119}",connected
84499,244,20000,0.050000000000000044,0.06147314019501209,-6.152670457102358,0.3610590469837189,0.05,1526,"{""0"": 13413, ""1"": 13850, ""2"": 16384, ""3"": 13317, ""4"": 16409, ""5"": 11126}",connected
84599,244,20000,0.050000000000000044,0.05985783390700817,-6.152670457102358,0.3653166976571083,0.05,1526,"{""0"": 13418, ""1"": 13852, ""2"": 16400, ""3"": 13348, ""4"": 16453, ""5"": 11128}",connected
84699,244,20000,0.050000000000000044,0.060466347001492976,-6.152670457102358,0.3651626378297806,0.05,1526,"{""0"": 13438, ""1"": 13865, ""2"": 16420, ""3"": 13361, ""4"": 16478, ""5"": 11137}",connected
84799,246,20000,0.050000000000000044,0.06786708600819111,-6.141438157074154,0.36523815870285037,0.05,1526,"{""0"": 13441, ""1"": 13869, ""2"": 16449, ""3"": 13397, ""4"": 16487, ""5"": 11156}",connected
84899,246,20000,0.050000000000000044,0.06423030322417617,-6.141438157074154,0.35841137379407884,0.05,1526,"{""0"": 13445, ""1"": 13875, ""2"": 16487, ""3"": 13435, ""4"": 16487, ""5"": 11170}",connected
84999,246,20000,0.050000000000000044,0.06910939229652285,-6.141438157074154,0.3580985939502716,0.05,1526,"{""0"": 13452, ""1"": 13875, ""2"": 16511, ""3"": 13470, ""4"": 16517, ""5"": 11174}",connected
85099,246,20000,0.050000000000000044,0.0679258256778121,-6.141438157074154,0.35928112000226975,0.05,1526,"{""0"": 13461, ""1"": 13880, ""2"": 16521, ""3"": 13501, ""4"": 16556, ""5"": 11180}",connected
85199,246,20000,0.050000000000000044,0.06534437887370587,-6.141438157074154,0.3609533080458641,0.05,1526,"{""0"": 13478, ""1"": 13905, ""2"": 16534, ""3"": 13517, ""4"": 16577, ""5"": 11188}",connected
85299,246,20000,0.050000000000000044,0.06316316541284323,-6.141438157074154,0.3641294339299202,0.05,1526,"{""0"": 13521, ""1"": 13919, ""2"": 16537, ""3"": 13517, ""4"": 16612, ""5"": 11193}",connected
85399,246,20000,0.050000000000000044,0.05797371162101626,-6.141438157074154,0.3644451078772545,0.05,1526,"{""0"": 13557, ""1"": 13933, ""2"": 16553, ""3"": 13523, ""4"": 16640, ""5"": 11193}",connected
85499,248,20000,0.050000000000000044,0.062345495969057085,-6.231008361550048,0.36494254410266874,0.05,1526,"{""0"": 13574, ""1"": 13957, ""2"": 16570, ""3"": 13529, ""4"": 16667, ""5"": 11202}",connected
85599,248,20000,0.050000000000000044,0.058709215559065345,-6.231008361550048,0.3648669797182083,0.05,1526,"{""0"": 13597, ""1"": 13976, ""2"": 16580, ""3"": 13554, ""4"": 16679, ""5"": 11213}",connected
85699,248,20000,0.050000000000000044,0.0578080034442246,-6.231008361550048,0.36258758962154386,0.05,1526,"{""0"": 13608, ""1"": 13991, ""2"": 16605, ""3"": 13568, ""4"": 16710, ""5"": 11217}",connected
85799,248,20000,0.050000000000000044,0.056486735176295044,-6.231008361550048,0.35659767001867293,0.05,1526,"{""0"": 13640, ""1"": 14020, ""2"": 16628, ""3"": 13576, ""4"": 16714, ""5"": 11221}",connected
85899,248,20000,0.050000000000000044,0.05059850664809346,-6.231008361550048,0.3535677871108055,0.05,1526,"{""0"": 13664, ""1"": 14032, ""2"": 16640, ""3"": 13606, ""4"": 16720, ""5"": 11237}",connected
85999,248,20000,0.050000000000000044,0.05253170253708959,-6.231008361550048,0.3494916954636574,0.05,1526,"{""0"": 13680, ""1"": 14043, ""2"": 16657, ""3"": 13629, ""4"": 16748, ""5"": 11242}",connected
86099,248,20000,0.050000000000000044,0.05641260394826531,-6.231008361550048,0.3486591294407845,0.05,1526,"{""0"": 13714, ""1"": 14075, ""2"": 16669, ""3"": 13633, ""4"": 16766, ""5"": 11242}",connected
86199,250,20000,0.050000000000000044,0.05818931313231587,-6.200758640198037,0.353194383084774,0.05,1526,"{""0"": 13730, ""1"": 14093, ""2"": 16681, ""3"": 13658, ""4"": 16786, ""5"": 11251}",connected
86299,250,20000,0.050000000000000044,0.06249601690098643,-6.200758640198037,0.3505048543214798,0.05,1526,"{""0"": 13742, ""1"": 14093, ""2"": 16713, ""3"": 13707, ""4"": 16787, ""5"": 11257}",connected
86399,250,20000,0.050000000000000044,0.06294367384165525,-6.200758640198037,0.3502420853078365,0.05,1526,"{""0"": 13748, ""1"": 14103, ""2"": 16723, ""3"": 13731, ""4"": 16833, ""5"": 11261}",connected
86499,250,20000,0.050000000000000044,0.05909017901867628,-6.200758640198037,0.3488968838751316,0.05,1526,"{""0"": 13757, ""1"": 14115, ""2"": 16755, ""3"": 13761, ""4"": 16848, ""5"": 11263}",connected
86599,250,20000,0.050000000000000044,0.05454408271238208,-6.200758640198037,0.34522389754652977,0.05,1526,"{""0"": 13787, ""1"": 14138, ""2"": 16765, ""3"": 13772, ""4"": 16865, ""5"": 11272}",connected
86699,250,20000,0.050000000000000044,0.05358609903603792,-6.200758640198037,0.3459584601223469,0.05,1526,"{""0"": 13803, ""1"": 14166, ""2"": 16782, ""3"": 13791, ""4"": 16884, ""5"": 11273}",connected
86799,250,20000,0.050000000000000044,0.05521347245201468,-6.200758640198037,0.3458320298790932,0.05,1526,"{""0"": 13806, ""1"": 14199, ""2"": 16783, ""3"": 13814, ""4"": 16920, ""5"": 11277}",connected
86899,252,20000,0.050000000000000044,0.05634201280772686,-6.260427799681201,0.34842502534389497,0.05,1526,"{""0"": 13830, ""1"": 14217, ""2"": 16788, ""3"": 13828, ""4"": 16942, ""5"": 11294}",connected
86999,252,20000,0.050000000000000044,0.058244271147996185,-6.260427799681201,0.35402552276849747,0.05,1526,"{""0"": 13842, ""1"": 14232, ""2"": 16799, ""3"": 13837, ""4"": 16977, ""5"": 11312}",connected
87099,252,20000,0.050000000000000044,0.05703420331701636,-6.260427799681201,0.35355312287807467,0.05,1526,"{""0"": 13859, ""1"": 14249, ""2"": 16814, ""3"": 13847, ""4"": 17007, ""5"": 11323}",connected
87199,254,20000,0.050000000000000044,0.05485095601528883,-6.104474173896015,0.36019290119409564,0.05,1526,"{""0"": 13867, ""1"": 14257, ""2"": 16833, ""3"": 13885, ""4"": 17031, ""5"": 11326}",connected
87299,254,20000,0.050000000000000044,0.05578827243298292,-6.104474173896015,0.3586613205075264,0.05,1526,"{""0"": 13900, ""1"": 14274, ""2"": 16839, ""3"": 13903, ""4"": 17057, ""5"": 11326}",connected
87399,254,20000,0.050000000000000044,0.05672353433445096,-6.104474173896015,0.3541639563441277,0.05,1526,"{""0"": 13921, ""1"": 14308, ""2"": 16851, ""3"": 13912, ""4"": 17079, ""5"": 11328}",connected
87499,254,20000,0.050000000000000044,0.05532559312880039,-6.104474173896015,0.3548109781742096,0.05,1526,"{""0"": 13934, ""1"": 14357, ""2"": 16857, ""3"": 13920, ""4"": 17087, ""5"": 11344}",connected
87599,254,20000,0.050000000000000044,0.05674546344205737,-6.104474173896015,0.353225485086441,0.05,1526,"{""0"": 13935, ""1"": 14377, ""2"": 16892, ""3"": 13930, ""4"": 17117, ""5"": 11348}",connected
87699,254,20000,0.050000000000000044,0.05434063406661153,-6.104474173896015,0.35479248613119124,0.05,1526,"{""0"": 13966, ""1"": 14390, ""2"": 16913, ""3"": 13940, ""4"": 17135, ""5"": 11355}",connected
87799,254,20000,0.050000000000000044,0.054010163638740775,-6.104474173896015,0.35582377076148985,0.05,1526,"{""0"": 13981, ""1"": 14411, ""2"": 16928, ""3"": 13950, ""4"": 17159, ""5"": 11370}",connected
87899,256,20000,0.050000000000000044,0.05745819715783,-6.102059874278493,0.357011613547802,0.05,1526,"{""0"": 14012, ""1"": 14438, ""2"": 16942, ""3"": 13960, ""4"": 17171, ""5"": 11376}",connected
87999,256,20000,0.050000000000000044,0.05510361436754465,-6.102059874278493,0.35568358361721036,0.05,1526,"{""0"": 14024, ""1"": 14439, ""2"": 16964, ""3"": 13983, ""4"": 17194, ""5"": 11395}",connected
88099,256,20000,0.050000000000000044,0.053010754492133855,-6.102059874278493,0.35273197799921036,0.05,1526,"{""0"": 14048, ""1"": 14443, ""2"": 16970, ""3"": 14015, ""4"": 17218, ""5"": 11405}",connected
88199,256,20000,0.050000000000000044,0.0553951795771718,-6.102059874278493,0.3522472560405731,0.05,1526,"{""0"": 14068, ""1"": 14450, ""2"": 16988, ""3"": 14034, ""4"": 17244, ""5"": 11415}",connected
88299,256,20000,0.050000000000000044,0.05618324648588896,-6.102059874278493,0.34963282763957976,0.05,1526,"{""0"": 14087, ""1"": 14453, ""2"": 17026, ""3"": 14062, ""4"": 17252, ""5"": 11419}",connected
88399,256,20000,0.050000000000000044,0.058876414000988,-6.102059874278493,0.3449669325351715,0.05,1526,"{""0"": 14090, ""1"": 14463, ""2"": 17067, ""3"": 14087, ""4"": 17272, ""5"": 11420}",connected
88499,256,20000,0.050000000000000044,0.06442169377580285,-6.102059874278493,0.3433790248632431,0.05,1526,"{""0"": 14091, ""1"": 14477, ""2"": 17086, ""3"": 14114, ""4"": 17291, ""5"": 11440}",connected
88599,256,20000,0.050000000000000044,0.06096853835508227,-6.102059874278493,0.3406102073192596,0.05,1526,"{""0"": 14098, ""1"": 14498, ""2"": 17105, ""3"": 14123, ""4"": 17319, ""5"": 11456}",connected
88699,258,20000,0.050000000000000044,0.060145704485476015,-6.120172224780545,0.34065926909446714,0.05,1526,"{""0"": 14102, ""1"": 14501, ""2"": 17117, ""3"": 14158, ""4"": 17330, ""5"": 11491}",connected
88799,258,20000,0.050000000000000044,0.05745825847610831,-6.120172224780545,0.3391619697213173,0.05,1526,"{""0"": 14111, ""1"": 14515, ""2"": 17135, ""3"": 14174, ""4"": 17370, ""5"": 11494}",connected
88899,258,20000,0.050000000000000044,0.05733963027596474,-6.120172224780545,0.34312104612588884,0.05,1526,"{""0"": 14133, ""1"": 14526, ""2"": 17154, ""3"": 14196, ""4"": 17396, ""5"": 11494}",connected
88999,258,20000,0.050000000000000044,0.05661560844630003,-6.120172224780545,0.3432027491927147,0.05,1526,"{""0"": 14144, ""1"": 14535, ""2"": 17178, ""3"": 14233, ""4"": 17414, ""5"": 11495}",connected
89099,258,20000,0.050000000000000044,0.051671203970909116,-6.120172224780545,0.3419554451107979,0.05,1526,"{""0"": 14154, ""1"": 14553, ""2"": 17195, ""3"": 14254, ""4"": 17446, ""5"": 11497}",connected
89199,258,20000,0.050000000000000044,0.05350273022428155,-6.120172224780545,0.34251295030117035,0.05,1526,"{""0"": 14165, ""1"": 14591, ""2"": 17208, ""3"": 14280, ""4"": 17457, ""5"": 11498}",connected
89299,258,20000,0.050000000000000044,0.051303631365299224,-6.120172224780545,0.3393202868103981,0.05,1526,"{""0"": 14175, ""1"": 14627, ""2"": 17221, ""3"": 14287, ""4"": 17483, ""5"": 11506}",connected
89399,260,20000,0.050000000000000044,0.05357666287571192,-6.110141715710052,0.34388929426670073,0.05,1526,"{""0"": 14179, ""1"": 14642, ""2"": 17255, ""3"": 14292, ""4"": 17522, ""5"": 11509}",connected
89499,260,20000,0.050000000000000044,0.05449203321710229,-6.110141715710052,0.3456787574291229,0.05,1526,"{""0"": 14195, ""1"": 14673, ""2"": 17267, ""3"": 14304, ""4"": 17547, ""5"": 11513}",connected
89599,260,20000,0.050000000000000044,0.05464020727202296,-6.110141715710052,0.34902789384126665,0.05,1526,"{""0"": 14213, ""1"": 14700, ""2"": 17293, ""3"": 14310, ""4"": 17566, ""5"": 11517}",connected
89699,260,20000,0.050000000000000044,0.056893070414662364,-6.110141715710052,0.34760582357645037,0.05,1526,"{""0"": 14224, ""1"": 14723, ""2"": 17317, ""3"": 14327, ""4"": 17587, ""5"": 11521}",connected
89799,260,20000,0.050000000000000044,0.057311767097562555,-6.110141715710052,0.34335465550422667,0.05,1526,"{""0"": 14249, ""1"": 14753, ""2"": 17334, ""3"": 14345, ""4"": 17595, ""5"": 11523}",connected
89899,260,20000,0.050000000000000044,0.05894891498610377,-6.110141715710052,0.34334585040807725,0.05,1526,"{""0"": 14271, ""1"": 14765, ""2"": 17362, ""3"": 14366, ""4"": 17612, ""5"": 11523}",connected
89999,260,20000,0.050000000000000044,0.05942735144868493,-6.110141715710052,0.3426335564255714,0.05,1526,"{""0"": 14301, ""1"": 14787, ""2"": 17376, ""3"": 14374, ""4"": 17633, ""5"": 11528}",connected
90099,262,20000,0.050000000000000044,0.06280831936746836,-6.075213541672565,0.3414540034532547,0.05,1526,"{""0"": 14310, ""1"": 14805, ""2"": 17404, ""3"": 14392, ""4"": 17655, ""5"": 11533}",connected
90199,262,20000,0.050000000000000044,0.058010961432009935,-6.075213541672565,0.3427864548563957,0.05,1526,"{""0"": 14328, ""1"": 14824, ""2"": 17419, ""3"": 14409, ""4"": 17682, ""5"": 11537}",connected
90299,262,20000,0.050000000000000044,0.06136014692485332,-6.075213541672565,0.3395937058329582,0.05,1526,"{""0"": 14332, ""1"": 14850, ""2"": 17445, ""3"": 14426, ""4"": 17707, ""5"": 11539}",connected
90399,262,20000,0.050000000000000044,0.05779531406238675,-6.075213541672565,0.33953154891729354,0.05,1526,"{""0"": 14335, ""1"": 14883, ""2"": 17458, ""3"": 14444, ""4"": 17729, ""5"": 11550}",connected
90499,262,20000,0.050000000000000044,0.05306290362030268,-6.075213541672565,0.34252970933914184,0.05,1526,"{""0"": 14362, ""1"": 14896, ""2"": 17475, ""3"": 14463, ""4"": 17749, ""5"": 11554}",connected
90599,264,20000,0.050000000000000044,0.056856090761721136,-5.94742307196837,0.3406276845932007,0.05,1526,"{""0"": 14383, ""1"": 14904, ""2"": 17484, ""3"": 14492, ""4"": 17776, ""5"": 11560}",connected
90699,264,20000,0.050000000000000044,0.05218587944284082,-5.94742307196837,0.34405240178108215,0.05,1526,"{""0"": 14398, ""1"": 14929, ""2"": 17508, ""3"": 14494, ""4"": 17810, ""5"": 11560}",connected
90799,264,20000,0.050000000000000044,0.0573333459533751,-5.94742307196837,0.3422755232453346,0.05,1526,"{""0"": 14428, ""1"": 14948, ""2"": 17533, ""3"": 14509, ""4"": 17818, ""5"": 11563}",connected
90899,264,20000,0.050000000000000044,0.06118499372154474,-5.94742307196837,0.3447458836436272,0.05,1526,"{""0"": 14451, ""1"": 14964, ""2"": 17548, ""3"": 14539, ""4"": 17831, ""5"": 11566}",connected
90999,264,20000,0.050000000000000044,0.061761605571955445,-5.94742307196837,0.3460098198056221,0.05,1526,"{""0"": 14461, ""1"": 14976, ""2"": 17570, ""3"": 14556, ""4"": 17854, ""5"": 11582}",connected
91099,264,20000,0.050000000000000044,0.06063493061810732,-5.94742307196837,0.34044270843267443,0.05,1526,"{""0"": 14482, ""1"": 15018, ""2"": 17580, ""3"": 14569, ""4"": 17862, ""5"": 11588}",connected
91199,264,20000,0.050000000000000044,0.05676525032147765,-5.94742307196837,0.3340743327140808,0.05,1526,"{""0"": 14498, ""1"": 15040, ""2"": 17599, ""3"": 14578, ""4"": 17892, ""5"": 11592}",connected
91299,266,20000,0.050000000000000044,0.05303133688867092,-5.926264716940932,0.3282405716180801,0.05,1526,"{""0"": 14505, ""1"": 15061, ""2"": 17609, ""3"": 14585, ""4"": 17926, ""5"": 11613}",connected
91399,266,20000,0.050000000000000044,0.05195116024464369,-5.926264716940932,0.3270164853334427,0.05,1526,"{""0"": 14529, ""1"": 15080, ""2"": 17618, ""3"": 14598, ""4"": 17960, ""5"": 11614}",connected
91499,266,20000,0.050000000000000044,0.05665052246302366,-5.926264716940932,0.32940982550382614,0.05,1526,"{""0"": 14540, ""1"": 15106, ""2"": 17639, ""3"": 14610, ""4"": 17981, ""5"": 11623}",connected
91599,268,20000,0.050000000000000044,0.05567069642245769,-5.734268377781846,0.3342866671085358,0.05,1526,"{""0"": 14553, ""1"": 15121, ""2"": 17648, ""3"": 14644, ""4"": 18009, ""5"": 11624}",connected
91699,268,20000,0.050000000000000044,0.05818685317412019,-5.734268377781846,0.337564762532711,0.05,1526,"{""0"": 14572, ""1"": 15136, ""2"": 17665, ""3"": 14673, ""4"": 18029, ""5"": 11624}",connected
91799,268,20000,0.050000000000000044,0.05807490143924952,-5.734268377781846,0.3373345360159874,0.05,1526,"{""0"": 14578, ""1"": 15157, ""2"": 17692, ""3"": 14684, ""4"": 18060, ""5"": 11628}",connected
91899,268,20000,0.050000000000000044,0.05568950071930885,-5.734268377781846,0.33688834100961684,0.05,1526,"{""0"": 14606, ""1"": 15184, ""2"": 17710, ""3"": 14690, ""4"": 18070, ""5"": 11639}",connected
91999,268,20000,0.050000000000000044,0.057942715641111135,-5.734268377781846,0.3413607537746429,0.05,1526,"{""0"": 14643, ""1"": 15207, ""2"": 17721, ""3"": 14697, ""4"": 18087, ""5"": 11644}",connected
92099,268,20000,0.050000000000000044,0.056125760935246946,-5.734268377781846,0.33971146047115325,0.05,1526,"{""0"": 14659, ""1"": 15244, ""2"": 17742, ""3"": 14697, ""4"": 18102, ""5"": 11655}",connected
92199,268,20000,0.050000000000000044,0.056985747534781694,-5.734268377781846,0.3417288365960121,0.05,1526,"{""0"": 14664, ""1"": 15277, ""2"": 17761, ""3"": 14709, ""4"": 18130, ""5"": 11658}",connected
92299,270,20000,0.050000000000000044,0.05379085240885615,-5.708588169892319,0.34467561036348343,0.05,1526,"{""0"": 14724, ""1"": 15298, ""2"": 17768, ""3"": 14717, ""4"": 18132, ""5"": 11660}",connected
92399,270,20000,0.050000000000000044,0.05168606953695416,-5.708588169892319,0.33961022049188616,0.05,1526,"{""0"": 14746, ""1"": 15307, ""2"": 17786, ""3"": 14752, ""4"": 18141, ""5"": 11667}",connected
92499,270,20000,0.050000000000000044,0.04825869450345635,-5.708588169892319,0.342428919672966,0.05,1526,"{""0"": 14755, ""1"": 15345, ""2"": 17803, ""3"": 14756, ""4"": 18167, ""5"": 11673}",connected
92599,270,20000,0.050000000000000044,0.04446630332618952,-5.708588169892319,0.3385633036494255,0.05,1526,"{""0"": 14771, ""1"": 15382, ""2"": 17815, ""3"": 14761, ""4"": 18181, ""5"": 11689}",connected
92699,270,20000,0.050000000000000044,0.04933060459792614,-5.708588169892319,0.33605547904968264,0.05,1526,"{""0"": 14795, ""1"": 15416, ""2"": 17837, ""3"": 14771, ""4"": 18189, ""5"": 11691}",connected
92799,270,20000,0.050000000000000044,0.051721102595329284,-5.708588169892319,0.33495759397745134,0.05,1526,"{""0"": 14834, ""1"": 15446, ""2"": 17847, ""3"": 14776, ""4"": 18202, ""5"": 11694}",connected
92899,270,20000,0.050000000000000044,0.053304116763174536,-5.708588169892319,0.3347460377216339,0.05,1526,"{""0"": 14856, ""1"": 15479, ""2"": 17868, ""3"": 14780, ""4"": 18220, ""5"": 11696}",connected
92999,272,20000,0.050000000000000044,0.05824199434369803,-5.75927068236284,0.3387216752767563,0.05,1526,"{""0"": 14865, ""1"": 15496, ""2"": 17879, ""3"": 14804, ""4"": 18240, ""5"": 11715}",connected
93099,272,20000,0.050000000000000044,0.05645521476864815,-5.75927068236284,0.3411838808655739,0.05,1526,"{""0"": 14877, ""1"": 15501, ""2"": 17897, ""3"": 14817, ""4"": 18277, ""5"": 11730}",connected
93199,272,20000,0.050000000000000044,0.05106996743008494,-5.75927068236284,0.3447924908995628,0.05,1526,"{""0"": 14919, ""1"": 15521, ""2"": 17905, ""3"": 14832, ""4"": 18287, ""5"": 11735}",connected
93299,272,20000,0.050000000000000044,0.051188597045838835,-5.75927068236284,0.34168521881103514,0.05,1526,"{""0"": 14935, ""1"": 15540, ""2"": 17923, ""3"": 14842, ""4"": 18322, ""5"": 11737}",connected
93399,272,20000,0.050000000000000044,0.052786488495767114,-5.75927068236284,0.3401844397187233,0.05,1526,"{""0"": 14939, ""1"": 15562, ""2"": 17956, ""3"": 14846, ""4"": 18353, ""5"": 11743}",connected
93499,272,20000,0.050000000000000044,0.05062606168910861,-5.75927068236284,0.33841373652219775,0.05,1526,"{""0"": 14967, ""1"": 15591, ""2"": 17975, ""3"": 14860, ""4"": 18359, ""5"": 11747}",connected
93599,272,20000,0.050000000000000044,0.051471923962235454,-5.75927068236284,0.335144037604332,0.05,1526,"{""0"": 14983, ""1"": 15627, ""2"": 17993, ""3"": 14869, ""4"": 18367, ""5"": 11760}",connected
93699,272,20000,0.050000000000000044,0.04629980916157365,-5.75927068236284,0.33613752529025076,0.05,1526,"{""0"": 14989, ""1"": 15642, ""2"": 18012, ""3"": 14897, ""4"": 18376, ""5"": 11783}",connected
93799,274,20000,0.050000000000000044,0.04173471812158823,-5.741893021552824,0.3378359217941761,0.05,1526,"{""0"": 15003, ""1"": 15669, ""2"": 18029, ""3"": 14910, ""4"": 18392, ""5"": 11796}",connected
93899,274,20000,0.050000000000000044,0.046307551432400944,-5.741893021552824,0.33603184059262275,0.05,1526,"{""0"": 15022, ""1"": 15692, ""2"": 18059, ""3"": 14917, ""4"": 18411, ""5"": 11798}",connected
93999,274,20000,0.050000000000000044,0.04628313353285193,-5.741893021552824,0.3353725127875805,0.05,1526,"{""0"": 15041, ""1"": 15707, ""2"": 18081, ""3"": 14937, ""4"": 18423, ""5"": 11810}",connected
94099,274,20000,0.050000000000000044,0.051252378597855565,-5.741893021552824,0.3374141389131546,0.05,1526,"{""0"": 15043, ""1"": 15731, ""2"": 18119, ""3"": 14966, ""4"": 18423, ""5"": 11817}",connected
94199,274,20000,0.050000000000000044,0.05430390728637576,-5.741893021552824,0.3320793068408966,0.05,1526,"{""0"": 15049, ""1"": 15749, ""2"": 18138, ""3"": 14991, ""4"": 18455, ""5"": 11817}",connected
94299,274,20000,0.050000000000000044,0.05058444717898965,-5.741893021552824,0.33463829338550566,0.05,1526,"{""0"": 15072, ""1"": 15758, ""2"": 18148, ""3"": 15020, ""4"": 18470, ""5"": 11831}",connected
94399,274,20000,0.050000000000000044,0.05398299368098378,-5.741893021552824,0.33889286637306215,0.05,1526,"{""0"": 15087, ""1"": 15770, ""2"": 18165, ""3"": 15038, ""4"": 18502, ""5"": 11837}",connected
94499,276,20000,0.050000000000000044,0.055196327641606334,-5.70652041903697,0.33704778492450715,0.05,1526,"{""0"": 15094, ""1"": 15793, ""2"": 18185, ""3"": 15054, ""4"": 18530, ""5"": 11843}",connected
94599,276,20000,0.050000000000000044,0.05148247955366969,-5.70652041903697,0.34052369862794873,0.05,1526,"{""0"": 15109, ""1"": 15808, ""2"": 18194, ""3"": 15097, ""4"": 18544, ""5"": 11847}",connected
94699,276,20000,0.050000000000000044,0.05733126802369952,-5.70652041903697,0.34050368160009387,0.05,1526,"{""0"": 15130, ""1"": 15810, ""2"": 18220, ""3"": 15118, ""4"": 18556, ""5"": 11865}",connected
94799,276,20000,0.050000000000000044,0.05473946610465646,-5.70652041903697,0.33972527414560316,0.05,1526,"{""0"": 15140, ""1"": 15820, ""2"": 18251, ""3"": 15159, ""4"": 18560, ""5"": 11869}",connected
94899,276,20000,0.050000000000000044,0.05126009974628687,-5.70652041903697,0.3354039144515991,0.05,1526,"{""0"": 15163, ""1"": 15848, ""2"": 18263, ""3"": 15177, ""4"": 18575, ""5"": 11873}",connected
94999,276,20000,0.050000000000000044,0.052356318216770885,-5.70652041903697,0.33344624370336534,0.05,1526,"{""0"": 15199, ""1"": 15850, ""2"": 18269, ""3"": 15206, ""4"": 18602, ""5"": 11873}",connected
95099,276,20000,0.050000000000000044,0.04599124059081078,-5.70652041903697,0.3315952217578888,0.05,1526,"{""0"": 15235, ""1"": 15870, ""2"": 18271, ""3"": 15210, ""4"": 18635, ""5"": 11878}",connected
95199,278,20000,0.050000000000000044,0.04688729783520103,-5.699847741527483,0.33056064039468763,0.05,1526,"{""0"": 15257, ""1"": 15879, ""2"": 18293, ""3"": 15231, ""4"": 18658, ""5"": 11881}",connected
95299,278,20000,0.050000000000000044,0.04739979898557067,-5.699847741527483,0.3319168797135353,0.05,1526,"{""0"": 15262, ""1"": 15894, ""2"": 18319, ""3"": 15278, ""4"": 18663, ""5"": 11883}",connected
95399,278,20000,0.050000000000000044,0.04609207272529602,-5.699847741527483,0.33290633201599124,0.05,1526,"{""0"": 15268, ""1"": 15912, ""2"": 18345, ""3"": 15288, ""4"": 18696, ""5"": 11890}",connected
95499,278,20000,0.050000000000000044,0.04730830414220691,-5.699847741527483,0.33150765031576157,0.05,1526,"{""0"": 15277, ""1"": 15931, ""2"": 18352, ""3"": 15309, ""4"": 18729, ""5"": 11901}",connected
95599,278,20000,0.050000000000000044,0.050518875904381276,-5.699847741527483,0.3303339745104313,0.05,1526,"{""0"": 15295, ""1"": 15962, ""2"": 18364, ""3"": 15318, ""4"": 18755, ""5"": 11905}",connected
95699,278,20000,0.050000000000000044,0.052718538995832204,-5.699847741527483,0.336301858574152,0.05,1526,"{""0"": 15318, ""1"": 15996, ""2"": 18381, ""3"": 15328, ""4"": 18768, ""5"": 11908}",connected
95799,278,20000,0.050000000000000044,0.05346209717914462,-5.699847741527483,0.3372333897650242,0.05,1526,"{""0"": 15327, ""1"": 16009, ""2"": 18396, ""3"": 15342, ""4"": 18815, ""5"": 11910}",connected
95899,280,20000,0.050000000000000044,0.05069058125838637,-5.671216361736879,0.3422077669203281,0.05,1526,"{""0"": 15336, ""1"": 16034, ""2"": 18423, ""3"": 15364, ""4"": 18832, ""5"": 11910}",connected
95999,280,20000,0.050000000000000044,0.04889383789151907,-5.671216361736879,0.3432505817711353,0.05,1526,"{""0"": 15338, ""1"": 16036, ""2"": 18447, ""3"": 15391, ""4"": 18860, ""5"": 11927}",connected
96099,280,20000,0.050000000000000044,0.05130387062206864,-5.671216361736879,0.3391827102005482,0.05,1526,"{""0"": 15339, ""1"": 16051, ""2"": 18463, ""3"": 15416, ""4"": 18898, ""5"": 11932}",connected
96199,280,20000,0.050000000000000044,0.049016598518937825,-5.671216361736879,0.3413886158168316,0.05,1526,"{""0"": 15348, ""1"": 16061, ""2"": 18481, ""3"": 15435, ""4"": 18914, ""5"": 11960}",connected
96299,280,20000,0.050000000000000044,0.05432253248989582,-5.671216361736879,0.3414777939021587,0.05,1526,"{""0"": 15353, ""1"": 16094, ""2"": 18505, ""3"": 15444, ""4"": 18928, ""5"": 11975}",connected
96399,280,20000,0.050000000000000044,0.053969200905412434,-5.671216361736879,0.34074801236391067,0.05,1526,"{""0"": 15359, ""1"": 16124, ""2"": 18525, ""3"": 15449, ""4"": 18952, ""5"": 11990}",connected
96499,280,20000,0.050000000000000044,0.05023987738415599,-5.671216361736879,0.3394355031847954,0.05,1526,"{""0"": 15369, ""1"": 16152, ""2"": 18550, ""3"": 15466, ""4"": 18964, ""5"": 11998}",connected
96599,282,20000,0.050000000000000044,0.05229494398459792,-5.668647036459297,0.334616522192955,0.05,1526,"{""0"": 15384, ""1"": 16163, ""2"": 18591, ""3"": 15482, ""4"": 18977, ""5"": 12002}",connected
96699,282,20000,0.050000000000000044,0.048457851819694045,-5.668647036459297,0.32949028998613356,0.05,1526,"{""0"": 15395, ""1"": 16185, ""2"": 18599, ""3"": 15495, ""4"": 19004, ""5"": 12021}",connected
96799,282,20000,0.050000000000000044,0.04778783356770873,-5.668647036459297,0.33022269934415815,0.05,1526,"{""0"": 15404, ""1"": 16206, ""2"": 18637, ""3"": 15505, ""4"": 19026, ""5"": 12021}",connected
96899,282,20000,0.050000000000000044,0.050516702644526956,-5.668647036459297,0.3334213498234749,0.05,1526,"{""0"": 15429, ""1"": 16248, ""2"": 18642, ""3"": 15519, ""4"": 19038, ""5"": 12023}",connected
96999,282,20000,0.050000000000000044,0.05167559780180454,-5.668647036459297,0.32902020424604417,0.05,1526,"{""0"": 15437, ""1"": 16262, ""2"": 18666, ""3"": 15542, ""4"": 19044, ""5"": 12048}",connected
97099,282,20000,0.050000000000000044,0.05363664926961064,-5.668647036459297,0.3276611053943634,0.05,1526,"{""0"": 15478, ""1"": 16272, ""2"": 18683, ""3"": 15547, ""4"": 19059, ""5"": 12060}",connected
97199,282,20000,0.050000000000000044,0.0528813936188817,-5.668647036459297,0.3297068604826927,0.05,1526,"{""0"": 15508, ""1"": 16288, ""2"": 18699, ""3"": 15556, ""4"": 19079, ""5"": 12069}",connected
97299,282,20000,0.050000000000000044,0.05080544399097562,-5.668647036459297,0.3296335308253765,0.05,1526,"{""0"": 15520, ""1"": 16321, ""2"": 18710, ""3"": 15585, ""4"": 19091, ""5"": 12072}",connected
97399,284,20000,0.050000000000000044,0.050747391134500504,-5.613757354989648,0.33470197543501856,0.05,1526,"{""0"": 15536, ""1"": 16352, ""2"": 18723, ""3"": 15599, ""4"": 19107, ""5"": 12082}",connected
97499,284,20000,0.050000000000000044,0.04688084810972214,-5.613757354989648,0.33572212770581245,0.05,1526,"{""0"": 15567, ""1"": 16358, ""2"": 18734, ""3"": 15630, ""4"": 19119, ""5"": 12091}",connected
97599,284,20000,0.050000000000000044,0.046220605913549664,-5.613757354989648,0.3327966757118702,0.05,1526,"{""0"": 15576, ""1"": 16374, ""2"": 18746, ""3"": 15650, ""4"": 19140, ""5"": 12113}",connected
97699,286,20000,0.050000000000000044,0.04634106192737818,-5.461744862315245,0.3331466543674469,0.05,1526,"{""0"": 15584, ""1"": 16386, ""2"": 18792, ""3"": 15653, ""4"": 19167, ""5"": 12117}",connected
97799,286,20000,0.050000000000000044,0.04577434791252017,-5.461744862315245,0.3300472554564476,0.05,1526,"{""0"": 15589, ""1"": 16404, ""2"": 18808, ""3"": 15671, ""4"": 19197, ""5"": 12130}",connected
97899,286,20000,0.050000000000000044,0.048620237205177545,-5.461744862315245,0.3331053423881531,0.05,1526,"{""0"": 15609, ""1"": 16427, ""2"": 18831, ""3"": 15678, ""4"": 19220, ""5"": 12134}",connected
97999,286,20000,0.050000000000000044,0.05014334864914417,-5.461744862315245,0.3340479165315628,0.05,1526,"{""0"": 15629, ""1"": 16447, ""2"": 18850, ""3"": 15688, ""4"": 19242, ""5"": 12143}",connected
98099,286,20000,0.050000000000000044,0.050485719107091424,-5.461744862315245,0.3329761552810669,0.05,1526,"{""0"": 15654, ""1"": 16462, ""2"": 18860, ""3"": 15721, ""4"": 19248, ""5"": 12154}",connected
98199,286,20000,0.050000000000000044,0.051053122989833354,-5.461744862315245,0.3310524235665798,0.05,1526,"{""0"": 15676, ""1"": 16472, ""2"": 18888, ""3"": 15742, ""4"": 19264, ""5"": 12157}",connected
98299,286,20000,0.050000000000000044,0.051231134179979564,-5.461744862315245,0.32363184094429015,0.05,1526,"{""0"": 15708, ""1"": 16490, ""2"": 18905, ""3"": 15759, ""4"": 19280, ""5"": 12157}",connected
98399,286,20000,0.050000000000000044,0.0487746100872755,-5.461744862315245,0.3192751255631447,0.05,1526,"{""0"": 15724, ""1"": 16514, ""2"": 18920, ""3"": 15768, ""4"": 19305, ""5"": 12168}",connected
98499,288,20000,0.050000000000000044,0.048165973145514726,-5.431105275084264,0.3126960039138794,0.05,1526,"{""0"": 15735, ""1"": 16535, ""2"": 18934, ""3"": 15787, ""4"": 19338, ""5"": 12170}",connected
98599,288,20000,0.050000000000000044,0.05048411598429084,-5.431105275084264,0.3134371127188206,0.05,1526,"{""0"": 15759, ""1"": 16568, ""2"": 18945, ""3"": 15798, ""4"": 19356, ""5"": 12173}",connected
98699,288,20000,0.050000000000000044,0.04990244636312127,-5.431105275084264,0.3176168435811996,0.05,1526,"{""0"": 15786, ""1"": 16586, ""2"": 18962, ""3"": 15809, ""4"": 19378, ""5"": 12178}",connected
98799,288,20000,0.050000000000000044,0.0529203661903739,-5.431105275084264,0.32140220314264295,0.05,1526,"{""0"": 15802, ""1"": 16614, ""2"": 18973, ""3"": 15834, ""4"": 19393, ""5"": 12183}",connected
98899,288,20000,0.050000000000000044,0.04990018708631396,-5.431105275084264,0.32152715340256693,0.05,1526,"{""0"": 15844, ""1"": 16657, ""2"": 18980, ""3"": 15836, ""4"": 19397, ""5"": 12185}",connected
98999,288,20000,0.050000000000000044,0.045593920703977345,-5.431105275084264,0.3201374365389347,0.05,1526,"{""0"": 15866, ""1"": 16667, ""2"": 19002, ""3"": 15856, ""4"": 19419, ""5"": 12189}",connected
99099,288,20000,0.050000000000000044,0.04566889194771648,-5.431105275084264,0.3188860835134983,0.05,1526,"{""0"": 15873, ""1"": 16671, ""2"": 19004, ""3"": 15880, ""4"": 19476, ""5"": 12195}",connected
99199,290,20000,0.050000000000000044,0.04040319100022316,-5.442076703566126,0.31064270839095115,0.05,1526,"{""0"": 15896, ""1"": 16686, ""2"": 19014, ""3"": 15902, ""4"": 19505, ""5"": 12196}",connected
99299,290,20000,0.050000000000000044,0.03920500231906772,-5.442076703566126,0.3127205748856068,0.05,1526,"{""0"": 15916, ""1"": 16700, ""2"": 19037, ""3"": 15930, ""4"": 19519, ""5"": 12197}",connected
99399,290,20000,0.050000000000000044,0.03763909230008721,-5.442076703566126,0.31284590184688565,0.05,1526,"{""0"": 15936, ""1"": 16710, ""2"": 19065, ""3"": 15936, ""4"": 19555, ""5"": 12197}",connected
99499,290,20000,0.050000000000000044,0.03906635630875826,-5.442076703566126,0.31209284752607347,0.05,1526,"{""0"": 15948, ""1"": 16736, ""2"": 19085, ""3"": 15958, ""4"": 19575, ""5"": 12197}",connected
99599,290,20000,0.050000000000000044,0.04216172238811851,-5.442076703566126,0.31847868621349334,0.05,1526,"{""0"": 15953, ""1"": 16771, ""2"": 19102, ""3"": 15969, ""4"": 19604, ""5"": 12200}",connected
99699,290,20000,0.050000000000000044,0.04653094479814172,-5.442076703566126,0.3157683852314949,0.05,1526,"{""0"": 15983, ""1"": 16800, ""2"": 19116, ""3"": 15980, ""4"": 19619, ""5"": 12201}",connected
99799,290,20000,0.050000000000000044,0.05165208382532001,-5.442076703566126,0.3188991506397724,0.05,1526,"{""0"": 16007, ""1"": 16829, ""2"": 19124, ""3"": 15995, ""4"": 19643, ""5"": 12201}",connected
99899,292,20000,0.050000000000000044,0.05183334667235613,-5.388351825652644,0.3231794111430645,0.05,1526,"{""0"": 16023, ""1"": 16850, ""2"": 19144, ""3"": 16011, ""4"": 19666, ""5"": 12205}",connected
99999,292,20000,0.050000000000000044,0.057172029074281455,-5.388351825652644,0.3268409484624863,0.05,1526,"{""0"": 16039, ""1"": 16876, ""2"": 19153, ""3"": 16024, ""4"": 19698, ""5"": 12209}",connected
100099,292,20000,0.050000000000000044,0.0537796189263463,-5.388351825652644,0.3295122011005878,0.05,1526,"{""0"": 16074, ""1"": 16893, ""2"": 19171, ""3"": 16035, ""4"": 19713, ""5"": 12213}",connected
100199,292,20000,0.050000000000000044,0.04884979633614421,-5.388351825652644,0.3295413102209568,0.05,1526,"{""0"": 16095, ""1"": 16929, ""2"": 19186, ""3"": 16047, ""4"": 19720, ""5"": 12222}",connected
100299,292,20000,0.050000000000000044,0.04707663794979453,-5.388351825652644,0.3245435780286789,0.05,1526,"{""0"": 16117, ""1"": 16956, ""2"": 19220, ""3"": 16051, ""4"": 19730, ""5"": 12225}",connected
100399,292,20000,0.050000000000000044,0.046737406384199855,-5.388351825652644,0.31921526804566386,0.05,1526,"{""0"": 16127, ""1"": 17003, ""2"": 19244, ""3"": 16059, ""4"": 19739, ""5"": 12227}",connected
100499,292,20000,0.050000000000000044,0.048460770435631274,-5.388351825652644,0.31590907648205757,0.05,1526,"{""0"": 16144, ""1"": 17019, ""2"": 19274, ""3"": 16081, ""4"": 19749, ""5"": 12232}",connected
100599,294,20000,0.050000000000000044,0.05077469121664763,-5.387907477770932,0.31632780358195306,0.05,1526,"{""0"": 16171, ""1"": 17042, ""2"": 19296, ""3"": 16092, ""4"": 19763, ""5"": 12235}",connected
100699,294,20000,0.050000000000000044,0.05205484244972467,-5.387907477770932,0.315348713696003,0.05,1526,"{""0"": 16184, ""1"": 17059, ""2"": 19317, ""3"": 16103, ""4"": 19795, ""5"": 12241}",connected
100799,294,20000,0.050000000000000044,0.047920259535312655,-5.387907477770932,0.3177792349457741,0.05,1526,"{""0"": 16207, ""1"": 17064, ""2"": 19354, ""3"": 16109, ""4"": 19822, ""5"": 12243}",connected
100899,294,20000,0.050000000000000044,0.04752244485542178,-5.387907477770932,0.3239456743001938,0.05,1526,"{""0"": 16215, ""1"": 17078, ""2"": 19367, ""3"": 16139, ""4"": 19852, ""5"": 12248}",connected
100999,294,20000,0.050000000000000044,0.04511584181338549,-5.387907477770932,0.3205197130143642,0.05,1526,"{""0"": 16237, ""1"": 17099, ""2"": 19390, ""3"": 16147, ""4"": 19878, ""5"": 12248}",connected
101099,294,20000,0.050000000000000044,0.04451077383011579,-5.387907477770932,0.3227099676430225,0.05,1526,"{""0"": 16274, ""1"": 17104, ""2"": 19419, ""3"": 16154, ""4"": 19899, ""5"": 12249}",connected
101199,294,20000,0.050000000000000044,0.045313136260956524,-5.387907477770932,0.3222542229294777,0.05,1526,"{""0"": 16279, ""1"": 17125, ""2"": 19462, ""3"": 16164, ""4"": 19920, ""5"": 12249}",connected
101299,296,20000,0.050000000000000044,0.04620753183960915,-5.416532162483781,0.32068901002407074,0.05,1526,"{""0"": 16297, ""1"": 17130, ""2"": 19481, ""3"": 16202, ""4"": 19927, ""5"": 12262}",connected
101399,296,20000,0.050000000000000044,0.046105911154299975,-5.416532162483781,0.32169996604323386,0.05,1526,"{""0"": 16305, ""1"": 17169, ""2"": 19497, ""3"": 16213, ""4"": 19953, ""5"": 12262}",connected
101499,296,20000,0.050000000000000044,0.046861302834004165,-5.416532162483781,0.32469478353857995,0.05,1526,"{""0"": 16328, ""1"": 17190, ""2"": 19508, ""3"": 16222, ""4"": 19981, ""5"": 12270}",connected
101599,296,20000,0.050000000000000044,0.04312783593311906,-5.416532162483781,0.3217762704193592,0.05,1526,"{""0"": 16350, ""1"": 17210, ""2"": 19520, ""3"": 16230, ""4"": 19995, ""5"": 12294}",connected
101699,296,20000,0.050000000000000044,0.042507751788944004,-5.416532162483781,0.31733749315142634,0.05,1526,"{""0"": 16368, ""1"": 17238, ""2"": 19546, ""3"": 16240, ""4"": 20011, ""5"": 12296}",connected
101799,296,20000,0.050000000000000044,0.0437706983461976,-5.416532162483781,0.31966124191880224,0.05,1526,"{""0"": 16387, ""1"": 17270, ""2"": 19555, ""3"": 16252, ""4"": 20020, ""5"": 12315}",connected
101899,296,20000,0.050000000000000044,0.043499097749590876,-5.416532162483781,0.3186287926137447,0.05,1526,"{""0"": 16414, ""1"": 17290, ""2"": 19571, ""3"": 16265, ""4"": 20038, ""5"": 12321}",connected
101999,296,20000,0.050000000000000044,0.04813746122643352,-5.416532162483781,0.3163458329439163,0.05,1526,"{""0"": 16414, ""1"": 17333, ""2"": 19579, ""3"": 16301, ""4"": 20045, ""5"": 12327}",connected
102099,298,20000,0.050000000000000044,0.05246790833771229,-5.438205575314351,0.3199167647957802,0.05,1526,"{""0"": 16449, ""1"": 17338, ""2"": 19586, ""3"": 16324, ""4"": 20072, ""5"": 12330}",connected
102199,298,20000,0.050000000000000044,0.050244158301502466,-5.438205575314351,0.31650192037224767,0.05,1526,"{""0"": 16464, ""1"": 17354, ""2"": 19624, ""3"": 16333, ""4"": 20085, ""5"": 12339}",connected
102299,298,20000,0.050000000000000044,0.04753118110820651,-5.438205575314351,0.3152633072435856,0.05,1526,"{""0"": 16483, ""1"": 17399, ""2"": 19624, ""3"": 16353, ""4"": 20100, ""5"": 12340}",connected
102399,298,20000,0.050000000000000044,0.0451584224589169,-5.438205575314351,0.31572854191064836,0.05,1526,"{""0"": 16491, ""1"": 17428, ""2"": 19651, ""3"": 16365, ""4"": 20123, ""5"": 12341}",connected
102499,298,20000,0.050000000000000044,0.0424684051796794,-5.438205575314351,0.3112402659654617,0.05,1526,"{""0"": 16508, ""1"": 17449, ""2"": 19668, ""3"": 16378, ""4"": 20142, ""5"": 12354}",connected
102599,298,20000,0.050000000000000044,0.043987861257046464,-5.438205575314351,0.31049605160951615,0.05,1526,"{""0"": 16523, ""1"": 17460, ""2"": 19682, ""3"": 16409, ""4"": 20163, ""5"": 12362}",connected
102699,298,20000,0.050000000000000044,0.04788470543920994,-5.438205575314351,0.3073029085993767,0.05,1526,"{""0"": 16542, ""1"": 17495, ""2"": 19682, ""3"": 16424, ""4"": 20184, ""5"": 12372}",connected
102799,300,20000,0.050000000000000044,0.05084269776940346,-5.4401528849685565,0.3081676298379898,0.05,1526,"{""0"": 16583, ""1"": 17506, ""2"": 19693, ""3"": 16436, ""4"": 20204, ""5"": 12377}",connected
102899,300,20000,0.050000000000000044,0.05414611032232642,-5.4401528849685565,0.3120761361718178,0.05,1526,"{""0"": 16614, ""1"": 17519, ""2"": 19720, ""3"": 16438, ""4"": 20222, ""5"": 12386}",connected
102999,300,20000,0.050000000000000044,0.05408590598031879,-5.4401528849685565,0.31223262190818785,0.05,1526,"{""0"": 16625, ""1"": 17519, ""2"": 19761, ""3"": 16449, ""4"": 20259, ""5"": 12386}",connected
103099,300,20000,0.050000000000000044,0.052220013551414014,-5.4401528849685565,0.3132655157148838,0.05,1526,"{""0"": 16643, ""1"": 17520, ""2"": 19784, ""3"": 16463, ""4"": 20296, ""5"": 12393}",connected
103199,300,20000,0.050000000000000044,0.050143944788724186,-5.4401528849685565,0.3133818170428276,0.05,1526,"{""0"": 16665, ""1"": 17524, ""2"": 19814, ""3"": 16475, ""4"": 20328, ""5"": 12393}",connected
103299,300,20000,0.050000000000000044,0.047123510800302026,-5.4401528849685565,0.3133339813351631,0.05,1526,"{""0"": 16686, ""1"": 17527, ""2"": 19842, ""3"": 16491, ""4"": 20359, ""5"": 12394}",connected
103399,300,20000,0.050000000000000044,0.04568268137052655,-5.4401528849685565,0.31542497470974923,0.05,1526,"{""0"": 16699, ""1"": 17535, ""2"": 19889, ""3"": 16493, ""4"": 20385, ""5"": 12398}",connected
103499,302,20000,0.050000000000000044,0.04250927159562707,-5.467918243315071,0.31341390520334245,0.05,1526,"{""0"": 16707, ""1"": 17563, ""2"": 19904, ""3"": 16512, ""4"": 20408, ""5"": 12405}",connected
103599,302,20000,0.050000000000000044,0.040113120451569555,-5.467918243315071,0.3089302816987038,0.05,1526,"{""0"": 16714, ""1"": 17588, ""2"": 19920, ""3"": 16526, ""4"": 20435, ""5"": 12416}",connected
103699,302,20000,0.050000000000000044,0.03801674155518413,-5.467918243315071,0.3087096709012985,0.05,1526,"{""0"": 16747, ""1"": 17600, ""2"": 19943, ""3"": 16540, ""4"": 20445, ""5"": 12424}",connected
103799,302,20000,0.050000000000000044,0.04138510398566723,-5.467918243315071,0.3023602575063705,0.05,1526,"{""0"": 16771, ""1"": 17603, ""2"": 19968, ""3"": 16565, ""4"": 20468, ""5"": 12424}",connected
103899,302,20000,0.050000000000000044,0.0420560465939343,-5.467918243315071,0.30541680559515955,0.05,1526,"{""0"": 16792, ""1"": 17637, ""2"": 19980, ""3"": 16575, ""4"": 20485, ""5"": 12430}",connected
103999,302,20000,0.050000000000000044,0.0447544726729393,-5.467918243315071,0.3095376504957676,0.05,1526,"{""0"": 16818, ""1"": 17660, ""2"": 20000, ""3"": 16584, ""4"": 20501, ""5"": 12436}",connected
104099,302,20000,0.050000000000000044,0.0456408710218966,-5.467918243315071,0.30689177140593527,0.05,1526,"{""0"": 16849, ""1"": 17673, ""2"": 20022, ""3"": 16592, ""4"": 20515, ""5"": 12448}",connected
104199,304,20000,0.050000000000000044,0.042354636806994674,-5.45019400450401,0.3131292961537838,0.05,1526,"{""0"": 16867, ""1"": 17696, ""2"": 20032, ""3"": 16607, ""4"": 20534, ""5"": 12463}",connected
104299,304,20000,0.050000000000000044,0.04051787804812193,-5.45019400450401,0.30977647125720975,0.05,1526,"{""0"": 16875, ""1"": 17708, ""2"": 20054, ""3"": 16617, ""4"": 20569, ""5"": 12476}",connected
104399,304,20000,0.050000000000000044,0.042456821240484714,-5.45019400450401,0.31139913484454157,0.05,1526,"{""0"": 16885, ""1"": 17731, ""2"": 20067, ""3"": 16633, ""4"": 20587, ""5"": 12496}",connected
104499,304,20000,0.050000000000000044,0.04303756296634674,-5.45019400450401,0.3118371205031872,0.05,1526,"{""0"": 16892, ""1"": 17751, ""2"": 20092, ""3"": 16655, ""4"": 20609, ""5"": 12500}",connected
104599,304,20000,0.050000000000000044,0.044183217845857145,-5.45019400450401,0.30887745559215546,0.05,1526,"{""0"": 16907, ""1"": 17771, ""2"": 20109, ""3"": 16675, ""4"": 20633, ""5"": 12504}",connected
104699,304,20000,0.050000000000000044,0.04822200333699584,-5.45019400450401,0.3096199357509613,0.05,1526,"{""0"": 16909, ""1"": 17800, ""2"": 20144, ""3"": 16688, ""4"": 20646, ""5"": 12512}",connected
104799,304,20000,0.050000000000000044,0.04371148293837905,-5.45019400450401,0.3072155736386776,0.05,1526,"{""0"": 16928, ""1"": 17830, ""2"": 20150, ""3"": 16693, ""4"": 20671, ""5"": 12527}",connected
104899,306,20000,0.050000000000000044,0.04291348589584231,-5.456916017569601,0.3118164174258709,0.05,1526,"{""0"": 16946, ""1"": 17854, ""2"": 20170, ""3"": 16703, ""4"": 20693, ""5"": 12533}",connected
104999,306,20000,0.050000000000000044,0.044938266165554526,-5.456916017569601,0.310166038274765,0.05,1526,"{""0"": 16952, ""1"": 17856, ""2"": 20193, ""3"": 16731, ""4"": 20706, ""5"": 12561}",connected
105099,306,20000,0.050000000000000044,0.04467182822525501,-5.456916017569601,0.31189597919583323,0.05,1526,"{""0"": 16962, ""1"": 17872, ""2"": 20213, ""3"": 16737, ""4"": 20730, ""5"": 12585}",connected
105199,306,20000,0.050000000000000044,0.04878876725211739,-5.456916017569601,0.3118808859586716,0.05,1526,"{""0"": 16974, ""1"": 17892, ""2"": 20238, ""3"": 16756, ""4"": 20741, ""5"": 12598}",connected
105299,306,20000,0.050000000000000044,0.04877311749383807,-5.456916017569601,0.30869853019714355,0.05,1526,"{""0"": 17001, ""1"": 17907, ""2"": 20252, ""3"": 16769, ""4"": 20751, ""5"": 12619}",connected
105399,306,20000,0.050000000000000044,0.04969526622444391,-5.456916017569601,0.3087232607603073,0.05,1526,"{""0"": 17035, ""1"": 17929, ""2"": 20268, ""3"": 16782, ""4"": 20759, ""5"": 12626}",connected
105499,306,20000,0.050000000000000044,0.04785700965672732,-5.456916017569601,0.31046208754181864,0.05,1526,"{""0"": 17066, ""1"": 17949, ""2"": 20283, ""3"": 16791, ""4"": 20777, ""5"": 12633}",connected
105599,308,20000,0.050000000000000044,0.04372299775481224,-5.454937462178059,0.3072818911075592,0.05,1526,"{""0"": 17097, ""1"": 17967, ""2"": 20302, ""3"": 16812, ""4"": 20788, ""5"": 12633}",connected
105699,308,20000,0.050000000000000044,0.039906040225178005,-5.454937462178059,0.3055232824385166,0.05,1526,"{""0"": 17105, ""1"": 17980, ""2"": 20341, ""3"": 16824, ""4"": 20812, ""5"": 12637}",connected
105799,308,20000,0.050000000000000044,0.03882121110334993,-5.454937462178059,0.31019702285528183,0.05,1526,"{""0"": 17111, ""1"": 17989, ""2"": 20360, ""3"": 16850, ""4"": 20841, ""5"": 12648}",connected
105899,308,20000,0.050000000000000044,0.0450716245546937,-5.454937462178059,0.3057274071872234,0.05,1526,"{""0"": 17119, ""1"": 18015, ""2"": 20375, ""3"": 16862, ""4"": 20859, ""5"": 12669}",connected
105999,308,20000,0.050000000000000044,0.047874238044023514,-5.454937462178059,0.3118936888873577,0.05,1526,"{""0"": 17140, ""1"": 18039, ""2"": 20391, ""3"": 16881, ""4"": 20875, ""5"": 12673}",connected
106099,308,20000,0.050000000000000044,0.050761825684458015,-5.454937462178059,0.3099152019619942,0.05,1526,"{""0"": 17153, ""1"": 18061, ""2"": 20397, ""3"": 16889, ""4"": 20896, ""5"": 12703}",connected
106199,308,20000,0.050000000000000044,0.04959620662033558,-5.454937462178059,0.3033861294388771,0.05,1526,"{""0"": 17168, ""1"": 18091, ""2"": 20405, ""3"": 16903, ""4"": 20913, ""5"": 12719}",connected
106299,308,20000,0.050000000000000044,0.04342936381697655,-5.454937462178059,0.3033968497812748,0.05,1526,"{""0"": 17182, ""1"": 18110, ""2"": 20416, ""3"": 16928, ""4"": 20939, ""5"": 12724}",connected
106399,310,20000,0.050000000000000044,0.03859419485554099,-5.417044135853648,0.29908903300762174,0.05,1526,"{""0"": 17195, ""1"": 18126, ""2"": 20432, ""3"": 16937, ""4"": 20978, ""5"": 12731}",connected
106499,310,20000,0.050000000000000044,0.038237702678889034,-5.417044135853648,0.3020580300688744,0.05,1526,"{""0"": 17221, ""1"": 18156, ""2"": 20451, ""3"": 16951, ""4"": 20982, ""5"": 12738}",connected
106599,310,20000,0.050000000000000044,0.03700477577745914,-5.417044135853648,0.30631535485386846,0.05,1526,"{""0"": 17235, ""1"": 18186, ""2"": 20469, ""3"": 16972, ""4"": 20992, ""5"": 12745}",connected
106699,310,20000,0.050000000000000044,0.04263869799673557,-5.417044135853648,0.30658584251999854,0.05,1526,"{""0"": 17252, ""1"": 18211, ""2"": 20479, ""3"": 16990, ""4"": 21021, ""5"": 12746}",connected
106799,310,20000,0.050000000000000044,0.0454707801528275,-5.417044135853648,0.3083638349175453,0.05,1526,"{""0"": 17276, ""1"": 18236, ""2"": 20481, ""3"": 17002, ""4"": 21034, ""5"": 12770}",connected
106899,310,20000,0.050000000000000044,0.04426278138533234,-5.417044135853648,0.3088413834571838,0.05,1526,"{""0"": 17301, ""1"": 18269, ""2"": 20493, ""3"": 17011, ""4"": 21050, ""5"": 12775}",connected
106999,310,20000,0.050000000000000044,0.04623851580545306,-5.417044135853648,0.3125061851739883,0.05,1526,"{""0"": 17327, ""1"": 18298, ""2"": 20519, ""3"": 17018, ""4"": 21056, ""5"": 12781}",connected
107099,312,20000,0.050000000000000044,0.044296483006328345,-5.526823757928796,0.3156321448087692,0.05,1526,"{""0"": 17335, ""1"": 18319, ""2"": 20540, ""3"": 17032, ""4"": 21086, ""5"": 12787}",connected
107199,312,20000,0.050000000000000044,0.0452638677880168,-5.526823757928796,0.31455482184886935,0.05,1526,"{""0"": 17349, ""1"": 18334, ""2"": 20563, ""3"": 17040, ""4"": 21113, ""5"": 12800}",connected
107299,312,20000,0.050000000000000044,0.04672648945823312,-5.526823757928796,0.31212085038423537,0.05,1526,"{""0"": 17368, ""1"": 18345, ""2"": 20590, ""3"": 17060, ""4"": 21127, ""5"": 12809}",connected
107399,312,20000,0.050000000000000044,0.04579074595123529,-5.526823757928796,0.3074783831834793,0.05,1526,"{""0"": 17374, ""1"": 18371, ""2"": 20608, ""3"": 17070, ""4"": 21149, ""5"": 12827}",connected
107499,312,20000,0.050000000000000044,0.04165650501847267,-5.526823757928796,0.30703321516513826,0.05,1526,"{""0"": 17405, ""1"": 18386, ""2"": 20613, ""3"": 17079, ""4"": 21171, ""5"": 12845}",connected
107599,312,20000,0.050000000000000044,0.041406606882810594,-5.526823757928796,0.3111057269573212,0.05,1526,"{""0"": 17426, ""1"": 18402, ""2"": 20631, ""3"": 17098, ""4"": 21186, ""5"": 12856}",connected
107699,312,20000,0.050000000000000044,0.04397436810657382,-5.526823757928796,0.31384781092405317,0.05,1526,"{""0"": 17439, ""1"": 18425, ""2"": 20651, ""3"": 17119, ""4"": 21197, ""5"": 12868}",connected
107799,314,20000,0.050000000000000044,0.04475394032895565,-5.529013758059591,0.3156303584575653,0.05,1526,"{""0"": 17455, ""1"": 18437, ""2"": 20674, ""3"": 17135, ""4"": 21220, ""5"": 12878}",connected
107899,314,20000,0.050000000000000044,0.04582396101206541,-5.529013758059591,0.3149211692810059,0.05,1526,"{""0"": 17478, ""1"": 18474, ""2"": 20686, ""3"": 17142, ""4"": 21240, ""5"": 12879}",connected
107999,314,20000,0.050000000000000044,0.04504633346572518,-5.529013758059591,0.31217758417129515,0.05,1526,"{""0"": 17489, ""1"": 18498, ""2"": 20693, ""3"": 17162, ""4"": 21261, ""5"": 12896}",connected
108099,314,20000,0.050000000000000044,0.041018455531448124,-5.529013758059591,0.308500093370676,0.05,1526,"{""0"": 17493, ""1"": 18519, ""2"": 20704, ""3"": 17194, ""4"": 21279, ""5"": 12910}",connected
108199,314,20000,0.050000000000000044,0.03974661873653531,-5.529013758059591,0.30852617248892783,0.05,1526,"{""0"": 17509, ""1"": 18542, ""2"": 20711, ""3"": 17199, ""4"": 21300, ""5"": 12938}",connected
108299,314,20000,0.050000000000000044,0.04031280558556318,-5.529013758059591,0.3072258973121643,0.05,1526,"{""0"": 17525, ""1"": 18552, ""2"": 20762, ""3"": 17202, ""4"": 21310, ""5"": 12948}",connected
108399,314,20000,0.050000000000000044,0.04085796156898141,-5.529013758059591,0.3072044122219086,0.05,1526,"{""0"": 17541, ""1"": 18560, ""2"": 20768, ""3"": 17217, ""4"": 21363, ""5"": 12950}",connected
108499,316,20000,0.050000000000000044,0.0414964454062283,-5.538827500683255,0.3087639373540878,0.05,1526,"{""0"": 17557, ""1"": 18561, ""2"": 20783, ""3"": 17240, ""4"": 21403, ""5"": 12955}",connected
108599,316,20000,0.050000000000000044,0.0449458091519773,-5.538827500683255,0.30620939955115317,0.05,1526,"{""0"": 17576, ""1"": 18583, ""2"": 20799, ""3"": 17258, ""4"": 21421, ""5"": 12962}",connected
108699,316,20000,0.050000000000000044,0.04767546243965626,-5.538827500683255,0.3069471602141857,0.05,1526,"{""0"": 17579, ""1"": 18615, ""2"": 20813, ""3"": 17269, ""4"": 21440, ""5"": 12983}",connected
108799,316,20000,0.050000000000000044,0.048717335853725674,-5.538827500683255,0.3088786281645298,0.05,1526,"{""0"": 17586, ""1"": 18648, ""2"": 20824, ""3"": 17293, ""4"": 21464, ""5"": 12984}",connected
108899,316,20000,0.050000000000000044,0.04976852973923087,-5.538827500683255,0.3103411668539047,0.05,1526,"{""0"": 17592, ""1"": 18684, ""2"": 20837, ""3"": 17305, ""4"": 21479, ""5"": 13002}",connected
108999,316,20000,0.050000000000000044,0.04564978572539985,-5.538827500683255,0.31198092266917227,0.05,1526,"{""0"": 17611, ""1"": 18694, ""2"": 20862, ""3"": 17324, ""4"": 21503, ""5"": 13005}",connected
109099,316,20000,0.050000000000000044,0.042781052477657795,-5.538827500683255,0.31385503575205803,0.05,1526,"{""0"": 17629, ""1"": 18712, ""2"": 20875, ""3"": 17347, ""4"": 21509, ""5"": 13027}",connected
109199,318,20000,0.050000000000000044,0.04471416195854545,-5.634852841910906,0.3110484978556633,0.05,1526,"{""0"": 17651, ""1"": 18729, ""2"": 20886, ""3"": 17376, ""4"": 21528, ""5"": 13029}",connected
109299,318,20000,0.050000000000000044,0.04427313160151243,-5.634852841910906,0.30923035979270935,0.05,1526,"{""0"": 17674, ""1"": 18736, ""2"": 20900, ""3"": 17386, ""4"": 21558, ""5"": 13045}",connected
109399,318,20000,0.050000000000000044,0.046311069624498484,-5.634852841910906,0.3086905424296856,0.05,1526,"{""0"": 17701, ""1"": 18772, ""2"": 20913, ""3"": 17398, ""4"": 21570, ""5"": 13045}",connected
109499,318,20000,0.050000000000000044,0.04477209970355034,-5.634852841910906,0.3072740140557289,0.05,1526,"{""0"": 17721, ""1"": 18772, ""2"": 20922, ""3"": 17431, ""4"": 21604, ""5"": 13049}",connected
109599,318,20000,0.050000000000000044,0.041989832241088154,-5.634852841910906,0.30745781198143957,0.05,1526,"{""0"": 17747, ""1"": 18772, ""2"": 20922, ""3"": 17468, ""4"": 21624, ""5"": 13066}",connected
109699,318,20000,0.050000000000000044,0.04216410985216498,-5.634852841910906,0.3102341243624687,0.05,1526,"{""0"": 17774, ""1"": 18772, ""2"": 20922, ""3"": 17507, ""4"": 21636, ""5"": 13088}",connected
109799,318,20000,0.050000000000000044,0.0412517648562789,-5.634852841910906,0.3134628356993198,0.05,1526,"{""0"": 17795, ""1"": 18773, ""2"": 20933, ""3"": 17544, ""4"": 21645, ""5"": 13109}",connected
109899,319,20000,0.050000000000000044,0.04290302084758878,-5.629357204590924,0.315213558524847,0.05,1526,"{""0"": 17819, ""1"": 18774, ""2"": 20938, ""3"": 17575, ""4"": 21663, ""5"": 13130}",connected
109999,320,20000,0.050000000000000044,0.03981599260121584,-5.66193070165813,0.31364269465208056,0.05,1526,"{""0"": 17849, ""1"": 18782, ""2"": 20959, ""3"": 17580, ""4"": 21691, ""5"": 13138}",connected
110099,320,20000,0.050000000000000044,0.0400716176815331,-5.66193070165813,0.31001982346177104,0.05,1526,"{""0"": 17864, ""1"": 18795, ""2"": 20995, ""3"": 17584, ""4"": 21714, ""5"": 13147}",connected
110199,320,20000,0.050000000000000044,0.04039958499372005,-5.66193070165813,0.30485006704926493,0.05,1526,"{""0"": 17901, ""1"": 18795, ""2"": 21038, ""3"": 17591, ""4"": 21727, ""5"": 13147}",connected
110299,320,20000,0.050000000000000044,0.03856334930285812,-5.66193070165813,0.3009135127067566,0.05,1526,"{""0"": 17933, ""1"": 18813, ""2"": 21046, ""3"": 17597, ""4"": 21753, ""5"": 13157}",connected
110399,320,20000,0.050000000000000044,0.04305408101528883,-5.66193070165813,0.30177899077534676,0.05,1526,"{""0"": 17944, ""1"": 18850, ""2"": 21048, ""3"": 17614, ""4"": 21777, ""5"": 13166}",connected
110499,320,20000,0.050000000000000044,0.04142477666959166,-5.66193070165813,0.30099566623568536,0.05,1526,"{""0"": 17975, ""1"": 18851, ""2"": 21053, ""3"": 17646, ""4"": 21799, ""5"": 13175}",connected
110599,320,20000,0.050000000000000044,0.04285000054165721,-5.66193070165813,0.29842535719275476,0.05,1526,"{""0"": 17985, ""1"": 18877, ""2"": 21059, ""3"": 17672, ""4"": 21822, ""5"": 13184}",connected
110699,322,20000,0.050000000000000044,0.043376462161540986,-5.6700385863473635,0.2974524788558483,0.05,1526,"{""0"": 18000, ""1"": 18886, ""2"": 21077, ""3"": 17695, ""4"": 21849, ""5"": 13192}",connected
110799,322,20000,0.050000000000000044,0.042028257232159374,-5.6700385863473635,0.29958907023072245,0.05,1526,"{""0"": 18013, ""1"": 18901, ""2"": 21096, ""3"": 17717, ""4"": 21867, ""5"": 13205}",connected
110899,322,20000,0.050000000000000044,0.04313192017376423,-5.6700385863473635,0.29988759860396386,0.05,1526,"{""0"": 18026, ""1"": 18924, ""2"": 21121, ""3"": 17730, ""4"": 21889, ""5"": 13209}",connected
110999,322,20000,0.050000000000000044,0.03942462284117937,-5.6700385863473635,0.30382956385612486,0.05,1526,"{""0"": 18041, ""1"": 18936, ""2"": 21160, ""3"": 17752, ""4"": 21899, ""5"": 13211}",connected
111099,322,20000,0.050000000000000044,0.03992211574688554,-5.6700385863473635,0.30426646560430526,0.05,1526,"{""0"": 18070, ""1"": 18949, ""2"": 21172, ""3"": 17778, ""4"": 21915, ""5"": 13215}",connected
111199,322,20000,0.050000000000000044,0.0402356793358922,-5.6700385863473635,0.29862223103642466,0.05,1526,"{""0"": 18117, ""1"": 18968, ""2"": 21181, ""3"": 17781, ""4"": 21926, ""5"": 13226}",connected
111299,322,20000,0.050000000000000044,0.03978510556742549,-5.6700385863473635,0.3018548582494259,0.05,1526,"{""0"": 18141, ""1"": 18985, ""2"": 21192, ""3"": 17794, ""4"": 21957, ""5"": 13230}",connected
111399,324,20000,0.050000000000000044,0.040043897107243535,-5.674985971655697,0.29785709500312807,0.05,1526,"{""0"": 18161, ""1"": 19010, ""2"": 21203, ""3"": 17805, ""4"": 21984, ""5"": 13236}",connected
111499,324,20000,0.050000000000000044,0.038576796296983955,-5.674985971655697,0.298795080780983,0.05,1526,"{""0"": 18200, ""1"": 19022, ""2"": 21235, ""3"": 17810, ""4"": 21984, ""5"": 13248}",connected
111599,324,20000,0.050000000000000044,0.03701467205770314,-5.674985971655697,0.29660787552595136,0.05,1526,"{""0"": 18241, ""1"": 19033, ""2"": 21254, ""3"": 17818, ""4"": 21988, ""5"": 13265}",connected
111699,324,20000,0.050000000000000044,0.04102343811653555,-5.674985971655697,0.2930064767599106,0.05,1526,"{""0"": 18269, ""1"": 19038, ""2"": 21303, ""3"": 17824, ""4"": 21992, ""5"": 13273}",connected
111799,324,20000,0.050000000000000044,0.04462773717008531,-5.674985971655697,0.2994553925096989,0.05,1526,"{""0"": 18308, ""1"": 19045, ""2"": 21315, ""3"": 17833, ""4"": 22020, ""5"": 13278}",connected
111899,324,20000,0.050000000000000044,0.0503372358251363,-5.674985971655697,0.301040216833353,0.05,1526,"{""0"": 18322, ""1"": 19075, ""2"": 21320, ""3"": 17843, ""4"": 22053, ""5"": 13286}",connected
111999,324,20000,0.050000000000000044,0.051834280993789436,-5.674985971655697,0.30437049254775045,0.05,1526,"{""0"": 18354, ""1"": 19104, ""2"": 21320, ""3"": 17843, ""4"": 22074, ""5"": 13304}",connected
112099,326,20000,0.050000000000000044,0.04712460450828075,-5.6715710488474,0.302828206717968,0.05,1526,"{""0"": 18379, ""1"": 19135, ""2"": 21322, ""3"": 17848, ""4"": 22088, ""5"": 13327}",connected
112199,326,20000,0.050000000000000044,0.04434695586562157,-5.6715710488474,0.29941020384430883,0.05,1526,"{""0"": 18405, ""1"": 19149, ""2"": 21326, ""3"": 17871, ""4"": 22105, ""5"": 13343}",connected
112299,326,20000,0.050000000000000044,0.04172164935618639,-5.6715710488474,0.29581474855542184,0.05,1526,"{""0"": 18442, ""1"": 19159, ""2"": 21367, ""3"": 17879, ""4"": 22108, ""5"": 13344}",connected
112399,326,20000,0.050000000000000044,0.041924491096287965,-5.6715710488474,0.2974989494681358,0.05,1526,"{""0"": 18467, ""1"": 19182, ""2"": 21390, ""3"": 17895, ""4"": 22121, ""5"": 13344}",connected
112499,326,20000,0.050000000000000044,0.04163697887212038,-5.6715710488474,0.29779682770371435,0.05,1526,"{""0"": 18485, ""1"": 19188, ""2"": 21397, ""3"": 17918, ""4"": 22163, ""5"": 13348}",connected
112599,326,20000,0.050000000000000044,0.04205497089773416,-5.6715710488474,0.29901148319244386,0.05,1526,"{""0"": 18505, ""1"": 19202, ""2"": 21404, ""3"": 17959, ""4"": 22174, ""5"": 13355}",connected
112699,326,20000,0.050000000000000044,0.04134725844487548,-5.6715710488474,0.2980091346800327,0.05,1526,"{""0"": 18525, ""1"": 19215, ""2"": 21422, ""3"": 17966, ""4"": 22194, ""5"": 13377}",connected
112799,328,20000,0.050000000000000044,0.04017960945144296,-5.649247357849963,0.2988025923073292,0.05,1526,"{""0"": 18537, ""1"": 19235, ""2"": 21449, ""3"": 17983, ""4"": 22199, ""5"": 13396}",connected
112899,328,20000,0.050000000000000044,0.042412576451897624,-5.649247357849963,0.30400123476982116,0.05,1526,"{""0"": 18551, ""1"": 19267, ""2"": 21452, ""3"": 17997, ""4"": 22232, ""5"": 13400}",connected
112999,328,20000,0.050000000000000044,0.044436820447444916,-5.649247357849963,0.30289579585194587,0.05,1526,"{""0"": 18559, ""1"": 19292, ""2"": 21478, ""3"": 18014, ""4"": 22244, ""5"": 13412}",connected
113099,328,20000,0.050000000000000044,0.04396655644290149,-5.649247357849963,0.3014791595935822,0.05,1526,"{""0"": 18576, ""1"": 19317, ""2"": 21492, ""3"": 18028, ""4"": 22262, ""5"": 13424}",connected
113199,328,20000,0.050000000000000044,0.044652805207297204,-5.649247357849963,0.2964930334687233,0.05,1526,"{""0"": 18593, ""1"": 19348, ""2"": 21497, ""3"": 18038, ""4"": 22277, ""5"": 13446}",connected
113299,328,20000,0.050000000000000044,0.04608143818564713,-5.649247357849963,0.2916965837776661,0.05,1526,"{""0"": 18600, ""1"": 19370, ""2"": 21526, ""3"": 18060, ""4"": 22292, ""5"": 13451}",connected
113399,328,20000,0.050000000000000044,0.0485666788648814,-5.649247357849963,0.2910940657556057,0.05,1526,"{""0"": 18620, ""1"": 19385, ""2"": 21530, ""3"": 18078, ""4"": 22311, ""5"": 13475}",connected
113499,330,20000,0.050000000000000044,0.05136673867702484,-5.644608722743579,0.2945545871555805,0.05,1526,"{""0"": 18646, ""1"": 19408, ""2"": 21564, ""3"": 18084, ""4"": 22321, ""5"": 13476}",connected
113599,330,20000,0.050000000000000044,0.05340179830789566,-5.644608722743579,0.29614701569080354,0.05,1526,"{""0"": 18663, ""1"": 19411, ""2"": 21591, ""3"": 18099, ""4"": 22359, ""5"": 13476}",connected
113699,330,20000,0.050000000000000044,0.05206392478197813,-5.644608722743579,0.29351732566952704,0.05,1526,"{""0"": 18693, ""1"": 19423, ""2"": 21609, ""3"": 18120, ""4"": 22376, ""5"": 13478}",connected
113799,330,20000,0.050000000000000044,0.04754763340577483,-5.644608722743579,0.291184611171484,0.05,1526,"{""0"": 18720, ""1"": 19435, ""2"": 21613, ""3"": 18136, ""4"": 22378, ""5"": 13517}",connected
113899,330,20000,0.050000000000000044,0.04713863126933575,-5.644608722743579,0.29081834882497787,0.05,1526,"{""0"": 18733, ""1"": 19451, ""2"": 21634, ""3"": 18146, ""4"": 22398, ""5"": 13537}",connected
113999,330,20000,0.050000000000000044,0.047552776709198954,-5.644608722743579,0.29218334048986433,0.05,1526,"{""0"": 18742, ""1"": 19462, ""2"": 21669, ""3"": 18155, ""4"": 22430, ""5"": 13541}",connected
114099,332,20000,0.050000000000000044,0.04959667801856995,-5.520504200002178,0.29637997925281523,0.05,1526,"{""0"": 18755, ""1"": 19481, ""2"": 21689, ""3"": 18170, ""4"": 22452, ""5"": 13552}",connected
114199,332,20000,0.050000000000000044,0.04908145412802696,-5.520504200002178,0.29579262584447863,0.05,1526,"{""0"": 18774, ""1"": 19498, ""2"": 21704, ""3"": 18184, ""4"": 22486, ""5"": 13553}",connected
114299,332,20000,0.050000000000000044,0.04699406431987882,-5.520504200002178,0.2954797601699829,0.05,1526,"{""0"": 18783, ""1"": 19511, ""2"": 21732, ""3"": 18207, ""4"": 22504, ""5"": 13562}",connected
114399,332,20000,0.050000000000000044,0.04480238251388073,-5.520504200002178,0.2958154332637787,0.05,1526,"{""0"": 18796, ""1"": 19535, ""2"": 21750, ""3"": 18231, ""4"": 22513, ""5"": 13574}",connected
114499,332,20000,0.050000000000000044,0.03924823254346847,-5.520504200002178,0.2929728826880455,0.05,1526,"{""0"": 18824, ""1"": 19559, ""2"": 21777, ""3"": 18236, ""4"": 22522, ""5"": 13581}",connected
114599,332,20000,0.050000000000000044,0.04145140666514635,-5.520504200002178,0.2937211115658283,0.05,1526,"{""0"": 18845, ""1"": 19590, ""2"": 21791, ""3"": 18242, ""4"": 22542, ""5"": 13589}",connected
114699,332,20000,0.050000000000000044,0.04158768566325307,-5.520504200002178,0.2924229331314564,0.05,1526,"{""0"": 18866, ""1"": 19610, ""2"": 21808, ""3"": 18255, ""4"": 22569, ""5"": 13591}",connected
114799,334,20000,0.050000000000000044,0.04588433783501387,-5.536829266063869,0.29023692160844805,0.05,1526,"{""0"": 18885, ""1"": 19643, ""2"": 21824, ""3"": 18259, ""4"": 22591, ""5"": 13597}",connected
114899,334,20000,0.050000000000000044,0.05039188183844089,-5.536829266063869,0.2902954070270061,0.05,1526,"{""0"": 18917, ""1"": 19673, ""2"": 21837, ""3"": 18260, ""4"": 22608, ""5"": 13604}",connected
114999,334,20000,0.050000000000000044,0.04890996549278498,-5.536829266063869,0.2892842049896717,0.05,1526,"{""0"": 18937, ""1"": 19685, ""2"": 21859, ""3"": 18281, ""4"": 22622, ""5"": 13615}",connected
115099,334,20000,0.050000000000000044,0.050136318765580654,-5.536829266063869,0.28941053465008737,0.05,1526,"{""0"": 18955, ""1"": 19699, ""2"": 21885, ""3"": 18297, ""4"": 22629, ""5"": 13634}",connected
115199,334,20000,0.050000000000000044,0.04592077501118183,-5.536829266063869,0.29065155297517775,0.05,1526,"{""0"": 18972, ""1"": 19719, ""2"": 21892, ""3"": 18320, ""4"": 22641, ""5"": 13655}",connected
115299,334,20000,0.050000000000000044,0.04395538160577416,-5.536829266063869,0.29028207376599313,0.05,1526,"{""0"": 18994, ""1"": 19727, ""2"": 21928, ""3"": 18329, ""4"": 22660, ""5"": 13661}",connected
115399,334,20000,0.050000000000000044,0.0476401467807591,-5.536829266063869,0.2896348625421524,0.05,1526,"{""0"": 19019, ""1"": 19736, ""2"": 21942, ""3"": 18339, ""4"": 22684, ""5"": 13679}",connected
115499,336,20000,0.050000000000000044,0.04778320666402578,-5.536495630983263,0.28784734979271887,0.05,1526,"{""0"": 19032, ""1"": 19745, ""2"": 21966, ""3"": 18352, ""4"": 22714, ""5"": 13690}",connected
115599,336,20000,0.050000000000000044,0.04578517142683267,-5.536495630983263,0.2889568930864334,0.05,1526,"{""0"": 19068, ""1"": 19756, ""2"": 21989, ""3"": 18357, ""4"": 22738, ""5"": 13691}",connected
115699,336,20000,0.050000000000000044,0.04576252624392509,-5.536495630983263,0.2906723579764366,0.05,1526,"{""0"": 19100, ""1"": 19765, ""2"": 22001, ""3"": 18370, ""4"": 22759, ""5"": 13704}",connected
115799,336,20000,0.050000000000000044,0.04065606664866209,-5.536495630983263,0.2917115591466427,0.05,1526,"{""0"": 19111, ""1"": 19776, ""2"": 22023, ""3"": 18370, ""4"": 22787, ""5"": 13732}",connected
115899,336,20000,0.050000000000000044,0.03971496345475316,-5.536495630983263,0.29271273747086524,0.05,1526,"{""0"": 19158, ""1"": 19782, ""2"": 22033, ""3"": 18370, ""4"": 22790, ""5"": 13766}",connected
115999,336,20000,0.050000000000000044,0.04162807708606124,-5.536495630983263,0.29449756801128385,0.05,1526,"{""0"": 19202, ""1"": 19782, ""2"": 22076, ""3"": 18370, ""4"": 22799, ""5"": 13770}",connected
116099,336,20000,0.050000000000000044,0.04307008240371943,-5.536495630983263,0.2941189327836037,0.05,1526,"{""0"": 19234, ""1"": 19786, ""2"": 22111, ""3"": 18370, ""4"": 22811, ""5"": 13787}",connected
116199,338,20000,0.050000000000000044,0.04533661073073745,-5.60230779923033,0.2951778231561184,0.05,1526,"{""0"": 19246, ""1"": 19800, ""2"": 22142, ""3"": 18371, ""4"": 22823, ""5"": 13817}",connected
116299,338,20000,0.050000000000000044,0.04421932697296142,-5.60230779923033,0.29458712801337245,0.05,1526,"{""0"": 19254, ""1"": 19839, ""2"": 22162, ""3"": 18376, ""4"": 22844, ""5"": 13824}",connected
116399,338,20000,0.050000000000000044,0.0417157387547195,-5.60230779923033,0.2933478970825672,0.05,1526,"{""0"": 19266, ""1"": 19882, ""2"": 22181, ""3"": 18395, ""4"": 22846, ""5"": 13829}",connected
116499,338,20000,0.050000000000000044,0.04466710444539786,-5.60230779923033,0.2934438283741474,0.05,1526,"{""0"": 19294, ""1"": 19912, ""2"": 22192, ""3"": 18419, ""4"": 22851, ""5"": 13831}",connected
116599,338,20000,0.050000000000000044,0.044583156406879425,-5.60230779923033,0.294444237947464,0.05,1526,"{""0"": 19315, ""1"": 19942, ""2"": 22207, ""3"": 18435, ""4"": 22868, ""5"": 13832}",connected
116699,338,20000,0.050000000000000044,0.04452860383316874,-5.60230779923033,0.2994586105644703,0.05,1526,"{""0"": 19340, ""1"": 19959, ""2"": 22226, ""3"": 18451, ""4"": 22888, ""5"": 13835}",connected
116799,338,20000,0.050000000000000044,0.0476611418556422,-5.60230779923033,0.2938384099304676,0.05,1526,"{""0"": 19376, ""1"": 19982, ""2"": 22252, ""3"": 18461, ""4"": 22889, ""5"": 13839}",connected
116899,340,20000,0.050000000000000044,0.04179106646217406,-5.607588337599299,0.293725802898407,0.05,1526,"{""0"": 19382, ""1"": 19987, ""2"": 22278, ""3"": 18494, ""4"": 22919, ""5"": 13839}",connected
116999,340,20000,0.050000000000000044,0.04184784253127873,-5.607588337599299,0.2943169382214546,0.05,1526,"{""0"": 19390, ""1"": 19997, ""2"": 22294, ""3"": 18500, ""4"": 22956, ""5"": 13862}",connected
117099,340,20000,0.050000000000000044,0.04168932226486504,-5.607588337599299,0.29326743334531785,0.05,1526,"{""0"": 19403, ""1"": 20019, ""2"": 22311, ""3"": 18533, ""4"": 22968, ""5"": 13865}",connected
117199,340,20000,0.050000000000000044,0.039759463761001826,-5.607588337599299,0.29936486929655076,0.05,1526,"{""0"": 19430, ""1"": 20038, ""2"": 22322, ""3"": 18541, ""4"": 22998, ""5"": 13870}",connected
117299,340,20000,0.050000000000000044,0.040068969931453466,-5.607588337599299,0.29829087898135187,0.05,1526,"{""0"": 19465, ""1"": 20042, ""2"": 22328, ""3"": 18550, ""4"": 23016, ""5"": 13898}",connected
117399,340,20000,0.050000000000000044,0.039224697668105366,-5.607588337599299,0.2957174628973007,0.05,1526,"{""0"": 19501, ""1"": 20056, ""2"": 22347, ""3"": 18560, ""4"": 23027, ""5"": 13908}",connected
117499,340,20000,0.050000000000000044,0.037439555302262305,-5.607588337599299,0.2919074435532093,0.05,1526,"{""0"": 19532, ""1"": 20059, ""2"": 22365, ""3"": 18564, ""4"": 23057, ""5"": 13922}",connected
117599,342,20000,0.050000000000000044,0.037011192757636306,-5.568835671078414,0.2924367994070053,0.05,1526,"{""0"": 19553, ""1"": 20084, ""2"": 22388, ""3"": 18574, ""4"": 23067, ""5"": 13933}",connected
117699,342,20000,0.050000000000000044,0.03987623272463679,-5.568835671078414,0.2924829652905464,0.05,1526,"{""0"": 19565, ""1"": 20106, ""2"": 22390, ""3"": 18611, ""4"": 23093, ""5"": 13934}",connected
117799,342,20000,0.050000000000000044,0.042876212298870085,-5.568835671078414,0.29188628628849983,0.05,1526,"{""0"": 19579, ""1"": 20120, ""2"": 22401, ""3"": 18625, ""4"": 23113, ""5"": 13961}",connected
117899,342,20000,0.050000000000000044,0.046854571960866453,-5.568835671078414,0.29485679760575295,0.05,1526,"{""0"": 19614, ""1"": 20140, ""2"": 22403, ""3"": 18648, ""4"": 23120, ""5"": 13974}",connected
117999,342,20000,0.050000000000000044,0.047881872281432154,-5.568835671078414,0.2896573658287525,0.05,1526,"{""0"": 19627, ""1"": 20145, ""2"": 22433, ""3"": 18661, ""4"": 23147, ""5"": 13986}",connected
118099,342,20000,0.050000000000000044,0.04859208623878658,-5.568835671078414,0.28707362338900566,0.05,1526,"{""0"": 19644, ""1"": 20151, ""2"": 22452, ""3"": 18686, ""4"": 23165, ""5"": 14001}",connected
118199,342,20000,0.050000000000000044,0.047217235239222645,-5.568835671078414,0.28843633651733397,0.05,1526,"{""0"": 19688, ""1"": 20161, ""2"": 22469, ""3"": 18694, ""4"": 23182, ""5"": 14005}",connected
118299,342,20000,0.050000000000000044,0.04375239533372224,-5.568835671078414,0.2871665960550308,0.05,1526,"{""0"": 19700, ""1"": 20180, ""2"": 22505, ""3"": 18716, ""4"": 23192, ""5"": 14006}",connected
118399,344,20000,0.050000000000000044,0.04088294141925872,-5.571568031394854,0.2892284028232098,0.05,1526,"{""0"": 19711, ""1"": 20185, ""2"": 22532, ""3"": 18730, ""4"": 23231, ""5"": 14010}",connected
118499,344,20000,0.050000000000000044,0.037925334256142376,-5.571568031394854,0.29306599840521813,0.05,1526,"{""0"": 19730, ""1"": 20195, ""2"": 22548, ""3"": 18764, ""4"": 23248, ""5"": 14014}",connected
118599,344,20000,0.050000000000000044,0.03609033873304725,-5.571568031394854,0.2949954541027546,0.05,1526,"{""0"": 19749, ""1"": 20205, ""2"": 22562, ""3"": 18778, ""4"": 23275, ""5"": 14030}",connected
118699,344,20000,0.050000000000000044,0.037880737017840144,-5.571568031394854,0.2905291350185871,0.05,1526,"{""0"": 19785, ""1"": 20207, ""2"": 22577, ""3"": 18794, ""4"": 23294, ""5"": 14042}",connected
118799,344,20000,0.050000000000000044,0.04242687473073602,-5.571568031394854,0.29073428332805634,0.05,1526,"{""0"": 19786, ""1"": 20222, ""2"": 22606, ""3"": 18828, ""4"": 23315, ""5"": 14042}",connected
118899,344,20000,0.050000000000000044,0.04134339794516564,-5.571568031394854,0.2881098593771458,0.05,1526,"{""0"": 19808, ""1"": 20261, ""2"": 22615, ""3"": 18835, ""4"": 23335, ""5"": 14045}",connected
118999,344,20000,0.050000000000000044,0.04276637835428119,-5.571568031394854,0.2850755439698696,0.05,1526,"{""0"": 19829, ""1"": 20283, ""2"": 22643, ""3"": 18843, ""4"": 23354, ""5"": 14047}",connected
119099,346,20000,0.050000000000000044,0.04176314245909452,-5.5699857167061415,0.28827888786792755,0.05,1526,"{""0"": 19840, ""1"": 20302, ""2"": 22655, ""3"": 18871, ""4"": 23368, ""5"": 14063}",connected
119199,346,20000,0.050000000000000044,0.042336589712649586,-5.5699857167061415,0.28760994657874106,0.05,1526,"{""0"": 19860, ""1"": 20315, ""2"": 22670, ""3"": 18884, ""4"": 23399, ""5"": 14071}",connected
119299,346,20000,0.050000000000000044,0.04630474710837006,-5.5699857167061415,0.2916016474366188,0.05,1526,"{""0"": 19885, ""1"": 20334, ""2"": 22689, ""3"": 18896, ""4"": 23411, ""5"": 14084}",connected
119399,346,20000,0.050000000000000044,0.046572746392339465,-5.5699857167061415,0.2894777275621891,0.05,1526,"{""0"": 19929, ""1"": 20346, ""2"": 22704, ""3"": 18918, ""4"": 23417, ""5"": 14085}",connected
119499,346,20000,0.050000000000000044,0.04720198044553399,-5.5699857167061415,0.29180431440472604,0.05,1526,"{""0"": 19955, ""1"": 20381, ""2"": 22722, ""3"": 18930, ""4"": 23425, ""5"": 14086}",connected
119599,346,20000,0.050000000000000044,0.04537318663671613,-5.5699857167061415,0.28972173675894736,0.05,1526,"{""0"": 19983, ""1"": 20397, ""2"": 22758, ""3"": 18930, ""4"": 23441, ""5"": 14090}",connected
119699,346,20000,0.050000000000000044,0.04032438687980175,-5.5699857167061415,0.28378555804491046,0.05,1526,"{""0"": 20005, ""1"": 20427, ""2"": 22763, ""3"": 18959, ""4"": 23450, ""5"": 14095}",connected
119799,348,20000,0.050000000000000044,0.03856346247717738,-5.583758500455879,0.2878412798047066,0.05,1526,"{""0"": 20030, ""1"": 20448, ""2"": 22781, ""3"": 18973, ""4"": 23458, ""5"": 14109}",connected
119899,348,20000,0.050000000000000044,0.039775829333812,-5.583758500455879,0.28530687510967256,0.05,1526,"{""0"": 20036, ""1"": 20477, ""2"": 22796, ""3"": 18999, ""4"": 23470, ""5"": 14121}",connected
119999,348,20000,0.050000000000000044,0.03863174598664045,-5.583758500455879,0.2841673821210861,0.05,1526,"{""0"": 20037, ""1"": 20484, ""2"": 22840, ""3"": 19006, ""4"": 23491, ""5"": 14141}",connected
120099,348,20000,0.050000000000000044,0.042103998679667715,-5.583758500455879,0.2871257209777832,0.05,1526,"{""0"": 20040, ""1"": 20512, ""2"": 22850, ""3"": 19030, ""4"": 23509, ""5"": 14158}",connected
120199,348,20000,0.050000000000000044,0.043141234163194896,-5.583758500455879,0.28575792104005815,0.05,1526,"{""0"": 20053, ""1"": 20535, ""2"": 22880, ""3"": 19048, ""4"": 23519, ""5"": 14164}",connected
120299,348,20000,0.050000000000000044,0.0424985590018332,-5.583758500455879,0.28347397804260255,0.05,1526,"{""0"": 20066, ""1"": 20571, ""2"": 22889, ""3"": 19051, ""4"": 23549, ""5"": 14173}",connected
120399,348,20000,0.050000000000000044,0.042766565009951595,-5.583758500455879,0.28550339326262475,0.05,1526,"{""0"": 20078, ""1"": 20604, ""2"": 22896, ""3"": 19073, ""4"": 23561, ""5"": 14187}",connected
120499,350,20000,0.050000000000000044,0.0433549190312624,-5.600659013795666,0.28556880936026574,0.05,1526,"{""0"": 20089, ""1"": 20615, ""2"": 22916, ""3"": 19096, ""4"": 23580, ""5"": 14203}",connected
120599,350,20000,0.050000000000000044,0.04041266245767474,-5.600659013795666,0.28542599454522133,0.05,1526,"{""0"": 20123, ""1"": 20626, ""2"": 22928, ""3"": 19100, ""4"": 23616, ""5"": 14206}",connected
120699,350,20000,0.050000000000000044,0.03923187766224146,-5.600659013795666,0.28931336581707,0.05,1526,"{""0"": 20135, ""1"": 20645, ""2"": 22940, ""3"": 19104, ""4"": 23657, ""5"": 14218}",connected
120799,352,20000,0.050000000000000044,0.04097181400284171,-5.47463209792506,0.2878546604514122,0.05,1526,"{""0"": 20145, ""1"": 20656, ""2"": 22965, ""3"": 19114, ""4"": 23689, ""5"": 14230}",connected
120899,352,20000,0.050000000000000044,0.041372048817574975,-5.47463209792506,0.2890279059112072,0.05,1526,"{""0"": 20150, ""1"": 20689, ""2"": 22979, ""3"": 19122, ""4"": 23721, ""5"": 14238}",connected
120999,352,20000,0.050000000000000044,0.045865773390978574,-5.47463209792506,0.28528094381093977,0.05,1526,"{""0"": 20162, ""1"": 20696, ""2"": 22997, ""3"": 19151, ""4"": 23739, ""5"": 14254}",connected
121099,352,20000,0.050000000000000044,0.047532480340451,-5.47463209792506,0.2794883792102337,0.05,1526,"{""0"": 20178, ""1"": 20726, ""2"": 23001, ""3"": 19187, ""4"": 23750, ""5"": 14257}",connected
121199,352,20000,0.050000000000000044,0.04450661359354854,-5.47463209792506,0.28405293136835097,0.05,1526,"{""0"": 20198, ""1"": 20752, ""2"": 23013, ""3"": 19198, ""4"": 23766, ""5"": 14272}",connected
121299,352,20000,0.050000000000000044,0.0465264212526381,-5.47463209792506,0.2848464286327362,0.05,1526,"{""0"": 20215, ""1"": 20782, ""2"": 23023, ""3"": 19215, ""4"": 23787, ""5"": 14277}",connected
121399,352,20000,0.050000000000000044,0.04734826122410595,-5.47463209792506,0.2876245437562466,0.05,1526,"{""0"": 20239, ""1"": 20808, ""2"": 23025, ""3"": 19235, ""4"": 23806, ""5"": 14286}",connected
121499,354,20000,0.050000000000000044,0.04695343033410609,-5.598082554126158,0.29272021755576133,0.05,1526,"{""0"": 20277, ""1"": 20830, ""2"": 23047, ""3"": 19236, ""4"": 23823, ""5"": 14286}",connected
121599,354,20000,0.050000000000000044,0.047730554984882476,-5.598082554126158,0.2902907772362232,0.05,1526,"{""0"": 20300, ""1"": 20863, ""2"": 23060, ""3"": 19250, ""4"": 23829, ""5"": 14297}",connected
121699,354,20000,0.050000000000000044,0.04487494540400803,-5.598082554126158,0.2880563773214817,0.05,1526,"{""0"": 20318, ""1"": 20883, ""2"": 23082, ""3"": 19265, ""4"": 23842, ""5"": 14309}",connected
121799,354,20000,0.050000000000000044,0.04686900453642011,-5.598082554126158,0.2896142388880253,0.05,1526,"{""0"": 20352, ""1"": 20896, ""2"": 23087, ""3"": 19295, ""4"": 23850, ""5"": 14319}",connected
121899,354,20000,0.050000000000000044,0.046402575708925725,-5.598082554126158,0.2887551473081112,0.05,1526,"{""0"": 20362, ""1"": 20916, ""2"": 23113, ""3"": 19305, ""4"": 23868, ""5"": 14335}",connected
121999,354,20000,0.050000000000000044,0.047590328529477116,-5.598082554126158,0.28885375648736955,0.05,1526,"{""0"": 20367, ""1"": 20939, ""2"": 23154, ""3"": 19319, ""4"": 23882, ""5"": 14338}",connected
122099,354,20000,0.050000000000000044,0.04797857549041509,-5.598082554126158,0.2903920890390873,0.05,1526,"{""0"": 20387, ""1"": 20961, ""2"": 23186, ""3"": 19338, ""4"": 23885, ""5"": 14342}",connected
122199,356,20000,0.050000000000000044,0.039633372500538826,-5.628777377391234,0.28586231097579,0.05,1526,"{""0"": 20401, ""1"": 20981, ""2"": 23218, ""3"": 19347, ""4"": 23909, ""5"": 14343}",connected
122299,356,20000,0.050000000000000044,0.039516186155378816,-5.628777377391234,0.28700769901275636,0.05,1526,"{""0"": 20430, ""1"": 21006, ""2"": 23226, ""3"": 19377, ""4"": 23916, ""5"": 14344}",connected
122399,356,20000,0.050000000000000044,0.04046755680814385,-5.628777377391234,0.2845200137794018,0.05,1526,"{""0"": 20432, ""1"": 21006, ""2"": 23255, ""3"": 19404, ""4"": 23957, ""5"": 14345}",connected
122499,356,20000,0.050000000000000044,0.03929892679676414,-5.628777377391234,0.27959815979003905,0.05,1526,"{""0"": 20432, ""1"": 21040, ""2"": 23273, ""3"": 19429, ""4"": 23972, ""5"": 14353}",connected
122599,356,20000,0.050000000000000044,0.04408184158615768,-5.628777377391234,0.2805497640371323,0.05,1526,"{""0"": 20450, ""1"": 21063, ""2"": 23285, ""3"": 19441, ""4"": 23995, ""5"": 14365}",connected
122699,356,20000,0.050000000000000044,0.043250444354489444,-5.628777377391234,0.27611897721886636,0.05,1526,"{""0"": 20473, ""1"": 21080, ""2"": 23302, ""3"": 19453, ""4"": 24010, ""5"": 14381}",connected
122799,356,20000,0.050000000000000044,0.04355883118696511,-5.628777377391234,0.27817847281694413,0.05,1526,"{""0"": 20486, ""1"": 21099, ""2"": 23342, ""3"": 19460, ""4"": 24024, ""5"": 14388}",connected
122899,358,20000,0.050000000000000044,0.04922761231660843,-5.604989784578793,0.2801353645324707,0.05,1526,"{""0"": 20513, ""1"": 21122, ""2"": 23360, ""3"": 19460, ""4"": 24035, ""5"": 14409}",connected
122999,358,20000,0.050000000000000044,0.04688307392410934,-5.604989784578793,0.28177131816744805,0.05,1526,"{""0"": 20513, ""1"": 21133, ""2"": 23385, ""3"": 19489, ""4"": 24067, ""5"": 14412}",connected
123099,358,20000,0.050000000000000044,0.04973403333686292,-5.604989784578793,0.2830895622074604,0.05,1526,"{""0"": 20543, ""1"": 21147, ""2"": 23399, ""3"": 19503, ""4"": 24092, ""5"": 14415}",connected
123199,358,20000,0.050000000000000044,0.05134737054817379,-5.604989784578793,0.2834500217437744,0.05,1526,"{""0"": 20564, ""1"": 21158, ""2"": 23422, ""3"": 19524, ""4"": 24114, ""5"": 14417}",connected
123299,358,20000,0.050000000000000044,0.04577300291508436,-5.604989784578793,0.28473069980740545,0.05,1526,"{""0"": 20589, ""1"": 21171, ""2"": 23441, ""3"": 19548, ""4"": 24133, ""5"": 14417}",connected
123399,358,20000,0.050000000000000044,0.047512930864468214,-5.604989784578793,0.28351407021284103,0.05,1526,"{""0"": 20602, ""1"": 21188, ""2"": 23459, ""3"": 19570, ""4"": 24159, ""5"": 14421}",connected
123499,358,20000,0.050000000000000044,0.04572122520767152,-5.604989784578793,0.28495484992861747,0.05,1526,"{""0"": 20615, ""1"": 21198, ""2"": 23481, ""3"": 19597, ""4"": 24186, ""5"": 14422}",connected
123599,358,20000,0.050000000000000044,0.04078433713875711,-5.604989784578793,0.2873739930987358,0.05,1526,"{""0"": 20632, ""1"": 21214, ""2"": 23495, ""3"": 19612, ""4"": 24219, ""5"": 14427}",connected
123699,360,20000,0.050000000000000044,0.04001888639293611,-5.595182914733886,0.29013209193944933,0.05,1526,"{""0"": 20647, ""1"": 21224, ""2"": 23508, ""3"": 19638, ""4"": 24242, ""5"": 14440}",connected
123799,360,20000,0.050000000000000044,0.038690834930166604,-5.595182914733886,0.28902337670326234,0.05,1526,"{""0"": 20653, ""1"": 21241, ""2"": 23530, ""3"": 19649, ""4"": 24263, ""5"": 14463}",connected
123899,360,20000,0.050000000000000044,0.0381236635055393,-5.595182914733886,0.2882342639565468,0.05,1526,"{""0"": 20662, ""1"": 21264, ""2"": 23532, ""3"": 19680, ""4"": 24283, ""5"": 14478}",connected
123999,360,20000,0.050000000000000044,0.039056329457089305,-5.595182914733886,0.280733290463686,0.05,1526,"{""0"": 20687, ""1"": 21282, ""2"": 23550, ""3"": 19690, ""4"": 24302, ""5"": 14488}",connected
124099,360,20000,0.050000000000000044,0.039123230436816814,-5.595182914733886,0.2761541748046875,0.05,1526,"{""0"": 20707, ""1"": 21288, ""2"": 23561, ""3"": 19716, ""4"": 24330, ""5"": 14497}",connected
124199,360,20000,0.050000000000000044,0.04190564784221351,-5.595182914733886,0.2785379129648209,0.05,1526,"{""0"": 20736, ""1"": 21313, ""2"": 23570, ""3"": 19746, ""4"": 24332, ""5"": 14502}",connected
124299,360,20000,0.050000000000000044,0.04738149887882173,-5.595182914733886,0.27698033452034,0.05,1526,"{""0"": 20777, ""1"": 21330, ""2"": 23574, ""3"": 19767, ""4"": 24343, ""5"": 14508}",connected
124399,362,20000,0.050000000000000044,0.04853663126938045,-5.613275932851248,0.28091333359479903,0.05,1526,"{""0"": 20789, ""1"": 21359, ""2"": 23595, ""3"": 19782, ""4"": 24365, ""5"": 14509}",connected
124499,362,20000,0.050000000000000044,0.0458655911963433,-5.613275932851248,0.28151144802570344,0.05,1526,"{""0"": 20793, ""1"": 21388, ""2"": 23614, ""3"": 19798, ""4"": 24395, ""5"": 14511}",connected
124599,362,20000,0.050000000000000044,0.044699686588719485,-5.613275932851248,0.27640143409371376,0.05,1526,"{""0"": 20811, ""1"": 21407, ""2"": 23640, ""3"": 19807, ""4"": 24414, ""5"": 14520}",connected
124699,362,20000,0.050000000000000044,0.04047164521180093,-5.613275932851248,0.27751227110624316,0.05,1526,"{""0"": 20834, ""1"": 21429, ""2"": 23656, ""3"": 19815, ""4"": 24443, ""5"": 14522}",connected
124799,362,20000,0.050000000000000044,0.03984320810995996,-5.613275932851248,0.2749460281431675,0.05,1526,"{""0"": 20844, ""1"": 21471, ""2"": 23662, ""3"": 19827, ""4"": 24466, ""5"": 14529}",connected
124899,362,20000,0.050000000000000044,0.04590255378745496,-5.613275932851248,0.2795419929921627,0.05,1526,"{""0"": 20860, ""1"": 21493, ""2"": 23669, ""3"": 19851, ""4"": 24496, ""5"": 14530}",connected
124999,362,20000,0.050000000000000044,0.04388138903304935,-5.613275932851248,0.27955286636948584,0.05,1526,"{""0"": 20875, ""1"": 21510, ""2"": 23698, ""3"": 19872, ""4"": 24508, ""5"": 14536}",connected
125099,364,20000,0.050000000000000044,0.043344136904925105,-5.721961819222197,0.2842944258451462,0.05,1526,"{""0"": 20883, ""1"": 21516, ""2"": 23724, ""3"": 19899, ""4"": 24537, ""5"": 14540}",connected
125199,364,20000,0.050000000000000044,0.043202977664768695,-5.721961819222197,0.2851945735514164,0.05,1526,"{""0"": 20884, ""1"": 21536, ""2"": 23754, ""3"": 19927, ""4"": 24557, ""5"": 14541}",connected
125299,364,20000,0.050000000000000044,0.04373471769504249,-5.721961819222197,0.28024580001831056,0.05,1526,"{""0"": 20901, ""1"": 21558, ""2"": 23776, ""3"": 19940, ""4"": 24583, ""5"": 14541}",connected
125399,364,20000,0.050000000000000044,0.043276369236409665,-5.721961819222197,0.283609471321106,0.05,1526,"{""0"": 20905, ""1"": 21587, ""2"": 23792, ""3"": 19974, ""4"": 24592, ""5"": 14549}",connected
125499,364,20000,0.050000000000000044,0.0444587707426399,-5.721961819222197,0.2739743338525295,0.05,1526,"{""0"": 20933, ""1"": 21609, ""2"": 23814, ""3"": 19980, ""4"": 24613, ""5"": 14550}",connected
125599,364,20000,0.050000000000000044,0.0456879888381809,-5.721961819222197,0.2756575711071491,0.05,1526,"{""0"": 20969, ""1"": 21650, ""2"": 23820, ""3"": 19986, ""4"": 24619, ""5"": 14555}",connected
125699,364,20000,0.050000000000000044,0.041652574529871346,-5.721961819222197,0.2753435446321964,0.05,1526,"{""0"": 20974, ""1"": 21668, ""2"": 23849, ""3"": 20009, ""4"": 24638, ""5"": 14561}",connected
125799,366,20000,0.050000000000000044,0.041966091534122826,-5.734611469521187,0.2764489553868771,0.05,1526,"{""0"": 21001, ""1"": 21692, ""2"": 23865, ""3"": 20024, ""4"": 24656, ""5"": 14561}",connected
125899,366,20000,0.050000000000000044,0.04059820478782058,-5.734611469521187,0.2815949633717537,0.05,1526,"{""0"": 21004, ""1"": 21697, ""2"": 23897, ""3"": 20050, ""4"": 24680, ""5"": 14571}",connected
125999,366,20000,0.050000000000000044,0.03808533441275358,-5.734611469521187,0.27776109039783475,0.05,1526,"{""0"": 21012, ""1"": 21727, ""2"": 23918, ""3"": 20068, ""4"": 24703, ""5"": 14571}",connected
126099,366,20000,0.050000000000000044,0.03799351249821484,-5.734611469521187,0.2797564397752285,0.05,1526,"{""0"": 21032, ""1"": 21736, ""2"": 23934, ""3"": 20086, ""4"": 24738, ""5"": 14573}",connected
126199,366,20000,0.050000000000000044,0.03955405443906784,-5.734611469521187,0.2828985844552517,0.05,1526,"{""0"": 21060, ""1"": 21757, ""2"": 23950, ""3"": 20090, ""4"": 24750, ""5"": 14592}",connected
126299,366,20000,0.050000000000000044,0.03672211999073625,-5.734611469521187,0.2816612058877945,0.05,1526,"{""0"": 21078, ""1"": 21786, ""2"": 23966, ""3"": 20100, ""4"": 24771, ""5"": 14598}",connected
126399,366,20000,0.050000000000000044,0.03786641187034547,-5.734611469521187,0.2868797771632671,0.05,1526,"{""0"": 21109, ""1"": 21793, ""2"": 23974, ""3"": 20122, ""4"": 24797, ""5"": 14604}",connected
126499,368,20000,0.050000000000000044,0.03597108236514032,-5.8773846243182195,0.2835253664851189,0.05,1526,"{""0"": 21125, ""1"": 21811, ""2"": 23991, ""3"": 20131, ""4"": 24833, ""5"": 14608}",connected
126599,368,20000,0.050000000000000044,0.033170245178043845,-5.8773846243182195,0.2788325272500515,0.05,1526,"{""0"": 21150, ""1"": 21840, ""2"": 23997, ""3"": 20135, ""4"": 24865, ""5"": 14612}",connected
126699,368,20000,0.050000000000000044,0.035752546172589064,-5.8773846243182195,0.2808111688494682,0.05,1526,"{""0"": 21153, ""1"": 21863, ""2"": 24012, ""3"": 20153, ""4"": 24890, ""5"": 14628}",connected
126799,368,20000,0.050000000000000044,0.0370757553819567,-5.8773846243182195,0.2813298900425434,0.05,1526,"{""0"": 21164, ""1"": 21887, ""2"": 24021, ""3"": 20177, ""4"": 24920, ""5"": 14630}",connected
126899,368,20000,0.050000000000000044,0.0386935817822814,-5.8773846243182195,0.28246684968471525,0.05,1526,"{""0"": 21183, ""1"": 21900, ""2"": 24028, ""3"": 20201, ""4"": 24946, ""5"": 14641}",connected
126999,368,20000,0.050000000000000044,0.038440529284998776,-5.8773846243182195,0.28516834378242495,0.05,1526,"{""0"": 21192, ""1"": 21919, ""2"": 24042, ""3"": 20230, ""4"": 24963, ""5"": 14653}",connected
127099,368,20000,0.050000000000000044,0.039754984453320506,-5.8773846243182195,0.28249033480882646,0.05,1526,"{""0"": 21213, ""1"": 21940, ""2"": 24062, ""3"": 20249, ""4"": 24979, ""5"": 14656}",connected
127199,368,20000,0.050000000000000044,0.03742830488830805,-5.8773846243182195,0.2818336673080921,0.05,1526,"{""0"": 21214, ""1"": 21963, ""2"": 24105, ""3"": 20260, ""4"": 24997, ""5"": 14660}",connected
127299,370,20000,0.050000000000000044,0.03714951713569462,-5.870850386354141,0.2797856031358242,0.05,1526,"{""0"": 21223, ""1"": 21990, ""2"": 24116, ""3"": 20277, ""4"": 25026, ""5"": 14667}",connected
127399,370,20000,0.050000000000000044,0.04070542961359024,-5.870850386354141,0.2773421970009804,0.05,1526,"{""0"": 21226, ""1"": 21998, ""2"": 24144, ""3"": 20303, ""4"": 25054, ""5"": 14674}",connected
127499,370,20000,0.050000000000000044,0.040226419949904085,-5.870850386354141,0.28080003276467325,0.05,1526,"{""0"": 21246, ""1"": 22023, ""2"": 24162, ""3"": 20316, ""4"": 25071, ""5"": 14681}",connected
127599,370,20000,0.050000000000000044,0.04433962344191968,-5.870850386354141,0.2795753659307957,0.05,1526,"{""0"": 21269, ""1"": 22050, ""2"": 24168, ""3"": 20337, ""4"": 25082, ""5"": 14693}",connected
127699,370,20000,0.050000000000000044,0.050632569240406156,-5.870850386354141,0.2836267851293087,0.05,1526,"{""0"": 21289, ""1"": 22078, ""2"": 24179, ""3"": 20355, ""4"": 25101, ""5"": 14697}",connected
127799,370,20000,0.050000000000000044,0.05108337046578527,-5.870850386354141,0.283236585855484,0.05,1526,"{""0"": 21322, ""1"": 22093, ""2"": 24206, ""3"": 20365, ""4"": 25114, ""5"": 14699}",connected
127899,371,20000,0.050000000000000044,0.048883102089166644,-5.876287392801605,0.2760582402348518,0.05,1526,"{""0"": 21347, ""1"": 22116, ""2"": 24214, ""3"": 20382, ""4"": 25135, ""5"": 14705}",connected
127999,372,20000,0.050000000000000044,0.046394825149327516,-5.803579521584324,0.2749027103185654,0.05,1526,"{""0"": 21363, ""1"": 22121, ""2"": 24232, ""3"": 20390, ""4"": 25185, ""5"": 14708}",connected
128099,372,20000,0.050000000000000044,0.04233078022487462,-5.803579521584324,0.2688905104994774,0.05,1526,"{""0"": 21376, ""1"": 22148, ""2"": 24247, ""3"": 20405, ""4"": 25212, ""5"": 14711}",connected
128199,372,20000,0.050000000000000044,0.04085836007259786,-5.803579521584324,0.2682137179374695,0.05,1526,"{""0"": 21390, ""1"": 22173, ""2"": 24271, ""3"": 20407, ""4"": 25245, ""5"": 14713}",connected
128299,372,20000,0.050000000000000044,0.04349948578514159,-5.803579521584324,0.27107792645692824,0.05,1526,"{""0"": 21404, ""1"": 22191, ""2"": 24282, ""3"": 20433, ""4"": 25267, ""5"": 14722}",connected
128399,372,20000,0.050000000000000044,0.04201372931711376,-5.803579521584324,0.26969839990139005,0.05,1526,"{""0"": 21442, ""1"": 22206, ""2"": 24292, ""3"": 20452, ""4"": 25281, ""5"": 14726}",connected
128499,372,20000,0.050000000000000044,0.04472076313570142,-5.803579521584324,0.2727129551768303,0.05,1526,"{""0"": 21456, ""1"": 22217, ""2"": 24300, ""3"": 20474, ""4"": 25297, ""5"": 14755}",connected
128599,372,20000,0.050000000000000044,0.04670926785096526,-5.803579521584324,0.2733075100183487,0.05,1526,"{""0"": 21472, ""1"": 22226, ""2"": 24346, ""3"": 20482, ""4"": 25315, ""5"": 14758}",connected
128699,374,20000,0.050000000000000044,0.04535398794338107,-5.813877230663784,0.27441068172454836,0.05,1526,"{""0"": 21478, ""1"": 22240, ""2"": 24364, ""3"": 20505, ""4"": 25345, ""5"": 14767}",connected
128799,374,20000,0.050000000000000044,0.04712059653364122,-5.813877230663784,0.27859671011567116,0.05,1526,"{""0"": 21508, ""1"": 22253, ""2"": 24365, ""3"": 20525, ""4"": 25375, ""5"": 14773}",connected
128899,374,20000,0.050000000000000044,0.041909839501604436,-5.813877230663784,0.27718865051865577,0.05,1526,"{""0"": 21519, ""1"": 22282, ""2"": 24378, ""3"": 20540, ""4"": 25405, ""5"": 14775}",connected
128999,374,20000,0.050000000000000044,0.03869868588633835,-5.813877230663784,0.2791310949623585,0.05,1526,"{""0"": 21550, ""1"": 22294, ""2"": 24391, ""3"": 20556, ""4"": 25429, ""5"": 14779}",connected
129099,374,20000,0.050000000000000044,0.0417485339846462,-5.813877230663784,0.27880822896957397,0.05,1526,"{""0"": 21577, ""1"": 22308, ""2"": 24424, ""3"": 20563, ""4"": 25433, ""5"": 14794}",connected
129199,374,20000,0.050000000000000044,0.04204371744766831,-5.813877230663784,0.272564684599638,0.05,1526,"{""0"": 21589, ""1"": 22328, ""2"": 24465, ""3"": 20572, ""4"": 25447, ""5"": 14798}",connected
129299,374,20000,0.050000000000000044,0.04252510353922844,-5.813877230663784,0.2746986696124077,0.05,1526,"{""0"": 21619, ""1"": 22353, ""2"": 24485, ""3"": 20575, ""4"": 25464, ""5"": 14803}",connected
129399,376,20000,0.050000000000000044,0.04508197324350476,-5.813207317050546,0.27233593761920927,0.05,1526,"{""0"": 21642, ""1"": 22355, ""2"": 24505, ""3"": 20596, ""4"": 25497, ""5"": 14804}",connected
129499,376,20000,0.050000000000000044,0.03974961495958269,-5.813207317050546,0.26904241129755974,0.05,1526,"{""0"": 21653, ""1"": 22367, ""2"": 24528, ""3"": 20610, ""4"": 25534, ""5"": 14807}",connected
129599,376,20000,0.050000000000000044,0.038859131755307315,-5.813207317050546,0.27003844663500787,0.05,1526,"{""0"": 21664, ""1"": 22367, ""2"": 24557, ""3"": 20620, ""4"": 25574, ""5"": 14817}",connected
129699,376,20000,0.050000000000000044,0.03804587417282164,-5.813207317050546,0.2705438685417175,0.05,1526,"{""0"": 21666, ""1"": 22367, ""2"": 24573, ""3"": 20653, ""4"": 25612, ""5"": 14828}",connected
129799,376,20000,0.050000000000000044,0.0370677593909204,-5.813207317050546,0.26918727725744246,0.05,1526,"{""0"": 21670, ""1"": 22385, ""2"": 24595, ""3"": 20677, ""4"": 25633, ""5"": 14839}",connected
129899,376,20000,0.050000000000000044,0.037410015715286134,-5.813207317050546,0.2756001614034176,0.05,1526,"{""0"": 21676, ""1"": 22391, ""2"": 24607, ""3"": 20711, ""4"": 25675, ""5"": 14839}",connected
129999,376,20000,0.050000000000000044,0.03750663480721414,-5.813207317050546,0.27381267488002775,0.05,1526,"{""0"": 21676, ""1"": 22396, ""2"": 24633, ""3"": 20730, ""4"": 25703, ""5"": 14861}",connected
130099,378,20000,0.050000000000000044,0.03697411373257637,-5.9142007948458195,0.27266047060489657,0.05,1526,"{""0"": 21684, ""1"": 22414, ""2"": 24644, ""3"": 20736, ""4"": 25735, ""5"": 14886}",connected
130199,378,20000,0.050000000000000044,0.035720226895064114,-5.9142007948458195,0.27426271051168444,0.05,1526,"{""0"": 21725, ""1"": 22436, ""2"": 24658, ""3"": 20741, ""4"": 25745, ""5"": 14894}",connected
130299,378,20000,0.050000000000000044,0.03516153044998646,-5.9142007948458195,0.2710077801346779,0.05,1526,"{""0"": 21734, ""1"": 22460, ""2"": 24665, ""3"": 20764, ""4"": 25777, ""5"": 14899}",connected
130399,378,20000,0.050000000000000044,0.03645308880135417,-5.9142007948458195,0.27145821273326876,0.05,1526,"{""0"": 21751, ""1"": 22486, ""2"": 24678, ""3"": 20779, ""4"": 25797, ""5"": 14908}",connected
130499,378,20000,0.050000000000000044,0.03846936176531017,-5.9142007948458195,0.2704215307533741,0.05,1526,"{""0"": 21772, ""1"": 22505, ""2"": 24689, ""3"": 20804, ""4"": 25817, ""5"": 14912}",connected
130599,378,20000,0.050000000000000044,0.0354848459828645,-5.9142007948458195,0.2700661140680313,0.05,1526,"{""0"": 21789, ""1"": 22522, ""2"": 24702, ""3"": 20826, ""4"": 25842, ""5"": 14918}",connected
130699,378,20000,0.050000000000000044,0.037080989349633456,-5.9142007948458195,0.267401546984911,0.05,1526,"{""0"": 21819, ""1"": 22544, ""2"": 24715, ""3"": 20840, ""4"": 25859, ""5"": 14922}",connected
130799,380,20000,0.050000000000000044,0.03520189410075545,-5.9240272266604,0.2664113803207874,0.05,1526,"{""0"": 21827, ""1"": 22563, ""2"": 24745, ""3"": 20850, ""4"": 25891, ""5"": 14923}",connected
130899,380,20000,0.050000000000000044,0.03464036600664258,-5.9240272266604,0.2647567401826382,0.05,1526,"{""0"": 21846, ""1"": 22595, ""2"": 24762, ""3"": 20857, ""4"": 25916, ""5"": 14923}",connected
130999,380,20000,0.050000000000000044,0.03918119031004608,-5.9240272266604,0.2624896278977394,0.05,1526,"{""0"": 21879, ""1"": 22618, ""2"": 24766, ""3"": 20883, ""4"": 25925, ""5"": 14928}",connected
131099,380,20000,0.050000000000000044,0.04180667231790722,-5.9240272266604,0.26350184679031374,0.05,1526,"{""0"": 21900, ""1"": 22629, ""2"": 24788, ""3"": 20898, ""4"": 25950, ""5"": 14934}",connected
131199,380,20000,0.050000000000000044,0.04114718271419406,-5.9240272266604,0.26626543179154394,0.05,1526,"{""0"": 21919, ""1"": 22645, ""2"": 24797, ""3"": 20932, ""4"": 25972, ""5"": 14934}",connected
131299,380,20000,0.050000000000000044,0.04388282878324389,-5.9240272266604,0.2660918015241623,0.05,1526,"{""0"": 21941, ""1"": 22648, ""2"": 24836, ""3"": 20939, ""4"": 25992, ""5"": 14943}",connected
131399,380,20000,0.050000000000000044,0.040298008369281886,-5.9240272266604,0.2654660364985466,0.05,1526,"{""0"": 21958, ""1"": 22678, ""2"": 24841, ""3"": 20960, ""4"": 26015, ""5"": 14947}",connected
131499,382,20000,0.050000000000000044,0.0389421656075865,-5.901521265427582,0.2673538039624691,0.05,1526,"{""0"": 21985, ""1"": 22683, ""2"": 24886, ""3"": 20975, ""4"": 26017, ""5"": 14953}",connected
131599,382,20000,0.050000000000000044,0.03994113933295011,-5.901521265427582,0.26768150851130484,0.05,1526,"{""0"": 21999, ""1"": 22696, ""2"": 24895, ""3"": 20988, ""4"": 26058, ""5"": 14963}",connected
131699,382,20000,0.050000000000000044,0.039050483172759415,-5.901521265427582,0.2659634739160538,0.05,1526,"{""0"": 22007, ""1"": 22722, ""2"": 24909, ""3"": 21008, ""4"": 26082, ""5"": 14971}",connected
131799,382,20000,0.050000000000000044,0.04136631796136499,-5.901521265427582,0.2682624934613705,0.05,1526,"{""0"": 22014, ""1"": 22759, ""2"": 24946, ""3"": 21016, ""4"": 26089, ""5"": 14975}",connected
131899,382,20000,0.050000000000000044,0.04013264750130475,-5.901521265427582,0.2660463562607765,0.05,1526,"{""0"": 22027, ""1"": 22770, ""2"": 24959, ""3"": 21027, ""4"": 26121, ""5"": 14995}",connected
131999,382,20000,0.050000000000000044,0.03855688099749386,-5.901521265427582,0.26496641129255294,0.05,1526,"{""0"": 22047, ""1"": 22783, ""2"": 24980, ""3"": 21045, ""4"": 26138, ""5"": 15006}",connected
132099,382,20000,0.050000000000000044,0.03442003162577748,-5.901521265427582,0.2710771833360195,0.05,1526,"{""0"": 22065, ""1"": 22815, ""2"": 24998, ""3"": 21054, ""4"": 26157, ""5"": 15010}",connected
132199,382,20000,0.050000000000000044,0.03183156443759799,-5.901521265427582,0.26880727961659434,0.05,1526,"{""0"": 22077, ""1"": 22832, ""2"": 25007, ""3"": 21089, ""4"": 26178, ""5"": 15016}",connected
132299,384,20000,0.050000000000000044,0.031992669561877844,-5.896397230634466,0.2664999043941498,0.05,1526,"{""0"": 22093, ""1"": 22841, ""2"": 25015, ""3"": 21096, ""4"": 26221, ""5"": 15033}",connected
132399,384,20000,0.050000000000000044,0.03274058682844043,-5.896397230634466,0.26780418038368226,0.05,1526,"{""0"": 22097, ""1"": 22871, ""2"": 25028, ""3"": 21121, ""4"": 26248, ""5"": 15034}",connected
132499,384,20000,0.050000000000000044,0.03346775582060218,-5.896397230634466,0.2694622832536697,0.05,1526,"{""0"": 22126, ""1"": 22889, ""2"": 25042, ""3"": 21132, ""4"": 26274, ""5"": 15036}",connected
132599,384,20000,0.050000000000000044,0.035709618348628284,-5.896397230634466,0.27125695839524266,0.05,1526,"{""0"": 22155, ""1"": 22908, ""2"": 25078, ""3"": 21138, ""4"": 26282, ""5"": 15038}",connected
132699,384,20000,0.050000000000000044,0.03625959714874625,-5.896397230634466,0.2744903700053692,0.05,1526,"{""0"": 22172, ""1"": 22927, ""2"": 25111, ""3"": 21153, ""4"": 26297, ""5"": 15039}",connected
132799,384,20000,0.050000000000000044,0.03542954142205417,-5.896397230634466,0.2742457105219364,0.05,1526,"{""0"": 22194, ""1"": 22950, ""2"": 25152, ""3"": 21157, ""4"": 26307, ""5"": 15039}",connected
132899,384,20000,0.050000000000000044,0.03518980183638632,-5.896397230634466,0.2714287878572941,0.05,1526,"{""0"": 22217, ""1"": 22975, ""2"": 25187, ""3"": 21170, ""4"": 26309, ""5"": 15041}",connected
132999,386,20000,0.050000000000000044,0.037352463230490685,-6.004666094952263,0.27150476828217507,0.05,1526,"{""0"": 22242, ""1"": 22983, ""2"": 25200, ""3"": 21179, ""4"": 26335, ""5"": 15060}",connected
133099,386,20000,0.050000000000000044,0.03887872911058366,-6.004666094952263,0.2696246682107449,0.05,1526,"{""0"": 22254, ""1"": 23011, ""2"": 25213, ""3"": 21208, ""4"": 26340, ""5"": 15073}",connected
133199,386,20000,0.050000000000000044,0.04079247701913118,-6.004666094952263,0.266892215013504,0.05,1526,"{""0"": 22279, ""1"": 23042, ""2"": 25227, ""3"": 21217, ""4"": 26357, ""5"": 15077}",connected
133299,386,20000,0.050000000000000044,0.04052755493670702,-6.004666094952263,0.26434841454029084,0.05,1526,"{""0"": 22294, ""1"": 23078, ""2"": 25227, ""3"": 21237, ""4"": 26376, ""5"": 15087}",connected
133399,386,20000,0.050000000000000044,0.0354666371177882,-6.004666094952263,0.2664336937665939,0.05,1526,"{""0"": 22313, ""1"": 23108, ""2"": 25237, ""3"": 21254, ""4"": 26393, ""5"": 15094}",connected
133499,386,20000,0.050000000000000044,0.03397017166018486,-6.004666094952263,0.2702150745689869,0.05,1526,"{""0"": 22345, ""1"": 23148, ""2"": 25245, ""3"": 21258, ""4"": 26404, ""5"": 15099}",connected
133599,386,20000,0.050000000000000044,0.032110386909916994,-6.004666094952263,0.272271112203598,0.05,1526,"{""0"": 22357, ""1"": 23161, ""2"": 25265, ""3"": 21281, ""4"": 26418, ""5"": 15117}",connected
133699,388,20000,0.050000000000000044,0.03449831610545516,-6.0391660888819025,0.27219757705926895,0.05,1526,"{""0"": 22376, ""1"": 23180, ""2"": 25287, ""3"": 21296, ""4"": 26442, ""5"": 15118}",connected
133799,388,20000,0.050000000000000044,0.03672418972477317,-6.0391660888819025,0.2660099259018898,0.05,1526,"{""0"": 22392, ""1"": 23206, ""2"": 25308, ""3"": 21300, ""4"": 26468, ""5"": 15125}",connected
133899,388,20000,0.050000000000000044,0.03583001774735749,-6.0391660888819025,0.2624356600642204,0.05,1526,"{""0"": 22408, ""1"": 23225, ""2"": 25325, ""3"": 21309, ""4"": 26498, ""5"": 15134}",connected
133999,388,20000,0.050000000000000044,0.036163732092827555,-6.0391660888819025,0.2645705197751522,0.05,1526,"{""0"": 22414, ""1"": 23234, ""2"": 25344, ""3"": 21317, ""4"": 26532, ""5"": 15158}",connected
134099,388,20000,0.050000000000000044,0.03785756753757596,-6.0391660888819025,0.26692703753709796,0.05,1526,"{""0"": 22429, ""1"": 23239, ""2"": 25403, ""3"": 21323, ""4"": 26540, ""5"": 15165}",connected
134199,388,20000,0.050000000000000044,0.03911455440334976,-6.0391660888819025,0.2682519792020321,0.05,1526,"{""0"": 22458, ""1"": 23261, ""2"": 25440, ""3"": 21332, ""4"": 26541, ""5"": 15167}",connected
134299,388,20000,0.050000000000000044,0.0367255734000355,-6.0391660888819025,0.2701859098672867,0.05,1526,"{""0"": 22503, ""1"": 23279, ""2"": 25467, ""3"": 21335, ""4"": 26541, ""5"": 15174}",connected
134399,390,20000,0.050000000000000044,0.036290026111528276,-6.07598657796625,0.26521472111344335,0.05,1526,"{""0"": 22527, ""1"": 23289, ""2"": 25487, ""3"": 21366, ""4"": 26553, ""5"": 15177}",connected
134499,390,20000,0.050000000000000044,0.03625236480496824,-6.07598657796625,0.2582891979813576,0.05,1526,"{""0"": 22532, ""1"": 23308, ""2"": 25515, ""3"": 21384, ""4"": 26580, ""5"": 15180}",connected
134599,390,20000,0.050000000000000044,0.033464922131970526,-6.07598657796625,0.2589177224040031,0.05,1526,"{""0"": 22557, ""1"": 23321, ""2"": 25528, ""3"": 21403, ""4"": 26606, ""5"": 15184}",connected
134699,390,20000,0.050000000000000044,0.03514708827249706,-6.07598657796625,0.25460282668471335,0.05,1526,"{""0"": 22586, ""1"": 23352, ""2"": 25532, ""3"": 21424, ""4"": 26618, ""5"": 15187}",connected
134799,390,20000,0.050000000000000044,0.033352849734947086,-6.07598657796625,0.2539726558327675,0.05,1526,"{""0"": 22586, ""1"": 23372, ""2"": 25549, ""3"": 21460, ""4"": 26637, ""5"": 15195}",connected
134899,390,20000,0.050000000000000044,0.030863968674093484,-6.07598657796625,0.2586235563457012,0.05,1526,"{""0"": 22612, ""1"": 23393, ""2"": 25560, ""3"": 21488, ""4"": 26649, ""5"": 15197}",connected
134999,390,20000,0.050000000000000044,0.03199514045380056,-6.07598657796625,0.25878719583153725,0.05,1526,"{""0"": 22614, ""1"": 23421, ""2"": 25565, ""3"": 21546, ""4"": 26652, ""5"": 15201}",connected
135099,392,20000,0.050000000000000044,0.03270626958459616,-6.067777913669124,0.2579594685137272,0.05,1526,"{""0"": 22639, ""1"": 23441, ""2"": 25594, ""3"": 21546, ""4"": 26677, ""5"": 15202}",connected
135199,392,20000,0.050000000000000044,0.034917005533352495,-6.067777913669124,0.2604549916088581,0.05,1526,"{""0"": 22650, ""1"": 23452, ""2"": 25618, ""3"": 21552, ""4"": 26719, ""5"": 15208}",connected
135299,392,20000,0.050000000000000044,0.03383605525828898,-6.067777913669124,0.2587869355082512,0.05,1526,"{""0"": 22679, ""1"": 23465, ""2"": 25647, ""3"": 21563, ""4"": 26733, ""5"": 15212}",connected
135399,392,20000,0.050000000000000044,0.032332172272726896,-6.067777913669124,0.26115349620580675,0.05,1526,"{""0"": 22705, ""1"": 23498, ""2"": 25660, ""3"": 21565, ""4"": 26747, ""5"": 15224}",connected
135499,392,20000,0.050000000000000044,0.029518271638080476,-6.067777913669124,0.2642694464325905,0.05,1526,"{""0"": 22720, ""1"": 23510, ""2"": 25690, ""3"": 21589, ""4"": 26762, ""5"": 15228}",connected
135599,392,20000,0.050000000000000044,0.02907786807976663,-6.067777913669124,0.2621607865393162,0.05,1526,"{""0"": 22740, ""1"": 23522, ""2"": 25722, ""3"": 21603, ""4"": 26784, ""5"": 15228}",connected
135699,392,20000,0.050000000000000044,0.028184714196249842,-6.067777913669124,0.2604358886182308,0.05,1526,"{""0"": 22759, ""1"": 23539, ""2"": 25757, ""3"": 21605, ""4"": 26810, ""5"": 15229}",connected
135799,394,20000,0.050000000000000044,0.027356033492833377,-6.072406473397277,0.25521682024002074,0.05,1526,"{""0"": 22787, ""1"": 23552, ""2"": 25782, ""3"": 21616, ""4"": 26826, ""5"": 15236}",connected
135899,394,20000,0.050000000000000044,0.028622412476688622,-6.072406473397277,0.254330785125494,0.05,1526,"{""0"": 22799, ""1"": 23572, ""2"": 25801, ""3"": 21623, ""4"": 26865, ""5"": 15239}",connected
135999,394,20000,0.050000000000000044,0.02915024297311902,-6.072406473397277,0.25574081629514694,0.05,1526,"{""0"": 22824, ""1"": 23605, ""2"": 25812, ""3"": 21638, ""4"": 26878, ""5"": 15242}",connected
136099,394,20000,0.050000000000000044,0.034004329442977904,-6.072406473397277,0.25880459159612657,0.05,1526,"{""0"": 22860, ""1"": 23619, ""2"": 25820, ""3"": 21656, ""4"": 26897, ""5"": 15247}",connected
136199,394,20000,0.050000000000000044,0.03598632115870714,-6.072406473397277,0.2611890113353729,0.05,1526,"{""0"": 22864, ""1"": 23647, ""2"": 25840, ""3"": 21684, ""4"": 26910, ""5"": 15254}",connected
136299,394,20000,0.050000000000000044,0.03641722416505218,-6.072406473397277,0.2635656647384167,0.05,1526,"{""0"": 22886, ""1"": 23674, ""2"": 25846, ""3"": 21694, ""4"": 26938, ""5"": 15261}",connected
136399,394,20000,0.050000000000000044,0.0360570649150759,-6.072406473397277,0.26493937879800794,0.05,1526,"{""0"": 22897, ""1"": 23696, ""2"": 25868, ""3"": 21720, ""4"": 26942, ""5"": 15276}",connected
136499,394,20000,0.050000000000000044,0.03282970351167023,-6.072406473397277,0.2664980033040047,0.05,1526,"{""0"": 22924, ""1"": 23705, ""2"": 25891, ""3"": 21739, ""4"": 26956, ""5"": 15284}",connected
136599,396,20000,0.050000000000000044,0.03370722273364663,-6.019059348385781,0.2694244061410427,0.05,1526,"{""0"": 22947, ""1"": 23712, ""2"": 25906, ""3"": 21745, ""4"": 26989, ""5"": 15300}",connected
136699,396,20000,0.050000000000000044,0.0364353621378541,-6.019059348385781,0.26539039820432664,0.05,1526,"{""0"": 22966, ""1"": 23728, ""2"": 25924, ""3"": 21757, ""4"": 27001, ""5"": 15323}",connected
136799,396,20000,0.050000000000000044,0.03552910544909537,-6.019059348385781,0.2635659798979759,0.05,1526,"{""0"": 22983, ""1"": 23757, ""2"": 25939, ""3"": 21768, ""4"": 27026, ""5"": 15326}",connected
136899,396,20000,0.050000000000000044,0.03755016868002713,-6.019059348385781,0.26277199789881706,0.05,1526,"{""0"": 22995, ""1"": 23776, ""2"": 25958, ""3"": 21782, ""4"": 27038, ""5"": 15350}",connected
136999,396,20000,0.050000000000000044,0.03943902253173292,-6.019059348385781,0.2620097854733467,0.05,1526,"{""0"": 23009, ""1"": 23801, ""2"": 26002, ""3"": 21789, ""4"": 27042, ""5"": 15356}",connected
137099,396,20000,0.050000000000000044,0.037181033045053484,-6.019059348385781,0.2633874213695526,0.05,1526,"{""0"": 23036, ""1"": 23821, ""2"": 26007, ""3"": 21821, ""4"": 27057, ""5"": 15357}",connected
137199,396,20000,0.050000000000000044,0.038354456704109904,-6.019059348385781,0.2636829794943333,0.05,1526,"{""0"": 23060, ""1"": 23858, ""2"": 26012, ""3"": 21833, ""4"": 27077, ""5"": 15359}",connected
137299,398,20000,0.050000000000000044,0.03677333869040012,-6.020422136518173,0.2627227631211281,0.05,1526,"{""0"": 23094, ""1"": 23878, ""2"": 26022, ""3"": 21855, ""4"": 27087, ""5"": 15363}",connected
137399,398,20000,0.050000000000000044,0.03549565831199288,-6.020422136518173,0.26481426000595093,0.05,1526,"{""0"": 23106, ""1"": 23909, ""2"": 26027, ""3"": 21858, ""4"": 27134, ""5"": 15365}",connected
137499,398,20000,0.050000000000000044,0.03585571244359016,-6.020422136518173,0.2656323041021824,0.05,1526,"{""0"": 23125, ""1"": 23922, ""2"": 26048, ""3"": 21893, ""4"": 27146, ""5"": 15365}",connected
137599,398,20000,0.050000000000000044,0.03453705521300435,-6.020422136518173,0.2652736823260784,0.05,1526,"{""0"": 23141, ""1"": 23924, ""2"": 26077, ""3"": 21922, ""4"": 27169, ""5"": 15366}",connected
137699,398,20000,0.050000000000000044,0.0318288217484951,-6.020422136518173,0.2623802895843983,0.05,1526,"{""0"": 23161, ""1"": 23937, ""2"": 26101, ""3"": 21940, ""4"": 27184, ""5"": 15376}",connected
137799,398,20000,0.050000000000000044,0.030214034104719758,-6.020422136518173,0.25602985098958014,0.05,1526,"{""0"": 23193, ""1"": 23952, ""2"": 26125, ""3"": 21951, ""4"": 27199, ""5"": 15379}",connected
137899,398,20000,0.050000000000000044,0.03064218135550618,-6.020422136518173,0.2550928609073162,0.05,1526,"{""0"": 23217, ""1"": 23975, ""2"": 26136, ""3"": 21964, ""4"": 27221, ""5"": 15386}",connected
137999,400,20000,0.050000000000000044,0.033304840959608555,-6.041543004559353,0.2556858769059181,0.05,1526,"{""0"": 23242, ""1"": 24002, ""2"": 26150, ""3"": 21974, ""4"": 27243, ""5"": 15388}",connected
138099,400,20000,0.050000000000000044,0.03662322076037526,-6.041543004559353,0.2605205628275871,0.05,1526,"{""0"": 23281, ""1"": 24031, ""2"": 26150, ""3"": 21984, ""4"": 27264, ""5"": 15389}",connected
138199,400,20000,0.050000000000000044,0.03783513707108796,-6.041543004559353,0.26295739158987996,0.05,1526,"{""0"": 23324, ""1"": 24057, ""2"": 26152, ""3"": 22005, ""4"": 27269, ""5"": 15392}",connected
138299,400,20000,0.050000000000000044,0.036782119385898114,-6.041543004559353,0.26793172881007193,0.05,1526,"{""0"": 23346, ""1"": 24091, ""2"": 26154, ""3"": 22034, ""4"": 27280, ""5"": 15394}",connected
138399,400,20000,0.050000000000000044,0.03418220888823271,-6.041543004559353,0.26669572249054907,0.05,1526,"{""0"": 23383, ""1"": 24121, ""2"": 26157, ""3"": 22045, ""4"": 27292, ""5"": 15401}",connected
138499,400,20000,0.050000000000000044,0.034202748872339726,-6.041543004559353,0.26444326221942904,0.05,1526,"{""0"": 23401, ""1"": 24167, ""2"": 26170, ""3"": 22057, ""4"": 27301, ""5"": 15403}",connected
138599,400,20000,0.050000000000000044,0.03643981685861945,-6.041543004559353,0.26572938323020934,0.05,1526,"{""0"": 23435, ""1"": 24185, ""2"": 26174, ""3"": 22089, ""4"": 27312, ""5"": 15404}",connected
138699,402,20000,0.050000000000000044,0.036684382278472184,-6.040860861083493,0.2608409082889557,0.05,1526,"{""0"": 23450, ""1"": 24189, ""2"": 26203, ""3"": 22101, ""4"": 27352, ""5"": 15404}",connected
138799,402,20000,0.050000000000000044,0.03775604183785617,-6.040860861083493,0.2620331583917141,0.05,1526,"{""0"": 23464, ""1"": 24202, ""2"": 26217, ""3"": 22117, ""4"": 27381, ""5"": 15418}",connected
138899,402,20000,0.050000000000000044,0.03853334042243659,-6.040860861083493,0.2599544057250023,0.05,1526,"{""0"": 23478, ""1"": 24254, ""2"": 26218, ""3"": 22123, ""4"": 27386, ""5"": 15440}",connected
138999,402,20000,0.050000000000000044,0.03463842783123255,-6.040860861083493,0.25848604783415796,0.05,1526,"{""0"": 23505, ""1"": 24272, ""2"": 26231, ""3"": 22144, ""4"": 27404, ""5"": 15443}",connected
139099,402,20000,0.050000000000000044,0.036314181499183175,-6.040860861083493,0.2582724717259407,0.05,1526,"{""0"": 23529, ""1"": 24301, ""2"": 26234, ""3"": 22156, ""4"": 27416, ""5"": 15463}",connected
139199,402,20000,0.050000000000000044,0.03617170822806656,-6.040860861083493,0.25626140877604486,0.05,1526,"{""0"": 23545, ""1"": 24323, ""2"": 26236, ""3"": 22159, ""4"": 27428, ""5"": 15508}",connected
139299,402,20000,0.050000000000000044,0.037938631484284994,-6.040860861083493,0.2578450530767441,0.05,1526,"{""0"": 23592, ""1"": 24325, ""2"": 26239, ""3"": 22159, ""4"": 27445, ""5"": 15539}",connected
139399,404,20000,0.050000000000000044,0.03929220559075475,-6.0528548766300085,0.25713429644703867,0.05,1526,"{""0"": 23613, ""1"": 24343, ""2"": 26247, ""3"": 22167, ""4"": 27477, ""5"": 15552}",connected
139499,404,20000,0.050000000000000044,0.03954781138338149,-6.0528548766300085,0.25820580080151556,0.05,1526,"{""0"": 23634, ""1"": 24369, ""2"": 26259, ""3"": 22176, ""4"": 27498, ""5"": 15563}",connected
139599,404,20000,0.050000000000000044,0.03748541438952088,-6.0528548766300085,0.25872824668884276,0.05,1526,"{""0"": 23663, ""1"": 24393, ""2"": 26268, ""3"": 22194, ""4"": 27517, ""5"": 15564}",connected
139699,404,20000,0.050000000000000044,0.03400030819699168,-6.0528548766300085,0.2578050164878368,0.05,1526,"{""0"": 23667, ""1"": 24403, ""2"": 26291, ""3"": 22217, ""4"": 27555, ""5"": 15566}",connected
139799,404,20000,0.050000000000000044,0.03339958268217742,-6.0528548766300085,0.2593632645905018,0.05,1526,"{""0"": 23677, ""1"": 24441, ""2"": 26303, ""3"": 22243, ""4"": 27566, ""5"": 15569}",connected
139899,404,20000,0.050000000000000044,0.03206063164398074,-6.0528548766300085,0.25511239752173426,0.05,1526,"{""0"": 23694, ""1"": 24486, ""2"": 26307, ""3"": 22250, ""4"": 27593, ""5"": 15569}",connected
139999,404,20000,0.050000000000000044,0.0343569649476558,-6.0528548766300085,0.252667420655489,0.05,1526,"{""0"": 23719, ""1"": 24511, ""2"": 26309, ""3"": 22291, ""4"": 27594, ""5"": 15575}",connected
140099,405,20000,0.050000000000000044,0.036321776984259486,-6.0399312694557015,0.2550964088737965,0.05,1526,"{""0"": 23733, ""1"": 24529, ""2"": 26309, ""3"": 22353, ""4"": 27596, ""5"": 15579}",connected
140199,406,20000,0.050000000000000044,0.03489676896482706,-6.029631270011887,0.2534012024104595,0.05,1526,"{""0"": 23739, ""1"": 24543, ""2"": 26319, ""3"": 22367, ""4"": 27626, ""5"": 15605}",connected
140299,406,20000,0.050000000000000044,0.03223810128867626,-6.029631270011887,0.25379807367920876,0.05,1526,"{""0"": 23753, ""1"": 24577, ""2"": 26324, ""3"": 22379, ""4"": 27644, ""5"": 15622}",connected
140399,406,20000,0.050000000000000044,0.03368890073150396,-6.029631270011887,0.25269360169768335,0.05,1526,"{""0"": 23763, ""1"": 24622, ""2"": 26333, ""3"": 22405, ""4"": 27653, ""5"": 15623}",connected
140499,406,20000,0.050000000000000044,0.03177864373661578,-6.029631270011887,0.245729651004076,0.05,1526,"{""0"": 23767, ""1"": 24640, ""2"": 26362, ""3"": 22421, ""4"": 27682, ""5"": 15627}",connected
140599,406,20000,0.050000000000000044,0.03243468474596739,-6.029631270011887,0.24438779488205908,0.05,1526,"{""0"": 23779, ""1"": 24674, ""2"": 26367, ""3"": 22449, ""4"": 27701, ""5"": 15629}",connected
140699,406,20000,0.050000000000000044,0.0340476244315505,-6.029631270011887,0.24754698395729066,0.05,1526,"{""0"": 23790, ""1"": 24699, ""2"": 26368, ""3"": 22482, ""4"": 27727, ""5"": 15633}",connected
140799,406,20000,0.050000000000000044,0.03311765330843627,-6.029631270011887,0.2507870289683342,0.05,1526,"{""0"": 23803, ""1"": 24738, ""2"": 26372, ""3"": 22496, ""4"": 27730, ""5"": 15660}",connected
140899,408,20000,0.050000000000000044,0.03314623094163835,-6.024328377754427,0.25255514338612556,0.05,1526,"{""0"": 23831, ""1"": 24759, ""2"": 26387, ""3"": 22497, ""4"": 27763, ""5"": 15662}",connected
140999,408,20000,0.050000000000000044,0.03508645109832287,-6.024328377754427,0.2521941691637039,0.05,1526,"{""0"": 23853, ""1"": 24782, ""2"": 26395, ""3"": 22527, ""4"": 27780, ""5"": 15662}",connected
141099,408,20000,0.050000000000000044,0.0356862844247371,-6.024328377754427,0.2518556261062622,0.05,1526,"{""0"": 23887, ""1"": 24793, ""2"": 26414, ""3"": 22534, ""4"": 27804, ""5"": 15667}",connected
141199,408,20000,0.050000000000000044,0.033802396105602386,-6.024328377754427,0.2517187435925007,0.05,1526,"{""0"": 23908, ""1"": 24831, ""2"": 26428, ""3"": 22540, ""4"": 27816, ""5"": 15676}",connected
141299,408,20000,0.050000000000000044,0.035030510937795044,-6.024328377754427,0.25553705528378484,0.05,1526,"{""0"": 23923, ""1"": 24850, ""2"": 26437, ""3"": 22570, ""4"": 27833, ""5"": 15686}",connected
141399,408,20000,0.050000000000000044,0.03202633410692215,-6.024328377754427,0.2577568845450878,0.05,1526,"{""0"": 23945, ""1"": 24872, ""2"": 26452, ""3"": 22585, ""4"": 27850, ""5"": 15695}",connected
141499,408,20000,0.050000000000000044,0.03318795933388174,-6.024328377754427,0.2594818516075611,0.05,1526,"{""0"": 23997, ""1"": 24879, ""2"": 26459, ""3"": 22589, ""4"": 27867, ""5"": 15708}",connected
141599,410,20000,0.050000000000000044,0.035168948406353595,-6.010104877259582,0.2579303121566772,0.05,1526,"{""0"": 24012, ""1"": 24893, ""2"": 26482, ""3"": 22599, ""4"": 27896, ""5"": 15717}",connected
141699,410,20000,0.050000000000000044,0.03229668572545052,-6.010104877259582,0.25550955221056937,0.05,1526,"{""0"": 24032, ""1"": 24927, ""2"": 26506, ""3"": 22601, ""4"": 27915, ""5"": 15718}",connected
141799,410,20000,0.050000000000000044,0.034862492484971884,-6.010104877259582,0.25232547268271444,0.05,1526,"{""0"": 24063, ""1"": 24961, ""2"": 26508, ""3"": 22616, ""4"": 27924, ""5"": 15727}",connected
141899,410,20000,0.050000000000000044,0.030614261105656623,-6.010104877259582,0.25095029070973396,0.05,1526,"{""0"": 24097, ""1"": 24975, ""2"": 26509, ""3"": 22641, ""4"": 27932, ""5"": 15745}",connected
141999,410,20000,0.050000000000000044,0.029707380430772902,-6.010104877259582,0.2553267878293991,0.05,1526,"{""0"": 24118, ""1"": 24999, ""2"": 26509, ""3"": 22656, ""4"": 27953, ""5"": 15764}",connected
142099,410,20000,0.050000000000000044,0.031298544630408286,-6.010104877259582,0.2565312211215496,0.05,1526,"{""0"": 24135, ""1"": 25028, ""2"": 26512, ""3"": 22686, ""4"": 27970, ""5"": 15768}",connected
142199,410,20000,0.050000000000000044,0.03107952354475856,-6.010104877259582,0.2606121706962585,0.05,1526,"{""0"": 24168, ""1"": 25047, ""2"": 26520, ""3"": 22697, ""4"": 27998, ""5"": 15769}",connected
142299,412,20000,0.050000000000000044,0.03574596868827939,-5.97930392278824,0.26054767772555354,0.05,1526,"{""0"": 24207, ""1"": 25058, ""2"": 26540, ""3"": 22705, ""4"": 28020, ""5"": 15769}",connected
142399,412,20000,0.050000000000000044,0.036546916784718636,-5.97930392278824,0.25842219084501267,0.05,1526,"{""0"": 24222, ""1"": 25070, ""2"": 26545, ""3"": 22735, ""4"": 28049, ""5"": 15778}",connected
142499,412,20000,0.050000000000000044,0.037753552477806804,-5.97930392278824,0.2578094309568405,0.05,1526,"{""0"": 24227, ""1"": 25111, ""2"": 26550, ""3"": 22751, ""4"": 28073, ""5"": 15787}",connected
142599,412,20000,0.050000000000000044,0.03870406898669899,-5.97930392278824,0.25659677043557166,0.05,1526,"{""0"": 24246, ""1"": 25127, ""2"": 26574, ""3"": 22770, ""4"": 28093, ""5"": 15789}",connected
142699,412,20000,0.050000000000000044,0.036128709567710755,-5.97930392278824,0.2546719577908516,0.05,1526,"{""0"": 24265, ""1"": 25147, ""2"": 26582, ""3"": 22797, ""4"": 28113, ""5"": 15795}",connected
142799,412,20000,0.050000000000000044,0.034952277345582844,-5.97930392278824,0.25237437561154363,0.05,1526,"{""0"": 24279, ""1"": 25162, ""2"": 26599, ""3"": 22832, ""4"": 28130, ""5"": 15797}",connected
142899,412,20000,0.050000000000000044,0.0358281085267663,-5.97930392278824,0.2504866671562195,0.05,1526,"{""0"": 24311, ""1"": 25164, ""2"": 26622, ""3"": 22848, ""4"": 28154, ""5"": 15800}",connected
142999,414,20000,0.050000000000000044,0.033916658135131,-6.003782374681905,0.2512324579060078,0.05,1526,"{""0"": 24323, ""1"": 25174, ""2"": 26647, ""3"": 22859, ""4"": 28182, ""5"": 15814}",connected
143099,414,20000,0.050000000000000044,0.03313216776587069,-6.003782374681905,0.24720551177859307,0.05,1526,"{""0"": 24335, ""1"": 25199, ""2"": 26664, ""3"": 22870, ""4"": 28205, ""5"": 15826}",connected
143199,414,20000,0.050000000000000044,0.03475958769209683,-6.003782374681905,0.2444056060910225,0.05,1526,"{""0"": 24345, ""1"": 25244, ""2"": 26665, ""3"": 22898, ""4"": 28217, ""5"": 15830}",connected
143299,414,20000,0.050000000000000044,0.030160062881186604,-6.003782374681905,0.24696458771824836,0.05,1526,"{""0"": 24346, ""1"": 25295, ""2"": 26670, ""3"": 22923, ""4"": 28223, ""5"": 15842}",connected
143399,414,20000,0.050000000000000044,0.029246356561779974,-6.003782374681905,0.24038413256406785,0.05,1526,"{""0"": 24358, ""1"": 25321, ""2"": 26702, ""3"": 22934, ""4"": 28238, ""5"": 15846}",connected
143499,414,20000,0.050000000000000044,0.03542396535165608,-6.003782374681905,0.2449059921503067,0.05,1526,"{""0"": 24374, ""1"": 25338, ""2"": 26733, ""3"": 22941, ""4"": 28261, ""5"": 15852}",connected
143599,414,20000,0.050000000000000044,0.034163560708984735,-6.003782374681905,0.24951416328549386,0.05,1526,"{""0"": 24381, ""1"": 25368, ""2"": 26747, ""3"": 22972, ""4"": 28277, ""5"": 15854}",connected
143699,416,20000,0.050000000000000044,0.03678940664045513,-6.006505527100526,0.24715047106146812,0.05,1526,"{""0"": 24391, ""1"": 25388, ""2"": 26787, ""3"": 22985, ""4"": 28292, ""5"": 15856}",connected
143799,416,20000,0.050000000000000044,0.03837102605961263,-6.006505527100526,0.25459866851568225,0.05,1526,"{""0"": 24402, ""1"": 25410, ""2"": 26821, ""3"": 22992, ""4"": 28314, ""5"": 15860}",connected
143899,416,20000,0.050000000000000044,0.03401486524380744,-6.006505527100526,0.255569723546505,0.05,1526,"{""0"": 24419, ""1"": 25412, ""2"": 26853, ""3"": 23012, ""4"": 28337, ""5"": 15866}",connected
143999,416,20000,0.050000000000000044,0.0327924198564142,-6.006505527100526,0.25432728812098504,0.05,1526,"{""0"": 24442, ""1"": 25423, ""2"": 26872, ""3"": 23026, ""4"": 28360, ""5"": 15876}",connected
144099,416,20000,0.050000000000000044,0.03367888423614204,-6.006505527100526,0.25544330328702924,0.05,1526,"{""0"": 24464, ""1"": 25446, ""2"": 26898, ""3"": 23036, ""4"": 28371, ""5"": 15884}",connected
144199,416,20000,0.050000000000000044,0.035251044891774656,-6.006505527100526,0.2509471218287945,0.05,1526,"{""0"": 24476, ""1"": 25465, ""2"": 26933, ""3"": 23053, ""4"": 28371, ""5"": 15901}",connected
144299,416,20000,0.050000000000000044,0.03610068697482347,-6.006505527100526,0.2496613897383213,0.05,1526,"{""0"": 24485, ""1"": 25479, ""2"": 26970, ""3"": 23068, ""4"": 28373, ""5"": 15924}",connected
144399,416,20000,0.050000000000000044,0.038432218274101614,-6.006505527100526,0.2513150982558727,0.05,1526,"{""0"": 24496, ""1"": 25489, ""2"": 27021, ""3"": 23080, ""4"": 28373, ""5"": 15940}",connected
144499,418,20000,0.050000000000000044,0.035614256244152785,-6.014797462592833,0.25073471501469613,0.05,1526,"{""0"": 24527, ""1"": 25498, ""2"": 27034, ""3"": 23097, ""4"": 28389, ""5"": 15954}",connected
144599,418,20000,0.050000000000000044,0.03600457229651511,-6.014797462592833,0.25089482456445694,0.05,1526,"{""0"": 24544, ""1"": 25518, ""2"": 27049, ""3"": 23115, ""4"": 28414, ""5"": 15959}",connected
144699,418,20000,0.050000000000000044,0.033686132021248344,-6.014797462592833,0.25227133244276045,0.05,1526,"{""0"": 24563, ""1"": 25556, ""2"": 27053, ""3"": 23130, ""4"": 28426, ""5"": 15971}",connected
144799,418,20000,0.050000000000000044,0.03243627001531422,-6.014797462592833,0.24932658314704895,0.05,1526,"{""0"": 24591, ""1"": 25578, ""2"": 27053, ""3"": 23155, ""4"": 28444, ""5"": 15978}",connected
144899,418,20000,0.050000000000000044,0.03442898768000305,-6.014797462592833,0.24923672258853913,0.05,1526,"{""0"": 24616, ""1"": 25585, ""2"": 27070, ""3"": 23182, ""4"": 28462, ""5"": 15984}",connected
144999,418,20000,0.050000000000000044,0.03182952331379056,-6.014797462592833,0.24979852125048638,0.05,1526,"{""0"": 24633, ""1"": 25601, ""2"": 27087, ""3"": 23198, ""4"": 28480, ""5"": 16000}",connected
145099,418,20000,0.050000000000000044,0.034265971407294274,-6.014797462592833,0.25356275245547294,0.05,1526,"{""0"": 24641, ""1"": 25615, ""2"": 27128, ""3"": 23209, ""4"": 28498, ""5"": 16008}",connected
145199,420,20000,0.050000000000000044,0.037647295426577326,-5.992049813400954,0.25368408635258677,0.05,1526,"{""0"": 24647, ""1"": 25647, ""2"": 27147, ""3"": 23232, ""4"": 28516, ""5"": 16010}",connected
145299,420,20000,0.050000000000000044,0.03674728319048882,-5.992049813400954,0.2578557179868221,0.05,1526,"{""0"": 24669, ""1"": 25674, ""2"": 27163, ""3"": 23240, ""4"": 28534, ""5"": 16019}",connected
145399,420,20000,0.050000000000000044,0.03720180032774806,-5.992049813400954,0.25772730126976967,0.05,1526,"{""0"": 24688, ""1"": 25694, ""2"": 27174, ""3"": 23258, ""4"": 28557, ""5"": 16028}",connected
145499,420,20000,0.050000000000000044,0.03481053453870118,-5.992049813400954,0.2554598844051361,0.05,1526,"{""0"": 24703, ""1"": 25721, ""2"": 27183, ""3"": 23278, ""4"": 28566, ""5"": 16048}",connected
145599,420,20000,0.050000000000000044,0.031052040439099073,-5.992049813400954,0.25774478167295456,0.05,1526,"{""0"": 24714, ""1"": 25749, ""2"": 27197, ""3"": 23299, ""4"": 28592, ""5"": 16048}",connected
145699,420,20000,0.050000000000000044,0.03471952954307198,-5.992049813400954,0.25155684784054755,0.05,1526,"{""0"": 24725, ""1"": 25772, ""2"": 27224, ""3"": 23305, ""4"": 28605, ""5"": 16068}",connected
145799,420,20000,0.050000000000000044,0.03581961398012936,-5.992049813400954,0.2524059911072254,0.05,1526,"{""0"": 24741, ""1"": 25799, ""2"": 27258, ""3"": 23316, ""4"": 28617, ""5"": 16068}",connected
145899,422,20000,0.050000000000000044,0.036587647320702674,-6.0088587405905125,0.24959132120013236,0.05,1526,"{""0"": 24763, ""1"": 25818, ""2"": 27279, ""3"": 23320, ""4"": 28638, ""5"": 16081}",connected
145999,422,20000,0.050000000000000044,0.03574865732342005,-6.0088587405905125,0.24918832525610923,0.05,1526,"{""0"": 24777, ""1"": 25835, ""2"": 27308, ""3"": 23329, ""4"": 28668, ""5"": 16082}",connected
146099,422,20000,0.050000000000000044,0.035675439536571506,-6.0088587405905125,0.25211753010749816,0.05,1526,"{""0"": 24792, ""1"": 25875, ""2"": 27310, ""3"": 23344, ""4"": 28672, ""5"": 16106}",connected
146199,422,20000,0.050000000000000044,0.035705113997682926,-6.0088587405905125,0.2507195010781288,0.05,1526,"{""0"": 24807, ""1"": 25887, ""2"": 27324, ""3"": 23373, ""4"": 28687, ""5"": 16121}",connected
146299,422,20000,0.050000000000000044,0.03747966938652098,-6.0088587405905125,0.2452593946456909,0.05,1526,"{""0"": 24831, ""1"": 25922, ""2"": 27324, ""3"": 23383, ""4"": 28711, ""5"": 16128}",connected
146399,422,20000,0.050000000000000044,0.039252508003264665,-6.0088587405905125,0.2397311419248581,0.05,1526,"{""0"": 24859, ""1"": 25947, ""2"": 27327, ""3"": 23395, ""4"": 28725, ""5"": 16146}",connected
146499,422,20000,0.050000000000000044,0.03820011013187468,-6.0088587405905125,0.24233593478798865,0.05,1526,"{""0"": 24867, ""1"": 25974, ""2"": 27332, ""3"": 23416, ""4"": 28750, ""5"": 16160}",connected
146599,424,20000,0.050000000000000044,0.03700059282593429,-6.02516758535523,0.24296580940485002,0.05,1526,"{""0"": 24885, ""1"": 25981, ""2"": 27357, ""3"": 23428, ""4"": 28785, ""5"": 16163}",connected
146699,424,20000,0.050000000000000044,0.03624513099901378,-6.02516758535523,0.24766403675079346,0.05,1526,"{""0"": 24897, ""1"": 26012, ""2"": 27359, ""3"": 23445, ""4"": 28818, ""5"": 16168}",connected
146799,424,20000,0.050000000000000044,0.03684794282540679,-6.02516758535523,0.2522428661584854,0.05,1526,"{""0"": 24929, ""1"": 26018, ""2"": 27376, ""3"": 23474, ""4"": 28825, ""5"": 16177}",connected
146899,424,20000,0.050000000000000044,0.03452172388322652,-6.02516758535523,0.24872061744332313,0.05,1526,"{""0"": 24949, ""1"": 26021, ""2"": 27400, ""3"": 23493, ""4"": 28853, ""5"": 16183}",connected
146999,424,20000,0.050000000000000044,0.035625107446685435,-6.02516758535523,0.24520580396056174,0.05,1526,"{""0"": 24964, ""1"": 26046, ""2"": 27420, ""3"": 23502, ""4"": 28876, ""5"": 16191}",connected
147099,424,20000,0.050000000000000044,0.03498590771108866,-6.02516758535523,0.24238112539052964,0.05,1526,"{""0"": 24981, ""1"": 26050, ""2"": 27441, ""3"": 23527, ""4"": 28896, ""5"": 16204}",connected
147199,424,20000,0.050000000000000044,0.033455193666741254,-6.02516758535523,0.23931288346648216,0.05,1526,"{""0"": 24991, ""1"": 26060, ""2"": 27462, ""3"": 23551, ""4"": 28925, ""5"": 16210}",connected
147299,426,20000,0.050000000000000044,0.032992654768750074,-6.035300871580839,0.23490450501441956,0.05,1526,"{""0"": 24999, ""1"": 26068, ""2"": 27531, ""3"": 23554, ""4"": 28935, ""5"": 16212}",connected
147399,426,20000,0.050000000000000044,0.031846219040453434,-6.035300871580839,0.23858254089951514,0.05,1526,"{""0"": 25017, ""1"": 26099, ""2"": 27533, ""3"": 23568, ""4"": 28959, ""5"": 16223}",connected
147499,426,20000,0.050000000000000044,0.029934523552656175,-6.035300871580839,0.24037159740924835,0.05,1526,"{""0"": 25030, ""1"": 26126, ""2"": 27555, ""3"": 23586, ""4"": 28973, ""5"": 16229}",connected
147599,426,20000,0.050000000000000044,0.030477495305240153,-6.035300871580839,0.2443684482574463,0.05,1526,"{""0"": 25055, ""1"": 26135, ""2"": 27563, ""3"": 23606, ""4"": 29006, ""5"": 16234}",connected
147699,426,20000,0.050000000000000044,0.030543679893016814,-6.035300871580839,0.24663268506526947,0.05,1526,"{""0"": 25071, ""1"": 26156, ""2"": 27590, ""3"": 23622, ""4"": 29017, ""5"": 16243}",connected
147799,426,20000,0.050000000000000044,0.02898786581121385,-6.035300871580839,0.24789336785674096,0.05,1526,"{""0"": 25081, ""1"": 26179, ""2"": 27596, ""3"": 23647, ""4"": 29044, ""5"": 16252}",connected
147899,426,20000,0.050000000000000044,0.029733154149726035,-6.035300871580839,0.24621387481689452,0.05,1526,"{""0"": 25115, ""1"": 26194, ""2"": 27613, ""3"": 23664, ""4"": 29053, ""5"": 16260}",connected
147999,427,20000,0.050000000000000044,0.027794252950698137,-6.030841402532533,0.245365993976593,0.05,1526,"{""0"": 25124, ""1"": 26205, ""2"": 27641, ""3"": 23685, ""4"": 29080, ""5"": 16264}",connected
148099,428,20000,0.050000000000000044,0.029007675545290112,-6.035700858589262,0.24682289913296698,0.05,1526,"{""0"": 25136, ""1"": 26220, ""2"": 27656, ""3"": 23710, ""4"": 29109, ""5"": 16268}",connected
148199,428,20000,0.050000000000000044,0.029068754399195314,-6.035700858589262,0.24410128742456436,0.05,1526,"{""0"": 25154, ""1"": 26231, ""2"": 27661, ""3"": 23728, ""4"": 29157, ""5"": 16268}",connected
148299,428,20000,0.050000000000000044,0.029025175031274556,-6.035700858589262,0.24651441767811774,0.05,1526,"{""0"": 25169, ""1"": 26256, ""2"": 27678, ""3"": 23744, ""4"": 29177, ""5"": 16275}",connected
148399,428,20000,0.050000000000000044,0.028592087551951407,-6.035700858589262,0.24582479670643806,0.05,1526,"{""0"": 25193, ""1"": 26264, ""2"": 27688, ""3"": 23788, ""4"": 29191, ""5"": 16275}",connected
148499,428,20000,0.050000000000000044,0.02833532128483057,-6.035700858589262,0.2443496586382389,0.05,1526,"{""0"": 25214, ""1"": 26274, ""2"": 27714, ""3"": 23802, ""4"": 29194, ""5"": 16301}",connected
148599,428,20000,0.050000000000000044,0.02999125455506146,-6.035700858589262,0.24467148751020432,0.05,1526,"{""0"": 25257, ""1"": 26284, ""2"": 27734, ""3"": 23805, ""4"": 29214, ""5"": 16305}",connected
148699,428,20000,0.050000000000000044,0.03140311585739255,-6.035700858589262,0.24752027586102485,0.05,1526,"{""0"": 25284, ""1"": 26305, ""2"": 27735, ""3"": 23830, ""4"": 29220, ""5"": 16325}",connected
148799,430,20000,0.050000000000000044,0.033707569800317284,-6.0340899986959995,0.24380583465099334,0.05,1526,"{""0"": 25286, ""1"": 26336, ""2"": 27756, ""3"": 23830, ""4"": 29237, ""5"": 16354}",connected
148899,430,20000,0.050000000000000044,0.031616996694356206,-6.0340899986959995,0.24612845614552498,0.05,1526,"{""0"": 25307, ""1"": 26374, ""2"": 27757, ""3"": 23842, ""4"": 29247, ""5"": 16372}",connected
148999,430,20000,0.050000000000000044,0.030098761217668652,-6.0340899986959995,0.24925943836569786,0.05,1526,"{""0"": 25335, ""1"": 26411, ""2"": 27758, ""3"": 23855, ""4"": 29264, ""5"": 16376}",connected
149099,430,20000,0.050000000000000044,0.029503336763009428,-6.0340899986959995,0.24595413118600845,0.05,1526,"{""0"": 25366, ""1"": 26440, ""2"": 27766, ""3"": 23864, ""4"": 29284, ""5"": 16379}",connected
149199,430,20000,0.050000000000000044,0.03060415248386562,-6.0340899986959995,0.25101578459143636,0.05,1526,"{""0"": 25372, ""1"": 26464, ""2"": 27783, ""3"": 23891, ""4"": 29298, ""5"": 16391}",connected
149299,430,20000,0.050000000000000044,0.032974521555006506,-6.0340899986959995,0.24939924493432045,0.05,1526,"{""0"": 25382, ""1"": 26495, ""2"": 27790, ""3"": 23903, ""4"": 29327, ""5"": 16402}",connected
149399,430,20000,0.050000000000000044,0.034389204960316416,-6.0340899986959995,0.24948302403092384,0.05,1526,"{""0"": 25393, ""1"": 26542, ""2"": 27800, ""3"": 23921, ""4"": 29338, ""5"": 16405}",connected
149499,432,20000,0.050000000000000044,0.035399523824453355,-6.172159628537483,0.24747469112277032,0.05,1526,"{""0"": 25417, ""1"": 26573, ""2"": 27812, ""3"": 23934, ""4"": 29352, ""5"": 16411}",connected
149599,432,20000,0.050000000000000044,0.03565763387829066,-6.172159628537483,0.24206111207604408,0.05,1526,"{""0"": 25431, ""1"": 26590, ""2"": 27817, ""3"": 23965, ""4"": 29378, ""5"": 16418}",connected
149699,432,20000,0.050000000000000044,0.03460494213737547,-6.172159628537483,0.24640691578388213,0.05,1526,"{""0"": 25464, ""1"": 26601, ""2"": 27838, ""3"": 23974, ""4"": 29398, ""5"": 16424}",connected
149799,432,20000,0.050000000000000044,0.03395619065500796,-6.172159628537483,0.24509298890829087,0.05,1526,"{""0"": 25476, ""1"": 26628, ""2"": 27857, ""3"": 23998, ""4"": 29415, ""5"": 16425}",connected
149899,432,20000,0.050000000000000044,0.032554210312664505,-6.172159628537483,0.24741732954978943,0.05,1526,"{""0"": 25497, ""1"": 26634, ""2"": 27901, ""3"": 24007, ""4"": 29426, ""5"": 16434}",connected
149999,432,20000,0.050000000000000044,0.03027369691990316,-6.172159628537483,0.24961767375469207,0.05,1526,"{""0"": 25520, ""1"": 26658, ""2"": 27924, ""3"": 24019, ""4"": 29435, ""5"": 16443}",connected
150099,432,20000,0.050000000000000044,0.03065915740095079,-6.172159628537483,0.24567012935876847,0.05,1526,"{""0"": 25530, ""1"": 26688, ""2"": 27965, ""3"": 24025, ""4"": 29447, ""5"": 16444}",connected
150199,434,20000,0.050000000000000044,0.030411919970065357,-6.1788550608046355,0.24349239885807036,0.05,1526,"{""0"": 25561, ""1"": 26690, ""2"": 27980, ""3"": 24056, ""4"": 29466, ""5"": 16446}",connected
150299,434,20000,0.050000000000000044,0.029369017221033574,-6.1788550608046355,0.2443141570687294,0.05,1526,"{""0"": 25599, ""1"": 26694, ""2"": 27991, ""3"": 24072, ""4"": 29495, ""5"": 16448}",connected
150399,434,20000,0.050000000000000044,0.030474397502839565,-6.1788550608046355,0.24386314690113067,0.05,1526,"{""0"": 25624, ""1"": 26737, ""2"": 27994, ""3"": 24087, ""4"": 29499, ""5"": 16458}",connected
150499,434,20000,0.050000000000000044,0.030159142948687077,-6.1788550608046355,0.24312880665063857,0.05,1526,"{""0"": 25642, ""1"": 26746, ""2"": 28008, ""3"": 24108, ""4"": 29534, ""5"": 16461}",connected
150599,434,20000,0.050000000000000044,0.030413857381790876,-6.1788550608046355,0.2435937589406967,0.05,1526,"{""0"": 25666, ""1"": 26766, ""2"": 28023, ""3"": 24118, ""4"": 29561, ""5"": 16465}",connected
150699,434,20000,0.050000000000000044,0.03128942704759538,-6.1788550608046355,0.24332897886633872,0.05,1526,"{""0"": 25701, ""1"": 26774, ""2"": 28024, ""3"": 24159, ""4"": 29565, ""5"": 16476}",connected
150799,434,20000,0.050000000000000044,0.031057874336838723,-6.1788550608046355,0.24229102239012718,0.05,1526,"{""0"": 25740, ""1"": 26793, ""2"": 28027, ""3"": 24169, ""4"": 29578, ""5"": 16492}",connected
150899,436,20000,0.050000000000000044,0.03155026655644178,-6.172298583500087,0.2420976020395756,0.05,1526,"{""0"": 25764, ""1"": 26807, ""2"": 28045, ""3"": 24182, ""4"": 29604, ""5"": 16497}",connected
150999,436,20000,0.050000000000000044,0.030219733249396086,-6.172298583500087,0.23991967990994453,0.05,1526,"{""0"": 25802, ""1"": 26809, ""2"": 28051, ""3"": 24193, ""4"": 29634, ""5"": 16510}",connected
151099,436,20000,0.050000000000000044,0.028886653743684293,-6.172298583500087,0.24016926318407059,0.05,1526,"{""0"": 25831, ""1"": 26822, ""2"": 28057, ""3"": 24232, ""4"": 29645, ""5"": 16512}",connected
151199,436,20000,0.050000000000000044,0.027213066332042218,-6.172298583500087,0.240801562666893,0.05,1526,"{""0"": 25879, ""1"": 26822, ""2"": 28072, ""3"": 24236, ""4"": 29666, ""5"": 16524}",connected
151299,436,20000,0.050000000000000044,0.02689679481089115,-6.172298583500087,0.23951644644141198,0.05,1526,"{""0"": 25887, ""1"": 26852, ""2"": 28080, ""3"": 24255, ""4"": 29678, ""5"": 16547}",connected
151399,436,20000,0.050000000000000044,0.03057024724781513,-6.172298583500087,0.2412370325624943,0.05,1526,"{""0"": 25900, ""1"": 26879, ""2"": 28088, ""3"": 24274, ""4"": 29710, ""5"": 16548}",connected
151499,436,20000,0.050000000000000044,0.033712475560605526,-6.172298583500087,0.23968418627977373,0.05,1526,"{""0"": 25920, ""1"": 26897, ""2"": 28120, ""3"": 24291, ""4"": 29719, ""5"": 16552}",connected
151599,438,20000,0.050000000000000044,0.0335342085454613,-6.1072375623928385,0.24464974209666251,0.05,1526,"{""0"": 25930, ""1"": 26925, ""2"": 28150, ""3"": 24291, ""4"": 29739, ""5"": 16564}",connected
151699,438,20000,0.050000000000000044,0.03426396460272372,-6.1072375623928385,0.24421005919575692,0.05,1526,"{""0"": 25951, ""1"": 26945, ""2"": 28165, ""3"": 24314, ""4"": 29758, ""5"": 16566}",connected
151799,438,20000,0.050000000000000044,0.03466627912595868,-6.1072375623928385,0.24107633784413338,0.05,1526,"{""0"": 25972, ""1"": 26954, ""2"": 28191, ""3"": 24330, ""4"": 29784, ""5"": 16568}",connected
151899,438,20000,0.050000000000000044,0.03509783555753529,-6.1072375623928385,0.23940401270985603,0.05,1526,"{""0"": 25983, ""1"": 26973, ""2"": 28213, ""3"": 24351, ""4"": 29809, ""5"": 16570}",connected
151999,438,20000,0.050000000000000044,0.037120814891532065,-6.1072375623928385,0.23569526344537736,0.05,1526,"{""0"": 26001, ""1"": 26985, ""2"": 28239, ""3"": 24370, ""4"": 29833, ""5"": 16571}",connected
152099,438,20000,0.050000000000000044,0.03553362837061286,-6.1072375623928385,0.23743175879120826,0.05,1526,"{""0"": 26029, ""1"": 26986, ""2"": 28267, ""3"": 24395, ""4"": 29844, ""5"": 16578}",connected
152199,438,20000,0.050000000000000044,0.033303892454132435,-6.1072375623928385,0.23748804926872252,0.05,1526,"{""0"": 26052, ""1"": 26994, ""2"": 28311, ""3"": 24404, ""4"": 29859, ""5"": 16579}",connected
152299,438,20000,0.050000000000000044,0.029546286668628453,-6.1072375623928385,0.23662353664636612,0.05,1526,"{""0"": 26075, ""1"": 27000, ""2"": 28341, ""3"": 24420, ""4"": 29875, ""5"": 16588}",connected
152399,440,20000,0.050000000000000044,0.028974238205701112,-6.106951539255679,0.23451119378209115,0.05,1526,"{""0"": 26109, ""1"": 27009, ""2"": 28354, ""3"": 24433, ""4"": 29894, ""5"": 16600}",connected
152499,440,20000,0.050000000000000044,0.029977964209392666,-6.106951539255679,0.2341215106844902,0.05,1526,"{""0"": 26137, ""1"": 27033, ""2"": 28356, ""3"": 24448, ""4"": 29917, ""5"": 16608}",connected
152599,440,20000,0.050000000000000044,0.03011570801027119,-6.106951539255679,0.2362542049586773,0.05,1526,"{""0"": 26150, ""1"": 27036, ""2"": 28381, ""3"": 24474, ""4"": 29948, ""5"": 16610}",connected
152699,440,20000,0.050000000000000044,0.03241488021798432,-6.106951539255679,0.2391563968360424,0.05,1526,"{""0"": 26175, ""1"": 27052, ""2"": 28388, ""3"": 24497, ""4"": 29969, ""5"": 16618}",connected
152799,440,20000,0.050000000000000044,0.03118164819665253,-6.106951539255679,0.2383691018819809,0.05,1526,"{""0"": 26210, ""1"": 27077, ""2"": 28394, ""3"": 24511, ""4"": 29987, ""5"": 16620}",connected
152899,440,20000,0.050000000000000044,0.029964457880705595,-6.106951539255679,0.24012462452054023,0.05,1526,"{""0"": 26237, ""1"": 27077, ""2"": 28428, ""3"": 24532, ""4"": 29995, ""5"": 16630}",connected
152999,440,20000,0.050000000000000044,0.029807229088619352,-6.106951539255679,0.23867109477519988,0.05,1526,"{""0"": 26241, ""1"": 27091, ""2"": 28448, ""3"": 24556, ""4"": 30028, ""5"": 16635}",connected
153099,442,20000,0.050000000000000044,0.029429733622819185,-6.101009251987562,0.2354617916047573,0.05,1526,"{""0"": 26253, ""1"": 27105, ""2"": 28459, ""3"": 24574, ""4"": 30058, ""5"": 16650}",connected
153199,442,20000,0.050000000000000044,0.029152693627402186,-6.101009251987562,0.2367629685997963,0.05,1526,"{""0"": 26280, ""1"": 27129, ""2"": 28484, ""3"": 24578, ""4"": 30065, ""5"": 16663}",connected
153299,442,20000,0.050000000000000044,0.029062443990260364,-6.101009251987562,0.23908376306295395,0.05,1526,"{""0"": 26302, ""1"": 27144, ""2"": 28513, ""3"": 24588, ""4"": 30081, ""5"": 16671}",connected
153399,442,20000,0.050000000000000044,0.027191473338752985,-6.101009251987562,0.23992688119411468,0.05,1526,"{""0"": 26323, ""1"": 27156, ""2"": 28549, ""3"": 24597, ""4"": 30101, ""5"": 16673}",connected
153499,442,20000,0.050000000000000044,0.02767561372369528,-6.101009251987562,0.23999559849500657,0.05,1526,"{""0"": 26352, ""1"": 27171, ""2"": 28582, ""3"": 24603, ""4"": 30117, ""5"": 16674}",connected
153599,442,20000,0.050000000000000044,0.030594174982979894,-6.101009251987562,0.24353960424661636,0.05,1526,"{""0"": 26395, ""1"": 27173, ""2"": 28611, ""3"": 24619, ""4"": 30124, ""5"": 16677}",connected
153699,442,20000,0.050000000000000044,0.03255463432520628,-6.101009251987562,0.24259163096547126,0.05,1526,"{""0"": 26404, ""1"": 27194, ""2"": 28651, ""3"": 24626, ""4"": 30142, ""5"": 16682}",connected
153799,444,20000,0.050000000000000044,0.03277398629114032,-6.142099005840719,0.24056655079126357,0.05,1526,"{""0"": 26419, ""1"": 27220, ""2"": 28672, ""3"": 24633, ""4"": 30165, ""5"": 16690}",connected
153899,444,20000,0.050000000000000044,0.030828427383676173,-6.142099005840719,0.24020591348409653,0.05,1526,"{""0"": 26438, ""1"": 27232, ""2"": 28693, ""3"": 24662, ""4"": 30179, ""5"": 16695}",connected
153999,444,20000,0.050000000000000044,0.02734661486931145,-6.142099005840719,0.2361555078625679,0.05,1526,"{""0"": 26447, ""1"": 27253, ""2"": 28707, ""3"": 24670, ""4"": 30224, ""5"": 16698}",connected
154099,444,20000,0.050000000000000044,0.025603776732459664,-6.142099005840719,0.2312131281197071,0.05,1526,"{""0"": 26465, ""1"": 27272, ""2"": 28722, ""3"": 24679, ""4"": 30253, ""5"": 16708}",connected
154199,444,20000,0.050000000000000044,0.026996984696015715,-6.142099005840719,0.23811486318707467,0.05,1526,"{""0"": 26478, ""1"": 27286, ""2"": 28743, ""3"": 24691, ""4"": 30276, ""5"": 16725}",connected
154299,444,20000,0.050000000000000044,0.02753072309307754,-6.142099005840719,0.24185290560126305,0.05,1526,"{""0"": 26508, ""1"": 27287, ""2"": 28789, ""3"": 24694, ""4"": 30289, ""5"": 16732}",connected
154399,444,20000,0.050000000000000044,0.028042288282886147,-6.142099005840719,0.24414540186524392,0.05,1526,"{""0"": 26534, ""1"": 27307, ""2"": 28819, ""3"": 24709, ""4"": 30294, ""5"": 16736}",connected
154499,446,20000,0.050000000000000044,0.03095836387947202,-6.163213934362866,0.24673867627978324,0.05,1526,"{""0"": 26561, ""1"": 27324, ""2"": 28829, ""3"": 24724, ""4"": 30310, ""5"": 16751}",connected
154599,446,20000,0.050000000000000044,0.029899824084714054,-6.163213934362866,0.24322634994983672,0.05,1526,"{""0"": 26583, ""1"": 27337, ""2"": 28859, ""3"": 24730, ""4"": 30336, ""5"": 16754}",connected
154699,446,20000,0.050000000000000044,0.031284956885501744,-6.163213934362866,0.24203427821397783,0.05,1526,"{""0"": 26610, ""1"": 27351, ""2"": 28878, ""3"": 24739, ""4"": 30352, ""5"": 16769}",connected
154799,446,20000,0.050000000000000044,0.03251755171455443,-6.163213934362866,0.2452816465497017,0.05,1526,"{""0"": 26638, ""1"": 27367, ""2"": 28902, ""3"": 24743, ""4"": 30371, ""5"": 16778}",connected
154899,446,20000,0.050000000000000044,0.032021948639303445,-6.163213934362866,0.2448793163895607,0.05,1526,"{""0"": 26659, ""1"": 27379, ""2"": 28940, ""3"": 24745, ""4"": 30394, ""5"": 16782}",connected
154999,446,20000,0.050000000000000044,0.03480795896612108,-6.163213934362866,0.243782739341259,0.05,1526,"{""0"": 26692, ""1"": 27400, ""2"": 28965, ""3"": 24747, ""4"": 30400, ""5"": 16795}",connected
155099,446,20000,0.050000000000000044,0.03444868934340775,-6.163213934362866,0.2418014658987522,0.05,1526,"{""0"": 26721, ""1"": 27403, ""2"": 29006, ""3"": 24767, ""4"": 30406, ""5"": 16796}",connected
155199,448,20000,0.050000000000000044,0.03474348744377494,-6.188317104629241,0.24245984256267547,0.05,1526,"{""0"": 26748, ""1"": 27408, ""2"": 29029, ""3"": 24785, ""4"": 30424, ""5"": 16805}",connected
155299,448,20000,0.050000000000000044,0.032409217460080984,-6.188317104629241,0.2419168783724308,0.05,1526,"{""0"": 26763, ""1"": 27430, ""2"": 29046, ""3"": 24788, ""4"": 30449, ""5"": 16823}",connected
155399,448,20000,0.050000000000000044,0.0328162248339504,-6.188317104629241,0.24291296556591987,0.05,1526,"{""0"": 26781, ""1"": 27458, ""2"": 29052, ""3"": 24812, ""4"": 30463, ""5"": 16833}",connected
155499,448,20000,0.050000000000000044,0.03289870423264801,-6.188317104629241,0.24161811500787736,0.05,1526,"{""0"": 26799, ""1"": 27481, ""2"": 29068, ""3"": 24833, ""4"": 30484, ""5"": 16834}",connected
155599,448,20000,0.050000000000000044,0.03218151098117232,-6.188317104629241,0.23803200840950012,0.05,1526,"{""0"": 26819, ""1"": 27497, ""2"": 29092, ""3"": 24841, ""4"": 30498, ""5"": 16852}",connected
155699,448,20000,0.050000000000000044,0.03276559541001916,-6.188317104629241,0.2374166589975357,0.05,1526,"{""0"": 26830, ""1"": 27506, ""2"": 29119, ""3"": 24849, ""4"": 30535, ""5"": 16860}",connected
155799,448,20000,0.050000000000000044,0.029752311296761036,-6.188317104629241,0.2374851529300213,0.05,1526,"{""0"": 26853, ""1"": 27542, ""2"": 29128, ""3"": 24857, ""4"": 30543, ""5"": 16876}",connected
155899,448,20000,0.050000000000000044,0.027769014649093152,-6.188317104629241,0.2434163723886013,0.05,1526,"{""0"": 26879, ""1"": 27561, ""2"": 29165, ""3"": 24866, ""4"": 30552, ""5"": 16876}",connected
155999,450,20000,0.050000000000000044,0.027955921860411764,-6.183916891748086,0.23723718598484994,0.05,1526,"{""0"": 26902, ""1"": 27584, ""2"": 29180, ""3"": 24869, ""4"": 30581, ""5"": 16883}",connected
156099,450,20000,0.050000000000000044,0.02706135363318026,-6.183916891748086,0.2377344098687172,0.05,1526,"{""0"": 26930, ""1"": 27593, ""2"": 29207, ""3"": 24886, ""4"": 30600, ""5"": 16883}",connected
156199,450,20000,0.050000000000000044,0.02659779731184244,-6.183916891748086,0.23614077895879745,0.05,1526,"{""0"": 26960, ""1"": 27594, ""2"": 29248, ""3"": 24893, ""4"": 30621, ""5"": 16883}",connected
156299,450,20000,0.050000000000000044,0.028851544382050634,-6.183916891748086,0.229147347509861,0.05,1526,"{""0"": 26995, ""1"": 27610, ""2"": 29272, ""3"": 24899, ""4"": 30628, ""5"": 16895}",connected
156399,450,20000,0.050000000000000044,0.030157799627631904,-6.183916891748086,0.23583516284823416,0.05,1526,"{""0"": 27013, ""1"": 27622, ""2"": 29326, ""3"": 24903, ""4"": 30638, ""5"": 16897}",connected
156499,450,20000,0.050000000000000044,0.031016784701496363,-6.183916891748086,0.23475904196500777,0.05,1526,"{""0"": 27040, ""1"": 27637, ""2"": 29352, ""3"": 24916, ""4"": 30655, ""5"": 16899}",connected
156599,450,20000,0.050000000000000044,0.03256426959298551,-6.183916891748086,0.23664544865489007,0.05,1526,"{""0"": 27067, ""1"": 27648, ""2"": 29359, ""3"": 24936, ""4"": 30670, ""5"": 16919}",connected
156699,452,20000,0.050000000000000044,0.03192855322733521,-6.321913151172921,0.23919210866093635,0.05,1526,"{""0"": 27093, ""1"": 27649, ""2"": 29370, ""3"": 24943, ""4"": 30704, ""5"": 16940}",connected
156799,452,20000,0.050000000000000044,0.030373860681429506,-6.321913151172921,0.23645272329449654,0.05,1526,"{""0"": 27129, ""1"": 27673, ""2"": 29381, ""3"": 24957, ""4"": 30713, ""5"": 16946}",connected
156899,452,20000,0.050000000000000044,0.03023012469522655,-6.321913151172921,0.2379820491373539,0.05,1526,"{""0"": 27133, ""1"": 27722, ""2"": 29404, ""3"": 24979, ""4"": 30714, ""5"": 16947}",connected
156999,452,20000,0.050000000000000044,0.02916864483617246,-6.321913151172921,0.23779603689908982,0.05,1526,"{""0"": 27150, ""1"": 27743, ""2"": 29411, ""3"": 25005, ""4"": 30731, ""5"": 16959}",connected
157099,452,20000,0.050000000000000044,0.030136623410508035,-6.321913151172921,0.24064439058303833,0.05,1526,"{""0"": 27172, ""1"": 27759, ""2"": 29425, ""3"": 25020, ""4"": 30762, ""5"": 16961}",connected
157199,452,20000,0.050000000000000044,0.032839626595377924,-6.321913151172921,0.24135735526680946,0.05,1526,"{""0"": 27188, ""1"": 27772, ""2"": 29444, ""3"": 25029, ""4"": 30802, ""5"": 16964}",connected
157299,452,20000,0.050000000000000044,0.02927940388210118,-6.321913151172921,0.2376969636976719,0.05,1526,"{""0"": 27193, ""1"": 27803, ""2"": 29465, ""3"": 25046, ""4"": 30822, ""5"": 16970}",connected
157399,454,20000,0.050000000000000044,0.030837860964238642,-6.32809090057388,0.23516739457845687,0.05,1526,"{""0"": 27222, ""1"": 27810, ""2"": 29474, ""3"": 25066, ""4"": 30856, ""5"": 16971}",connected
157499,454,20000,0.050000000000000044,0.029636456230655313,-6.32809090057388,0.23333293795585633,0.05,1526,"{""0"": 27253, ""1"": 27816, ""2"": 29502, ""3"": 25085, ""4"": 30866, ""5"": 16977}",connected
157599,454,20000,0.050000000000000044,0.030210805432870982,-6.32809090057388,0.2338705039024353,0.05,1526,"{""0"": 27274, ""1"": 27829, ""2"": 29527, ""3"": 25099, ""4"": 30879, ""5"": 16991}",connected
157699,456,20000,0.050000000000000044,0.034998963652178645,-6.16340577300638,0.23808159828186035,0.05,1526,"{""0"": 27287, ""1"": 27846, ""2"": 29553, ""3"": 25117, ""4"": 30898, ""5"": 16998}",connected
157799,456,20000,0.050000000000000044,0.0329252821020782,-6.16340577300638,0.24017059162259102,0.05,1526,"{""0"": 27304, ""1"": 27879, ""2"": 29570, ""3"": 25126, ""4"": 30918, ""5"": 17002}",connected
157899,456,20000,0.050000000000000044,0.03307754799723625,-6.16340577300638,0.24121767058968543,0.05,1526,"{""0"": 27332, ""1"": 27895, ""2"": 29588, ""3"": 25127, ""4"": 30941, ""5"": 17016}",connected
157999,456,20000,0.050000000000000044,0.033209629422053695,-6.16340577300638,0.23995511457324029,0.05,1526,"{""0"": 27345, ""1"": 27920, ""2"": 29603, ""3"": 25158, ""4"": 30954, ""5"": 17019}",connected
158099,456,20000,0.050000000000000044,0.031020394563674926,-6.16340577300638,0.23655717819929123,0.05,1526,"{""0"": 27371, ""1"": 27930, ""2"": 29605, ""3"": 25188, ""4"": 30986, ""5"": 17019}",connected
158199,456,20000,0.050000000000000044,0.03055443615652621,-6.16340577300638,0.23561014130711555,0.05,1526,"{""0"": 27390, ""1"": 27936, ""2"": 29612, ""3"": 25211, ""4"": 31019, ""5"": 17031}",connected
158299,456,20000,0.050000000000000044,0.03226154702715576,-6.16340577300638,0.2320428630709648,0.05,1526,"{""0"": 27412, ""1"": 27957, ""2"": 29624, ""3"": 25232, ""4"": 31037, ""5"": 17037}",connected
158399,456,20000,0.050000000000000044,0.03026941664516926,-6.16340577300638,0.23401294767856598,0.05,1526,"{""0"": 27420, ""1"": 27998, ""2"": 29629, ""3"": 25237, ""4"": 31073, ""5"": 17042}",connected
158499,458,20000,0.050000000000000044,0.030989761808887125,-6.168000186905265,0.23564308375120163,0.05,1526,"{""0"": 27430, ""1"": 28021, ""2"": 29642, ""3"": 25246, ""4"": 31106, ""5"": 17054}",connected
158599,458,20000,0.050000000000000044,0.032056874744594094,-6.168000186905265,0.23714724019169808,0.05,1526,"{""0"": 27446, ""1"": 28055, ""2"": 29643, ""3"": 25264, ""4"": 31116, ""5"": 17075}",connected
158699,458,20000,0.050000000000000044,0.032424946818500756,-6.168000186905265,0.2386274528503418,0.05,1526,"{""0"": 27466, ""1"": 28084, ""2"": 29647, ""3"": 25283, ""4"": 31119, ""5"": 17100}",connected
158799,458,20000,0.050000000000000044,0.03144537420012057,-6.168000186905265,0.23615761637687682,0.05,1526,"{""0"": 27484, ""1"": 28111, ""2"": 29656, ""3"": 25308, ""4"": 31135, ""5"": 17105}",connected
158899,458,20000,0.050000000000000044,0.0338705316465348,-6.168000186905265,0.23847354263067244,0.05,1526,"{""0"": 27500, ""1"": 28134, ""2"": 29658, ""3"": 25319, ""4"": 31143, ""5"": 17145}",connected
158999,458,20000,0.050000000000000044,0.033724621664732696,-6.168000186905265,0.2337295536696911,0.05,1526,"{""0"": 27520, ""1"": 28156, ""2"": 29665, ""3"": 25354, ""4"": 31158, ""5"": 17146}",connected
159099,458,20000,0.050000000000000044,0.03232909394428134,-6.168000186905265,0.2326527926325798,0.05,1526,"{""0"": 27544, ""1"": 28179, ""2"": 29683, ""3"": 25384, ""4"": 31160, ""5"": 17149}",connected
159199,460,20000,0.050000000000000044,0.03455033734440804,-6.220203984896653,0.23053180128335954,0.05,1526,"{""0"": 27558, ""1"": 28186, ""2"": 29703, ""3"": 25404, ""4"": 31195, ""5"": 17153}",connected
159299,460,20000,0.050000000000000044,0.03221431877464056,-6.220203984896653,0.2285405805706978,0.05,1526,"{""0"": 27574, ""1"": 28209, ""2"": 29712, ""3"": 25427, ""4"": 31215, ""5"": 17162}",connected
159399,460,20000,0.050000000000000044,0.03295729843899608,-6.220203984896653,0.23318060979247093,0.05,1526,"{""0"": 27590, ""1"": 28236, ""2"": 29721, ""3"": 25456, ""4"": 31233, ""5"": 17163}",connected
159499,460,20000,0.050000000000000044,0.03217109996825457,-6.220203984896653,0.23850906640291214,0.05,1526,"{""0"": 27614, ""1"": 28260, ""2"": 29745, ""3"": 25475, ""4"": 31241, ""5"": 17164}",connected
159599,460,20000,0.050000000000000044,0.028256633887067437,-6.220203984896653,0.24105216309428215,0.05,1526,"{""0"": 27632, ""1"": 28263, ""2"": 29757, ""3"": 25500, ""4"": 31277, ""5"": 17170}",connected
159699,460,20000,0.050000000000000044,0.02759109969250858,-6.220203984896653,0.24327704027295113,0.05,1526,"{""0"": 27652, ""1"": 28263, ""2"": 29779, ""3"": 25518, ""4"": 31310, ""5"": 17177}",connected
159799,460,20000,0.050000000000000044,0.027844035141170023,-6.220203984896653,0.24215250492095947,0.05,1526,"{""0"": 27669, ""1"": 28263, ""2"": 29816, ""3"": 25543, ""4"": 31329, ""5"": 17179}",connected
159899,462,20000,0.050000000000000044,0.028788612224161625,-6.200207200828008,0.23770557805895806,0.05,1526,"{""0"": 27674, ""1"": 28267, ""2"": 29861, ""3"": 25551, ""4"": 31356, ""5"": 17190}",connected
159999,462,20000,0.050000000000000044,0.030763333849608897,-6.200207200828008,0.2346275819838047,0.05,1526,"{""0"": 27682, ""1"": 28290, ""2"": 29889, ""3"": 25573, ""4"": 31371, ""5"": 17194}",connected
160099,462,20000,0.050000000000000044,0.03193156469613314,-6.200207200828008,0.23279820933938025,0.05,1526,"{""0"": 27704, ""1"": 28309, ""2"": 29910, ""3"": 25578, ""4"": 31393, ""5"": 17205}",connected
160199,462,20000,0.050000000000000044,0.031620288733392954,-6.200207200828008,0.23278321519494058,0.05,1526,"{""0"": 27721, ""1"": 28331, ""2"": 29914, ""3"": 25612, ""4"": 31402, ""5"": 17219}",connected
160299,462,20000,0.050000000000000044,0.03235477745532989,-6.200207200828008,0.2319820825755596,0.05,1526,"{""0"": 27750, ""1"": 28344, ""2"": 29930, ""3"": 25633, ""4"": 31406, ""5"": 17236}",connected
160399,462,20000,0.050000000000000044,0.03239257170818746,-6.200207200828008,0.23567860022187234,0.05,1526,"{""0"": 27776, ""1"": 28347, ""2"": 29971, ""3"": 25641, ""4"": 31422, ""5"": 17242}",connected
160499,462,20000,0.050000000000000044,0.03261366056278348,-6.200207200828008,0.23383263543248176,0.05,1526,"{""0"": 27801, ""1"": 28381, ""2"": 29982, ""3"": 25653, ""4"": 31440, ""5"": 17242}",connected
160599,464,20000,0.050000000000000044,0.0316885832324624,-6.211497849822044,0.23213171139359473,0.05,1526,"{""0"": 27814, ""1"": 28393, ""2"": 30015, ""3"": 25666, ""4"": 31466, ""5"": 17245}",connected
160699,464,20000,0.050000000000000044,0.029898594161495567,-6.211497849822044,0.23604872047901154,0.05,1526,"{""0"": 27842, ""1"": 28413, ""2"": 30021, ""3"": 25683, ""4"": 31485, ""5"": 17255}",connected
160799,464,20000,0.050000000000000044,0.0295446190983057,-6.211497849822044,0.23518226861953737,0.05,1526,"{""0"": 27873, ""1"": 28445, ""2"": 30029, ""3"": 25695, ""4"": 31491, ""5"": 17266}",connected
160899,464,20000,0.050000000000000044,0.028613978521898387,-6.211497849822044,0.23414103910326958,0.05,1526,"{""0"": 27897, ""1"": 28483, ""2"": 30031, ""3"": 25713, ""4"": 31509, ""5"": 17266}",connected
160999,464,20000,0.050000000000000044,0.029433423466980458,-6.211497849822044,0.23648863509297371,0.05,1526,"{""0"": 27920, ""1"": 28498, ""2"": 30051, ""3"": 25742, ""4"": 31519, ""5"": 17269}",connected
161099,464,20000,0.050000000000000044,0.02887458727695048,-6.211497849822044,0.2304395331442356,0.05,1526,"{""0"": 27947, ""1"": 28516, ""2"": 30062, ""3"": 25756, ""4"": 31536, ""5"": 17282}",connected
161199,464,20000,0.050000000000000044,0.027621527332812548,-6.211497849822044,0.22714178636670113,0.05,1526,"{""0"": 27985, ""1"": 28524, ""2"": 30066, ""3"": 25771, ""4"": 31563, ""5"": 17290}",connected
161299,466,20000,0.050000000000000044,0.02679924003779888,-6.2213859355961905,0.23361107543110848,0.05,1526,"{""0"": 28005, ""1"": 28545, ""2"": 30097, ""3"": 25775, ""4"": 31580, ""5"": 17297}",connected
161399,466,20000,0.050000000000000044,0.025828332612290977,-6.2213859355961905,0.23179156333208084,0.05,1526,"{""0"": 28034, ""1"": 28572, ""2"": 30107, ""3"": 25775, ""4"": 31611, ""5"": 17300}",connected
161499,466,20000,0.050000000000000044,0.02462943036109209,-6.2213859355961905,0.23566606253385544,0.05,1526,"{""0"": 28058, ""1"": 28609, ""2"": 30119, ""3"": 25793, ""4"": 31618, ""5"": 17302}",connected
161599,466,20000,0.050000000000000044,0.024666881524026393,-6.2213859355961905,0.23833390146493913,0.05,1526,"{""0"": 28075, ""1"": 28641, ""2"": 30133, ""3"": 25815, ""4"": 31626, ""5"": 17309}",connected
161699,466,20000,0.050000000000000044,0.026244261991232632,-6.2213859355961905,0.23276466861367226,0.05,1526,"{""0"": 28086, ""1"": 28677, ""2"": 30143, ""3"": 25831, ""4"": 31650, ""5"": 17312}",connected
161799,466,20000,0.050000000000000044,0.02679316505789757,-6.2213859355961905,0.23135774835944176,0.05,1526,"{""0"": 28115, ""1"": 28708, ""2"": 30147, ""3"": 25851, ""4"": 31661, ""5"": 17317}",connected
161899,466,20000,0.050000000000000044,0.028755361624062063,-6.2213859355961905,0.23012767359614372,0.05,1526,"{""0"": 28153, ""1"": 28752, ""2"": 30155, ""3"": 25856, ""4"": 31664, ""5"": 17319}",connected
161999,468,20000,0.050000000000000044,0.030999731700867415,-6.2225083994958545,0.23106628522276879,0.05,1526,"{""0"": 28186, ""1"": 28786, ""2"": 30162, ""3"": 25864, ""4"": 31679, ""5"": 17322}",connected
162099,468,20000,0.050000000000000044,0.0306359850615263,-6.2225083994958545,0.22855909258127213,0.05,1526,"{""0"": 28198, ""1"": 28812, ""2"": 30165, ""3"": 25890, ""4"": 31712, ""5"": 17322}",connected
162199,468,20000,0.050000000000000044,0.032676680963486436,-6.2225083994958545,0.23032568648457527,0.05,1526,"{""0"": 28205, ""1"": 28853, ""2"": 30176, ""3"": 25904, ""4"": 31731, ""5"": 17330}",connected
162299,468,20000,0.050000000000000044,0.031865990329533814,-6.2225083994958545,0.23152080029249192,0.05,1526,"{""0"": 28221, ""1"": 28900, ""2"": 30186, ""3"": 25920, ""4"": 31734, ""5"": 17338}",connected
162399,468,20000,0.050000000000000044,0.028317723497748373,-6.2225083994958545,0.22772444859147073,0.05,1526,"{""0"": 28239, ""1"": 28927, ""2"": 30193, ""3"": 25929, ""4"": 31756, ""5"": 17355}",connected
162499,468,20000,0.050000000000000044,0.027929884353652595,-6.2225083994958545,0.2297515358030796,0.05,1526,"{""0"": 28261, ""1"": 28943, ""2"": 30208, ""3"": 25950, ""4"": 31781, ""5"": 17356}",connected
162599,468,20000,0.050000000000000044,0.026237379275262356,-6.2225083994958545,0.23067139491438865,0.05,1526,"{""0"": 28291, ""1"": 28952, ""2"": 30236, ""3"": 25969, ""4"": 31790, ""5"": 17361}",connected
162699,468,20000,0.050000000000000044,0.026115295393392444,-6.2225083994958545,0.22449109673500062,0.05,1526,"{""0"": 28321, ""1"": 28964, ""2"": 30281, ""3"": 25978, ""4"": 31792, ""5"": 17363}",connected
162799,470,20000,0.050000000000000044,0.030165282469242813,-6.244046995602548,0.2275819720327854,0.05,1526,"{""0"": 28337, ""1"": 28986, ""2"": 30300, ""3"": 25992, ""4"": 31811, ""5"": 17373}",connected
162899,470,20000,0.050000000000000044,0.02991480188444257,-6.244046995602548,0.22946814611554145,0.05,1526,"{""0"": 28348, ""1"": 29005, ""2"": 30304, ""3"": 26027, ""4"": 31812, ""5"": 17403}",connected
162999,470,20000,0.050000000000000044,0.03126509175635874,-6.244046995602548,0.22659019768238067,0.05,1526,"{""0"": 28403, ""1"": 29007, ""2"": 30311, ""3"": 26056, ""4"": 31816, ""5"": 17406}",connected
163099,470,20000,0.050000000000000044,0.031968686962500215,-6.244046995602548,0.23293160393834114,0.05,1526,"{""0"": 28437, ""1"": 29023, ""2"": 30333, ""3"": 26060, ""4"": 31838, ""5"": 17408}",connected
163199,470,20000,0.050000000000000044,0.030574117293581365,-6.244046995602548,0.23194097056984903,0.05,1526,"{""0"": 28469, ""1"": 29032, ""2"": 30337, ""3"": 26080, ""4"": 31869, ""5"": 17412}",connected
163299,470,20000,0.050000000000000044,0.030805743979290128,-6.244046995602548,0.2309988607466221,0.05,1526,"{""0"": 28499, ""1"": 29053, ""2"": 30359, ""3"": 26088, ""4"": 31880, ""5"": 17420}",connected
163399,470,20000,0.050000000000000044,0.028673595273867248,-6.244046995602548,0.2307489651441574,0.05,1526,"{""0"": 28505, ""1"": 29091, ""2"": 30385, ""3"": 26095, ""4"": 31903, ""5"": 17420}",connected
163499,472,20000,0.050000000000000044,0.029843233078718185,-6.325612649195827,0.2284662763774395,0.05,1526,"{""0"": 28522, ""1"": 29121, ""2"": 30396, ""3"": 26104, ""4"": 31936, ""5"": 17420}",connected
163599,472,20000,0.050000000000000044,0.029115939242765308,-6.325612649195827,0.22771243527531623,0.05,1526,"{""0"": 28577, ""1"": 29125, ""2"": 30404, ""3"": 26122, ""4"": 31946, ""5"": 17425}",connected
163699,472,20000,0.050000000000000044,0.026818473218008877,-6.325612649195827,0.22541295245289802,0.05,1526,"{""0"": 28598, ""1"": 29144, ""2"": 30417, ""3"": 26138, ""4"": 31969, ""5"": 17433}",connected
163799,472,20000,0.050000000000000044,0.026911463104188443,-6.325612649195827,0.22342439025640487,0.05,1526,"{""0"": 28616, ""1"": 29159, ""2"": 30439, ""3"": 26164, ""4"": 31988, ""5"": 17433}",connected
163899,472,20000,0.050000000000000044,0.02688828988932073,-6.325612649195827,0.225154170691967,0.05,1526,"{""0"": 28642, ""1"": 29188, ""2"": 30448, ""3"": 26180, ""4"": 32002, ""5"": 17439}",connected
163999,472,20000,0.050000000000000044,0.030070419181138276,-6.325612649195827,0.22489211365580558,0.05,1526,"{""0"": 28665, ""1"": 29206, ""2"": 30478, ""3"": 26188, ""4"": 32018, ""5"": 17444}",connected
164099,472,20000,0.050000000000000044,0.031205344311892987,-6.325612649195827,0.22478376045823098,0.05,1526,"{""0"": 28694, ""1"": 29235, ""2"": 30501, ""3"": 26203, ""4"": 32018, ""5"": 17448}",connected
164199,474,20000,0.050000000000000044,0.031012995904311537,-6.312137141823769,0.22690322771668434,0.05,1526,"{""0"": 28729, ""1"": 29255, ""2"": 30516, ""3"": 26206, ""4"": 32045, ""5"": 17448}",connected
164299,474,20000,0.050000000000000044,0.030247121881693602,-6.312137141823769,0.22508719608187674,0.05,1526,"{""0"": 28770, ""1"": 29276, ""2"": 30521, ""3"": 26221, ""4"": 32054, ""5"": 17457}",connected
164399,474,20000,0.050000000000000044,0.027916258350014687,-6.312137141823769,0.22705176576972008,0.05,1526,"{""0"": 28797, ""1"": 29292, ""2"": 30533, ""3"": 26249, ""4"": 32066, ""5"": 17462}",connected
164499,474,20000,0.050000000000000044,0.030546165527775882,-6.312137141823769,0.23194089010357857,0.05,1526,"{""0"": 28829, ""1"": 29294, ""2"": 30555, ""3"": 26270, ""4"": 32081, ""5"": 17470}",connected
164599,474,20000,0.050000000000000044,0.031173981186002495,-6.312137141823769,0.22994015976786614,0.05,1526,"{""0"": 28864, ""1"": 29301, ""2"": 30588, ""3"": 26282, ""4"": 32093, ""5"": 17471}",connected
164699,474,20000,0.050000000000000044,0.031449328046292066,-6.312137141823769,0.23018539801239968,0.05,1526,"{""0"": 28929, ""1"": 29307, ""2"": 30598, ""3"": 26285, ""4"": 32093, ""5"": 17487}",connected
164799,474,20000,0.050000000000000044,0.03228128913789988,-6.312137141823769,0.23103029772639275,0.05,1526,"{""0"": 28967, ""1"": 29322, ""2"": 30618, ""3"": 26297, ""4"": 32102, ""5"": 17493}",connected
164899,476,20000,0.050000000000000044,0.03273506184108555,-6.319339830083773,0.22989383861422538,0.05,1526,"{""0"": 28986, ""1"": 29331, ""2"": 30624, ""3"": 26315, ""4"": 32125, ""5"": 17518}",connected
164999,476,20000,0.050000000000000044,0.03544800247065723,-6.319339830083773,0.2338133317232132,0.05,1526,"{""0"": 29016, ""1"": 29365, ""2"": 30630, ""3"": 26322, ""4"": 32142, ""5"": 17524}",connected
165099,476,20000,0.050000000000000044,0.03714272596873343,-6.319339830083773,0.23378516376018524,0.05,1526,"{""0"": 29045, ""1"": 29391, ""2"": 30639, ""3"": 26341, ""4"": 32157, ""5"": 17526}",connected
165199,476,20000,0.050000000000000044,0.03636914497241378,-6.319339830083773,0.23082781508564948,0.05,1526,"{""0"": 29060, ""1"": 29424, ""2"": 30648, ""3"": 26361, ""4"": 32177, ""5"": 17529}",connected
165299,476,20000,0.050000000000000044,0.03604137780144811,-6.319339830083773,0.23041011586785318,0.05,1526,"{""0"": 29090, ""1"": 29451, ""2"": 30664, ""3"": 26365, ""4"": 32200, ""5"": 17529}",connected
165399,476,20000,0.050000000000000044,0.03355799786746502,-6.319339830083773,0.22994080185890198,0.05,1526,"{""0"": 29110, ""1"": 29468, ""2"": 30694, ""3"": 26380, ""4"": 32210, ""5"": 17537}",connected
165499,476,20000,0.050000000000000044,0.030773217026144266,-6.319339830083773,0.23172514021396637,0.05,1526,"{""0"": 29139, ""1"": 29482, ""2"": 30709, ""3"": 26385, ""4"": 32237, ""5"": 17547}",connected
165599,478,20000,0.050000000000000044,0.0301673657912761,-6.229511788869277,0.2353757867217064,0.05,1526,"{""0"": 29142, ""1"": 29482, ""2"": 30746, ""3"": 26385, ""4"": 32285, ""5"": 17559}",connected
165699,478,20000,0.050000000000000044,0.030850205151364208,-6.229511788869277,0.23733756959438324,0.05,1526,"{""0"": 29153, ""1"": 29519, ""2"": 30755, ""3"": 26399, ""4"": 32310, ""5"": 17563}",connected
165799,478,20000,0.050000000000000044,0.0326627809740603,-6.229511788869277,0.23917378798127176,0.05,1526,"{""0"": 29175, ""1"": 29538, ""2"": 30758, ""3"": 26435, ""4"": 32330, ""5"": 17563}",connected
165899,478,20000,0.050000000000000044,0.03168974899686873,-6.229511788869277,0.2369117757678032,0.05,1526,"{""0"": 29190, ""1"": 29552, ""2"": 30784, ""3"": 26460, ""4"": 32347, ""5"": 17566}",connected
165999,478,20000,0.050000000000000044,0.033718988783657554,-6.229511788869277,0.2355274011194706,0.05,1526,"{""0"": 29220, ""1"": 29556, ""2"": 30795, ""3"": 26482, ""4"": 32369, ""5"": 17577}",connected
166099,478,20000,0.050000000000000044,0.030243783611804246,-6.229511788869277,0.23195897176861763,0.05,1526,"{""0"": 29242, ""1"": 29582, ""2"": 30821, ""3"": 26490, ""4"": 32374, ""5"": 17590}",connected
166199,478,20000,0.050000000000000044,0.027291532419621945,-6.229511788869277,0.22911354437470435,0.05,1526,"{""0"": 29255, ""1"": 29592, ""2"": 30836, ""3"": 26509, ""4"": 32401, ""5"": 17606}",connected
166299,478,20000,0.050000000000000044,0.02843259665183723,-6.229511788869277,0.22974054276943207,0.05,1526,"{""0"": 29278, ""1"": 29605, ""2"": 30852, ""3"": 26535, ""4"": 32422, ""5"": 17607}",connected
166399,480,20000,0.050000000000000044,0.026943098353222013,-6.238180186776444,0.22664362147450448,0.05,1526,"{""0"": 29295, ""1"": 29621, ""2"": 30869, ""3"": 26545, ""4"": 32454, ""5"": 17615}",connected
166499,480,20000,0.050000000000000044,0.028980289716273547,-6.238180186776444,0.22512055709958076,0.05,1526,"{""0"": 29307, ""1"": 29652, ""2"": 30873, ""3"": 26567, ""4"": 32478, ""5"": 17622}",connected
166599,480,20000,0.050000000000000044,0.028459520749747752,-6.238180186776444,0.2245856238901615,0.05,1526,"{""0"": 29322, ""1"": 29658, ""2"": 30895, ""3"": 26588, ""4"": 32512, ""5"": 17624}",connected
166699,480,20000,0.050000000000000044,0.027772191204130648,-6.238180186776444,0.22407923892140388,0.05,1526,"{""0"": 29332, ""1"": 29671, ""2"": 30942, ""3"": 26606, ""4"": 32524, ""5"": 17624}",connected
166799,480,20000,0.050000000000000044,0.028195658642798663,-6.238180186776444,0.22686192348599435,0.05,1526,"{""0"": 29338, ""1"": 29696, ""2"": 30995, ""3"": 26610, ""4"": 32535, ""5"": 17625}",connected
166899,480,20000,0.050000000000000044,0.02779460947960615,-6.238180186776444,0.22818727612495424,0.05,1526,"{""0"": 29341, ""1"": 29698, ""2"": 31043, ""3"": 26636, ""4"": 32537, ""5"": 17644}",connected
166999,480,20000,0.050000000000000044,0.030060903960838915,-6.238180186776444,0.23148769825696947,0.05,1526,"{""0"": 29341, ""1"": 29708, ""2"": 31092, ""3"": 26656, ""4"": 32537, ""5"": 17665}",connected
167099,482,20000,0.050000000000000044,0.030133553724735977,-6.239525870038197,0.23118613436818122,0.05,1526,"{""0"": 29365, ""1"": 29732, ""2"": 31101, ""3"": 26668, ""4"": 32557, ""5"": 17676}",connected
167199,482,20000,0.050000000000000044,0.030586537700146438,-6.239525870038197,0.2248604665696621,0.05,1526,"{""0"": 29398, ""1"": 29739, ""2"": 31108, ""3"": 26684, ""4"": 32581, ""5"": 17689}",connected
167299,482,20000,0.050000000000000044,0.029755262704566122,-6.239525870038197,0.22827020719647406,0.05,1526,"{""0"": 29428, ""1"": 29753, ""2"": 31126, ""3"": 26695, ""4"": 32601, ""5"": 17696}",connected
167399,482,20000,0.050000000000000044,0.0295659891795367,-6.239525870038197,0.22820140585303306,0.05,1526,"{""0"": 29445, ""1"": 29758, ""2"": 31153, ""3"": 26716, ""4"": 32627, ""5"": 17700}",connected
167499,482,20000,0.050000000000000044,0.031170536130666733,-6.239525870038197,0.22719481319189072,0.05,1526,"{""0"": 29461, ""1"": 29771, ""2"": 31183, ""3"": 26725, ""4"": 32639, ""5"": 17720}",connected
167599,482,20000,0.050000000000000044,0.029457823066040875,-6.239525870038197,0.2307050609588623,0.05,1526,"{""0"": 29470, ""1"": 29798, ""2"": 31192, ""3"": 26749, ""4"": 32662, ""5"": 17728}",connected
167699,482,20000,0.050000000000000044,0.02858349047601223,-6.239525870038197,0.2251085790991783,0.05,1526,"{""0"": 29492, ""1"": 29816, ""2"": 31215, ""3"": 26767, ""4"": 32676, ""5"": 17733}",connected
167799,484,20000,0.050000000000000044,0.028891503680497407,-6.231164817353711,0.21662401735782624,0.05,1526,"{""0"": 29509, ""1"": 29847, ""2"": 31233, ""3"": 26769, ""4"": 32708, ""5"": 17733}",connected
167899,484,20000,0.050000000000000044,0.028859990676864983,-6.231164817353711,0.2184990404546261,0.05,1526,"{""0"": 29524, ""1"": 29875, ""2"": 31235, ""3"": 26793, ""4"": 32734, ""5"": 17738}",connected
167999,484,20000,0.050000000000000044,0.02834176827222109,-6.231164817353711,0.22069623619318007,0.05,1526,"{""0"": 29530, ""1"": 29906, ""2"": 31238, ""3"": 26809, ""4"": 32750, ""5"": 17766}",connected
168099,484,20000,0.050000000000000044,0.029065942112356424,-6.231164817353711,0.22225462526082992,0.05,1526,"{""0"": 29556, ""1"": 29926, ""2"": 31247, ""3"": 26822, ""4"": 32764, ""5"": 17784}",connected
168199,484,20000,0.050000000000000044,0.028066079169511794,-6.231164817353711,0.23043720826506614,0.05,1526,"{""0"": 29577, ""1"": 29946, ""2"": 31264, ""3"": 26848, ""4"": 32772, ""5"": 17792}",connected
168299,484,20000,0.050000000000000044,0.0256071391236037,-6.231164817353711,0.22990447103977205,0.05,1526,"{""0"": 29583, ""1"": 29990, ""2"": 31278, ""3"": 26859, ""4"": 32790, ""5"": 17799}",connected
168399,484,20000,0.050000000000000044,0.02620748703368008,-6.231164817353711,0.22952043160796165,0.05,1526,"{""0"": 29627, ""1"": 30001, ""2"": 31283, ""3"": 26883, ""4"": 32802, ""5"": 17803}",connected
168499,486,20000,0.050000000000000044,0.024471421875059605,-6.27542428527493,0.22661686152219773,0.05,1526,"{""0"": 29638, ""1"": 30011, ""2"": 31297, ""3"": 26896, ""4"": 32854, ""5"": 17803}",connected
168599,486,20000,0.050000000000000044,0.02627081675454974,-6.27542428527493,0.22338406264781951,0.05,1526,"{""0"": 29656, ""1"": 30035, ""2"": 31318, ""3"": 26909, ""4"": 32878, ""5"": 17803}",connected
168699,486,20000,0.050000000000000044,0.028396803615614773,-6.27542428527493,0.2258083054423332,0.05,1526,"{""0"": 29675, ""1"": 30049, ""2"": 31333, ""3"": 26946, ""4"": 32891, ""5"": 17805}",connected
168799,486,20000,0.050000000000000044,0.029966274751350285,-6.27542428527493,0.22557940155267717,0.05,1526,"{""0"": 29680, ""1"": 30079, ""2"": 31369, ""3"": 26950, ""4"": 32911, ""5"": 17810}",connected
168899,486,20000,0.050000000000000044,0.032229935871437194,-6.27542428527493,0.2265217985212803,0.05,1526,"{""0"": 29704, ""1"": 30114, ""2"": 31375, ""3"": 26976, ""4"": 32918, ""5"": 17812}",connected
168999,486,20000,0.050000000000000044,0.0299556599650532,-6.27542428527493,0.22467788949608802,0.05,1526,"{""0"": 29726, ""1"": 30135, ""2"": 31391, ""3"": 26997, ""4"": 32934, ""5"": 17816}",connected
169099,486,20000,0.050000000000000044,0.029280951926484704,-6.27542428527493,0.2205447055399418,0.05,1526,"{""0"": 29759, ""1"": 30159, ""2"": 31392, ""3"": 27030, ""4"": 32941, ""5"": 17818}",connected
169199,488,20000,0.050000000000000044,0.026260616723448038,-6.217381469118409,0.2180504682660103,0.05,1526,"{""0"": 29812, ""1"": 30169, ""2"": 31404, ""3"": 27036, ""4"": 32960, ""5"": 17818}",connected
169299,488,20000,0.050000000000000044,0.02684219665825367,-6.217381469118409,0.22072996854782104,0.05,1526,"{""0"": 29836, ""1"": 30178, ""2"": 31420, ""3"": 27049, ""4"": 32995, ""5"": 17821}",connected
169399,488,20000,0.050000000000000044,0.027626872044056654,-6.217381469118409,0.22251103162765504,0.05,1526,"{""0"": 29841, ""1"": 30213, ""2"": 31430, ""3"": 27075, ""4"": 33013, ""5"": 17827}",connected
169499,488,20000,0.050000000000000044,0.027119708070531486,-6.217381469118409,0.2249768041074276,0.05,1526,"{""0"": 29876, ""1"": 30230, ""2"": 31434, ""3"": 27095, ""4"": 33030, ""5"": 17834}",connected
169599,488,20000,0.050000000000000044,0.02993384269066155,-6.217381469118409,0.22590846598148345,0.05,1526,"{""0"": 29930, ""1"": 30245, ""2"": 31436, ""3"": 27111, ""4"": 33042, ""5"": 17835}",connected
169699,488,20000,0.050000000000000044,0.031217134995386003,-6.217381469118409,0.22226789966225624,0.05,1526,"{""0"": 29957, ""1"": 30250, ""2"": 31444, ""3"": 27147, ""4"": 33054, ""5"": 17847}",connected
169799,488,20000,0.050000000000000044,0.030129081811755897,-6.217381469118409,0.2232184538245201,0.05,1526,"{""0"": 29980, ""1"": 30285, ""2"": 31446, ""3"": 27157, ""4"": 33082, ""5"": 17849}",connected
169899,488,20000,0.050000000000000044,0.030401048008352517,-6.217381469118409,0.21891389518976212,0.05,1526,"{""0"": 30002, ""1"": 30308, ""2"": 31464, ""3"": 27171, ""4"": 33103, ""5"": 17851}",connected
169999,490,20000,0.050000000000000044,0.028974007200449705,-6.1791030237730595,0.21855443343520164,0.05,1526,"{""0"": 30025, ""1"": 30318, ""2"": 31479, ""3"": 27195, ""4"": 33125, ""5"": 17857}",connected
170099,490,20000,0.050000000000000044,0.02744749130681157,-6.1791030237730595,0.22015126645565034,0.05,1526,"{""0"": 30046, ""1"": 30343, ""2"": 31496, ""3"": 27208, ""4"": 33146, ""5"": 17860}",connected
170199,490,20000,0.050000000000000044,0.03024994398467243,-6.1791030237730595,0.21924931034445763,0.05,1526,"{""0"": 30073, ""1"": 30380, ""2"": 31496, ""3"": 27230, ""4"": 33158, ""5"": 17862}",connected
170299,490,20000,0.050000000000000044,0.029062751326709987,-6.1791030237730595,0.21896875023841858,0.05,1526,"{""0"": 30084, ""1"": 30390, ""2"": 31520, ""3"": 27251, ""4"": 33192, ""5"": 17862}",connected
170399,490,20000,0.050000000000000044,0.029270727196708323,-6.1791030237730595,0.21945743650197982,0.05,1526,"{""0"": 30113, ""1"": 30413, ""2"": 31543, ""3"": 27265, ""4"": 33201, ""5"": 17864}",connected
170499,490,20000,0.050000000000000044,0.02741425015963614,-6.1791030237730595,0.21676939353346825,0.05,1526,"{""0"": 30137, ""1"": 30433, ""2"": 31556, ""3"": 27276, ""4"": 33224, ""5"": 17873}",connected
170599,492,20000,0.050000000000000044,0.025645827949047087,-6.11294327723328,0.22066283494234085,0.05,1526,"{""0"": 30149, ""1"": 30446, ""2"": 31576, ""3"": 27291, ""4"": 33248, ""5"": 17889}",connected
170699,492,20000,0.050000000000000044,0.02667182182893157,-6.11294327723328,0.21881557866930962,0.05,1526,"{""0"": 30166, ""1"": 30450, ""2"": 31603, ""3"": 27320, ""4"": 33267, ""5"": 17893}",connected
170799,492,20000,0.050000000000000044,0.028461980139836668,-6.11294327723328,0.21613336801528932,0.05,1526,"{""0"": 30185, ""1"": 30477, ""2"": 31612, ""3"": 27354, ""4"": 33275, ""5"": 17896}",connected
170899,492,20000,0.050000000000000044,0.031132853059098124,-6.11294327723328,0.21725648567080497,0.05,1526,"{""0"": 30215, ""1"": 30480, ""2"": 31629, ""3"": 27381, ""4"": 33292, ""5"": 17902}",connected
170999,492,20000,0.050000000000000044,0.031784110330045225,-6.11294327723328,0.21089446514844895,0.05,1526,"{""0"": 30248, ""1"": 30499, ""2"": 31631, ""3"": 27395, ""4"": 33309, ""5"": 17917}",connected
171099,492,20000,0.050000000000000044,0.03346380966715515,-6.11294327723328,0.21858248129487037,0.05,1526,"{""0"": 30264, ""1"": 30522, ""2"": 31633, ""3"": 27439, ""4"": 33321, ""5"": 17920}",connected
171199,492,20000,0.050000000000000044,0.029751913137733937,-6.11294327723328,0.22136116102337838,0.05,1526,"{""0"": 30267, ""1"": 30532, ""2"": 31666, ""3"": 27460, ""4"": 33350, ""5"": 17924}",connected
171299,494,20000,0.050000000000000044,0.029133640844374895,-6.082407611389645,0.22382096245884894,0.05,1526,"{""0"": 30284, ""1"": 30544, ""2"": 31689, ""3"": 27484, ""4"": 33366, ""5"": 17932}",connected
171399,494,20000,0.050000000000000044,0.028838436203077435,-6.082407611389645,0.22525073423981667,0.05,1526,"{""0"": 30300, ""1"": 30580, ""2"": 31694, ""3"": 27507, ""4"": 33380, ""5"": 17938}",connected
171499,494,20000,0.050000000000000044,0.02681373747996986,-6.082407611389645,0.22270560644567014,0.05,1526,"{""0"": 30323, ""1"": 30624, ""2"": 31696, ""3"": 27522, ""4"": 33393, ""5"": 17941}",connected
171599,494,20000,0.050000000000000044,0.030209839856252075,-6.082407611389645,0.22263733707368374,0.05,1526,"{""0"": 30347, ""1"": 30667, ""2"": 31699, ""3"": 27534, ""4"": 33411, ""5"": 17941}",connected
171699,494,20000,0.050000000000000044,0.02961423202417791,-6.082407611389645,0.222771407738328,0.05,1526,"{""0"": 30390, ""1"": 30690, ""2"": 31701, ""3"": 27556, ""4"": 33421, ""5"": 17941}",connected
171799,494,20000,0.050000000000000044,0.028066177051514388,-6.082407611389645,0.22430662088096143,0.05,1526,"{""0"": 30396, ""1"": 30739, ""2"": 31701, ""3"": 27576, ""4"": 33444, ""5"": 17943}",connected
171899,494,20000,0.050000000000000044,0.030002564564347266,-6.082407611389645,0.22672049909830094,0.05,1526,"{""0"": 30413, ""1"": 30770, ""2"": 31713, ""3"": 27588, ""4"": 33466, ""5"": 17949}",connected
171999,496,20000,0.050000000000000044,0.030170711362734436,-6.114896534057334,0.22843991994857787,0.05,1526,"{""0"": 30420, ""1"": 30790, ""2"": 31716, ""3"": 27611, ""4"": 33491, ""5"": 17971}",connected
172099,496,20000,0.050000000000000044,0.029333016015589238,-6.114896534057334,0.2254749682545662,0.05,1526,"{""0"": 30460, ""1"": 30795, ""2"": 31717, ""3"": 27630, ""4"": 33512, ""5"": 17985}",connected
172199,496,20000,0.050000000000000044,0.03003016088157892,-6.114896534057334,0.2267107132077217,0.05,1526,"{""0"": 30477, ""1"": 30819, ""2"": 31717, ""3"": 27649, ""4"": 33537, ""5"": 18000}",connected
172299,496,20000,0.050000000000000044,0.030221655312925578,-6.114896534057334,0.22262938797473908,0.05,1526,"{""0"": 30506, ""1"": 30856, ""2"": 31733, ""3"": 27655, ""4"": 33546, ""5"": 18003}",connected
172399,496,20000,0.050000000000000044,0.03089460569433868,-6.114896534057334,0.22255455911159516,0.05,1526,"{""0"": 30534, ""1"": 30873, ""2"": 31750, ""3"": 27670, ""4"": 33547, ""5"": 18025}",connected
172499,496,20000,0.050000000000000044,0.03299283310770988,-6.114896534057334,0.22483336195349693,0.05,1526,"{""0"": 30560, ""1"": 30901, ""2"": 31763, ""3"": 27685, ""4"": 33558, ""5"": 18032}",connected
172599,498,20000,0.050000000000000044,0.03347261167131364,-6.017470531775616,0.22346688821911811,0.05,1526,"{""0"": 30571, ""1"": 30911, ""2"": 31780, ""3"": 27689, ""4"": 33589, ""5"": 18059}",connected
172699,498,20000,0.050000000000000044,0.03215864913538098,-6.017470531775616,0.22549656495451928,0.05,1526,"{""0"": 30591, ""1"": 30945, ""2"": 31784, ""3"": 27706, ""4"": 33602, ""5"": 18071}",connected
172799,498,20000,0.050000000000000044,0.02816376185975969,-6.017470531775616,0.22551071852445603,0.05,1526,"{""0"": 30607, ""1"": 30970, ""2"": 31791, ""3"": 27738, ""4"": 33619, ""5"": 18074}",connected
172899,498,20000,0.050000000000000044,0.025617475239560008,-6.017470531775616,0.2265213242173195,0.05,1526,"{""0"": 30629, ""1"": 31012, ""2"": 31797, ""3"": 27742, ""4"": 33640, ""5"": 18079}",connected
172999,498,20000,0.050000000000000044,0.02512270350009203,-6.017470531775616,0.22616372406482696,0.05,1526,"{""0"": 30644, ""1"": 31019, ""2"": 31845, ""3"": 27750, ""4"": 33662, ""5"": 18079}",connected
173099,498,20000,0.050000000000000044,0.023174066422507168,-6.017470531775616,0.22390156477689743,0.05,1526,"{""0"": 30647, ""1"": 31068, ""2"": 31850, ""3"": 27783, ""4"": 33670, ""5"": 18081}",connected
173199,498,20000,0.050000000000000044,0.02501633618026972,-6.017470531775616,0.22182710230350494,0.05,1526,"{""0"": 30656, ""1"": 31109, ""2"": 31864, ""3"": 27817, ""4"": 33670, ""5"": 18083}",connected
173299,500,20000,0.050000000000000044,0.027057528998702764,-6.004783963430673,0.22067275449633597,0.05,1526,"{""0"": 30672, ""1"": 31136, ""2"": 31894, ""3"": 27820, ""4"": 33694, ""5"": 18083}",connected
173399,500,20000,0.050000000000000044,0.027327526304870845,-6.004783963430673,0.22058157831430436,0.05,1526,"{""0"": 30704, ""1"": 31151, ""2"": 31903, ""3"": 27834, ""4"": 33717, ""5"": 18090}",connected
173499,500,20000,0.050000000000000044,0.02966977790929377,-6.004783963430673,0.22136604234576227,0.05,1526,"{""0"": 30716, ""1"": 31177, ""2"": 31916, ""3"": 27852, ""4"": 33745, ""5"": 18093}",connected
173599,500,20000,0.050000000000000044,0.030270462138578296,-6.004783963430673,0.22218791887164116,0.05,1526,"{""0"": 30738, ""1"": 31192, ""2"": 31934, ""3"": 27870, ""4"": 33772, ""5"": 18093}",connected
173699,500,20000,0.050000000000000044,0.03007263614796102,-6.004783963430673,0.21857394382357598,0.05,1526,"{""0"": 30767, ""1"": 31220, ""2"": 31942, ""3"": 27892, ""4"": 33775, ""5"": 18103}",connected
173799,500,20000,0.050000000000000044,0.030083232494071126,-6.004783963430673,0.21536877006292343,0.05,1526,"{""0"": 30794, ""1"": 31240, ""2"": 31954, ""3"": 27916, ""4"": 33787, ""5"": 18108}",connected
173899,500,20000,0.050000000000000044,0.029178977739065887,-6.004783963430673,0.21365823447704316,0.05,1526,"{""0"": 30808, ""1"": 31245, ""2"": 31978, ""3"": 27939, ""4"": 33820, ""5"": 18109}",connected
173999,500,20000,0.050000000000000044,0.02835621427744627,-6.004783963430673,0.21328451111912727,0.05,1526,"{""0"": 30834, ""1"": 31264, ""2"": 31984, ""3"": 27967, ""4"": 33831, ""5"": 18119}",connected
174099,502,20000,0.050000000000000044,0.027873194431886076,-5.983984248535708,0.21929394334554672,0.05,1526,"{""0"": 30870, ""1"": 31279, ""2"": 31987, ""3"": 27975, ""4"": 33867, ""5"": 18121}",connected
174199,502,20000,0.050000000000000044,0.027922707470133902,-5.983984248535708,0.2219737036526203,0.05,1526,"{""0"": 30898, ""1"": 31311, ""2"": 31997, ""3"": 27986, ""4"": 33886, ""5"": 18121}",connected
174299,502,20000,0.050000000000000044,0.030848627891391516,-5.983984248535708,0.22527979254722597,0.05,1526,"{""0"": 30924, ""1"": 31327, ""2"": 32014, ""3"": 28007, ""4"": 33900, ""5"": 18127}",connected
174399,502,20000,0.050000000000000044,0.0323615875095129,-5.983984248535708,0.22488057047128676,0.05,1526,"{""0"": 30974, ""1"": 31350, ""2"": 32017, ""3"": 28014, ""4"": 33907, ""5"": 18137}",connected
174499,502,20000,0.050000000000000044,0.03325123442336917,-5.983984248535708,0.21888519078493118,0.05,1526,"{""0"": 31008, ""1"": 31364, ""2"": 32035, ""3"": 28017, ""4"": 33909, ""5"": 18166}",connected
174599,502,20000,0.050000000000000044,0.03366353037767112,-5.983984248535708,0.22205135032534598,0.05,1526,"{""0"": 31044, ""1"": 31373, ""2"": 32059, ""3"": 28027, ""4"": 33924, ""5"": 18172}",connected
174699,502,20000,0.050000000000000044,0.02943996057845652,-5.983984248535708,0.22156660854816437,0.05,1526,"{""0"": 31063, ""1"": 31395, ""2"": 32082, ""3"": 28039, ""4"": 33927, ""5"": 18193}",connected
174799,504,20000,0.050000000000000044,0.028762948466464877,-5.984155421010218,0.2265860778093338,0.05,1526,"{""0"": 31069, ""1"": 31403, ""2"": 32089, ""3"": 28044, ""4"": 33959, ""5"": 18235}",connected
174899,504,20000,0.050000000000000044,0.02877532422542572,-5.984155421010218,0.2259438732266426,0.05,1526,"{""0"": 31101, ""1"": 31427, ""2"": 32093, ""3"": 28057, ""4"": 33979, ""5"": 18242}",connected
174999,504,20000,0.050000000000000044,0.029619595231488348,-5.984155421010218,0.21961542069911957,0.05,1526,"{""0"": 31119, ""1"": 31469, ""2"": 32095, ""3"": 28079, ""4"": 33987, ""5"": 18250}",connected
175099,504,20000,0.050000000000000044,0.031981070786714555,-5.984155421010218,0.21810693234205247,0.05,1526,"{""0"": 31146, ""1"": 31491, ""2"": 32098, ""3"": 28094, ""4"": 34010, ""5"": 18260}",connected
175199,504,20000,0.050000000000000044,0.030572363799437882,-5.984155421010218,0.2118461075425148,0.05,1526,"{""0"": 31159, ""1"": 31537, ""2"": 32104, ""3"": 28114, ""4"": 34014, ""5"": 18271}",connected
175299,504,20000,0.050000000000000044,0.029414511825889347,-5.984155421010218,0.21458040162920952,0.05,1526,"{""0"": 31180, ""1"": 31573, ""2"": 32111, ""3"": 28128, ""4"": 34032, ""5"": 18275}",connected
175399,504,20000,0.050000000000000044,0.029334283228963615,-5.984155421010218,0.22165505051612855,0.05,1526,"{""0"": 31203, ""1"": 31604, ""2"": 32112, ""3"": 28161, ""4"": 34042, ""5"": 18277}",connected
175499,506,20000,0.050000000000000044,0.02903575054369867,-6.026542123323306,0.21939719021320342,0.05,1526,"{""0"": 31224, ""1"": 31625, ""2"": 32126, ""3"": 28166, ""4"": 34069, ""5"": 18289}",connected
175599,506,20000,0.050000000000000044,0.030903801182284953,-6.026542123323306,0.22144733101129532,0.05,1526,"{""0"": 31234, ""1"": 31652, ""2"": 32132, ""3"": 28210, ""4"": 34082, ""5"": 18289}",connected
175699,506,20000,0.050000000000000044,0.03162256740964949,-6.026542123323306,0.22187505051493644,0.05,1526,"{""0"": 31259, ""1"": 31675, ""2"": 32149, ""3"": 28217, ""4"": 34098, ""5"": 18301}",connected
175799,506,20000,0.050000000000000044,0.030179747603833674,-6.026542123323306,0.21755416661500931,0.05,1526,"{""0"": 31281, ""1"": 31702, ""2"": 32152, ""3"": 28233, ""4"": 34122, ""5"": 18309}",connected
175899,506,20000,0.050000000000000044,0.0291950473934412,-6.026542123323306,0.21980039566755294,0.05,1526,"{""0"": 31310, ""1"": 31724, ""2"": 32157, ""3"": 28248, ""4"": 34129, ""5"": 18331}",connected
175999,506,20000,0.050000000000000044,0.02788993813097477,-6.026542123323306,0.2177199302613735,0.05,1526,"{""0"": 31330, ""1"": 31749, ""2"": 32159, ""3"": 28254, ""4"": 34139, ""5"": 18368}",connected
176099,506,20000,0.050000000000000044,0.027540205530822277,-6.026542123323306,0.2139201807230711,0.05,1526,"{""0"": 31361, ""1"": 31793, ""2"": 32159, ""3"": 28262, ""4"": 34141, ""5"": 18383}",connected
176199,508,20000,0.050000000000000044,0.02942728386260569,-6.057782307360322,0.21259956531226634,0.05,1526,"{""0"": 31373, ""1"": 31831, ""2"": 32170, ""3"": 28267, ""4"": 34173, ""5"": 18385}",connected
176299,508,20000,0.050000000000000044,0.0318115952052176,-6.057782307360322,0.21060429714620113,0.05,1526,"{""0"": 31410, ""1"": 31840, ""2"": 32187, ""3"": 28284, ""4"": 34177, ""5"": 18401}",connected
176399,508,20000,0.050000000000000044,0.031380101311951875,-6.057782307360322,0.21194359309971333,0.05,1526,"{""0"": 31437, ""1"": 31871, ""2"": 32193, ""3"": 28295, ""4"": 34202, ""5"": 18401}",connected
176499,508,20000,0.050000000000000044,0.029953795559704302,-6.057782307360322,0.21527960166335106,0.05,1526,"{""0"": 31450, ""1"": 31903, ""2"": 32217, ""3"": 28301, ""4"": 34227, ""5"": 18401}",connected
176599,508,20000,0.050000000000000044,0.027996838008984924,-6.057782307360322,0.21746214509010314,0.05,1526,"{""0"": 31477, ""1"": 31928, ""2"": 32223, ""3"": 28317, ""4"": 34253, ""5"": 18401}",connected
176699,508,20000,0.050000000000000044,0.02634903084486723,-6.057782307360322,0.21864962458610535,0.05,1526,"{""0"": 31507, ""1"": 31958, ""2"": 32239, ""3"": 28332, ""4"": 34260, ""5"": 18403}",connected
176799,508,20000,0.050000000000000044,0.024752682195976376,-6.057782307360322,0.21971459463238716,0.05,1526,"{""0"": 31532, ""1"": 31988, ""2"": 32254, ""3"": 28339, ""4"": 34269, ""5"": 18417}",connected
176899,510,20000,0.050000000000000044,0.024297154154628516,-6.060270994422026,0.22251639261841774,0.05,1526,"{""0"": 31555, ""1"": 32011, ""2"": 32259, ""3"": 28361, ""4"": 34287, ""5"": 18426}",connected
176999,510,20000,0.050000000000000044,0.023004455482587217,-6.060270994422026,0.21900754168629646,0.05,1526,"{""0"": 31572, ""1"": 32016, ""2"": 32301, ""3"": 28372, ""4"": 34311, ""5"": 18427}",connected
177099,510,20000,0.050000000000000044,0.02511453105136752,-6.060270994422026,0.21804402485489846,0.05,1526,"{""0"": 31586, ""1"": 32025, ""2"": 32327, ""3"": 28389, ""4"": 34339, ""5"": 18433}",connected
177199,510,20000,0.050000000000000044,0.025847663264721633,-6.060270994422026,0.21596985310316086,0.05,1526,"{""0"": 31600, ""1"": 32048, ""2"": 32341, ""3"": 28407, ""4"": 34354, ""5"": 18449}",connected
177299,510,20000,0.050000000000000044,0.026996423229575156,-6.060270994422026,0.21517941251397132,0.05,1526,"{""0"": 31615, ""1"": 32074, ""2"": 32353, ""3"": 28433, ""4"": 34374, ""5"": 18450}",connected
177399,510,20000,0.050000000000000044,0.027380165988579393,-6.060270994422026,0.2142819544672966,0.05,1526,"{""0"": 31638, ""1"": 32104, ""2"": 32360, ""3"": 28445, ""4"": 34402, ""5"": 18450}",connected
177499,510,20000,0.050000000000000044,0.027089302567765115,-6.060270994422026,0.21100351795554162,0.05,1526,"{""0"": 31668, ""1"": 32119, ""2"": 32392, ""3"": 28458, ""4"": 34405, ""5"": 18457}",connected
177599,510,20000,0.050000000000000044,0.02815757792443037,-6.060270994422026,0.2089770919084549,0.05,1526,"{""0"": 31689, ""1"": 32136, ""2"": 32417, ""3"": 28470, ""4"": 34421, ""5"": 18466}",connected
177699,512,20000,0.050000000000000044,0.02840162272565067,-6.079458482386545,0.2064017291367054,0.05,1526,"{""0"": 31711, ""1"": 32161, ""2"": 32433, ""3"": 28483, ""4"": 34445, ""5"": 18466}",connected
177799,512,20000,0.050000000000000044,0.029938294924795626,-6.079458482386545,0.20907688453793527,0.05,1526,"{""0"": 31740, ""1"": 32184, ""2"": 32464, ""3"": 28492, ""4"": 34451, ""5"": 18468}",connected
177899,512,20000,0.050000000000000044,0.027192810215055943,-6.079458482386545,0.21232908844947815,0.05,1526,"{""0"": 31746, ""1"": 32202, ""2"": 32486, ""3"": 28505, ""4"": 34481, ""5"": 18479}",connected
177999,512,20000,0.050000000000000044,0.027824241565540433,-6.079458482386545,0.21447937682271004,0.05,1526,"{""0"": 31773, ""1"": 32237, ""2"": 32486, ""3"": 28529, ""4"": 34493, ""5"": 18481}",connected
178099,512,20000,0.050000000000000044,0.028790882136672736,-6.079458482386545,0.21311406075954437,0.05,1526,"{""0"": 31820, ""1"": 32285, ""2"": 32486, ""3"": 28529, ""4"": 34498, ""5"": 18481}",connected
178199,512,20000,0.050000000000000044,0.02797811958938837,-6.079458482386545,0.21281763821840285,0.05,1526,"{""0"": 31842, ""1"": 32320, ""2"": 32487, ""3"": 28550, ""4"": 34500, ""5"": 18500}",connected
178299,512,20000,0.050000000000000044,0.028683886211365462,-6.079458482386545,0.21696936190128327,0.05,1526,"{""0"": 31855, ""1"": 32362, ""2"": 32487, ""3"": 28558, ""4"": 34517, ""5"": 18520}",connected
178399,514,20000,0.050000000000000044,0.028267906717956065,-6.066579771479592,0.2156779506802559,0.05,1526,"{""0"": 31885, ""1"": 32389, ""2"": 32495, ""3"": 28560, ""4"": 34540, ""5"": 18530}",connected
178499,514,20000,0.050000000000000044,0.02771425128914416,-6.066579771479592,0.21512542620301248,0.05,1526,"{""0"": 31897, ""1"": 32430, ""2"": 32495, ""3"": 28574, ""4"": 34572, ""5"": 18531}",connected
178599,514,20000,0.050000000000000044,0.02867025320418179,-6.066579771479592,0.21294491946697236,0.05,1526,"{""0"": 31910, ""1"": 32457, ""2"": 32503, ""3"": 28578, ""4"": 34609, ""5"": 18542}",connected
178699,514,20000,0.050000000000000044,0.027597029842436314,-6.066579771479592,0.21171945020556449,0.05,1526,"{""0"": 31943, ""1"": 32497, ""2"": 32505, ""3"": 28578, ""4"": 34622, ""5"": 18554}",connected
178799,514,20000,0.050000000000000044,0.027341110417619347,-6.066579771479592,0.2149510219693184,0.05,1526,"{""0"": 31966, ""1"": 32543, ""2"": 32505, ""3"": 28594, ""4"": 34634, ""5"": 18557}",connected
178899,514,20000,0.050000000000000044,0.027185295363888144,-6.066579771479592,0.2180137065052986,0.05,1526,"{""0"": 32004, ""1"": 32572, ""2"": 32505, ""3"": 28617, ""4"": 34642, ""5"": 18559}",connected
178999,514,20000,0.050000000000000044,0.025630187382921575,-6.066579771479592,0.2212652389705181,0.05,1526,"{""0"": 32045, ""1"": 32598, ""2"": 32505, ""3"": 28617, ""4"": 34647, ""5"": 18587}",connected
179099,516,20000,0.050000000000000044,0.027443021647632123,-6.098050393150188,0.2161226250231266,0.05,1526,"{""0"": 32082, ""1"": 32608, ""2"": 32517, ""3"": 28628, ""4"": 34669, ""5"": 18595}",connected
179199,516,20000,0.050000000000000044,0.026824727514758707,-6.098050393150188,0.2157561346888542,0.05,1526,"{""0"": 32096, ""1"": 32621, ""2"": 32540, ""3"": 28655, ""4"": 34689, ""5"": 18598}",connected
179299,516,20000,0.050000000000000044,0.025519318180158734,-6.098050393150188,0.21617963030934334,0.05,1526,"{""0"": 32116, ""1"": 32659, ""2"": 32541, ""3"": 28669, ""4"": 34702, ""5"": 18612}",connected
179399,516,20000,0.050000000000000044,0.02613798641599715,-6.098050393150188,0.21459136098623277,0.05,1526,"{""0"": 32132, ""1"": 32683, ""2"": 32542, ""3"": 28681, ""4"": 34739, ""5"": 18622}",connected
179499,516,20000,0.050000000000000044,0.025023983009159565,-6.098050393150188,0.2187062294781208,0.05,1526,"{""0"": 32134, ""1"": 32695, ""2"": 32565, ""3"": 28714, ""4"": 34761, ""5"": 18630}",connected
179599,516,20000,0.050000000000000044,0.025967083629220723,-6.098050393150188,0.2137780012190342,0.05,1526,"{""0"": 32149, ""1"": 32705, ""2"": 32588, ""3"": 28739, ""4"": 34784, ""5"": 18634}",connected
179699,516,20000,0.050000000000000044,0.027686534263193608,-6.098050393150188,0.21198974430561066,0.05,1526,"{""0"": 32161, ""1"": 32718, ""2"": 32647, ""3"": 28740, ""4"": 34797, ""5"": 18636}",connected
179799,518,20000,0.050000000000000044,0.028125118669122456,-6.0868159657577054,0.21223716259002687,0.05,1526,"{""0"": 32185, ""1"": 32753, ""2"": 32654, ""3"": 28750, ""4"": 34813, ""5"": 18644}",connected
179899,518,20000,0.050000000000000044,0.027591525632888077,-6.0868159657577054,0.21044837057590485,0.05,1526,"{""0"": 32199, ""1"": 32778, ""2"": 32662, ""3"": 28759, ""4"": 34845, ""5"": 18656}",connected
179999,518,20000,0.050000000000000044,0.025912785893306135,-6.0868159657577054,0.21116032734513282,0.05,1526,"{""0"": 32225, ""1"": 32794, ""2"": 32675, ""3"": 28787, ""4"": 34855, ""5"": 18663}",connected
180099,518,20000,0.050000000000000044,0.02552132627926767,-6.0868159657577054,0.21344327419996262,0.05,1526,"{""0"": 32264, ""1"": 32810, ""2"": 32684, ""3"": 28805, ""4"": 34872, ""5"": 18664}",connected
180199,518,20000,0.050000000000000044,0.026729258187115194,-6.0868159657577054,0.21199668630957602,0.05,1526,"{""0"": 32278, ""1"": 32822, ""2"": 32703, ""3"": 28829, ""4"": 34901, ""5"": 18666}",connected
180299,518,20000,0.050000000000000044,0.025576397478580475,-6.0868159657577054,0.21056148380041123,0.05,1526,"{""0"": 32311, ""1"": 32843, ""2"": 32725, ""3"": 28844, ""4"": 34910, ""5"": 18666}",connected
180399,520,20000,0.050000000000000044,0.02781679816544056,-5.999853793703951,0.2137933674454689,0.05,1526,"{""0"": 32341, ""1"": 32859, ""2"": 32749, ""3"": 28855, ""4"": 34929, ""5"": 18666}",connected
180499,520,20000,0.050000000000000044,0.027395471148192883,-5.999853793703951,0.21201781257987024,0.05,1526,"{""0"": 32352, ""1"": 32872, ""2"": 32770, ""3"": 28880, ""4"": 34953, ""5"": 18672}",connected
180599,520,20000,0.050000000000000044,0.025032286355271934,-5.999853793703951,0.21330600045621395,0.05,1526,"{""0"": 32374, ""1"": 32892, ""2"": 32777, ""3"": 28908, ""4"": 34964, ""5"": 18684}",connected
180699,520,20000,0.050000000000000044,0.027238107919692993,-5.999853793703951,0.21653750889003276,0.05,1526,"{""0"": 32394, ""1"": 32916, ""2"": 32789, ""3"": 28927, ""4"": 34989, ""5"": 18684}",connected
180799,520,20000,0.050000000000000044,0.028083749860525132,-5.999853793703951,0.2132841558009386,0.05,1526,"{""0"": 32408, ""1"": 32949, ""2"": 32808, ""3"": 28937, ""4"": 35008, ""5"": 18689}",connected
180899,520,20000,0.050000000000000044,0.03127274171449244,-5.999853793703951,0.21363011695444584,0.05,1526,"{""0"": 32427, ""1"": 32965, ""2"": 32810, ""3"": 28975, ""4"": 35022, ""5"": 18700}",connected
180999,520,20000,0.050000000000000044,0.03322618416510523,-5.999853793703951,0.21250129237771034,0.05,1526,"{""0"": 32451, ""1"": 32994, ""2"": 32817, ""3"": 28977, ""4"": 35048, ""5"": 18712}",connected
181099,520,20000,0.050000000000000044,0.03345522653311491,-5.999853793703951,0.21358477383852004,0.05,1526,"{""0"": 32493, ""1"": 33018, ""2"": 32827, ""3"": 28991, ""4"": 35058, ""5"": 18712}",connected
181199,522,20000,0.050000000000000044,0.03219626954756677,-5.973233627639711,0.2165425182878971,0.05,1526,"{""0"": 32510, ""1"": 33034, ""2"": 32855, ""3"": 28998, ""4"": 35088, ""5"": 18714}",connected
181299,522,20000,0.050000000000000044,0.029014189029112458,-5.973233627639711,0.21718448847532273,0.05,1526,"{""0"": 32534, ""1"": 33052, ""2"": 32868, ""3"": 29009, ""4"": 35098, ""5"": 18738}",connected
181399,522,20000,0.050000000000000044,0.027187397107481956,-5.973233627639711,0.21754693523049354,0.05,1526,"{""0"": 32577, ""1"": 33069, ""2"": 32869, ""3"": 29045, ""4"": 35099, ""5"": 18740}",connected
181499,522,20000,0.050000000000000044,0.028054711278527975,-5.973233627639711,0.213454899340868,0.05,1526,"{""0"": 32616, ""1"": 33076, ""2"": 32877, ""3"": 29076, ""4"": 35109, ""5"": 18745}",connected
181599,522,20000,0.050000000000000044,0.02741592850536108,-5.973233627639711,0.2118498209118843,0.05,1526,"{""0"": 32623, ""1"": 33097, ""2"": 32879, ""3"": 29106, ""4"": 35139, ""5"": 18755}",connected
181699,522,20000,0.050000000000000044,0.02938713694922626,-5.973233627639711,0.20902918100357057,0.05,1526,"{""0"": 32644, ""1"": 33112, ""2"": 32879, ""3"": 29136, ""4"": 35154, ""5"": 18774}",connected
181799,522,20000,0.050000000000000044,0.03144760851748288,-5.973233627639711,0.2085874554514885,0.05,1526,"{""0"": 32675, ""1"": 33142, ""2"": 32883, ""3"": 29149, ""4"": 35170, ""5"": 18780}",connected
181899,524,20000,0.050000000000000044,0.03020823897793889,-5.9783623443963005,0.2097114884853363,0.05,1526,"{""0"": 32698, ""1"": 33158, ""2"": 32893, ""3"": 29159, ""4"": 35195, ""5"": 18796}",connected
181999,524,20000,0.050000000000000044,0.030131353931501507,-5.9783623443963005,0.21037898510694503,0.05,1526,"{""0"": 32732, ""1"": 33184, ""2"": 32896, ""3"": 29175, ""4"": 35212, ""5"": 18800}",connected
182099,524,20000,0.050000000000000044,0.028215180691331623,-5.9783623443963005,0.2122988496720791,0.05,1526,"{""0"": 32752, ""1"": 33213, ""2"": 32901, ""3"": 29195, ""4"": 35233, ""5"": 18805}",connected
182199,524,20000,0.050000000000000044,0.025006106765940787,-5.9783623443963005,0.21477199256420135,0.05,1526,"{""0"": 32781, ""1"": 33225, ""2"": 32902, ""3"": 29201, ""4"": 35271, ""5"": 18819}",connected
182299,524,20000,0.050000000000000044,0.02443864122964442,-5.9783623443963005,0.21377337038516997,0.05,1526,"{""0"": 32794, ""1"": 33265, ""2"": 32913, ""3"": 29210, ""4"": 35295, ""5"": 18822}",connected
182399,524,20000,0.050000000000000044,0.023881119573488832,-5.9783623443963005,0.211631700694561,0.05,1526,"{""0"": 32810, ""1"": 33292, ""2"": 32937, ""3"": 29232, ""4"": 35304, ""5"": 18824}",connected
182499,524,20000,0.050000000000000044,0.022190975015982984,-5.9783623443963005,0.2086844736337662,0.05,1526,"{""0"": 32822, ""1"": 33309, ""2"": 32942, ""3"": 29234, ""4"": 35333, ""5"": 18859}",connected
182599,526,20000,0.050000000000000044,0.023167243301868437,-5.990414374568499,0.20915292993187903,0.05,1526,"{""0"": 32852, ""1"": 33319, ""2"": 32949, ""3"": 29255, ""4"": 35357, ""5"": 18867}",connected
182699,526,20000,0.050000000000000044,0.023288700906559826,-5.990414374568499,0.20977568119764328,0.05,1526,"{""0"": 32884, ""1"": 33346, ""2"": 32953, ""3"": 29269, ""4"": 35378, ""5"": 18869}",connected
182799,526,20000,0.050000000000000044,0.022765049459412694,-5.990414374568499,0.2110626631975174,0.05,1526,"{""0"": 32929, ""1"": 33357, ""2"": 32968, ""3"": 29280, ""4"": 35380, ""5"": 18885}",connected
182899,526,20000,0.050000000000000044,0.026228397134691477,-5.990414374568499,0.2147107321023941,0.05,1526,"{""0"": 32963, ""1"": 33378, ""2"": 32970, ""3"": 29309, ""4"": 35391, ""5"": 18888}",connected
182999,526,20000,0.050000000000000044,0.027297518057748674,-5.990414374568499,0.2127146951854229,0.05,1526,"{""0"": 32992, ""1"": 33403, ""2"": 32990, ""3"": 29319, ""4"": 35405, ""5"": 18890}",connected
183099,526,20000,0.050000000000000044,0.027238185396417976,-5.990414374568499,0.21299814119935034,0.05,1526,"{""0"": 33013, ""1"": 33410, ""2"": 33034, ""3"": 29324, ""4"": 35421, ""5"": 18897}",connected
183199,526,20000,0.050000000000000044,0.02818165303207934,-5.990414374568499,0.21153838992118834,0.05,1526,"{""0"": 33033, ""1"": 33431, ""2"": 33072, ""3"": 29342, ""4"": 35424, ""5"": 18897}",connected
183299,528,20000,0.050000000000000044,0.02748096514493227,-5.976970804641024,0.20908381506800652,0.05,1526,"{""0"": 33053, ""1"": 33446, ""2"": 33087, ""3"": 29351, ""4"": 35464, ""5"": 18898}",connected
183399,528,20000,0.050000000000000044,0.025984246106818317,-5.976970804641024,0.2103036753833294,0.05,1526,"{""0"": 33089, ""1"": 33475, ""2"": 33095, ""3"": 29358, ""4"": 35484, ""5"": 18898}",connected
183499,528,20000,0.050000000000000044,0.028006390035152436,-5.976970804641024,0.21150936856865882,0.05,1526,"{""0"": 33118, ""1"": 33487, ""2"": 33114, ""3"": 29379, ""4"": 35502, ""5"": 18899}",connected
183599,528,20000,0.050000000000000044,0.02787627337500453,-5.976970804641024,0.2127993342280388,0.05,1526,"{""0"": 33131, ""1"": 33507, ""2"": 33122, ""3"": 29418, ""4"": 35520, ""5"": 18901}",connected
183699,528,20000,0.050000000000000044,0.026504865512251854,-5.976970804641024,0.21501270830631256,0.05,1526,"{""0"": 33156, ""1"": 33525, ""2"": 33134, ""3"": 29429, ""4"": 35548, ""5"": 18907}",connected
183799,528,20000,0.050000000000000044,0.02709005042910576,-5.976970804641024,0.2114323130249977,0.05,1526,"{""0"": 33188, ""1"": 33548, ""2"": 33166, ""3"": 29434, ""4"": 35552, ""5"": 18911}",connected
183899,528,20000,0.050000000000000044,0.026005529966205358,-5.976970804641024,0.211424750238657,0.05,1526,"{""0"": 33208, ""1"": 33569, ""2"": 33187, ""3"": 29459, ""4"": 35564, ""5"": 18912}",connected
183999,530,20000,0.050000000000000044,0.026915786946192385,-5.9742351043410595,0.2088010361045599,0.05,1526,"{""0"": 33227, ""1"": 33587, ""2"": 33228, ""3"": 29468, ""4"": 35574, ""5"": 18915}",connected
184099,530,20000,0.050000000000000044,0.026291678808629513,-5.9742351043410595,0.20708747483789922,0.05,1526,"{""0"": 33237, ""1"": 33598, ""2"": 33235, ""3"": 29490, ""4"": 35617, ""5"": 18922}",connected
184199,530,20000,0.050000000000000044,0.02566139677539468,-5.9742351043410595,0.20664167650043963,0.05,1526,"{""0"": 33256, ""1"": 33623, ""2"": 33255, ""3"": 29503, ""4"": 35632, ""5"": 18930}",connected
184299,530,20000,0.050000000000000044,0.02523984662257135,-5.9742351043410595,0.20663502044975757,0.05,1526,"{""0"": 33287, ""1"": 33639, ""2"": 33278, ""3"": 29527, ""4"": 35637, ""5"": 18931}",connected
184399,530,20000,0.050000000000000044,0.02612298559397459,-5.9742351043410595,0.20927972435951234,0.05,1526,"{""0"": 33322, ""1"": 33646, ""2"": 33300, ""3"": 29532, ""4"": 35662, ""5"": 18937}",connected
184499,530,20000,0.050000000000000044,0.027136771669611336,-5.9742351043410595,0.20858918160200118,0.05,1526,"{""0"": 33333, ""1"": 33680, ""2"": 33309, ""3"": 29547, ""4"": 35690, ""5"": 18940}",connected
184599,530,20000,0.050000000000000044,0.028287922497838736,-5.9742351043410595,0.21111630380153656,0.05,1526,"{""0"": 33348, ""1"": 33697, ""2"": 33325, ""3"": 29565, ""4"": 35706, ""5"": 18958}",connected
184699,530,20000,0.050000000000000044,0.02831221342086792,-5.9742351043410595,0.20745736613869667,0.05,1526,"{""0"": 33368, ""1"": 33710, ""2"": 33349, ""3"": 29584, ""4"": 35725, ""5"": 18963}",connected
184799,532,20000,0.050000000000000044,0.026778119131922722,-5.942116921334527,0.20688160434365271,0.05,1526,"{""0"": 33401, ""1"": 33719, ""2"": 33371, ""3"": 29588, ""4"": 35755, ""5"": 18965}",connected
184899,532,20000,0.050000000000000044,0.02785549471154809,-5.942116921334527,0.2061927269399166,0.05,1526,"{""0"": 33408, ""1"": 33755, ""2"": 33374, ""3"": 29619, ""4"": 35777, ""5"": 18966}",connected
184999,532,20000,0.050000000000000044,0.02902319885790348,-5.942116921334527,0.20530139088630675,0.05,1526,"{""0"": 33444, ""1"": 33787, ""2"": 33374, ""3"": 29619, ""4"": 35789, ""5"": 18986}",connected
185099,532,20000,0.050000000000000044,0.028589201522991062,-5.942116921334527,0.20393339037895203,0.05,1526,"{""0"": 33481, ""1"": 33804, ""2"": 33375, ""3"": 29644, ""4"": 35794, ""5"": 19001}",connected
185199,532,20000,0.050000000000000044,0.02758859721943736,-5.942116921334527,0.20457132354378701,0.05,1526,"{""0"": 33499, ""1"": 33838, ""2"": 33379, ""3"": 29663, ""4"": 35813, ""5"": 19007}",connected
185299,532,20000,0.050000000000000044,0.027220226703211666,-5.942116921334527,0.20716371074318884,0.05,1526,"{""0"": 33525, ""1"": 33867, ""2"": 33380, ""3"": 29684, ""4"": 35830, ""5"": 19013}",connected
185399,532,20000,0.050000000000000044,0.025079540479928254,-5.942116921334527,0.207835833132267,0.05,1526,"{""0"": 33559, ""1"": 33879, ""2"": 33386, ""3"": 29716, ""4"": 35845, ""5"": 19014}",connected
185499,534,20000,0.050000000000000044,0.02448893731459975,-5.95422165255528,0.2119182103872299,0.05,1526,"{""0"": 33576, ""1"": 33900, ""2"": 33406, ""3"": 29726, ""4"": 35873, ""5"": 19018}",connected
185599,534,20000,0.050000000000000044,0.026194916926324367,-5.95422165255528,0.21326350942254066,0.05,1526,"{""0"": 33603, ""1"": 33905, ""2"": 33432, ""3"": 29737, ""4"": 35894, ""5"": 19028}",connected
185699,534,20000,0.050000000000000044,0.024919232921674847,-5.95422165255528,0.21076424032449723,0.05,1526,"{""0"": 33613, ""1"": 33951, ""2"": 33432, ""3"": 29742, ""4"": 35925, ""5"": 19036}",connected
185799,534,20000,0.050000000000000044,0.02511663183569908,-5.95422165255528,0.21289247445762158,0.05,1526,"{""0"": 33646, ""1"": 33971, ""2"": 33435, ""3"": 29752, ""4"": 35942, ""5"": 19053}",connected
185896,534,20000,0.050000000000000044,0.025564670143648983,-5.95422165255528,0.20955333389341832,0.05,1526,"{""0"": 33655, ""1"": 33991, ""2"": 33452, ""3"": 29774, ""4"": 35961, ""5"": 19063}",stopped
