global_step,episode_count,replay_size,epsilon,loss,mean_reward_100,expert_action_loss,expert_bc_weight,expert_replay_size,action_counts,connection_status
99,0,99,0.9984325,0.0,0.0,0.0,0.0,0,"{""0"": 30, ""1"": 10, ""2"": 26, ""3"": 9, ""4"": 15, ""5"": 9}",connected
199,0,199,0.9968491666666667,0.0,0.0,0.0,0.0,0,"{""0"": 54, ""1"": 31, ""2"": 38, ""3"": 21, ""4"": 28, ""5"": 27}",connected
299,0,299,0.9952658333333333,0.0,0.0,0.0,0.0,0,"{""0"": 74, ""1"": 45, ""2"": 54, ""3"": 41, ""4"": 44, ""5"": 41}",connected
399,0,399,0.9936825,0.0,0.0,0.0,0.0,0,"{""0"": 93, ""1"": 59, ""2"": 73, ""3"": 60, ""4"": 61, ""5"": 53}",connected
499,0,499,0.9920991666666666,0.0,0.0,0.0,0.0,0,"{""0"": 105, ""1"": 74, ""2"": 90, ""3"": 75, ""4"": 80, ""5"": 75}",connected
599,0,599,0.9905158333333334,0.0,0.0,0.0,0.0,0,"{""0"": 130, ""1"": 91, ""2"": 103, ""3"": 93, ""4"": 90, ""5"": 92}",connected
699,0,699,0.9889325,0.0,0.0,0.0,0.0,0,"{""0"": 153, ""1"": 109, ""2"": 120, ""3"": 110, ""4"": 100, ""5"": 107}",connected
799,2,799,0.9873491666666667,0.0,-8.31199994403869,0.0,0.0,0,"{""0"": 167, ""1"": 122, ""2"": 137, ""3"": 127, ""4"": 119, ""5"": 127}",connected
899,2,899,0.9857658333333333,0.0,-8.31199994403869,0.0,0.0,0,"{""0"": 184, ""1"": 143, ""2"": 156, ""3"": 143, ""4"": 137, ""5"": 136}",connected
999,2,999,0.9841825,0.0,-8.31199994403869,0.0,0.0,0,"{""0"": 209, ""1"": 154, ""2"": 176, ""3"": 158, ""4"": 149, ""5"": 153}",connected
1099,2,1099,0.9825991666666667,0.0,-8.31199994403869,0.0,0.0,0,"{""0"": 221, ""1"": 176, ""2"": 194, ""3"": 176, ""4"": 163, ""5"": 169}",connected
1199,2,1199,0.9810158333333333,0.0,-8.31199994403869,0.0,0.0,0,"{""0"": 233, ""1"": 195, ""2"": 214, ""3"": 194, ""4"": 180, ""5"": 183}",connected
1299,2,1299,0.9794325,0.0,-8.31199994403869,0.0,0.0,0,"{""0"": 244, ""1"": 208, ""2"": 237, ""3"": 214, ""4"": 199, ""5"": 197}",connected
1399,2,1399,0.9778491666666667,0.0,-8.31199994403869,0.0,0.0,0,"{""0"": 257, ""1"": 221, ""2"": 256, ""3"": 237, ""4"": 216, ""5"": 212}",connected
1499,2,1499,0.9762658333333334,0.0,-8.31199994403869,0.0,0.0,0,"{""0"": 273, ""1"": 237, ""2"": 286, ""3"": 253, ""4"": 228, ""5"": 222}",connected
1599,4,1599,0.9746825,0.0,-7.1539999069646,0.0,0.0,0,"{""0"": 289, ""1"": 259, ""2"": 305, ""3"": 267, ""4"": 244, ""5"": 235}",connected
1699,4,1699,0.9730991666666666,0.0,-7.1539999069646,0.0,0.0,0,"{""0"": 305, ""1"": 278, ""2"": 323, ""3"": 278, ""4"": 261, ""5"": 254}",connected
1799,4,1799,0.9715158333333334,0.0,-7.1539999069646,0.0,0.0,0,"{""0"": 325, ""1"": 290, ""2"": 336, ""3"": 295, ""4"": 278, ""5"": 275}",connected
1899,4,1899,0.9699325,0.0,-7.1539999069646,0.0,0.0,0,"{""0"": 337, ""1"": 308, ""2"": 356, ""3"": 309, ""4"": 299, ""5"": 290}",connected
1999,4,1999,0.9683491666666667,0.0,-7.1539999069646,0.0,0.0,0,"{""0"": 352, ""1"": 327, ""2"": 375, ""3"": 327, ""4"": 316, ""5"": 302}",connected
2099,4,2099,0.9667658333333333,0.0013230983982793986,-7.1539999069646,0.0,0.0,0,"{""0"": 368, ""1"": 349, ""2"": 390, ""3"": 340, ""4"": 332, ""5"": 320}",connected
2199,4,2199,0.9651825,0.0012031026207841933,-7.1539999069646,0.0,0.0,0,"{""0"": 391, ""1"": 377, ""2"": 400, ""3"": 353, ""4"": 346, ""5"": 332}",connected
2299,6,2299,0.9635991666666667,0.0011465539092508454,-7.1211665705001606,0.0,0.0,0,"{""0"": 411, ""1"": 393, ""2"": 413, ""3"": 368, ""4"": 363, ""5"": 351}",connected
2399,6,2399,0.9620158333333333,0.0012412020901683717,-7.1211665705001606,0.0,0.0,0,"{""0"": 432, ""1"": 412, ""2"": 423, ""3"": 389, ""4"": 379, ""5"": 364}",connected
2499,6,2499,0.9604325,0.0012876376556232572,-7.1211665705001606,0.0,0.0,0,"{""0"": 441, ""1"": 428, ""2"": 441, ""3"": 408, ""4"": 401, ""5"": 380}",connected
2599,6,2599,0.9588491666666666,0.001376326524768956,-7.1211665705001606,0.0,0.0,0,"{""0"": 454, ""1"": 448, ""2"": 454, ""3"": 421, ""4"": 417, ""5"": 405}",connected
2699,6,2699,0.9572658333333334,0.001457846697885543,-7.1211665705001606,0.0,0.0,0,"{""0"": 469, ""1"": 465, ""2"": 468, ""3"": 440, ""4"": 433, ""5"": 424}",connected
2799,6,2799,0.9556825,0.001412164451321587,-7.1211665705001606,0.0,0.0,0,"{""0"": 487, ""1"": 480, ""2"": 483, ""3"": 457, ""4"": 448, ""5"": 444}",connected
2899,6,2899,0.9540991666666667,0.0013371636986266823,-7.1211665705001606,0.0,0.0,0,"{""0"": 499, ""1"": 494, ""2"": 508, ""3"": 478, ""4"": 466, ""5"": 454}",connected
2999,8,2999,0.9525158333333333,0.0013463744620094075,-7.120624906907324,0.0,0.0,0,"{""0"": 518, ""1"": 510, ""2"": 524, ""3"": 491, ""4"": 489, ""5"": 467}",connected
3099,8,3099,0.9509325,0.001288654892705381,-7.120624906907324,0.0,0.0,0,"{""0"": 535, ""1"": 524, ""2"": 542, ""3"": 509, ""4"": 510, ""5"": 479}",connected
3199,8,3199,0.9493491666666667,0.001262881486909464,-7.120624906907324,0.0,0.0,0,"{""0"": 549, ""1"": 542, ""2"": 555, ""3"": 525, ""4"": 528, ""5"": 500}",connected
3299,8,3299,0.9477658333333333,0.0012719354225555436,-7.120624906907324,0.0,0.0,0,"{""0"": 568, ""1"": 561, ""2"": 566, ""3"": 544, ""4"": 548, ""5"": 512}",connected
3399,8,3399,0.9461825,0.0011670850636437535,-7.120624906907324,0.0,0.0,0,"{""0"": 578, ""1"": 572, ""2"": 585, ""3"": 561, ""4"": 573, ""5"": 530}",connected
3499,8,3499,0.9445991666666667,0.0011612982826773076,-7.120624906907324,0.0,0.0,0,"{""0"": 591, ""1"": 592, ""2"": 597, ""3"": 585, ""4"": 591, ""5"": 543}",connected
3599,8,3599,0.9430158333333334,0.0011302231729496271,-7.120624906907324,0.0,0.0,0,"{""0"": 610, ""1"": 609, ""2"": 611, ""3"": 597, ""4"": 610, ""5"": 562}",connected
3699,10,3699,0.9414325,0.0011020294821355492,-7.064199896482751,0.0,0.0,0,"{""0"": 631, ""1"": 627, ""2"": 625, ""3"": 609, ""4"": 627, ""5"": 580}",connected
3799,10,3799,0.9398491666666666,0.0011329412943450734,-7.064199896482751,0.0,0.0,0,"{""0"": 652, ""1"": 646, ""2"": 644, ""3"": 625, ""4"": 637, ""5"": 595}",connected
3899,10,3899,0.9382658333333334,0.0011783665767870844,-7.064199896482751,0.0,0.0,0,"{""0"": 668, ""1"": 665, ""2"": 663, ""3"": 636, ""4"": 654, ""5"": 613}",connected
3999,10,3999,0.9366825,0.001189430166850798,-7.064199896482751,0.0,0.0,0,"{""0"": 683, ""1"": 679, ""2"": 677, ""3"": 653, ""4"": 677, ""5"": 630}",connected
4099,10,4099,0.9350991666666667,0.0012290055042831227,-7.064199896482751,0.0,0.0,0,"{""0"": 704, ""1"": 697, ""2"": 689, ""3"": 672, ""4"": 694, ""5"": 643}",connected
4199,10,4199,0.9335158333333333,0.0011805884534260259,-7.064199896482751,0.0,0.0,0,"{""0"": 722, ""1"": 711, ""2"": 702, ""3"": 691, ""4"": 716, ""5"": 657}",connected
4299,10,4299,0.9319325,0.0010862794367130846,-7.064199896482751,0.0,0.0,0,"{""0"": 744, ""1"": 725, ""2"": 721, ""3"": 705, ""4"": 732, ""5"": 672}",connected
4399,10,4399,0.9303491666666667,0.0011325402575312182,-7.064199896482751,0.0,0.0,0,"{""0"": 759, ""1"": 738, ""2"": 744, ""3"": 721, ""4"": 746, ""5"": 691}",connected
4499,12,4499,0.9287658333333333,0.0011875110497931018,-7.015833233793576,0.0,0.0,0,"{""0"": 778, ""1"": 748, ""2"": 759, ""3"": 740, ""4"": 764, ""5"": 710}",connected
4599,12,4599,0.9271825,0.001227572017814964,-7.015833233793576,0.0,0.0,0,"{""0"": 793, ""1"": 762, ""2"": 777, ""3"": 758, ""4"": 785, ""5"": 724}",connected
4699,12,4699,0.9255991666666666,0.0012851209042128175,-7.015833233793576,0.0,0.0,0,"{""0"": 818, ""1"": 777, ""2"": 798, ""3"": 775, ""4"": 800, ""5"": 731}",connected
4799,12,4799,0.9240158333333334,0.0011938076466321945,-7.015833233793576,0.0,0.0,0,"{""0"": 832, ""1"": 793, ""2"": 812, ""3"": 794, ""4"": 823, ""5"": 745}",connected
4899,12,4899,0.9224325,0.0010891987179638817,-7.015833233793576,0.0,0.0,0,"{""0"": 845, ""1"": 815, ""2"": 826, ""3"": 810, ""4"": 836, ""5"": 767}",connected
4999,12,4999,0.9208491666666667,0.0010311922297114506,-7.015833233793576,0.0,0.0,0,"{""0"": 863, ""1"": 833, ""2"": 843, ""3"": 825, ""4"": 856, ""5"": 779}",connected
5099,12,5099,0.9192658333333333,0.0009852166380733252,-7.015833233793576,0.0,0.0,0,"{""0"": 886, ""1"": 852, ""2"": 865, ""3"": 836, ""4"": 865, ""5"": 795}",connected
5199,14,5199,0.9176825,0.0011094744852744043,-6.998142758351086,0.0,0.0,0,"{""0"": 908, ""1"": 869, ""2"": 881, ""3"": 852, ""4"": 882, ""5"": 807}",connected
5299,14,5299,0.9160991666666667,0.0011053160059964285,-6.998142758351086,0.0,0.0,0,"{""0"": 923, ""1"": 887, ""2"": 903, ""3"": 869, ""4"": 897, ""5"": 820}",connected
5399,14,5399,0.9145158333333333,0.001168892020941712,-6.998142758351086,0.0,0.0,0,"{""0"": 939, ""1"": 913, ""2"": 918, ""3"": 885, ""4"": 909, ""5"": 835}",connected
5499,14,5499,0.9129325,0.0011693144700257107,-6.998142758351086,0.0,0.0,0,"{""0"": 958, ""1"": 931, ""2"": 932, ""3"": 895, ""4"": 937, ""5"": 846}",connected
5599,14,5599,0.9113491666666667,0.0010742211039178073,-6.998142758351086,0.0,0.0,0,"{""0"": 968, ""1"": 961, ""2"": 947, ""3"": 911, ""4"": 953, ""5"": 859}",connected
5699,14,5699,0.9097658333333334,0.0010736132407328115,-6.998142758351086,0.0,0.0,0,"{""0"": 986, ""1"": 975, ""2"": 959, ""3"": 927, ""4"": 972, ""5"": 880}",connected
5799,14,5799,0.9081825,0.0010336923837894574,-6.998142758351086,0.0,0.0,0,"{""0"": 1000, ""1"": 988, ""2"": 976, ""3"": 946, ""4"": 993, ""5"": 896}",connected
5899,16,5899,0.9065991666666666,0.0010367896367097272,-7.04143739954452,0.0,0.0,0,"{""0"": 1014, ""1"": 1009, ""2"": 993, ""3"": 959, ""4"": 1012, ""5"": 912}",connected
5999,16,5999,0.9050158333333334,0.001075341001851484,-7.04143739954452,0.0,0.0,0,"{""0"": 1033, ""1"": 1034, ""2"": 1010, ""3"": 975, ""4"": 1027, ""5"": 920}",connected
6099,16,6099,0.9034325,0.0011638902995036915,-7.04143739954452,0.0,0.0,0,"{""0"": 1050, ""1"": 1050, ""2"": 1026, ""3"": 990, ""4"": 1048, ""5"": 935}",connected
6199,16,6199,0.9018491666666667,0.0011471202183747664,-7.04143739954452,0.0,0.0,0,"{""0"": 1061, ""1"": 1078, ""2"": 1036, ""3"": 1004, ""4"": 1067, ""5"": 953}",connected
6299,16,6299,0.9002658333333333,0.0011518197681289167,-7.04143739954452,0.0,0.0,0,"{""0"": 1078, ""1"": 1096, ""2"": 1054, ""3"": 1020, ""4"": 1081, ""5"": 970}",connected
6399,16,6399,0.8986825,0.0011517424479825422,-7.04143739954452,0.0,0.0,0,"{""0"": 1093, ""1"": 1117, ""2"": 1073, ""3"": 1035, ""4"": 1098, ""5"": 983}",connected
6499,16,6499,0.8970991666666667,0.001100533546996303,-7.04143739954452,0.0,0.0,0,"{""0"": 1106, ""1"": 1131, ""2"": 1087, ""3"": 1054, ""4"": 1119, ""5"": 1002}",connected
6599,18,6599,0.8955158333333333,0.0011804381635738537,-6.91527767585487,0.0,0.0,0,"{""0"": 1129, ""1"": 1157, ""2"": 1094, ""3"": 1067, ""4"": 1133, ""5"": 1019}",connected
6699,18,6699,0.8939325,0.0011870818631723524,-6.91527767585487,0.0,0.0,0,"{""0"": 1149, ""1"": 1171, ""2"": 1112, ""3"": 1082, ""4"": 1153, ""5"": 1032}",connected
6799,18,6799,0.8923491666666666,0.0011994976754067465,-6.91527767585487,0.0,0.0,0,"{""0"": 1164, ""1"": 1196, ""2"": 1126, ""3"": 1099, ""4"": 1173, ""5"": 1041}",connected
6899,18,6899,0.8907658333333334,0.00121846433787141,-6.91527767585487,0.0,0.0,0,"{""0"": 1184, ""1"": 1213, ""2"": 1146, ""3"": 1111, ""4"": 1196, ""5"": 1049}",connected
6999,18,6999,0.8891825,0.0011403422843432054,-6.91527767585487,0.0,0.0,0,"{""0"": 1196, ""1"": 1237, ""2"": 1170, ""3"": 1124, ""4"": 1214, ""5"": 1058}",connected
7099,18,7099,0.8875991666666667,0.0012189340707845985,-6.91527767585487,0.0,0.0,0,"{""0"": 1208, ""1"": 1257, ""2"": 1189, ""3"": 1138, ""4"": 1238, ""5"": 1069}",connected
7199,18,7199,0.8860158333333333,0.0012000489345518873,-6.91527767585487,0.0,0.0,0,"{""0"": 1224, ""1"": 1277, ""2"": 1204, ""3"": 1155, ""4"": 1256, ""5"": 1083}",connected
7299,18,7299,0.8844325,0.001131942552747205,-6.91527767585487,0.0,0.0,0,"{""0"": 1242, ""1"": 1294, ""2"": 1215, ""3"": 1168, ""4"": 1282, ""5"": 1098}",connected
7399,20,7399,0.8828491666666667,0.0012246825429610907,-6.85674989784602,0.0,0.0,0,"{""0"": 1259, ""1"": 1309, ""2"": 1231, ""3"": 1180, ""4"": 1308, ""5"": 1112}",connected
7499,20,7499,0.8812658333333333,0.0011696145811583847,-6.85674989784602,0.0,0.0,0,"{""0"": 1281, ""1"": 1330, ""2"": 1240, ""3"": 1191, ""4"": 1332, ""5"": 1125}",connected
7599,20,7599,0.8796825,0.0011250438599381596,-6.85674989784602,0.0,0.0,0,"{""0"": 1291, ""1"": 1352, ""2"": 1256, ""3"": 1206, ""4"": 1354, ""5"": 1140}",connected
7699,20,7699,0.8780991666666667,0.0011657403683057056,-6.85674989784602,0.0,0.0,0,"{""0"": 1309, ""1"": 1375, ""2"": 1264, ""3"": 1219, ""4"": 1378, ""5"": 1154}",connected
7799,20,7799,0.8765158333333334,0.0011316997261019424,-6.85674989784602,0.0,0.0,0,"{""0"": 1324, ""1"": 1398, ""2"": 1277, ""3"": 1233, ""4"": 1396, ""5"": 1171}",connected
7899,20,7899,0.8749325,0.0011801916197873652,-6.85674989784602,0.0,0.0,0,"{""0"": 1343, ""1"": 1421, ""2"": 1293, ""3"": 1248, ""4"": 1413, ""5"": 1181}",connected
7999,20,7999,0.8733491666666666,0.0011770272406283766,-6.85674989784602,0.0,0.0,0,"{""0"": 1353, ""1"": 1441, ""2"": 1309, ""3"": 1262, ""4"": 1439, ""5"": 1195}",connected
8099,22,8099,0.8717658333333334,0.001172947984887287,-6.77668171458539,0.0,0.0,0,"{""0"": 1372, ""1"": 1457, ""2"": 1324, ""3"": 1281, ""4"": 1457, ""5"": 1208}",connected
8199,22,8199,0.8701825000000001,0.0011330389295471832,-6.77668171458539,0.0,0.0,0,"{""0"": 1394, ""1"": 1465, ""2"": 1337, ""3"": 1296, ""4"": 1482, ""5"": 1225}",connected
8299,22,8299,0.8685991666666667,0.0010722325590904803,-6.77668171458539,0.0,0.0,0,"{""0"": 1404, ""1"": 1483, ""2"": 1359, ""3"": 1314, ""4"": 1503, ""5"": 1236}",connected
8399,22,8399,0.8670158333333333,0.0010947340639540927,-6.77668171458539,0.0,0.0,0,"{""0"": 1420, ""1"": 1500, ""2"": 1378, ""3"": 1330, ""4"": 1517, ""5"": 1254}",connected
8499,24,8499,0.8654325,0.0011035615840228274,-6.329958242616461,0.0,0.0,0,"{""0"": 1443, ""1"": 1513, ""2"": 1397, ""3"": 1351, ""4"": 1530, ""5"": 1265}",connected
8599,24,8599,0.8638491666666667,0.001160148584167473,-6.329958242616461,0.0,0.0,0,"{""0"": 1460, ""1"": 1531, ""2"": 1409, ""3"": 1365, ""4"": 1551, ""5"": 1283}",connected
8699,24,8699,0.8622658333333333,0.001159045816748403,-6.329958242616461,0.0,0.0,0,"{""0"": 1473, ""1"": 1550, ""2"": 1426, ""3"": 1380, ""4"": 1574, ""5"": 1296}",connected
8799,24,8799,0.8606825,0.0011391609266865998,-6.329958242616461,0.0,0.0,0,"{""0"": 1488, ""1"": 1565, ""2"": 1440, ""3"": 1407, ""4"": 1592, ""5"": 1307}",connected
8899,24,8899,0.8590991666666666,0.0010582018131390213,-6.329958242616461,0.0,0.0,0,"{""0"": 1504, ""1"": 1585, ""2"": 1451, ""3"": 1425, ""4"": 1614, ""5"": 1320}",connected
8999,24,8999,0.8575158333333334,0.0013335216790437698,-6.329958242616461,0.0,0.0,0,"{""0"": 1520, ""1"": 1599, ""2"": 1470, ""3"": 1441, ""4"": 1634, ""5"": 1335}",connected
9099,24,9099,0.8559325,0.0014590867474908009,-6.329958242616461,0.0,0.0,0,"{""0"": 1538, ""1"": 1620, ""2"": 1484, ""3"": 1455, ""4"": 1652, ""5"": 1350}",connected
9199,26,9199,0.8543491666666667,0.0015559268888318911,-6.366422981776011,0.0,0.0,0,"{""0"": 1554, ""1"": 1644, ""2"": 1501, ""3"": 1472, ""4"": 1666, ""5"": 1362}",connected
9299,26,9299,0.8527658333333333,0.0015989865607116372,-6.366422981776011,0.0,0.0,0,"{""0"": 1577, ""1"": 1661, ""2"": 1522, ""3"": 1486, ""4"": 1674, ""5"": 1379}",connected
9399,26,9399,0.8511825,0.0012667122931452467,-6.366422981776011,0.0,0.0,0,"{""0"": 1602, ""1"": 1677, ""2"": 1536, ""3"": 1505, ""4"": 1689, ""5"": 1390}",connected
9499,26,9499,0.8495991666666667,0.0011774515814613551,-6.366422981776011,0.0,0.0,0,"{""0"": 1617, ""1"": 1704, ""2"": 1547, ""3"": 1523, ""4"": 1706, ""5"": 1402}",connected
9599,26,9599,0.8480158333333333,0.001076353354146704,-6.366422981776011,0.0,0.0,0,"{""0"": 1638, ""1"": 1720, ""2"": 1564, ""3"": 1546, ""4"": 1717, ""5"": 1414}",connected
9699,26,9699,0.8464325,0.0014348905778024347,-6.366422981776011,0.0,0.0,0,"{""0"": 1656, ""1"": 1735, ""2"": 1582, ""3"": 1556, ""4"": 1735, ""5"": 1435}",connected
9799,26,9799,0.8448491666666667,0.0018079575477167964,-6.366422981776011,0.0,0.0,0,"{""0"": 1666, ""1"": 1755, ""2"": 1609, ""3"": 1571, ""4"": 1752, ""5"": 1446}",connected
9899,26,9899,0.8432658333333334,0.0025276129541452973,-6.366422981776011,0.0,0.0,0,"{""0"": 1678, ""1"": 1776, ""2"": 1625, ""3"": 1591, ""4"": 1768, ""5"": 1461}",connected
9999,28,9999,0.8416825,0.0025531853415304796,-6.375571334268898,0.0,0.0,0,"{""0"": 1695, ""1"": 1792, ""2"": 1644, ""3"": 1607, ""4"": 1786, ""5"": 1475}",connected
10099,28,10099,0.8400991666666666,0.0022312593000242487,-6.375571334268898,0.0,0.0,0,"{""0"": 1710, ""1"": 1809, ""2"": 1655, ""3"": 1620, ""4"": 1809, ""5"": 1496}",connected
10199,28,10199,0.8385158333333333,0.001920922535355203,-6.375571334268898,0.0,0.0,0,"{""0"": 1724, ""1"": 1829, ""2"": 1671, ""3"": 1642, ""4"": 1821, ""5"": 1512}",connected
10299,28,10299,0.8369325000000001,0.0014913803548552095,-6.375571334268898,0.0,0.0,0,"{""0"": 1736, ""1"": 1851, ""2"": 1690, ""3"": 1655, ""4"": 1840, ""5"": 1527}",connected
10399,28,10399,0.8353491666666667,0.0018553238722961397,-6.375571334268898,0.0,0.0,0,"{""0"": 1754, ""1"": 1871, ""2"": 1705, ""3"": 1676, ""4"": 1848, ""5"": 1545}",connected
10499,28,10499,0.8337658333333333,0.0018493097508326174,-6.375571334268898,0.0,0.0,0,"{""0"": 1773, ""1"": 1899, ""2"": 1714, ""3"": 1686, ""4"": 1864, ""5"": 1563}",connected
10599,28,10599,0.8321825,0.0021547713642939923,-6.375571334268898,0.0,0.0,0,"{""0"": 1786, ""1"": 1911, ""2"": 1728, ""3"": 1703, ""4"": 1887, ""5"": 1584}",connected
10699,30,10699,0.8305991666666667,0.0018616909522097558,-6.439433238329366,0.0,0.0,0,"{""0"": 1798, ""1"": 1929, ""2"": 1747, ""3"": 1716, ""4"": 1909, ""5"": 1600}",connected
10799,30,10799,0.8290158333333333,0.0015074972179718316,-6.439433238329366,0.0,0.0,0,"{""0"": 1815, ""1"": 1950, ""2"": 1762, ""3"": 1732, ""4"": 1929, ""5"": 1611}",connected
10899,30,10899,0.8274325,0.002155423854710534,-6.439433238329366,0.0,0.0,0,"{""0"": 1838, ""1"": 1966, ""2"": 1776, ""3"": 1748, ""4"": 1945, ""5"": 1626}",connected
10999,30,10999,0.8258491666666667,0.0018456697044894098,-6.439433238329366,0.0,0.0,0,"{""0"": 1855, ""1"": 1987, ""2"": 1791, ""3"": 1767, ""4"": 1960, ""5"": 1639}",connected
11099,30,11099,0.8242658333333334,0.001816473474027589,-6.439433238329366,0.0,0.0,0,"{""0"": 1878, ""1"": 2005, ""2"": 1798, ""3"": 1787, ""4"": 1978, ""5"": 1653}",connected
11199,30,11199,0.8226825,0.0018302479799604044,-6.439433238329366,0.0,0.0,0,"{""0"": 1903, ""1"": 2017, ""2"": 1819, ""3"": 1806, ""4"": 1992, ""5"": 1662}",connected
11299,30,11299,0.8210991666666667,0.0011527822725474835,-6.439433238329366,0.0,0.0,0,"{""0"": 1923, ""1"": 2033, ""2"": 1835, ""3"": 1822, ""4"": 2014, ""5"": 1672}",connected
11399,32,11399,0.8195158333333333,0.0011714667838532478,-6.3943436536355875,0.0,0.0,0,"{""0"": 1944, ""1"": 2049, ""2"": 1863, ""3"": 1831, ""4"": 2024, ""5"": 1688}",connected
11499,32,11499,0.8179325000000001,0.0011959687684429808,-6.3943436536355875,0.0,0.0,0,"{""0"": 1956, ""1"": 2078, ""2"": 1872, ""3"": 1856, ""4"": 2029, ""5"": 1708}",connected
11599,32,11599,0.8163491666666667,0.0011887227447004989,-6.3943436536355875,0.0,0.0,0,"{""0"": 1975, ""1"": 2092, ""2"": 1886, ""3"": 1875, ""4"": 2049, ""5"": 1722}",connected
11699,32,11699,0.8147658333333333,0.0015234487212728708,-6.3943436536355875,0.0,0.0,0,"{""0"": 1993, ""1"": 2106, ""2"": 1907, ""3"": 1891, ""4"": 2066, ""5"": 1736}",connected
11799,32,11799,0.8131825,0.0014746824506437406,-6.3943436536355875,0.0,0.0,0,"{""0"": 2009, ""1"": 2120, ""2"": 1930, ""3"": 1909, ""4"": 2081, ""5"": 1750}",connected
11899,32,11899,0.8115991666666666,0.0014518940495327115,-6.3943436536355875,0.0,0.0,0,"{""0"": 2027, ""1"": 2137, ""2"": 1940, ""3"": 1928, ""4"": 2098, ""5"": 1769}",connected
11999,32,11999,0.8100158333333334,0.0014186728798085823,-6.3943436536355875,0.0,0.0,0,"{""0"": 2038, ""1"": 2157, ""2"": 1956, ""3"": 1955, ""4"": 2105, ""5"": 1788}",connected
12099,34,12099,0.8084325,0.0011640314746182412,-6.3914999020395475,0.0,0.0,0,"{""0"": 2055, ""1"": 2178, ""2"": 1971, ""3"": 1965, ""4"": 2126, ""5"": 1804}",connected
12199,34,12199,0.8068491666666666,0.0014606519049266352,-6.3914999020395475,0.0,0.0,0,"{""0"": 2070, ""1"": 2202, ""2"": 1985, ""3"": 1981, ""4"": 2143, ""5"": 1818}",connected
12299,34,12299,0.8052658333333333,0.0014464301220141352,-6.3914999020395475,0.0,0.0,0,"{""0"": 2083, ""1"": 2219, ""2"": 1997, ""3"": 2004, ""4"": 2161, ""5"": 1835}",connected
12399,34,12399,0.8036825000000001,0.0017791868030326442,-6.3914999020395475,0.0,0.0,0,"{""0"": 2098, ""1"": 2243, ""2"": 2010, ""3"": 2025, ""4"": 2176, ""5"": 1847}",connected
12499,34,12499,0.8020991666666667,0.001721080238930881,-6.3914999020395475,0.0,0.0,0,"{""0"": 2113, ""1"": 2263, ""2"": 2022, ""3"": 2050, ""4"": 2189, ""5"": 1862}",connected
12599,34,12599,0.8005158333333333,0.0014128021575743333,-6.3914999020395475,0.0,0.0,0,"{""0"": 2137, ""1"": 2278, ""2"": 2035, ""3"": 2068, ""4"": 2206, ""5"": 1875}",connected
12699,34,12699,0.7989325,0.0017404611222445964,-6.3914999020395475,0.0,0.0,0,"{""0"": 2157, ""1"": 2301, ""2"": 2056, ""3"": 2076, ""4"": 2219, ""5"": 1890}",connected
12799,36,12799,0.7973491666666667,0.001397244250983931,-6.3909165661057665,0.0,0.0,0,"{""0"": 2178, ""1"": 2315, ""2"": 2074, ""3"": 2092, ""4"": 2235, ""5"": 1905}",connected
12899,36,12899,0.7957658333333333,0.0014615431951824575,-6.3909165661057665,0.0,0.0,0,"{""0"": 2197, ""1"": 2334, ""2"": 2083, ""3"": 2111, ""4"": 2245, ""5"": 1929}",connected
12999,36,12999,0.7941825,0.0017902000556932762,-6.3909165661057665,0.0,0.0,0,"{""0"": 2211, ""1"": 2349, ""2"": 2098, ""3"": 2125, ""4"": 2269, ""5"": 1947}",connected
13099,36,13099,0.7925991666666667,0.0018337407940998674,-6.3909165661057665,0.0,0.0,0,"{""0"": 2230, ""1"": 2368, ""2"": 2121, ""3"": 2141, ""4"": 2281, ""5"": 1958}",connected
13199,36,13199,0.7910158333333334,0.0018710056104464456,-6.3909165661057665,0.0,0.0,0,"{""0"": 2244, ""1"": 2392, ""2"": 2139, ""3"": 2158, ""4"": 2296, ""5"": 1970}",connected
13299,36,13299,0.7894325,0.0018179992184741423,-6.3909165661057665,0.0,0.0,0,"{""0"": 2263, ""1"": 2412, ""2"": 2147, ""3"": 2172, ""4"": 2324, ""5"": 1981}",connected
13399,36,13399,0.7878491666666667,0.0015441625728271902,-6.3909165661057665,0.0,0.0,0,"{""0"": 2280, ""1"": 2430, ""2"": 2160, ""3"": 2189, ""4"": 2349, ""5"": 1991}",connected
13499,38,13499,0.7862658333333333,0.0012319511687383057,-6.407947270126131,0.0,0.0,0,"{""0"": 2309, ""1"": 2441, ""2"": 2175, ""3"": 2204, ""4"": 2364, ""5"": 2006}",connected
13599,38,13599,0.7846825000000001,0.0012376745283836498,-6.407947270126131,0.0,0.0,0,"{""0"": 2329, ""1"": 2458, ""2"": 2189, ""3"": 2219, ""4"": 2389, ""5"": 2015}",connected
13699,38,13699,0.7830991666666667,0.0012420291552552953,-6.407947270126131,0.0,0.0,0,"{""0"": 2347, ""1"": 2476, ""2"": 2207, ""3"": 2232, ""4"": 2407, ""5"": 2030}",connected
13799,38,13799,0.7815158333333333,0.0012544940726365893,-6.407947270126131,0.0,0.0,0,"{""0"": 2366, ""1"": 2498, ""2"": 2218, ""3"": 2263, ""4"": 2416, ""5"": 2038}",connected
13899,38,13899,0.7799325,0.0012410044198622927,-6.407947270126131,0.0,0.0,0,"{""0"": 2391, ""1"": 2514, ""2"": 2233, ""3"": 2276, ""4"": 2433, ""5"": 2052}",connected
13999,38,13999,0.7783491666666666,0.0012219910143176093,-6.407947270126131,0.0,0.0,0,"{""0"": 2408, ""1"": 2536, ""2"": 2249, ""3"": 2295, ""4"": 2445, ""5"": 2066}",connected
14099,38,14099,0.7767658333333334,0.0012789945205440745,-6.407947270126131,0.0,0.0,0,"{""0"": 2424, ""1"": 2559, ""2"": 2262, ""3"": 2314, ""4"": 2457, ""5"": 2083}",connected
14199,38,14199,0.7751825,0.0012187198048923165,-6.407947270126131,0.0,0.0,0,"{""0"": 2445, ""1"": 2578, ""2"": 2281, ""3"": 2332, ""4"": 2467, ""5"": 2096}",connected
14299,40,14299,0.7735991666666666,0.0012748428160557523,-6.369324900035281,0.0,0.0,0,"{""0"": 2466, ""1"": 2597, ""2"": 2295, ""3"": 2342, ""4"": 2489, ""5"": 2110}",connected
14399,40,14399,0.7720158333333333,0.0013242361805168913,-6.369324900035281,0.0,0.0,0,"{""0"": 2487, ""1"": 2607, ""2"": 2314, ""3"": 2361, ""4"": 2503, ""5"": 2127}",connected
14499,40,14499,0.7704325000000001,0.0015800942981150001,-6.369324900035281,0.0,0.0,0,"{""0"": 2504, ""1"": 2619, ""2"": 2329, ""3"": 2389, ""4"": 2517, ""5"": 2141}",connected
14599,40,14599,0.7688491666666667,0.0016204910323722288,-6.369324900035281,0.0,0.0,0,"{""0"": 2525, ""1"": 2628, ""2"": 2343, ""3"": 2426, ""4"": 2527, ""5"": 2150}",connected
14699,40,14699,0.7672658333333333,0.0016382600431097672,-6.369324900035281,0.0,0.0,0,"{""0"": 2550, ""1"": 2637, ""2"": 2355, ""3"": 2445, ""4"": 2545, ""5"": 2167}",connected
14799,40,14799,0.7656825,0.0019025970227085054,-6.369324900035281,0.0,0.0,0,"{""0"": 2565, ""1"": 2642, ""2"": 2362, ""3"": 2479, ""4"": 2560, ""5"": 2191}",connected
14899,40,14899,0.7640991666666667,0.0018391181528568269,-6.369324900035281,0.0,0.0,0,"{""0"": 2579, ""1"": 2658, ""2"": 2379, ""3"": 2502, ""4"": 2575, ""5"": 2206}",connected
14999,42,14999,0.7625158333333333,0.0026349329471122476,-6.371237997009995,0.0,0.0,0,"{""0"": 2598, ""1"": 2670, ""2"": 2394, ""3"": 2517, ""4"": 2596, ""5"": 2224}",connected
15099,42,15099,0.7609325,0.0027169120934559033,-6.371237997009995,0.0,0.0,0,"{""0"": 2607, ""1"": 2690, ""2"": 2417, ""3"": 2530, ""4"": 2610, ""5"": 2245}",connected
15199,42,15199,0.7593491666666666,0.002598922115867026,-6.371237997009995,0.0,0.0,0,"{""0"": 2619, ""1"": 2707, ""2"": 2435, ""3"": 2547, ""4"": 2636, ""5"": 2255}",connected
15299,42,15299,0.7577658333333334,0.002449872101424262,-6.371237997009995,0.0,0.0,0,"{""0"": 2629, ""1"": 2727, ""2"": 2455, ""3"": 2569, ""4"": 2652, ""5"": 2267}",connected
15399,42,15399,0.7561825,0.0016959717788267881,-6.371237997009995,0.0,0.0,0,"{""0"": 2640, ""1"": 2754, ""2"": 2470, ""3"": 2580, ""4"": 2678, ""5"": 2277}",connected
15499,42,15499,0.7545991666666667,0.0015929029649123549,-6.371237997009995,0.0,0.0,0,"{""0"": 2648, ""1"": 2777, ""2"": 2486, ""3"": 2601, ""4"": 2695, ""5"": 2292}",connected
15599,42,15599,0.7530158333333333,0.0014819322322728113,-6.371237997009995,0.0,0.0,0,"{""0"": 2670, ""1"": 2792, ""2"": 2491, ""3"": 2624, ""4"": 2706, ""5"": 2316}",connected
15699,44,15699,0.7514325000000001,0.0014029032841790467,-6.38127262564376,0.0,0.0,0,"{""0"": 2692, ""1"": 2801, ""2"": 2506, ""3"": 2647, ""4"": 2722, ""5"": 2331}",connected
15799,44,15799,0.7498491666666667,0.0013940550095867365,-6.38127262564376,0.0,0.0,0,"{""0"": 2715, ""1"": 2820, ""2"": 2524, ""3"": 2665, ""4"": 2736, ""5"": 2339}",connected
15899,44,15899,0.7482658333333334,0.0013529915775870904,-6.38127262564376,0.0,0.0,0,"{""0"": 2732, ""1"": 2840, ""2"": 2537, ""3"": 2681, ""4"": 2754, ""5"": 2355}",connected
15999,44,15999,0.7466825,0.0013184160162927584,-6.38127262564376,0.0,0.0,0,"{""0"": 2754, ""1"": 2855, ""2"": 2550, ""3"": 2692, ""4"": 2774, ""5"": 2374}",connected
16099,44,16099,0.7450991666666666,0.001330725089646876,-6.38127262564376,0.0,0.0,0,"{""0"": 2771, ""1"": 2870, ""2"": 2574, ""3"": 2706, ""4"": 2792, ""5"": 2386}",connected
16199,44,16199,0.7435158333333334,0.001352519680513069,-6.38127262564376,0.0,0.0,0,"{""0"": 2783, ""1"": 2897, ""2"": 2585, ""3"": 2722, ""4"": 2815, ""5"": 2397}",connected
16299,44,16299,0.7419325,0.0013782046252163128,-6.38127262564376,0.0,0.0,0,"{""0"": 2800, ""1"": 2923, ""2"": 2596, ""3"": 2741, ""4"": 2831, ""5"": 2408}",connected
16399,46,16399,0.7403491666666666,0.0013897462910972536,-6.396217288439283,0.0,0.0,0,"{""0"": 2819, ""1"": 2942, ""2"": 2610, ""3"": 2761, ""4"": 2847, ""5"": 2420}",connected
16499,46,16499,0.7387658333333333,0.0016179973055841402,-6.396217288439283,0.0,0.0,0,"{""0"": 2831, ""1"": 2956, ""2"": 2625, ""3"": 2771, ""4"": 2880, ""5"": 2436}",connected
16599,46,16599,0.7371825000000001,0.0018379313108744099,-6.396217288439283,0.0,0.0,0,"{""0"": 2839, ""1"": 2975, ""2"": 2644, ""3"": 2795, ""4"": 2901, ""5"": 2445}",connected
16699,46,16699,0.7355991666666667,0.001866885814233683,-6.396217288439283,0.0,0.0,0,"{""0"": 2850, ""1"": 2991, ""2"": 2661, ""3"": 2816, ""4"": 2920, ""5"": 2461}",connected
16799,46,16799,0.7340158333333333,0.0018043603614205494,-6.396217288439283,0.0,0.0,0,"{""0"": 2863, ""1"": 3005, ""2"": 2679, ""3"": 2844, ""4"": 2933, ""5"": 2475}",connected
16899,46,16899,0.7324325,0.0016209844482364133,-6.396217288439283,0.0,0.0,0,"{""0"": 2878, ""1"": 3022, ""2"": 2698, ""3"": 2864, ""4"": 2947, ""5"": 2490}",connected
16999,46,16999,0.7308491666666667,0.0013536589517025278,-6.396217288439283,0.0,0.0,0,"{""0"": 2899, ""1"": 3041, ""2"": 2711, ""3"": 2882, ""4"": 2961, ""5"": 2505}",connected
17099,48,17099,0.7292658333333334,0.0013620479410747066,-6.31941656213409,0.0,0.0,0,"{""0"": 2919, ""1"": 3056, ""2"": 2727, ""3"": 2901, ""4"": 2982, ""5"": 2514}",connected
17199,48,17199,0.7276825,0.0016999999934341758,-6.31941656213409,0.0,0.0,0,"{""0"": 2934, ""1"": 3073, ""2"": 2743, ""3"": 2915, ""4"": 3004, ""5"": 2530}",connected
17299,48,17299,0.7260991666666667,0.001747362607275136,-6.31941656213409,0.0,0.0,0,"{""0"": 2954, ""1"": 3092, ""2"": 2756, ""3"": 2934, ""4"": 3020, ""5"": 2543}",connected
17399,48,17399,0.7245158333333334,0.0022307430248474703,-6.31941656213409,0.0,0.0,0,"{""0"": 2973, ""1"": 3107, ""2"": 2773, ""3"": 2957, ""4"": 3033, ""5"": 2556}",connected
17499,48,17499,0.7229325,0.002453607267816551,-6.31941656213409,0.0,0.0,0,"{""0"": 2992, ""1"": 3119, ""2"": 2784, ""3"": 2973, ""4"": 3061, ""5"": 2570}",connected
17599,48,17599,0.7213491666666667,0.002247750992537476,-6.31941656213409,0.0,0.0,0,"{""0"": 3012, ""1"": 3137, ""2"": 2805, ""3"": 2991, ""4"": 3074, ""5"": 2580}",connected
17699,48,17699,0.7197658333333334,0.002144484368036501,-6.31941656213409,0.0,0.0,0,"{""0"": 3031, ""1"": 3158, ""2"": 2827, ""3"": 3006, ""4"": 3086, ""5"": 2591}",connected
17799,50,17799,0.7181825,0.0017142434208653867,-6.268559892177581,0.0,0.0,0,"{""0"": 3047, ""1"": 3171, ""2"": 2846, ""3"": 3023, ""4"": 3104, ""5"": 2608}",connected
17899,50,17899,0.7165991666666667,0.0015256599977146834,-6.268559892177581,0.0,0.0,0,"{""0"": 3065, ""1"": 3192, ""2"": 2868, ""3"": 3036, ""4"": 3120, ""5"": 2618}",connected
17999,50,17999,0.7150158333333334,0.001441870394628495,-6.268559892177581,0.0,0.0,0,"{""0"": 3083, ""1"": 3211, ""2"": 2883, ""3"": 3055, ""4"": 3139, ""5"": 2628}",connected
18099,50,18099,0.7134325,0.0015152711555128917,-6.268559892177581,0.0,0.0,0,"{""0"": 3100, ""1"": 3235, ""2"": 2897, ""3"": 3071, ""4"": 3156, ""5"": 2640}",connected
18199,50,18199,0.7118491666666666,0.001706224863883108,-6.268559892177581,0.0,0.0,0,"{""0"": 3118, ""1"": 3263, ""2"": 2913, ""3"": 3082, ""4"": 3170, ""5"": 2653}",connected
18299,50,18299,0.7102658333333334,0.0017098186572548002,-6.268559892177581,0.0,0.0,0,"{""0"": 3134, ""1"": 3278, ""2"": 2925, ""3"": 3104, ""4"": 3190, ""5"": 2668}",connected
18399,50,18399,0.7086825000000001,0.0017298957420280204,-6.268559892177581,0.0,0.0,0,"{""0"": 3155, ""1"": 3293, ""2"": 2949, ""3"": 3118, ""4"": 3208, ""5"": 2676}",connected
18499,50,18499,0.7070991666666666,0.0016779608372598886,-6.268559892177581,0.0,0.0,0,"{""0"": 3176, ""1"": 3313, ""2"": 2963, ""3"": 3136, ""4"": 3223, ""5"": 2688}",connected
18599,52,18599,0.7055158333333333,0.0014851584873395041,-6.3000575843392514,0.0,0.0,0,"{""0"": 3198, ""1"": 3327, ""2"": 2981, ""3"": 3148, ""4"": 3247, ""5"": 2698}",connected
18699,52,18699,0.7039325000000001,0.0017184218089096248,-6.3000575843392514,0.0,0.0,0,"{""0"": 3217, ""1"": 3349, ""2"": 3000, ""3"": 3158, ""4"": 3268, ""5"": 2707}",connected
18799,52,18799,0.7023491666666666,0.0017071992269484327,-6.3000575843392514,0.0,0.0,0,"{""0"": 3236, ""1"": 3368, ""2"": 3015, ""3"": 3176, ""4"": 3286, ""5"": 2718}",connected
18899,52,18899,0.7007658333333333,0.001735378869343549,-6.3000575843392514,0.0,0.0,0,"{""0"": 3246, ""1"": 3385, ""2"": 3030, ""3"": 3202, ""4"": 3310, ""5"": 2726}",connected
18999,52,18999,0.6991825,0.0016795586369698868,-6.3000575843392514,0.0,0.0,0,"{""0"": 3267, ""1"": 3406, ""2"": 3040, ""3"": 3219, ""4"": 3323, ""5"": 2744}",connected
19099,52,19099,0.6975991666666667,0.001438003125367686,-6.3000575843392514,0.0,0.0,0,"{""0"": 3287, ""1"": 3426, ""2"": 3053, ""3"": 3238, ""4"": 3341, ""5"": 2754}",connected
19199,52,19199,0.6960158333333333,0.0014830482157412916,-6.3000575843392514,0.0,0.0,0,"{""0"": 3305, ""1"": 3448, ""2"": 3062, ""3"": 3258, ""4"": 3362, ""5"": 2764}",connected
19299,54,19299,0.6944325,0.0015230387885821982,-6.287092482645272,0.0,0.0,0,"{""0"": 3318, ""1"": 3466, ""2"": 3083, ""3"": 3274, ""4"": 3387, ""5"": 2771}",connected
19399,54,19399,0.6928491666666667,0.0015308913949411362,-6.287092482645272,0.0,0.0,0,"{""0"": 3334, ""1"": 3483, ""2"": 3101, ""3"": 3290, ""4"": 3409, ""5"": 2782}",connected
19499,54,19499,0.6912658333333334,0.001511483610374853,-6.287092482645272,0.0,0.0,0,"{""0"": 3348, ""1"": 3505, ""2"": 3112, ""3"": 3309, ""4"": 3431, ""5"": 2794}",connected
19599,54,19599,0.6896825,0.001473771704477258,-6.287092482645272,0.0,0.0,0,"{""0"": 3368, ""1"": 3514, ""2"": 3123, ""3"": 3324, ""4"": 3465, ""5"": 2805}",connected
19699,54,19699,0.6880991666666667,0.0013932912878226488,-6.287092482645272,0.0,0.0,0,"{""0"": 3389, ""1"": 3535, ""2"": 3140, ""3"": 3337, ""4"": 3488, ""5"": 2810}",connected
19799,54,19799,0.6865158333333333,0.0014179464662447572,-6.287092482645272,0.0,0.0,0,"{""0"": 3405, ""1"": 3551, ""2"": 3158, ""3"": 3346, ""4"": 3513, ""5"": 2826}",connected
19899,54,19899,0.6849324999999999,0.0014134500565705821,-6.287092482645272,0.0,0.0,0,"{""0"": 3427, ""1"": 3565, ""2"": 3179, ""3"": 3364, ""4"": 3530, ""5"": 2834}",connected
19999,56,19999,0.6833491666666667,0.0014175591873936354,-6.238964175040435,0.0,0.0,0,"{""0"": 3443, ""1"": 3588, ""2"": 3188, ""3"": 3391, ""4"": 3545, ""5"": 2844}",connected
20099,56,20000,0.6817658333333334,0.0015586246218299493,-6.238964175040435,0.0,0.0,0,"{""0"": 3459, ""1"": 3604, ""2"": 3205, ""3"": 3406, ""4"": 3566, ""5"": 2859}",connected
20199,56,20000,0.6801825,0.001670372481457889,-6.238964175040435,0.0,0.0,0,"{""0"": 3486, ""1"": 3619, ""2"": 3223, ""3"": 3422, ""4"": 3581, ""5"": 2868}",connected
20299,56,20000,0.6785991666666666,0.001681611212552525,-6.238964175040435,0.0,0.0,0,"{""0"": 3497, ""1"": 3637, ""2"": 3243, ""3"": 3439, ""4"": 3603, ""5"": 2880}",connected
20399,56,20000,0.6770158333333334,0.001701213926426135,-6.238964175040435,0.0,0.0,0,"{""0"": 3518, ""1"": 3652, ""2"": 3258, ""3"": 3466, ""4"": 3617, ""5"": 2888}",connected
20499,56,20000,0.6754325,0.0017739930242532864,-6.238964175040435,0.0,0.0,0,"{""0"": 3535, ""1"": 3666, ""2"": 3275, ""3"": 3490, ""4"": 3635, ""5"": 2898}",connected
20599,56,20000,0.6738491666666666,0.0017310770676704124,-6.238964175040435,0.0,0.0,0,"{""0"": 3554, ""1"": 3682, ""2"": 3288, ""3"": 3511, ""4"": 3656, ""5"": 2908}",connected
20699,58,20000,0.6722658333333333,0.0016995765845058486,-6.272810235274314,0.0,0.0,0,"{""0"": 3575, ""1"": 3697, ""2"": 3300, ""3"": 3528, ""4"": 3684, ""5"": 2915}",connected
20799,58,20000,0.6706825000000001,0.0017413962562568485,-6.272810235274314,0.0,0.0,0,"{""0"": 3591, ""1"": 3709, ""2"": 3318, ""3"": 3539, ""4"": 3713, ""5"": 2929}",connected
20899,58,20000,0.6690991666666667,0.0015689160773763432,-6.272810235274314,0.0,0.0,0,"{""0"": 3609, ""1"": 3723, ""2"": 3334, ""3"": 3559, ""4"": 3739, ""5"": 2935}",connected
20999,58,20000,0.6675158333333333,0.0015925275936024264,-6.272810235274314,0.0,0.0,0,"{""0"": 3626, ""1"": 3735, ""2"": 3348, ""3"": 3579, ""4"": 3757, ""5"": 2954}",connected
21099,58,20000,0.6659325,0.001626647025696002,-6.272810235274314,0.0,0.0,0,"{""0"": 3643, ""1"": 3755, ""2"": 3367, ""3"": 3596, ""4"": 3775, ""5"": 2963}",connected
21199,58,20000,0.6643491666666667,0.0018341706367209555,-6.272810235274314,0.0,0.0,0,"{""0"": 3658, ""1"": 3778, ""2"": 3381, ""3"": 3609, ""4"": 3797, ""5"": 2976}",connected
21299,58,20000,0.6627658333333334,0.001808304823935032,-6.272810235274314,0.0,0.0,0,"{""0"": 3678, ""1"": 3799, ""2"": 3401, ""3"": 3624, ""4"": 3815, ""5"": 2982}",connected
21399,58,20000,0.6611825,0.0019158980262000114,-6.272810235274314,0.0,0.0,0,"{""0"": 3697, ""1"": 3819, ""2"": 3423, ""3"": 3638, ""4"": 3824, ""5"": 2998}",connected
21499,60,20000,0.6595991666666667,0.001973069495288655,-6.272633222925166,0.0,0.0,0,"{""0"": 3712, ""1"": 3836, ""2"": 3439, ""3"": 3654, ""4"": 3847, ""5"": 3011}",connected
21599,60,20000,0.6580158333333334,0.0017867862962884827,-6.272633222925166,0.0,0.0,0,"{""0"": 3725, ""1"": 3856, ""2"": 3459, ""3"": 3677, ""4"": 3860, ""5"": 3022}",connected
21699,60,20000,0.6564325,0.00182203967589885,-6.272633222925166,0.0,0.0,0,"{""0"": 3737, ""1"": 3870, ""2"": 3481, ""3"": 3698, ""4"": 3876, ""5"": 3037}",connected
21799,60,20000,0.6548491666666667,0.0016839933540904895,-6.272633222925166,0.0,0.0,0,"{""0"": 3757, ""1"": 3889, ""2"": 3494, ""3"": 3710, ""4"": 3901, ""5"": 3048}",connected
21899,62,20000,0.6532658333333334,0.0015801049722358584,-6.069774083785653,0.0,0.0,0,"{""0"": 3774, ""1"": 3910, ""2"": 3509, ""3"": 3722, ""4"": 3925, ""5"": 3059}",connected
21999,62,20000,0.6516825,0.0014852107991464435,-6.069774083785653,0.0,0.0,0,"{""0"": 3787, ""1"": 3936, ""2"": 3523, ""3"": 3742, ""4"": 3940, ""5"": 3071}",connected
22099,62,20000,0.6500991666666667,0.001573749469825998,-6.069774083785653,0.0,0.0,0,"{""0"": 3805, ""1"": 3956, ""2"": 3540, ""3"": 3757, ""4"": 3952, ""5"": 3089}",connected
22199,62,20000,0.6485158333333334,0.0019057821616297588,-6.069774083785653,0.0,0.0,0,"{""0"": 3820, ""1"": 3979, ""2"": 3556, ""3"": 3777, ""4"": 3964, ""5"": 3103}",connected
22299,62,20000,0.6469325,0.0022191427496727556,-6.069774083785653,0.0,0.0,0,"{""0"": 3829, ""1"": 3991, ""2"": 3572, ""3"": 3804, ""4"": 3986, ""5"": 3117}",connected
22399,62,20000,0.6453491666666666,0.0027412997919600457,-6.069774083785653,0.0,0.0,0,"{""0"": 3844, ""1"": 4009, ""2"": 3587, ""3"": 3824, ""4"": 4010, ""5"": 3125}",connected
22499,62,20000,0.6437658333333334,0.002668055248213932,-6.069774083785653,0.0,0.0,0,"{""0"": 3864, ""1"": 4024, ""2"": 3599, ""3"": 3847, ""4"": 4028, ""5"": 3137}",connected
22599,64,20000,0.6421825000000001,0.002304915041895583,-6.087515515304403,0.0,0.0,0,"{""0"": 3884, ""1"": 4041, ""2"": 3622, ""3"": 3859, ""4"": 4049, ""5"": 3144}",connected
22699,64,20000,0.6405991666666666,0.0021323264273814856,-6.087515515304403,0.0,0.0,0,"{""0"": 3907, ""1"": 4059, ""2"": 3635, ""3"": 3873, ""4"": 4066, ""5"": 3159}",connected
22799,64,20000,0.6390158333333333,0.0016166719392640516,-6.087515515304403,0.0,0.0,0,"{""0"": 3932, ""1"": 4069, ""2"": 3652, ""3"": 3892, ""4"": 4087, ""5"": 3167}",connected
22899,64,20000,0.6374325000000001,0.0015754855057457462,-6.087515515304403,0.0,0.0,0,"{""0"": 3954, ""1"": 4092, ""2"": 3673, ""3"": 3903, ""4"": 4102, ""5"": 3175}",connected
22999,64,20000,0.6358491666666666,0.0015767511090962216,-6.087515515304403,0.0,0.0,0,"{""0"": 3971, ""1"": 4112, ""2"": 3697, ""3"": 3916, ""4"": 4115, ""5"": 3188}",connected
23099,64,20000,0.6342658333333333,0.00153206491318997,-6.087515515304403,0.0,0.0,0,"{""0"": 3991, ""1"": 4130, ""2"": 3714, ""3"": 3933, ""4"": 4134, ""5"": 3197}",connected
23199,64,20000,0.6326825,0.001777577007887885,-6.087515515304403,0.0,0.0,0,"{""0"": 4007, ""1"": 4154, ""2"": 3732, ""3"": 3951, ""4"": 4145, ""5"": 3210}",connected
23299,66,20000,0.6310991666666668,0.001988353285705671,-6.06972716287992,0.0,0.0,0,"{""0"": 4037, ""1"": 4168, ""2"": 3744, ""3"": 3963, ""4"": 4161, ""5"": 3226}",connected
23399,66,20000,0.6295158333333333,0.0020329339028103276,-6.06972716287992,0.0,0.0,0,"{""0"": 4049, ""1"": 4188, ""2"": 3762, ""3"": 3978, ""4"": 4187, ""5"": 3235}",connected
23499,66,20000,0.6279325,0.002158241620636545,-6.06972716287992,0.0,0.0,0,"{""0"": 4059, ""1"": 4204, ""2"": 3784, ""3"": 3994, ""4"": 4215, ""5"": 3243}",connected
23599,68,20000,0.6263491666666667,0.002212485253694467,-5.828396952916485,0.0,0.0,0,"{""0"": 4068, ""1"": 4216, ""2"": 3806, ""3"": 4008, ""4"": 4247, ""5"": 3254}",connected
23699,68,20000,0.6247658333333334,0.0020355016650864853,-5.828396952916485,0.0,0.0,0,"{""0"": 4078, ""1"": 4242, ""2"": 3818, ""3"": 4031, ""4"": 4265, ""5"": 3265}",connected
23799,68,20000,0.6231825,0.002275462893303484,-5.828396952916485,0.0,0.0,0,"{""0"": 4101, ""1"": 4259, ""2"": 3830, ""3"": 4052, ""4"": 4283, ""5"": 3274}",connected
23899,68,20000,0.6215991666666667,0.0022154859121656044,-5.828396952916485,0.0,0.0,0,"{""0"": 4116, ""1"": 4276, ""2"": 3851, ""3"": 4069, ""4"": 4302, ""5"": 3285}",connected
23999,68,20000,0.6200158333333333,0.0020290469127940015,-5.828396952916485,0.0,0.0,0,"{""0"": 4140, ""1"": 4286, ""2"": 3872, ""3"": 4077, ""4"": 4321, ""5"": 3303}",connected
24099,68,20000,0.6184324999999999,0.002066953243338503,-5.828396952916485,0.0,0.0,0,"{""0"": 4160, ""1"": 4306, ""2"": 3883, ""3"": 4093, ""4"": 4341, ""5"": 3316}",connected
24199,68,20000,0.6168491666666667,0.0021434113412396984,-5.828396952916485,0.0,0.0,0,"{""0"": 4180, ""1"": 4324, ""2"": 3901, ""3"": 4109, ""4"": 4360, ""5"": 3325}",connected
24299,70,20000,0.6152658333333334,0.002268703980371356,-5.739314174984715,0.0,0.0,0,"{""0"": 4207, ""1"": 4334, ""2"": 3920, ""3"": 4120, ""4"": 4384, ""5"": 3334}",connected
24399,70,20000,0.6136825,0.0023957093281205743,-5.739314174984715,0.0,0.0,0,"{""0"": 4220, ""1"": 4339, ""2"": 3943, ""3"": 4133, ""4"": 4421, ""5"": 3343}",connected
24499,70,20000,0.6120991666666666,0.0027621713106054813,-5.739314174984715,0.0,0.0,0,"{""0"": 4239, ""1"": 4350, ""2"": 3968, ""3"": 4144, ""4"": 4444, ""5"": 3354}",connected
24599,70,20000,0.6105158333333334,0.002725007382687181,-5.739314174984715,0.0,0.0,0,"{""0"": 4252, ""1"": 4358, ""2"": 3989, ""3"": 4157, ""4"": 4480, ""5"": 3363}",connected
24699,70,20000,0.6089325,0.0024920284620020537,-5.739314174984715,0.0,0.0,0,"{""0"": 4266, ""1"": 4374, ""2"": 4006, ""3"": 4172, ""4"": 4511, ""5"": 3370}",connected
24799,70,20000,0.6073491666666666,0.002412794609554112,-5.739314174984715,0.0,0.0,0,"{""0"": 4274, ""1"": 4387, ""2"": 4031, ""3"": 4185, ""4"": 4540, ""5"": 3382}",connected
24899,70,20000,0.6057658333333333,0.0024134142161346974,-5.739314174984715,0.0,0.0,0,"{""0"": 4295, ""1"": 4408, ""2"": 4051, ""3"": 4206, ""4"": 4546, ""5"": 3393}",connected
24999,72,20000,0.6041825000000001,0.00216878913808614,-5.796902666929075,0.0,0.0,0,"{""0"": 4315, ""1"": 4429, ""2"": 4062, ""3"": 4222, ""4"": 4567, ""5"": 3404}",connected
25099,72,20000,0.6025991666666667,0.0028126742190215737,-5.796902666929075,0.0,0.0,0,"{""0"": 4339, ""1"": 4452, ""2"": 4068, ""3"": 4242, ""4"": 4582, ""5"": 3416}",connected
25199,72,20000,0.6010158333333333,0.003079524904023856,-5.796902666929075,0.0,0.0,0,"{""0"": 4353, ""1"": 4476, ""2"": 4084, ""3"": 4257, ""4"": 4601, ""5"": 3428}",connected
25299,72,20000,0.5994325,0.0029947573563549666,-5.796902666929075,0.0,0.0,0,"{""0"": 4368, ""1"": 4496, ""2"": 4102, ""3"": 4278, ""4"": 4618, ""5"": 3437}",connected
25399,72,20000,0.5978491666666667,0.0031578026490751655,-5.796902666929075,0.0,0.0,0,"{""0"": 4383, ""1"": 4524, ""2"": 4117, ""3"": 4293, ""4"": 4634, ""5"": 3448}",connected
25499,72,20000,0.5962658333333334,0.0027614549419376997,-5.796902666929075,0.0,0.0,0,"{""0"": 4401, ""1"": 4544, ""2"": 4136, ""3"": 4310, ""4"": 4650, ""5"": 3458}",connected
25599,72,20000,0.5946825,0.0024274855270050464,-5.796902666929075,0.0,0.0,0,"{""0"": 4417, ""1"": 4565, ""2"": 4159, ""3"": 4323, ""4"": 4670, ""5"": 3465}",connected
25699,74,20000,0.5930991666666667,0.0022507756133563817,-5.829148538228175,0.0,0.0,0,"{""0"": 4442, ""1"": 4586, ""2"": 4170, ""3"": 4339, ""4"": 4690, ""5"": 3472}",connected
25799,74,20000,0.5915158333333334,0.0021064088155981152,-5.829148538228175,0.0,0.0,0,"{""0"": 4464, ""1"": 4599, ""2"": 4185, ""3"": 4356, ""4"": 4720, ""5"": 3475}",connected
25899,74,20000,0.5899325,0.0018724051996832714,-5.829148538228175,0.0,0.0,0,"{""0"": 4479, ""1"": 4623, ""2"": 4201, ""3"": 4370, ""4"": 4742, ""5"": 3484}",connected
25999,74,20000,0.5883491666666667,0.0019993814709596334,-5.829148538228175,0.0,0.0,0,"{""0"": 4492, ""1"": 4642, ""2"": 4222, ""3"": 4385, ""4"": 4765, ""5"": 3493}",connected
26099,74,20000,0.5867658333333334,0.002537768236361444,-5.829148538228175,0.0,0.0,0,"{""0"": 4515, ""1"": 4655, ""2"": 4240, ""3"": 4400, ""4"": 4785, ""5"": 3504}",connected
26199,74,20000,0.5851825,0.002736078700982034,-5.829148538228175,0.0,0.0,0,"{""0"": 4530, ""1"": 4677, ""2"": 4256, ""3"": 4415, ""4"": 4808, ""5"": 3513}",connected
26299,74,20000,0.5835991666666667,0.0032868128578411415,-5.829148538228175,0.0,0.0,0,"{""0"": 4546, ""1"": 4692, ""2"": 4279, ""3"": 4431, ""4"": 4828, ""5"": 3523}",connected
26399,74,20000,0.5820158333333334,0.003218939634971321,-5.829148538228175,0.0,0.0,0,"{""0"": 4564, ""1"": 4697, ""2"": 4305, ""3"": 4458, ""4"": 4840, ""5"": 3535}",connected
26499,76,20000,0.5804325,0.002653744040289894,-5.865881469272273,0.0,0.0,0,"{""0"": 4577, ""1"": 4714, ""2"": 4319, ""3"": 4477, ""4"": 4865, ""5"": 3547}",connected
26599,76,20000,0.5788491666666666,0.002451918721199036,-5.865881469272273,0.0,0.0,0,"{""0"": 4597, ""1"": 4736, ""2"": 4334, ""3"": 4495, ""4"": 4880, ""5"": 3557}",connected
26699,76,20000,0.5772658333333334,0.0019818100990960374,-5.865881469272273,0.0,0.0,0,"{""0"": 4610, ""1"": 4747, ""2"": 4353, ""3"": 4521, ""4"": 4899, ""5"": 3569}",connected
26799,76,20000,0.5756825000000001,0.0021666159649612383,-5.865881469272273,0.0,0.0,0,"{""0"": 4626, ""1"": 4768, ""2"": 4364, ""3"": 4535, ""4"": 4920, ""5"": 3586}",connected
26899,76,20000,0.5740991666666667,0.002211605556658469,-5.865881469272273,0.0,0.0,0,"{""0"": 4645, ""1"": 4786, ""2"": 4378, ""3"": 4556, ""4"": 4937, ""5"": 3597}",connected
26999,76,20000,0.5725158333333333,0.0025827551685506478,-5.865881469272273,0.0,0.0,0,"{""0"": 4669, ""1"": 4798, ""2"": 4396, ""3"": 4571, ""4"": 4958, ""5"": 3607}",connected
27099,76,20000,0.5709325000000001,0.003001123018329963,-5.865881469272273,0.0,0.0,0,"{""0"": 4686, ""1"": 4813, ""2"": 4419, ""3"": 4586, ""4"": 4985, ""5"": 3610}",connected
27199,78,20000,0.5693491666666667,0.003214389798231423,-5.89698707098619,0.0,0.0,0,"{""0"": 4700, ""1"": 4822, ""2"": 4434, ""3"": 4604, ""4"": 5019, ""5"": 3620}",connected
27299,78,20000,0.5677658333333333,0.003179727002279833,-5.89698707098619,0.0,0.0,0,"{""0"": 4719, ""1"": 4844, ""2"": 4448, ""3"": 4619, ""4"": 5040, ""5"": 3629}",connected
27399,78,20000,0.5661825,0.002858512292150408,-5.89698707098619,0.0,0.0,0,"{""0"": 4738, ""1"": 4863, ""2"": 4466, ""3"": 4637, ""4"": 5058, ""5"": 3637}",connected
27499,78,20000,0.5645991666666668,0.0026930146804079414,-5.89698707098619,0.0,0.0,0,"{""0"": 4750, ""1"": 4883, ""2"": 4486, ""3"": 4659, ""4"": 5075, ""5"": 3646}",connected
27599,78,20000,0.5630158333333333,0.0024785967089701443,-5.89698707098619,0.0,0.0,0,"{""0"": 4766, ""1"": 4911, ""2"": 4500, ""3"": 4676, ""4"": 5094, ""5"": 3652}",connected
27699,78,20000,0.5614325,0.0028432486951351166,-5.89698707098619,0.0,0.0,0,"{""0"": 4787, ""1"": 4934, ""2"": 4513, ""3"": 4690, ""4"": 5111, ""5"": 3664}",connected
27799,78,20000,0.5598491666666667,0.002919585667550564,-5.89698707098619,0.0,0.0,0,"{""0"": 4804, ""1"": 4954, ""2"": 4533, ""3"": 4702, ""4"": 5135, ""5"": 3671}",connected
27899,80,20000,0.5582658333333334,0.0026721314946189525,-5.775287391996244,0.0,0.0,0,"{""0"": 4841, ""1"": 4962, ""2"": 4550, ""3"": 4715, ""4"": 5152, ""5"": 3679}",connected
27999,80,20000,0.5566825,0.002989486831938848,-5.775287391996244,0.0,0.0,0,"{""0"": 4865, ""1"": 4979, ""2"": 4564, ""3"": 4728, ""4"": 5173, ""5"": 3690}",connected
28099,80,20000,0.5550991666666667,0.0028927177784498783,-5.775287391996244,0.0,0.0,0,"{""0"": 4887, ""1"": 5002, ""2"": 4571, ""3"": 4747, ""4"": 5188, ""5"": 3704}",connected
28199,80,20000,0.5535158333333334,0.0031218086532317103,-5.775287391996244,0.0,0.0,0,"{""0"": 4905, ""1"": 5032, ""2"": 4586, ""3"": 4760, ""4"": 5201, ""5"": 3715}",connected
28299,80,20000,0.5519324999999999,0.00334937923704274,-5.775287391996244,0.0,0.0,0,"{""0"": 4925, ""1"": 5050, ""2"": 4602, ""3"": 4777, ""4"": 5222, ""5"": 3723}",connected
28399,80,20000,0.5503491666666667,0.0030363991064950822,-5.775287391996244,0.0,0.0,0,"{""0"": 4937, ""1"": 5074, ""2"": 4615, ""3"": 4795, ""4"": 5241, ""5"": 3737}",connected
28499,80,20000,0.5487658333333334,0.0027599033690057697,-5.775287391996244,0.0,0.0,0,"{""0"": 4954, ""1"": 5090, ""2"": 4635, ""3"": 4807, ""4"": 5267, ""5"": 3746}",connected
28599,82,20000,0.5471825,0.0028443885059095918,-5.784512087151908,0.0,0.0,0,"{""0"": 4970, ""1"": 5108, ""2"": 4651, ""3"": 4819, ""4"": 5289, ""5"": 3762}",connected
28699,82,20000,0.5455991666666666,0.0025127911841263994,-5.784512087151908,0.0,0.0,0,"{""0"": 4983, ""1"": 5116, ""2"": 4688, ""3"": 4842, ""4"": 5302, ""5"": 3768}",connected
28799,82,20000,0.5440158333333334,0.0025635609595337882,-5.784512087151908,0.0,0.0,0,"{""0"": 5005, ""1"": 5134, ""2"": 4703, ""3"": 4857, ""4"": 5320, ""5"": 3780}",connected
28899,82,20000,0.5424325,0.002751647772965953,-5.784512087151908,0.0,0.0,0,"{""0"": 5023, ""1"": 5146, ""2"": 4729, ""3"": 4873, ""4"": 5339, ""5"": 3789}",connected
28999,82,20000,0.5408491666666666,0.0023898951476439834,-5.784512087151908,0.0,0.0,0,"{""0"": 5044, ""1"": 5161, ""2"": 4743, ""3"": 4892, ""4"": 5357, ""5"": 3802}",connected
29099,82,20000,0.5392658333333333,0.0029906293278327213,-5.784512087151908,0.0,0.0,0,"{""0"": 5061, ""1"": 5178, ""2"": 4753, ""3"": 4910, ""4"": 5382, ""5"": 3815}",connected
29199,82,20000,0.5376825000000001,0.0030142859782790765,-5.784512087151908,0.0,0.0,0,"{""0"": 5071, ""1"": 5188, ""2"": 4768, ""3"": 4932, ""4"": 5409, ""5"": 3831}",connected
29299,84,20000,0.5360991666666667,0.0031883826816920193,-5.8104879883938425,0.0,0.0,0,"{""0"": 5089, ""1"": 5200, ""2"": 4782, ""3"": 4948, ""4"": 5431, ""5"": 3849}",connected
29399,84,20000,0.5345158333333333,0.0035044263792224227,-5.8104879883938425,0.0,0.0,0,"{""0"": 5110, ""1"": 5212, ""2"": 4790, ""3"": 4962, ""4"": 5466, ""5"": 3859}",connected
29499,84,20000,0.5329325,0.0032672471820842475,-5.8104879883938425,0.0,0.0,0,"{""0"": 5126, ""1"": 5238, ""2"": 4802, ""3"": 4987, ""4"": 5481, ""5"": 3865}",connected
29599,84,20000,0.5313491666666667,0.0032475779962260276,-5.8104879883938425,0.0,0.0,0,"{""0"": 5145, ""1"": 5262, ""2"": 4817, ""3"": 5007, ""4"": 5493, ""5"": 3875}",connected
29699,84,20000,0.5297658333333334,0.0028422143042553215,-5.8104879883938425,0.0,0.0,0,"{""0"": 5160, ""1"": 5284, ""2"": 4835, ""3"": 5025, ""4"": 5506, ""5"": 3889}",connected
29799,84,20000,0.5281825,0.0029277097212616356,-5.8104879883938425,0.0,0.0,0,"{""0"": 5183, ""1"": 5302, ""2"": 4848, ""3"": 5047, ""4"": 5523, ""5"": 3896}",connected
29899,84,20000,0.5265991666666667,0.003059376005548984,-5.8104879883938425,0.0,0.0,0,"{""0"": 5197, ""1"": 5325, ""2"": 4870, ""3"": 5063, ""4"": 5543, ""5"": 3901}",connected
29999,86,20000,0.5250158333333333,0.0028327548352535814,-5.775430126007387,0.0,0.0,0,"{""0"": 5215, ""1"": 5339, ""2"": 4882, ""3"": 5074, ""4"": 5581, ""5"": 3908}",connected
30099,86,20000,0.5234325,0.0031369340082164853,-5.775430126007387,0.0,0.0,0,"{""0"": 5233, ""1"": 5346, ""2"": 4893, ""3"": 5087, ""4"": 5622, ""5"": 3918}",connected
30199,86,20000,0.5218491666666667,0.0029147484502755104,-5.775430126007387,0.0,0.0,0,"{""0"": 5248, ""1"": 5364, ""2"": 4915, ""3"": 5097, ""4"": 5648, ""5"": 3927}",connected
30299,88,20000,0.5202658333333334,0.00277270492981188,-5.607477169827854,0.0,0.0,0,"{""0"": 5277, ""1"": 5371, ""2"": 4931, ""3"": 5114, ""4"": 5674, ""5"": 3932}",connected
30399,88,20000,0.5186824999999999,0.002928575351834297,-5.607477169827854,0.0,0.0,0,"{""0"": 5306, ""1"": 5378, ""2"": 4941, ""3"": 5127, ""4"": 5706, ""5"": 3941}",connected
30499,88,20000,0.5170991666666667,0.003136895418865606,-5.607477169827854,0.0,0.0,0,"{""0"": 5323, ""1"": 5404, ""2"": 4946, ""3"": 5133, ""4"": 5741, ""5"": 3952}",connected
30599,88,20000,0.5155158333333334,0.00336915256571956,-5.607477169827854,0.0,0.0,0,"{""0"": 5334, ""1"": 5418, ""2"": 4974, ""3"": 5156, ""4"": 5753, ""5"": 3964}",connected
30699,88,20000,0.5139324999999999,0.003254663485568017,-5.607477169827854,0.0,0.0,0,"{""0"": 5358, ""1"": 5434, ""2"": 4985, ""3"": 5183, ""4"": 5769, ""5"": 3970}",connected
30799,88,20000,0.5123491666666666,0.0032174322602804752,-5.607477169827854,0.0,0.0,0,"{""0"": 5384, ""1"": 5452, ""2"": 4995, ""3"": 5195, ""4"": 5791, ""5"": 3982}",connected
30899,88,20000,0.5107658333333334,0.0032763360522221775,-5.607477169827854,0.0,0.0,0,"{""0"": 5401, ""1"": 5473, ""2"": 5008, ""3"": 5219, ""4"": 5809, ""5"": 3989}",connected
30999,90,20000,0.5091825,0.0031615664751734585,-5.597211007401347,0.0,0.0,0,"{""0"": 5415, ""1"": 5485, ""2"": 5026, ""3"": 5243, ""4"": 5831, ""5"": 3999}",connected
31099,90,20000,0.5075991666666667,0.0034710743417963384,-5.597211007401347,0.0,0.0,0,"{""0"": 5424, ""1"": 5495, ""2"": 5042, ""3"": 5260, ""4"": 5871, ""5"": 4007}",connected
31199,90,20000,0.5060158333333333,0.0035063149058260023,-5.597211007401347,0.0,0.0,0,"{""0"": 5437, ""1"": 5509, ""2"": 5054, ""3"": 5280, ""4"": 5902, ""5"": 4017}",connected
31299,90,20000,0.5044325000000001,0.0036273469775915147,-5.597211007401347,0.0,0.0,0,"{""0"": 5453, ""1"": 5528, ""2"": 5067, ""3"": 5310, ""4"": 5915, ""5"": 4026}",connected
31399,90,20000,0.5028491666666667,0.003593945691827685,-5.597211007401347,0.0,0.0,0,"{""0"": 5478, ""1"": 5543, ""2"": 5082, ""3"": 5327, ""4"": 5935, ""5"": 4034}",connected
31499,92,20000,0.5012658333333333,0.0032890228147152813,-5.481108591198395,0.0,0.0,0,"{""0"": 5498, ""1"": 5557, ""2"": 5093, ""3"": 5349, ""4"": 5959, ""5"": 4043}",connected
31599,92,20000,0.49968250000000003,0.003620808006962761,-5.481108591198395,0.0,0.0,0,"{""0"": 5523, ""1"": 5570, ""2"": 5107, ""3"": 5358, ""4"": 5986, ""5"": 4055}",connected
31699,92,20000,0.49809916666666665,0.004238225225126371,-5.481108591198395,0.0,0.0,0,"{""0"": 5541, ""1"": 5588, ""2"": 5127, ""3"": 5373, ""4"": 6004, ""5"": 4066}",connected
31799,92,20000,0.4965158333333334,0.004181631199317053,-5.481108591198395,0.0,0.0,0,"{""0"": 5558, ""1"": 5608, ""2"": 5136, ""3"": 5391, ""4"": 6036, ""5"": 4070}",connected
31899,92,20000,0.4949325000000001,0.0046798121114261446,-5.481108591198395,0.0,0.0,0,"{""0"": 5583, ""1"": 5626, ""2"": 5149, ""3"": 5398, ""4"": 6066, ""5"": 4077}",connected
31999,92,20000,0.4933491666666667,0.004491316532948986,-5.481108591198395,0.0,0.0,0,"{""0"": 5606, ""1"": 5650, ""2"": 5161, ""3"": 5420, ""4"": 6079, ""5"": 4083}",connected
32099,92,20000,0.49176583333333335,0.004217606799211353,-5.481108591198395,0.0,0.0,0,"{""0"": 5622, ""1"": 5662, ""2"": 5190, ""3"": 5445, ""4"": 6088, ""5"": 4092}",connected
32199,94,20000,0.4901825000000001,0.00485018992330879,-5.48282968298968,0.0,0.0,0,"{""0"": 5639, ""1"": 5674, ""2"": 5205, ""3"": 5474, ""4"": 6108, ""5"": 4099}",connected
32299,94,20000,0.4885991666666667,0.004762177378870547,-5.48282968298968,0.0,0.0,0,"{""0"": 5652, ""1"": 5691, ""2"": 5217, ""3"": 5484, ""4"": 6147, ""5"": 4108}",connected
32399,94,20000,0.4870158333333333,0.004842119627865031,-5.48282968298968,0.0,0.0,0,"{""0"": 5666, ""1"": 5707, ""2"": 5234, ""3"": 5492, ""4"": 6183, ""5"": 4117}",connected
32499,94,20000,0.48543250000000004,0.004069813573732972,-5.48282968298968,0.0,0.0,0,"{""0"": 5687, ""1"": 5722, ""2"": 5247, ""3"": 5501, ""4"": 6219, ""5"": 4123}",connected
32599,94,20000,0.48384916666666666,0.003890038032550365,-5.48282968298968,0.0,0.0,0,"{""0"": 5714, ""1"": 5734, ""2"": 5268, ""3"": 5513, ""4"": 6237, ""5"": 4133}",connected
32699,94,20000,0.4822658333333333,0.00375569254392758,-5.48282968298968,0.0,0.0,0,"{""0"": 5732, ""1"": 5751, ""2"": 5288, ""3"": 5526, ""4"": 6262, ""5"": 4140}",connected
32799,94,20000,0.4806825,0.0035250341647770256,-5.48282968298968,0.0,0.0,0,"{""0"": 5747, ""1"": 5769, ""2"": 5306, ""3"": 5544, ""4"": 6286, ""5"": 4147}",connected
32899,94,20000,0.47909916666666663,0.003547077423427254,-5.48282968298968,0.0,0.0,0,"{""0"": 5757, ""1"": 5789, ""2"": 5319, ""3"": 5572, ""4"": 6306, ""5"": 4156}",connected
32999,96,20000,0.47751583333333336,0.0032153920340351762,-5.518374896938137,0.0,0.0,0,"{""0"": 5782, ""1"": 5797, ""2"": 5329, ""3"": 5583, ""4"": 6345, ""5"": 4163}",connected
33099,96,20000,0.4759325000000001,0.003704276290955022,-5.518374896938137,0.0,0.0,0,"{""0"": 5803, ""1"": 5813, ""2"": 5345, ""3"": 5593, ""4"": 6372, ""5"": 4173}",connected
33199,96,20000,0.4743491666666667,0.00431175721809268,-5.518374896938137,0.0,0.0,0,"{""0"": 5816, ""1"": 5838, ""2"": 5358, ""3"": 5607, ""4"": 6402, ""5"": 4178}",connected
33299,96,20000,0.47276583333333333,0.0041905917401891205,-5.518374896938137,0.0,0.0,0,"{""0"": 5841, ""1"": 5853, ""2"": 5373, ""3"": 5618, ""4"": 6430, ""5"": 4184}",connected
33399,96,20000,0.47118250000000006,0.003995736874639988,-5.518374896938137,0.0,0.0,0,"{""0"": 5863, ""1"": 5871, ""2"": 5391, ""3"": 5636, ""4"": 6447, ""5"": 4191}",connected
33499,96,20000,0.4695991666666667,0.0036557150422595443,-5.518374896938137,0.0,0.0,0,"{""0"": 5888, ""1"": 5886, ""2"": 5406, ""3"": 5650, ""4"": 6465, ""5"": 4204}",connected
33599,96,20000,0.4680158333333333,0.0031819383054971697,-5.518374896938137,0.0,0.0,0,"{""0"": 5902, ""1"": 5898, ""2"": 5423, ""3"": 5673, ""4"": 6488, ""5"": 4215}",connected
33699,98,20000,0.4664325,0.0034183626447338612,-5.52773459018113,0.0,0.0,0,"{""0"": 5924, ""1"": 5906, ""2"": 5431, ""3"": 5690, ""4"": 6527, ""5"": 4221}",connected
33799,98,20000,0.46484916666666665,0.003516606929479167,-5.52773459018113,0.0,0.0,0,"{""0"": 5934, ""1"": 5918, ""2"": 5442, ""3"": 5705, ""4"": 6569, ""5"": 4231}",connected
33899,98,20000,0.4632658333333334,0.003255919561488554,-5.52773459018113,0.0,0.0,0,"{""0"": 5942, ""1"": 5930, ""2"": 5480, ""3"": 5718, ""4"": 6585, ""5"": 4244}",connected
33999,98,20000,0.4616825,0.003376251928275451,-5.52773459018113,0.0,0.0,0,"{""0"": 5953, ""1"": 5951, ""2"": 5512, ""3"": 5735, ""4"": 6594, ""5"": 4254}",connected
34099,98,20000,0.4600991666666666,0.00410667628981173,-5.52773459018113,0.0,0.0,0,"{""0"": 5966, ""1"": 5967, ""2"": 5537, ""3"": 5765, ""4"": 6605, ""5"": 4259}",connected
34199,98,20000,0.45851583333333346,0.004126293583540246,-5.52773459018113,0.0,0.0,0,"{""0"": 5976, ""1"": 5983, ""2"": 5561, ""3"": 5799, ""4"": 6613, ""5"": 4267}",connected
34299,98,20000,0.4569325000000001,0.004596738456748426,-5.52773459018113,0.0,0.0,0,"{""0"": 5985, ""1"": 6002, ""2"": 5579, ""3"": 5828, ""4"": 6630, ""5"": 4275}",connected
34399,100,20000,0.4553491666666667,0.0047026492073200645,-5.492579893488437,0.0,0.0,0,"{""0"": 5998, ""1"": 6018, ""2"": 5601, ""3"": 5846, ""4"": 6648, ""5"": 4288}",connected
34499,100,20000,0.4537658333333334,0.004044503492768854,-5.492579893488437,0.0,0.0,0,"{""0"": 6019, ""1"": 6045, ""2"": 5619, ""3"": 5857, ""4"": 6662, ""5"": 4297}",connected
34599,100,20000,0.45218250000000004,0.00438955091056414,-5.492579893488437,0.0,0.0,0,"{""0"": 6029, ""1"": 6057, ""2"": 5644, ""3"": 5874, ""4"": 6688, ""5"": 4307}",connected
34699,100,20000,0.45059916666666666,0.004319601132301613,-5.492579893488437,0.0,0.0,0,"{""0"": 6063, ""1"": 6062, ""2"": 5661, ""3"": 5888, ""4"": 6712, ""5"": 4313}",connected
34799,100,20000,0.4490158333333334,0.004583817897364497,-5.492579893488437,0.0,0.0,0,"{""0"": 6088, ""1"": 6073, ""2"": 5672, ""3"": 5909, ""4"": 6731, ""5"": 4326}",connected
34899,100,20000,0.4474325,0.004509288420667872,-5.492579893488437,0.0,0.0,0,"{""0"": 6109, ""1"": 6093, ""2"": 5685, ""3"": 5925, ""4"": 6756, ""5"": 4331}",connected
34999,100,20000,0.44584916666666663,0.004210756106767803,-5.492579893488437,0.0,0.0,0,"{""0"": 6126, ""1"": 6121, ""2"": 5699, ""3"": 5941, ""4"": 6771, ""5"": 4341}",connected
35099,102,20000,0.44426583333333336,0.0038614415796473624,-5.440949892159551,0.0,0.0,0,"{""0"": 6146, ""1"": 6142, ""2"": 5711, ""3"": 5956, ""4"": 6797, ""5"": 4347}",connected
35199,102,20000,0.4426825,0.0036139751074369996,-5.440949892159551,0.0,0.0,0,"{""0"": 6158, ""1"": 6158, ""2"": 5722, ""3"": 5983, ""4"": 6826, ""5"": 4352}",connected
35299,102,20000,0.4410991666666666,0.004170155517058447,-5.440949892159551,0.0,0.0,0,"{""0"": 6175, ""1"": 6173, ""2"": 5749, ""3"": 6004, ""4"": 6839, ""5"": 4359}",connected
35399,102,20000,0.43951583333333344,0.004078768505714834,-5.440949892159551,0.0,0.0,0,"{""0"": 6190, ""1"": 6185, ""2"": 5764, ""3"": 6033, ""4"": 6855, ""5"": 4372}",connected
35499,102,20000,0.43793250000000006,0.004338598971953616,-5.440949892159551,0.0,0.0,0,"{""0"": 6212, ""1"": 6201, ""2"": 5781, ""3"": 6052, ""4"": 6872, ""5"": 4381}",connected
35599,102,20000,0.4363491666666667,0.004173990602139383,-5.440949892159551,0.0,0.0,0,"{""0"": 6228, ""1"": 6218, ""2"": 5803, ""3"": 6066, ""4"": 6890, ""5"": 4394}",connected
35699,102,20000,0.4347658333333334,0.003929803620558232,-5.440949892159551,0.0,0.0,0,"{""0"": 6240, ""1"": 6236, ""2"": 5830, ""3"": 6090, ""4"": 6899, ""5"": 4404}",connected
35799,102,20000,0.4331825,0.003991490537300706,-5.440949892159551,0.0,0.0,0,"{""0"": 6253, ""1"": 6250, ""2"": 5863, ""3"": 6110, ""4"": 6908, ""5"": 4415}",connected
35899,104,20000,0.43159916666666664,0.0036183471989352256,-5.490519895371981,0.0,0.0,0,"{""0"": 6277, ""1"": 6270, ""2"": 5882, ""3"": 6117, ""4"": 6931, ""5"": 4422}",connected
35999,104,20000,0.4300158333333334,0.0039419316535349936,-5.490519895371981,0.0,0.0,0,"{""0"": 6293, ""1"": 6283, ""2"": 5898, ""3"": 6127, ""4"": 6974, ""5"": 4424}",connected
36099,104,20000,0.4284325,0.0041839655104558915,-5.490519895371981,0.0,0.0,0,"{""0"": 6304, ""1"": 6297, ""2"": 5910, ""3"": 6146, ""4"": 7000, ""5"": 4442}",connected
36199,104,20000,0.4268491666666667,0.0042213204223662615,-5.490519895371981,0.0,0.0,0,"{""0"": 6329, ""1"": 6316, ""2"": 5917, ""3"": 6166, ""4"": 7011, ""5"": 4460}",connected
36299,104,20000,0.42526583333333334,0.004326819276902824,-5.490519895371981,0.0,0.0,0,"{""0"": 6343, ""1"": 6335, ""2"": 5930, ""3"": 6188, ""4"": 7022, ""5"": 4481}",connected
36399,104,20000,0.42368249999999996,0.003904300123685971,-5.490519895371981,0.0,0.0,0,"{""0"": 6360, ""1"": 6351, ""2"": 5945, ""3"": 6211, ""4"": 7033, ""5"": 4499}",connected
36499,104,20000,0.4220991666666667,0.0037320758891291918,-5.490519895371981,0.0,0.0,0,"{""0"": 6378, ""1"": 6368, ""2"": 5957, ""3"": 6231, ""4"": 7055, ""5"": 4510}",connected
36599,106,20000,0.4205158333333334,0.00414433870697394,-5.442509894361719,0.0,0.0,0,"{""0"": 6392, ""1"": 6383, ""2"": 5970, ""3"": 6246, ""4"": 7086, ""5"": 4522}",connected
36699,106,20000,0.41893250000000004,0.00462626208900474,-5.442509894361719,0.0,0.0,0,"{""0"": 6405, ""1"": 6399, ""2"": 5984, ""3"": 6253, ""4"": 7129, ""5"": 4529}",connected
36799,106,20000,0.41734916666666677,0.004759078968781978,-5.442509894361719,0.0,0.0,0,"{""0"": 6421, ""1"": 6413, ""2"": 6004, ""3"": 6277, ""4"": 7150, ""5"": 4534}",connected
36899,106,20000,0.4157658333333334,0.004253352186642587,-5.442509894361719,0.0,0.0,0,"{""0"": 6439, ""1"": 6430, ""2"": 6025, ""3"": 6288, ""4"": 7177, ""5"": 4540}",connected
36999,106,20000,0.4141825,0.004033166846493259,-5.442509894361719,0.0,0.0,0,"{""0"": 6455, ""1"": 6443, ""2"": 6040, ""3"": 6295, ""4"": 7216, ""5"": 4550}",connected
37099,106,20000,0.41259916666666674,0.004044639262137935,-5.442509894361719,0.0,0.0,0,"{""0"": 6468, ""1"": 6453, ""2"": 6055, ""3"": 6316, ""4"": 7241, ""5"": 4566}",connected
37199,106,20000,0.41101583333333336,0.004075297953095287,-5.442509894361719,0.0,0.0,0,"{""0"": 6475, ""1"": 6467, ""2"": 6073, ""3"": 6334, ""4"": 7266, ""5"": 4584}",connected
37299,108,20000,0.4094325,0.0043976580142043534,-5.437679893267341,0.0,0.0,0,"{""0"": 6495, ""1"": 6483, ""2"": 6092, ""3"": 6354, ""4"": 7286, ""5"": 4589}",connected
37399,108,20000,0.4078491666666667,0.004553032622206956,-5.437679893267341,0.0,0.0,0,"{""0"": 6515, ""1"": 6501, ""2"": 6107, ""3"": 6367, ""4"": 7311, ""5"": 4598}",connected
37499,108,20000,0.4062658333333333,0.004462852894794196,-5.437679893267341,0.0,0.0,0,"{""0"": 6535, ""1"": 6529, ""2"": 6116, ""3"": 6379, ""4"": 7330, ""5"": 4610}",connected
37599,108,20000,0.40468249999999995,0.0050015919969882815,-5.437679893267341,0.0,0.0,0,"{""0"": 6555, ""1"": 6552, ""2"": 6130, ""3"": 6392, ""4"": 7347, ""5"": 4623}",connected
37699,108,20000,0.4030991666666667,0.005133620242122561,-5.437679893267341,0.0,0.0,0,"{""0"": 6590, ""1"": 6573, ""2"": 6143, ""3"": 6401, ""4"": 7363, ""5"": 4629}",connected
37799,108,20000,0.4015158333333334,0.004730015640379861,-5.437679893267341,0.0,0.0,0,"{""0"": 6613, ""1"": 6580, ""2"": 6155, ""3"": 6409, ""4"": 7371, ""5"": 4671}",connected
37899,110,20000,0.3999325,0.005252684698207304,-5.308449895968661,0.0,0.0,0,"{""0"": 6626, ""1"": 6596, ""2"": 6164, ""3"": 6434, ""4"": 7400, ""5"": 4679}",connected
37999,110,20000,0.39834916666666675,0.00466197710367851,-5.308449895968661,0.0,0.0,0,"{""0"": 6645, ""1"": 6609, ""2"": 6180, ""3"": 6450, ""4"": 7420, ""5"": 4695}",connected
38099,110,20000,0.3967658333333334,0.005216942803235725,-5.308449895968661,0.0,0.0,0,"{""0"": 6662, ""1"": 6632, ""2"": 6200, ""3"": 6468, ""4"": 7437, ""5"": 4700}",connected
38199,110,20000,0.3951825,0.005421787279192358,-5.308449895968661,0.0,0.0,0,"{""0"": 6678, ""1"": 6655, ""2"": 6216, ""3"": 6480, ""4"": 7463, ""5"": 4707}",connected
38299,110,20000,0.3935991666666667,0.004600034465547651,-5.308449895968661,0.0,0.0,0,"{""0"": 6702, ""1"": 6680, ""2"": 6227, ""3"": 6489, ""4"": 7477, ""5"": 4724}",connected
38399,110,20000,0.39201583333333334,0.004894161293050274,-5.308449895968661,0.0,0.0,0,"{""0"": 6713, ""1"": 6703, ""2"": 6253, ""3"": 6499, ""4"": 7491, ""5"": 4740}",connected
38499,110,20000,0.39043249999999996,0.004225807181792334,-5.308449895968661,0.0,0.0,0,"{""0"": 6727, ""1"": 6731, ""2"": 6268, ""3"": 6512, ""4"": 7512, ""5"": 4749}",connected
38599,112,20000,0.3888491666666667,0.0041173823643475774,-5.287079894444905,0.0,0.0,0,"{""0"": 6751, ""1"": 6744, ""2"": 6288, ""3"": 6524, ""4"": 7534, ""5"": 4758}",connected
38699,112,20000,0.3872658333333333,0.003869808695744723,-5.287079894444905,0.0,0.0,0,"{""0"": 6770, ""1"": 6757, ""2"": 6299, ""3"": 6547, ""4"": 7563, ""5"": 4763}",connected
38799,112,20000,0.38568250000000004,0.003972106360597536,-5.287079894444905,0.0,0.0,0,"{""0"": 6791, ""1"": 6774, ""2"": 6324, ""3"": 6563, ""4"": 7578, ""5"": 4769}",connected
38899,112,20000,0.38409916666666666,0.00391037133289501,-5.287079894444905,0.0,0.0,0,"{""0"": 6806, ""1"": 6802, ""2"": 6344, ""3"": 6571, ""4"": 7603, ""5"": 4773}",connected
38999,112,20000,0.3825158333333334,0.004288861978566274,-5.287079894444905,0.0,0.0,0,"{""0"": 6823, ""1"": 6825, ""2"": 6356, ""3"": 6583, ""4"": 7626, ""5"": 4786}",connected
39099,112,20000,0.3809325000000001,0.005373335987096653,-5.287079894444905,0.0,0.0,0,"{""0"": 6839, ""1"": 6833, ""2"": 6390, ""3"": 6604, ""4"": 7641, ""5"": 4792}",connected
39199,112,20000,0.37934916666666674,0.0058083834685385225,-5.287079894444905,0.0,0.0,0,"{""0"": 6858, ""1"": 6851, ""2"": 6412, ""3"": 6619, ""4"": 7662, ""5"": 4797}",connected
39299,114,20000,0.37776583333333336,0.006092360016191378,-5.28866989520844,0.0,0.0,0,"{""0"": 6882, ""1"": 6859, ""2"": 6434, ""3"": 6628, ""4"": 7690, ""5"": 4806}",connected
39399,114,20000,0.3761825000000001,0.005668126313248649,-5.28866989520844,0.0,0.0,0,"{""0"": 6904, ""1"": 6874, ""2"": 6448, ""3"": 6633, ""4"": 7726, ""5"": 4814}",connected
39499,114,20000,0.3745991666666667,0.005603329356526956,-5.28866989520844,0.0,0.0,0,"{""0"": 6921, ""1"": 6893, ""2"": 6466, ""3"": 6660, ""4"": 7740, ""5"": 4819}",connected
39599,114,20000,0.3730158333333333,0.005722151093650609,-5.28866989520844,0.0,0.0,0,"{""0"": 6941, ""1"": 6915, ""2"": 6474, ""3"": 6679, ""4"": 7761, ""5"": 4829}",connected
39699,114,20000,0.37143250000000005,0.005505936010740698,-5.28866989520844,0.0,0.0,0,"{""0"": 6953, ""1"": 6928, ""2"": 6482, ""3"": 6700, ""4"": 7801, ""5"": 4835}",connected
39799,114,20000,0.3698491666666667,0.006178872613236308,-5.28866989520844,0.0,0.0,0,"{""0"": 6968, ""1"": 6942, ""2"": 6493, ""3"": 6731, ""4"": 7823, ""5"": 4842}",connected
39899,114,20000,0.3682658333333333,0.0054583866754546765,-5.28866989520844,0.0,0.0,0,"{""0"": 6987, ""1"": 6947, ""2"": 6513, ""3"": 6750, ""4"": 7851, ""5"": 4851}",connected
39999,116,20000,0.3666825,0.004773928434588015,-5.303469896656461,0.0,0.0,0,"{""0"": 7006, ""1"": 6964, ""2"": 6527, ""3"": 6759, ""4"": 7878, ""5"": 4865}",connected
40099,116,20000,0.36509916666666664,0.0049939920788165185,-5.303469896656461,0.0,0.0,0,"{""0"": 7019, ""1"": 6976, ""2"": 6539, ""3"": 6768, ""4"": 7926, ""5"": 4871}",connected
40199,116,20000,0.36351583333333337,0.004819645263487473,-5.303469896656461,0.0,0.0,0,"{""0"": 7038, ""1"": 6986, ""2"": 6560, ""3"": 6799, ""4"": 7938, ""5"": 4878}",connected
40299,116,20000,0.3619325000000001,0.0049783393717370925,-5.303469896656461,0.0,0.0,0,"{""0"": 7056, ""1"": 6992, ""2"": 6580, ""3"": 6836, ""4"": 7951, ""5"": 4884}",connected
40399,116,20000,0.3603491666666667,0.004941981302108616,-5.303469896656461,0.0,0.0,0,"{""0"": 7079, ""1"": 7005, ""2"": 6593, ""3"": 6863, ""4"": 7964, ""5"": 4895}",connected
40499,116,20000,0.35876583333333334,0.0046601209312211725,-5.303469896656461,0.0,0.0,0,"{""0"": 7091, ""1"": 7025, ""2"": 6613, ""3"": 6869, ""4"": 7998, ""5"": 4903}",connected
40599,116,20000,0.35718250000000007,0.004538482936332002,-5.303469896656461,0.0,0.0,0,"{""0"": 7104, ""1"": 7031, ""2"": 6641, ""3"": 6891, ""4"": 8022, ""5"": 4910}",connected
40699,116,20000,0.3555991666666667,0.004805797107983381,-5.303469896656461,0.0,0.0,0,"{""0"": 7125, ""1"": 7045, ""2"": 6670, ""3"": 6904, ""4"": 8034, ""5"": 4921}",connected
40799,118,20000,0.3540158333333333,0.004792219346854836,-5.324359897510148,0.0,0.0,0,"{""0"": 7134, ""1"": 7060, ""2"": 6693, ""3"": 6920, ""4"": 8067, ""5"": 4925}",connected
40899,118,20000,0.35243250000000004,0.004992012407165021,-5.324359897510148,0.0,0.0,0,"{""0"": 7163, ""1"": 7069, ""2"": 6704, ""3"": 6943, ""4"": 8091, ""5"": 4929}",connected
40999,118,20000,0.35084916666666666,0.0047788916691206395,-5.324359897510148,0.0,0.0,0,"{""0"": 7172, ""1"": 7082, ""2"": 6728, ""3"": 6960, ""4"": 8120, ""5"": 4937}",connected
41099,118,20000,0.3492658333333333,0.004838868922088295,-5.324359897510148,0.0,0.0,0,"{""0"": 7186, ""1"": 7095, ""2"": 6747, ""3"": 6978, ""4"": 8139, ""5"": 4954}",connected
41199,118,20000,0.3476825,0.004817098693456501,-5.324359897510148,0.0,0.0,0,"{""0"": 7215, ""1"": 7104, ""2"": 6759, ""3"": 6990, ""4"": 8156, ""5"": 4975}",connected
41299,118,20000,0.3460991666666666,0.00484624003758654,-5.324359897510148,0.0,0.0,0,"{""0"": 7240, ""1"": 7111, ""2"": 6777, ""3"": 7012, ""4"": 8169, ""5"": 4990}",connected
41399,118,20000,0.34451583333333347,0.005524031107779592,-5.324359897510148,0.0,0.0,0,"{""0"": 7266, ""1"": 7121, ""2"": 6796, ""3"": 7022, ""4"": 8184, ""5"": 5010}",connected
41499,120,20000,0.3429325000000001,0.005422466520685703,-5.324689897899516,0.0,0.0,0,"{""0"": 7285, ""1"": 7133, ""2"": 6819, ""3"": 7030, ""4"": 8215, ""5"": 5017}",connected
41599,120,20000,0.3413491666666667,0.005896986159496009,-5.324689897899516,0.0,0.0,0,"{""0"": 7295, ""1"": 7140, ""2"": 6827, ""3"": 7066, ""4"": 8239, ""5"": 5032}",connected
41699,120,20000,0.33976583333333343,0.006453907631803304,-5.324689897899516,0.0,0.0,0,"{""0"": 7319, ""1"": 7146, ""2"": 6839, ""3"": 7100, ""4"": 8255, ""5"": 5040}",connected
41799,120,20000,0.33818250000000005,0.0056864029995631424,-5.324689897899516,0.0,0.0,0,"{""0"": 7333, ""1"": 7154, ""2"": 6858, ""3"": 7129, ""4"": 8278, ""5"": 5047}",connected
41899,120,20000,0.33659916666666667,0.00536584597430192,-5.324689897899516,0.0,0.0,0,"{""0"": 7344, ""1"": 7166, ""2"": 6872, ""3"": 7154, ""4"": 8305, ""5"": 5058}",connected
41999,120,20000,0.3350158333333334,0.004996017663506791,-5.324689897899516,0.0,0.0,0,"{""0"": 7360, ""1"": 7176, ""2"": 6890, ""3"": 7194, ""4"": 8314, ""5"": 5065}",connected
42099,120,20000,0.3334325,0.00536025702371262,-5.324689897899516,0.0,0.0,0,"{""0"": 7380, ""1"": 7191, ""2"": 6898, ""3"": 7228, ""4"": 8321, ""5"": 5081}",connected
42199,122,20000,0.33184916666666664,0.005938755644019693,-5.339289898397401,0.0,0.0,0,"{""0"": 7397, ""1"": 7205, ""2"": 6914, ""3"": 7250, ""4"": 8345, ""5"": 5088}",connected
42299,122,20000,0.33026583333333337,0.006604284613858908,-5.339289898397401,0.0,0.0,0,"{""0"": 7409, ""1"": 7214, ""2"": 6952, ""3"": 7256, ""4"": 8376, ""5"": 5092}",connected
42399,122,20000,0.3286825,0.0070080249407328665,-5.339289898397401,0.0,0.0,0,"{""0"": 7420, ""1"": 7219, ""2"": 6996, ""3"": 7265, ""4"": 8404, ""5"": 5095}",connected
42499,122,20000,0.3270991666666666,0.006227560882689431,-5.339289898397401,0.0,0.0,0,"{""0"": 7438, ""1"": 7234, ""2"": 7026, ""3"": 7275, ""4"": 8421, ""5"": 5105}",connected
42599,124,20000,0.32551583333333345,0.0062043616955634205,-5.363939899299294,0.0,0.0,0,"{""0"": 7478, ""1"": 7240, ""2"": 7043, ""3"": 7286, ""4"": 8439, ""5"": 5113}",connected
42699,124,20000,0.32393250000000007,0.0062282953050453215,-5.363939899299294,0.0,0.0,0,"{""0"": 7491, ""1"": 7267, ""2"": 7052, ""3"": 7304, ""4"": 8465, ""5"": 5120}",connected
42799,124,20000,0.3223491666666667,0.00573574028792791,-5.363939899299294,0.0,0.0,0,"{""0"": 7514, ""1"": 7286, ""2"": 7067, ""3"": 7315, ""4"": 8493, ""5"": 5124}",connected
42899,124,20000,0.3207658333333334,0.006215753899887204,-5.363939899299294,0.0,0.0,0,"{""0"": 7528, ""1"": 7298, ""2"": 7094, ""3"": 7328, ""4"": 8521, ""5"": 5130}",connected
42999,124,20000,0.31918250000000004,0.006382029314991087,-5.363939899299294,0.0,0.0,0,"{""0"": 7554, ""1"": 7308, ""2"": 7115, ""3"": 7350, ""4"": 8535, ""5"": 5137}",connected
43099,124,20000,0.31759916666666665,0.006030130540020764,-5.363939899299294,0.0,0.0,0,"{""0"": 7575, ""1"": 7329, ""2"": 7126, ""3"": 7370, ""4"": 8557, ""5"": 5142}",connected
43199,124,20000,0.3160158333333334,0.006799099403433501,-5.363939899299294,0.0,0.0,0,"{""0"": 7596, ""1"": 7353, ""2"": 7139, ""3"": 7381, ""4"": 8586, ""5"": 5144}",connected
43299,124,20000,0.3144325,0.006180014470592141,-5.363939899299294,0.0,0.0,0,"{""0"": 7610, ""1"": 7373, ""2"": 7154, ""3"": 7398, ""4"": 8608, ""5"": 5156}",connected
43399,126,20000,0.3128491666666666,0.0062483093631453815,-5.353659899183549,0.0,0.0,0,"{""0"": 7629, ""1"": 7385, ""2"": 7170, ""3"": 7408, ""4"": 8645, ""5"": 5162}",connected
43499,126,20000,0.31126583333333335,0.006167909828945994,-5.353659899183549,0.0,0.0,0,"{""0"": 7644, ""1"": 7396, ""2"": 7184, ""3"": 7430, ""4"": 8676, ""5"": 5169}",connected
43599,126,20000,0.30968249999999997,0.005666345427744091,-5.353659899183549,0.0,0.0,0,"{""0"": 7663, ""1"": 7411, ""2"": 7194, ""3"": 7451, ""4"": 8704, ""5"": 5176}",connected
43699,126,20000,0.3080991666666667,0.005887635557446629,-5.353659899183549,0.0,0.0,0,"{""0"": 7675, ""1"": 7439, ""2"": 7206, ""3"": 7472, ""4"": 8725, ""5"": 5182}",connected
43799,126,20000,0.30651583333333343,0.006063260918017477,-5.353659899183549,0.0,0.0,0,"{""0"": 7687, ""1"": 7457, ""2"": 7213, ""3"": 7496, ""4"": 8751, ""5"": 5195}",connected
43899,126,20000,0.30493250000000005,0.005690587544813752,-5.353659899183549,0.0,0.0,0,"{""0"": 7698, ""1"": 7479, ""2"": 7223, ""3"": 7524, ""4"": 8776, ""5"": 5199}",connected
43999,126,20000,0.3033491666666668,0.005748322536237538,-5.353659899183549,0.0,0.0,0,"{""0"": 7712, ""1"": 7505, ""2"": 7248, ""3"": 7542, ""4"": 8789, ""5"": 5203}",connected
44099,128,20000,0.3017658333333334,0.006035825370345265,-5.326599897653796,0.0,0.0,0,"{""0"": 7728, ""1"": 7528, ""2"": 7272, ""3"": 7546, ""4"": 8812, ""5"": 5213}",connected
44199,128,20000,0.3001825,0.005515374771784991,-5.326599897653796,0.0,0.0,0,"{""0"": 7741, ""1"": 7572, ""2"": 7278, ""3"": 7554, ""4"": 8832, ""5"": 5222}",connected
44299,128,20000,0.29859916666666675,0.005850197463296354,-5.326599897653796,0.0,0.0,0,"{""0"": 7756, ""1"": 7605, ""2"": 7300, ""3"": 7564, ""4"": 8848, ""5"": 5226}",connected
44399,128,20000,0.29701583333333337,0.0055892610480077565,-5.326599897653796,0.0,0.0,0,"{""0"": 7767, ""1"": 7624, ""2"": 7309, ""3"": 7572, ""4"": 8890, ""5"": 5237}",connected
44499,128,20000,0.2954325,0.005231968580046669,-5.326599897653796,0.0,0.0,0,"{""0"": 7777, ""1"": 7637, ""2"": 7334, ""3"": 7583, ""4"": 8925, ""5"": 5243}",connected
44599,128,20000,0.2938491666666667,0.004804030100349337,-5.326599897653796,0.0,0.0,0,"{""0"": 7791, ""1"": 7659, ""2"": 7345, ""3"": 7608, ""4"": 8950, ""5"": 5246}",connected
44699,128,20000,0.29226583333333334,0.005106782629154622,-5.326599897653796,0.0,0.0,0,"{""0"": 7805, ""1"": 7683, ""2"": 7359, ""3"": 7624, ""4"": 8979, ""5"": 5249}",connected
44799,130,20000,0.29068249999999995,0.005292653046781197,-5.295249897930771,0.0,0.0,0,"{""0"": 7811, ""1"": 7699, ""2"": 7366, ""3"": 7659, ""4"": 9005, ""5"": 5259}",connected
44899,130,20000,0.2890991666666667,0.004942149898270145,-5.295249897930771,0.0,0.0,0,"{""0"": 7819, ""1"": 7720, ""2"": 7387, ""3"": 7673, ""4"": 9032, ""5"": 5268}",connected
44999,130,20000,0.2875158333333334,0.0052234288095496595,-5.295249897930771,0.0,0.0,0,"{""0"": 7830, ""1"": 7731, ""2"": 7400, ""3"": 7694, ""4"": 9070, ""5"": 5274}",connected
45099,130,20000,0.28593250000000003,0.005115740709006786,-5.295249897930771,0.0,0.0,0,"{""0"": 7856, ""1"": 7759, ""2"": 7407, ""3"": 7698, ""4"": 9093, ""5"": 5286}",connected
45199,130,20000,0.28434916666666676,0.004679350106744096,-5.295249897930771,0.0,0.0,0,"{""0"": 7876, ""1"": 7784, ""2"": 7420, ""3"": 7710, ""4"": 9104, ""5"": 5305}",connected
45299,130,20000,0.2827658333333334,0.0047392633347772065,-5.295249897930771,0.0,0.0,0,"{""0"": 7889, ""1"": 7796, ""2"": 7438, ""3"": 7712, ""4"": 9139, ""5"": 5325}",connected
45399,130,20000,0.2811825,0.005001299434807152,-5.295249897930771,0.0,0.0,0,"{""0"": 7901, ""1"": 7812, ""2"": 7450, ""3"": 7724, ""4"": 9170, ""5"": 5342}",connected
45499,132,20000,0.27959916666666673,0.004752909664530307,-5.307819897602312,0.0,0.0,0,"{""0"": 7920, ""1"": 7831, ""2"": 7460, ""3"": 7746, ""4"": 9191, ""5"": 5351}",connected
45599,132,20000,0.27801583333333335,0.005758945394773036,-5.307819897602312,0.0,0.0,0,"{""0"": 7938, ""1"": 7844, ""2"": 7475, ""3"": 7754, ""4"": 9219, ""5"": 5369}",connected
45699,132,20000,0.27643249999999997,0.00605725642759353,-5.307819897602312,0.0,0.0,0,"{""0"": 7965, ""1"": 7848, ""2"": 7488, ""3"": 7786, ""4"": 9241, ""5"": 5371}",connected
45799,132,20000,0.2748491666666667,0.005673683043569327,-5.307819897602312,0.0,0.0,0,"{""0"": 7980, ""1"": 7872, ""2"": 7492, ""3"": 7818, ""4"": 9251, ""5"": 5386}",connected
45899,132,20000,0.2732658333333333,0.005471370369195938,-5.307819897602312,0.0,0.0,0,"{""0"": 7992, ""1"": 7889, ""2"": 7508, ""3"": 7834, ""4"": 9278, ""5"": 5398}",connected
45999,132,20000,0.27168249999999994,0.004957474172115326,-5.307819897602312,0.0,0.0,0,"{""0"": 8005, ""1"": 7911, ""2"": 7519, ""3"": 7854, ""4"": 9295, ""5"": 5415}",connected
46099,132,20000,0.27009916666666667,0.0048281269846484065,-5.307819897602312,0.0,0.0,0,"{""0"": 8015, ""1"": 7931, ""2"": 7529, ""3"": 7881, ""4"": 9321, ""5"": 5422}",connected
46199,132,20000,0.2685158333333334,0.005201397438067943,-5.307819897602312,0.0,0.0,0,"{""0"": 8015, ""1"": 7952, ""2"": 7549, ""3"": 7901, ""4"": 9347, ""5"": 5435}",connected
46299,134,20000,0.26693250000000013,0.005474471668712795,-5.275829895897768,0.0,0.0,0,"{""0"": 8046, ""1"": 7966, ""2"": 7559, ""3"": 7912, ""4"": 9374, ""5"": 5442}",connected
46399,134,20000,0.26534916666666675,0.005387457800097763,-5.275829895897768,0.0,0.0,0,"{""0"": 8059, ""1"": 7987, ""2"": 7579, ""3"": 7924, ""4"": 9403, ""5"": 5447}",connected
46499,134,20000,0.26376583333333337,0.00541997351218015,-5.275829895897768,0.0,0.0,0,"{""0"": 8079, ""1"": 8003, ""2"": 7596, ""3"": 7942, ""4"": 9431, ""5"": 5448}",connected
46599,134,20000,0.2621825000000001,0.004776064153993502,-5.275829895897768,0.0,0.0,0,"{""0"": 8108, ""1"": 8013, ""2"": 7619, ""3"": 7957, ""4"": 9451, ""5"": 5451}",connected
46699,134,20000,0.2605991666666667,0.004599978044861928,-5.275829895897768,0.0,0.0,0,"{""0"": 8129, ""1"": 8024, ""2"": 7636, ""3"": 7977, ""4"": 9479, ""5"": 5454}",connected
46799,134,20000,0.25901583333333333,0.0044730548583902414,-5.275829895897768,0.0,0.0,0,"{""0"": 8144, ""1"": 8031, ""2"": 7679, ""3"": 7991, ""4"": 9497, ""5"": 5457}",connected
46899,134,20000,0.25743250000000006,0.0050043026939965785,-5.275829895897768,0.0,0.0,0,"{""0"": 8151, ""1"": 8047, ""2"": 7707, ""3"": 8008, ""4"": 9527, ""5"": 5459}",connected
46999,136,20000,0.2558491666666667,0.00522319149109535,-5.260389896417037,0.0,0.0,0,"{""0"": 8166, ""1"": 8067, ""2"": 7721, ""3"": 8014, ""4"": 9570, ""5"": 5461}",connected
47099,136,20000,0.2542658333333333,0.005789371532155201,-5.260389896417037,0.0,0.0,0,"{""0"": 8188, ""1"": 8084, ""2"": 7740, ""3"": 8016, ""4"": 9605, ""5"": 5466}",connected
47199,136,20000,0.25268250000000003,0.006125845091883093,-5.260389896417037,0.0,0.0,0,"{""0"": 8220, ""1"": 8095, ""2"": 7752, ""3"": 8025, ""4"": 9633, ""5"": 5474}",connected
47299,136,20000,0.25109916666666665,0.00595394512405619,-5.260389896417037,0.0,0.0,0,"{""0"": 8230, ""1"": 8130, ""2"": 7766, ""3"": 8038, ""4"": 9656, ""5"": 5479}",connected
47399,136,20000,0.24951583333333338,0.006088013893458992,-5.260389896417037,0.0,0.0,0,"{""0"": 8248, ""1"": 8158, ""2"": 7777, ""3"": 8055, ""4"": 9668, ""5"": 5493}",connected
47499,136,20000,0.2479325000000001,0.005729846232570708,-5.260389896417037,0.0,0.0,0,"{""0"": 8256, ""1"": 8168, ""2"": 7813, ""3"": 8066, ""4"": 9693, ""5"": 5503}",connected
47599,136,20000,0.24634916666666673,0.005667087596375495,-5.260389896417037,0.0,0.0,0,"{""0"": 8267, ""1"": 8176, ""2"": 7841, ""3"": 8091, ""4"": 9718, ""5"": 5506}",connected
47699,138,20000,0.24476583333333335,0.0056212055427022276,-5.224509895369411,0.0,0.0,0,"{""0"": 8277, ""1"": 8189, ""2"": 7873, ""3"": 8105, ""4"": 9741, ""5"": 5514}",connected
47799,138,20000,0.24318250000000008,0.005583710945211351,-5.224509895369411,0.0,0.0,0,"{""0"": 8302, ""1"": 8196, ""2"": 7894, ""3"": 8110, ""4"": 9775, ""5"": 5522}",connected
47899,138,20000,0.2415991666666667,0.005358091234229505,-5.224509895369411,0.0,0.0,0,"{""0"": 8326, ""1"": 8209, ""2"": 7923, ""3"": 8120, ""4"": 9787, ""5"": 5534}",connected
47999,138,20000,0.24001583333333332,0.004989707753993571,-5.224509895369411,0.0,0.0,0,"{""0"": 8350, ""1"": 8228, ""2"": 7933, ""3"": 8143, ""4"": 9801, ""5"": 5544}",connected
48099,140,20000,0.23843250000000005,0.004697360065765679,-5.094819896416738,0.0,0.0,0,"{""0"": 8359, ""1"": 8250, ""2"": 7948, ""3"": 8157, ""4"": 9836, ""5"": 5549}",connected
48199,140,20000,0.23684916666666667,0.005378497571218759,-5.094819896416738,0.0,0.0,0,"{""0"": 8380, ""1"": 8268, ""2"": 7960, ""3"": 8159, ""4"": 9877, ""5"": 5555}",connected
48299,140,20000,0.23526583333333329,0.005451693921349943,-5.094819896416738,0.0,0.0,0,"{""0"": 8399, ""1"": 8275, ""2"": 7973, ""3"": 8170, ""4"": 9909, ""5"": 5573}",connected
48399,140,20000,0.23368250000000002,0.005650981597136706,-5.094819896416738,0.0,0.0,0,"{""0"": 8426, ""1"": 8299, ""2"": 7977, ""3"": 8206, ""4"": 9915, ""5"": 5576}",connected
48499,140,20000,0.23209916666666663,0.0060527994460426275,-5.094819896416738,0.0,0.0,0,"{""0"": 8438, ""1"": 8317, ""2"": 7998, ""3"": 8215, ""4"": 9948, ""5"": 5583}",connected
48599,142,20000,0.23051583333333336,0.005335815111175179,-4.9617598982760684,0.0,0.0,0,"{""0"": 8457, ""1"": 8326, ""2"": 8009, ""3"": 8219, ""4"": 9988, ""5"": 5600}",connected
48699,142,20000,0.2289325000000001,0.0063047632772941144,-4.9617598982760684,0.0,0.0,0,"{""0"": 8487, ""1"": 8338, ""2"": 8019, ""3"": 8247, ""4"": 10004, ""5"": 5604}",connected
48799,142,20000,0.2273491666666667,0.006245900749927386,-4.9617598982760684,0.0,0.0,0,"{""0"": 8500, ""1"": 8348, ""2"": 8043, ""3"": 8270, ""4"": 10025, ""5"": 5613}",connected
48899,142,20000,0.22576583333333344,0.006220463666832075,-4.9617598982760684,0.0,0.0,0,"{""0"": 8530, ""1"": 8354, ""2"": 8060, ""3"": 8286, ""4"": 10050, ""5"": 5619}",connected
48999,144,20000,0.22418250000000006,0.006880617764545604,-4.791499903113581,0.0,0.0,0,"{""0"": 8548, ""1"": 8364, ""2"": 8088, ""3"": 8294, ""4"": 10082, ""5"": 5623}",connected
49099,144,20000,0.22259916666666668,0.006218561728019267,-4.791499903113581,0.0,0.0,0,"{""0"": 8562, ""1"": 8392, ""2"": 8100, ""3"": 8310, ""4"": 10107, ""5"": 5628}",connected
49199,144,20000,0.2210158333333334,0.006615834061522037,-4.791499903113581,0.0,0.0,0,"{""0"": 8569, ""1"": 8415, ""2"": 8121, ""3"": 8327, ""4"": 10136, ""5"": 5631}",connected
49299,144,20000,0.21943250000000003,0.006492951672989875,-4.791499903113581,0.0,0.0,0,"{""0"": 8584, ""1"": 8428, ""2"": 8127, ""3"": 8351, ""4"": 10171, ""5"": 5638}",connected
49399,144,20000,0.21784916666666665,0.006078350250609219,-4.791499903113581,0.0,0.0,0,"{""0"": 8601, ""1"": 8468, ""2"": 8134, ""3"": 8368, ""4"": 10185, ""5"": 5643}",connected
49499,144,20000,0.21626583333333338,0.005971184896770865,-4.791499903113581,0.0,0.0,0,"{""0"": 8613, ""1"": 8496, ""2"": 8149, ""3"": 8383, ""4"": 10211, ""5"": 5647}",connected
49599,144,20000,0.2146825,0.005797380753792822,-4.791499903113581,0.0,0.0,0,"{""0"": 8627, ""1"": 8504, ""2"": 8165, ""3"": 8427, ""4"": 10226, ""5"": 5650}",connected
49699,146,20000,0.21309916666666662,0.005921097516547889,-4.77674990314059,0.0,0.0,0,"{""0"": 8651, ""1"": 8522, ""2"": 8179, ""3"": 8431, ""4"": 10263, ""5"": 5653}",connected
49799,146,20000,0.21151583333333346,0.006157646107021719,-4.77674990314059,0.0,0.0,0,"{""0"": 8670, ""1"": 8531, ""2"": 8190, ""3"": 8436, ""4"": 10317, ""5"": 5655}",connected
49899,146,20000,0.20993250000000008,0.006193190671037883,-4.77674990314059,0.0,0.0,0,"{""0"": 8682, ""1"": 8540, ""2"": 8226, ""3"": 8446, ""4"": 10346, ""5"": 5659}",connected
49999,146,20000,0.2083491666666667,0.006559617538005114,-4.77674990314059,0.0,0.0,0,"{""0"": 8699, ""1"": 8552, ""2"": 8264, ""3"": 8449, ""4"": 10373, ""5"": 5662}",connected
50099,146,20000,0.20676583333333343,0.006079298763070256,-4.77674990314059,0.0,0.0,0,"{""0"": 8716, ""1"": 8559, ""2"": 8319, ""3"": 8457, ""4"": 10383, ""5"": 5665}",connected
50199,146,20000,0.20518250000000005,0.0063012298382818695,-4.77674990314059,0.0,0.0,0,"{""0"": 8728, ""1"": 8569, ""2"": 8363, ""3"": 8463, ""4"": 10405, ""5"": 5671}",connected
50299,146,20000,0.20359916666666666,0.005937639825278893,-4.77674990314059,0.0,0.0,0,"{""0"": 8732, ""1"": 8589, ""2"": 8405, ""3"": 8478, ""4"": 10419, ""5"": 5676}",connected
50399,148,20000,0.2020158333333334,0.005207841360243037,-4.714869903330691,0.0,0.0,0,"{""0"": 8751, ""1"": 8610, ""2"": 8430, ""3"": 8490, ""4"": 10436, ""5"": 5682}",connected
50499,148,20000,0.2004325,0.005283790522953496,-4.714869903330691,0.0,0.0,0,"{""0"": 8775, ""1"": 8637, ""2"": 8447, ""3"": 8497, ""4"": 10446, ""5"": 5697}",connected
50599,148,20000,0.19884916666666663,0.005553854316240177,-4.714869903330691,0.0,0.0,0,"{""0"": 8803, ""1"": 8654, ""2"": 8459, ""3"": 8510, ""4"": 10461, ""5"": 5712}",connected
50699,148,20000,0.19726583333333336,0.005832404915709049,-4.714869903330691,0.0,0.0,0,"{""0"": 8832, ""1"": 8663, ""2"": 8494, ""3"": 8520, ""4"": 10464, ""5"": 5726}",connected
50799,150,20000,0.19568249999999998,0.006151518368860707,-4.588219906487502,0.0,0.0,0,"{""0"": 8854, ""1"": 8684, ""2"": 8519, ""3"": 8532, ""4"": 10477, ""5"": 5733}",connected
50899,150,20000,0.1940991666666666,0.005819657882675529,-4.588219906487502,0.0,0.0,0,"{""0"": 8867, ""1"": 8704, ""2"": 8530, ""3"": 8547, ""4"": 10503, ""5"": 5748}",connected
50999,150,20000,0.19251583333333344,0.0052988495468162,-4.588219906487502,0.0,0.0,0,"{""0"": 8893, ""1"": 8714, ""2"": 8559, ""3"": 8552, ""4"": 10515, ""5"": 5766}",connected
51099,150,20000,0.19093250000000006,0.005791565398685634,-4.588219906487502,0.0,0.0,0,"{""0"": 8907, ""1"": 8726, ""2"": 8576, ""3"": 8581, ""4"": 10539, ""5"": 5770}",connected
51199,150,20000,0.1893491666666668,0.006197894198121503,-4.588219906487502,0.0,0.0,0,"{""0"": 8932, ""1"": 8736, ""2"": 8592, ""3"": 8605, ""4"": 10559, ""5"": 5775}",connected
51299,150,20000,0.1877658333333334,0.006589090349152684,-4.588219906487502,0.0,0.0,0,"{""0"": 8982, ""1"": 8749, ""2"": 8601, ""3"": 8618, ""4"": 10566, ""5"": 5783}",connected
51399,150,20000,0.18618250000000003,0.006706952617969364,-4.588219906487502,0.0,0.0,0,"{""0"": 9003, ""1"": 8757, ""2"": 8625, ""3"": 8633, ""4"": 10590, ""5"": 5791}",connected
51499,150,20000,0.18459916666666676,0.006410408138763159,-4.588219906487502,0.0,0.0,0,"{""0"": 9030, ""1"": 8763, ""2"": 8647, ""3"": 8651, ""4"": 10604, ""5"": 5804}",connected
51599,152,20000,0.18301583333333338,0.0064374899002723395,-4.515579904681072,0.0,0.0,0,"{""0"": 9058, ""1"": 8773, ""2"": 8661, ""3"": 8661, ""4"": 10637, ""5"": 5809}",connected
51699,152,20000,0.1814325,0.0066862853919155895,-4.515579904681072,0.0,0.0,0,"{""0"": 9084, ""1"": 8784, ""2"": 8681, ""3"": 8670, ""4"": 10663, ""5"": 5817}",connected
51799,152,20000,0.17984916666666673,0.006309640230610967,-4.515579904681072,0.0,0.0,0,"{""0"": 9108, ""1"": 8810, ""2"": 8694, ""3"": 8693, ""4"": 10674, ""5"": 5820}",connected
51899,152,20000,0.17826583333333335,0.006028947110753507,-4.515579904681072,0.0,0.0,0,"{""0"": 9122, ""1"": 8825, ""2"": 8716, ""3"": 8715, ""4"": 10697, ""5"": 5824}",connected
51999,152,20000,0.17668249999999996,0.006681002196855843,-4.515579904681072,0.0,0.0,0,"{""0"": 9139, ""1"": 8846, ""2"": 8725, ""3"": 8722, ""4"": 10738, ""5"": 5829}",connected
52099,152,20000,0.1750991666666667,0.006909691926557571,-4.515579904681072,0.0,0.0,0,"{""0"": 9169, ""1"": 8880, ""2"": 8732, ""3"": 8729, ""4"": 10750, ""5"": 5839}",connected
52199,152,20000,0.17351583333333342,0.007261977142188698,-4.515579904681072,0.0,0.0,0,"{""0"": 9189, ""1"": 8908, ""2"": 8747, ""3"": 8738, ""4"": 10776, ""5"": 5841}",connected
52299,154,20000,0.17193250000000004,0.007845665642526001,-4.524919906132855,0.0,0.0,0,"{""0"": 9199, ""1"": 8932, ""2"": 8758, ""3"": 8752, ""4"": 10806, ""5"": 5852}",connected
52399,154,20000,0.17034916666666677,0.006826250061858445,-4.524919906132855,0.0,0.0,0,"{""0"": 9217, ""1"": 8957, ""2"": 8772, ""3"": 8766, ""4"": 10818, ""5"": 5869}",connected
52499,154,20000,0.1687658333333334,0.006243014854844659,-4.524919906132855,0.0,0.0,0,"{""0"": 9232, ""1"": 8978, ""2"": 8795, ""3"": 8775, ""4"": 10844, ""5"": 5875}",connected
52599,154,20000,0.1671825,0.006217684275470674,-4.524919906132855,0.0,0.0,0,"{""0"": 9236, ""1"": 9002, ""2"": 8833, ""3"": 8788, ""4"": 10863, ""5"": 5877}",connected
52699,154,20000,0.16559916666666674,0.005934837302193046,-4.524919906132855,0.0,0.0,0,"{""0"": 9256, ""1"": 9031, ""2"": 8847, ""3"": 8795, ""4"": 10879, ""5"": 5891}",connected
52799,154,20000,0.16401583333333336,0.006513886905740947,-4.524919906132855,0.0,0.0,0,"{""0"": 9271, ""1"": 9046, ""2"": 8874, ""3"": 8820, ""4"": 10895, ""5"": 5893}",connected
52899,154,20000,0.16243249999999998,0.006297210576012731,-4.524919906132855,0.0,0.0,0,"{""0"": 9288, ""1"": 9078, ""2"": 8882, ""3"": 8847, ""4"": 10910, ""5"": 5894}",connected
52999,156,20000,0.1608491666666667,0.005976255433633924,-4.516579905645922,0.0,0.0,0,"{""0"": 9302, ""1"": 9089, ""2"": 8896, ""3"": 8851, ""4"": 10949, ""5"": 5912}",connected
53099,156,20000,0.15926583333333333,0.006493243435397744,-4.516579905645922,0.0,0.0,0,"{""0"": 9315, ""1"": 9096, ""2"": 8925, ""3"": 8870, ""4"": 10967, ""5"": 5926}",connected
53199,156,20000,0.15768249999999995,0.006010928591713309,-4.516579905645922,0.0,0.0,0,"{""0"": 9326, ""1"": 9105, ""2"": 8940, ""3"": 8896, ""4"": 10997, ""5"": 5935}",connected
53299,156,20000,0.15609916666666668,0.007291653594002127,-4.516579905645922,0.0,0.0,0,"{""0"": 9344, ""1"": 9109, ""2"": 8958, ""3"": 8916, ""4"": 11029, ""5"": 5943}",connected
53399,156,20000,0.1545158333333334,0.007470930360723287,-4.516579905645922,0.0,0.0,0,"{""0"": 9356, ""1"": 9116, ""2"": 8998, ""3"": 8940, ""4"": 11042, ""5"": 5947}",connected
53499,156,20000,0.15293250000000003,0.007550501911900938,-4.516579905645922,0.0,0.0,0,"{""0"": 9368, ""1"": 9132, ""2"": 9018, ""3"": 8969, ""4"": 11052, ""5"": 5960}",connected
53599,156,20000,0.15134916666666676,0.007477498694788665,-4.516579905645922,0.0,0.0,0,"{""0"": 9382, ""1"": 9140, ""2"": 9073, ""3"": 8988, ""4"": 11055, ""5"": 5961}",connected
53699,158,20000,0.14976583333333338,0.006894165179692209,-4.456469905031845,0.0,0.0,0,"{""0"": 9390, ""1"": 9159, ""2"": 9111, ""3"": 8999, ""4"": 11076, ""5"": 5964}",connected
53799,158,20000,0.1481825000000001,0.006753175719641149,-4.456469905031845,0.0,0.0,0,"{""0"": 9420, ""1"": 9162, ""2"": 9122, ""3"": 9002, ""4"": 11124, ""5"": 5969}",connected
53899,158,20000,0.14659916666666672,0.006066255739424378,-4.456469905031845,0.0,0.0,0,"{""0"": 9434, ""1"": 9177, ""2"": 9139, ""3"": 9011, ""4"": 11164, ""5"": 5974}",connected
53999,158,20000,0.14501583333333334,0.0059219695068895815,-4.456469905031845,0.0,0.0,0,"{""0"": 9450, ""1"": 9209, ""2"": 9156, ""3"": 9031, ""4"": 11173, ""5"": 5980}",connected
54099,158,20000,0.14343250000000007,0.005797179765067995,-4.456469905031845,0.0,0.0,0,"{""0"": 9466, ""1"": 9215, ""2"": 9183, ""3"": 9043, ""4"": 11194, ""5"": 5998}",connected
54199,158,20000,0.1418491666666667,0.0063434386299923064,-4.456469905031845,0.0,0.0,0,"{""0"": 9485, ""1"": 9225, ""2"": 9200, ""3"": 9063, ""4"": 11213, ""5"": 6013}",connected
54299,160,20000,0.1402658333333333,0.007122002998366952,-4.360279906978831,0.0,0.0,0,"{""0"": 9496, ""1"": 9248, ""2"": 9214, ""3"": 9081, ""4"": 11227, ""5"": 6033}",connected
54399,160,20000,0.13868250000000004,0.007518195530865341,-4.360279906978831,0.0,0.0,0,"{""0"": 9505, ""1"": 9257, ""2"": 9244, ""3"": 9097, ""4"": 11253, ""5"": 6043}",connected
54499,160,20000,0.13709916666666666,0.007731859043706209,-4.360279906978831,0.0,0.0,0,"{""0"": 9530, ""1"": 9260, ""2"": 9259, ""3"": 9135, ""4"": 11264, ""5"": 6051}",connected
54599,160,20000,0.1355158333333334,0.007480478647630661,-4.360279906978831,0.0,0.0,0,"{""0"": 9555, ""1"": 9284, ""2"": 9279, ""3"": 9156, ""4"": 11272, ""5"": 6053}",connected
54699,160,20000,0.13393250000000012,0.007497396725229919,-4.360279906978831,0.0,0.0,0,"{""0"": 9585, ""1"": 9294, ""2"": 9299, ""3"": 9175, ""4"": 11287, ""5"": 6059}",connected
54799,160,20000,0.13234916666666674,0.007264173408038914,-4.360279906978831,0.0,0.0,0,"{""0"": 9614, ""1"": 9295, ""2"": 9322, ""3"": 9198, ""4"": 11306, ""5"": 6064}",connected
54899,160,20000,0.13076583333333336,0.00694469464244321,-4.360279906978831,0.0,0.0,0,"{""0"": 9646, ""1"": 9304, ""2"": 9348, ""3"": 9209, ""4"": 11324, ""5"": 6068}",connected
54999,160,20000,0.1291825000000001,0.00669657836202532,-4.360279906978831,0.0,0.0,0,"{""0"": 9680, ""1"": 9335, ""2"": 9361, ""3"": 9221, ""4"": 11330, ""5"": 6072}",connected
55099,162,20000,0.1275991666666667,0.0064208616130054,-4.472759906966239,0.0,0.0,0,"{""0"": 9705, ""1"": 9347, ""2"": 9379, ""3"": 9228, ""4"": 11366, ""5"": 6074}",connected
55199,162,20000,0.12601583333333333,0.006853973348625004,-4.472759906966239,0.0,0.0,0,"{""0"": 9726, ""1"": 9360, ""2"": 9394, ""3"": 9250, ""4"": 11392, ""5"": 6077}",connected
55299,162,20000,0.12443250000000006,0.0070898393797688185,-4.472759906966239,0.0,0.0,0,"{""0"": 9743, ""1"": 9379, ""2"": 9398, ""3"": 9276, ""4"": 11414, ""5"": 6089}",connected
55399,162,20000,0.12284916666666668,0.007588514285162091,-4.472759906966239,0.0,0.0,0,"{""0"": 9773, ""1"": 9402, ""2"": 9412, ""3"": 9289, ""4"": 11431, ""5"": 6092}",connected
55499,162,20000,0.1212658333333333,0.00731550415046513,-4.472759906966239,0.0,0.0,0,"{""0"": 9807, ""1"": 9415, ""2"": 9430, ""3"": 9316, ""4"": 11437, ""5"": 6094}",connected
55599,162,20000,0.11968250000000002,0.0072851683665066955,-4.472759906966239,0.0,0.0,0,"{""0"": 9828, ""1"": 9432, ""2"": 9449, ""3"": 9333, ""4"": 11457, ""5"": 6100}",connected
55699,162,20000,0.11809916666666664,0.0068898153002373876,-4.472759906966239,0.0,0.0,0,"{""0"": 9837, ""1"": 9462, ""2"": 9460, ""3"": 9345, ""4"": 11491, ""5"": 6104}",connected
55799,164,20000,0.11651583333333337,0.006756841104943305,-4.460359907047823,0.0,0.0,0,"{""0"": 9865, ""1"": 9472, ""2"": 9477, ""3"": 9350, ""4"": 11528, ""5"": 6107}",connected
55899,164,20000,0.1149325000000001,0.006664721493143589,-4.460359907047823,0.0,0.0,0,"{""0"": 9881, ""1"": 9497, ""2"": 9486, ""3"": 9357, ""4"": 11558, ""5"": 6120}",connected
55999,164,20000,0.11334916666666672,0.006842610405292362,-4.460359907047823,0.0,0.0,0,"{""0"": 9898, ""1"": 9521, ""2"": 9488, ""3"": 9363, ""4"": 11606, ""5"": 6123}",connected
56099,164,20000,0.11176583333333334,0.00727313196985051,-4.460359907047823,0.0,0.0,0,"{""0"": 9916, ""1"": 9540, ""2"": 9497, ""3"": 9371, ""4"": 11640, ""5"": 6135}",connected
56199,164,20000,0.11018250000000007,0.0066368637396954,-4.460359907047823,0.0,0.0,0,"{""0"": 9940, ""1"": 9553, ""2"": 9504, ""3"": 9382, ""4"": 11682, ""5"": 6138}",connected
56299,164,20000,0.10859916666666669,0.006866905961651355,-4.460359907047823,0.0,0.0,0,"{""0"": 9970, ""1"": 9577, ""2"": 9513, ""3"": 9399, ""4"": 11700, ""5"": 6140}",connected
56399,164,20000,0.10701583333333342,0.006105937126558274,-4.460359907047823,0.0,0.0,0,"{""0"": 9999, ""1"": 9595, ""2"": 9525, ""3"": 9415, ""4"": 11717, ""5"": 6148}",connected
56499,166,20000,0.10543250000000004,0.00637341545894742,-4.4720799070503565,0.0,0.0,0,"{""0"": 10008, ""1"": 9616, ""2"": 9540, ""3"": 9426, ""4"": 11758, ""5"": 6151}",connected
56599,166,20000,0.10384916666666666,0.006580985831096769,-4.4720799070503565,0.0,0.0,0,"{""0"": 10021, ""1"": 9627, ""2"": 9552, ""3"": 9430, ""4"": 11792, ""5"": 6177}",connected
56699,166,20000,0.10226583333333339,0.006027317063417286,-4.4720799070503565,0.0,0.0,0,"{""0"": 10050, ""1"": 9649, ""2"": 9573, ""3"": 9433, ""4"": 11809, ""5"": 6185}",connected
56799,166,20000,0.10068250000000001,0.006417228071950376,-4.4720799070503565,0.0,0.0,0,"{""0"": 10074, ""1"": 9671, ""2"": 9592, ""3"": 9456, ""4"": 11815, ""5"": 6191}",connected
56899,166,20000,0.09909916666666663,0.006064801004249602,-4.4720799070503565,0.0,0.0,0,"{""0"": 10095, ""1"": 9695, ""2"": 9614, ""3"": 9471, ""4"": 11831, ""5"": 6193}",connected
56999,166,20000,0.09751583333333347,0.005698286825791001,-4.4720799070503565,0.0,0.0,0,"{""0"": 10141, ""1"": 9709, ""2"": 9617, ""3"": 9483, ""4"": 11854, ""5"": 6195}",connected
57099,166,20000,0.09593250000000009,0.006152951449621469,-4.4720799070503565,0.0,0.0,0,"{""0"": 10166, ""1"": 9736, ""2"": 9629, ""3"": 9496, ""4"": 11873, ""5"": 6199}",connected
57199,168,20000,0.0943491666666667,0.006316145886667073,-4.646049903440289,0.0,0.0,0,"{""0"": 10179, ""1"": 9745, ""2"": 9654, ""3"": 9508, ""4"": 11907, ""5"": 6206}",connected
57299,168,20000,0.09276583333333344,0.00634126084158197,-4.646049903440289,0.0,0.0,0,"{""0"": 10194, ""1"": 9750, ""2"": 9679, ""3"": 9523, ""4"": 11932, ""5"": 6221}",connected
57399,168,20000,0.09118250000000006,0.006923054764047265,-4.646049903440289,0.0,0.0,0,"{""0"": 10211, ""1"": 9769, ""2"": 9686, ""3"": 9534, ""4"": 11946, ""5"": 6253}",connected
57499,168,20000,0.08959916666666667,0.006676808912307024,-4.646049903440289,0.0,0.0,0,"{""0"": 10235, ""1"": 9775, ""2"": 9693, ""3"": 9543, ""4"": 11958, ""5"": 6295}",connected
57599,168,20000,0.0880158333333334,0.006573710583616048,-4.646049903440289,0.0,0.0,0,"{""0"": 10245, ""1"": 9793, ""2"": 9732, ""3"": 9561, ""4"": 11969, ""5"": 6299}",connected
57699,168,20000,0.08643250000000002,0.0059823499293997886,-4.646049903440289,0.0,0.0,0,"{""0"": 10246, ""1"": 9807, ""2"": 9770, ""3"": 9571, ""4"": 12002, ""5"": 6303}",connected
57799,168,20000,0.08484916666666664,0.005964992486406117,-4.646049903440289,0.0,0.0,0,"{""0"": 10255, ""1"": 9809, ""2"": 9846, ""3"": 9572, ""4"": 12006, ""5"": 6311}",connected
57899,170,20000,0.08326583333333337,0.005642842301167548,-4.734619905631989,0.0,0.0,0,"{""0"": 10273, ""1"": 9833, ""2"": 9859, ""3"": 9576, ""4"": 12043, ""5"": 6315}",connected
57999,170,20000,0.08168249999999999,0.005439311119262129,-4.734619905631989,0.0,0.0,0,"{""0"": 10300, ""1"": 9841, ""2"": 9892, ""3"": 9580, ""4"": 12068, ""5"": 6318}",connected
58099,170,20000,0.08009916666666661,0.006029229662381112,-4.734619905631989,0.0,0.0,0,"{""0"": 10315, ""1"": 9853, ""2"": 9917, ""3"": 9584, ""4"": 12098, ""5"": 6332}",connected
58199,170,20000,0.07851583333333345,0.006040786663070321,-4.734619905631989,0.0,0.0,0,"{""0"": 10327, ""1"": 9868, ""2"": 9935, ""3"": 9591, ""4"": 12145, ""5"": 6333}",connected
58299,170,20000,0.07693250000000007,0.006136993151158094,-4.734619905631989,0.0,0.0,0,"{""0"": 10340, ""1"": 9893, ""2"": 9961, ""3"": 9604, ""4"": 12163, ""5"": 6338}",connected
58399,170,20000,0.07534916666666669,0.006437491909600794,-4.734619905631989,0.0,0.0,0,"{""0"": 10359, ""1"": 9930, ""2"": 9977, ""3"": 9624, ""4"": 12170, ""5"": 6339}",connected
58499,170,20000,0.07376583333333342,0.007159707960672676,-4.734619905631989,0.0,0.0,0,"{""0"": 10375, ""1"": 9949, ""2"": 9989, ""3"": 9640, ""4"": 12189, ""5"": 6357}",connected
58599,172,20000,0.07218250000000004,0.007276700136717409,-4.69535990497563,0.0,0.0,0,"{""0"": 10388, ""1"": 9970, ""2"": 9996, ""3"": 9649, ""4"": 12220, ""5"": 6376}",connected
58699,172,20000,0.07059916666666677,0.007769206264056265,-4.69535990497563,0.0,0.0,0,"{""0"": 10403, ""1"": 9987, ""2"": 10012, ""3"": 9654, ""4"": 12261, ""5"": 6382}",connected
58799,172,20000,0.06901583333333339,0.007795787095092237,-4.69535990497563,0.0,0.0,0,"{""0"": 10429, ""1"": 10016, ""2"": 10021, ""3"": 9679, ""4"": 12267, ""5"": 6387}",connected
58899,172,20000,0.0674325,0.007323328817728907,-4.69535990497563,0.0,0.0,0,"{""0"": 10442, ""1"": 10064, ""2"": 10031, ""3"": 9706, ""4"": 12269, ""5"": 6387}",connected
58999,172,20000,0.06584916666666674,0.007266895628999919,-4.69535990497563,0.0,0.0,0,"{""0"": 10451, ""1"": 10076, ""2"": 10037, ""3"": 9752, ""4"": 12277, ""5"": 6406}",connected
59099,172,20000,0.06426583333333336,0.007539413834456355,-4.69535990497563,0.0,0.0,0,"{""0"": 10479, ""1"": 10107, ""2"": 10051, ""3"": 9768, ""4"": 12283, ""5"": 6411}",connected
59199,172,20000,0.06268249999999997,0.0075901996903121475,-4.69535990497563,0.0,0.0,0,"{""0"": 10498, ""1"": 10126, ""2"": 10105, ""3"": 9771, ""4"": 12285, ""5"": 6414}",connected
59299,172,20000,0.061099166666666704,0.007430385760962963,-4.69535990497563,0.0,0.0,0,"{""0"": 10538, ""1"": 10140, ""2"": 10132, ""3"": 9782, ""4"": 12293, ""5"": 6414}",connected
59399,174,20000,0.059515833333333434,0.007666662051342428,-4.7080599067546425,0.0,0.0,0,"{""0"": 10563, ""1"": 10149, ""2"": 10145, ""3"": 9789, ""4"": 12318, ""5"": 6435}",connected
59499,174,20000,0.05793250000000005,0.007228450181428343,-4.7080599067546425,0.0,0.0,0,"{""0"": 10569, ""1"": 10168, ""2"": 10165, ""3"": 9809, ""4"": 12322, ""5"": 6466}",connected
59599,174,20000,0.05634916666666678,0.007324836237821728,-4.7080599067546425,0.0,0.0,0,"{""0"": 10589, ""1"": 10168, ""2"": 10216, ""3"": 9819, ""4"": 12338, ""5"": 6469}",connected
59699,174,20000,0.0547658333333334,0.007298956536687911,-4.7080599067546425,0.0,0.0,0,"{""0"": 10634, ""1"": 10168, ""2"": 10248, ""3"": 9827, ""4"": 12352, ""5"": 6470}",connected
59799,174,20000,0.05318250000000002,0.007121206719893962,-4.7080599067546425,0.0,0.0,0,"{""0"": 10677, ""1"": 10168, ""2"": 10274, ""3"": 9835, ""4"": 12373, ""5"": 6472}",connected
59899,174,20000,0.05159916666666675,0.007052956321276724,-4.7080599067546425,0.0,0.0,0,"{""0"": 10718, ""1"": 10175, ""2"": 10294, ""3"": 9844, ""4"": 12392, ""5"": 6476}",connected
59999,174,20000,0.05001583333333337,0.006917789806611836,-4.7080599067546425,0.0,0.0,0,"{""0"": 10728, ""1"": 10185, ""2"": 10310, ""3"": 9861, ""4"": 12413, ""5"": 6502}",connected
60099,176,20000,0.050000000000000044,0.006971383404452354,-4.709239909970202,0.0,0.0,0,"{""0"": 10743, ""1"": 10196, ""2"": 10328, ""3"": 9881, ""4"": 12445, ""5"": 6506}",connected
60199,176,20000,0.050000000000000044,0.007241590050980449,-4.709239909970202,0.0,0.0,0,"{""0"": 10783, ""1"": 10219, ""2"": 10334, ""3"": 9884, ""4"": 12462, ""5"": 6517}",connected
60299,176,20000,0.050000000000000044,0.007576297880150378,-4.709239909970202,0.0,0.0,0,"{""0"": 10816, ""1"": 10242, ""2"": 10339, ""3"": 9904, ""4"": 12474, ""5"": 6524}",connected
60399,176,20000,0.050000000000000044,0.007371119507588446,-4.709239909970202,0.0,0.0,0,"{""0"": 10837, ""1"": 10268, ""2"": 10345, ""3"": 9921, ""4"": 12501, ""5"": 6527}",connected
60499,176,20000,0.050000000000000044,0.008382538871373982,-4.709239909970202,0.0,0.0,0,"{""0"": 10845, ""1"": 10285, ""2"": 10357, ""3"": 9941, ""4"": 12532, ""5"": 6539}",connected
60599,178,20000,0.050000000000000044,0.008274719279725104,-4.553039908530191,0.0,0.0,0,"{""0"": 10863, ""1"": 10299, ""2"": 10380, ""3"": 9953, ""4"": 12564, ""5"": 6540}",connected
60699,178,20000,0.050000000000000044,0.008466890971176326,-4.553039908530191,0.0,0.0,0,"{""0"": 10888, ""1"": 10314, ""2"": 10387, ""3"": 9969, ""4"": 12588, ""5"": 6553}",connected
60799,178,20000,0.050000000000000044,0.00898930243216455,-4.553039908530191,0.0,0.0,0,"{""0"": 10900, ""1"": 10331, ""2"": 10419, ""3"": 9991, ""4"": 12598, ""5"": 6560}",connected
60899,178,20000,0.050000000000000044,0.008165793870575725,-4.553039908530191,0.0,0.0,0,"{""0"": 10916, ""1"": 10372, ""2"": 10426, ""3"": 10008, ""4"": 12609, ""5"": 6568}",connected
60999,178,20000,0.050000000000000044,0.008488107593730093,-4.553039908530191,0.0,0.0,0,"{""0"": 10949, ""1"": 10383, ""2"": 10444, ""3"": 10021, ""4"": 12631, ""5"": 6571}",connected
61099,178,20000,0.050000000000000044,0.008733777285087854,-4.553039908530191,0.0,0.0,0,"{""0"": 10957, ""1"": 10396, ""2"": 10460, ""3"": 10033, ""4"": 12681, ""5"": 6572}",connected
61199,178,20000,0.050000000000000044,0.009132043863646687,-4.553039908530191,0.0,0.0,0,"{""0"": 10967, ""1"": 10412, ""2"": 10474, ""3"": 10044, ""4"": 12724, ""5"": 6578}",connected
61299,180,20000,0.050000000000000044,0.008798304765950888,-4.612949909586459,0.0,0.0,0,"{""0"": 10981, ""1"": 10440, ""2"": 10488, ""3"": 10047, ""4"": 12763, ""5"": 6580}",connected
61399,180,20000,0.050000000000000044,0.008967113450635224,-4.612949909586459,0.0,0.0,0,"{""0"": 10996, ""1"": 10450, ""2"": 10521, ""3"": 10068, ""4"": 12781, ""5"": 6583}",connected
61499,182,20000,0.050000000000000044,0.008666883585974575,-4.438439913056791,0.0,0.0,0,"{""0"": 11010, ""1"": 10497, ""2"": 10530, ""3"": 10071, ""4"": 12800, ""5"": 6591}",connected
61599,182,20000,0.050000000000000044,0.00827208433765918,-4.438439913056791,0.0,0.0,0,"{""0"": 11025, ""1"": 10519, ""2"": 10539, ""3"": 10082, ""4"": 12812, ""5"": 6622}",connected
61699,182,20000,0.050000000000000044,0.008734961808659136,-4.438439913056791,0.0,0.0,0,"{""0"": 11038, ""1"": 10533, ""2"": 10552, ""3"": 10103, ""4"": 12840, ""5"": 6633}",connected
61799,182,20000,0.050000000000000044,0.008018880372401328,-4.438439913056791,0.0,0.0,0,"{""0"": 11042, ""1"": 10548, ""2"": 10571, ""3"": 10122, ""4"": 12876, ""5"": 6640}",connected
61899,182,20000,0.050000000000000044,0.007964212589431554,-4.438439913056791,0.0,0.0,0,"{""0"": 11057, ""1"": 10575, ""2"": 10598, ""3"": 10137, ""4"": 12889, ""5"": 6643}",connected
61999,182,20000,0.050000000000000044,0.00734405746916309,-4.438439913056791,0.0,0.0,0,"{""0"": 11078, ""1"": 10609, ""2"": 10617, ""3"": 10152, ""4"": 12899, ""5"": 6644}",connected
62099,182,20000,0.050000000000000044,0.007386836360674351,-4.438439913056791,0.0,0.0,0,"{""0"": 11093, ""1"": 10635, ""2"": 10629, ""3"": 10177, ""4"": 12920, ""5"": 6645}",connected
62199,184,20000,0.050000000000000044,0.008155716992914676,-4.435339914606884,0.0,0.0,0,"{""0"": 11108, ""1"": 10653, ""2"": 10639, ""3"": 10180, ""4"": 12974, ""5"": 6645}",connected
62299,184,20000,0.050000000000000044,0.008123933644965291,-4.435339914606884,0.0,0.0,0,"{""0"": 11121, ""1"": 10671, ""2"": 10642, ""3"": 10213, ""4"": 13000, ""5"": 6652}",connected
62399,186,20000,0.050000000000000044,0.00982537368312478,-4.3194099141284825,0.0,0.0,0,"{""0"": 11133, ""1"": 10682, ""2"": 10657, ""3"": 10233, ""4"": 13034, ""5"": 6660}",connected
62499,186,20000,0.050000000000000044,0.010057617474813015,-4.3194099141284825,0.0,0.0,0,"{""0"": 11143, ""1"": 10696, ""2"": 10672, ""3"": 10243, ""4"": 13084, ""5"": 6661}",connected
62599,186,20000,0.050000000000000044,0.009552544304169715,-4.3194099141284825,0.0,0.0,0,"{""0"": 11181, ""1"": 10720, ""2"": 10684, ""3"": 10250, ""4"": 13097, ""5"": 6667}",connected
62699,186,20000,0.050000000000000044,0.009971688922960312,-4.3194099141284825,0.0,0.0,0,"{""0"": 11196, ""1"": 10742, ""2"": 10704, ""3"": 10274, ""4"": 13110, ""5"": 6673}",connected
62799,186,20000,0.050000000000000044,0.008502734324429185,-4.3194099141284825,0.0,0.0,0,"{""0"": 11200, ""1"": 10754, ""2"": 10715, ""3"": 10306, ""4"": 13124, ""5"": 6700}",connected
62899,186,20000,0.050000000000000044,0.008099592023063451,-4.3194099141284825,0.0,0.0,0,"{""0"": 11212, ""1"": 10787, ""2"": 10720, ""3"": 10332, ""4"": 13137, ""5"": 6711}",connected
62999,186,20000,0.050000000000000044,0.008391464040614664,-4.3194099141284825,0.0,0.0,0,"{""0"": 11236, ""1"": 10808, ""2"": 10727, ""3"": 10343, ""4"": 13170, ""5"": 6715}",connected
63099,188,20000,0.050000000000000044,0.008086486493702978,-4.463619910958223,0.0,0.0,0,"{""0"": 11254, ""1"": 10824, ""2"": 10753, ""3"": 10357, ""4"": 13185, ""5"": 6726}",connected
63199,188,20000,0.050000000000000044,0.008635434580501169,-4.463619910958223,0.0,0.0,0,"{""0"": 11263, ""1"": 10856, ""2"": 10761, ""3"": 10376, ""4"": 13213, ""5"": 6730}",connected
63299,188,20000,0.050000000000000044,0.008900670497678221,-4.463619910958223,0.0,0.0,0,"{""0"": 11275, ""1"": 10874, ""2"": 10790, ""3"": 10384, ""4"": 13241, ""5"": 6735}",connected
63399,188,20000,0.050000000000000044,0.009332705736160279,-4.463619910958223,0.0,0.0,0,"{""0"": 11296, ""1"": 10879, ""2"": 10828, ""3"": 10398, ""4"": 13261, ""5"": 6737}",connected
63499,188,20000,0.050000000000000044,0.009470498755108565,-4.463619910958223,0.0,0.0,0,"{""0"": 11317, ""1"": 10891, ""2"": 10855, ""3"": 10414, ""4"": 13283, ""5"": 6739}",connected
63599,188,20000,0.050000000000000044,0.009751722163055093,-4.463619910958223,0.0,0.0,0,"{""0"": 11337, ""1"": 10920, ""2"": 10876, ""3"": 10419, ""4"": 13296, ""5"": 6751}",connected
63699,188,20000,0.050000000000000044,0.010043136908207089,-4.463619910958223,0.0,0.0,0,"{""0"": 11365, ""1"": 10937, ""2"": 10898, ""3"": 10425, ""4"": 13300, ""5"": 6774}",connected
63799,188,20000,0.050000000000000044,0.010264580538496375,-4.463619910958223,0.0,0.0,0,"{""0"": 11409, ""1"": 10940, ""2"": 10916, ""3"": 10432, ""4"": 13303, ""5"": 6799}",connected
63899,190,20000,0.050000000000000044,0.010129702233243734,-4.423959914464503,0.0,0.0,0,"{""0"": 11426, ""1"": 10963, ""2"": 10934, ""3"": 10442, ""4"": 13322, ""5"": 6812}",connected
63999,190,20000,0.050000000000000044,0.010009656148031353,-4.423959914464503,0.0,0.0,0,"{""0"": 11465, ""1"": 10972, ""2"": 10941, ""3"": 10459, ""4"": 13332, ""5"": 6830}",connected
64099,190,20000,0.050000000000000044,0.009833499444648624,-4.423959914464503,0.0,0.0,0,"{""0"": 11487, ""1"": 10993, ""2"": 10962, ""3"": 10465, ""4"": 13358, ""5"": 6834}",connected
64199,190,20000,0.050000000000000044,0.009794110290240497,-4.423959914464503,0.0,0.0,0,"{""0"": 11495, ""1"": 10998, ""2"": 11002, ""3"": 10483, ""4"": 13380, ""5"": 6841}",connected
64299,190,20000,0.050000000000000044,0.01008161032339558,-4.423959914464503,0.0,0.0,0,"{""0"": 11508, ""1"": 11016, ""2"": 11014, ""3"": 10509, ""4"": 13397, ""5"": 6855}",connected
64399,190,20000,0.050000000000000044,0.00961111277807504,-4.423959914464503,0.0,0.0,0,"{""0"": 11529, ""1"": 11026, ""2"": 11045, ""3"": 10534, ""4"": 13405, ""5"": 6860}",connected
64499,190,20000,0.050000000000000044,0.00955757539253682,-4.423959914464503,0.0,0.0,0,"{""0"": 11547, ""1"": 11046, ""2"": 11054, ""3"": 10544, ""4"": 13425, ""5"": 6883}",connected
64599,192,20000,0.050000000000000044,0.009929435702506453,-4.4905899145035075,0.0,0.0,0,"{""0"": 11553, ""1"": 11067, ""2"": 11063, ""3"": 10546, ""4"": 13470, ""5"": 6900}",connected
64699,192,20000,0.050000000000000044,0.010135387417394668,-4.4905899145035075,0.0,0.0,0,"{""0"": 11555, ""1"": 11099, ""2"": 11067, ""3"": 10556, ""4"": 13513, ""5"": 6909}",connected
64799,192,20000,0.050000000000000044,0.010136972970794886,-4.4905899145035075,0.0,0.0,0,"{""0"": 11558, ""1"": 11130, ""2"": 11072, ""3"": 10566, ""4"": 13558, ""5"": 6915}",connected
64899,192,20000,0.050000000000000044,0.010744833012577146,-4.4905899145035075,0.0,0.0,0,"{""0"": 11571, ""1"": 11146, ""2"": 11085, ""3"": 10587, ""4"": 13578, ""5"": 6932}",connected
64999,194,20000,0.050000000000000044,0.01050290745915845,-4.363949915659614,0.0,0.0,0,"{""0"": 11575, ""1"": 11154, ""2"": 11107, ""3"": 10588, ""4"": 13638, ""5"": 6937}",connected
65099,194,20000,0.050000000000000044,0.011334369701799005,-4.363949915659614,0.0,0.0,0,"{""0"": 11586, ""1"": 11163, ""2"": 11127, ""3"": 10594, ""4"": 13673, ""5"": 6956}",connected
65199,194,20000,0.050000000000000044,0.010936649369541555,-4.363949915659614,0.0,0.0,0,"{""0"": 11598, ""1"": 11185, ""2"": 11149, ""3"": 10613, ""4"": 13696, ""5"": 6958}",connected
65299,194,20000,0.050000000000000044,0.010808090723585337,-4.363949915659614,0.0,0.0,0,"{""0"": 11601, ""1"": 11208, ""2"": 11172, ""3"": 10626, ""4"": 13723, ""5"": 6969}",connected
65399,194,20000,0.050000000000000044,0.010249081666115671,-4.363949915659614,0.0,0.0,0,"{""0"": 11616, ""1"": 11233, ""2"": 11189, ""3"": 10632, ""4"": 13753, ""5"": 6976}",connected
65499,196,20000,0.050000000000000044,0.00927304507466033,-4.240569915194064,0.0,0.0,0,"{""0"": 11641, ""1"": 11241, ""2"": 11200, ""3"": 10647, ""4"": 13785, ""5"": 6985}",connected
65599,196,20000,0.050000000000000044,0.009528490814846009,-4.240569915194064,0.0,0.0,0,"{""0"": 11659, ""1"": 11263, ""2"": 11214, ""3"": 10660, ""4"": 13813, ""5"": 6990}",connected
65699,196,20000,0.050000000000000044,0.009626278085634113,-4.240569915194064,0.0,0.0,0,"{""0"": 11661, ""1"": 11281, ""2"": 11246, ""3"": 10672, ""4"": 13825, ""5"": 7014}",connected
65799,196,20000,0.050000000000000044,0.009961542852688582,-4.240569915194064,0.0,0.0,0,"{""0"": 11671, ""1"": 11305, ""2"": 11262, ""3"": 10695, ""4"": 13849, ""5"": 7017}",connected
65899,196,20000,0.050000000000000044,0.010007566569838674,-4.240569915194064,0.0,0.0,0,"{""0"": 11682, ""1"": 11330, ""2"": 11286, ""3"": 10697, ""4"": 13875, ""5"": 7029}",connected
65999,196,20000,0.050000000000000044,0.01026673347922042,-4.240569915194064,0.0,0.0,0,"{""0"": 11699, ""1"": 11356, ""2"": 11306, ""3"": 10712, ""4"": 13891, ""5"": 7035}",connected
66099,196,20000,0.050000000000000044,0.01004448720254004,-4.240569915194064,0.0,0.0,0,"{""0"": 11718, ""1"": 11373, ""2"": 11319, ""3"": 10726, ""4"": 13912, ""5"": 7051}",connected
66199,198,20000,0.050000000000000044,0.009835674362257123,-4.218589914552868,0.0,0.0,0,"{""0"": 11738, ""1"": 11375, ""2"": 11329, ""3"": 10743, ""4"": 13943, ""5"": 7071}",connected
66299,198,20000,0.050000000000000044,0.009652334349229932,-4.218589914552868,0.0,0.0,0,"{""0"": 11746, ""1"": 11412, ""2"": 11338, ""3"": 10767, ""4"": 13952, ""5"": 7084}",connected
66399,198,20000,0.050000000000000044,0.009809812726452947,-4.218589914552868,0.0,0.0,0,"{""0"": 11772, ""1"": 11437, ""2"": 11357, ""3"": 10774, ""4"": 13968, ""5"": 7091}",connected
66499,198,20000,0.050000000000000044,0.009134696503169835,-4.218589914552868,0.0,0.0,0,"{""0"": 11778, ""1"": 11445, ""2"": 11388, ""3"": 10792, ""4"": 13998, ""5"": 7098}",connected
66599,200,20000,0.050000000000000044,0.009649539594538509,-4.095359914447181,0.0,0.0,0,"{""0"": 11782, ""1"": 11454, ""2"": 11420, ""3"": 10825, ""4"": 14009, ""5"": 7109}",connected
66699,200,20000,0.050000000000000044,0.010153475096449255,-4.095359914447181,0.0,0.0,0,"{""0"": 11794, ""1"": 11462, ""2"": 11444, ""3"": 10841, ""4"": 14041, ""5"": 7117}",connected
66799,200,20000,0.050000000000000044,0.01066552560776472,-4.095359914447181,0.0,0.0,0,"{""0"": 11811, ""1"": 11464, ""2"": 11461, ""3"": 10864, ""4"": 14059, ""5"": 7140}",connected
66899,200,20000,0.050000000000000044,0.010906396075151861,-4.095359914447181,0.0,0.0,0,"{""0"": 11841, ""1"": 11465, ""2"": 11463, ""3"": 10879, ""4"": 14080, ""5"": 7171}",connected
66999,200,20000,0.050000000000000044,0.009691861916799098,-4.095359914447181,0.0,0.0,0,"{""0"": 11874, ""1"": 11474, ""2"": 11478, ""3"": 10889, ""4"": 14092, ""5"": 7192}",connected
67099,200,20000,0.050000000000000044,0.00923110259929672,-4.095359914447181,0.0,0.0,0,"{""0"": 11894, ""1"": 11476, ""2"": 11502, ""3"": 10919, ""4"": 14111, ""5"": 7197}",connected
67199,202,20000,0.050000000000000044,0.009045394922140985,-4.0310699175996705,0.0,0.0,0,"{""0"": 11915, ""1"": 11492, ""2"": 11517, ""3"": 10923, ""4"": 14134, ""5"": 7218}",connected
67299,202,20000,0.050000000000000044,0.009328001365065574,-4.0310699175996705,0.0,0.0,0,"{""0"": 11942, ""1"": 11523, ""2"": 11528, ""3"": 10938, ""4"": 14146, ""5"": 7222}",connected
67399,202,20000,0.050000000000000044,0.01000271232565865,-4.0310699175996705,0.0,0.0,0,"{""0"": 11946, ""1"": 11545, ""2"": 11567, ""3"": 10948, ""4"": 14171, ""5"": 7222}",connected
67499,202,20000,0.050000000000000044,0.010205005833413452,-4.0310699175996705,0.0,0.0,0,"{""0"": 11953, ""1"": 11566, ""2"": 11595, ""3"": 10963, ""4"": 14194, ""5"": 7228}",connected
67599,204,20000,0.050000000000000044,0.01030377967050299,-3.8078599155601114,0.0,0.0,0,"{""0"": 11979, ""1"": 11570, ""2"": 11625, ""3"": 10966, ""4"": 14230, ""5"": 7229}",connected
67699,204,20000,0.050000000000000044,0.01074617204722017,-3.8078599155601114,0.0,0.0,0,"{""0"": 12003, ""1"": 11578, ""2"": 11656, ""3"": 10983, ""4"": 14245, ""5"": 7234}",connected
67799,204,20000,0.050000000000000044,0.011239442653022706,-3.8078599155601114,0.0,0.0,0,"{""0"": 12017, ""1"": 11587, ""2"": 11671, ""3"": 10992, ""4"": 14253, ""5"": 7279}",connected
67899,204,20000,0.050000000000000044,0.010889451263938098,-3.8078599155601114,0.0,0.0,0,"{""0"": 12045, ""1"": 11593, ""2"": 11687, ""3"": 11015, ""4"": 14271, ""5"": 7288}",connected
67999,206,20000,0.050000000000000044,0.010940756511408835,-3.732819918808527,0.0,0.0,0,"{""0"": 12054, ""1"": 11598, ""2"": 11718, ""3"": 11022, ""4"": 14296, ""5"": 7311}",connected
68099,206,20000,0.050000000000000044,0.010474030284676701,-3.732819918808527,0.0,0.0,0,"{""0"": 12066, ""1"": 11604, ""2"": 11735, ""3"": 11050, ""4"": 14325, ""5"": 7319}",connected
68199,206,20000,0.050000000000000044,0.009913996928371489,-3.732819918808527,0.0,0.0,0,"{""0"": 12099, ""1"": 11632, ""2"": 11747, ""3"": 11055, ""4"": 14329, ""5"": 7337}",connected
68299,206,20000,0.050000000000000044,0.010231796721927821,-3.732819918808527,0.0,0.0,0,"{""0"": 12134, ""1"": 11669, ""2"": 11749, ""3"": 11069, ""4"": 14336, ""5"": 7342}",connected
68399,206,20000,0.050000000000000044,0.010117233879864216,-3.732819918808527,0.0,0.0,0,"{""0"": 12135, ""1"": 11672, ""2"": 11779, ""3"": 11079, ""4"": 14362, ""5"": 7372}",connected
68499,208,20000,0.050000000000000044,0.010670118504203857,-3.584849918168038,0.0,0.0,0,"{""0"": 12140, ""1"": 11691, ""2"": 11802, ""3"": 11080, ""4"": 14403, ""5"": 7383}",connected
68599,208,20000,0.050000000000000044,0.010822277644183486,-3.584849918168038,0.0,0.0,0,"{""0"": 12154, ""1"": 11713, ""2"": 11829, ""3"": 11098, ""4"": 14414, ""5"": 7391}",connected
68699,208,20000,0.050000000000000044,0.011371665452606976,-3.584849918168038,0.0,0.0,0,"{""0"": 12160, ""1"": 11722, ""2"": 11856, ""3"": 11121, ""4"": 14433, ""5"": 7407}",connected
68799,208,20000,0.050000000000000044,0.011710094306617975,-3.584849918168038,0.0,0.0,0,"{""0"": 12169, ""1"": 11747, ""2"": 11862, ""3"": 11136, ""4"": 14453, ""5"": 7432}",connected
68899,208,20000,0.050000000000000044,0.01235059717670083,-3.584849918168038,0.0,0.0,0,"{""0"": 12180, ""1"": 11763, ""2"": 11868, ""3"": 11154, ""4"": 14488, ""5"": 7446}",connected
68999,208,20000,0.050000000000000044,0.01305226467549801,-3.584849918168038,0.0,0.0,0,"{""0"": 12201, ""1"": 11791, ""2"": 11887, ""3"": 11171, ""4"": 14500, ""5"": 7449}",connected
69099,208,20000,0.050000000000000044,0.012762399162165821,-3.584849918168038,0.0,0.0,0,"{""0"": 12220, ""1"": 11839, ""2"": 11894, ""3"": 11175, ""4"": 14521, ""5"": 7450}",connected
69199,210,20000,0.050000000000000044,0.012280044979415834,-3.686199915674515,0.0,0.0,0,"{""0"": 12250, ""1"": 11853, ""2"": 11910, ""3"": 11177, ""4"": 14552, ""5"": 7457}",connected
69299,210,20000,0.050000000000000044,0.011609446317888796,-3.686199915674515,0.0,0.0,0,"{""0"": 12259, ""1"": 11867, ""2"": 11933, ""3"": 11184, ""4"": 14559, ""5"": 7497}",connected
69399,210,20000,0.050000000000000044,0.011294031799770891,-3.686199915674515,0.0,0.0,0,"{""0"": 12275, ""1"": 11871, ""2"": 11948, ""3"": 11200, ""4"": 14580, ""5"": 7525}",connected
69499,210,20000,0.050000000000000044,0.011688243383541703,-3.686199915674515,0.0,0.0,0,"{""0"": 12304, ""1"": 11881, ""2"": 11959, ""3"": 11228, ""4"": 14587, ""5"": 7540}",connected
69599,210,20000,0.050000000000000044,0.011631972123868763,-3.686199915674515,0.0,0.0,0,"{""0"": 12326, ""1"": 11899, ""2"": 11986, ""3"": 11241, ""4"": 14595, ""5"": 7552}",connected
69699,210,20000,0.050000000000000044,0.0119215238513425,-3.686199915674515,0.0,0.0,0,"{""0"": 12336, ""1"": 11916, ""2"": 11998, ""3"": 11258, ""4"": 14631, ""5"": 7560}",connected
69799,210,20000,0.050000000000000044,0.012281756508164108,-3.686199915674515,0.0,0.0,0,"{""0"": 12344, ""1"": 11936, ""2"": 12029, ""3"": 11277, ""4"": 14648, ""5"": 7565}",connected
69899,212,20000,0.050000000000000044,0.011756990374997257,-3.6379899179143833,0.0,0.0,0,"{""0"": 12356, ""1"": 11948, ""2"": 12049, ""3"": 11282, ""4"": 14675, ""5"": 7589}",connected
69999,212,20000,0.050000000000000044,0.012176309218630195,-3.6379899179143833,0.0,0.0,0,"{""0"": 12395, ""1"": 11970, ""2"": 12053, ""3"": 11282, ""4"": 14693, ""5"": 7606}",connected
70099,212,20000,0.050000000000000044,0.011808661296963691,-3.6379899179143833,0.0,0.0,0,"{""0"": 12409, ""1"": 11985, ""2"": 12085, ""3"": 11288, ""4"": 14708, ""5"": 7624}",connected
70199,212,20000,0.050000000000000044,0.011725372062064707,-3.6379899179143833,0.0,0.0,0,"{""0"": 12418, ""1"": 12025, ""2"": 12101, ""3"": 11297, ""4"": 14716, ""5"": 7642}",connected
70299,212,20000,0.050000000000000044,0.012250016052275896,-3.6379899179143833,0.0,0.0,0,"{""0"": 12425, ""1"": 12052, ""2"": 12142, ""3"": 11313, ""4"": 14721, ""5"": 7646}",connected
70399,212,20000,0.050000000000000044,0.01229059926699847,-3.6379899179143833,0.0,0.0,0,"{""0"": 12445, ""1"": 12056, ""2"": 12158, ""3"": 11348, ""4"": 14743, ""5"": 7649}",connected
70499,212,20000,0.050000000000000044,0.011854075682349504,-3.6379899179143833,0.0,0.0,0,"{""0"": 12463, ""1"": 12060, ""2"": 12191, ""3"": 11359, ""4"": 14777, ""5"": 7649}",connected
70599,214,20000,0.050000000000000044,0.011830516410991549,-3.5693199150264263,0.0,0.0,0,"{""0"": 12478, ""1"": 12076, ""2"": 12208, ""3"": 11364, ""4"": 14814, ""5"": 7659}",connected
70699,214,20000,0.050000000000000044,0.0116079097148031,-3.5693199150264263,0.0,0.0,0,"{""0"": 12504, ""1"": 12107, ""2"": 12214, ""3"": 11374, ""4"": 14834, ""5"": 7666}",connected
70799,214,20000,0.050000000000000044,0.011191539447754622,-3.5693199150264263,0.0,0.0,0,"{""0"": 12518, ""1"": 12134, ""2"": 12229, ""3"": 11387, ""4"": 14858, ""5"": 7673}",connected
70899,216,20000,0.050000000000000044,0.011837707366794348,-3.362339916676283,0.0,0.0,0,"{""0"": 12536, ""1"": 12136, ""2"": 12262, ""3"": 11410, ""4"": 14881, ""5"": 7674}",connected
70999,216,20000,0.050000000000000044,0.011934395115822553,-3.362339916676283,0.0,0.0,0,"{""0"": 12543, ""1"": 12157, ""2"": 12276, ""3"": 11421, ""4"": 14905, ""5"": 7697}",connected
71099,216,20000,0.050000000000000044,0.012429039692506194,-3.362339916676283,0.0,0.0,0,"{""0"": 12565, ""1"": 12168, ""2"": 12304, ""3"": 11436, ""4"": 14912, ""5"": 7714}",connected
71199,216,20000,0.050000000000000044,0.013016599221155048,-3.362339916676283,0.0,0.0,0,"{""0"": 12584, ""1"": 12177, ""2"": 12357, ""3"": 11440, ""4"": 14922, ""5"": 7719}",connected
71299,218,20000,0.050000000000000044,0.012615704638883472,-3.2068499179231003,0.0,0.0,0,"{""0"": 12590, ""1"": 12184, ""2"": 12382, ""3"": 11442, ""4"": 14979, ""5"": 7722}",connected
71399,218,20000,0.050000000000000044,0.012107402686960995,-3.2068499179231003,0.0,0.0,0,"{""0"": 12622, ""1"": 12187, ""2"": 12391, ""3"": 11456, ""4"": 14999, ""5"": 7744}",connected
71499,218,20000,0.050000000000000044,0.011172693599946796,-3.2068499179231003,0.0,0.0,0,"{""0"": 12627, ""1"": 12195, ""2"": 12419, ""3"": 11501, ""4"": 15012, ""5"": 7745}",connected
71599,218,20000,0.050000000000000044,0.010629958482459187,-3.2068499179231003,0.0,0.0,0,"{""0"": 12640, ""1"": 12223, ""2"": 12419, ""3"": 11522, ""4"": 15047, ""5"": 7748}",connected
71699,218,20000,0.050000000000000044,0.010305961789563299,-3.2068499179231003,0.0,0.0,0,"{""0"": 12652, ""1"": 12256, ""2"": 12419, ""3"": 11530, ""4"": 15085, ""5"": 7757}",connected
71799,218,20000,0.050000000000000044,0.010379182607866824,-3.2068499179231003,0.0,0.0,0,"{""0"": 12674, ""1"": 12273, ""2"": 12424, ""3"": 11539, ""4"": 15119, ""5"": 7770}",connected
71899,220,20000,0.050000000000000044,0.01078737669158727,-3.087149916444905,0.0,0.0,0,"{""0"": 12681, ""1"": 12277, ""2"": 12467, ""3"": 11543, ""4"": 15157, ""5"": 7774}",connected
71999,220,20000,0.050000000000000044,0.011276168753392995,-3.087149916444905,0.0,0.0,0,"{""0"": 12699, ""1"": 12285, ""2"": 12496, ""3"": 11550, ""4"": 15177, ""5"": 7792}",connected
72099,220,20000,0.050000000000000044,0.012190551492385565,-3.087149916444905,0.0,0.0,0,"{""0"": 12706, ""1"": 12295, ""2"": 12532, ""3"": 11553, ""4"": 15206, ""5"": 7807}",connected
72199,220,20000,0.050000000000000044,0.012291394365020096,-3.087149916444905,0.0,0.0,0,"{""0"": 12741, ""1"": 12307, ""2"": 12549, ""3"": 11556, ""4"": 15229, ""5"": 7817}",connected
72299,220,20000,0.050000000000000044,0.012596604065038264,-3.087149916444905,0.0,0.0,0,"{""0"": 12770, ""1"": 12320, ""2"": 12571, ""3"": 11564, ""4"": 15255, ""5"": 7819}",connected
72399,220,20000,0.050000000000000044,0.012202982744202017,-3.087149916444905,0.0,0.0,0,"{""0"": 12800, ""1"": 12331, ""2"": 12593, ""3"": 11573, ""4"": 15274, ""5"": 7828}",connected
72499,220,20000,0.050000000000000044,0.011791706015355886,-3.087149916444905,0.0,0.0,0,"{""0"": 12825, ""1"": 12342, ""2"": 12630, ""3"": 11577, ""4"": 15295, ""5"": 7830}",connected
72599,220,20000,0.050000000000000044,0.011584217771887778,-3.087149916444905,0.0,0.0,0,"{""0"": 12862, ""1"": 12355, ""2"": 12646, ""3"": 11587, ""4"": 15313, ""5"": 7836}",connected
72699,222,20000,0.050000000000000044,0.011839739615097641,-3.037439915211871,0.0,0.0,0,"{""0"": 12865, ""1"": 12371, ""2"": 12666, ""3"": 11599, ""4"": 15348, ""5"": 7850}",connected
72799,222,20000,0.050000000000000044,0.012791304416023195,-3.037439915211871,0.0,0.0,0,"{""0"": 12922, ""1"": 12372, ""2"": 12694, ""3"": 11600, ""4"": 15355, ""5"": 7856}",connected
72899,222,20000,0.050000000000000044,0.011961803697049618,-3.037439915211871,0.0,0.0,0,"{""0"": 12936, ""1"": 12385, ""2"": 12717, ""3"": 11615, ""4"": 15377, ""5"": 7869}",connected
72999,222,20000,0.050000000000000044,0.011924244090914726,-3.037439915211871,0.0,0.0,0,"{""0"": 12941, ""1"": 12386, ""2"": 12722, ""3"": 11616, ""4"": 15388, ""5"": 7946}",connected
73099,222,20000,0.050000000000000044,0.012031181193888187,-3.037439915211871,0.0,0.0,0,"{""0"": 12963, ""1"": 12403, ""2"": 12738, ""3"": 11634, ""4"": 15399, ""5"": 7962}",connected
73199,224,20000,0.050000000000000044,0.011947840345092118,-3.017929913587868,0.0,0.0,0,"{""0"": 12973, ""1"": 12414, ""2"": 12767, ""3"": 11638, ""4"": 15432, ""5"": 7975}",connected
73299,224,20000,0.050000000000000044,0.013279570932500064,-3.017929913587868,0.0,0.0,0,"{""0"": 12982, ""1"": 12433, ""2"": 12777, ""3"": 11659, ""4"": 15458, ""5"": 7990}",connected
73399,224,20000,0.050000000000000044,0.013341504093259572,-3.017929913587868,0.0,0.0,0,"{""0"": 13001, ""1"": 12438, ""2"": 12801, ""3"": 11670, ""4"": 15496, ""5"": 7993}",connected
73499,224,20000,0.050000000000000044,0.012652260926552117,-3.017929913587868,0.0,0.0,0,"{""0"": 13052, ""1"": 12439, ""2"": 12819, ""3"": 11677, ""4"": 15515, ""5"": 7997}",connected
73599,224,20000,0.050000000000000044,0.012726227780804037,-3.017929913587868,0.0,0.0,0,"{""0"": 13070, ""1"": 12443, ""2"": 12846, ""3"": 11691, ""4"": 15539, ""5"": 8010}",connected
73699,224,20000,0.050000000000000044,0.012734461966902018,-3.017929913587868,0.0,0.0,0,"{""0"": 13078, ""1"": 12462, ""2"": 12859, ""3"": 11738, ""4"": 15548, ""5"": 8014}",connected
73799,226,20000,0.050000000000000044,0.013881943528540433,-2.864169915681705,0.0,0.0,0,"{""0"": 13090, ""1"": 12471, ""2"": 12878, ""3"": 11745, ""4"": 15581, ""5"": 8034}",connected
73899,226,20000,0.050000000000000044,0.01382504019420594,-2.864169915681705,0.0,0.0,0,"{""0"": 13090, ""1"": 12473, ""2"": 12903, ""3"": 11747, ""4"": 15598, ""5"": 8088}",connected
73999,226,20000,0.050000000000000044,0.014274724456481636,-2.864169915681705,0.0,0.0,0,"{""0"": 13090, ""1"": 12473, ""2"": 12953, ""3"": 11747, ""4"": 15603, ""5"": 8133}",connected
74099,226,20000,0.050000000000000044,0.01464149952866137,-2.864169915681705,0.0,0.0,0,"{""0"": 13093, ""1"": 12488, ""2"": 12985, ""3"": 11754, ""4"": 15610, ""5"": 8169}",connected
74199,226,20000,0.050000000000000044,0.014753363993950188,-2.864169915681705,0.0,0.0,0,"{""0"": 13095, ""1"": 12492, ""2"": 13026, ""3"": 11790, ""4"": 15623, ""5"": 8173}",connected
74299,226,20000,0.050000000000000044,0.015927181327715517,-2.864169915681705,0.0,0.0,0,"{""0"": 13097, ""1"": 12498, ""2"": 13072, ""3"": 11811, ""4"": 15646, ""5"": 8175}",connected
74399,226,20000,0.050000000000000044,0.015276010315865278,-2.864169915681705,0.0,0.0,0,"{""0"": 13098, ""1"": 12505, ""2"": 13114, ""3"": 11835, ""4"": 15670, ""5"": 8177}",connected
74499,228,20000,0.050000000000000044,0.014619206362403929,-2.9038399158651007,0.0,0.0,0,"{""0"": 13105, ""1"": 12526, ""2"": 13143, ""3"": 11844, ""4"": 15698, ""5"": 8183}",connected
74599,228,20000,0.050000000000000044,0.013238853896036745,-2.9038399158651007,0.0,0.0,0,"{""0"": 13130, ""1"": 12549, ""2"": 13156, ""3"": 11862, ""4"": 15709, ""5"": 8193}",connected
74699,230,20000,0.050000000000000044,0.012504975562915206,-2.721499918443151,0.0,0.0,0,"{""0"": 13142, ""1"": 12554, ""2"": 13190, ""3"": 11873, ""4"": 15743, ""5"": 8197}",connected
74799,230,20000,0.050000000000000044,0.012311439784243703,-2.721499918443151,0.0,0.0,0,"{""0"": 13150, ""1"": 12571, ""2"": 13209, ""3"": 11888, ""4"": 15772, ""5"": 8209}",connected
74899,230,20000,0.050000000000000044,0.012278442406095564,-2.721499918443151,0.0,0.0,0,"{""0"": 13175, ""1"": 12579, ""2"": 13232, ""3"": 11900, ""4"": 15792, ""5"": 8221}",connected
74999,230,20000,0.050000000000000044,0.012595329014584423,-2.721499918443151,0.0,0.0,0,"{""0"": 13191, ""1"": 12591, ""2"": 13259, ""3"": 11907, ""4"": 15812, ""5"": 8239}",connected
75099,232,20000,0.050000000000000044,0.012973431311547757,-2.568689920883626,0.0,0.0,0,"{""0"": 13205, ""1"": 12603, ""2"": 13277, ""3"": 11931, ""4"": 15830, ""5"": 8253}",connected
75199,232,20000,0.050000000000000044,0.013047723062336446,-2.568689920883626,0.0,0.0,0,"{""0"": 13212, ""1"": 12610, ""2"": 13289, ""3"": 11933, ""4"": 15854, ""5"": 8301}",connected
75299,232,20000,0.050000000000000044,0.013250711048021913,-2.568689920883626,0.0,0.0,0,"{""0"": 13216, ""1"": 12613, ""2"": 13299, ""3"": 11933, ""4"": 15856, ""5"": 8382}",connected
75399,232,20000,0.050000000000000044,0.013529247599653899,-2.568689920883626,0.0,0.0,0,"{""0"": 13217, ""1"": 12615, ""2"": 13307, ""3"": 11933, ""4"": 15858, ""5"": 8469}",connected
75499,232,20000,0.050000000000000044,0.013605571980588139,-2.568689920883626,0.0,0.0,0,"{""0"": 13229, ""1"": 12622, ""2"": 13340, ""3"": 11936, ""4"": 15878, ""5"": 8494}",connected
75599,232,20000,0.050000000000000044,0.014053455987013876,-2.568689920883626,0.0,0.0,0,"{""0"": 13234, ""1"": 12648, ""2"": 13372, ""3"": 11942, ""4"": 15886, ""5"": 8517}",connected
75699,232,20000,0.050000000000000044,0.013605508925393224,-2.568689920883626,0.0,0.0,0,"{""0"": 13235, ""1"": 12667, ""2"": 13411, ""3"": 11958, ""4"": 15904, ""5"": 8524}",connected
75799,232,20000,0.050000000000000044,0.013304556086659432,-2.568689920883626,0.0,0.0,0,"{""0"": 13240, ""1"": 12691, ""2"": 13444, ""3"": 11975, ""4"": 15925, ""5"": 8524}",connected
75899,234,20000,0.050000000000000044,0.012926092012785375,-2.6770199216529726,0.0,0.0,0,"{""0"": 13245, ""1"": 12718, ""2"": 13464, ""3"": 11978, ""4"": 15952, ""5"": 8542}",connected
75999,234,20000,0.050000000000000044,0.01261856141500175,-2.6770199216529726,0.0,0.0,0,"{""0"": 13261, ""1"": 12738, ""2"": 13502, ""3"": 11990, ""4"": 15956, ""5"": 8552}",connected
76099,234,20000,0.050000000000000044,0.013124053510837256,-2.6770199216529726,0.0,0.0,0,"{""0"": 13291, ""1"": 12748, ""2"": 13510, ""3"": 12020, ""4"": 15966, ""5"": 8564}",connected
76199,234,20000,0.050000000000000044,0.013798367171548307,-2.6770199216529726,0.0,0.0,0,"{""0"": 13299, ""1"": 12752, ""2"": 13549, ""3"": 12026, ""4"": 16008, ""5"": 8565}",connected
76299,234,20000,0.050000000000000044,0.01407496358267963,-2.6770199216529726,0.0,0.0,0,"{""0"": 13317, ""1"": 12764, ""2"": 13574, ""3"": 12038, ""4"": 16031, ""5"": 8575}",connected
76399,236,20000,0.050000000000000044,0.013377831550315022,-2.593349920376204,0.0,0.0,0,"{""0"": 13327, ""1"": 12781, ""2"": 13594, ""3"": 12048, ""4"": 16062, ""5"": 8587}",connected
76499,236,20000,0.050000000000000044,0.012984347632154822,-2.593349920376204,0.0,0.0,0,"{""0"": 13342, ""1"": 12794, ""2"": 13619, ""3"": 12057, ""4"": 16080, ""5"": 8607}",connected
76599,238,20000,0.050000000000000044,0.012894375920295716,-2.440689922655001,0.0,0.0,0,"{""0"": 13348, ""1"": 12803, ""2"": 13635, ""3"": 12068, ""4"": 16119, ""5"": 8626}",connected
76699,238,20000,0.050000000000000044,0.012495665727183223,-2.440689922655001,0.0,0.0,0,"{""0"": 13374, ""1"": 12835, ""2"": 13653, ""3"": 12070, ""4"": 16133, ""5"": 8634}",connected
76799,238,20000,0.050000000000000044,0.013322485387325287,-2.440689922655001,0.0,0.0,0,"{""0"": 13398, ""1"": 12837, ""2"": 13672, ""3"": 12093, ""4"": 16140, ""5"": 8659}",connected
76899,238,20000,0.050000000000000044,0.013753974428400397,-2.440689922655001,0.0,0.0,0,"{""0"": 13411, ""1"": 12867, ""2"": 13691, ""3"": 12109, ""4"": 16156, ""5"": 8665}",connected
76999,238,20000,0.050000000000000044,0.014035825454629957,-2.440689922655001,0.0,0.0,0,"{""0"": 13424, ""1"": 12891, ""2"": 13707, ""3"": 12130, ""4"": 16175, ""5"": 8672}",connected
77099,238,20000,0.050000000000000044,0.015215215934440494,-2.440689922655001,0.0,0.0,0,"{""0"": 13430, ""1"": 12934, ""2"": 13721, ""3"": 12148, ""4"": 16193, ""5"": 8673}",connected
77199,238,20000,0.050000000000000044,0.015620973678305745,-2.440689922655001,0.0,0.0,0,"{""0"": 13431, ""1"": 12984, ""2"": 13750, ""3"": 12159, ""4"": 16198, ""5"": 8677}",connected
77299,240,20000,0.050000000000000044,0.016470427392050624,-2.5696099228039384,0.0,0.0,0,"{""0"": 13440, ""1"": 13015, ""2"": 13770, ""3"": 12166, ""4"": 16227, ""5"": 8681}",connected
77399,240,20000,0.050000000000000044,0.01594615706242621,-2.5696099228039384,0.0,0.0,0,"{""0"": 13454, ""1"": 13038, ""2"": 13804, ""3"": 12184, ""4"": 16234, ""5"": 8685}",connected
77499,240,20000,0.050000000000000044,0.0155416792165488,-2.5696099228039384,0.0,0.0,0,"{""0"": 13484, ""1"": 13048, ""2"": 13845, ""3"": 12197, ""4"": 16236, ""5"": 8689}",connected
77599,240,20000,0.050000000000000044,0.014834223538637161,-2.5696099228039384,0.0,0.0,0,"{""0"": 13520, ""1"": 13054, ""2"": 13877, ""3"": 12206, ""4"": 16240, ""5"": 8702}",connected
77699,240,20000,0.050000000000000044,0.013845929661765694,-2.5696099228039384,0.0,0.0,0,"{""0"": 13580, ""1"": 13054, ""2"": 13908, ""3"": 12209, ""4"": 16243, ""5"": 8705}",connected
77799,240,20000,0.050000000000000044,0.013939112280495465,-2.5696099228039384,0.0,0.0,0,"{""0"": 13603, ""1"": 13070, ""2"": 13932, ""3"": 12239, ""4"": 16248, ""5"": 8707}",connected
77899,240,20000,0.050000000000000044,0.01354531128425151,-2.5696099228039384,0.0,0.0,0,"{""0"": 13626, ""1"": 13105, ""2"": 13960, ""3"": 12245, ""4"": 16255, ""5"": 8708}",connected
77999,242,20000,0.050000000000000044,0.01371485551353544,-2.6933299219608307,0.0,0.0,0,"{""0"": 13638, ""1"": 13131, ""2"": 13992, ""3"": 12253, ""4"": 16276, ""5"": 8709}",connected
78099,242,20000,0.050000000000000044,0.013693601777777075,-2.6933299219608307,0.0,0.0,0,"{""0"": 13657, ""1"": 13150, ""2"": 14017, ""3"": 12259, ""4"": 16300, ""5"": 8716}",connected
78199,242,20000,0.050000000000000044,0.014321288703940808,-2.6933299219608307,0.0,0.0,0,"{""0"": 13671, ""1"": 13161, ""2"": 14048, ""3"": 12261, ""4"": 16326, ""5"": 8732}",connected
78299,242,20000,0.050000000000000044,0.015778591125272214,-2.6933299219608307,0.0,0.0,0,"{""0"": 13680, ""1"": 13185, ""2"": 14064, ""3"": 12273, ""4"": 16350, ""5"": 8747}",connected
78399,244,20000,0.050000000000000044,0.016842710305936634,-2.718049918184988,0.0,0.0,0,"{""0"": 13691, ""1"": 13206, ""2"": 14087, ""3"": 12284, ""4"": 16375, ""5"": 8756}",connected
78499,244,20000,0.050000000000000044,0.01666396710090339,-2.718049918184988,0.0,0.0,0,"{""0"": 13700, ""1"": 13224, ""2"": 14105, ""3"": 12304, ""4"": 16398, ""5"": 8768}",connected
78599,244,20000,0.050000000000000044,0.016773297511972488,-2.718049918184988,0.0,0.0,0,"{""0"": 13728, ""1"": 13234, ""2"": 14133, ""3"": 12311, ""4"": 16408, ""5"": 8785}",connected
78699,244,20000,0.050000000000000044,0.01586392028722912,-2.718049918184988,0.0,0.0,0,"{""0"": 13749, ""1"": 13252, ""2"": 14137, ""3"": 12333, ""4"": 16435, ""5"": 8793}",connected
78799,244,20000,0.050000000000000044,0.015836859149858357,-2.718049918184988,0.0,0.0,0,"{""0"": 13754, ""1"": 13273, ""2"": 14148, ""3"": 12355, ""4"": 16468, ""5"": 8801}",connected
78899,244,20000,0.050000000000000044,0.01625417572911829,-2.718049918184988,0.0,0.0,0,"{""0"": 13774, ""1"": 13286, ""2"": 14157, ""3"": 12386, ""4"": 16490, ""5"": 8806}",connected
78999,246,20000,0.050000000000000044,0.01549695649649948,-2.605979919261299,0.0,0.0,0,"{""0"": 13784, ""1"": 13302, ""2"": 14172, ""3"": 12399, ""4"": 16518, ""5"": 8824}",connected
79099,246,20000,0.050000000000000044,0.0146983557427302,-2.605979919261299,0.0,0.0,0,"{""0"": 13792, ""1"": 13316, ""2"": 14194, ""3"": 12418, ""4"": 16542, ""5"": 8837}",connected
79199,246,20000,0.050000000000000044,0.013581587946973742,-2.605979919261299,0.0,0.0,0,"{""0"": 13798, ""1"": 13337, ""2"": 14222, ""3"": 12430, ""4"": 16569, ""5"": 8843}",connected
79299,246,20000,0.050000000000000044,0.015709794284775855,-2.605979919261299,0.0,0.0,0,"{""0"": 13804, ""1"": 13342, ""2"": 14264, ""3"": 12446, ""4"": 16595, ""5"": 8848}",connected
79399,246,20000,0.050000000000000044,0.016480360962450504,-2.605979919261299,0.0,0.0,0,"{""0"": 13812, ""1"": 13366, ""2"": 14290, ""3"": 12474, ""4"": 16603, ""5"": 8854}",connected
79499,246,20000,0.050000000000000044,0.017784517374821007,-2.605979919261299,0.0,0.0,0,"{""0"": 13821, ""1"": 13387, ""2"": 14303, ""3"": 12498, ""4"": 16628, ""5"": 8862}",connected
79599,246,20000,0.050000000000000044,0.01794830771628767,-2.605979919261299,0.0,0.0,0,"{""0"": 13832, ""1"": 13407, ""2"": 14336, ""3"": 12521, ""4"": 16638, ""5"": 8865}",connected
79699,248,20000,0.050000000000000044,0.01699769638478756,-2.676449920646846,0.0,0.0,0,"{""0"": 13845, ""1"": 13421, ""2"": 14354, ""3"": 12540, ""4"": 16663, ""5"": 8876}",connected
79799,248,20000,0.050000000000000044,0.017093553375452757,-2.676449920646846,0.0,0.0,0,"{""0"": 13871, ""1"": 13427, ""2"": 14373, ""3"": 12545, ""4"": 16685, ""5"": 8898}",connected
79899,248,20000,0.050000000000000044,0.01680683761369437,-2.676449920646846,0.0,0.0,0,"{""0"": 13898, ""1"": 13445, ""2"": 14397, ""3"": 12550, ""4"": 16707, ""5"": 8902}",connected
79999,248,20000,0.050000000000000044,0.016491549597121777,-2.676449920646846,0.0,0.0,0,"{""0"": 13935, ""1"": 13457, ""2"": 14411, ""3"": 12568, ""4"": 16721, ""5"": 8907}",connected
80099,248,20000,0.050000000000000044,0.016459822487086058,-2.676449920646846,0.0,0.0,0,"{""0"": 13951, ""1"": 13475, ""2"": 14431, ""3"": 12582, ""4"": 16749, ""5"": 8911}",connected
80199,248,20000,0.050000000000000044,0.01586338165216148,-2.676449920646846,0.0,0.0,0,"{""0"": 13962, ""1"": 13504, ""2"": 14459, ""3"": 12599, ""4"": 16760, ""5"": 8915}",connected
80299,248,20000,0.050000000000000044,0.015559618789702655,-2.676449920646846,0.0,0.0,0,"{""0"": 13977, ""1"": 13527, ""2"": 14482, ""3"": 12634, ""4"": 16763, ""5"": 8916}",connected
80399,250,20000,0.050000000000000044,0.01697643264196813,-2.8016999195935206,0.0,0.0,0,"{""0"": 13979, ""1"": 13550, ""2"": 14492, ""3"": 12645, ""4"": 16812, ""5"": 8921}",connected
80499,252,20000,0.050000000000000044,0.015668016145937144,-2.6795999216334896,0.0,0.0,0,"{""0"": 13997, ""1"": 13558, ""2"": 14512, ""3"": 12653, ""4"": 16835, ""5"": 8944}",connected
80599,252,20000,0.050000000000000044,0.015552319465205073,-2.6795999216334896,0.0,0.0,0,"{""0"": 14000, ""1"": 13581, ""2"": 14533, ""3"": 12671, ""4"": 16863, ""5"": 8951}",connected
80699,254,20000,0.050000000000000044,0.014865074623376131,-2.4975199246034028,0.0,0.0,0,"{""0"": 14006, ""1"": 13590, ""2"": 14554, ""3"": 12681, ""4"": 16911, ""5"": 8957}",connected
80799,254,20000,0.050000000000000044,0.013493861900642515,-2.4975199246034028,0.0,0.0,0,"{""0"": 14025, ""1"": 13617, ""2"": 14586, ""3"": 12695, ""4"": 16913, ""5"": 8963}",connected
80899,254,20000,0.050000000000000044,0.013556777308695018,-2.4975199246034028,0.0,0.0,0,"{""0"": 14036, ""1"": 13626, ""2"": 14626, ""3"": 12725, ""4"": 16917, ""5"": 8969}",connected
80999,254,20000,0.050000000000000044,0.013237751894630492,-2.4975199246034028,0.0,0.0,0,"{""0"": 14044, ""1"": 13629, ""2"": 14683, ""3"": 12755, ""4"": 16917, ""5"": 8971}",connected
81099,254,20000,0.050000000000000044,0.013964456589892506,-2.4975199246034028,0.0,0.0,0,"{""0"": 14055, ""1"": 13630, ""2"": 14729, ""3"": 12791, ""4"": 16921, ""5"": 8973}",connected
81199,254,20000,0.050000000000000044,0.014570174161344767,-2.4975199246034028,0.0,0.0,0,"{""0"": 14059, ""1"": 13657, ""2"": 14743, ""3"": 12818, ""4"": 16945, ""5"": 8977}",connected
81299,254,20000,0.050000000000000044,0.014975907960906625,-2.4975199246034028,0.0,0.0,0,"{""0"": 14070, ""1"": 13677, ""2"": 14752, ""3"": 12834, ""4"": 16975, ""5"": 8991}",connected
81399,256,20000,0.050000000000000044,0.015118415248580278,-2.5245899271499366,0.0,0.0,0,"{""0"": 14079, ""1"": 13708, ""2"": 14765, ""3"": 12840, ""4"": 17014, ""5"": 8993}",connected
81499,256,20000,0.050000000000000044,0.014607248627580702,-2.5245899271499366,0.0,0.0,0,"{""0"": 14086, ""1"": 13718, ""2"": 14789, ""3"": 12853, ""4"": 17045, ""5"": 9008}",connected
81599,258,20000,0.050000000000000044,0.015144475772976874,-2.378749931077473,0.0,0.0,0,"{""0"": 14093, ""1"": 13735, ""2"": 14808, ""3"": 12873, ""4"": 17071, ""5"": 9019}",connected
81699,258,20000,0.050000000000000044,0.015115755451843143,-2.378749931077473,0.0,0.0,0,"{""0"": 14105, ""1"": 13757, ""2"": 14828, ""3"": 12887, ""4"": 17089, ""5"": 9033}",connected
81799,260,20000,0.050000000000000044,0.015369841568171979,-2.2940299334097656,0.0,0.0,0,"{""0"": 14110, ""1"": 13780, ""2"": 14850, ""3"": 12888, ""4"": 17136, ""5"": 9035}",connected
81899,260,20000,0.050000000000000044,0.014871194609440863,-2.2940299334097656,0.0,0.0,0,"{""0"": 14117, ""1"": 13800, ""2"": 14892, ""3"": 12890, ""4"": 17148, ""5"": 9052}",connected
81999,260,20000,0.050000000000000044,0.014326766538433731,-2.2940299334097656,0.0,0.0,0,"{""0"": 14137, ""1"": 13845, ""2"": 14918, ""3"": 12893, ""4"": 17153, ""5"": 9053}",connected
82099,260,20000,0.050000000000000044,0.014130384344607592,-2.2940299334097656,0.0,0.0,0,"{""0"": 14149, ""1"": 13894, ""2"": 14953, ""3"": 12893, ""4"": 17156, ""5"": 9054}",connected
82199,260,20000,0.050000000000000044,0.014200931056402624,-2.2940299334097656,0.0,0.0,0,"{""0"": 14161, ""1"": 13949, ""2"": 14966, ""3"": 12902, ""4"": 17164, ""5"": 9057}",connected
82299,260,20000,0.050000000000000044,0.015920940516516567,-2.2940299334097656,0.0,0.0,0,"{""0"": 14165, ""1"": 14009, ""2"": 14975, ""3"": 12916, ""4"": 17177, ""5"": 9057}",connected
82399,260,20000,0.050000000000000044,0.016020564730279147,-2.2940299334097656,0.0,0.0,0,"{""0"": 14170, ""1"": 14065, ""2"": 14981, ""3"": 12936, ""4"": 17190, ""5"": 9057}",connected
82499,262,20000,0.050000000000000044,0.015979242594912648,-2.2889299345156178,0.0,0.0,0,"{""0"": 14183, ""1"": 14093, ""2"": 15004, ""3"": 12942, ""4"": 17216, ""5"": 9061}",connected
82599,262,20000,0.050000000000000044,0.015917614651843905,-2.2889299345156178,0.0,0.0,0,"{""0"": 14187, ""1"": 14105, ""2"": 15040, ""3"": 12956, ""4"": 17239, ""5"": 9072}",connected
82699,262,20000,0.050000000000000044,0.014963865452446044,-2.2889299345156178,0.0,0.0,0,"{""0"": 14197, ""1"": 14119, ""2"": 15082, ""3"": 12966, ""4"": 17258, ""5"": 9077}",connected
82799,264,20000,0.050000000000000044,0.014511439842171967,-2.170269938185811,0.0,0.0,0,"{""0"": 14208, ""1"": 14136, ""2"": 15108, ""3"": 12979, ""4"": 17284, ""5"": 9084}",connected
82899,264,20000,0.050000000000000044,0.014069788088090718,-2.170269938185811,0.0,0.0,0,"{""0"": 14231, ""1"": 14154, ""2"": 15130, ""3"": 12984, ""4"": 17302, ""5"": 9098}",connected
82999,264,20000,0.050000000000000044,0.014270408730953931,-2.170269938185811,0.0,0.0,0,"{""0"": 14237, ""1"": 14169, ""2"": 15147, ""3"": 12995, ""4"": 17337, ""5"": 9114}",connected
83099,264,20000,0.050000000000000044,0.014213886898942292,-2.170269938185811,0.0,0.0,0,"{""0"": 14247, ""1"": 14176, ""2"": 15155, ""3"": 13009, ""4"": 17379, ""5"": 9133}",connected
83199,264,20000,0.050000000000000044,0.014786969176493586,-2.170269938185811,0.0,0.0,0,"{""0"": 14254, ""1"": 14185, ""2"": 15181, ""3"": 13036, ""4"": 17402, ""5"": 9141}",connected
83299,266,20000,0.050000000000000044,0.015192992906086146,-2.0946699392143637,0.0,0.0,0,"{""0"": 14261, ""1"": 14198, ""2"": 15210, ""3"": 13062, ""4"": 17423, ""5"": 9145}",connected
83399,266,20000,0.050000000000000044,0.014223150545731186,-2.0946699392143637,0.0,0.0,0,"{""0"": 14271, ""1"": 14209, ""2"": 15217, ""3"": 13075, ""4"": 17456, ""5"": 9171}",connected
83499,266,20000,0.050000000000000044,0.014654103838838637,-2.0946699392143637,0.0,0.0,0,"{""0"": 14276, ""1"": 14210, ""2"": 15254, ""3"": 13097, ""4"": 17483, ""5"": 9179}",connected
83599,266,20000,0.050000000000000044,0.013864021706394851,-2.0946699392143637,0.0,0.0,0,"{""0"": 14284, ""1"": 14210, ""2"": 15263, ""3"": 13161, ""4"": 17498, ""5"": 9183}",connected
83699,266,20000,0.050000000000000044,0.014371723500080407,-2.0946699392143637,0.0,0.0,0,"{""0"": 14292, ""1"": 14211, ""2"": 15285, ""3"": 13211, ""4"": 17517, ""5"": 9183}",connected
83799,266,20000,0.050000000000000044,0.015116021637804806,-2.0946699392143637,0.0,0.0,0,"{""0"": 14307, ""1"": 14227, ""2"": 15305, ""3"": 13230, ""4"": 17533, ""5"": 9197}",connected
83899,266,20000,0.050000000000000044,0.014061098685488105,-2.0946699392143637,0.0,0.0,0,"{""0"": 14327, ""1"": 14252, ""2"": 15307, ""3"": 13255, ""4"": 17548, ""5"": 9210}",connected
83999,266,20000,0.050000000000000044,0.013829315644688905,-2.0946699392143637,0.0,0.0,0,"{""0"": 14334, ""1"": 14287, ""2"": 15310, ""3"": 13297, ""4"": 17552, ""5"": 9219}",connected
84099,268,20000,0.050000000000000044,0.013929760800674557,-2.135579941435717,0.0,0.0,0,"{""0"": 14346, ""1"": 14301, ""2"": 15313, ""3"": 13314, ""4"": 17599, ""5"": 9226}",connected
84199,268,20000,0.050000000000000044,0.014179661539383232,-2.135579941435717,0.0,0.0,0,"{""0"": 14351, ""1"": 14310, ""2"": 15327, ""3"": 13342, ""4"": 17621, ""5"": 9248}",connected
84299,268,20000,0.050000000000000044,0.014376246239989995,-2.135579941435717,0.0,0.0,0,"{""0"": 14360, ""1"": 14317, ""2"": 15353, ""3"": 13359, ""4"": 17651, ""5"": 9259}",connected
84399,268,20000,0.050000000000000044,0.01505200840998441,-2.135579941435717,0.0,0.0,0,"{""0"": 14372, ""1"": 14338, ""2"": 15370, ""3"": 13369, ""4"": 17666, ""5"": 9284}",connected
84499,268,20000,0.050000000000000044,0.014276492367498577,-2.135579941435717,0.0,0.0,0,"{""0"": 14379, ""1"": 14361, ""2"": 15388, ""3"": 13400, ""4"": 17682, ""5"": 9289}",connected
84599,268,20000,0.050000000000000044,0.013406829666346312,-2.135579941435717,0.0,0.0,0,"{""0"": 14385, ""1"": 14372, ""2"": 15401, ""3"": 13424, ""4"": 17726, ""5"": 9291}",connected
84699,268,20000,0.050000000000000044,0.012869805046357215,-2.135579941435717,0.0,0.0,0,"{""0"": 14392, ""1"": 14386, ""2"": 15420, ""3"": 13448, ""4"": 17757, ""5"": 9296}",connected
84799,270,20000,0.050000000000000044,0.0122922974685207,-2.089269941980019,0.0,0.0,0,"{""0"": 14400, ""1"": 14397, ""2"": 15433, ""3"": 13458, ""4"": 17805, ""5"": 9306}",connected
84899,270,20000,0.050000000000000044,0.013079508785158395,-2.089269941980019,0.0,0.0,0,"{""0"": 14404, ""1"": 14406, ""2"": 15477, ""3"": 13476, ""4"": 17826, ""5"": 9310}",connected
84999,270,20000,0.050000000000000044,0.013259574659168721,-2.089269941980019,0.0,0.0,0,"{""0"": 14417, ""1"": 14409, ""2"": 15529, ""3"": 13493, ""4"": 17838, ""5"": 9313}",connected
85099,272,20000,0.050000000000000044,0.013967305347323418,-1.9448599462909624,0.0,0.0,0,"{""0"": 14428, ""1"": 14419, ""2"": 15561, ""3"": 13505, ""4"": 17868, ""5"": 9318}",connected
85199,272,20000,0.050000000000000044,0.014476561248302459,-1.9448599462909624,0.0,0.0,0,"{""0"": 14431, ""1"": 14419, ""2"": 15604, ""3"": 13506, ""4"": 17921, ""5"": 9318}",connected
85299,272,20000,0.050000000000000044,0.013303786721080542,-1.9448599462909624,0.0,0.0,0,"{""0"": 14435, ""1"": 14446, ""2"": 15627, ""3"": 13525, ""4"": 17938, ""5"": 9328}",connected
85399,272,20000,0.050000000000000044,0.014822768908925355,-1.9448599462909624,0.0,0.0,0,"{""0"": 14450, ""1"": 14459, ""2"": 15675, ""3"": 13529, ""4"": 17955, ""5"": 9331}",connected
85499,272,20000,0.050000000000000044,0.014838145668618382,-1.9448599462909624,0.0,0.0,0,"{""0"": 14490, ""1"": 14459, ""2"": 15693, ""3"": 13533, ""4"": 17990, ""5"": 9334}",connected
85599,272,20000,0.050000000000000044,0.014898151364177466,-1.9448599462909624,0.0,0.0,0,"{""0"": 14504, ""1"": 14464, ""2"": 15729, ""3"": 13544, ""4"": 18008, ""5"": 9350}",connected
85699,272,20000,0.050000000000000044,0.01567323979921639,-1.9448599462909624,0.0,0.0,0,"{""0"": 14510, ""1"": 14485, ""2"": 15754, ""3"": 13565, ""4"": 18035, ""5"": 9350}",connected
85799,274,20000,0.050000000000000044,0.015408756625838578,-1.8934599430765957,0.0,0.0,0,"{""0"": 14514, ""1"": 14513, ""2"": 15773, ""3"": 13586, ""4"": 18060, ""5"": 9353}",connected
85899,274,20000,0.050000000000000044,0.015222973683848976,-1.8934599430765957,0.0,0.0,0,"{""0"": 14518, ""1"": 14531, ""2"": 15793, ""3"": 13592, ""4"": 18085, ""5"": 9380}",connected
85999,276,20000,0.050000000000000044,0.014500027331523597,-1.6979599411599338,0.0,0.0,0,"{""0"": 14527, ""1"": 14553, ""2"": 15811, ""3"": 13595, ""4"": 18127, ""5"": 9386}",connected
86099,276,20000,0.050000000000000044,0.01468381952960044,-1.6979599411599338,0.0,0.0,0,"{""0"": 14547, ""1"": 14567, ""2"": 15835, ""3"": 13624, ""4"": 18129, ""5"": 9397}",connected
86199,276,20000,0.050000000000000044,0.01413430660031736,-1.6979599411599338,0.0,0.0,0,"{""0"": 14551, ""1"": 14574, ""2"": 15870, ""3"": 13646, ""4"": 18151, ""5"": 9407}",connected
86299,276,20000,0.050000000000000044,0.01412443092558533,-1.6979599411599338,0.0,0.0,0,"{""0"": 14552, ""1"": 14596, ""2"": 15902, ""3"": 13679, ""4"": 18154, ""5"": 9416}",connected
86399,276,20000,0.050000000000000044,0.01514760271180421,-1.6979599411599338,0.0,0.0,0,"{""0"": 14552, ""1"": 14609, ""2"": 15979, ""3"": 13686, ""4"": 18154, ""5"": 9419}",connected
86499,276,20000,0.050000000000000044,0.014884614744223654,-1.6979599411599338,0.0,0.0,0,"{""0"": 14552, ""1"": 14609, ""2"": 16032, ""3"": 13733, ""4"": 18154, ""5"": 9419}",connected
86599,276,20000,0.050000000000000044,0.01442776557058096,-1.6979599411599338,0.0,0.0,0,"{""0"": 14552, ""1"": 14609, ""2"": 16082, ""3"": 13783, ""4"": 18154, ""5"": 9419}",connected
86699,278,20000,0.050000000000000044,0.015652582491748036,-1.7941899445140734,0.0,0.0,0,"{""0"": 14564, ""1"": 14613, ""2"": 16103, ""3"": 13805, ""4"": 18188, ""5"": 9426}",connected
86799,278,20000,0.050000000000000044,0.01473147647920996,-1.7941899445140734,0.0,0.0,0,"{""0"": 14575, ""1"": 14621, ""2"": 16114, ""3"": 13840, ""4"": 18208, ""5"": 9441}",connected
86899,278,20000,0.050000000000000044,0.01412338883150369,-1.7941899445140734,0.0,0.0,0,"{""0"": 14621, ""1"": 14621, ""2"": 16114, ""3"": 13846, ""4"": 18256, ""5"": 9441}",connected
86999,278,20000,0.050000000000000044,0.01496219034306705,-1.7941899445140734,0.0,0.0,0,"{""0"": 14671, ""1"": 14621, ""2"": 16114, ""3"": 13846, ""4"": 18306, ""5"": 9441}",connected
87099,278,20000,0.050000000000000044,0.013726194947957992,-1.7941899445140734,0.0,0.0,0,"{""0"": 14721, ""1"": 14621, ""2"": 16114, ""3"": 13846, ""4"": 18356, ""5"": 9441}",connected
87199,278,20000,0.050000000000000044,0.014092044057324529,-1.7941899445140734,0.0,0.0,0,"{""0"": 14771, ""1"": 14621, ""2"": 16114, ""3"": 13846, ""4"": 18406, ""5"": 9441}",connected
87299,278,20000,0.050000000000000044,0.014819135763682425,-1.7941899445140734,0.0,0.0,0,"{""0"": 14807, ""1"": 14621, ""2"": 16124, ""3"": 13849, ""4"": 18456, ""5"": 9442}",connected
87399,280,20000,0.050000000000000044,0.014747517085634172,-1.8087099444074557,0.0,0.0,0,"{""0"": 14815, ""1"": 14638, ""2"": 16142, ""3"": 13854, ""4"": 18502, ""5"": 9448}",connected
87499,280,20000,0.050000000000000044,0.015055510406382382,-1.8087099444074557,0.0,0.0,0,"{""0"": 14836, ""1"": 14687, ""2"": 16145, ""3"": 13869, ""4"": 18512, ""5"": 9450}",connected
87599,280,20000,0.050000000000000044,0.01533290599938482,-1.8087099444074557,0.0,0.0,0,"{""0"": 14877, ""1"": 14718, ""2"": 16146, ""3"": 13881, ""4"": 18524, ""5"": 9453}",connected
87699,280,20000,0.050000000000000044,0.01596396799199283,-1.8087099444074557,0.0,0.0,0,"{""0"": 14890, ""1"": 14753, ""2"": 16168, ""3"": 13890, ""4"": 18536, ""5"": 9462}",connected
87799,282,20000,0.050000000000000044,0.015487950830720364,-1.8420499419420957,0.0,0.0,0,"{""0"": 14897, ""1"": 14779, ""2"": 16179, ""3"": 13896, ""4"": 18586, ""5"": 9462}",connected
87899,282,20000,0.050000000000000044,0.015335672427900135,-1.8420499419420957,0.0,0.0,0,"{""0"": 14897, ""1"": 14793, ""2"": 16228, ""3"": 13899, ""4"": 18613, ""5"": 9469}",connected
87999,282,20000,0.050000000000000044,0.014610212594270706,-1.8420499419420957,0.0,0.0,0,"{""0"": 14897, ""1"": 14793, ""2"": 16328, ""3"": 13899, ""4"": 18613, ""5"": 9469}",connected
88099,282,20000,0.050000000000000044,0.013840738884173334,-1.8420499419420957,0.0,0.0,0,"{""0"": 14898, ""1"": 14793, ""2"": 16422, ""3"": 13903, ""4"": 18614, ""5"": 9469}",connected
88199,282,20000,0.050000000000000044,0.013904753485694527,-1.8420499419420957,0.0,0.0,0,"{""0"": 14909, ""1"": 14802, ""2"": 16444, ""3"": 13924, ""4"": 18649, ""5"": 9471}",connected
88299,282,20000,0.050000000000000044,0.013763866079971194,-1.8420499419420957,0.0,0.0,0,"{""0"": 14915, ""1"": 14819, ""2"": 16475, ""3"": 13925, ""4"": 18693, ""5"": 9472}",connected
88399,282,20000,0.050000000000000044,0.013498438801616431,-1.8420499419420957,0.0,0.0,0,"{""0"": 14929, ""1"": 14832, ""2"": 16490, ""3"": 13941, ""4"": 18727, ""5"": 9480}",connected
88499,284,20000,0.050000000000000044,0.013254857128486038,-1.8352399420179426,0.0,0.0,0,"{""0"": 14939, ""1"": 14860, ""2"": 16501, ""3"": 13945, ""4"": 18770, ""5"": 9484}",connected
88599,284,20000,0.050000000000000044,0.012468312857672572,-1.8352399420179426,0.0,0.0,0,"{""0"": 14951, ""1"": 14875, ""2"": 16529, ""3"": 13968, ""4"": 18788, ""5"": 9488}",connected
88699,286,20000,0.050000000000000044,0.013537872573360801,-1.8168099445709958,0.0,0.0,0,"{""0"": 14968, ""1"": 14890, ""2"": 16549, ""3"": 13976, ""4"": 18811, ""5"": 9505}",connected
88799,286,20000,0.050000000000000044,0.014784254305996001,-1.8168099445709958,0.0,0.0,0,"{""0"": 15001, ""1"": 14916, ""2"": 16559, ""3"": 13994, ""4"": 18822, ""5"": 9507}",connected
88899,286,20000,0.050000000000000044,0.014959506527520715,-1.8168099445709958,0.0,0.0,0,"{""0"": 15021, ""1"": 14928, ""2"": 16595, ""3"": 14006, ""4"": 18836, ""5"": 9513}",connected
88999,286,20000,0.050000000000000044,0.016575408428907396,-1.8168099445709958,0.0,0.0,0,"{""0"": 15028, ""1"": 14954, ""2"": 16617, ""3"": 14012, ""4"": 18862, ""5"": 9526}",connected
89099,286,20000,0.050000000000000044,0.016244385037571193,-1.8168099445709958,0.0,0.0,0,"{""0"": 15048, ""1"": 14973, ""2"": 16641, ""3"": 14018, ""4"": 18886, ""5"": 9533}",connected
89199,286,20000,0.050000000000000044,0.015025325431488455,-1.8168099445709958,0.0,0.0,0,"{""0"": 15072, ""1"": 14983, ""2"": 16668, ""3"": 14030, ""4"": 18912, ""5"": 9534}",connected
89299,286,20000,0.050000000000000044,0.014933078256435693,-1.8168099445709958,0.0,0.0,0,"{""0"": 15091, ""1"": 14994, ""2"": 16697, ""3"": 14057, ""4"": 18922, ""5"": 9538}",connected
89399,288,20000,0.050000000000000044,0.013462723875418305,-1.801429944159463,0.0,0.0,0,"{""0"": 15103, ""1"": 15011, ""2"": 16710, ""3"": 14072, ""4"": 18954, ""5"": 9549}",connected
89499,288,20000,0.050000000000000044,0.013411986539140344,-1.801429944159463,0.0,0.0,0,"{""0"": 15124, ""1"": 15024, ""2"": 16713, ""3"": 14076, ""4"": 18973, ""5"": 9589}",connected
89599,288,20000,0.050000000000000044,0.013873096364550292,-1.801429944159463,0.0,0.0,0,"{""0"": 15145, ""1"": 15033, ""2"": 16716, ""3"": 14082, ""4"": 18998, ""5"": 9625}",connected
89699,288,20000,0.050000000000000044,0.014505480844527484,-1.801429944159463,0.0,0.0,0,"{""0"": 15161, ""1"": 15046, ""2"": 16718, ""3"": 14083, ""4"": 19026, ""5"": 9665}",connected
89799,288,20000,0.050000000000000044,0.014915332654491067,-1.801429944159463,0.0,0.0,0,"{""0"": 15198, ""1"": 15062, ""2"": 16721, ""3"": 14086, ""4"": 19052, ""5"": 9680}",connected
89899,288,20000,0.050000000000000044,0.013828869932331145,-1.801429944159463,0.0,0.0,0,"{""0"": 15215, ""1"": 15107, ""2"": 16735, ""3"": 14087, ""4"": 19069, ""5"": 9686}",connected
89999,288,20000,0.050000000000000044,0.01357721425127238,-1.801429944159463,0.0,0.0,0,"{""0"": 15248, ""1"": 15128, ""2"": 16748, ""3"": 14091, ""4"": 19093, ""5"": 9691}",connected
90099,290,20000,0.050000000000000044,0.013459483003243804,-1.8773399424180388,0.0,0.0,0,"{""0"": 15262, ""1"": 15152, ""2"": 16771, ""3"": 14096, ""4"": 19117, ""5"": 9701}",connected
90199,290,20000,0.050000000000000044,0.013428703127428889,-1.8773399424180388,0.0,0.0,0,"{""0"": 15276, ""1"": 15167, ""2"": 16799, ""3"": 14108, ""4"": 19126, ""5"": 9723}",connected
90299,292,20000,0.050000000000000044,0.014603657089173794,-1.7673099457938224,0.0,0.0,0,"{""0"": 15281, ""1"": 15194, ""2"": 16820, ""3"": 14112, ""4"": 19164, ""5"": 9728}",connected
90399,292,20000,0.050000000000000044,0.01525002551265061,-1.7673099457938224,0.0,0.0,0,"{""0"": 15294, ""1"": 15210, ""2"": 16841, ""3"": 14140, ""4"": 19180, ""5"": 9734}",connected
90499,292,20000,0.050000000000000044,0.015256176884286106,-1.7673099457938224,0.0,0.0,0,"{""0"": 15299, ""1"": 15235, ""2"": 16873, ""3"": 14147, ""4"": 19187, ""5"": 9758}",connected
90599,292,20000,0.050000000000000044,0.015180512703955174,-1.7673099457938224,0.0,0.0,0,"{""0"": 15306, ""1"": 15260, ""2"": 16900, ""3"": 14165, ""4"": 19203, ""5"": 9765}",connected
90699,292,20000,0.050000000000000044,0.01445570467505604,-1.7673099457938224,0.0,0.0,0,"{""0"": 15318, ""1"": 15266, ""2"": 16925, ""3"": 14179, ""4"": 19233, ""5"": 9778}",connected
90799,292,20000,0.050000000000000044,0.014088482833467425,-1.7673099457938224,0.0,0.0,0,"{""0"": 15320, ""1"": 15267, ""2"": 16941, ""3"": 14179, ""4"": 19307, ""5"": 9785}",connected
90899,292,20000,0.050000000000000044,0.01336876818910241,-1.7673099457938224,0.0,0.0,0,"{""0"": 15320, ""1"": 15267, ""2"": 16941, ""3"": 14179, ""4"": 19407, ""5"": 9785}",connected
90999,294,20000,0.050000000000000044,0.013160730297677219,-1.8668399451021105,0.0,0.0,0,"{""0"": 15380, ""1"": 15267, ""2"": 16941, ""3"": 14179, ""4"": 19447, ""5"": 9785}",connected
91099,294,20000,0.050000000000000044,0.013555882018990814,-1.8668399451021105,0.0,0.0,0,"{""0"": 15480, ""1"": 15267, ""2"": 16941, ""3"": 14179, ""4"": 19447, ""5"": 9785}",connected
91199,294,20000,0.050000000000000044,0.014327871589921415,-1.8668399451021105,0.0,0.0,0,"{""0"": 15580, ""1"": 15267, ""2"": 16941, ""3"": 14179, ""4"": 19447, ""5"": 9785}",connected
91299,294,20000,0.050000000000000044,0.014638153542764485,-1.8668399451021105,0.0,0.0,0,"{""0"": 15680, ""1"": 15267, ""2"": 16941, ""3"": 14179, ""4"": 19447, ""5"": 9785}",connected
91399,294,20000,0.050000000000000044,0.015207311683334411,-1.8668399451021105,0.0,0.0,0,"{""0"": 15780, ""1"": 15267, ""2"": 16941, ""3"": 14179, ""4"": 19447, ""5"": 9785}",connected
91499,294,20000,0.050000000000000044,0.014432339770719409,-1.8668399451021105,0.0,0.0,0,"{""0"": 15878, ""1"": 15267, ""2"": 16941, ""3"": 14179, ""4"": 19449, ""5"": 9785}",connected
91599,296,20000,0.050000000000000044,0.01283760558348149,-1.9209699448291213,0.0,0.0,0,"{""0"": 15922, ""1"": 15267, ""2"": 16963, ""3"": 14186, ""4"": 19472, ""5"": 9789}",connected
91699,296,20000,0.050000000000000044,0.012783980779349804,-1.9209699448291213,0.0,0.0,0,"{""0"": 15970, ""1"": 15267, ""2"": 16965, ""3"": 14190, ""4"": 19518, ""5"": 9789}",connected
91799,296,20000,0.050000000000000044,0.012201665327884257,-1.9209699448291213,0.0,0.0,0,"{""0"": 16020, ""1"": 15267, ""2"": 16965, ""3"": 14190, ""4"": 19568, ""5"": 9789}",connected
91899,296,20000,0.050000000000000044,0.01288853813894093,-1.9209699448291213,0.0,0.0,0,"{""0"": 16070, ""1"": 15267, ""2"": 16965, ""3"": 14190, ""4"": 19618, ""5"": 9789}",connected
91999,296,20000,0.050000000000000044,0.013602156899869442,-1.9209699448291213,0.0,0.0,0,"{""0"": 16120, ""1"": 15267, ""2"": 16965, ""3"": 14190, ""4"": 19668, ""5"": 9789}",connected
92099,296,20000,0.050000000000000044,0.013443414634093643,-1.9209699448291213,0.0,0.0,0,"{""0"": 16170, ""1"": 15267, ""2"": 16965, ""3"": 14190, ""4"": 19718, ""5"": 9789}",connected
92199,298,20000,0.050000000000000044,0.014243456670083105,-1.9607599442172796,0.0,0.0,0,"{""0"": 16194, ""1"": 15267, ""2"": 16970, ""3"": 14190, ""4"": 19789, ""5"": 9789}",connected
92299,298,20000,0.050000000000000044,0.01343018575105816,-1.9607599442172796,0.0,0.0,0,"{""0"": 16196, ""1"": 15310, ""2"": 16975, ""3"": 14190, ""4"": 19839, ""5"": 9789}",connected
92399,298,20000,0.050000000000000044,0.013750466285273433,-1.9607599442172796,0.0,0.0,0,"{""0"": 16200, ""1"": 15357, ""2"": 16975, ""3"": 14227, ""4"": 19851, ""5"": 9789}",connected
92499,298,20000,0.050000000000000044,0.013882326376624406,-1.9607599442172796,0.0,0.0,0,"{""0"": 16200, ""1"": 15407, ""2"": 16975, ""3"": 14277, ""4"": 19851, ""5"": 9789}",connected
92599,298,20000,0.050000000000000044,0.013087845616973936,-1.9607599442172796,0.0,0.0,0,"{""0"": 16211, ""1"": 15446, ""2"": 16986, ""3"": 14316, ""4"": 19851, ""5"": 9789}",connected
92699,298,20000,0.050000000000000044,0.01312298714183271,-1.9607599442172796,0.0,0.0,0,"{""0"": 16226, ""1"": 15448, ""2"": 17046, ""3"": 14323, ""4"": 19865, ""5"": 9791}",connected
92799,300,20000,0.050000000000000044,0.013355698846280574,-2.1090299497311933,0.0,0.0,0,"{""0"": 16230, ""1"": 15457, ""2"": 17054, ""3"": 14331, ""4"": 19915, ""5"": 9812}",connected
92899,300,20000,0.050000000000000044,0.012957643838599325,-2.1090299497311933,0.0,0.0,0,"{""0"": 16230, ""1"": 15457, ""2"": 17104, ""3"": 14331, ""4"": 19965, ""5"": 9812}",connected
92999,300,20000,0.050000000000000044,0.013333345139399171,-2.1090299497311933,0.0,0.0,0,"{""0"": 16265, ""1"": 15461, ""2"": 17151, ""3"": 14331, ""4"": 19979, ""5"": 9812}",connected
93099,300,20000,0.050000000000000044,0.013288891715928912,-2.1090299497311933,0.0,0.0,0,"{""0"": 16315, ""1"": 15461, ""2"": 17201, ""3"": 14331, ""4"": 19979, ""5"": 9812}",connected
93199,300,20000,0.050000000000000044,0.012378088957630097,-2.1090299497311933,0.0,0.0,0,"{""0"": 16365, ""1"": 15461, ""2"": 17251, ""3"": 14331, ""4"": 19979, ""5"": 9812}",connected
93299,300,20000,0.050000000000000044,0.012799136503599585,-2.1090299497311933,0.0,0.0,0,"{""0"": 16415, ""1"": 15461, ""2"": 17301, ""3"": 14331, ""4"": 19979, ""5"": 9812}",connected
93399,302,20000,0.050000000000000044,0.013065265044569969,-2.16099994903896,0.0,0.0,0,"{""0"": 16472, ""1"": 15461, ""2"": 17344, ""3"": 14331, ""4"": 19979, ""5"": 9812}",connected
93499,302,20000,0.050000000000000044,0.013453617566265166,-2.16099994903896,0.0,0.0,0,"{""0"": 16572, ""1"": 15461, ""2"": 17344, ""3"": 14331, ""4"": 19979, ""5"": 9812}",connected
93599,302,20000,0.050000000000000044,0.013705467940308153,-2.16099994903896,0.0,0.0,0,"{""0"": 16672, ""1"": 15461, ""2"": 17344, ""3"": 14331, ""4"": 19979, ""5"": 9812}",connected
93699,302,20000,0.050000000000000044,0.013163700168952346,-2.16099994903896,0.0,0.0,0,"{""0"": 16772, ""1"": 15461, ""2"": 17344, ""3"": 14331, ""4"": 19979, ""5"": 9812}",connected
93799,302,20000,0.050000000000000044,0.012289766706526279,-2.16099994903896,0.0,0.0,0,"{""0"": 16872, ""1"": 15461, ""2"": 17344, ""3"": 14331, ""4"": 19979, ""5"": 9812}",connected
93899,302,20000,0.050000000000000044,0.01245371114462614,-2.16099994903896,0.0,0.0,0,"{""0"": 16972, ""1"": 15461, ""2"": 17344, ""3"": 14331, ""4"": 19979, ""5"": 9812}",connected
93999,304,20000,0.050000000000000044,0.012359711742028594,-2.2829199489811436,0.0,0.0,0,"{""0"": 17072, ""1"": 15461, ""2"": 17344, ""3"": 14331, ""4"": 19979, ""5"": 9812}",connected
94099,304,20000,0.050000000000000044,0.011806324049830437,-2.2829199489811436,0.0,0.0,0,"{""0"": 17172, ""1"": 15461, ""2"": 17344, ""3"": 14331, ""4"": 19979, ""5"": 9812}",connected
94199,304,20000,0.050000000000000044,0.012025833451189101,-2.2829199489811436,0.0,0.0,0,"{""0"": 17272, ""1"": 15461, ""2"": 17344, ""3"": 14331, ""4"": 19979, ""5"": 9812}",connected
94299,304,20000,0.050000000000000044,0.011325945393182338,-2.2829199489811436,0.0,0.0,0,"{""0"": 17372, ""1"": 15461, ""2"": 17344, ""3"": 14331, ""4"": 19979, ""5"": 9812}",connected
94399,304,20000,0.050000000000000044,0.012135578864254058,-2.2829199489811436,0.0,0.0,0,"{""0"": 17472, ""1"": 15461, ""2"": 17344, ""3"": 14331, ""4"": 19979, ""5"": 9812}",connected
94499,304,20000,0.050000000000000044,0.012557738344185054,-2.2829199489811436,0.0,0.0,0,"{""0"": 17572, ""1"": 15461, ""2"": 17344, ""3"": 14331, ""4"": 19979, ""5"": 9812}",connected
94599,306,20000,0.050000000000000044,0.012873242003843188,-2.3340599472820758,0.0,0.0,0,"{""0"": 17672, ""1"": 15461, ""2"": 17344, ""3"": 14331, ""4"": 19979, ""5"": 9812}",connected
94699,306,20000,0.050000000000000044,0.013279453977011144,-2.3340599472820758,0.0,0.0,0,"{""0"": 17772, ""1"": 15461, ""2"": 17344, ""3"": 14331, ""4"": 19979, ""5"": 9812}",connected
94799,306,20000,0.050000000000000044,0.012546933302655817,-2.3340599472820758,0.0,0.0,0,"{""0"": 17872, ""1"": 15461, ""2"": 17344, ""3"": 14331, ""4"": 19979, ""5"": 9812}",connected
94899,306,20000,0.050000000000000044,0.013027604967355728,-2.3340599472820758,0.0,0.0,0,"{""0"": 17972, ""1"": 15461, ""2"": 17344, ""3"": 14331, ""4"": 19979, ""5"": 9812}",connected
94999,306,20000,0.050000000000000044,0.01234953618142754,-2.3340599472820758,0.0,0.0,0,"{""0"": 18072, ""1"": 15461, ""2"": 17344, ""3"": 14331, ""4"": 19979, ""5"": 9812}",connected
95099,306,20000,0.050000000000000044,0.01226110908202827,-2.3340599472820758,0.0,0.0,0,"{""0"": 18172, ""1"": 15461, ""2"": 17344, ""3"": 14331, ""4"": 19979, ""5"": 9812}",connected
95199,308,20000,0.050000000000000044,0.012500401916913689,-2.4102799492608757,0.0,0.0,0,"{""0"": 18272, ""1"": 15461, ""2"": 17344, ""3"": 14331, ""4"": 19979, ""5"": 9812}",connected
95299,308,20000,0.050000000000000044,0.01193959073163569,-2.4102799492608757,0.0,0.0,0,"{""0"": 18372, ""1"": 15461, ""2"": 17344, ""3"": 14331, ""4"": 19979, ""5"": 9812}",connected
95399,308,20000,0.050000000000000044,0.012026654724031687,-2.4102799492608757,0.0,0.0,0,"{""0"": 18472, ""1"": 15461, ""2"": 17344, ""3"": 14331, ""4"": 19979, ""5"": 9812}",connected
95499,308,20000,0.050000000000000044,0.011413399861194194,-2.4102799492608757,0.0,0.0,0,"{""0"": 18572, ""1"": 15461, ""2"": 17344, ""3"": 14331, ""4"": 19979, ""5"": 9812}",connected
95599,308,20000,0.050000000000000044,0.01135076066479087,-2.4102799492608757,0.0,0.0,0,"{""0"": 18672, ""1"": 15461, ""2"": 17344, ""3"": 14331, ""4"": 19979, ""5"": 9812}",connected
95699,308,20000,0.050000000000000044,0.011131473267450929,-2.4102799492608757,0.0,0.0,0,"{""0"": 18772, ""1"": 15461, ""2"": 17344, ""3"": 14331, ""4"": 19979, ""5"": 9812}",connected
95799,310,20000,0.050000000000000044,0.010428394470363856,-2.370589950447902,0.0,0.0,0,"{""0"": 18872, ""1"": 15461, ""2"": 17344, ""3"": 14331, ""4"": 19979, ""5"": 9812}",connected
95899,310,20000,0.050000000000000044,0.011402537277899683,-2.370589950447902,0.0,0.0,0,"{""0"": 18972, ""1"": 15461, ""2"": 17344, ""3"": 14331, ""4"": 19979, ""5"": 9812}",connected
95999,310,20000,0.050000000000000044,0.011132132974453271,-2.370589950447902,0.0,0.0,0,"{""0"": 19072, ""1"": 15461, ""2"": 17344, ""3"": 14331, ""4"": 19979, ""5"": 9812}",connected
96099,310,20000,0.050000000000000044,0.012622413355857134,-2.370589950447902,0.0,0.0,0,"{""0"": 19172, ""1"": 15461, ""2"": 17344, ""3"": 14331, ""4"": 19979, ""5"": 9812}",connected
96199,310,20000,0.050000000000000044,0.013076810948550701,-2.370589950447902,0.0,0.0,0,"{""0"": 19272, ""1"": 15461, ""2"": 17344, ""3"": 14331, ""4"": 19979, ""5"": 9812}",connected
96299,312,20000,0.050000000000000044,0.012825654791668058,-2.3722899498511105,0.0,0.0,0,"{""0"": 19372, ""1"": 15461, ""2"": 17344, ""3"": 14331, ""4"": 19979, ""5"": 9812}",connected
96399,312,20000,0.050000000000000044,0.012991207679733633,-2.3722899498511105,0.0,0.0,0,"{""0"": 19472, ""1"": 15461, ""2"": 17344, ""3"": 14331, ""4"": 19979, ""5"": 9812}",connected
96499,312,20000,0.050000000000000044,0.011550412438809872,-2.3722899498511105,0.0,0.0,0,"{""0"": 19572, ""1"": 15461, ""2"": 17344, ""3"": 14331, ""4"": 19979, ""5"": 9812}",connected
96599,312,20000,0.050000000000000044,0.012350934105925263,-2.3722899498511105,0.0,0.0,0,"{""0"": 19672, ""1"": 15461, ""2"": 17344, ""3"": 14331, ""4"": 19979, ""5"": 9812}",connected
96699,312,20000,0.050000000000000044,0.012306966469623148,-2.3722899498511105,0.0,0.0,0,"{""0"": 19772, ""1"": 15461, ""2"": 17344, ""3"": 14331, ""4"": 19979, ""5"": 9812}",connected
96799,312,20000,0.050000000000000044,0.011719397981651128,-2.3722899498511105,0.0,0.0,0,"{""0"": 19872, ""1"": 15461, ""2"": 17344, ""3"": 14331, ""4"": 19979, ""5"": 9812}",connected
96899,314,20000,0.050000000000000044,0.0122922807559371,-2.3677299524191766,0.0,0.0,0,"{""0"": 19972, ""1"": 15461, ""2"": 17344, ""3"": 14331, ""4"": 19979, ""5"": 9812}",connected
96999,314,20000,0.050000000000000044,0.011662117498926818,-2.3677299524191766,0.0,0.0,0,"{""0"": 20072, ""1"": 15461, ""2"": 17344, ""3"": 14331, ""4"": 19979, ""5"": 9812}",connected
97099,314,20000,0.050000000000000044,0.011029911441728473,-2.3677299524191766,0.0,0.0,0,"{""0"": 20172, ""1"": 15461, ""2"": 17344, ""3"": 14331, ""4"": 19979, ""5"": 9812}",connected
97199,314,20000,0.050000000000000044,0.011392917362973093,-2.3677299524191766,0.0,0.0,0,"{""0"": 20272, ""1"": 15461, ""2"": 17344, ""3"": 14331, ""4"": 19979, ""5"": 9812}",connected
97299,314,20000,0.050000000000000044,0.010827815225347877,-2.3677299524191766,0.0,0.0,0,"{""0"": 20372, ""1"": 15461, ""2"": 17344, ""3"": 14331, ""4"": 19979, ""5"": 9812}",connected
97399,316,20000,0.050000000000000044,0.011465868554078043,-2.4768199501745403,0.0,0.0,0,"{""0"": 20472, ""1"": 15461, ""2"": 17344, ""3"": 14331, ""4"": 19979, ""5"": 9812}",connected
97499,316,20000,0.050000000000000044,0.012018761136569084,-2.4768199501745403,0.0,0.0,0,"{""0"": 20572, ""1"": 15461, ""2"": 17344, ""3"": 14331, ""4"": 19979, ""5"": 9812}",connected
97599,316,20000,0.050000000000000044,0.01172623384743929,-2.4768199501745403,0.0,0.0,0,"{""0"": 20672, ""1"": 15461, ""2"": 17344, ""3"": 14331, ""4"": 19979, ""5"": 9812}",connected
97699,316,20000,0.050000000000000044,0.011374612073414028,-2.4768199501745403,0.0,0.0,0,"{""0"": 20772, ""1"": 15461, ""2"": 17344, ""3"": 14331, ""4"": 19979, ""5"": 9812}",connected
97799,316,20000,0.050000000000000044,0.010418589941691607,-2.4768199501745403,0.0,0.0,0,"{""0"": 20872, ""1"": 15461, ""2"": 17344, ""3"": 14331, ""4"": 19979, ""5"": 9812}",connected
97899,316,20000,0.050000000000000044,0.009226234385278077,-2.4768199501745403,0.0,0.0,0,"{""0"": 20972, ""1"": 15461, ""2"": 17344, ""3"": 14331, ""4"": 19979, ""5"": 9812}",connected
97999,318,20000,0.050000000000000044,0.009945458949077874,-2.555299948998727,0.0,0.0,0,"{""0"": 21072, ""1"": 15461, ""2"": 17344, ""3"": 14331, ""4"": 19979, ""5"": 9812}",connected
98099,318,20000,0.050000000000000044,0.010558287983294577,-2.555299948998727,0.0,0.0,0,"{""0"": 21172, ""1"": 15461, ""2"": 17344, ""3"": 14331, ""4"": 19979, ""5"": 9812}",connected
98199,318,20000,0.050000000000000044,0.010702117660548538,-2.555299948998727,0.0,0.0,0,"{""0"": 21272, ""1"": 15461, ""2"": 17344, ""3"": 14331, ""4"": 19979, ""5"": 9812}",connected
98299,318,20000,0.050000000000000044,0.012535062653478235,-2.555299948998727,0.0,0.0,0,"{""0"": 21372, ""1"": 15461, ""2"": 17344, ""3"": 14331, ""4"": 19979, ""5"": 9812}",connected
98399,318,20000,0.050000000000000044,0.011830439509358257,-2.555299948998727,0.0,0.0,0,"{""0"": 21472, ""1"": 15461, ""2"": 17344, ""3"": 14331, ""4"": 19979, ""5"": 9812}",connected
98499,320,20000,0.050000000000000044,0.012076864370610564,-2.6110699508013204,0.0,0.0,0,"{""0"": 21572, ""1"": 15461, ""2"": 17344, ""3"": 14331, ""4"": 19979, ""5"": 9812}",connected
98599,320,20000,0.050000000000000044,0.012245050461497159,-2.6110699508013204,0.0,0.0,0,"{""0"": 21672, ""1"": 15461, ""2"": 17344, ""3"": 14331, ""4"": 19979, ""5"": 9812}",connected
98699,320,20000,0.050000000000000044,0.011459102788940072,-2.6110699508013204,0.0,0.0,0,"{""0"": 21772, ""1"": 15461, ""2"": 17344, ""3"": 14331, ""4"": 19979, ""5"": 9812}",connected
98799,320,20000,0.050000000000000044,0.011051354864612221,-2.6110699508013204,0.0,0.0,0,"{""0"": 21872, ""1"": 15461, ""2"": 17344, ""3"": 14331, ""4"": 19979, ""5"": 9812}",connected
98899,320,20000,0.050000000000000044,0.01020881491014734,-2.6110699508013204,0.0,0.0,0,"{""0"": 21972, ""1"": 15461, ""2"": 17344, ""3"": 14331, ""4"": 19979, ""5"": 9812}",connected
98999,322,20000,0.050000000000000044,0.009910205907654018,-2.5904599525080996,0.0,0.0,0,"{""0"": 22072, ""1"": 15461, ""2"": 17344, ""3"": 14331, ""4"": 19979, ""5"": 9812}",connected
99099,322,20000,0.050000000000000044,0.010249586584977806,-2.5904599525080996,0.0,0.0,0,"{""0"": 22172, ""1"": 15461, ""2"": 17344, ""3"": 14331, ""4"": 19979, ""5"": 9812}",connected
99199,322,20000,0.050000000000000044,0.01075286665931344,-2.5904599525080996,0.0,0.0,0,"{""0"": 22272, ""1"": 15461, ""2"": 17344, ""3"": 14331, ""4"": 19979, ""5"": 9812}",connected
99299,322,20000,0.050000000000000044,0.011218244801275432,-2.5904599525080996,0.0,0.0,0,"{""0"": 22372, ""1"": 15461, ""2"": 17344, ""3"": 14331, ""4"": 19979, ""5"": 9812}",connected
99399,322,20000,0.050000000000000044,0.011506075740326195,-2.5904599525080996,0.0,0.0,0,"{""0"": 22472, ""1"": 15461, ""2"": 17344, ""3"": 14331, ""4"": 19979, ""5"": 9812}",connected
99499,324,20000,0.050000000000000044,0.010353406087961047,-2.6167999509116635,0.0,0.0,0,"{""0"": 22572, ""1"": 15461, ""2"": 17344, ""3"": 14331, ""4"": 19979, ""5"": 9812}",connected
99599,324,20000,0.050000000000000044,0.010673178306315095,-2.6167999509116635,0.0,0.0,0,"{""0"": 22672, ""1"": 15461, ""2"": 17344, ""3"": 14331, ""4"": 19979, ""5"": 9812}",connected
99699,324,20000,0.050000000000000044,0.011214897967875004,-2.6167999509116635,0.0,0.0,0,"{""0"": 22772, ""1"": 15461, ""2"": 17344, ""3"": 14331, ""4"": 19979, ""5"": 9812}",connected
99799,324,20000,0.050000000000000044,0.010521995357703418,-2.6167999509116635,0.0,0.0,0,"{""0"": 22872, ""1"": 15461, ""2"": 17344, ""3"": 14331, ""4"": 19979, ""5"": 9812}",connected
99899,324,20000,0.050000000000000044,0.01101146989967674,-2.6167999509116635,0.0,0.0,0,"{""0"": 22972, ""1"": 15461, ""2"": 17344, ""3"": 14331, ""4"": 19979, ""5"": 9812}",connected
99999,326,20000,0.050000000000000044,0.010570241063833237,-2.707359950537793,0.0,0.0,0,"{""0"": 23072, ""1"": 15461, ""2"": 17344, ""3"": 14331, ""4"": 19979, ""5"": 9812}",connected
100099,326,20000,0.050000000000000044,0.009978640298359097,-2.707359950537793,0.0,0.0,0,"{""0"": 23172, ""1"": 15461, ""2"": 17344, ""3"": 14331, ""4"": 19979, ""5"": 9812}",connected
100199,326,20000,0.050000000000000044,0.010522443682421,-2.707359950537793,0.0,0.0,0,"{""0"": 23272, ""1"": 15461, ""2"": 17344, ""3"": 14331, ""4"": 19979, ""5"": 9812}",connected
100299,326,20000,0.050000000000000044,0.011151044531725347,-2.707359950537793,0.0,0.0,0,"{""0"": 23372, ""1"": 15461, ""2"": 17344, ""3"": 14331, ""4"": 19979, ""5"": 9812}",connected
100399,326,20000,0.050000000000000044,0.010531140405219049,-2.707359950537793,0.0,0.0,0,"{""0"": 23472, ""1"": 15461, ""2"": 17344, ""3"": 14331, ""4"": 19979, ""5"": 9812}",connected
100499,326,20000,0.050000000000000044,0.009831776542123407,-2.707359950537793,0.0,0.0,0,"{""0"": 23572, ""1"": 15461, ""2"": 17344, ""3"": 14331, ""4"": 19979, ""5"": 9812}",connected
100599,328,20000,0.050000000000000044,0.009336847718805075,-2.595859952820465,0.0,0.0,0,"{""0"": 23672, ""1"": 15461, ""2"": 17344, ""3"": 14331, ""4"": 19979, ""5"": 9812}",connected
100699,328,20000,0.050000000000000044,0.008574893570039422,-2.595859952820465,0.0,0.0,0,"{""0"": 23772, ""1"": 15461, ""2"": 17344, ""3"": 14331, ""4"": 19979, ""5"": 9812}",connected
100799,328,20000,0.050000000000000044,0.008677912643179297,-2.595859952820465,0.0,0.0,0,"{""0"": 23872, ""1"": 15461, ""2"": 17344, ""3"": 14331, ""4"": 19979, ""5"": 9812}",connected
100899,328,20000,0.050000000000000044,0.00869761111913249,-2.595859952820465,0.0,0.0,0,"{""0"": 23972, ""1"": 15461, ""2"": 17344, ""3"": 14331, ""4"": 19979, ""5"": 9812}",connected
100999,328,20000,0.050000000000000044,0.009953374720644205,-2.595859952820465,0.0,0.0,0,"{""0"": 24072, ""1"": 15461, ""2"": 17344, ""3"": 14331, ""4"": 19979, ""5"": 9812}",connected
101099,330,20000,0.050000000000000044,0.010277090026065708,-2.690079951416701,0.0,0.0,0,"{""0"": 24172, ""1"": 15461, ""2"": 17344, ""3"": 14331, ""4"": 19979, ""5"": 9812}",connected
101199,330,20000,0.050000000000000044,0.011705789379775525,-2.690079951416701,0.0,0.0,0,"{""0"": 24272, ""1"": 15461, ""2"": 17344, ""3"": 14331, ""4"": 19979, ""5"": 9812}",connected
101299,330,20000,0.050000000000000044,0.012322153493296356,-2.690079951416701,0.0,0.0,0,"{""0"": 24372, ""1"": 15461, ""2"": 17344, ""3"": 14331, ""4"": 19979, ""5"": 9812}",connected
101399,330,20000,0.050000000000000044,0.010659267941955477,-2.690079951416701,0.0,0.0,0,"{""0"": 24472, ""1"": 15461, ""2"": 17344, ""3"": 14331, ""4"": 19979, ""5"": 9812}",connected
101499,330,20000,0.050000000000000044,0.01063872523372993,-2.690079951416701,0.0,0.0,0,"{""0"": 24572, ""1"": 15461, ""2"": 17344, ""3"": 14331, ""4"": 19979, ""5"": 9812}",connected
101599,331,20000,0.050000000000000044,0.009159507472068071,-2.687199950814247,0.0,0.0,0,"{""0"": 24672, ""1"": 15461, ""2"": 17344, ""3"": 14331, ""4"": 19979, ""5"": 9812}",connected
101699,331,20000,0.050000000000000044,0.007824265512172133,-2.687199950814247,0.0,0.0,0,"{""0"": 24772, ""1"": 15461, ""2"": 17344, ""3"": 14331, ""4"": 19979, ""5"": 9812}",connected
101799,331,20000,0.050000000000000044,0.008304796207230538,-2.687199950814247,0.0,0.0,0,"{""0"": 24872, ""1"": 15461, ""2"": 17344, ""3"": 14331, ""4"": 19979, ""5"": 9812}",connected
101899,331,20000,0.050000000000000044,0.007435019093099982,-2.687199950814247,0.0,0.0,0,"{""0"": 24972, ""1"": 15461, ""2"": 17344, ""3"": 14331, ""4"": 19979, ""5"": 9812}",connected
101999,332,20000,0.050000000000000044,0.007752466956153512,-2.7425599510082974,0.0,0.0,0,"{""0"": 25072, ""1"": 15461, ""2"": 17344, ""3"": 14331, ""4"": 19979, ""5"": 9812}",connected
102099,332,20000,0.050000000000000044,0.009551292164251208,-2.7425599510082974,0.0,0.0,0,"{""0"": 25172, ""1"": 15461, ""2"": 17344, ""3"": 14331, ""4"": 19979, ""5"": 9812}",connected
102199,332,20000,0.050000000000000044,0.010026791654527188,-2.7425599510082974,0.0,0.0,0,"{""0"": 25272, ""1"": 15461, ""2"": 17344, ""3"": 14331, ""4"": 19979, ""5"": 9812}",connected
102299,332,20000,0.050000000000000044,0.00992106280173175,-2.7425599510082974,0.0,0.0,0,"{""0"": 25372, ""1"": 15461, ""2"": 17344, ""3"": 14331, ""4"": 19979, ""5"": 9812}",connected
102399,332,20000,0.050000000000000044,0.010151324515463784,-2.7425599510082974,0.0,0.0,0,"{""0"": 25472, ""1"": 15461, ""2"": 17344, ""3"": 14331, ""4"": 19979, ""5"": 9812}",connected
102499,332,20000,0.050000000000000044,0.009142022939631716,-2.7425599510082974,0.0,0.0,0,"{""0"": 25572, ""1"": 15461, ""2"": 17344, ""3"": 14331, ""4"": 19979, ""5"": 9812}",connected
102599,332,20000,0.050000000000000044,0.00882250454626046,-2.7425599510082974,0.0,0.0,0,"{""0"": 25672, ""1"": 15461, ""2"": 17344, ""3"": 14331, ""4"": 19979, ""5"": 9812}",connected
102699,332,20000,0.050000000000000044,0.009785770748276263,-2.7425599510082974,0.0,0.0,0,"{""0"": 25772, ""1"": 15461, ""2"": 17344, ""3"": 14331, ""4"": 19979, ""5"": 9812}",connected
102799,334,20000,0.050000000000000044,0.010525733220856637,-2.6414999520918356,0.0,0.0,0,"{""0"": 25872, ""1"": 15461, ""2"": 17344, ""3"": 14331, ""4"": 19979, ""5"": 9812}",connected
102899,334,20000,0.050000000000000044,0.010982810088898986,-2.6414999520918356,0.0,0.0,0,"{""0"": 25972, ""1"": 15461, ""2"": 17344, ""3"": 14331, ""4"": 19979, ""5"": 9812}",connected
102999,334,20000,0.050000000000000044,0.011563357792329042,-2.6414999520918356,0.0,0.0,0,"{""0"": 26072, ""1"": 15461, ""2"": 17344, ""3"": 14331, ""4"": 19979, ""5"": 9812}",connected
103042,334,20000,0.050000000000000044,0.011301087159663438,-2.6414999520918356,0.0,0.0,0,"{""0"": 26115, ""1"": 15461, ""2"": 17344, ""3"": 14331, ""4"": 19979, ""5"": 9812}",stopped
