global_step,episode_count,replay_size,epsilon,loss,mean_reward_100,expert_action_loss,expert_bc_weight,expert_replay_size,action_counts,connection_status
99,0,99,0.9984325,0.0,0.0,0.0,0.05,1526,"{""0"": 22, ""1"": 13, ""2"": 20, ""3"": 14, ""4"": 18, ""5"": 12}",connected
199,0,199,0.9968491666666667,0.0,0.0,0.0,0.05,1526,"{""0"": 45, ""1"": 38, ""2"": 29, ""3"": 27, ""4"": 30, ""5"": 30}",connected
299,0,299,0.9952658333333333,0.0,0.0,0.0,0.05,1526,"{""0"": 65, ""1"": 48, ""2"": 43, ""3"": 44, ""4"": 53, ""5"": 46}",connected
399,0,399,0.9936825,0.0,0.0,0.0,0.05,1526,"{""0"": 80, ""1"": 65, ""2"": 65, ""3"": 62, ""4"": 68, ""5"": 59}",connected
499,0,499,0.9920991666666666,0.0,0.0,0.0,0.05,1526,"{""0"": 98, ""1"": 83, ""2"": 78, ""3"": 81, ""4"": 83, ""5"": 76}",connected
599,0,599,0.9905158333333334,0.0,0.0,0.0,0.05,1526,"{""0"": 120, ""1"": 97, ""2"": 89, ""3"": 100, ""4"": 98, ""5"": 95}",connected
699,2,699,0.9889325,0.0,-7.476999908685684,0.0,0.05,1526,"{""0"": 141, ""1"": 114, ""2"": 111, ""3"": 115, ""4"": 109, ""5"": 109}",connected
799,2,799,0.9873491666666667,0.0,-7.476999908685684,0.0,0.05,1526,"{""0"": 157, ""1"": 130, ""2"": 123, ""3"": 132, ""4"": 133, ""5"": 124}",connected
899,2,899,0.9857658333333333,0.0,-7.476999908685684,0.0,0.05,1526,"{""0"": 176, ""1"": 143, ""2"": 143, ""3"": 148, ""4"": 147, ""5"": 142}",connected
999,2,999,0.9841825,0.0,-7.476999908685684,0.0,0.05,1526,"{""0"": 196, ""1"": 161, ""2"": 160, ""3"": 166, ""4"": 158, ""5"": 158}",connected
1099,2,1099,0.9825991666666667,0.0,-7.476999908685684,0.0,0.05,1526,"{""0"": 208, ""1"": 182, ""2"": 178, ""3"": 181, ""4"": 179, ""5"": 171}",connected
1199,4,1199,0.9810158333333333,0.0,-6.535499866236933,0.0,0.05,1526,"{""0"": 223, ""1"": 199, ""2"": 192, ""3"": 202, ""4"": 200, ""5"": 183}",connected
1299,4,1299,0.9794325,0.0,-6.535499866236933,0.0,0.05,1526,"{""0"": 233, ""1"": 214, ""2"": 209, ""3"": 222, ""4"": 220, ""5"": 201}",connected
1399,4,1399,0.9778491666666667,0.0,-6.535499866236933,0.0,0.05,1526,"{""0"": 251, ""1"": 225, ""2"": 227, ""3"": 242, ""4"": 240, ""5"": 214}",connected
1499,4,1499,0.9762658333333334,0.0,-6.535499866236933,0.0,0.05,1526,"{""0"": 264, ""1"": 248, ""2"": 253, ""3"": 252, ""4"": 258, ""5"": 224}",connected
1599,4,1599,0.9746825,0.0,-6.535499866236933,0.0,0.05,1526,"{""0"": 280, ""1"": 268, ""2"": 267, ""3"": 271, ""4"": 272, ""5"": 241}",connected
1699,6,1699,0.9730991666666666,0.0,-5.783666510134935,0.0,0.05,1526,"{""0"": 300, ""1"": 281, ""2"": 279, ""3"": 283, ""4"": 295, ""5"": 261}",connected
1799,6,1799,0.9715158333333334,0.0,-5.783666510134935,0.0,0.05,1526,"{""0"": 316, ""1"": 296, ""2"": 293, ""3"": 300, ""4"": 314, ""5"": 280}",connected
1899,6,1899,0.9699325,0.0,-5.783666510134935,0.0,0.05,1526,"{""0"": 329, ""1"": 315, ""2"": 310, ""3"": 316, ""4"": 340, ""5"": 289}",connected
1999,6,1999,0.9683491666666667,0.0,-5.783666510134935,0.0,0.05,1526,"{""0"": 347, ""1"": 330, ""2"": 324, ""3"": 330, ""4"": 360, ""5"": 308}",connected
2099,8,2099,0.9667658333333333,4.016893715858459,-5.489624847890809,1.0431271958351136,0.05,1526,"{""0"": 370, ""1"": 350, ""2"": 338, ""3"": 347, ""4"": 369, ""5"": 325}",connected
2199,8,2199,0.9651825,2.5571664750576018,-5.489624847890809,1.7489006221294403,0.05,1526,"{""0"": 390, ""1"": 375, ""2"": 341, ""3"": 362, ""4"": 389, ""5"": 342}",connected
2299,8,2299,0.9635991666666667,1.919494419892629,-5.489624847890809,1.9114844965934754,0.05,1526,"{""0"": 408, ""1"": 391, ""2"": 353, ""3"": 377, ""4"": 409, ""5"": 361}",connected
2399,8,2399,0.9620158333333333,1.5547657045722008,-5.489624847890809,1.9546391016244888,0.05,1526,"{""0"": 427, ""1"": 410, ""2"": 365, ""3"": 396, ""4"": 425, ""5"": 376}",connected
2499,8,2499,0.9604325,0.6506172490119934,-5.489624847890809,2.1565127086639406,0.05,1526,"{""0"": 444, ""1"": 421, ""2"": 378, ""3"": 418, ""4"": 449, ""5"": 389}",connected
2599,10,2599,0.9588491666666666,0.4685188475251198,-5.5217998447362335,1.9283524930477143,0.05,1526,"{""0"": 452, ""1"": 437, ""2"": 402, ""3"": 435, ""4"": 466, ""5"": 407}",connected
2699,10,2699,0.9572658333333334,0.3947798469662666,-5.5217998447362335,1.7210584104061126,0.05,1526,"{""0"": 463, ""1"": 455, ""2"": 413, ""3"": 449, ""4"": 484, ""5"": 435}",connected
2799,10,2799,0.9556825,0.35787525594234465,-5.5217998447362335,1.5217776787281037,0.05,1526,"{""0"": 484, ""1"": 469, ""2"": 421, ""3"": 469, ""4"": 501, ""5"": 455}",connected
2899,10,2899,0.9540991666666667,0.33273954555392266,-5.5217998447362335,1.3433978939056397,0.05,1526,"{""0"": 501, ""1"": 481, ""2"": 438, ""3"": 482, ""4"": 522, ""5"": 475}",connected
2999,10,2999,0.9525158333333333,0.31668750181794164,-5.5217998447362335,1.224003562927246,0.05,1526,"{""0"": 518, ""1"": 497, ""2"": 462, ""3"": 497, ""4"": 531, ""5"": 494}",connected
3099,12,3099,0.9509325,0.2838432812690735,-5.36899983692759,1.1309725308418275,0.05,1526,"{""0"": 537, ""1"": 507, ""2"": 484, ""3"": 520, ""4"": 549, ""5"": 502}",connected
3199,12,3199,0.9493491666666667,0.25432095006108285,-5.36899983692759,1.0634019464254378,0.05,1526,"{""0"": 556, ""1"": 521, ""2"": 501, ""3"": 533, ""4"": 574, ""5"": 514}",connected
3299,12,3299,0.9477658333333333,0.2312048791348934,-5.36899983692759,1.02937946498394,0.05,1526,"{""0"": 572, ""1"": 533, ""2"": 515, ""3"": 554, ""4"": 592, ""5"": 533}",connected
3399,12,3399,0.9461825,0.20995658978819848,-5.36899983692759,1.0077333575487137,0.05,1526,"{""0"": 594, ""1"": 553, ""2"": 528, ""3"": 569, ""4"": 608, ""5"": 547}",connected
3499,12,3499,0.9445991666666667,0.20866760045289992,-5.36899983692759,0.9949742496013642,0.05,1526,"{""0"": 606, ""1"": 563, ""2"": 545, ""3"": 590, ""4"": 625, ""5"": 570}",connected
3599,14,3599,0.9430158333333334,0.21297093987464905,-5.369071267778054,0.9796711438894272,0.05,1526,"{""0"": 622, ""1"": 580, ""2"": 566, ""3"": 603, ""4"": 647, ""5"": 581}",connected
3699,14,3699,0.9414325,0.2136907720565796,-5.369071267778054,0.9700015079975128,0.05,1526,"{""0"": 634, ""1"": 592, ""2"": 587, ""3"": 624, ""4"": 668, ""5"": 594}",connected
3799,14,3799,0.9398491666666666,0.209516891092062,-5.369071267778054,0.9609417325258255,0.05,1526,"{""0"": 642, ""1"": 610, ""2"": 603, ""3"": 645, ""4"": 686, ""5"": 613}",connected
3899,14,3899,0.9382658333333334,0.20346061751246453,-5.369071267778054,0.9471989732980728,0.05,1526,"{""0"": 655, ""1"": 626, ""2"": 614, ""3"": 672, ""4"": 703, ""5"": 629}",connected
3999,16,3999,0.9366825,0.1928864824026823,-5.307499835325871,0.9362091016769409,0.05,1526,"{""0"": 671, ""1"": 639, ""2"": 628, ""3"": 686, ""4"": 721, ""5"": 654}",connected
4099,16,4099,0.9350991666666667,0.18661162205040455,-5.307499835325871,0.9243810671567917,0.05,1526,"{""0"": 685, ""1"": 654, ""2"": 649, ""3"": 703, ""4"": 736, ""5"": 672}",connected
4199,16,4199,0.9335158333333333,0.1747606647014618,-5.307499835325871,0.9240214991569519,0.05,1526,"{""0"": 698, ""1"": 669, ""2"": 671, ""3"": 719, ""4"": 754, ""5"": 688}",connected
4299,16,4299,0.9319325,0.16769303292036056,-5.307499835325871,0.9236685711145401,0.05,1526,"{""0"": 726, ""1"": 682, ""2"": 687, ""3"": 737, ""4"": 761, ""5"": 706}",connected
4399,16,4399,0.9303491666666667,0.1621410035341978,-5.307499835325871,0.9290618085861206,0.05,1526,"{""0"": 743, ""1"": 699, ""2"": 714, ""3"": 746, ""4"": 773, ""5"": 724}",connected
4499,18,4499,0.9287658333333333,0.15282593511044978,-5.241277615151678,0.9311038410663605,0.05,1526,"{""0"": 765, ""1"": 718, ""2"": 727, ""3"": 760, ""4"": 790, ""5"": 739}",connected
4599,18,4599,0.9271825,0.15032603807747363,-5.241277615151678,0.9269963985681534,0.05,1526,"{""0"": 779, ""1"": 735, ""2"": 744, ""3"": 775, ""4"": 813, ""5"": 753}",connected
4699,18,4699,0.9255991666666666,0.14526243433356284,-5.241277615151678,0.9265925133228302,0.05,1526,"{""0"": 801, ""1"": 749, ""2"": 756, ""3"": 799, ""4"": 829, ""5"": 765}",connected
4799,18,4799,0.9240158333333334,0.14431386321783066,-5.241277615151678,0.9180832666158676,0.05,1526,"{""0"": 826, ""1"": 756, ""2"": 779, ""3"": 817, ""4"": 846, ""5"": 775}",connected
4899,18,4899,0.9224325,0.14337390519678592,-5.241277615151678,0.9103832912445068,0.05,1526,"{""0"": 845, ""1"": 771, ""2"": 792, ""3"": 834, ""4"": 864, ""5"": 793}",connected
4999,20,4999,0.9208491666666667,0.14272062472999095,-5.211049838201143,0.9054445415735245,0.05,1526,"{""0"": 868, ""1"": 780, ""2"": 818, ""3"": 842, ""4"": 883, ""5"": 808}",connected
5099,20,5099,0.9192658333333333,0.14285002388060092,-5.211049838201143,0.9041511362791061,0.05,1526,"{""0"": 876, ""1"": 791, ""2"": 838, ""3"": 859, ""4"": 905, ""5"": 830}",connected
5199,20,5199,0.9176825,0.14169682763516903,-5.211049838201143,0.9118143081665039,0.05,1526,"{""0"": 896, ""1"": 804, ""2"": 854, ""3"": 877, ""4"": 921, ""5"": 847}",connected
5299,20,5299,0.9160991666666667,0.13908042214810848,-5.211049838201143,0.9201940190792084,0.05,1526,"{""0"": 912, ""1"": 820, ""2"": 869, ""3"": 899, ""4"": 934, ""5"": 865}",connected
5399,20,5399,0.9145158333333333,0.13401078075170517,-5.211049838201143,0.9295627003908158,0.05,1526,"{""0"": 928, ""1"": 832, ""2"": 891, ""3"": 915, ""4"": 955, ""5"": 878}",connected
5499,22,5499,0.9129325,0.13460316628217697,-5.1875907484315,0.9360583978891373,0.05,1526,"{""0"": 953, ""1"": 845, ""2"": 912, ""3"": 930, ""4"": 972, ""5"": 887}",connected
5599,22,5599,0.9113491666666667,0.13717259131371976,-5.1875907484315,0.9400987493991851,0.05,1526,"{""0"": 967, ""1"": 860, ""2"": 925, ""3"": 948, ""4"": 996, ""5"": 903}",connected
5699,22,5699,0.9097658333333334,0.1361634223908186,-5.1875907484315,0.9471637904644012,0.05,1526,"{""0"": 984, ""1"": 879, ""2"": 938, ""3"": 961, ""4"": 1011, ""5"": 926}",connected
5799,22,5799,0.9081825,0.1383297934383154,-5.1875907484315,0.9450834965705872,0.05,1526,"{""0"": 1002, ""1"": 897, ""2"": 958, ""3"": 975, ""4"": 1023, ""5"": 944}",connected
5899,24,5899,0.9065991666666666,0.1308798963576555,-5.163499840496418,0.940597442984581,0.05,1526,"{""0"": 1016, ""1"": 915, ""2"": 972, ""3"": 986, ""4"": 1046, ""5"": 964}",connected
5999,24,5999,0.9050158333333334,0.1250818820297718,-5.163499840496418,0.9390681040287018,0.05,1526,"{""0"": 1037, ""1"": 933, ""2"": 988, ""3"": 1002, ""4"": 1059, ""5"": 980}",connected
6099,24,6099,0.9034325,0.12695685014128685,-5.163499840496418,0.9273297750949859,0.05,1526,"{""0"": 1052, ""1"": 949, ""2"": 1010, ""3"": 1018, ""4"": 1080, ""5"": 990}",connected
6199,24,6199,0.9018491666666667,0.1263354752957821,-5.163499840496418,0.9224886763095855,0.05,1526,"{""0"": 1070, ""1"": 960, ""2"": 1025, ""3"": 1031, ""4"": 1104, ""5"": 1009}",connected
6299,24,6299,0.9002658333333333,0.12574061535298825,-5.163499840496418,0.9230031681060791,0.05,1526,"{""0"": 1081, ""1"": 975, ""2"": 1047, ""3"": 1050, ""4"": 1128, ""5"": 1018}",connected
6399,26,6399,0.8986825,0.12485891349613666,-5.132307532100151,0.9163139545917511,0.05,1526,"{""0"": 1099, ""1"": 992, ""2"": 1062, ""3"": 1074, ""4"": 1138, ""5"": 1034}",connected
6499,26,6499,0.8970991666666667,0.12034106776118278,-5.132307532100151,0.9223738873004913,0.05,1526,"{""0"": 1118, ""1"": 1014, ""2"": 1077, ""3"": 1082, ""4"": 1154, ""5"": 1054}",connected
6599,26,6599,0.8955158333333333,0.11512160189449787,-5.132307532100151,0.9212751096487045,0.05,1526,"{""0"": 1137, ""1"": 1037, ""2"": 1093, ""3"": 1094, ""4"": 1175, ""5"": 1063}",connected
6699,26,6699,0.8939325,0.11787488035857678,-5.132307532100151,0.9188781505823136,0.05,1526,"{""0"": 1153, ""1"": 1056, ""2"": 1114, ""3"": 1107, ""4"": 1188, ""5"": 1081}",connected
6799,26,6799,0.8923491666666666,0.116972776055336,-5.132307532100151,0.9180546832084656,0.05,1526,"{""0"": 1165, ""1"": 1073, ""2"": 1129, ""3"": 1122, ""4"": 1205, ""5"": 1105}",connected
6899,28,6899,0.8907658333333334,0.11642239078879356,-5.172856982863907,0.9147139668464661,0.05,1526,"{""0"": 1189, ""1"": 1083, ""2"": 1145, ""3"": 1134, ""4"": 1228, ""5"": 1120}",connected
6999,28,6999,0.8891825,0.11684744410216809,-5.172856982863907,0.9164494949579239,0.05,1526,"{""0"": 1204, ""1"": 1099, ""2"": 1161, ""3"": 1158, ""4"": 1240, ""5"": 1137}",connected
7099,30,7099,0.8875991666666667,0.11372942000627517,-4.742733181888858,0.9144839936494827,0.05,1526,"{""0"": 1218, ""1"": 1118, ""2"": 1180, ""3"": 1170, ""4"": 1259, ""5"": 1154}",connected
7199,30,7199,0.8860158333333333,0.11004340939223767,-4.742733181888858,0.9124147480726242,0.05,1526,"{""0"": 1232, ""1"": 1142, ""2"": 1195, ""3"": 1194, ""4"": 1270, ""5"": 1166}",connected
7299,30,7299,0.8844325,0.10765011347830296,-4.742733181888858,0.9066475397348404,0.05,1526,"{""0"": 1257, ""1"": 1151, ""2"": 1215, ""3"": 1206, ""4"": 1293, ""5"": 1177}",connected
7399,30,7399,0.8828491666666667,0.10597378313541413,-4.742733181888858,0.9032460790872574,0.05,1526,"{""0"": 1271, ""1"": 1174, ""2"": 1229, ""3"": 1227, ""4"": 1306, ""5"": 1192}",connected
7499,30,7499,0.8812658333333333,0.10871191941201687,-4.742733181888858,0.9008538401126862,0.05,1526,"{""0"": 1288, ""1"": 1193, ""2"": 1251, ""3"": 1235, ""4"": 1322, ""5"": 1210}",connected
7599,32,7599,0.8796825,0.11463355593383312,-4.781124849396292,0.9014284074306488,0.05,1526,"{""0"": 1308, ""1"": 1207, ""2"": 1272, ""3"": 1252, ""4"": 1335, ""5"": 1225}",connected
7699,32,7699,0.8780991666666667,0.11558251552283764,-4.781124849396292,0.9071735608577728,0.05,1526,"{""0"": 1324, ""1"": 1220, ""2"": 1294, ""3"": 1278, ""4"": 1345, ""5"": 1238}",connected
7799,32,7799,0.8765158333333334,0.12403421081602574,-4.781124849396292,0.9108250498771667,0.05,1526,"{""0"": 1346, ""1"": 1238, ""2"": 1310, ""3"": 1297, ""4"": 1355, ""5"": 1253}",connected
7899,32,7899,0.8749325,0.12398120507597923,-4.781124849396292,0.9183642947673798,0.05,1526,"{""0"": 1373, ""1"": 1250, ""2"": 1325, ""3"": 1316, ""4"": 1373, ""5"": 1262}",connected
7999,32,7999,0.8733491666666666,0.12833304189145564,-4.781124849396292,0.925929536819458,0.05,1526,"{""0"": 1390, ""1"": 1260, ""2"": 1328, ""3"": 1335, ""4"": 1399, ""5"": 1287}",connected
8099,34,8099,0.8717658333333334,0.1307155831158161,-4.784352787729243,0.9292152279615402,0.05,1526,"{""0"": 1414, ""1"": 1278, ""2"": 1334, ""3"": 1347, ""4"": 1421, ""5"": 1305}",connected
8199,34,8199,0.8701825000000001,0.13306237444281577,-4.784352787729243,0.9370089089870453,0.05,1526,"{""0"": 1433, ""1"": 1292, ""2"": 1355, ""3"": 1367, ""4"": 1431, ""5"": 1321}",connected
8299,34,8299,0.8685991666666667,0.13447399623692036,-4.784352787729243,0.9377179443836212,0.05,1526,"{""0"": 1453, ""1"": 1312, ""2"": 1365, ""3"": 1381, ""4"": 1446, ""5"": 1342}",connected
8399,34,8399,0.8670158333333333,0.1273662856966257,-4.784352787729243,0.9450058245658874,0.05,1526,"{""0"": 1465, ""1"": 1337, ""2"": 1378, ""3"": 1403, ""4"": 1465, ""5"": 1351}",connected
8499,35,8499,0.8654325,0.12944013960659503,-4.82094270314223,0.9440075838565827,0.05,1526,"{""0"": 1487, ""1"": 1346, ""2"": 1399, ""3"": 1415, ""4"": 1481, ""5"": 1371}",connected
8599,36,8599,0.8638491666666667,0.12428827807307244,-4.854194290974799,0.9398088526725769,0.05,1526,"{""0"": 1508, ""1"": 1366, ""2"": 1415, ""3"": 1427, ""4"": 1496, ""5"": 1387}",connected
8699,36,8699,0.8622658333333333,0.1184243431687355,-4.854194290974799,0.9448275840282441,0.05,1526,"{""0"": 1521, ""1"": 1388, ""2"": 1430, ""3"": 1442, ""4"": 1513, ""5"": 1405}",connected
8799,36,8799,0.8606825,0.11668764412403107,-4.854194290974799,0.9370727509260177,0.05,1526,"{""0"": 1533, ""1"": 1404, ""2"": 1448, ""3"": 1462, ""4"": 1532, ""5"": 1420}",connected
8899,36,8899,0.8590991666666666,0.10993115991353988,-4.854194290974799,0.9394312632083893,0.05,1526,"{""0"": 1550, ""1"": 1419, ""2"": 1461, ""3"": 1478, ""4"": 1545, ""5"": 1446}",connected
8999,38,8999,0.8575158333333334,0.10438565753400325,-4.914078792655154,0.9404699170589447,0.05,1526,"{""0"": 1564, ""1"": 1428, ""2"": 1477, ""3"": 1501, ""4"": 1565, ""5"": 1464}",connected
9099,38,9099,0.8559325,0.11018392436206341,-4.914078792655154,0.9359887731075287,0.05,1526,"{""0"": 1579, ""1"": 1448, ""2"": 1489, ""3"": 1513, ""4"": 1587, ""5"": 1483}",connected
9199,38,9199,0.8543491666666667,0.11583541609346866,-4.914078792655154,0.9283587193489075,0.05,1526,"{""0"": 1591, ""1"": 1461, ""2"": 1515, ""3"": 1530, ""4"": 1605, ""5"": 1497}",connected
9299,38,9299,0.8527658333333333,0.11760623075067997,-4.914078792655154,0.9265385925769806,0.05,1526,"{""0"": 1606, ""1"": 1481, ""2"": 1531, ""3"": 1548, ""4"": 1620, ""5"": 1513}",connected
9399,38,9399,0.8511825,0.11798706136643887,-4.914078792655154,0.9264625346660614,0.05,1526,"{""0"": 1615, ""1"": 1498, ""2"": 1555, ""3"": 1561, ""4"": 1642, ""5"": 1528}",connected
9499,40,9499,0.8495991666666667,0.11060329034924507,-4.948824844358024,0.9204681169986725,0.05,1526,"{""0"": 1626, ""1"": 1516, ""2"": 1574, ""3"": 1574, ""4"": 1657, ""5"": 1552}",connected
9599,40,9599,0.8480158333333333,0.1063265123218298,-4.948824844358024,0.9224388837814331,0.05,1526,"{""0"": 1647, ""1"": 1540, ""2"": 1592, ""3"": 1583, ""4"": 1669, ""5"": 1568}",connected
9699,40,9699,0.8464325,0.10653690345585347,-4.948824844358024,0.913145718574524,0.05,1526,"{""0"": 1666, ""1"": 1562, ""2"": 1601, ""3"": 1597, ""4"": 1687, ""5"": 1586}",connected
9799,40,9799,0.8448491666666667,0.1036099936813116,-4.948824844358024,0.9057405215501785,0.05,1526,"{""0"": 1687, ""1"": 1575, ""2"": 1613, ""3"": 1615, ""4"": 1705, ""5"": 1604}",connected
9899,40,9899,0.8432658333333334,0.10486123077571392,-4.948824844358024,0.9016182494163513,0.05,1526,"{""0"": 1703, ""1"": 1597, ""2"": 1633, ""3"": 1627, ""4"": 1722, ""5"": 1617}",connected
9999,42,9999,0.8416825,0.10156499668955803,-4.954642700563584,0.8975899004936219,0.05,1526,"{""0"": 1714, ""1"": 1623, ""2"": 1652, ""3"": 1643, ""4"": 1735, ""5"": 1632}",connected
10099,42,10099,0.8400991666666666,0.10793132469058037,-4.954642700563584,0.8986629587411881,0.05,1526,"{""0"": 1724, ""1"": 1641, ""2"": 1677, ""3"": 1657, ""4"": 1750, ""5"": 1650}",connected
10199,42,10199,0.8385158333333333,0.11286602452397347,-4.954642700563584,0.9000229096412659,0.05,1526,"{""0"": 1740, ""1"": 1646, ""2"": 1700, ""3"": 1670, ""4"": 1771, ""5"": 1672}",connected
10299,42,10299,0.8369325000000001,0.11073429882526398,-4.954642700563584,0.8970871496200562,0.05,1526,"{""0"": 1755, ""1"": 1660, ""2"": 1726, ""3"": 1684, ""4"": 1789, ""5"": 1685}",connected
10399,44,10399,0.8353491666666667,0.11193415112793445,-4.935340751364658,0.903420261144638,0.05,1526,"{""0"": 1767, ""1"": 1670, ""2"": 1747, ""3"": 1704, ""4"": 1809, ""5"": 1702}",connected
10499,44,10499,0.8337658333333333,0.10338642418384553,-4.935340751364658,0.9093872725963592,0.05,1526,"{""0"": 1785, ""1"": 1689, ""2"": 1758, ""3"": 1721, ""4"": 1829, ""5"": 1717}",connected
10599,44,10599,0.8321825,0.1050479420274496,-4.935340751364658,0.9063444364070893,0.05,1526,"{""0"": 1809, ""1"": 1702, ""2"": 1776, ""3"": 1737, ""4"": 1843, ""5"": 1732}",connected
10699,44,10699,0.8305991666666667,0.10513969838619232,-4.935340751364658,0.9100408083200455,0.05,1526,"{""0"": 1823, ""1"": 1731, ""2"": 1796, ""3"": 1755, ""4"": 1847, ""5"": 1747}",connected
10799,46,10799,0.8290158333333333,0.10442947924137115,-4.684652017065041,0.9086065250635147,0.05,1526,"{""0"": 1837, ""1"": 1738, ""2"": 1816, ""3"": 1768, ""4"": 1871, ""5"": 1769}",connected
10899,46,10899,0.8274325,0.10626405149698258,-4.684652017065041,0.9022771024703979,0.05,1526,"{""0"": 1857, ""1"": 1753, ""2"": 1831, ""3"": 1783, ""4"": 1888, ""5"": 1787}",connected
10999,46,10999,0.8258491666666667,0.09924070719629526,-4.684652017065041,0.9004780548810959,0.05,1526,"{""0"": 1869, ""1"": 1774, ""2"": 1845, ""3"": 1799, ""4"": 1910, ""5"": 1802}",connected
11099,46,11099,0.8242658333333334,0.10210174102336168,-4.684652017065041,0.8974465197324752,0.05,1526,"{""0"": 1883, ""1"": 1796, ""2"": 1854, ""3"": 1825, ""4"": 1922, ""5"": 1819}",connected
11199,48,11199,0.8226825,0.10379959132522344,-4.533958173192029,0.8933302849531174,0.05,1526,"{""0"": 1905, ""1"": 1808, ""2"": 1865, ""3"": 1851, ""4"": 1929, ""5"": 1841}",connected
11299,48,11299,0.8210991666666667,0.10238708425313234,-4.533958173192029,0.8921586483716964,0.05,1526,"{""0"": 1925, ""1"": 1827, ""2"": 1881, ""3"": 1867, ""4"": 1944, ""5"": 1855}",connected
11399,48,11399,0.8195158333333333,0.1053443430364132,-4.533958173192029,0.8895620059967041,0.05,1526,"{""0"": 1937, ""1"": 1844, ""2"": 1891, ""3"": 1890, ""4"": 1967, ""5"": 1870}",connected
11499,48,11499,0.8179325000000001,0.10862317822873592,-4.533958173192029,0.889504229426384,0.05,1526,"{""0"": 1949, ""1"": 1860, ""2"": 1907, ""3"": 1901, ""4"": 1991, ""5"": 1891}",connected
11599,48,11599,0.8163491666666667,0.10361213020980359,-4.533958173192029,0.8903873002529145,0.05,1526,"{""0"": 1968, ""1"": 1879, ""2"": 1927, ""3"": 1914, ""4"": 2000, ""5"": 1911}",connected
11699,50,11699,0.8147658333333333,0.10424199856817723,-4.622719840435312,0.8876937645673751,0.05,1526,"{""0"": 1994, ""1"": 1892, ""2"": 1945, ""3"": 1930, ""4"": 2008, ""5"": 1930}",connected
11799,50,11799,0.8131825,0.09808208506554365,-4.622719840435312,0.8890250182151794,0.05,1526,"{""0"": 2016, ""1"": 1904, ""2"": 1959, ""3"": 1946, ""4"": 2027, ""5"": 1947}",connected
11899,50,11899,0.8115991666666666,0.08992878425866366,-4.622719840435312,0.8902353793382645,0.05,1526,"{""0"": 2035, ""1"": 1926, ""2"": 1970, ""3"": 1955, ""4"": 2046, ""5"": 1967}",connected
11999,50,11999,0.8100158333333334,0.08925953719764948,-4.622719840435312,0.8818231070041657,0.05,1526,"{""0"": 2050, ""1"": 1943, ""2"": 1982, ""3"": 1981, ""4"": 2063, ""5"": 1980}",connected
12099,50,12099,0.8084325,0.09265465650707483,-4.622719840435312,0.8867152470350266,0.05,1526,"{""0"": 2060, ""1"": 1963, ""2"": 2004, ""3"": 2001, ""4"": 2076, ""5"": 1995}",connected
12199,52,12199,0.8068491666666666,0.09393870875239373,-4.62444214680447,0.8812392598390579,0.05,1526,"{""0"": 2079, ""1"": 1976, ""2"": 2027, ""3"": 2008, ""4"": 2095, ""5"": 2014}",connected
12299,52,12299,0.8052658333333333,0.09893823727965355,-4.62444214680447,0.8717976045608521,0.05,1526,"{""0"": 2096, ""1"": 1992, ""2"": 2045, ""3"": 2020, ""4"": 2117, ""5"": 2029}",connected
12399,52,12399,0.8036825000000001,0.10332776296883822,-4.62444214680447,0.876752535700798,0.05,1526,"{""0"": 2101, ""1"": 2023, ""2"": 2061, ""3"": 2037, ""4"": 2127, ""5"": 2050}",connected
12499,52,12499,0.8020991666666667,0.10267256271094084,-4.62444214680447,0.8645682108402252,0.05,1526,"{""0"": 2107, ""1"": 2055, ""2"": 2070, ""3"": 2053, ""4"": 2140, ""5"": 2074}",connected
12599,54,12599,0.8005158333333333,0.10659080866724252,-4.629592431898884,0.8607918238639831,0.05,1526,"{""0"": 2120, ""1"": 2075, ""2"": 2087, ""3"": 2080, ""4"": 2149, ""5"": 2088}",connected
12699,54,12699,0.7989325,0.10747291509062051,-4.629592431898884,0.8620374983549118,0.05,1526,"{""0"": 2139, ""1"": 2090, ""2"": 2100, ""3"": 2089, ""4"": 2169, ""5"": 2112}",connected
12799,54,12799,0.7973491666666667,0.114382039681077,-4.629592431898884,0.8511204814910889,0.05,1526,"{""0"": 2158, ""1"": 2108, ""2"": 2112, ""3"": 2110, ""4"": 2182, ""5"": 2129}",connected
12899,54,12899,0.7957658333333333,0.11188871655613183,-4.629592431898884,0.8527127486467362,0.05,1526,"{""0"": 2172, ""1"": 2133, ""2"": 2125, ""3"": 2130, ""4"": 2194, ""5"": 2145}",connected
12999,54,12999,0.7941825,0.11357526864856482,-4.629592431898884,0.8537609422206879,0.05,1526,"{""0"": 2188, ""1"": 2152, ""2"": 2138, ""3"": 2143, ""4"": 2222, ""5"": 2156}",connected
13099,56,13099,0.7925991666666667,0.11265883807092905,-4.596785554304786,0.8524189114570617,0.05,1526,"{""0"": 2209, ""1"": 2173, ""2"": 2148, ""3"": 2158, ""4"": 2241, ""5"": 2170}",connected
13199,56,13199,0.7910158333333334,0.10514035817235708,-4.596785554304786,0.8545844942331314,0.05,1526,"{""0"": 2228, ""1"": 2183, ""2"": 2168, ""3"": 2171, ""4"": 2259, ""5"": 2190}",connected
13299,56,13299,0.7894325,0.10661555215716362,-4.596785554304786,0.8498479807376862,0.05,1526,"{""0"": 2240, ""1"": 2197, ""2"": 2192, ""3"": 2190, ""4"": 2274, ""5"": 2206}",connected
13399,56,13399,0.7878491666666667,0.10712037160992623,-4.596785554304786,0.8493626093864441,0.05,1526,"{""0"": 2250, ""1"": 2212, ""2"": 2217, ""3"": 2214, ""4"": 2286, ""5"": 2220}",connected
13499,56,13499,0.7862658333333333,0.10780988581478596,-4.596785554304786,0.8466129297018051,0.05,1526,"{""0"": 2269, ""1"": 2236, ""2"": 2237, ""3"": 2227, ""4"": 2298, ""5"": 2232}",connected
13599,58,13599,0.7846825000000001,0.10892323855310679,-4.587586046983327,0.8453671950101852,0.05,1526,"{""0"": 2284, ""1"": 2249, ""2"": 2253, ""3"": 2238, ""4"": 2319, ""5"": 2256}",connected
13699,58,13699,0.7830991666666667,0.1086000519618392,-4.587586046983327,0.8452362549304963,0.05,1526,"{""0"": 2294, ""1"": 2266, ""2"": 2276, ""3"": 2261, ""4"": 2334, ""5"": 2268}",connected
13799,58,13799,0.7815158333333333,0.10452966656535864,-4.587586046983327,0.8374907505512238,0.05,1526,"{""0"": 2311, ""1"": 2292, ""2"": 2286, ""3"": 2282, ""4"": 2352, ""5"": 2276}",connected
13899,58,13899,0.7799325,0.10387045562267304,-4.587586046983327,0.8335474252700805,0.05,1526,"{""0"": 2323, ""1"": 2304, ""2"": 2300, ""3"": 2305, ""4"": 2368, ""5"": 2299}",connected
13999,59,13999,0.7783491666666666,0.09862321756780147,-4.579525262859287,0.8286106652021408,0.05,1526,"{""0"": 2351, ""1"": 2320, ""2"": 2318, ""3"": 2319, ""4"": 2382, ""5"": 2309}",connected
14099,60,14099,0.7767658333333334,0.09570569433271885,-4.572599838565414,0.8243080675601959,0.05,1526,"{""0"": 2370, ""1"": 2340, ""2"": 2347, ""3"": 2330, ""4"": 2392, ""5"": 2320}",connected
14199,60,14199,0.7751825,0.09750179298222066,-4.572599838565414,0.8211273503303528,0.05,1526,"{""0"": 2379, ""1"": 2360, ""2"": 2368, ""3"": 2344, ""4"": 2414, ""5"": 2334}",connected
14299,60,14299,0.7735991666666666,0.09353522833436728,-4.572599838565414,0.8229752945899963,0.05,1526,"{""0"": 2399, ""1"": 2383, ""2"": 2381, ""3"": 2357, ""4"": 2426, ""5"": 2353}",connected
14399,60,14399,0.7720158333333333,0.10288504905998706,-4.572599838565414,0.820121808052063,0.05,1526,"{""0"": 2418, ""1"": 2402, ""2"": 2390, ""3"": 2378, ""4"": 2436, ""5"": 2375}",connected
14499,62,14499,0.7704325000000001,0.10188524454832076,-4.588757904051172,0.8186436355113983,0.05,1526,"{""0"": 2433, ""1"": 2418, ""2"": 2408, ""3"": 2396, ""4"": 2454, ""5"": 2390}",connected
14599,62,14599,0.7688491666666667,0.11208501908928156,-4.588757904051172,0.8185579806566239,0.05,1526,"{""0"": 2450, ""1"": 2436, ""2"": 2431, ""3"": 2407, ""4"": 2473, ""5"": 2402}",connected
14699,62,14699,0.7672658333333333,0.11917745407670736,-4.588757904051172,0.8147012740373611,0.05,1526,"{""0"": 2464, ""1"": 2460, ""2"": 2451, ""3"": 2426, ""4"": 2483, ""5"": 2415}",connected
14799,62,14799,0.7656825,0.11948115687817334,-4.588757904051172,0.8168435281515122,0.05,1526,"{""0"": 2485, ""1"": 2477, ""2"": 2470, ""3"": 2442, ""4"": 2503, ""5"": 2422}",connected
14899,62,14899,0.7640991666666667,0.12023925460875035,-4.588757904051172,0.8159182316064835,0.05,1526,"{""0"": 2503, ""1"": 2490, ""2"": 2482, ""3"": 2459, ""4"": 2516, ""5"": 2449}",connected
14999,64,14999,0.7625158333333333,0.10887146700173617,-4.574437337912968,0.8178200739622116,0.05,1526,"{""0"": 2515, ""1"": 2502, ""2"": 2497, ""3"": 2491, ""4"": 2525, ""5"": 2469}",connected
15099,64,15099,0.7609325,0.10231943216174841,-4.574437337912968,0.8166020458936691,0.05,1526,"{""0"": 2531, ""1"": 2521, ""2"": 2512, ""3"": 2514, ""4"": 2535, ""5"": 2486}",connected
15199,64,15199,0.7593491666666666,0.0927581675350666,-4.574437337912968,0.8113307386636734,0.05,1526,"{""0"": 2552, ""1"": 2535, ""2"": 2525, ""3"": 2532, ""4"": 2551, ""5"": 2504}",connected
15299,64,15299,0.7577658333333334,0.09463454823940992,-4.574437337912968,0.8092052918672562,0.05,1526,"{""0"": 2568, ""1"": 2556, ""2"": 2532, ""3"": 2554, ""4"": 2562, ""5"": 2527}",connected
15399,66,15399,0.7561825,0.09673550497740507,-4.577666504985907,0.8085576349496841,0.05,1526,"{""0"": 2581, ""1"": 2581, ""2"": 2550, ""3"": 2565, ""4"": 2579, ""5"": 2543}",connected
15499,66,15499,0.7545991666666667,0.09726834993809462,-4.577666504985907,0.8036512160301208,0.05,1526,"{""0"": 2599, ""1"": 2597, ""2"": 2578, ""3"": 2579, ""4"": 2588, ""5"": 2558}",connected
15599,66,15599,0.7530158333333333,0.09608864802867174,-4.577666504985907,0.8006704652309418,0.05,1526,"{""0"": 2612, ""1"": 2615, ""2"": 2591, ""3"": 2600, ""4"": 2606, ""5"": 2575}",connected
15699,66,15699,0.7514325000000001,0.0915283464640379,-4.577666504985907,0.7987214779853821,0.05,1526,"{""0"": 2619, ""1"": 2626, ""2"": 2601, ""3"": 2635, ""4"": 2622, ""5"": 2596}",connected
15799,66,15799,0.7498491666666667,0.08789503302425146,-4.577666504985907,0.7870368218421936,0.05,1526,"{""0"": 2648, ""1"": 2637, ""2"": 2617, ""3"": 2653, ""4"": 2630, ""5"": 2614}",connected
15899,68,15899,0.7482658333333334,0.09105287939310074,-4.565970425672062,0.7836429947614669,0.05,1526,"{""0"": 2666, ""1"": 2656, ""2"": 2641, ""3"": 2664, ""4"": 2645, ""5"": 2627}",connected
15999,68,15999,0.7466825,0.08996104132384061,-4.565970425672062,0.784719974398613,0.05,1526,"{""0"": 2682, ""1"": 2668, ""2"": 2653, ""3"": 2690, ""4"": 2663, ""5"": 2643}",connected
16099,68,16099,0.7450991666666666,0.09717984084039927,-4.565970425672062,0.7861066788434983,0.05,1526,"{""0"": 2704, ""1"": 2681, ""2"": 2673, ""3"": 2703, ""4"": 2680, ""5"": 2658}",connected
16199,68,16199,0.7435158333333334,0.09725426435470581,-4.565970425672062,0.7900529909133911,0.05,1526,"{""0"": 2716, ""1"": 2700, ""2"": 2685, ""3"": 2714, ""4"": 2705, ""5"": 2679}",connected
16299,68,16299,0.7419325,0.09228859711438417,-4.565970425672062,0.7880650091171265,0.05,1526,"{""0"": 2724, ""1"": 2716, ""2"": 2706, ""3"": 2728, ""4"": 2723, ""5"": 2702}",connected
16399,70,16399,0.7403491666666666,0.0969572290033102,-4.565342693257013,0.7833378112316132,0.05,1526,"{""0"": 2748, ""1"": 2725, ""2"": 2733, ""3"": 2737, ""4"": 2735, ""5"": 2721}",connected
16499,70,16499,0.7387658333333333,0.09719373699277639,-4.565342693257013,0.7838645887374878,0.05,1526,"{""0"": 2764, ""1"": 2745, ""2"": 2751, ""3"": 2746, ""4"": 2757, ""5"": 2736}",connected
16599,70,16599,0.7371825000000001,0.10028489504009486,-4.565342693257013,0.781257969737053,0.05,1526,"{""0"": 2780, ""1"": 2761, ""2"": 2771, ""3"": 2764, ""4"": 2770, ""5"": 2753}",connected
16699,70,16699,0.7355991666666667,0.11217220272868872,-4.565342693257013,0.7771806716918945,0.05,1526,"{""0"": 2810, ""1"": 2774, ""2"": 2783, ""3"": 2776, ""4"": 2791, ""5"": 2765}",connected
16799,72,16799,0.7340158333333333,0.10803780246526003,-4.568722057900029,0.7776261222362518,0.05,1526,"{""0"": 2832, ""1"": 2787, ""2"": 2801, ""3"": 2795, ""4"": 2814, ""5"": 2770}",connected
16899,72,16899,0.7324325,0.10694376472383738,-4.568722057900029,0.7696571004390717,0.05,1526,"{""0"": 2851, ""1"": 2803, ""2"": 2818, ""3"": 2810, ""4"": 2831, ""5"": 2786}",connected
16999,72,16999,0.7308491666666667,0.10908042430877686,-4.568722057900029,0.7663897848129273,0.05,1526,"{""0"": 2872, ""1"": 2815, ""2"": 2831, ""3"": 2826, ""4"": 2848, ""5"": 2807}",connected
17099,72,17099,0.7292658333333334,0.09853921987116337,-4.568722057900029,0.7700748038291931,0.05,1526,"{""0"": 2888, ""1"": 2833, ""2"": 2851, ""3"": 2834, ""4"": 2875, ""5"": 2818}",connected
17199,72,17199,0.7276825,0.10440026089549065,-4.568722057900029,0.7673580378293992,0.05,1526,"{""0"": 2910, ""1"": 2857, ""2"": 2868, ""3"": 2849, ""4"": 2890, ""5"": 2825}",connected
17299,74,17299,0.7260991666666667,0.10438197698444128,-4.5772025378207,0.7669676142930985,0.05,1526,"{""0"": 2937, ""1"": 2869, ""2"": 2886, ""3"": 2860, ""4"": 2910, ""5"": 2837}",connected
17399,74,17399,0.7245158333333334,0.10426972981542348,-4.5772025378207,0.7677869659662246,0.05,1526,"{""0"": 2964, ""1"": 2878, ""2"": 2897, ""3"": 2883, ""4"": 2925, ""5"": 2852}",connected
17499,74,17499,0.7229325,0.10354724574834108,-4.5772025378207,0.7652406799793243,0.05,1526,"{""0"": 2987, ""1"": 2899, ""2"": 2908, ""3"": 2895, ""4"": 2947, ""5"": 2863}",connected
17599,74,17599,0.7213491666666667,0.0993225496634841,-4.5772025378207,0.7642436784505844,0.05,1526,"{""0"": 3004, ""1"": 2927, ""2"": 2921, ""3"": 2907, ""4"": 2966, ""5"": 2874}",connected
17699,74,17699,0.7197658333333334,0.10267144922167062,-4.5772025378207,0.7662524622678757,0.05,1526,"{""0"": 3021, ""1"": 2943, ""2"": 2940, ""3"": 2922, ""4"": 2986, ""5"": 2887}",connected
17799,76,17799,0.7181825,0.1063981382921338,-4.600249836153939,0.7685064363479615,0.05,1526,"{""0"": 3040, ""1"": 2955, ""2"": 2957, ""3"": 2934, ""4"": 3008, ""5"": 2905}",connected
17899,76,17899,0.7165991666666667,0.10550307910889387,-4.600249836153939,0.7672245925664902,0.05,1526,"{""0"": 3059, ""1"": 2983, ""2"": 2975, ""3"": 2942, ""4"": 3020, ""5"": 2920}",connected
17999,76,17999,0.7150158333333334,0.10914949122816324,-4.600249836153939,0.7647123211622238,0.05,1526,"{""0"": 3073, ""1"": 3013, ""2"": 2979, ""3"": 2969, ""4"": 3033, ""5"": 2932}",connected
18099,76,18099,0.7134325,0.10327701553702355,-4.600249836153939,0.7551063472032546,0.05,1526,"{""0"": 3088, ""1"": 3027, ""2"": 2992, ""3"": 2996, ""4"": 3048, ""5"": 2948}",connected
18199,76,18199,0.7118491666666666,0.09399653539061546,-4.600249836153939,0.751902980208397,0.05,1526,"{""0"": 3103, ""1"": 3053, ""2"": 3005, ""3"": 3013, ""4"": 3062, ""5"": 2963}",connected
18299,78,18299,0.7102658333333334,0.0945555155351758,-4.5449613742828845,0.7486071854829788,0.05,1526,"{""0"": 3120, ""1"": 3069, ""2"": 3023, ""3"": 3026, ""4"": 3080, ""5"": 2981}",connected
18399,78,18399,0.7086825000000001,0.09894653998315334,-4.5449613742828845,0.7492221641540527,0.05,1526,"{""0"": 3132, ""1"": 3102, ""2"": 3045, ""3"": 3042, ""4"": 3090, ""5"": 2988}",connected
18499,78,18499,0.7070991666666666,0.09830337844789028,-4.5449613742828845,0.7580360788106918,0.05,1526,"{""0"": 3144, ""1"": 3120, ""2"": 3060, ""3"": 3066, ""4"": 3100, ""5"": 3009}",connected
18599,78,18599,0.7055158333333333,0.10530790768563747,-4.5449613742828845,0.7543452781438827,0.05,1526,"{""0"": 3170, ""1"": 3137, ""2"": 3069, ""3"": 3077, ""4"": 3112, ""5"": 3034}",connected
18699,80,18699,0.7039325000000001,0.10900614108890296,-4.458874837111216,0.75707244515419,0.05,1526,"{""0"": 3192, ""1"": 3150, ""2"": 3089, ""3"": 3087, ""4"": 3123, ""5"": 3058}",connected
18799,80,18799,0.7023491666666666,0.10360713168978691,-4.458874837111216,0.7515637236833572,0.05,1526,"{""0"": 3210, ""1"": 3164, ""2"": 3105, ""3"": 3102, ""4"": 3140, ""5"": 3078}",connected
18899,80,18899,0.7007658333333333,0.10383724719285965,-4.458874837111216,0.7459422022104263,0.05,1526,"{""0"": 3222, ""1"": 3174, ""2"": 3119, ""3"": 3127, ""4"": 3167, ""5"": 3090}",connected
18999,80,18999,0.6991825,0.09404156152158975,-4.458874837111216,0.7471469020843506,0.05,1526,"{""0"": 3237, ""1"": 3200, ""2"": 3130, ""3"": 3144, ""4"": 3186, ""5"": 3102}",connected
19099,80,19099,0.6975991666666667,0.100090654194355,-4.458874837111216,0.7419233566522598,0.05,1526,"{""0"": 3248, ""1"": 3211, ""2"": 3148, ""3"": 3184, ""4"": 3192, ""5"": 3116}",connected
19199,82,19199,0.6960158333333333,0.09471185017377139,-4.445938861565438,0.7439494222402573,0.05,1526,"{""0"": 3264, ""1"": 3225, ""2"": 3162, ""3"": 3199, ""4"": 3218, ""5"": 3131}",connected
19299,82,19299,0.6944325,0.09400498047471047,-4.445938861565438,0.7417854875326156,0.05,1526,"{""0"": 3280, ""1"": 3240, ""2"": 3175, ""3"": 3220, ""4"": 3233, ""5"": 3151}",connected
19399,82,19399,0.6928491666666667,0.10026580151170492,-4.445938861565438,0.7401462531089783,0.05,1526,"{""0"": 3293, ""1"": 3266, ""2"": 3192, ""3"": 3233, ""4"": 3244, ""5"": 3171}",connected
19499,82,19499,0.6912658333333334,0.0933775294199586,-4.445938861565438,0.7430022078752517,0.05,1526,"{""0"": 3308, ""1"": 3280, ""2"": 3207, ""3"": 3251, ""4"": 3268, ""5"": 3185}",connected
19599,83,19599,0.6896825,0.09644201796501875,-4.448168511081667,0.741865993142128,0.05,1526,"{""0"": 3328, ""1"": 3300, ""2"": 3216, ""3"": 3272, ""4"": 3286, ""5"": 3197}",connected
19699,84,19699,0.6880991666666667,0.09696741543710231,-4.457154598281098,0.7431487441062927,0.05,1526,"{""0"": 3353, ""1"": 3314, ""2"": 3230, ""3"": 3296, ""4"": 3298, ""5"": 3208}",connected
19799,84,19799,0.6865158333333333,0.10288281969726086,-4.457154598281098,0.7393473052978515,0.05,1526,"{""0"": 3366, ""1"": 3332, ""2"": 3251, ""3"": 3310, ""4"": 3319, ""5"": 3221}",connected
19899,84,19899,0.6849324999999999,0.10131883285939694,-4.457154598281098,0.7324463564157486,0.05,1526,"{""0"": 3377, ""1"": 3356, ""2"": 3262, ""3"": 3327, ""4"": 3341, ""5"": 3236}",connected
19999,84,19999,0.6833491666666667,0.10564090676605702,-4.457154598281098,0.73298781812191,0.05,1526,"{""0"": 3388, ""1"": 3365, ""2"": 3279, ""3"": 3347, ""4"": 3364, ""5"": 3256}",connected
20099,86,20000,0.6817658333333334,0.10555620215833188,-4.466732394080176,0.7303529167175293,0.05,1526,"{""0"": 3412, ""1"": 3375, ""2"": 3291, ""3"": 3369, ""4"": 3380, ""5"": 3272}",connected
20199,86,20000,0.6801825,0.10345809787511825,-4.466732394080176,0.7296018594503403,0.05,1526,"{""0"": 3427, ""1"": 3402, ""2"": 3307, ""3"": 3382, ""4"": 3396, ""5"": 3285}",connected
20299,86,20000,0.6785991666666666,0.10398661255836487,-4.466732394080176,0.730985180735588,0.05,1526,"{""0"": 3438, ""1"": 3423, ""2"": 3320, ""3"": 3403, ""4"": 3413, ""5"": 3302}",connected
20399,86,20000,0.6770158333333334,0.09866198524832726,-4.466732394080176,0.7247179847955704,0.05,1526,"{""0"": 3453, ""1"": 3453, ""2"": 3335, ""3"": 3420, ""4"": 3423, ""5"": 3315}",connected
20499,86,20000,0.6754325,0.10117977272719145,-4.466732394080176,0.7207513731718064,0.05,1526,"{""0"": 3467, ""1"": 3469, ""2"": 3359, ""3"": 3432, ""4"": 3445, ""5"": 3327}",connected
20599,88,20000,0.6738491666666666,0.09528490379452706,-4.455488471727056,0.7216909247636795,0.05,1526,"{""0"": 3480, ""1"": 3487, ""2"": 3377, ""3"": 3442, ""4"": 3469, ""5"": 3344}",connected
20699,88,20000,0.6722658333333333,0.09754334270954132,-4.455488471727056,0.7220197635889053,0.05,1526,"{""0"": 3492, ""1"": 3505, ""2"": 3394, ""3"": 3449, ""4"": 3499, ""5"": 3360}",connected
20799,88,20000,0.6706825000000001,0.10414130847901105,-4.455488471727056,0.7203686493635177,0.05,1526,"{""0"": 3511, ""1"": 3520, ""2"": 3423, ""3"": 3465, ""4"": 3509, ""5"": 3371}",connected
20899,88,20000,0.6690991666666667,0.10188097335398197,-4.455488471727056,0.7191994351148605,0.05,1526,"{""0"": 3523, ""1"": 3531, ""2"": 3451, ""3"": 3480, ""4"": 3527, ""5"": 3387}",connected
20999,90,20000,0.6675158333333333,0.10461682695895433,-4.357044280599803,0.7225744527578354,0.05,1526,"{""0"": 3537, ""1"": 3546, ""2"": 3468, ""3"": 3501, ""4"": 3544, ""5"": 3403}",connected
21099,90,20000,0.6659325,0.10406670909374953,-4.357044280599803,0.7238703244924545,0.05,1526,"{""0"": 3553, ""1"": 3560, ""2"": 3490, ""3"": 3514, ""4"": 3566, ""5"": 3416}",connected
21199,90,20000,0.6643491666666667,0.10269550159573555,-4.357044280599803,0.7270087122917175,0.05,1526,"{""0"": 3572, ""1"": 3574, ""2"": 3515, ""3"": 3527, ""4"": 3577, ""5"": 3434}",connected
21299,90,20000,0.6627658333333334,0.10134644243866205,-4.357044280599803,0.7244394546747208,0.05,1526,"{""0"": 3594, ""1"": 3584, ""2"": 3532, ""3"": 3539, ""4"": 3601, ""5"": 3449}",connected
21399,90,20000,0.6611825,0.09782104071229697,-4.357044280599803,0.7210328584909439,0.05,1526,"{""0"": 3610, ""1"": 3601, ""2"": 3539, ""3"": 3559, ""4"": 3623, ""5"": 3467}",connected
21499,92,20000,0.6595991666666667,0.09720557555556297,-4.388858532512804,0.7179818397760391,0.05,1526,"{""0"": 3626, ""1"": 3625, ""2"": 3555, ""3"": 3574, ""4"": 3641, ""5"": 3478}",connected
21599,92,20000,0.6580158333333334,0.09179297734051943,-4.388858532512804,0.7143665438890457,0.05,1526,"{""0"": 3640, ""1"": 3633, ""2"": 3571, ""3"": 3592, ""4"": 3659, ""5"": 3504}",connected
21699,92,20000,0.6564325,0.09419051695615054,-4.388858532512804,0.718709522485733,0.05,1526,"{""0"": 3663, ""1"": 3652, ""2"": 3581, ""3"": 3609, ""4"": 3673, ""5"": 3521}",connected
21799,92,20000,0.6548491666666667,0.09745954792946578,-4.388858532512804,0.7163669258356095,0.05,1526,"{""0"": 3678, ""1"": 3660, ""2"": 3616, ""3"": 3623, ""4"": 3689, ""5"": 3533}",connected
21899,92,20000,0.6532658333333334,0.09437104489654302,-4.388858532512804,0.7159637075662613,0.05,1526,"{""0"": 3696, ""1"": 3680, ""2"": 3629, ""3"": 3637, ""4"": 3706, ""5"": 3551}",connected
21999,94,20000,0.6516825,0.09782312620431184,-4.394733880210588,0.7157476073503495,0.05,1526,"{""0"": 3712, ""1"": 3694, ""2"": 3646, ""3"": 3654, ""4"": 3730, ""5"": 3563}",connected
22099,94,20000,0.6500991666666667,0.09243383832275867,-4.394733880210588,0.7162438815832138,0.05,1526,"{""0"": 3725, ""1"": 3713, ""2"": 3661, ""3"": 3665, ""4"": 3750, ""5"": 3585}",connected
22199,94,20000,0.6485158333333334,0.08817681394517422,-4.394733880210588,0.7127222353219986,0.05,1526,"{""0"": 3743, ""1"": 3735, ""2"": 3679, ""3"": 3690, ""4"": 3756, ""5"": 3596}",connected
22299,94,20000,0.6469325,0.09070179834961892,-4.394733880210588,0.7095345157384872,0.05,1526,"{""0"": 3759, ""1"": 3758, ""2"": 3689, ""3"": 3705, ""4"": 3780, ""5"": 3608}",connected
22399,96,20000,0.6453491666666666,0.08878230091184378,-4.422541504735515,0.7099436092376709,0.05,1526,"{""0"": 3779, ""1"": 3771, ""2"": 3710, ""3"": 3728, ""4"": 3794, ""5"": 3617}",connected
22499,96,20000,0.6437658333333334,0.09037140730768442,-4.422541504735515,0.7034394514560699,0.05,1526,"{""0"": 3789, ""1"": 3786, ""2"": 3725, ""3"": 3753, ""4"": 3813, ""5"": 3633}",connected
22599,96,20000,0.6421825000000001,0.09851134758442641,-4.422541504735515,0.7061100506782532,0.05,1526,"{""0"": 3811, ""1"": 3805, ""2"": 3738, ""3"": 3768, ""4"": 3831, ""5"": 3646}",connected
22699,96,20000,0.6405991666666666,0.10056314054876565,-4.422541504735515,0.7069718062877655,0.05,1526,"{""0"": 3837, ""1"": 3817, ""2"": 3756, ""3"": 3783, ""4"": 3845, ""5"": 3661}",connected
22799,96,20000,0.6390158333333333,0.10781718313694,-4.422541504735515,0.7066268104314805,0.05,1526,"{""0"": 3857, ""1"": 3830, ""2"": 3777, ""3"": 3805, ""4"": 3854, ""5"": 3676}",connected
22899,98,20000,0.6374325000000001,0.1076913682743907,-4.415520245551455,0.7076290673017502,0.05,1526,"{""0"": 3878, ""1"": 3852, ""2"": 3794, ""3"": 3817, ""4"": 3873, ""5"": 3685}",connected
22999,98,20000,0.6358491666666666,0.10134482763707638,-4.415520245551455,0.7051626461744308,0.05,1526,"{""0"": 3890, ""1"": 3879, ""2"": 3809, ""3"": 3832, ""4"": 3885, ""5"": 3704}",connected
23099,98,20000,0.6342658333333333,0.10019150946289301,-4.415520245551455,0.7058356726169586,0.05,1526,"{""0"": 3903, ""1"": 3899, ""2"": 3819, ""3"": 3860, ""4"": 3903, ""5"": 3715}",connected
23199,98,20000,0.6326825,0.09345245581120253,-4.415520245551455,0.7057904058694839,0.05,1526,"{""0"": 3918, ""1"": 3922, ""2"": 3838, ""3"": 3877, ""4"": 3913, ""5"": 3731}",connected
23299,98,20000,0.6310991666666668,0.10526076555252076,-4.415520245551455,0.7028079485893249,0.05,1526,"{""0"": 3930, ""1"": 3934, ""2"": 3853, ""3"": 3896, ""4"": 3935, ""5"": 3751}",connected
23399,100,20000,0.6295158333333333,0.10518193319439888,-4.425779837304726,0.7035457551479339,0.05,1526,"{""0"": 3955, ""1"": 3949, ""2"": 3863, ""3"": 3905, ""4"": 3959, ""5"": 3768}",connected
23499,100,20000,0.6279325,0.10404835313558579,-4.425779837304726,0.6992922216653824,0.05,1526,"{""0"": 3984, ""1"": 3962, ""2"": 3873, ""3"": 3921, ""4"": 3978, ""5"": 3781}",connected
23599,100,20000,0.6263491666666667,0.10753954716026783,-4.425779837304726,0.6951511716842651,0.05,1526,"{""0"": 4003, ""1"": 3975, ""2"": 3887, ""3"": 3942, ""4"": 4000, ""5"": 3792}",connected
23699,100,20000,0.6247658333333334,0.10747143302112817,-4.425779837304726,0.6957913839817047,0.05,1526,"{""0"": 4025, ""1"": 3997, ""2"": 3900, ""3"": 3960, ""4"": 4010, ""5"": 3807}",connected
23799,102,20000,0.6231825,0.11148032695055007,-4.368729835818522,0.6927362620830536,0.05,1526,"{""0"": 4039, ""1"": 4022, ""2"": 3914, ""3"": 3974, ""4"": 4030, ""5"": 3820}",connected
23899,102,20000,0.6215991666666667,0.10762898955494166,-4.368729835818522,0.6951187551021576,0.05,1526,"{""0"": 4056, ""1"": 4038, ""2"": 3934, ""3"": 3995, ""4"": 4046, ""5"": 3830}",connected
23999,102,20000,0.6200158333333333,0.10258482355624438,-4.368729835818522,0.693502105474472,0.05,1526,"{""0"": 4080, ""1"": 4050, ""2"": 3948, ""3"": 4018, ""4"": 4058, ""5"": 3845}",connected
24099,102,20000,0.6184324999999999,0.08724856067448855,-4.368729835818522,0.6886124223470688,0.05,1526,"{""0"": 4107, ""1"": 4058, ""2"": 3963, ""3"": 4039, ""4"": 4076, ""5"": 3856}",connected
24199,102,20000,0.6168491666666667,0.08222641684114933,-4.368729835818522,0.6884295481443405,0.05,1526,"{""0"": 4135, ""1"": 4075, ""2"": 3977, ""3"": 4057, ""4"": 4088, ""5"": 3867}",connected
24299,104,20000,0.6152658333333334,0.08427411790937185,-4.335919836023822,0.6809512960910797,0.05,1526,"{""0"": 4154, ""1"": 4090, ""2"": 3996, ""3"": 4073, ""4"": 4102, ""5"": 3884}",connected
24399,104,20000,0.6136825,0.08674091335386037,-4.335919836023822,0.6795315301418304,0.05,1526,"{""0"": 4166, ""1"": 4113, ""2"": 4013, ""3"": 4097, ""4"": 4116, ""5"": 3894}",connected
24499,104,20000,0.6120991666666666,0.09208338167518378,-4.335919836023822,0.6786214447021485,0.05,1526,"{""0"": 4182, ""1"": 4137, ""2"": 4029, ""3"": 4113, ""4"": 4130, ""5"": 3908}",connected
24599,104,20000,0.6105158333333334,0.09627342078834772,-4.335919836023822,0.6753213113546371,0.05,1526,"{""0"": 4192, ""1"": 4168, ""2"": 4047, ""3"": 4127, ""4"": 4151, ""5"": 3914}",connected
24699,104,20000,0.6089325,0.09805230893194676,-4.335919836023822,0.6765237462520599,0.05,1526,"{""0"": 4207, ""1"": 4187, ""2"": 4057, ""3"": 4143, ""4"": 4167, ""5"": 3938}",connected
24799,106,20000,0.6073491666666666,0.09702069997787476,-4.338139835582115,0.6802361816167831,0.05,1526,"{""0"": 4233, ""1"": 4203, ""2"": 4074, ""3"": 4165, ""4"": 4178, ""5"": 3946}",connected
24899,106,20000,0.6057658333333333,0.09348310358822345,-4.338139835582115,0.681040386557579,0.05,1526,"{""0"": 4256, ""1"": 4221, ""2"": 4089, ""3"": 4177, ""4"": 4196, ""5"": 3960}",connected
24999,106,20000,0.6041825000000001,0.09133651651442051,-4.338139835582115,0.6832472288608551,0.05,1526,"{""0"": 4272, ""1"": 4236, ""2"": 4104, ""3"": 4199, ""4"": 4220, ""5"": 3968}",connected
25099,106,20000,0.6025991666666667,0.0896077261120081,-4.338139835582115,0.6819420254230499,0.05,1526,"{""0"": 4290, ""1"": 4258, ""2"": 4121, ""3"": 4213, ""4"": 4233, ""5"": 3984}",connected
25199,106,20000,0.6010158333333333,0.08969766590744258,-4.338139835582115,0.6781089138984681,0.05,1526,"{""0"": 4305, ""1"": 4277, ""2"": 4145, ""3"": 4222, ""4"": 4254, ""5"": 3996}",connected
25299,108,20000,0.5994325,0.0958980692178011,-4.348209835868329,0.6749693512916565,0.05,1526,"{""0"": 4322, ""1"": 4286, ""2"": 4167, ""3"": 4244, ""4"": 4277, ""5"": 4003}",connected
25399,108,20000,0.5978491666666667,0.09503710355609656,-4.348209835868329,0.6668954849243164,0.05,1526,"{""0"": 4349, ""1"": 4300, ""2"": 4186, ""3"": 4254, ""4"": 4295, ""5"": 4015}",connected
25499,108,20000,0.5962658333333334,0.0918475203588605,-4.348209835868329,0.6642598325014114,0.05,1526,"{""0"": 4371, ""1"": 4317, ""2"": 4199, ""3"": 4280, ""4"": 4307, ""5"": 4025}",connected
25599,108,20000,0.5946825,0.09088197164237499,-4.348209835868329,0.6586812549829483,0.05,1526,"{""0"": 4386, ""1"": 4336, ""2"": 4207, ""3"": 4304, ""4"": 4330, ""5"": 4036}",connected
25699,110,20000,0.5930991666666667,0.08783923026174306,-4.3259598361141975,0.6607726460695267,0.05,1526,"{""0"": 4406, ""1"": 4362, ""2"": 4221, ""3"": 4315, ""4"": 4341, ""5"": 4054}",connected
25799,110,20000,0.5915158333333334,0.09168951574712991,-4.3259598361141975,0.6607968640327454,0.05,1526,"{""0"": 4417, ""1"": 4379, ""2"": 4238, ""3"": 4333, ""4"": 4357, ""5"": 4075}",connected
25899,110,20000,0.5899325,0.10044324081391096,-4.3259598361141975,0.6623447185754776,0.05,1526,"{""0"": 4427, ""1"": 4406, ""2"": 4247, ""3"": 4350, ""4"": 4368, ""5"": 4101}",connected
25999,110,20000,0.5883491666666667,0.0990934807062149,-4.3259598361141975,0.6613601589202881,0.05,1526,"{""0"": 4437, ""1"": 4432, ""2"": 4268, ""3"": 4368, ""4"": 4381, ""5"": 4113}",connected
26099,110,20000,0.5867658333333334,0.09379676666110753,-4.3259598361141975,0.6609772312641143,0.05,1526,"{""0"": 4463, ""1"": 4449, ""2"": 4278, ""3"": 4388, ""4"": 4393, ""5"": 4128}",connected
26199,112,20000,0.5851825,0.08770719077438116,-4.32889983701054,0.664114630818367,0.05,1526,"{""0"": 4484, ""1"": 4464, ""2"": 4293, ""3"": 4406, ""4"": 4413, ""5"": 4139}",connected
26299,112,20000,0.5835991666666667,0.08188053712248802,-4.32889983701054,0.6660197257995606,0.05,1526,"{""0"": 4512, ""1"": 4485, ""2"": 4298, ""3"": 4429, ""4"": 4425, ""5"": 4150}",connected
26399,112,20000,0.5820158333333334,0.0880803395062685,-4.32889983701054,0.6716230726242065,0.05,1526,"{""0"": 4536, ""1"": 4513, ""2"": 4308, ""3"": 4441, ""4"": 4441, ""5"": 4160}",connected
26499,112,20000,0.5804325,0.0902420649304986,-4.32889983701054,0.6724986284971237,0.05,1526,"{""0"": 4555, ""1"": 4528, ""2"": 4327, ""3"": 4449, ""4"": 4461, ""5"": 4179}",connected
26599,112,20000,0.5788491666666666,0.09479865919798612,-4.32889983701054,0.6699164515733719,0.05,1526,"{""0"": 4570, ""1"": 4547, ""2"": 4343, ""3"": 4464, ""4"": 4478, ""5"": 4197}",connected
26699,114,20000,0.5772658333333334,0.09782533198595048,-4.323009837442077,0.664921966791153,0.05,1526,"{""0"": 4584, ""1"": 4562, ""2"": 4359, ""3"": 4478, ""4"": 4501, ""5"": 4215}",connected
26799,114,20000,0.5756825000000001,0.09408818706870078,-4.323009837442077,0.660279569029808,0.05,1526,"{""0"": 4597, ""1"": 4582, ""2"": 4377, ""3"": 4492, ""4"": 4525, ""5"": 4226}",connected
26899,114,20000,0.5740991666666667,0.09799080610275268,-4.323009837442077,0.655713465809822,0.05,1526,"{""0"": 4611, ""1"": 4597, ""2"": 4396, ""3"": 4511, ""4"": 4542, ""5"": 4242}",connected
26999,114,20000,0.5725158333333333,0.09216055113822222,-4.323009837442077,0.6548926150798797,0.05,1526,"{""0"": 4630, ""1"": 4614, ""2"": 4410, ""3"": 4537, ""4"": 4556, ""5"": 4252}",connected
27099,116,20000,0.5709325000000001,0.09213497508317232,-4.319069838114083,0.6558582228422165,0.05,1526,"{""0"": 4656, ""1"": 4626, ""2"": 4420, ""3"": 4549, ""4"": 4575, ""5"": 4273}",connected
27199,116,20000,0.5693491666666667,0.09068104539066553,-4.319069838114083,0.6559852510690689,0.05,1526,"{""0"": 4683, ""1"": 4637, ""2"": 4443, ""3"": 4558, ""4"": 4590, ""5"": 4288}",connected
27299,116,20000,0.5677658333333333,0.09043160811066628,-4.319069838114083,0.6542959201335907,0.05,1526,"{""0"": 4704, ""1"": 4653, ""2"": 4460, ""3"": 4578, ""4"": 4611, ""5"": 4293}",connected
27399,116,20000,0.5661825,0.09657555032521487,-4.319069838114083,0.6547146499156952,0.05,1526,"{""0"": 4722, ""1"": 4669, ""2"": 4472, ""3"": 4592, ""4"": 4633, ""5"": 4311}",connected
27499,116,20000,0.5645991666666668,0.08938575442880392,-4.319069838114083,0.6494771391153336,0.05,1526,"{""0"": 4746, ""1"": 4679, ""2"": 4479, ""3"": 4621, ""4"": 4649, ""5"": 4325}",connected
27599,118,20000,0.5630158333333333,0.09092575035989285,-4.325459838346578,0.6488969475030899,0.05,1526,"{""0"": 4768, ""1"": 4701, ""2"": 4489, ""3"": 4635, ""4"": 4672, ""5"": 4334}",connected
27699,118,20000,0.5614325,0.08656942155212163,-4.325459838346578,0.6481247633695603,0.05,1526,"{""0"": 4794, ""1"": 4730, ""2"": 4502, ""3"": 4648, ""4"": 4689, ""5"": 4336}",connected
27799,118,20000,0.5598491666666667,0.08595838226377964,-4.325459838346578,0.6431564372777939,0.05,1526,"{""0"": 4812, ""1"": 4743, ""2"": 4518, ""3"": 4668, ""4"": 4704, ""5"": 4354}",connected
27899,118,20000,0.5582658333333334,0.08857357133179904,-4.325459838346578,0.6430335801839828,0.05,1526,"{""0"": 4833, ""1"": 4763, ""2"": 4537, ""3"": 4690, ""4"": 4716, ""5"": 4360}",connected
27999,118,20000,0.5566825,0.08719704654067754,-4.325459838346578,0.6398705726861954,0.05,1526,"{""0"": 4846, ""1"": 4783, ""2"": 4547, ""3"": 4715, ""4"": 4738, ""5"": 4370}",connected
28099,120,20000,0.5550991666666667,0.09216050200164318,-4.318239837973379,0.6398145115375519,0.05,1526,"{""0"": 4866, ""1"": 4800, ""2"": 4562, ""3"": 4728, ""4"": 4754, ""5"": 4389}",connected
28199,120,20000,0.5535158333333334,0.08770136166363955,-4.318239837973379,0.6420005255937576,0.05,1526,"{""0"": 4879, ""1"": 4819, ""2"": 4584, ""3"": 4734, ""4"": 4775, ""5"": 4408}",connected
28299,122,20000,0.5519324999999999,0.09144980937242508,-4.1905298394476995,0.6437714695930481,0.05,1526,"{""0"": 4907, ""1"": 4840, ""2"": 4598, ""3"": 4744, ""4"": 4791, ""5"": 4419}",connected
28399,122,20000,0.5503491666666667,0.0926286705955863,-4.1905298394476995,0.6451963013410569,0.05,1526,"{""0"": 4933, ""1"": 4853, ""2"": 4619, ""3"": 4758, ""4"": 4807, ""5"": 4429}",connected
28499,122,20000,0.5487658333333334,0.08638217125087977,-4.1905298394476995,0.64349001288414,0.05,1526,"{""0"": 4953, ""1"": 4874, ""2"": 4636, ""3"": 4775, ""4"": 4818, ""5"": 4443}",connected
28599,122,20000,0.5471825,0.0853174339607358,-4.1905298394476995,0.6450101971626282,0.05,1526,"{""0"": 4981, ""1"": 4887, ""2"": 4648, ""3"": 4796, ""4"": 4833, ""5"": 4454}",connected
28699,124,20000,0.5455991666666666,0.08369231782853603,-4.174809838421643,0.6410218912363053,0.05,1526,"{""0"": 4994, ""1"": 4904, ""2"": 4665, ""3"": 4811, ""4"": 4855, ""5"": 4470}",connected
28799,124,20000,0.5440158333333334,0.0787750793993473,-4.174809838421643,0.6424959236383438,0.05,1526,"{""0"": 5018, ""1"": 4915, ""2"": 4686, ""3"": 4826, ""4"": 4873, ""5"": 4481}",connected
28899,124,20000,0.5424325,0.07858613040298223,-4.174809838421643,0.6404835683107376,0.05,1526,"{""0"": 5042, ""1"": 4942, ""2"": 4704, ""3"": 4838, ""4"": 4885, ""5"": 4488}",connected
28999,124,20000,0.5408491666666666,0.08394395187497139,-4.174809838421643,0.6387011963129043,0.05,1526,"{""0"": 5051, ""1"": 4963, ""2"": 4730, ""3"": 4852, ""4"": 4909, ""5"": 4494}",connected
29099,124,20000,0.5392658333333333,0.08361488319933415,-4.174809838421643,0.6419770145416259,0.05,1526,"{""0"": 5068, ""1"": 4983, ""2"": 4750, ""3"": 4862, ""4"": 4932, ""5"": 4504}",connected
29199,126,20000,0.5376825000000001,0.08948374088853597,-4.1771098380209875,0.6384795558452606,0.05,1526,"{""0"": 5091, ""1"": 4991, ""2"": 4771, ""3"": 4873, ""4"": 4958, ""5"": 4515}",connected
29299,126,20000,0.5360991666666667,0.09503094755113124,-4.1771098380209875,0.6412305361032486,0.05,1526,"{""0"": 5123, ""1"": 5005, ""2"": 4783, ""3"": 4880, ""4"": 4975, ""5"": 4533}",connected
29399,126,20000,0.5345158333333333,0.09142498545348644,-4.1771098380209875,0.6347540050745011,0.05,1526,"{""0"": 5134, ""1"": 5027, ""2"": 4800, ""3"": 4901, ""4"": 4995, ""5"": 4542}",connected
29499,126,20000,0.5329325,0.09384941872209311,-4.1771098380209875,0.6333154284954071,0.05,1526,"{""0"": 5151, ""1"": 5056, ""2"": 4816, ""3"": 4912, ""4"": 5008, ""5"": 4556}",connected
29599,128,20000,0.5313491666666667,0.09091588899493218,-4.066329840021208,0.6296476936340332,0.05,1526,"{""0"": 5180, ""1"": 5067, ""2"": 4834, ""3"": 4922, ""4"": 5025, ""5"": 4571}",connected
29699,128,20000,0.5297658333333334,0.08862722668796778,-4.066329840021208,0.6349557900428772,0.05,1526,"{""0"": 5191, ""1"": 5082, ""2"": 4856, ""3"": 4942, ""4"": 5042, ""5"": 4586}",connected
29799,128,20000,0.5281825,0.08902859192341567,-4.066329840021208,0.6392323088645935,0.05,1526,"{""0"": 5202, ""1"": 5101, ""2"": 4878, ""3"": 4955, ""4"": 5053, ""5"": 4610}",connected
29899,128,20000,0.5265991666666667,0.0867399000376463,-4.066329840021208,0.6344428133964538,0.05,1526,"{""0"": 5210, ""1"": 5122, ""2"": 4901, ""3"": 4972, ""4"": 5069, ""5"": 4625}",connected
29999,128,20000,0.5250158333333333,0.0876950304955244,-4.066329840021208,0.6351711171865463,0.05,1526,"{""0"": 5218, ""1"": 5147, ""2"": 4918, ""3"": 4988, ""4"": 5087, ""5"": 4641}",connected
30099,130,20000,0.5234325,0.08970611158758401,-4.205189836882055,0.6281764531135559,0.05,1526,"{""0"": 5234, ""1"": 5165, ""2"": 4941, ""3"": 5000, ""4"": 5101, ""5"": 4658}",connected
30199,130,20000,0.5218491666666667,0.0950158504396677,-4.205189836882055,0.6286665546894074,0.05,1526,"{""0"": 5253, ""1"": 5181, ""2"": 4957, ""3"": 5019, ""4"": 5121, ""5"": 4668}",connected
30299,130,20000,0.5202658333333334,0.09266903448849917,-4.205189836882055,0.6311963725090027,0.05,1526,"{""0"": 5276, ""1"": 5201, ""2"": 4969, ""3"": 5038, ""4"": 5139, ""5"": 4676}",connected
30399,130,20000,0.5186824999999999,0.09274852804839612,-4.205189836882055,0.6347453832626343,0.05,1526,"{""0"": 5300, ""1"": 5215, ""2"": 4984, ""3"": 5057, ""4"": 5158, ""5"": 4685}",connected
30499,131,20000,0.5170991666666667,0.09245101276785135,-4.190679836305789,0.6342866063117981,0.05,1526,"{""0"": 5307, ""1"": 5253, ""2"": 4991, ""3"": 5074, ""4"": 5176, ""5"": 4698}",connected
30599,132,20000,0.5155158333333334,0.08621653962880373,-4.192459836006164,0.6318247687816619,0.05,1526,"{""0"": 5331, ""1"": 5275, ""2"": 4996, ""3"": 5090, ""4"": 5192, ""5"": 4715}",connected
30699,132,20000,0.5139324999999999,0.09498017471283675,-4.192459836006164,0.63381776034832,0.05,1526,"{""0"": 5347, ""1"": 5284, ""2"": 5007, ""3"": 5113, ""4"": 5209, ""5"": 4739}",connected
30799,132,20000,0.5123491666666666,0.09192753955721855,-4.192459836006164,0.6279997137188912,0.05,1526,"{""0"": 5365, ""1"": 5308, ""2"": 5026, ""3"": 5134, ""4"": 5215, ""5"": 4751}",connected
30899,132,20000,0.5107658333333334,0.09101043738424779,-4.192459836006164,0.6235935410857201,0.05,1526,"{""0"": 5379, ""1"": 5326, ""2"": 5038, ""3"": 5151, ""4"": 5230, ""5"": 4775}",connected
30999,134,20000,0.5091825,0.09095788948237896,-4.199049836690538,0.6267135545611382,0.05,1526,"{""0"": 5414, ""1"": 5349, ""2"": 5048, ""3"": 5164, ""4"": 5241, ""5"": 4783}",connected
31099,134,20000,0.5075991666666667,0.09181376997381449,-4.199049836690538,0.6246132525801659,0.05,1526,"{""0"": 5429, ""1"": 5365, ""2"": 5074, ""3"": 5176, ""4"": 5259, ""5"": 4796}",connected
31199,134,20000,0.5060158333333333,0.09736462514847517,-4.199049836690538,0.6297067803144455,0.05,1526,"{""0"": 5440, ""1"": 5379, ""2"": 5091, ""3"": 5200, ""4"": 5272, ""5"": 4817}",connected
31299,134,20000,0.5044325000000001,0.094257459230721,-4.199049836690538,0.6313138854503632,0.05,1526,"{""0"": 5448, ""1"": 5408, ""2"": 5109, ""3"": 5219, ""4"": 5291, ""5"": 4824}",connected
31399,134,20000,0.5028491666666667,0.09438766166567802,-4.199049836690538,0.6244176816940308,0.05,1526,"{""0"": 5463, ""1"": 5424, ""2"": 5124, ""3"": 5233, ""4"": 5313, ""5"": 4842}",connected
31499,136,20000,0.5012658333333333,0.0904354989528656,-4.1150398376351225,0.6235764497518539,0.05,1526,"{""0"": 5479, ""1"": 5442, ""2"": 5139, ""3"": 5255, ""4"": 5322, ""5"": 4862}",connected
31599,136,20000,0.49968250000000003,0.08877332367002964,-4.1150398376351225,0.6214327335357666,0.05,1526,"{""0"": 5497, ""1"": 5456, ""2"": 5155, ""3"": 5271, ""4"": 5348, ""5"": 4872}",connected
31699,136,20000,0.49809916666666665,0.09566152598708869,-4.1150398376351225,0.6221563273668289,0.05,1526,"{""0"": 5516, ""1"": 5472, ""2"": 5167, ""3"": 5293, ""4"": 5368, ""5"": 4883}",connected
31799,136,20000,0.4965158333333334,0.0962472278252244,-4.1150398376351225,0.6270901924371719,0.05,1526,"{""0"": 5523, ""1"": 5499, ""2"": 5179, ""3"": 5309, ""4"": 5386, ""5"": 4903}",connected
31899,138,20000,0.4949325000000001,0.09406692449003458,-3.992169837672263,0.627734461426735,0.05,1526,"{""0"": 5538, ""1"": 5520, ""2"": 5201, ""3"": 5318, ""4"": 5408, ""5"": 4914}",connected
31999,138,20000,0.4933491666666667,0.09241794291883706,-3.992169837672263,0.627343088388443,0.05,1526,"{""0"": 5558, ""1"": 5536, ""2"": 5221, ""3"": 5336, ""4"": 5422, ""5"": 4926}",connected
32099,138,20000,0.49176583333333335,0.08534990537911653,-3.992169837672263,0.6261654251813888,0.05,1526,"{""0"": 5569, ""1"": 5558, ""2"": 5235, ""3"": 5357, ""4"": 5439, ""5"": 4941}",connected
32199,138,20000,0.4901825000000001,0.08673759143799543,-3.992169837672263,0.6225285899639129,0.05,1526,"{""0"": 5586, ""1"": 5587, ""2"": 5251, ""3"": 5375, ""4"": 5448, ""5"": 4952}",connected
32299,140,20000,0.4885991666666667,0.0804576326161623,-3.974929837458767,0.6200208687782287,0.05,1526,"{""0"": 5602, ""1"": 5613, ""2"": 5264, ""3"": 5396, ""4"": 5458, ""5"": 4966}",connected
32399,140,20000,0.4870158333333333,0.08712471030652523,-3.974929837458767,0.6196562618017196,0.05,1526,"{""0"": 5624, ""1"": 5630, ""2"": 5275, ""3"": 5430, ""4"": 5472, ""5"": 4968}",connected
32499,140,20000,0.48543250000000004,0.08555897902697325,-3.974929837458767,0.6182598108053208,0.05,1526,"{""0"": 5635, ""1"": 5652, ""2"": 5301, ""3"": 5443, ""4"": 5486, ""5"": 4982}",connected
32599,140,20000,0.48384916666666666,0.07951974768191576,-3.974929837458767,0.615217632651329,0.05,1526,"{""0"": 5654, ""1"": 5670, ""2"": 5311, ""3"": 5465, ""4"": 5502, ""5"": 4997}",connected
32699,140,20000,0.4822658333333333,0.08751117799431085,-3.974929837458767,0.6144109600782395,0.05,1526,"{""0"": 5671, ""1"": 5686, ""2"": 5334, ""3"": 5482, ""4"": 5516, ""5"": 5010}",connected
32799,142,20000,0.4806825,0.08628803513944149,-3.957509838300757,0.6122671866416931,0.05,1526,"{""0"": 5690, ""1"": 5698, ""2"": 5352, ""3"": 5498, ""4"": 5538, ""5"": 5023}",connected
32899,142,20000,0.47909916666666663,0.09062672480940819,-3.957509838300757,0.6148777341842652,0.05,1526,"{""0"": 5700, ""1"": 5721, ""2"": 5374, ""3"": 5506, ""4"": 5554, ""5"": 5044}",connected
32999,142,20000,0.47751583333333336,0.09224689815193415,-3.957509838300757,0.6135360783338547,0.05,1526,"{""0"": 5712, ""1"": 5748, ""2"": 5388, ""3"": 5526, ""4"": 5572, ""5"": 5053}",connected
33099,142,20000,0.4759325000000001,0.08540298111736774,-3.957509838300757,0.6125287532806396,0.05,1526,"{""0"": 5724, ""1"": 5779, ""2"": 5402, ""3"": 5544, ""4"": 5585, ""5"": 5065}",connected
33199,142,20000,0.4743491666666667,0.08060302548110485,-3.957509838300757,0.6137131488323212,0.05,1526,"{""0"": 5743, ""1"": 5800, ""2"": 5426, ""3"": 5549, ""4"": 5605, ""5"": 5076}",connected
33299,144,20000,0.47276583333333333,0.08304527819156647,-3.9867698385426773,0.6075913393497467,0.05,1526,"{""0"": 5758, ""1"": 5824, ""2"": 5447, ""3"": 5566, ""4"": 5619, ""5"": 5085}",connected
33399,144,20000,0.47118250000000006,0.08384971398860216,-3.9867698385426773,0.6110690474510193,0.05,1526,"{""0"": 5777, ""1"": 5855, ""2"": 5457, ""3"": 5579, ""4"": 5622, ""5"": 5109}",connected
33499,144,20000,0.4695991666666667,0.09157219856977462,-3.9867698385426773,0.6123706942796707,0.05,1526,"{""0"": 5790, ""1"": 5881, ""2"": 5476, ""3"": 5603, ""4"": 5633, ""5"": 5116}",connected
33599,144,20000,0.4680158333333333,0.09404915772378444,-3.9867698385426773,0.6051037716865539,0.05,1526,"{""0"": 5804, ""1"": 5909, ""2"": 5497, ""3"": 5619, ""4"": 5651, ""5"": 5119}",connected
33699,144,20000,0.4664325,0.09518946029245853,-3.9867698385426773,0.6139695519208908,0.05,1526,"{""0"": 5816, ""1"": 5940, ""2"": 5515, ""3"": 5639, ""4"": 5656, ""5"": 5133}",connected
33799,146,20000,0.46484916666666665,0.10005028784275055,-4.0895298387017105,0.6160855048894882,0.05,1526,"{""0"": 5823, ""1"": 5953, ""2"": 5536, ""3"": 5661, ""4"": 5680, ""5"": 5146}",connected
33899,146,20000,0.4632658333333334,0.10217005610466004,-4.0895298387017105,0.617113401889801,0.05,1526,"{""0"": 5840, ""1"": 5973, ""2"": 5551, ""3"": 5678, ""4"": 5701, ""5"": 5156}",connected
33999,146,20000,0.4616825,0.1007619096711278,-4.0895298387017105,0.6223071759939194,0.05,1526,"{""0"": 5863, ""1"": 5990, ""2"": 5568, ""3"": 5696, ""4"": 5714, ""5"": 5168}",connected
34099,146,20000,0.4600991666666666,0.10073544695973397,-4.0895298387017105,0.6218405896425248,0.05,1526,"{""0"": 5881, ""1"": 6023, ""2"": 5589, ""3"": 5706, ""4"": 5727, ""5"": 5173}",connected
34199,148,20000,0.45851583333333346,0.10176282767206431,-4.161409839796834,0.6238899570703507,0.05,1526,"{""0"": 5899, ""1"": 6045, ""2"": 5604, ""3"": 5720, ""4"": 5746, ""5"": 5185}",connected
34299,148,20000,0.4569325000000001,0.09377224002033473,-4.161409839796834,0.6269210737943649,0.05,1526,"{""0"": 5922, ""1"": 6061, ""2"": 5623, ""3"": 5724, ""4"": 5765, ""5"": 5204}",connected
34399,148,20000,0.4553491666666667,0.09489981196820736,-4.161409839796834,0.6282401317358017,0.05,1526,"{""0"": 5936, ""1"": 6072, ""2"": 5642, ""3"": 5738, ""4"": 5781, ""5"": 5230}",connected
34499,148,20000,0.4537658333333334,0.09055671565234662,-4.161409839796834,0.6248846280574799,0.05,1526,"{""0"": 5961, ""1"": 6090, ""2"": 5650, ""3"": 5756, ""4"": 5793, ""5"": 5249}",connected
34599,148,20000,0.45218250000000004,0.0894235948100686,-4.161409839796834,0.6209781783819198,0.05,1526,"{""0"": 5974, ""1"": 6111, ""2"": 5667, ""3"": 5775, ""4"": 5809, ""5"": 5263}",connected
34699,150,20000,0.45059916666666666,0.09256746988743543,-4.132589838509448,0.6136495345830917,0.05,1526,"{""0"": 5988, ""1"": 6138, ""2"": 5687, ""3"": 5784, ""4"": 5831, ""5"": 5271}",connected
34799,150,20000,0.4490158333333334,0.08727894198149443,-4.132589838509448,0.6134927105903626,0.05,1526,"{""0"": 5998, ""1"": 6150, ""2"": 5713, ""3"": 5801, ""4"": 5847, ""5"": 5290}",connected
34899,150,20000,0.4474325,0.08757099103182554,-4.132589838509448,0.6152929872274399,0.05,1526,"{""0"": 6003, ""1"": 6183, ""2"": 5741, ""3"": 5809, ""4"": 5865, ""5"": 5298}",connected
34999,150,20000,0.44584916666666663,0.08677838735282421,-4.132589838509448,0.6168265676498413,0.05,1526,"{""0"": 6013, ""1"": 6214, ""2"": 5756, ""3"": 5822, ""4"": 5876, ""5"": 5318}",connected
35099,150,20000,0.44426583333333336,0.08735946916043759,-4.132589838509448,0.6207060343027115,0.05,1526,"{""0"": 6028, ""1"": 6235, ""2"": 5772, ""3"": 5840, ""4"": 5884, ""5"": 5340}",connected
35199,152,20000,0.4426825,0.0907807396352291,-4.145349839432165,0.6222849363088607,0.05,1526,"{""0"": 6038, ""1"": 6257, ""2"": 5793, ""3"": 5854, ""4"": 5903, ""5"": 5354}",connected
35299,152,20000,0.4410991666666666,0.09202678080648184,-4.145349839432165,0.6170884841680526,0.05,1526,"{""0"": 6061, ""1"": 6275, ""2"": 5814, ""3"": 5873, ""4"": 5908, ""5"": 5368}",connected
35399,152,20000,0.43951583333333344,0.0899986880645156,-4.145349839432165,0.6160403746366501,0.05,1526,"{""0"": 6087, ""1"": 6294, ""2"": 5829, ""3"": 5886, ""4"": 5929, ""5"": 5374}",connected
35499,152,20000,0.43793250000000006,0.08950051754713058,-4.145349839432165,0.616500751376152,0.05,1526,"{""0"": 6105, ""1"": 6303, ""2"": 5837, ""3"": 5901, ""4"": 5951, ""5"": 5402}",connected
35599,152,20000,0.4363491666666667,0.09292217154055833,-4.145349839432165,0.6146246653795242,0.05,1526,"{""0"": 6124, ""1"": 6315, ""2"": 5849, ""3"": 5920, ""4"": 5974, ""5"": 5417}",connected
35699,154,20000,0.4347658333333334,0.08846041426062584,-4.143719839002006,0.6205059939622879,0.05,1526,"{""0"": 6142, ""1"": 6323, ""2"": 5870, ""3"": 5932, ""4"": 5994, ""5"": 5438}",connected
35799,154,20000,0.4331825,0.08882338624447585,-4.143719839002006,0.6166038426756859,0.05,1526,"{""0"": 6151, ""1"": 6362, ""2"": 5889, ""3"": 5940, ""4"": 6008, ""5"": 5449}",connected
35899,154,20000,0.43159916666666664,0.0839266949519515,-4.143719839002006,0.615868236720562,0.05,1526,"{""0"": 6162, ""1"": 6383, ""2"": 5907, ""3"": 5948, ""4"": 6029, ""5"": 5470}",connected
35999,156,20000,0.4300158333333334,0.08171849854290486,-4.078409838159569,0.6124508485198021,0.05,1526,"{""0"": 6179, ""1"": 6389, ""2"": 5937, ""3"": 5973, ""4"": 6042, ""5"": 5479}",connected
36099,156,20000,0.4284325,0.08736510392278433,-4.078409838159569,0.6082456579804421,0.05,1526,"{""0"": 6196, ""1"": 6418, ""2"": 5946, ""3"": 5987, ""4"": 6064, ""5"": 5488}",connected
36199,156,20000,0.4268491666666667,0.08878035183995962,-4.078409838159569,0.60378183811903,0.05,1526,"{""0"": 6232, ""1"": 6429, ""2"": 5957, ""3"": 5997, ""4"": 6084, ""5"": 5500}",connected
36299,156,20000,0.42526583333333334,0.09136214848607778,-4.078409838159569,0.5974253806471824,0.05,1526,"{""0"": 6241, ""1"": 6450, ""2"": 5967, ""3"": 6021, ""4"": 6116, ""5"": 5504}",connected
36399,158,20000,0.42368249999999996,0.08953834373503923,-4.081599838538096,0.5880180647969246,0.05,1526,"{""0"": 6267, ""1"": 6465, ""2"": 5979, ""3"": 6043, ""4"": 6128, ""5"": 5517}",connected
36499,158,20000,0.4220991666666667,0.08257145348936319,-4.081599838538096,0.5741655138134957,0.05,1526,"{""0"": 6292, ""1"": 6479, ""2"": 6001, ""3"": 6055, ""4"": 6151, ""5"": 5521}",connected
36599,158,20000,0.4205158333333334,0.0780591507256031,-4.081599838538096,0.5725021576881408,0.05,1526,"{""0"": 6309, ""1"": 6507, ""2"": 6016, ""3"": 6069, ""4"": 6167, ""5"": 5531}",connected
36699,160,20000,0.41893250000000004,0.07705001145601273,-3.9898198419669644,0.5623409688472748,0.05,1526,"{""0"": 6324, ""1"": 6532, ""2"": 6042, ""3"": 6077, ""4"": 6181, ""5"": 5543}",connected
36799,160,20000,0.41734916666666677,0.07565010823309422,-3.9898198419669644,0.5610939201712608,0.05,1526,"{""0"": 6340, ""1"": 6547, ""2"": 6051, ""3"": 6090, ""4"": 6204, ""5"": 5567}",connected
36899,160,20000,0.4157658333333334,0.08118396792560816,-3.9898198419669644,0.5646251714229584,0.05,1526,"{""0"": 6358, ""1"": 6563, ""2"": 6070, ""3"": 6106, ""4"": 6216, ""5"": 5586}",connected
36999,160,20000,0.4141825,0.08543278817087412,-3.9898198419669644,0.5657108753919602,0.05,1526,"{""0"": 6373, ""1"": 6593, ""2"": 6083, ""3"": 6115, ""4"": 6240, ""5"": 5595}",connected
37099,160,20000,0.41259916666666674,0.08951722774654627,-3.9898198419669644,0.5681071537733078,0.05,1526,"{""0"": 6383, ""1"": 6604, ""2"": 6114, ""3"": 6140, ""4"": 6247, ""5"": 5611}",connected
37199,162,20000,0.41101583333333336,0.09262309614568949,-3.9841398400301116,0.5705084958672524,0.05,1526,"{""0"": 6407, ""1"": 6616, ""2"": 6132, ""3"": 6155, ""4"": 6258, ""5"": 5631}",connected
37299,162,20000,0.4094325,0.0922092955186963,-3.9841398400301116,0.5714564666152,0.05,1526,"{""0"": 6415, ""1"": 6633, ""2"": 6146, ""3"": 6171, ""4"": 6285, ""5"": 5649}",connected
37399,162,20000,0.4078491666666667,0.09396168261766434,-3.9841398400301116,0.5625997218489647,0.05,1526,"{""0"": 6428, ""1"": 6651, ""2"": 6176, ""3"": 6182, ""4"": 6302, ""5"": 5660}",connected
37499,162,20000,0.4062658333333333,0.09197559099644423,-3.9841398400301116,0.5625712350010872,0.05,1526,"{""0"": 6449, ""1"": 6673, ""2"": 6193, ""3"": 6199, ""4"": 6315, ""5"": 5670}",connected
37599,162,20000,0.40468249999999995,0.09319764491170644,-3.9841398400301116,0.5567212590575218,0.05,1526,"{""0"": 6468, ""1"": 6680, ""2"": 6202, ""3"": 6222, ""4"": 6334, ""5"": 5693}",connected
37699,164,20000,0.4030991666666667,0.09575874589383603,-4.012909840880893,0.5540782538056374,0.05,1526,"{""0"": 6483, ""1"": 6689, ""2"": 6228, ""3"": 6246, ""4"": 6354, ""5"": 5699}",connected
37799,164,20000,0.4015158333333334,0.09484812285751104,-4.012909840880893,0.556211662888527,0.05,1526,"{""0"": 6492, ""1"": 6717, ""2"": 6248, ""3"": 6268, ""4"": 6365, ""5"": 5709}",connected
37899,164,20000,0.3999325,0.09479216393083334,-4.012909840880893,0.5553685286641121,0.05,1526,"{""0"": 6498, ""1"": 6749, ""2"": 6258, ""3"": 6287, ""4"": 6387, ""5"": 5720}",connected
37999,164,20000,0.39834916666666675,0.09103938415646554,-4.012909840880893,0.5571819320321083,0.05,1526,"{""0"": 6508, ""1"": 6765, ""2"": 6280, ""3"": 6307, ""4"": 6401, ""5"": 5738}",connected
38099,166,20000,0.3967658333333334,0.08525628875941038,-4.012969840397127,0.555516075193882,0.05,1526,"{""0"": 6529, ""1"": 6784, ""2"": 6286, ""3"": 6330, ""4"": 6414, ""5"": 5756}",connected
38199,166,20000,0.3951825,0.08289411947131158,-4.012969840397127,0.5502094042301178,0.05,1526,"{""0"": 6541, ""1"": 6808, ""2"": 6311, ""3"": 6338, ""4"": 6439, ""5"": 5762}",connected
38299,166,20000,0.3935991666666667,0.08108801156282425,-4.012969840397127,0.5481653887033463,0.05,1526,"{""0"": 6558, ""1"": 6838, ""2"": 6320, ""3"": 6350, ""4"": 6450, ""5"": 5783}",connected
38399,166,20000,0.39201583333333334,0.07921527821570634,-4.012969840397127,0.5458953860402107,0.05,1526,"{""0"": 6574, ""1"": 6870, ""2"": 6327, ""3"": 6372, ""4"": 6454, ""5"": 5802}",connected
38499,166,20000,0.39043249999999996,0.08077982407063246,-4.012969840397127,0.5436799368262291,0.05,1526,"{""0"": 6598, ""1"": 6892, ""2"": 6341, ""3"": 6386, ""4"": 6468, ""5"": 5814}",connected
38599,168,20000,0.3888491666666667,0.08371383003890515,-4.032449841778726,0.5419599452614784,0.05,1526,"{""0"": 6628, ""1"": 6914, ""2"": 6353, ""3"": 6391, ""4"": 6490, ""5"": 5823}",connected
38699,168,20000,0.3872658333333333,0.08535696037113666,-4.032449841778726,0.5423852762579918,0.05,1526,"{""0"": 6640, ""1"": 6932, ""2"": 6371, ""3"": 6401, ""4"": 6523, ""5"": 5832}",connected
38799,168,20000,0.38568250000000004,0.08911574736237526,-4.032449841778726,0.5435355079174041,0.05,1526,"{""0"": 6653, ""1"": 6946, ""2"": 6401, ""3"": 6405, ""4"": 6541, ""5"": 5853}",connected
38899,168,20000,0.38409916666666666,0.09305202152580022,-4.032449841778726,0.5358242350816727,0.05,1526,"{""0"": 6678, ""1"": 6954, ""2"": 6417, ""3"": 6416, ""4"": 6561, ""5"": 5873}",connected
38999,168,20000,0.3825158333333334,0.09555710226297379,-4.032449841778726,0.5361368173360824,0.05,1526,"{""0"": 6700, ""1"": 6973, ""2"": 6430, ""3"": 6423, ""4"": 6569, ""5"": 5904}",connected
39099,170,20000,0.3809325000000001,0.09503918729722499,-3.9994098444236443,0.528641744852066,0.05,1526,"{""0"": 6712, ""1"": 6986, ""2"": 6453, ""3"": 6435, ""4"": 6589, ""5"": 5924}",connected
39199,170,20000,0.37934916666666674,0.09513527929782867,-3.9994098444236443,0.5250294172763824,0.05,1526,"{""0"": 6724, ""1"": 7009, ""2"": 6481, ""3"": 6455, ""4"": 6596, ""5"": 5934}",connected
39299,170,20000,0.37776583333333336,0.08604684963822365,-3.9994098444236443,0.5280897596478462,0.05,1526,"{""0"": 6736, ""1"": 7028, ""2"": 6503, ""3"": 6463, ""4"": 6613, ""5"": 5956}",connected
39399,170,20000,0.3761825000000001,0.08418580323457718,-3.9994098444236443,0.524430125951767,0.05,1526,"{""0"": 6750, ""1"": 7045, ""2"": 6519, ""3"": 6483, ""4"": 6625, ""5"": 5977}",connected
39499,172,20000,0.3745991666666667,0.08695483677089215,-3.9187298466823997,0.5251311680674553,0.05,1526,"{""0"": 6775, ""1"": 7051, ""2"": 6547, ""3"": 6491, ""4"": 6647, ""5"": 5988}",connected
39599,172,20000,0.3730158333333333,0.08449841283261776,-3.9187298466823997,0.5235701915621758,0.05,1526,"{""0"": 6792, ""1"": 7068, ""2"": 6563, ""3"": 6507, ""4"": 6663, ""5"": 6006}",connected
39699,172,20000,0.37143250000000005,0.08956565961241722,-3.9187298466823997,0.5194884490966797,0.05,1526,"{""0"": 6824, ""1"": 7083, ""2"": 6582, ""3"": 6510, ""4"": 6677, ""5"": 6023}",connected
39799,172,20000,0.3698491666666667,0.08556325607001782,-3.9187298466823997,0.5227340164780617,0.05,1526,"{""0"": 6856, ""1"": 7101, ""2"": 6591, ""3"": 6538, ""4"": 6685, ""5"": 6028}",connected
39899,172,20000,0.3682658333333333,0.08490802604705096,-3.9187298466823997,0.5231628322601318,0.05,1526,"{""0"": 6867, ""1"": 7137, ""2"": 6605, ""3"": 6548, ""4"": 6709, ""5"": 6033}",connected
39999,174,20000,0.3666825,0.08761624250561,-3.9340598474349826,0.524675942659378,0.05,1526,"{""0"": 6894, ""1"": 7154, ""2"": 6625, ""3"": 6554, ""4"": 6729, ""5"": 6043}",connected
40099,174,20000,0.36509916666666664,0.09005861062556506,-3.9340598474349826,0.5284049773216247,0.05,1526,"{""0"": 6910, ""1"": 7180, ""2"": 6641, ""3"": 6577, ""4"": 6740, ""5"": 6051}",connected
40199,174,20000,0.36351583333333337,0.09082631595432758,-3.9340598474349826,0.526943051815033,0.05,1526,"{""0"": 6921, ""1"": 7196, ""2"": 6663, ""3"": 6597, ""4"": 6757, ""5"": 6065}",connected
40299,174,20000,0.3619325000000001,0.08894254878163338,-3.9340598474349826,0.5285352376103402,0.05,1526,"{""0"": 6937, ""1"": 7222, ""2"": 6674, ""3"": 6615, ""4"": 6772, ""5"": 6079}",connected
40399,176,20000,0.3603491666666667,0.09143525589257478,-3.9610198467504234,0.5262985169887543,0.05,1526,"{""0"": 6952, ""1"": 7239, ""2"": 6698, ""3"": 6630, ""4"": 6782, ""5"": 6098}",connected
40499,176,20000,0.35876583333333334,0.08841198772192001,-3.9610198467504234,0.5293634986877441,0.05,1526,"{""0"": 6973, ""1"": 7251, ""2"": 6712, ""3"": 6645, ""4"": 6816, ""5"": 6102}",connected
40599,176,20000,0.35718250000000007,0.08158577058464289,-3.9610198467504234,0.530258123576641,0.05,1526,"{""0"": 7000, ""1"": 7265, ""2"": 6733, ""3"": 6659, ""4"": 6834, ""5"": 6108}",connected
40699,176,20000,0.3555991666666667,0.07648826695978642,-3.9610198467504234,0.5287362718582154,0.05,1526,"{""0"": 7013, ""1"": 7282, ""2"": 6749, ""3"": 6683, ""4"": 6850, ""5"": 6122}",connected
40799,176,20000,0.3540158333333333,0.07613828551024199,-3.9610198467504234,0.5301729506254196,0.05,1526,"{""0"": 7037, ""1"": 7294, ""2"": 6770, ""3"": 6696, ""4"": 6866, ""5"": 6136}",connected
40899,178,20000,0.35243250000000004,0.07554898321628571,-4.009129847157746,0.5267740422487259,0.05,1526,"{""0"": 7064, ""1"": 7303, ""2"": 6791, ""3"": 6709, ""4"": 6889, ""5"": 6143}",connected
40999,178,20000,0.35084916666666666,0.08657206632196904,-4.009129847157746,0.5313278746604919,0.05,1526,"{""0"": 7086, ""1"": 7320, ""2"": 6808, ""3"": 6732, ""4"": 6905, ""5"": 6148}",connected
41099,178,20000,0.3492658333333333,0.0872658597677946,-4.009129847157746,0.5298603436350823,0.05,1526,"{""0"": 7101, ""1"": 7341, ""2"": 6823, ""3"": 6751, ""4"": 6930, ""5"": 6153}",connected
41199,178,20000,0.3476825,0.08513500742614269,-4.009129847157746,0.5250251707434654,0.05,1526,"{""0"": 7103, ""1"": 7366, ""2"": 6856, ""3"": 6759, ""4"": 6950, ""5"": 6165}",connected
41299,178,20000,0.3460991666666666,0.0842938295379281,-4.009129847157746,0.5241683742403984,0.05,1526,"{""0"": 7115, ""1"": 7397, ""2"": 6871, ""3"": 6769, ""4"": 6962, ""5"": 6185}",connected
41399,180,20000,0.34451583333333347,0.08044416353106498,-4.100999846379272,0.5186669021844864,0.05,1526,"{""0"": 7140, ""1"": 7418, ""2"": 6876, ""3"": 6787, ""4"": 6979, ""5"": 6199}",connected
41499,180,20000,0.3429325000000001,0.0818537575751543,-4.100999846379272,0.5146889171004295,0.05,1526,"{""0"": 7161, ""1"": 7440, ""2"": 6897, ""3"": 6793, ""4"": 6996, ""5"": 6212}",connected
41599,180,20000,0.3413491666666667,0.08256182227283716,-4.100999846379272,0.5143801566958427,0.05,1526,"{""0"": 7190, ""1"": 7460, ""2"": 6918, ""3"": 6803, ""4"": 7006, ""5"": 6222}",connected
41699,180,20000,0.33976583333333343,0.08719830885529518,-4.100999846379272,0.5097704485058785,0.05,1526,"{""0"": 7195, ""1"": 7482, ""2"": 6937, ""3"": 6828, ""4"": 7029, ""5"": 6228}",connected
41799,180,20000,0.33818250000000005,0.08341386877000331,-4.100999846379272,0.5091413286328316,0.05,1526,"{""0"": 7217, ""1"": 7502, ""2"": 6951, ""3"": 6847, ""4"": 7041, ""5"": 6241}",connected
41899,182,20000,0.33659916666666667,0.08645103439688683,-4.135479846503586,0.5097310584783554,0.05,1526,"{""0"": 7236, ""1"": 7511, ""2"": 6970, ""3"": 6855, ""4"": 7072, ""5"": 6255}",connected
41999,182,20000,0.3350158333333334,0.08093535598367453,-4.135479846503586,0.5086868557333947,0.05,1526,"{""0"": 7249, ""1"": 7519, ""2"": 6988, ""3"": 6874, ""4"": 7109, ""5"": 6260}",connected
42099,182,20000,0.3334325,0.0806211618706584,-4.135479846503586,0.5095073655247688,0.05,1526,"{""0"": 7263, ""1"": 7526, ""2"": 7007, ""3"": 6879, ""4"": 7161, ""5"": 6263}",connected
42199,182,20000,0.33184916666666664,0.08484916057437658,-4.135479846503586,0.5082615721225738,0.05,1526,"{""0"": 7296, ""1"": 7531, ""2"": 7015, ""3"": 6882, ""4"": 7207, ""5"": 6268}",connected
42299,182,20000,0.33026583333333337,0.0897334423661232,-4.135479846503586,0.5132285410165787,0.05,1526,"{""0"": 7307, ""1"": 7534, ""2"": 7043, ""3"": 6887, ""4"": 7252, ""5"": 6276}",connected
42399,184,20000,0.3286825,0.09297280851751566,-4.141379850818776,0.521121239066124,0.05,1526,"{""0"": 7338, ""1"": 7545, ""2"": 7059, ""3"": 6895, ""4"": 7278, ""5"": 6284}",connected
42499,184,20000,0.3270991666666666,0.09535118333995342,-4.141379850818776,0.5221279412508011,0.05,1526,"{""0"": 7351, ""1"": 7565, ""2"": 7073, ""3"": 6912, ""4"": 7298, ""5"": 6300}",connected
42599,184,20000,0.32551583333333345,0.09529639780521393,-4.141379850818776,0.5216206222772598,0.05,1526,"{""0"": 7374, ""1"": 7586, ""2"": 7088, ""3"": 6921, ""4"": 7313, ""5"": 6317}",connected
42699,184,20000,0.32393250000000007,0.09094331279397011,-4.141379850818776,0.5155023118853569,0.05,1526,"{""0"": 7383, ""1"": 7618, ""2"": 7108, ""3"": 6934, ""4"": 7331, ""5"": 6325}",connected
42799,186,20000,0.3223491666666667,0.08759776324033737,-4.1074698514863845,0.5098881587386132,0.05,1526,"{""0"": 7403, ""1"": 7635, ""2"": 7117, ""3"": 6945, ""4"": 7345, ""5"": 6354}",connected
42899,186,20000,0.3207658333333334,0.07754997737705707,-4.1074698514863845,0.5090506118535996,0.05,1526,"{""0"": 7404, ""1"": 7687, ""2"": 7126, ""3"": 6964, ""4"": 7349, ""5"": 6369}",connected
42999,186,20000,0.31918250000000004,0.07212165642529726,-4.1074698514863845,0.5090235462784767,0.05,1526,"{""0"": 7407, ""1"": 7717, ""2"": 7155, ""3"": 6968, ""4"": 7356, ""5"": 6396}",connected
43099,186,20000,0.31759916666666665,0.07422891266644001,-4.1074698514863845,0.5152029079198838,0.05,1526,"{""0"": 7436, ""1"": 7736, ""2"": 7177, ""3"": 6977, ""4"": 7363, ""5"": 6410}",connected
43199,186,20000,0.3160158333333334,0.07659293048083782,-4.1074698514863845,0.5148242473602295,0.05,1526,"{""0"": 7472, ""1"": 7765, ""2"": 7183, ""3"": 6979, ""4"": 7370, ""5"": 6430}",connected
43299,188,20000,0.3144325,0.08531475026160479,-4.125859852712601,0.5131728187203407,0.05,1526,"{""0"": 7493, ""1"": 7781, ""2"": 7203, ""3"": 6986, ""4"": 7387, ""5"": 6449}",connected
43399,188,20000,0.3128491666666666,0.09246648766100407,-4.125859852712601,0.5087899449467659,0.05,1526,"{""0"": 7513, ""1"": 7801, ""2"": 7222, ""3"": 6994, ""4"": 7407, ""5"": 6462}",connected
43499,188,20000,0.31126583333333335,0.0923367103561759,-4.125859852712601,0.5024807247519493,0.05,1526,"{""0"": 7526, ""1"": 7845, ""2"": 7237, ""3"": 7012, ""4"": 7414, ""5"": 6465}",connected
43599,190,20000,0.30968249999999997,0.09749714497476816,-4.1073798531387,0.5008917826414109,0.05,1526,"{""0"": 7548, ""1"": 7872, ""2"": 7254, ""3"": 7021, ""4"": 7427, ""5"": 6477}",connected
43699,190,20000,0.3080991666666667,0.09346947904676199,-4.1073798531387,0.5031857115030288,0.05,1526,"{""0"": 7559, ""1"": 7884, ""2"": 7286, ""3"": 7041, ""4"": 7445, ""5"": 6484}",connected
43799,190,20000,0.30651583333333343,0.0918189499899745,-4.1073798531387,0.5084949964284897,0.05,1526,"{""0"": 7571, ""1"": 7905, ""2"": 7312, ""3"": 7046, ""4"": 7466, ""5"": 6499}",connected
43899,190,20000,0.30493250000000005,0.09256960570812225,-4.1073798531387,0.5074716359376907,0.05,1526,"{""0"": 7586, ""1"": 7929, ""2"": 7330, ""3"": 7062, ""4"": 7483, ""5"": 6509}",connected
43999,190,20000,0.3033491666666668,0.08728639122098684,-4.1073798531387,0.5012848910689354,0.05,1526,"{""0"": 7610, ""1"": 7939, ""2"": 7352, ""3"": 7078, ""4"": 7499, ""5"": 6521}",connected
44099,192,20000,0.3017658333333334,0.09020468257367611,-4.078609852781519,0.5007610291242599,0.05,1526,"{""0"": 7635, ""1"": 7957, ""2"": 7363, ""3"": 7099, ""4"": 7522, ""5"": 6523}",connected
44199,192,20000,0.3001825,0.08980680257081985,-4.078609852781519,0.4975977000594139,0.05,1526,"{""0"": 7651, ""1"": 7986, ""2"": 7374, ""3"": 7108, ""4"": 7543, ""5"": 6537}",connected
44299,192,20000,0.29859916666666675,0.08925625182688236,-4.078609852781519,0.5013232046365738,0.05,1526,"{""0"": 7659, ""1"": 8005, ""2"": 7395, ""3"": 7128, ""4"": 7570, ""5"": 6542}",connected
44399,192,20000,0.29701583333333337,0.095587571375072,-4.078609852781519,0.5053140982985497,0.05,1526,"{""0"": 7665, ""1"": 8013, ""2"": 7411, ""3"": 7169, ""4"": 7579, ""5"": 6562}",connected
44499,192,20000,0.2954325,0.09713349632918834,-4.078609852781519,0.506732995212078,0.05,1526,"{""0"": 7683, ""1"": 8021, ""2"": 7428, ""3"": 7196, ""4"": 7590, ""5"": 6581}",connected
44599,194,20000,0.2938491666666667,0.09690028887242079,-4.068259850479662,0.5048571866750717,0.05,1526,"{""0"": 7705, ""1"": 8027, ""2"": 7459, ""3"": 7216, ""4"": 7604, ""5"": 6588}",connected
44699,194,20000,0.29226583333333334,0.09415378525853157,-4.068259850479662,0.5045704343914985,0.05,1526,"{""0"": 7708, ""1"": 8038, ""2"": 7482, ""3"": 7236, ""4"": 7612, ""5"": 6623}",connected
44799,194,20000,0.29068249999999995,0.08608619950711727,-4.068259850479662,0.5090171831846237,0.05,1526,"{""0"": 7721, ""1"": 8058, ""2"": 7494, ""3"": 7272, ""4"": 7626, ""5"": 6628}",connected
44899,194,20000,0.2890991666666667,0.08254286129027605,-4.068259850479662,0.5055044260621071,0.05,1526,"{""0"": 7747, ""1"": 8077, ""2"": 7502, ""3"": 7309, ""4"": 7633, ""5"": 6631}",connected
44999,194,20000,0.2875158333333334,0.07766541291028262,-4.068259850479662,0.5052159863710404,0.05,1526,"{""0"": 7773, ""1"": 8104, ""2"": 7510, ""3"": 7343, ""4"": 7635, ""5"": 6634}",connected
45099,196,20000,0.28593250000000003,0.07816896427422762,-4.0243398523842915,0.5015893903374672,0.05,1526,"{""0"": 7794, ""1"": 8122, ""2"": 7531, ""3"": 7348, ""4"": 7660, ""5"": 6644}",connected
45199,196,20000,0.28434916666666676,0.08356448736041784,-4.0243398523842915,0.4960657459497452,0.05,1526,"{""0"": 7804, ""1"": 8145, ""2"": 7544, ""3"": 7362, ""4"": 7668, ""5"": 6676}",connected
45299,196,20000,0.2827658333333334,0.08798790317028761,-4.0243398523842915,0.49712066233158114,0.05,1526,"{""0"": 7806, ""1"": 8169, ""2"": 7573, ""3"": 7379, ""4"": 7674, ""5"": 6698}",connected
45399,196,20000,0.2811825,0.09130652878433466,-4.0243398523842915,0.4953932082653046,0.05,1526,"{""0"": 7811, ""1"": 8230, ""2"": 7579, ""3"": 7395, ""4"": 7678, ""5"": 6706}",connected
45499,198,20000,0.27959916666666673,0.09267041679471731,-4.008919850266539,0.49653966069221495,0.05,1526,"{""0"": 7819, ""1"": 8282, ""2"": 7595, ""3"": 7401, ""4"": 7690, ""5"": 6712}",connected
45599,198,20000,0.27801583333333335,0.09160432625561953,-4.008919850266539,0.4949583011865616,0.05,1526,"{""0"": 7822, ""1"": 8321, ""2"": 7611, ""3"": 7412, ""4"": 7709, ""5"": 6724}",connected
45699,198,20000,0.27643249999999997,0.0900133241340518,-4.008919850266539,0.4903486388921738,0.05,1526,"{""0"": 7841, ""1"": 8343, ""2"": 7625, ""3"": 7428, ""4"": 7730, ""5"": 6732}",connected
45799,198,20000,0.2748491666666667,0.09092840909957886,-4.008919850266539,0.49544727385044096,0.05,1526,"{""0"": 7858, ""1"": 8378, ""2"": 7646, ""3"": 7445, ""4"": 7732, ""5"": 6740}",connected
45899,198,20000,0.2732658333333333,0.09648003198206424,-4.008919850266539,0.4928330463171005,0.05,1526,"{""0"": 7870, ""1"": 8399, ""2"": 7667, ""3"": 7457, ""4"": 7751, ""5"": 6755}",connected
45999,200,20000,0.27168249999999994,0.09712552458047867,-3.996649850145914,0.49327512353658676,0.05,1526,"{""0"": 7901, ""1"": 8411, ""2"": 7674, ""3"": 7472, ""4"": 7777, ""5"": 6764}",connected
46099,200,20000,0.27009916666666667,0.10044192999601365,-3.996649850145914,0.4961109438538551,0.05,1526,"{""0"": 7911, ""1"": 8416, ""2"": 7708, ""3"": 7486, ""4"": 7796, ""5"": 6782}",connected
46199,200,20000,0.2685158333333334,0.10035131767392158,-3.996649850145914,0.4907297232747078,0.05,1526,"{""0"": 7923, ""1"": 8435, ""2"": 7723, ""3"": 7498, ""4"": 7821, ""5"": 6799}",connected
46299,200,20000,0.26693250000000013,0.09667218845337629,-3.996649850145914,0.4917645713686943,0.05,1526,"{""0"": 7929, ""1"": 8461, ""2"": 7747, ""3"": 7518, ""4"": 7840, ""5"": 6804}",connected
46399,200,20000,0.26534916666666675,0.09689098041504622,-3.996649850145914,0.49660383850336076,0.05,1526,"{""0"": 7947, ""1"": 8492, ""2"": 7768, ""3"": 7521, ""4"": 7854, ""5"": 6817}",connected
46499,202,20000,0.26376583333333337,0.09134049564599991,-3.9912898499378935,0.49515829116106036,0.05,1526,"{""0"": 7958, ""1"": 8514, ""2"": 7787, ""3"": 7525, ""4"": 7872, ""5"": 6843}",connected
46599,202,20000,0.2621825000000001,0.09707842987030744,-3.9912898499378935,0.49918142706155777,0.05,1526,"{""0"": 7961, ""1"": 8523, ""2"": 7812, ""3"": 7544, ""4"": 7894, ""5"": 6865}",connected
46699,202,20000,0.2605991666666667,0.09489523630589247,-3.9912898499378935,0.4976822653412819,0.05,1526,"{""0"": 7963, ""1"": 8540, ""2"": 7818, ""3"": 7596, ""4"": 7904, ""5"": 6878}",connected
46799,202,20000,0.25901583333333333,0.09934516090899706,-3.9912898499378935,0.4914759626984596,0.05,1526,"{""0"": 7969, ""1"": 8553, ""2"": 7830, ""3"": 7644, ""4"": 7909, ""5"": 6894}",connected
46899,202,20000,0.25743250000000006,0.10090572312474251,-3.9912898499378935,0.48877703458070754,0.05,1526,"{""0"": 7982, ""1"": 8562, ""2"": 7840, ""3"": 7678, ""4"": 7923, ""5"": 6914}",connected
46999,204,20000,0.2558491666666667,0.0947632358968258,-3.987629851181991,0.48504364520311355,0.05,1526,"{""0"": 7999, ""1"": 8568, ""2"": 7854, ""3"": 7701, ""4"": 7952, ""5"": 6925}",connected
47099,204,20000,0.2542658333333333,0.0953928691148758,-3.987629851181991,0.48448958903551104,0.05,1526,"{""0"": 8006, ""1"": 8592, ""2"": 7880, ""3"": 7724, ""4"": 7958, ""5"": 6939}",connected
47199,204,20000,0.25268250000000003,0.09116730965673923,-3.987629851181991,0.4808187058568001,0.05,1526,"{""0"": 8014, ""1"": 8613, ""2"": 7904, ""3"": 7745, ""4"": 7979, ""5"": 6944}",connected
47299,204,20000,0.25109916666666665,0.09407060343772172,-3.987629851181991,0.48407251536846163,0.05,1526,"{""0"": 8025, ""1"": 8629, ""2"": 7930, ""3"": 7768, ""4"": 7996, ""5"": 6951}",connected
47399,206,20000,0.24951583333333338,0.09420923553407193,-3.9864698513550683,0.48646596640348433,0.05,1526,"{""0"": 8040, ""1"": 8636, ""2"": 7945, ""3"": 7787, ""4"": 8017, ""5"": 6974}",connected
47499,206,20000,0.2479325000000001,0.09545885249972344,-3.9864698513550683,0.48986955016851425,0.05,1526,"{""0"": 8076, ""1"": 8640, ""2"": 7959, ""3"": 7798, ""4"": 8042, ""5"": 6984}",connected
47599,206,20000,0.24634916666666673,0.0949827192723751,-3.9864698513550683,0.4944369187951088,0.05,1526,"{""0"": 8094, ""1"": 8654, ""2"": 7995, ""3"": 7810, ""4"": 8048, ""5"": 6998}",connected
47699,206,20000,0.24476583333333335,0.09432899057865143,-3.9864698513550683,0.48894902735948564,0.05,1526,"{""0"": 8105, ""1"": 8679, ""2"": 8017, ""3"": 7819, ""4"": 8067, ""5"": 7012}",connected
47799,206,20000,0.24318250000000008,0.09325433641672135,-3.9864698513550683,0.4831643506884575,0.05,1526,"{""0"": 8116, ""1"": 8712, ""2"": 8040, ""3"": 7828, ""4"": 8079, ""5"": 7024}",connected
47899,208,20000,0.2415991666666667,0.08829704914242029,-3.9759798505716026,0.47587411135435104,0.05,1526,"{""0"": 8132, ""1"": 8728, ""2"": 8067, ""3"": 7845, ""4"": 8094, ""5"": 7033}",connected
47999,208,20000,0.24001583333333332,0.08804223384708167,-3.9759798505716026,0.4721975523233414,0.05,1526,"{""0"": 8146, ""1"": 8743, ""2"": 8082, ""3"": 7874, ""4"": 8119, ""5"": 7035}",connected
48099,208,20000,0.23843250000000005,0.0849591088294983,-3.9759798505716026,0.4795049452781677,0.05,1526,"{""0"": 8168, ""1"": 8748, ""2"": 8102, ""3"": 7888, ""4"": 8140, ""5"": 7053}",connected
48199,208,20000,0.23684916666666667,0.09263601012527943,-3.9759798505716026,0.4828710776567459,0.05,1526,"{""0"": 8175, ""1"": 8766, ""2"": 8122, ""3"": 7898, ""4"": 8161, ""5"": 7077}",connected
48299,208,20000,0.23526583333333329,0.09183132108300925,-3.9759798505716026,0.48722404688596727,0.05,1526,"{""0"": 8180, ""1"": 8798, ""2"": 8144, ""3"": 7900, ""4"": 8167, ""5"": 7110}",connected
48399,210,20000,0.23368250000000002,0.0911371336504817,-3.9909998497739436,0.4873547947406769,0.05,1526,"{""0"": 8186, ""1"": 8810, ""2"": 8178, ""3"": 7913, ""4"": 8194, ""5"": 7118}",connected
48499,210,20000,0.23209916666666663,0.09187195662409067,-3.9909998497739436,0.48009287774562837,0.05,1526,"{""0"": 8194, ""1"": 8824, ""2"": 8199, ""3"": 7920, ""4"": 8229, ""5"": 7133}",connected
48599,210,20000,0.23051583333333336,0.0884566094353795,-3.9909998497739436,0.4811947679519653,0.05,1526,"{""0"": 8200, ""1"": 8852, ""2"": 8210, ""3"": 7943, ""4"": 8254, ""5"": 7140}",connected
48699,210,20000,0.2289325000000001,0.09098068360239267,-3.9909998497739436,0.4796400430798531,0.05,1526,"{""0"": 8200, ""1"": 8889, ""2"": 8212, ""3"": 7967, ""4"": 8288, ""5"": 7143}",connected
48799,210,20000,0.2273491666666667,0.08975157558918,-3.9909998497739436,0.479548876285553,0.05,1526,"{""0"": 8221, ""1"": 8896, ""2"": 8215, ""3"": 7990, ""4"": 8324, ""5"": 7153}",connected
48899,212,20000,0.22576583333333344,0.08887627314776182,-3.9592398503329607,0.48223191499710083,0.05,1526,"{""0"": 8234, ""1"": 8912, ""2"": 8230, ""3"": 7999, ""4"": 8360, ""5"": 7164}",connected
48999,212,20000,0.22418250000000006,0.0900564730912447,-3.9592398503329607,0.47919160783290865,0.05,1526,"{""0"": 8238, ""1"": 8939, ""2"": 8262, ""3"": 8024, ""4"": 8365, ""5"": 7171}",connected
49099,212,20000,0.22259916666666668,0.09151866521686315,-3.9592398503329607,0.4818045502901077,0.05,1526,"{""0"": 8254, ""1"": 8954, ""2"": 8268, ""3"": 8057, ""4"": 8373, ""5"": 7193}",connected
49199,214,20000,0.2210158333333334,0.08857417203485966,-3.851009851344861,0.4831395560503006,0.05,1526,"{""0"": 8277, ""1"": 8962, ""2"": 8288, ""3"": 8069, ""4"": 8393, ""5"": 7210}",connected
49299,214,20000,0.21943250000000003,0.09382145807147026,-3.851009851344861,0.48585650622844695,0.05,1526,"{""0"": 8282, ""1"": 8982, ""2"": 8305, ""3"": 8077, ""4"": 8411, ""5"": 7242}",connected
49399,214,20000,0.21784916666666665,0.08799866285175086,-3.851009851344861,0.48976169019937515,0.05,1526,"{""0"": 8288, ""1"": 8989, ""2"": 8318, ""3"": 8111, ""4"": 8442, ""5"": 7251}",connected
49499,214,20000,0.21626583333333338,0.08512061275541782,-3.851009851344861,0.490217305123806,0.05,1526,"{""0"": 8300, ""1"": 9001, ""2"": 8343, ""3"": 8121, ""4"": 8464, ""5"": 7270}",connected
49599,216,20000,0.2146825,0.09257443934679031,-3.7805398517707363,0.491037700176239,0.05,1526,"{""0"": 8328, ""1"": 9008, ""2"": 8356, ""3"": 8126, ""4"": 8495, ""5"": 7286}",connected
49699,216,20000,0.21309916666666662,0.08863580010831357,-3.7805398517707363,0.486206097304821,0.05,1526,"{""0"": 8342, ""1"": 9019, ""2"": 8374, ""3"": 8139, ""4"": 8525, ""5"": 7300}",connected
49799,216,20000,0.21151583333333346,0.09866928022354841,-3.7805398517707363,0.4809448462724686,0.05,1526,"{""0"": 8346, ""1"": 9054, ""2"": 8384, ""3"": 8162, ""4"": 8537, ""5"": 7316}",connected
49899,216,20000,0.20993250000000008,0.10410731181502342,-3.7805398517707363,0.47359937012195585,0.05,1526,"{""0"": 8353, ""1"": 9078, ""2"": 8394, ""3"": 8184, ""4"": 8561, ""5"": 7329}",connected
49999,216,20000,0.2083491666666667,0.10473194591701031,-3.7805398517707363,0.47135941326618197,0.05,1526,"{""0"": 8362, ""1"": 9101, ""2"": 8423, ""3"": 8188, ""4"": 8582, ""5"": 7343}",connected
50099,218,20000,0.20676583333333343,0.1014497409760952,-3.77577985110227,0.4700253677368164,0.05,1526,"{""0"": 8380, ""1"": 9115, ""2"": 8436, ""3"": 8208, ""4"": 8603, ""5"": 7357}",connected
50199,218,20000,0.20518250000000005,0.09495676662772894,-3.77577985110227,0.4723477366566658,0.05,1526,"{""0"": 8382, ""1"": 9129, ""2"": 8455, ""3"": 8238, ""4"": 8620, ""5"": 7375}",connected
50299,218,20000,0.20359916666666666,0.09385319896042348,-3.77577985110227,0.47423220306634906,0.05,1526,"{""0"": 8389, ""1"": 9136, ""2"": 8484, ""3"": 8269, ""4"": 8646, ""5"": 7375}",connected
50399,218,20000,0.2020158333333334,0.08933646935969591,-3.77577985110227,0.4760401979088783,0.05,1526,"{""0"": 8394, ""1"": 9175, ""2"": 8496, ""3"": 8276, ""4"": 8671, ""5"": 7387}",connected
50499,220,20000,0.2004325,0.09193556431680917,-3.779719852427952,0.47652013421058653,0.05,1526,"{""0"": 8416, ""1"": 9199, ""2"": 8501, ""3"": 8284, ""4"": 8692, ""5"": 7407}",connected
50599,220,20000,0.19884916666666663,0.09141229551285505,-3.779719852427952,0.46823138654232027,0.05,1526,"{""0"": 8422, ""1"": 9221, ""2"": 8517, ""3"": 8302, ""4"": 8723, ""5"": 7414}",connected
50699,220,20000,0.19726583333333336,0.08850851889699697,-3.779719852427952,0.4676070037484169,0.05,1526,"{""0"": 8426, ""1"": 9240, ""2"": 8552, ""3"": 8317, ""4"": 8739, ""5"": 7425}",connected
50799,220,20000,0.19568249999999998,0.09225049920380116,-3.779719852427952,0.463100825548172,0.05,1526,"{""0"": 8433, ""1"": 9290, ""2"": 8557, ""3"": 8324, ""4"": 8756, ""5"": 7439}",connected
50899,220,20000,0.1940991666666666,0.09141173951327801,-3.779719852427952,0.4622050210833549,0.05,1526,"{""0"": 8446, ""1"": 9311, ""2"": 8561, ""3"": 8330, ""4"": 8790, ""5"": 7461}",connected
50999,222,20000,0.19251583333333344,0.09236438546329737,-3.9028998520364984,0.4664438757300377,0.05,1526,"{""0"": 8457, ""1"": 9330, ""2"": 8574, ""3"": 8343, ""4"": 8812, ""5"": 7483}",connected
51099,222,20000,0.19093250000000006,0.0942058026790619,-3.9028998520364984,0.4677508789300919,0.05,1526,"{""0"": 8466, ""1"": 9351, ""2"": 8583, ""3"": 8358, ""4"": 8849, ""5"": 7492}",connected
51199,222,20000,0.1893491666666668,0.09503833282738924,-3.9028998520364984,0.4709213039278984,0.05,1526,"{""0"": 8478, ""1"": 9362, ""2"": 8611, ""3"": 8389, ""4"": 8858, ""5"": 7501}",connected
51299,222,20000,0.1877658333333334,0.09622656494379044,-3.9028998520364984,0.47053136467933654,0.05,1526,"{""0"": 8492, ""1"": 9398, ""2"": 8625, ""3"": 8399, ""4"": 8876, ""5"": 7509}",connected
51399,222,20000,0.18618250000000003,0.09598354745656251,-3.9028998520364984,0.47540945798158646,0.05,1526,"{""0"": 8510, ""1"": 9415, ""2"": 8648, ""3"": 8408, ""4"": 8892, ""5"": 7526}",connected
51499,224,20000,0.18459916666666676,0.09454121131449938,-3.9234498529648407,0.4752615624666214,0.05,1526,"{""0"": 8531, ""1"": 9432, ""2"": 8653, ""3"": 8420, ""4"": 8928, ""5"": 7535}",connected
51599,224,20000,0.18301583333333338,0.09176255233585834,-3.9234498529648407,0.4717729866504669,0.05,1526,"{""0"": 8544, ""1"": 9461, ""2"": 8667, ""3"": 8443, ""4"": 8931, ""5"": 7553}",connected
51699,224,20000,0.1814325,0.09776424374431372,-3.9234498529648407,0.47555207133293154,0.05,1526,"{""0"": 8557, ""1"": 9471, ""2"": 8689, ""3"": 8461, ""4"": 8960, ""5"": 7561}",connected
51799,224,20000,0.17984916666666673,0.10031769409775734,-3.9234498529648407,0.4674802607297897,0.05,1526,"{""0"": 8583, ""1"": 9486, ""2"": 8718, ""3"": 8479, ""4"": 8970, ""5"": 7563}",connected
51899,224,20000,0.17826583333333335,0.1060063935443759,-3.9234498529648407,0.46471703320741653,0.05,1526,"{""0"": 8597, ""1"": 9487, ""2"": 8766, ""3"": 8509, ""4"": 8976, ""5"": 7564}",connected
51999,226,20000,0.17668249999999996,0.10563670970499515,-3.9248598556406797,0.46818416476249697,0.05,1526,"{""0"": 8608, ""1"": 9504, ""2"": 8783, ""3"": 8525, ""4"": 9008, ""5"": 7571}",connected
52099,226,20000,0.1750991666666667,0.09959208402782678,-3.9248598556406797,0.46262151628732684,0.05,1526,"{""0"": 8623, ""1"": 9510, ""2"": 8806, ""3"": 8543, ""4"": 9027, ""5"": 7590}",connected
52199,226,20000,0.17351583333333342,0.10067892704159022,-3.9248598556406797,0.4652138864994049,0.05,1526,"{""0"": 8647, ""1"": 9520, ""2"": 8821, ""3"": 8549, ""4"": 9049, ""5"": 7613}",connected
52299,226,20000,0.17193250000000004,0.09393445998430253,-3.9248598556406797,0.46792352259159087,0.05,1526,"{""0"": 8661, ""1"": 9558, ""2"": 8825, ""3"": 8563, ""4"": 9060, ""5"": 7632}",connected
52399,228,20000,0.17034916666666677,0.09798129316419363,-3.9289398539997635,0.4653344148397446,0.05,1526,"{""0"": 8683, ""1"": 9576, ""2"": 8835, ""3"": 8571, ""4"": 9083, ""5"": 7651}",connected
52499,228,20000,0.1687658333333334,0.10507656935602426,-3.9289398539997635,0.4689870038628578,0.05,1526,"{""0"": 8691, ""1"": 9598, ""2"": 8870, ""3"": 8575, ""4"": 9104, ""5"": 7661}",connected
52599,228,20000,0.1671825,0.10667341738939286,-3.9289398539997635,0.4698916384577751,0.05,1526,"{""0"": 8694, ""1"": 9616, ""2"": 8921, ""3"": 8580, ""4"": 9117, ""5"": 7671}",connected
52699,228,20000,0.16559916666666674,0.11066549122333527,-3.9289398539997635,0.4725971841812134,0.05,1526,"{""0"": 8702, ""1"": 9628, ""2"": 8972, ""3"": 8584, ""4"": 9123, ""5"": 7690}",connected
52799,230,20000,0.16401583333333336,0.10874836854636669,-3.9534098562039435,0.47105251759290695,0.05,1526,"{""0"": 8717, ""1"": 9656, ""2"": 8986, ""3"": 8597, ""4"": 9138, ""5"": 7705}",connected
52899,230,20000,0.16243249999999998,0.09969181355088949,-3.9534098562039435,0.4689825624227524,0.05,1526,"{""0"": 8730, ""1"": 9668, ""2"": 8997, ""3"": 8615, ""4"": 9176, ""5"": 7713}",connected
52999,230,20000,0.1608491666666667,0.09820920802652836,-3.9534098562039435,0.4691039779782295,0.05,1526,"{""0"": 8741, ""1"": 9673, ""2"": 9027, ""3"": 8628, ""4"": 9201, ""5"": 7729}",connected
53099,230,20000,0.15926583333333333,0.08846786964684725,-3.9534098562039435,0.4645164728164673,0.05,1526,"{""0"": 8745, ""1"": 9682, ""2"": 9049, ""3"": 8654, ""4"": 9228, ""5"": 7741}",connected
53199,230,20000,0.15768249999999995,0.08284308556467294,-3.9534098562039435,0.465817363858223,0.05,1526,"{""0"": 8757, ""1"": 9688, ""2"": 9071, ""3"": 8665, ""4"": 9261, ""5"": 7757}",connected
53299,232,20000,0.15609916666666668,0.08373026195913554,-3.9481698563043026,0.467009334564209,0.05,1526,"{""0"": 8773, ""1"": 9707, ""2"": 9087, ""3"": 8674, ""4"": 9291, ""5"": 7767}",connected
53399,232,20000,0.1545158333333334,0.07847907241433859,-3.9481698563043026,0.46735982835292816,0.05,1526,"{""0"": 8796, ""1"": 9740, ""2"": 9101, ""3"": 8686, ""4"": 9307, ""5"": 7769}",connected
53499,232,20000,0.15293250000000003,0.08733047746121883,-3.9481698563043026,0.46350658386945726,0.05,1526,"{""0"": 8804, ""1"": 9749, ""2"": 9136, ""3"": 8708, ""4"": 9314, ""5"": 7788}",connected
53599,232,20000,0.15134916666666676,0.0866823734343052,-3.9481698563043026,0.463658401966095,0.05,1526,"{""0"": 8811, ""1"": 9791, ""2"": 9151, ""3"": 8726, ""4"": 9321, ""5"": 7799}",connected
53699,232,20000,0.14976583333333338,0.08834822110831737,-3.9481698563043026,0.46507156372070313,0.05,1526,"{""0"": 8844, ""1"": 9813, ""2"": 9167, ""3"": 8738, ""4"": 9327, ""5"": 7810}",connected
53799,234,20000,0.1481825000000001,0.08948934014886617,-3.982209857478738,0.4656158122420311,0.05,1526,"{""0"": 8855, ""1"": 9836, ""2"": 9192, ""3"": 8745, ""4"": 9356, ""5"": 7815}",connected
53899,234,20000,0.14659916666666672,0.08911276802420616,-3.982209857478738,0.4715477731823921,0.05,1526,"{""0"": 8875, ""1"": 9866, ""2"": 9210, ""3"": 8749, ""4"": 9377, ""5"": 7822}",connected
53999,234,20000,0.14501583333333334,0.09031390059739351,-3.982209857478738,0.4683777567744255,0.05,1526,"{""0"": 8890, ""1"": 9892, ""2"": 9223, ""3"": 8762, ""4"": 9393, ""5"": 7839}",connected
54099,234,20000,0.14343250000000007,0.09359407089650632,-3.982209857478738,0.46282253086566927,0.05,1526,"{""0"": 8906, ""1"": 9926, ""2"": 9233, ""3"": 8780, ""4"": 9398, ""5"": 7856}",connected
54199,236,20000,0.1418491666666667,0.08895461779087782,-3.9568398562073708,0.4617852675914764,0.05,1526,"{""0"": 8942, ""1"": 9948, ""2"": 9244, ""3"": 8782, ""4"": 9422, ""5"": 7861}",connected
54299,236,20000,0.1402658333333333,0.08698965054005385,-3.9568398562073708,0.4598317083716392,0.05,1526,"{""0"": 8968, ""1"": 9973, ""2"": 9260, ""3"": 8799, ""4"": 9434, ""5"": 7865}",connected
54399,236,20000,0.13868250000000004,0.08980713620781898,-3.9568398562073708,0.4612929219007492,0.05,1526,"{""0"": 8973, ""1"": 9978, ""2"": 9281, ""3"": 8799, ""4"": 9494, ""5"": 7874}",connected
54499,236,20000,0.13709916666666666,0.0809103000164032,-3.9568398562073708,0.46110860228538514,0.05,1526,"{""0"": 8976, ""1"": 10001, ""2"": 9303, ""3"": 8817, ""4"": 9523, ""5"": 7879}",connected
54599,236,20000,0.1355158333333334,0.08747623182833195,-3.9568398562073708,0.46106815546751023,0.05,1526,"{""0"": 8991, ""1"": 10030, ""2"": 9322, ""3"": 8825, ""4"": 9548, ""5"": 7883}",connected
54699,238,20000,0.13393250000000012,0.09068137403577566,-4.012659856919199,0.4584832999110222,0.05,1526,"{""0"": 9005, ""1"": 10036, ""2"": 9342, ""3"": 8839, ""4"": 9581, ""5"": 7896}",connected
54799,238,20000,0.13234916666666674,0.08953666403889655,-4.012659856919199,0.45871484190225603,0.05,1526,"{""0"": 9007, ""1"": 10039, ""2"": 9377, ""3"": 8847, ""4"": 9633, ""5"": 7896}",connected
54899,238,20000,0.13076583333333336,0.0955102925747633,-4.012659856919199,0.4567046597599983,0.05,1526,"{""0"": 9012, ""1"": 10047, ""2"": 9414, ""3"": 8853, ""4"": 9660, ""5"": 7913}",connected
54999,238,20000,0.1291825000000001,0.10218609511852264,-4.012659856919199,0.4520260101556778,0.05,1526,"{""0"": 9022, ""1"": 10060, ""2"": 9437, ""3"": 8860, ""4"": 9698, ""5"": 7922}",connected
55099,238,20000,0.1275991666666667,0.10361625079065562,-4.012659856919199,0.4490088638663292,0.05,1526,"{""0"": 9032, ""1"": 10084, ""2"": 9467, ""3"": 8870, ""4"": 9717, ""5"": 7929}",connected
55199,240,20000,0.12601583333333333,0.10630044162273407,-4.029379857913591,0.45071608543395997,0.05,1526,"{""0"": 9060, ""1"": 10095, ""2"": 9480, ""3"": 8888, ""4"": 9746, ""5"": 7930}",connected
55299,240,20000,0.12443250000000006,0.10585484828799963,-4.029379857913591,0.454223045706749,0.05,1526,"{""0"": 9087, ""1"": 10118, ""2"": 9496, ""3"": 8900, ""4"": 9764, ""5"": 7934}",connected
55399,240,20000,0.12284916666666668,0.09819035720080137,-4.029379857913591,0.4583658051490784,0.05,1526,"{""0"": 9112, ""1"": 10132, ""2"": 9519, ""3"": 8926, ""4"": 9773, ""5"": 7937}",connected
55499,240,20000,0.1212658333333333,0.09587741188704968,-4.029379857913591,0.4622142946720123,0.05,1526,"{""0"": 9132, ""1"": 10157, ""2"": 9537, ""3"": 8935, ""4"": 9794, ""5"": 7944}",connected
55599,242,20000,0.11968250000000002,0.09726537831127643,-4.008289858177304,0.4587071123719215,0.05,1526,"{""0"": 9148, ""1"": 10180, ""2"": 9544, ""3"": 8950, ""4"": 9814, ""5"": 7963}",connected
55699,242,20000,0.11809916666666664,0.10067362077534199,-4.008289858177304,0.45474282145500183,0.05,1526,"{""0"": 9157, ""1"": 10207, ""2"": 9556, ""3"": 8960, ""4"": 9842, ""5"": 7977}",connected
55799,242,20000,0.11651583333333337,0.10366666961461306,-4.008289858177304,0.45034350365400316,0.05,1526,"{""0"": 9178, ""1"": 10220, ""2"": 9574, ""3"": 8990, ""4"": 9849, ""5"": 7988}",connected
55899,242,20000,0.1149325000000001,0.1018988712504506,-4.008289858177304,0.44900042802095413,0.05,1526,"{""0"": 9214, ""1"": 10229, ""2"": 9597, ""3"": 9015, ""4"": 9855, ""5"": 7989}",connected
55999,242,20000,0.11334916666666672,0.09937191966921091,-4.008289858177304,0.4516603147983551,0.05,1526,"{""0"": 9245, ""1"": 10243, ""2"": 9609, ""3"": 9040, ""4"": 9861, ""5"": 8001}",connected
56099,244,20000,0.11176583333333334,0.09918428439646959,-3.981789859039709,0.4531249246001244,0.05,1526,"{""0"": 9268, ""1"": 10257, ""2"": 9625, ""3"": 9054, ""4"": 9887, ""5"": 8008}",connected
56199,244,20000,0.11018250000000007,0.09519350737333297,-3.981789859039709,0.45091491401195527,0.05,1526,"{""0"": 9270, ""1"": 10271, ""2"": 9652, ""3"": 9062, ""4"": 9908, ""5"": 8036}",connected
56299,246,20000,0.10859916666666669,0.10043033849447966,-3.8614298586407676,0.4500029247999191,0.05,1526,"{""0"": 9281, ""1"": 10282, ""2"": 9675, ""3"": 9082, ""4"": 9926, ""5"": 8053}",connected
56399,246,20000,0.10701583333333342,0.09870001737028361,-3.8614298586407676,0.4481335097551346,0.05,1526,"{""0"": 9297, ""1"": 10299, ""2"": 9710, ""3"": 9088, ""4"": 9946, ""5"": 8059}",connected
56499,246,20000,0.10543250000000004,0.09184133064001798,-3.8614298586407676,0.4455313941836357,0.05,1526,"{""0"": 9321, ""1"": 10313, ""2"": 9734, ""3"": 9101, ""4"": 9966, ""5"": 8064}",connected
56599,246,20000,0.10384916666666666,0.08815495137125254,-3.8614298586407676,0.4452966895699501,0.05,1526,"{""0"": 9358, ""1"": 10321, ""2"": 9754, ""3"": 9107, ""4"": 9991, ""5"": 8068}",connected
56699,248,20000,0.10226583333333339,0.08579919569194316,-3.858339858665131,0.44063237458467486,0.05,1526,"{""0"": 9362, ""1"": 10337, ""2"": 9794, ""3"": 9127, ""4"": 10009, ""5"": 8070}",connected
56799,248,20000,0.10068250000000001,0.09454083397984504,-3.858339858665131,0.4425299406051636,0.05,1526,"{""0"": 9365, ""1"": 10355, ""2"": 9810, ""3"": 9129, ""4"": 10068, ""5"": 8072}",connected
56899,248,20000,0.09909916666666663,0.09757134065032005,-3.858339858665131,0.44588651835918425,0.05,1526,"{""0"": 9395, ""1"": 10363, ""2"": 9841, ""3"": 9147, ""4"": 10079, ""5"": 8074}",connected
56999,248,20000,0.09751583333333347,0.10512929607182742,-3.858339858665131,0.44748360335826876,0.05,1526,"{""0"": 9432, ""1"": 10380, ""2"": 9865, ""3"": 9161, ""4"": 10082, ""5"": 8079}",connected
57099,248,20000,0.09593250000000009,0.10164317078888416,-3.858339858665131,0.4517141756415367,0.05,1526,"{""0"": 9438, ""1"": 10411, ""2"": 9879, ""3"": 9163, ""4"": 10082, ""5"": 8126}",connected
57199,250,20000,0.0943491666666667,0.09762966349720954,-3.851969859865494,0.4474192118644714,0.05,1526,"{""0"": 9444, ""1"": 10436, ""2"": 9884, ""3"": 9177, ""4"": 10104, ""5"": 8154}",connected
57299,250,20000,0.09276583333333344,0.09912354771047831,-3.851969859865494,0.4515998691320419,0.05,1526,"{""0"": 9458, ""1"": 10468, ""2"": 9910, ""3"": 9192, ""4"": 10116, ""5"": 8155}",connected
57399,250,20000,0.09118250000000006,0.10157099213451147,-3.851969859865494,0.44938419401645663,0.05,1526,"{""0"": 9471, ""1"": 10497, ""2"": 9916, ""3"": 9200, ""4"": 10142, ""5"": 8173}",connected
57499,250,20000,0.08959916666666667,0.1030528848618269,-3.851969859865494,0.4453726547956467,0.05,1526,"{""0"": 9473, ""1"": 10507, ""2"": 9941, ""3"": 9221, ""4"": 10162, ""5"": 8195}",connected
57599,250,20000,0.0880158333333334,0.10095266710966826,-3.851969859865494,0.4442643383145332,0.05,1526,"{""0"": 9494, ""1"": 10517, ""2"": 9960, ""3"": 9246, ""4"": 10166, ""5"": 8216}",connected
57699,252,20000,0.08643250000000002,0.10038367442786694,-3.8488498586323114,0.43827962011098864,0.05,1526,"{""0"": 9514, ""1"": 10537, ""2"": 9990, ""3"": 9249, ""4"": 10188, ""5"": 8221}",connected
57799,252,20000,0.08484916666666664,0.10026829700917006,-3.8488498586323114,0.43995031535625456,0.05,1526,"{""0"": 9529, ""1"": 10560, ""2"": 10021, ""3"": 9255, ""4"": 10204, ""5"": 8230}",connected
57899,254,20000,0.08326583333333337,0.09709010683000088,-3.7295898600621147,0.44238221675157546,0.05,1526,"{""0"": 9538, ""1"": 10584, ""2"": 10046, ""3"": 9262, ""4"": 10235, ""5"": 8234}",connected
57999,254,20000,0.08168249999999999,0.09400669824331999,-3.7295898600621147,0.4435036677122116,0.05,1526,"{""0"": 9542, ""1"": 10600, ""2"": 10081, ""3"": 9263, ""4"": 10274, ""5"": 8239}",connected
58099,254,20000,0.08009916666666661,0.09031017728149891,-3.7295898600621147,0.4438464063405991,0.05,1526,"{""0"": 9572, ""1"": 10618, ""2"": 10098, ""3"": 9270, ""4"": 10302, ""5"": 8239}",connected
58199,254,20000,0.07851583333333345,0.08475055422633887,-3.7295898600621147,0.44587566435337067,0.05,1526,"{""0"": 9599, ""1"": 10634, ""2"": 10122, ""3"": 9274, ""4"": 10323, ""5"": 8247}",connected
58299,256,20000,0.07693250000000007,0.09097110100090504,-3.748229861971922,0.4443835800886154,0.05,1526,"{""0"": 9618, ""1"": 10647, ""2"": 10142, ""3"": 9281, ""4"": 10356, ""5"": 8255}",connected
58399,258,20000,0.07534916666666669,0.09013410214334726,-3.5984298647008837,0.43895889043807984,0.05,1526,"{""0"": 9632, ""1"": 10655, ""2"": 10163, ""3"": 9299, ""4"": 10369, ""5"": 8281}",connected
58499,258,20000,0.07376583333333342,0.09735088311135769,-3.5984298647008837,0.4345065149664879,0.05,1526,"{""0"": 9639, ""1"": 10687, ""2"": 10196, ""3"": 9302, ""4"": 10390, ""5"": 8285}",connected
58599,258,20000,0.07218250000000004,0.09690050330013036,-3.5984298647008837,0.433002744615078,0.05,1526,"{""0"": 9655, ""1"": 10692, ""2"": 10230, ""3"": 9310, ""4"": 10406, ""5"": 8306}",connected
58699,258,20000,0.07059916666666677,0.0986253236234188,-3.5984298647008837,0.43568428337574006,0.05,1526,"{""0"": 9666, ""1"": 10717, ""2"": 10265, ""3"": 9317, ""4"": 10415, ""5"": 8319}",connected
58799,260,20000,0.06901583333333339,0.10243533149361611,-3.688939862847328,0.4413117790222168,0.05,1526,"{""0"": 9682, ""1"": 10737, ""2"": 10297, ""3"": 9321, ""4"": 10434, ""5"": 8328}",connected
58899,260,20000,0.0674325,0.10298460032790899,-3.688939862847328,0.4455628937482834,0.05,1526,"{""0"": 9691, ""1"": 10758, ""2"": 10319, ""3"": 9342, ""4"": 10460, ""5"": 8329}",connected
58999,260,20000,0.06584916666666674,0.1052766439318657,-3.688939862847328,0.4456921327114105,0.05,1526,"{""0"": 9697, ""1"": 10774, ""2"": 10342, ""3"": 9367, ""4"": 10481, ""5"": 8338}",connected
59099,260,20000,0.06426583333333336,0.10365300107747316,-3.688939862847328,0.44331307232379913,0.05,1526,"{""0"": 9717, ""1"": 10796, ""2"": 10359, ""3"": 9368, ""4"": 10514, ""5"": 8345}",connected
59199,260,20000,0.06268249999999997,0.10354445673525334,-3.688939862847328,0.44325238674879075,0.05,1526,"{""0"": 9742, ""1"": 10809, ""2"": 10374, ""3"": 9394, ""4"": 10522, ""5"": 8358}",connected
59299,262,20000,0.061099166666666704,0.09979812324047088,-3.683249864517711,0.4372945463657379,0.05,1526,"{""0"": 9747, ""1"": 10817, ""2"": 10404, ""3"": 9410, ""4"": 10549, ""5"": 8372}",connected
59399,262,20000,0.059515833333333434,0.09914338197559118,-3.683249864517711,0.4361474108695984,0.05,1526,"{""0"": 9750, ""1"": 10836, ""2"": 10431, ""3"": 9427, ""4"": 10561, ""5"": 8394}",connected
59499,262,20000,0.05793250000000005,0.09591465577483177,-3.683249864517711,0.4336227399110794,0.05,1526,"{""0"": 9750, ""1"": 10861, ""2"": 10460, ""3"": 9460, ""4"": 10569, ""5"": 8399}",connected
59599,262,20000,0.05634916666666678,0.09978338178247213,-3.683249864517711,0.4340192922949791,0.05,1526,"{""0"": 9757, ""1"": 10866, ""2"": 10492, ""3"": 9466, ""4"": 10603, ""5"": 8415}",connected
59699,262,20000,0.0547658333333334,0.09514154370874167,-3.683249864517711,0.4332301053404808,0.05,1526,"{""0"": 9767, ""1"": 10875, ""2"": 10519, ""3"": 9493, ""4"": 10620, ""5"": 8425}",connected
59799,264,20000,0.05318250000000002,0.0900757648050785,-3.6692798635782675,0.43365289479494096,0.05,1526,"{""0"": 9788, ""1"": 10892, ""2"": 10533, ""3"": 9495, ""4"": 10659, ""5"": 8432}",connected
59899,264,20000,0.05159916666666675,0.08897731836885214,-3.6692798635782675,0.43559452027082446,0.05,1526,"{""0"": 9790, ""1"": 10919, ""2"": 10556, ""3"": 9506, ""4"": 10685, ""5"": 8443}",connected
59999,264,20000,0.05001583333333337,0.08443746067583562,-3.6692798635782675,0.43549127638339996,0.05,1526,"{""0"": 9800, ""1"": 10936, ""2"": 10573, ""3"": 9533, ""4"": 10712, ""5"": 8445}",connected
60099,264,20000,0.050000000000000044,0.08306373488157988,-3.6692798635782675,0.4422324106097221,0.05,1526,"{""0"": 9836, ""1"": 10939, ""2"": 10583, ""3"": 9574, ""4"": 10721, ""5"": 8446}",connected
60199,266,20000,0.050000000000000044,0.09576039303094148,-3.6730898637743667,0.4400265234708786,0.05,1526,"{""0"": 9864, ""1"": 10964, ""2"": 10598, ""3"": 9581, ""4"": 10745, ""5"": 8447}",connected
60299,266,20000,0.050000000000000044,0.09775393187999726,-3.6730898637743667,0.44321254938840865,0.05,1526,"{""0"": 9883, ""1"": 10984, ""2"": 10607, ""3"": 9606, ""4"": 10758, ""5"": 8461}",connected
60399,266,20000,0.050000000000000044,0.10250317055732011,-3.6730898637743667,0.4384868276119232,0.05,1526,"{""0"": 9891, ""1"": 11012, ""2"": 10626, ""3"": 9613, ""4"": 10775, ""5"": 8482}",connected
60499,266,20000,0.050000000000000044,0.10944404106587172,-3.6730898637743667,0.4329138866066933,0.05,1526,"{""0"": 9902, ""1"": 11037, ""2"": 10651, ""3"": 9621, ""4"": 10797, ""5"": 8491}",connected
60599,266,20000,0.050000000000000044,0.10434752985835076,-3.6730898637743667,0.43352279216051104,0.05,1526,"{""0"": 9921, ""1"": 11059, ""2"": 10676, ""3"": 9631, ""4"": 10816, ""5"": 8496}",connected
60699,268,20000,0.050000000000000044,0.10181602776050568,-3.6660398643184453,0.4303884643316269,0.05,1526,"{""0"": 9952, ""1"": 11074, ""2"": 10693, ""3"": 9636, ""4"": 10837, ""5"": 8507}",connected
60799,268,20000,0.050000000000000044,0.09854533072561025,-3.6660398643184453,0.43259242475032805,0.05,1526,"{""0"": 9966, ""1"": 11097, ""2"": 10701, ""3"": 9664, ""4"": 10863, ""5"": 8508}",connected
60899,268,20000,0.050000000000000044,0.09722634375095368,-3.6660398643184453,0.4364908403158188,0.05,1526,"{""0"": 9967, ""1"": 11116, ""2"": 10722, ""3"": 9676, ""4"": 10899, ""5"": 8519}",connected
60999,268,20000,0.050000000000000044,0.09614309176802635,-3.6660398643184453,0.4353084152936935,0.05,1526,"{""0"": 9983, ""1"": 11137, ""2"": 10743, ""3"": 9693, ""4"": 10915, ""5"": 8528}",connected
61099,268,20000,0.050000000000000044,0.09782701645046472,-3.6660398643184453,0.43500262349843977,0.05,1526,"{""0"": 10023, ""1"": 11143, ""2"": 10770, ""3"": 9698, ""4"": 10935, ""5"": 8530}",connected
61199,270,20000,0.050000000000000044,0.09916551314294338,-3.677829863196239,0.434302736222744,0.05,1526,"{""0"": 10035, ""1"": 11155, ""2"": 10793, ""3"": 9717, ""4"": 10955, ""5"": 8544}",connected
61299,270,20000,0.050000000000000044,0.10272854704409838,-3.677829863196239,0.4311625310778618,0.05,1526,"{""0"": 10060, ""1"": 11164, ""2"": 10834, ""3"": 9721, ""4"": 10976, ""5"": 8544}",connected
61399,270,20000,0.050000000000000044,0.10206990323960781,-3.677829863196239,0.42938373655080797,0.05,1526,"{""0"": 10061, ""1"": 11168, ""2"": 10868, ""3"": 9729, ""4"": 11028, ""5"": 8545}",connected
61499,270,20000,0.050000000000000044,0.10156922183930873,-3.677829863196239,0.4266150012612343,0.05,1526,"{""0"": 10078, ""1"": 11175, ""2"": 10904, ""3"": 9732, ""4"": 11065, ""5"": 8545}",connected
61599,270,20000,0.050000000000000044,0.10267743892967701,-3.677829863196239,0.42687035113573074,0.05,1526,"{""0"": 10101, ""1"": 11196, ""2"": 10928, ""3"": 9743, ""4"": 11086, ""5"": 8545}",connected
61699,272,20000,0.050000000000000044,0.09881799019873143,-3.7882298657856883,0.430448479950428,0.05,1526,"{""0"": 10129, ""1"": 11207, ""2"": 10942, ""3"": 9764, ""4"": 11111, ""5"": 8546}",connected
61799,272,20000,0.050000000000000044,0.09695943474769592,-3.7882298657856883,0.4367131242156029,0.05,1526,"{""0"": 10136, ""1"": 11232, ""2"": 10949, ""3"": 9802, ""4"": 11129, ""5"": 8551}",connected
61899,272,20000,0.050000000000000044,0.10079175382852554,-3.7882298657856883,0.4386903542280197,0.05,1526,"{""0"": 10140, ""1"": 11258, ""2"": 10981, ""3"": 9833, ""4"": 11133, ""5"": 8554}",connected
61999,272,20000,0.050000000000000044,0.09773257981985807,-3.7882298657856883,0.43437914580106735,0.05,1526,"{""0"": 10170, ""1"": 11290, ""2"": 10996, ""3"": 9846, ""4"": 11142, ""5"": 8555}",connected
62099,274,20000,0.050000000000000044,0.09554598566144705,-3.7523298653122037,0.435484753549099,0.05,1526,"{""0"": 10187, ""1"": 11328, ""2"": 11018, ""3"": 9858, ""4"": 11147, ""5"": 8561}",connected
62199,274,20000,0.050000000000000044,0.10031600274145604,-3.7523298653122037,0.43298921406269075,0.05,1526,"{""0"": 10191, ""1"": 11364, ""2"": 11034, ""3"": 9863, ""4"": 11180, ""5"": 8567}",connected
62299,274,20000,0.050000000000000044,0.09554570470005273,-3.7523298653122037,0.43046471357345584,0.05,1526,"{""0"": 10220, ""1"": 11378, ""2"": 11046, ""3"": 9888, ""4"": 11189, ""5"": 8578}",connected
62399,274,20000,0.050000000000000044,0.09820541735738515,-3.7523298653122037,0.43740307956933977,0.05,1526,"{""0"": 10254, ""1"": 11385, ""2"": 11060, ""3"": 9910, ""4"": 11206, ""5"": 8584}",connected
62499,274,20000,0.050000000000000044,0.10299251317977905,-3.7523298653122037,0.43775888860225676,0.05,1526,"{""0"": 10264, ""1"": 11394, ""2"": 11093, ""3"": 9919, ""4"": 11222, ""5"": 8607}",connected
62599,276,20000,0.050000000000000044,0.1030793122947216,-3.7149998651677745,0.43145345270633695,0.05,1526,"{""0"": 10276, ""1"": 11409, ""2"": 11107, ""3"": 9928, ""4"": 11255, ""5"": 8624}",connected
62699,276,20000,0.050000000000000044,0.10167139690369367,-3.7149998651677745,0.43271742820739745,0.05,1526,"{""0"": 10276, ""1"": 11413, ""2"": 11123, ""3"": 9936, ""4"": 11315, ""5"": 8636}",connected
62799,276,20000,0.050000000000000044,0.09859296314418316,-3.7149998651677745,0.430053394138813,0.05,1526,"{""0"": 10280, ""1"": 11425, ""2"": 11142, ""3"": 9955, ""4"": 11355, ""5"": 8642}",connected
62899,276,20000,0.050000000000000044,0.09512134063988924,-3.7149998651677745,0.42769424974918363,0.05,1526,"{""0"": 10304, ""1"": 11454, ""2"": 11158, ""3"": 9975, ""4"": 11363, ""5"": 8645}",connected
62999,276,20000,0.050000000000000044,0.08875194661319256,-3.7149998651677745,0.43040555357933047,0.05,1526,"{""0"": 10326, ""1"": 11476, ""2"": 11179, ""3"": 9983, ""4"": 11380, ""5"": 8655}",connected
63099,278,20000,0.050000000000000044,0.09089859098196029,-3.716619865009561,0.4286156278848648,0.05,1526,"{""0"": 10356, ""1"": 11479, ""2"": 11195, ""3"": 9990, ""4"": 11422, ""5"": 8657}",connected
63199,278,20000,0.050000000000000044,0.08926823955029249,-3.716619865009561,0.4276081824302673,0.05,1526,"{""0"": 10367, ""1"": 11487, ""2"": 11197, ""3"": 9996, ""4"": 11470, ""5"": 8682}",connected
63299,278,20000,0.050000000000000044,0.0904920917749405,-3.716619865009561,0.4247178471088409,0.05,1526,"{""0"": 10377, ""1"": 11506, ""2"": 11212, ""3"": 9996, ""4"": 11519, ""5"": 8689}",connected
63399,278,20000,0.050000000000000044,0.09605339847505093,-3.716619865009561,0.4249132826924324,0.05,1526,"{""0"": 10382, ""1"": 11531, ""2"": 11222, ""3"": 10023, ""4"": 11544, ""5"": 8697}",connected
63499,278,20000,0.050000000000000044,0.10115378666669131,-3.716619865009561,0.4278318890929222,0.05,1526,"{""0"": 10389, ""1"": 11559, ""2"": 11255, ""3"": 10043, ""4"": 11554, ""5"": 8699}",connected
63599,280,20000,0.050000000000000044,0.10444598749279976,-3.677499863067642,0.4250948107242584,0.05,1526,"{""0"": 10397, ""1"": 11581, ""2"": 11269, ""3"": 10053, ""4"": 11594, ""5"": 8705}",connected
63699,280,20000,0.050000000000000044,0.10552434496581554,-3.677499863067642,0.42567955493927,0.05,1526,"{""0"": 10403, ""1"": 11600, ""2"": 11289, ""3"": 10059, ""4"": 11617, ""5"": 8731}",connected
63799,280,20000,0.050000000000000044,0.10339627474546433,-3.677499863067642,0.4260329762101173,0.05,1526,"{""0"": 10435, ""1"": 11626, ""2"": 11312, ""3"": 10072, ""4"": 11623, ""5"": 8731}",connected
63899,280,20000,0.050000000000000044,0.10399646192789078,-3.677499863067642,0.4259225916862488,0.05,1526,"{""0"": 10453, ""1"": 11626, ""2"": 11324, ""3"": 10085, ""4"": 11669, ""5"": 8742}",connected
63999,281,20000,0.050000000000000044,0.10097548924386501,-3.664659863943234,0.42374622613191604,0.05,1526,"{""0"": 10476, ""1"": 11630, ""2"": 11331, ""3"": 10095, ""4"": 11723, ""5"": 8744}",connected
64099,282,20000,0.050000000000000044,0.09422346610575914,-3.66319986381568,0.4207306104898453,0.05,1526,"{""0"": 10490, ""1"": 11658, ""2"": 11355, ""3"": 10113, ""4"": 11739, ""5"": 8744}",connected
64199,282,20000,0.050000000000000044,0.0931471911072731,-3.66319986381568,0.4193402001261711,0.05,1526,"{""0"": 10495, ""1"": 11671, ""2"": 11386, ""3"": 10128, ""4"": 11768, ""5"": 8751}",connected
64299,282,20000,0.050000000000000044,0.09195087008178233,-3.66319986381568,0.4171344515681267,0.05,1526,"{""0"": 10505, ""1"": 11684, ""2"": 11397, ""3"": 10164, ""4"": 11789, ""5"": 8760}",connected
64399,282,20000,0.050000000000000044,0.09307685539126397,-3.66319986381568,0.42184259355068204,0.05,1526,"{""0"": 10525, ""1"": 11699, ""2"": 11416, ""3"": 10198, ""4"": 11799, ""5"": 8762}",connected
64499,284,20000,0.050000000000000044,0.09579191252589225,-3.6458998611522837,0.4264322540163994,0.05,1526,"{""0"": 10545, ""1"": 11720, ""2"": 11424, ""3"": 10203, ""4"": 11820, ""5"": 8787}",connected
64599,284,20000,0.050000000000000044,0.09644121821969748,-3.6458998611522837,0.4249126037955284,0.05,1526,"{""0"": 10548, ""1"": 11734, ""2"": 11452, ""3"": 10217, ""4"": 11847, ""5"": 8801}",connected
64699,284,20000,0.050000000000000044,0.0960084492340684,-3.6458998611522837,0.4246741971373558,0.05,1526,"{""0"": 10596, ""1"": 11759, ""2"": 11461, ""3"": 10224, ""4"": 11858, ""5"": 8801}",connected
64799,284,20000,0.050000000000000044,0.09637351039797068,-3.6458998611522837,0.4224651420116425,0.05,1526,"{""0"": 10640, ""1"": 11775, ""2"": 11484, ""3"": 10232, ""4"": 11866, ""5"": 8802}",connected
64899,284,20000,0.050000000000000044,0.09836252156645059,-3.6458998611522837,0.4198059266805649,0.05,1526,"{""0"": 10658, ""1"": 11790, ""2"": 11504, ""3"": 10257, ""4"": 11868, ""5"": 8822}",connected
64999,286,20000,0.050000000000000044,0.10095439564436674,-3.650739860543981,0.4227547401189804,0.05,1526,"{""0"": 10672, ""1"": 11803, ""2"": 11539, ""3"": 10262, ""4"": 11900, ""5"": 8823}",connected
65099,286,20000,0.050000000000000044,0.09482129205018282,-3.650739860543981,0.4239824369549751,0.05,1526,"{""0"": 10692, ""1"": 11810, ""2"": 11567, ""3"": 10269, ""4"": 11925, ""5"": 8836}",connected
65199,286,20000,0.050000000000000044,0.0929390711337328,-3.650739860543981,0.42939029455184935,0.05,1526,"{""0"": 10708, ""1"": 11823, ""2"": 11603, ""3"": 10280, ""4"": 11945, ""5"": 8840}",connected
65299,286,20000,0.050000000000000044,0.09720638405531645,-3.650739860543981,0.4355126738548279,0.05,1526,"{""0"": 10722, ""1"": 11836, ""2"": 11617, ""3"": 10294, ""4"": 11975, ""5"": 8855}",connected
65399,286,20000,0.050000000000000044,0.09198100030422211,-3.650739860543981,0.43301758497953413,0.05,1526,"{""0"": 10750, ""1"": 11837, ""2"": 11633, ""3"": 10305, ""4"": 12019, ""5"": 8855}",connected
65499,288,20000,0.050000000000000044,0.09582011863589286,-3.6413998602051287,0.4369992545247078,0.05,1526,"{""0"": 10761, ""1"": 11847, ""2"": 11663, ""3"": 10307, ""4"": 12047, ""5"": 8874}",connected
65599,288,20000,0.050000000000000044,0.0961235487088561,-3.6413998602051287,0.43369384557008744,0.05,1526,"{""0"": 10783, ""1"": 11872, ""2"": 11684, ""3"": 10315, ""4"": 12060, ""5"": 8885}",connected
65699,288,20000,0.050000000000000044,0.09692144926637411,-3.6413998602051287,0.4285895851254463,0.05,1526,"{""0"": 10826, ""1"": 11913, ""2"": 11696, ""3"": 10315, ""4"": 12062, ""5"": 8887}",connected
65799,288,20000,0.050000000000000044,0.10091967333108187,-3.6413998602051287,0.43060454964637757,0.05,1526,"{""0"": 10849, ""1"": 11940, ""2"": 11725, ""3"": 10315, ""4"": 12074, ""5"": 8896}",connected
65899,288,20000,0.050000000000000044,0.09901890654116868,-3.6413998602051287,0.428762629032135,0.05,1526,"{""0"": 10869, ""1"": 11948, ""2"": 11758, ""3"": 10324, ""4"": 12099, ""5"": 8901}",connected
65999,290,20000,0.050000000000000044,0.09507201213389635,-3.731619859682396,0.42788248747587204,0.05,1526,"{""0"": 10883, ""1"": 11958, ""2"": 11794, ""3"": 10332, ""4"": 12125, ""5"": 8907}",connected
66099,290,20000,0.050000000000000044,0.09466383423656226,-3.731619859682396,0.4270269852876663,0.05,1526,"{""0"": 10919, ""1"": 11982, ""2"": 11815, ""3"": 10342, ""4"": 12134, ""5"": 8907}",connected
66199,290,20000,0.050000000000000044,0.08765368945896626,-3.731619859682396,0.42633104413747785,0.05,1526,"{""0"": 10923, ""1"": 12007, ""2"": 11862, ""3"": 10348, ""4"": 12142, ""5"": 8917}",connected
66299,290,20000,0.050000000000000044,0.08874996315687894,-3.731619859682396,0.42466539174318313,0.05,1526,"{""0"": 10943, ""1"": 12034, ""2"": 11877, ""3"": 10365, ""4"": 12147, ""5"": 8933}",connected
66399,292,20000,0.050000000000000044,0.08859974179416895,-3.7344498590705917,0.4197858929634094,0.05,1526,"{""0"": 10968, ""1"": 12057, ""2"": 11902, ""3"": 10374, ""4"": 12162, ""5"": 8936}",connected
66499,292,20000,0.050000000000000044,0.08859777733683587,-3.7344498590705917,0.42130275577306747,0.05,1526,"{""0"": 10999, ""1"": 12062, ""2"": 11915, ""3"": 10377, ""4"": 12209, ""5"": 8937}",connected
66599,292,20000,0.050000000000000044,0.09556450925767422,-3.7344498590705917,0.419727087020874,0.05,1526,"{""0"": 11025, ""1"": 12063, ""2"": 11923, ""3"": 10383, ""4"": 12264, ""5"": 8941}",connected
66699,292,20000,0.050000000000000044,0.09469550754874945,-3.7344498590705917,0.41887540817260743,0.05,1526,"{""0"": 11052, ""1"": 12068, ""2"": 11931, ""3"": 10394, ""4"": 12307, ""5"": 8947}",connected
66799,292,20000,0.050000000000000044,0.09615627761930227,-3.7344498590705917,0.424249125123024,0.05,1526,"{""0"": 11093, ""1"": 12076, ""2"": 11943, ""3"": 10414, ""4"": 12326, ""5"": 8947}",connected
66899,294,20000,0.050000000000000044,0.09164132595062256,-3.75605986171402,0.4160614284873009,0.05,1526,"{""0"": 11100, ""1"": 12100, ""2"": 11977, ""3"": 10424, ""4"": 12344, ""5"": 8954}",connected
66999,294,20000,0.050000000000000044,0.0856184308603406,-3.75605986171402,0.41732404321432115,0.05,1526,"{""0"": 11106, ""1"": 12119, ""2"": 11995, ""3"": 10443, ""4"": 12372, ""5"": 8964}",connected
67099,294,20000,0.050000000000000044,0.0885488985478878,-3.75605986171402,0.4174810561537743,0.05,1526,"{""0"": 11116, ""1"": 12152, ""2"": 12010, ""3"": 10460, ""4"": 12388, ""5"": 8973}",connected
67199,294,20000,0.050000000000000044,0.09524864919483661,-3.75605986171402,0.41406439393758776,0.05,1526,"{""0"": 11126, ""1"": 12179, ""2"": 12027, ""3"": 10470, ""4"": 12411, ""5"": 8986}",connected
67299,296,20000,0.050000000000000044,0.0928921877220273,-3.680749860224314,0.42076859205961226,0.05,1526,"{""0"": 11147, ""1"": 12190, ""2"": 12058, ""3"": 10486, ""4"": 12429, ""5"": 8989}",connected
67399,296,20000,0.050000000000000044,0.09734022412449121,-3.680749860224314,0.4163459333777428,0.05,1526,"{""0"": 11161, ""1"": 12204, ""2"": 12073, ""3"": 10507, ""4"": 12451, ""5"": 9003}",connected
67499,296,20000,0.050000000000000044,0.09728396721184254,-3.680749860224314,0.4134589380025864,0.05,1526,"{""0"": 11238, ""1"": 12211, ""2"": 12084, ""3"": 10508, ""4"": 12455, ""5"": 9003}",connected
67599,296,20000,0.050000000000000044,0.09204898312687874,-3.680749860224314,0.4140982311964035,0.05,1526,"{""0"": 11273, ""1"": 12232, ""2"": 12108, ""3"": 10519, ""4"": 12456, ""5"": 9011}",connected
67699,296,20000,0.050000000000000044,0.09706296611577273,-3.680749860224314,0.40653126418590546,0.05,1526,"{""0"": 11314, ""1"": 12248, ""2"": 12120, ""3"": 10540, ""4"": 12465, ""5"": 9012}",connected
67799,298,20000,0.050000000000000044,0.09628534767776728,-3.671149863586761,0.4072001472115517,0.05,1526,"{""0"": 11352, ""1"": 12272, ""2"": 12132, ""3"": 10544, ""4"": 12487, ""5"": 9012}",connected
67899,298,20000,0.050000000000000044,0.09149058908224106,-3.671149863586761,0.41067272156476975,0.05,1526,"{""0"": 11381, ""1"": 12301, ""2"": 12142, ""3"": 10550, ""4"": 12504, ""5"": 9021}",connected
67999,298,20000,0.050000000000000044,0.09624582644551992,-3.671149863586761,0.4063111704587936,0.05,1526,"{""0"": 11412, ""1"": 12337, ""2"": 12161, ""3"": 10552, ""4"": 12514, ""5"": 9023}",connected
68099,298,20000,0.050000000000000044,0.09029737580567598,-3.671149863586761,0.41089459270238876,0.05,1526,"{""0"": 11443, ""1"": 12346, ""2"": 12185, ""3"": 10566, ""4"": 12535, ""5"": 9024}",connected
68199,298,20000,0.050000000000000044,0.08817928556352854,-3.671149863586761,0.4116336640715599,0.05,1526,"{""0"": 11485, ""1"": 12348, ""2"": 12208, ""3"": 10579, ""4"": 12541, ""5"": 9038}",connected
68299,300,20000,0.050000000000000044,0.09082541678100825,-3.6381298643862827,0.406994021832943,0.05,1526,"{""0"": 11496, ""1"": 12366, ""2"": 12245, ""3"": 10584, ""4"": 12567, ""5"": 9041}",connected
68399,300,20000,0.050000000000000044,0.08877489764243364,-3.6381298643862827,0.41348142057657244,0.05,1526,"{""0"": 11508, ""1"": 12385, ""2"": 12266, ""3"": 10599, ""4"": 12585, ""5"": 9056}",connected
68499,300,20000,0.050000000000000044,0.09550304289907217,-3.6381298643862827,0.41280500233173373,0.05,1526,"{""0"": 11513, ""1"": 12391, ""2"": 12289, ""3"": 10634, ""4"": 12597, ""5"": 9075}",connected
68599,300,20000,0.050000000000000044,0.10011595811694861,-3.6381298643862827,0.4139024540781975,0.05,1526,"{""0"": 11513, ""1"": 12391, ""2"": 12310, ""3"": 10640, ""4"": 12641, ""5"": 9104}",connected
68699,300,20000,0.050000000000000044,0.09713451150804758,-3.6381298643862827,0.4173763400316238,0.05,1526,"{""0"": 11513, ""1"": 12407, ""2"": 12331, ""3"": 10648, ""4"": 12675, ""5"": 9125}",connected
68799,302,20000,0.050000000000000044,0.09859176404774189,-3.658299865066074,0.4140722534060478,0.05,1526,"{""0"": 11527, ""1"": 12421, ""2"": 12360, ""3"": 10663, ""4"": 12699, ""5"": 9129}",connected
68899,302,20000,0.050000000000000044,0.09377214670181275,-3.658299865066074,0.41165966719388963,0.05,1526,"{""0"": 11540, ""1"": 12441, ""2"": 12385, ""3"": 10683, ""4"": 12711, ""5"": 9139}",connected
68999,302,20000,0.050000000000000044,0.09594369020313025,-3.658299865066074,0.4077742880582809,0.05,1526,"{""0"": 11545, ""1"": 12474, ""2"": 12405, ""3"": 10694, ""4"": 12738, ""5"": 9143}",connected
69099,302,20000,0.050000000000000044,0.09624273624271154,-3.658299865066074,0.40615572094917296,0.05,1526,"{""0"": 11594, ""1"": 12493, ""2"": 12410, ""3"": 10706, ""4"": 12747, ""5"": 9149}",connected
69199,304,20000,0.050000000000000044,0.09626633454114199,-3.6760398643277585,0.40420434683561324,0.05,1526,"{""0"": 11621, ""1"": 12500, ""2"": 12440, ""3"": 10717, ""4"": 12766, ""5"": 9155}",connected
69299,304,20000,0.050000000000000044,0.09695958100259304,-3.6760398643277585,0.4013825193047523,0.05,1526,"{""0"": 11627, ""1"": 12519, ""2"": 12461, ""3"": 10737, ""4"": 12797, ""5"": 9158}",connected
69399,304,20000,0.050000000000000044,0.09743729427456856,-3.6760398643277585,0.40665685713291166,0.05,1526,"{""0"": 11636, ""1"": 12540, ""2"": 12494, ""3"": 10740, ""4"": 12814, ""5"": 9175}",connected
69499,304,20000,0.050000000000000044,0.09417649157345295,-3.6760398643277585,0.40893145799636843,0.05,1526,"{""0"": 11647, ""1"": 12574, ""2"": 12523, ""3"": 10747, ""4"": 12825, ""5"": 9183}",connected
69599,304,20000,0.050000000000000044,0.0901414113678038,-3.6760398643277585,0.4120025610923767,0.05,1526,"{""0"": 11664, ""1"": 12595, ""2"": 12528, ""3"": 10762, ""4"": 12850, ""5"": 9200}",connected
69699,306,20000,0.050000000000000044,0.091947758551687,-3.7012898653093727,0.41306775867938994,0.05,1526,"{""0"": 11689, ""1"": 12622, ""2"": 12553, ""3"": 10765, ""4"": 12860, ""5"": 9210}",connected
69799,306,20000,0.050000000000000044,0.08636052962392568,-3.7012898653093727,0.4100882640480995,0.05,1526,"{""0"": 11701, ""1"": 12637, ""2"": 12578, ""3"": 10785, ""4"": 12879, ""5"": 9219}",connected
69899,306,20000,0.050000000000000044,0.09297564700245857,-3.7012898653093727,0.4064089182019234,0.05,1526,"{""0"": 11718, ""1"": 12660, ""2"": 12612, ""3"": 10795, ""4"": 12894, ""5"": 9220}",connected
69999,306,20000,0.050000000000000044,0.08850639063864946,-3.7012898653093727,0.40574182659387587,0.05,1526,"{""0"": 11736, ""1"": 12685, ""2"": 12648, ""3"": 10808, ""4"": 12896, ""5"": 9226}",connected
70099,306,20000,0.050000000000000044,0.08762401208281517,-3.7012898653093727,0.4118298190832138,0.05,1526,"{""0"": 11757, ""1"": 12698, ""2"": 12668, ""3"": 10831, ""4"": 12904, ""5"": 9241}",connected
70199,308,20000,0.050000000000000044,0.08716181283816696,-3.70120986554306,0.4125508910417557,0.05,1526,"{""0"": 11789, ""1"": 12706, ""2"": 12686, ""3"": 10839, ""4"": 12933, ""5"": 9246}",connected
70299,308,20000,0.050000000000000044,0.09326284728944302,-3.70120986554306,0.4107700768113136,0.05,1526,"{""0"": 11807, ""1"": 12714, ""2"": 12708, ""3"": 10849, ""4"": 12961, ""5"": 9260}",connected
70399,308,20000,0.050000000000000044,0.10397815370932222,-3.70120986554306,0.4068367636203766,0.05,1526,"{""0"": 11816, ""1"": 12726, ""2"": 12740, ""3"": 10851, ""4"": 12993, ""5"": 9273}",connected
70499,308,20000,0.050000000000000044,0.09844875829294324,-3.70120986554306,0.40213185995817186,0.05,1526,"{""0"": 11833, ""1"": 12735, ""2"": 12765, ""3"": 10859, ""4"": 13005, ""5"": 9302}",connected
70599,308,20000,0.050000000000000044,0.09923896344378591,-3.70120986554306,0.39896721094846727,0.05,1526,"{""0"": 11849, ""1"": 12743, ""2"": 12772, ""3"": 10887, ""4"": 13029, ""5"": 9319}",connected
70699,310,20000,0.050000000000000044,0.0909977599605918,-3.714749866724014,0.40391650557518005,0.05,1526,"{""0"": 11869, ""1"": 12756, ""2"": 12795, ""3"": 10894, ""4"": 13061, ""5"": 9324}",connected
70799,312,20000,0.050000000000000044,0.08355497043579817,-3.6009098681015894,0.40670343101024625,0.05,1526,"{""0"": 11878, ""1"": 12785, ""2"": 12824, ""3"": 10905, ""4"": 13078, ""5"": 9329}",connected
70899,312,20000,0.050000000000000044,0.0881213005259633,-3.6009098681015894,0.40948317587375643,0.05,1526,"{""0"": 11904, ""1"": 12794, ""2"": 12861, ""3"": 10906, ""4"": 13103, ""5"": 9331}",connected
70999,312,20000,0.050000000000000044,0.10114602331072092,-3.6009098681015894,0.40901792198419573,0.05,1526,"{""0"": 11935, ""1"": 12819, ""2"": 12878, ""3"": 10922, ""4"": 13107, ""5"": 9338}",connected
71099,312,20000,0.050000000000000044,0.10229039836674929,-3.6009098681015894,0.40197421073913575,0.05,1526,"{""0"": 11936, ""1"": 12850, ""2"": 12906, ""3"": 10932, ""4"": 13131, ""5"": 9344}",connected
71199,312,20000,0.050000000000000044,0.1088743381202221,-3.6009098681015894,0.39885876774787904,0.05,1526,"{""0"": 11951, ""1"": 12888, ""2"": 12935, ""3"": 10936, ""4"": 13136, ""5"": 9353}",connected
71299,314,20000,0.050000000000000044,0.11148151595145464,-3.7151298667117953,0.39597539365291595,0.05,1526,"{""0"": 11959, ""1"": 12923, ""2"": 12942, ""3"": 10939, ""4"": 13166, ""5"": 9370}",connected
71399,314,20000,0.050000000000000044,0.09884843286126851,-3.7151298667117953,0.3971119859814644,0.05,1526,"{""0"": 11974, ""1"": 12926, ""2"": 12946, ""3"": 10943, ""4"": 13228, ""5"": 9382}",connected
71499,314,20000,0.050000000000000044,0.1033026759326458,-3.7151298667117953,0.3997352594137192,0.05,1526,"{""0"": 12004, ""1"": 12938, ""2"": 12979, ""3"": 10953, ""4"": 13243, ""5"": 9382}",connected
71599,316,20000,0.050000000000000044,0.0943129338696599,-3.6856798696611075,0.3987462714314461,0.05,1526,"{""0"": 12022, ""1"": 12948, ""2"": 12997, ""3"": 10965, ""4"": 13280, ""5"": 9387}",connected
71699,316,20000,0.050000000000000044,0.08990587193518877,-3.6856798696611075,0.39711137652397155,0.05,1526,"{""0"": 12044, ""1"": 12955, ""2"": 13027, ""3"": 11002, ""4"": 13281, ""5"": 9390}",connected
71799,316,20000,0.050000000000000044,0.08753137879073619,-3.6856798696611075,0.3938771513104439,0.05,1526,"{""0"": 12079, ""1"": 12969, ""2"": 13041, ""3"": 11029, ""4"": 13289, ""5"": 9392}",connected
71899,316,20000,0.050000000000000044,0.08107591096311807,-3.6856798696611075,0.38899586915969847,0.05,1526,"{""0"": 12123, ""1"": 12998, ""2"": 13055, ""3"": 11034, ""4"": 13295, ""5"": 9394}",connected
71999,318,20000,0.050000000000000044,0.09017738662660121,-3.6544298704713585,0.39508468598127366,0.05,1526,"{""0"": 12145, ""1"": 13020, ""2"": 13076, ""3"": 11045, ""4"": 13316, ""5"": 9397}",connected
72099,318,20000,0.050000000000000044,0.09460886381566525,-3.6544298704713585,0.3925097694993019,0.05,1526,"{""0"": 12168, ""1"": 13045, ""2"": 13097, ""3"": 11048, ""4"": 13327, ""5"": 9414}",connected
72199,318,20000,0.050000000000000044,0.09741840910166502,-3.6544298704713585,0.39382832378149035,0.05,1526,"{""0"": 12188, ""1"": 13060, ""2"": 13122, ""3"": 11077, ""4"": 13331, ""5"": 9421}",connected
72299,318,20000,0.050000000000000044,0.10047552080824972,-3.6544298704713585,0.39264761835336687,0.05,1526,"{""0"": 12206, ""1"": 13086, ""2"": 13137, ""3"": 11089, ""4"": 13349, ""5"": 9432}",connected
72399,318,20000,0.050000000000000044,0.0967897822521627,-3.6544298704713585,0.38642270386219024,0.05,1526,"{""0"": 12221, ""1"": 13112, ""2"": 13179, ""3"": 11095, ""4"": 13354, ""5"": 9438}",connected
72499,320,20000,0.050000000000000044,0.09013569029048085,-3.6530698697082697,0.39253748297691343,0.05,1526,"{""0"": 12227, ""1"": 13134, ""2"": 13212, ""3"": 11103, ""4"": 13372, ""5"": 9451}",connected
72599,320,20000,0.050000000000000044,0.08676504304632544,-3.6530698697082697,0.3920259180665016,0.05,1526,"{""0"": 12231, ""1"": 13146, ""2"": 13255, ""3"": 11122, ""4"": 13389, ""5"": 9456}",connected
72699,320,20000,0.050000000000000044,0.08672413598746061,-3.6530698697082697,0.39266682595014574,0.05,1526,"{""0"": 12253, ""1"": 13165, ""2"": 13277, ""3"": 11131, ""4"": 13408, ""5"": 9465}",connected
72799,320,20000,0.050000000000000044,0.0959091835282743,-3.6530698697082697,0.39358449310064314,0.05,1526,"{""0"": 12278, ""1"": 13179, ""2"": 13298, ""3"": 11134, ""4"": 13430, ""5"": 9480}",connected
72899,320,20000,0.050000000000000044,0.10329027498140932,-3.6530698697082697,0.3928334391117096,0.05,1526,"{""0"": 12292, ""1"": 13199, ""2"": 13320, ""3"": 11151, ""4"": 13450, ""5"": 9487}",connected
72999,322,20000,0.050000000000000044,0.10613313240930439,-3.654829868688248,0.39439743787050247,0.05,1526,"{""0"": 12304, ""1"": 13202, ""2"": 13338, ""3"": 11167, ""4"": 13477, ""5"": 9511}",connected
73099,322,20000,0.050000000000000044,0.10748610505834222,-3.654829868688248,0.3972834932804108,0.05,1526,"{""0"": 12307, ""1"": 13232, ""2"": 13376, ""3"": 11171, ""4"": 13497, ""5"": 9516}",connected
73199,322,20000,0.050000000000000044,0.09316926345229148,-3.654829868688248,0.39709276050329206,0.05,1526,"{""0"": 12309, ""1"": 13254, ""2"": 13403, ""3"": 11190, ""4"": 13521, ""5"": 9522}",connected
73299,322,20000,0.050000000000000044,0.09043132247403264,-3.654829868688248,0.39543237030506134,0.05,1526,"{""0"": 12317, ""1"": 13287, ""2"": 13425, ""3"": 11204, ""4"": 13542, ""5"": 9524}",connected
73399,324,20000,0.050000000000000044,0.08575699884444475,-3.6381898679584266,0.39342661380767824,0.05,1526,"{""0"": 12324, ""1"": 13318, ""2"": 13456, ""3"": 11217, ""4"": 13560, ""5"": 9524}",connected
73499,324,20000,0.050000000000000044,0.08168937295675277,-3.6381898679584266,0.39359149962663653,0.05,1526,"{""0"": 12349, ""1"": 13322, ""2"": 13483, ""3"": 11227, ""4"": 13592, ""5"": 9526}",connected
73599,324,20000,0.050000000000000044,0.07838201750069856,-3.6381898679584266,0.39658102244138715,0.05,1526,"{""0"": 12364, ""1"": 13352, ""2"": 13511, ""3"": 11231, ""4"": 13612, ""5"": 9529}",connected
73699,326,20000,0.050000000000000044,0.07312886701896787,-3.5242898658290507,0.3965966647863388,0.05,1526,"{""0"": 12377, ""1"": 13367, ""2"": 13522, ""3"": 11241, ""4"": 13642, ""5"": 9550}",connected
73799,326,20000,0.050000000000000044,0.07030971098691224,-3.5242898658290507,0.39903067111968993,0.05,1526,"{""0"": 12393, ""1"": 13367, ""2"": 13540, ""3"": 11248, ""4"": 13687, ""5"": 9564}",connected
73899,326,20000,0.050000000000000044,0.07215248867869377,-3.5242898658290507,0.3972886487841606,0.05,1526,"{""0"": 12438, ""1"": 13375, ""2"": 13550, ""3"": 11253, ""4"": 13708, ""5"": 9575}",connected
73999,326,20000,0.050000000000000044,0.08010967750102281,-3.5242898658290507,0.3947803142666817,0.05,1526,"{""0"": 12460, ""1"": 13388, ""2"": 13566, ""3"": 11267, ""4"": 13737, ""5"": 9581}",connected
74099,326,20000,0.050000000000000044,0.08724023882299661,-3.5242898658290507,0.3949617528915405,0.05,1526,"{""0"": 12470, ""1"": 13400, ""2"": 13594, ""3"": 11278, ""4"": 13775, ""5"": 9582}",connected
74199,328,20000,0.050000000000000044,0.09117253985255956,-3.658279868909158,0.39805389851331713,0.05,1526,"{""0"": 12489, ""1"": 13408, ""2"": 13606, ""3"": 11283, ""4"": 13821, ""5"": 9592}",connected
74299,328,20000,0.050000000000000044,0.0868801623955369,-3.658279868909158,0.40174889951944354,0.05,1526,"{""0"": 12517, ""1"": 13408, ""2"": 13611, ""3"": 11297, ""4"": 13856, ""5"": 9610}",connected
74399,328,20000,0.050000000000000044,0.09548331972211599,-3.658279868909158,0.401260601580143,0.05,1526,"{""0"": 12538, ""1"": 13416, ""2"": 13626, ""3"": 11304, ""4"": 13901, ""5"": 9614}",connected
74499,328,20000,0.050000000000000044,0.09741333223879338,-3.658279868909158,0.39821458131074905,0.05,1526,"{""0"": 12542, ""1"": 13451, ""2"": 13647, ""3"": 11313, ""4"": 13926, ""5"": 9620}",connected
74599,328,20000,0.050000000000000044,0.0987798353843391,-3.658279868909158,0.3910613140463829,0.05,1526,"{""0"": 12564, ""1"": 13469, ""2"": 13661, ""3"": 11324, ""4"": 13946, ""5"": 9635}",connected
74699,330,20000,0.050000000000000044,0.09714798731729388,-3.6200798681471498,0.3861616072058678,0.05,1526,"{""0"": 12571, ""1"": 13490, ""2"": 13686, ""3"": 11340, ""4"": 13974, ""5"": 9638}",connected
74799,330,20000,0.050000000000000044,0.09149990560486913,-3.6200798681471498,0.38487902700901033,0.05,1526,"{""0"": 12576, ""1"": 13505, ""2"": 13715, ""3"": 11360, ""4"": 13991, ""5"": 9652}",connected
74899,330,20000,0.050000000000000044,0.0854930353909731,-3.6200798681471498,0.3858172234892845,0.05,1526,"{""0"": 12588, ""1"": 13516, ""2"": 13733, ""3"": 11376, ""4"": 14019, ""5"": 9667}",connected
74999,330,20000,0.050000000000000044,0.08370095916092396,-3.6200798681471498,0.3860678631067276,0.05,1526,"{""0"": 12601, ""1"": 13529, ""2"": 13765, ""3"": 11391, ""4"": 14046, ""5"": 9667}",connected
75099,332,20000,0.050000000000000044,0.0867043829150498,-3.6170998673141,0.38895166397094727,0.05,1526,"{""0"": 12624, ""1"": 13534, ""2"": 13780, ""3"": 11409, ""4"": 14084, ""5"": 9668}",connected
75199,332,20000,0.050000000000000044,0.08001515163108706,-3.6170998673141,0.38769003421068193,0.05,1526,"{""0"": 12653, ""1"": 13542, ""2"": 13793, ""3"": 11417, ""4"": 14122, ""5"": 9672}",connected
75299,332,20000,0.050000000000000044,0.07952111974358558,-3.6170998673141,0.3920419347286224,0.05,1526,"{""0"": 12697, ""1"": 13549, ""2"": 13801, ""3"": 11428, ""4"": 14149, ""5"": 9675}",connected
75399,334,20000,0.050000000000000044,0.08720343992114067,-3.4601798693090675,0.39506146907806394,0.05,1526,"{""0"": 12726, ""1"": 13552, ""2"": 13824, ""3"": 11431, ""4"": 14189, ""5"": 9677}",connected
75499,334,20000,0.050000000000000044,0.09136915249750018,-3.4601798693090675,0.3909408628940582,0.05,1526,"{""0"": 12757, ""1"": 13556, ""2"": 13835, ""3"": 11433, ""4"": 14238, ""5"": 9680}",connected
75599,334,20000,0.050000000000000044,0.09639802535995841,-3.4601798693090675,0.39186181098222733,0.05,1526,"{""0"": 12779, ""1"": 13564, ""2"": 13837, ""3"": 11439, ""4"": 14283, ""5"": 9697}",connected
75699,334,20000,0.050000000000000044,0.09444456174969673,-3.4601798693090675,0.38596793204545976,0.05,1526,"{""0"": 12788, ""1"": 13595, ""2"": 13853, ""3"": 11458, ""4"": 14296, ""5"": 9709}",connected
75799,335,20000,0.050000000000000044,0.08791743060573935,-3.511789870276116,0.3839179480075836,0.05,1526,"{""0"": 12828, ""1"": 13605, ""2"": 13870, ""3"": 11491, ""4"": 14296, ""5"": 9709}",connected
75899,336,20000,0.050000000000000044,0.08551131600514054,-3.507919870177284,0.38564458906650545,0.05,1526,"{""0"": 12839, ""1"": 13624, ""2"": 13889, ""3"": 11492, ""4"": 14337, ""5"": 9718}",connected
75999,336,20000,0.050000000000000044,0.08429357197135687,-3.507919870177284,0.38559729933738707,0.05,1526,"{""0"": 12854, ""1"": 13645, ""2"": 13920, ""3"": 11493, ""4"": 14369, ""5"": 9718}",connected
76099,336,20000,0.050000000000000044,0.08993391102179885,-3.507919870177284,0.38928202897310255,0.05,1526,"{""0"": 12868, ""1"": 13658, ""2"": 13944, ""3"": 11505, ""4"": 14389, ""5"": 9735}",connected
76199,336,20000,0.050000000000000044,0.0871573968604207,-3.507919870177284,0.38432113885879515,0.05,1526,"{""0"": 12880, ""1"": 13690, ""2"": 13956, ""3"": 11507, ""4"": 14414, ""5"": 9752}",connected
76299,338,20000,0.050000000000000044,0.08141537714749575,-3.557179870205,0.38655677169561387,0.05,1526,"{""0"": 12893, ""1"": 13723, ""2"": 13980, ""3"": 11507, ""4"": 14430, ""5"": 9766}",connected
76399,338,20000,0.050000000000000044,0.0814123241789639,-3.557179870205,0.38814845532178877,0.05,1526,"{""0"": 12896, ""1"": 13737, ""2"": 13995, ""3"": 11520, ""4"": 14467, ""5"": 9784}",connected
76499,340,20000,0.050000000000000044,0.08552170546725392,-3.4291198741318656,0.3892401012778282,0.05,1526,"{""0"": 12913, ""1"": 13743, ""2"": 14032, ""3"": 11530, ""4"": 14494, ""5"": 9787}",connected
76599,340,20000,0.050000000000000044,0.08874317217618227,-3.4291198741318656,0.3963630527257919,0.05,1526,"{""0"": 12924, ""1"": 13745, ""2"": 14055, ""3"": 11547, ""4"": 14527, ""5"": 9801}",connected
76699,340,20000,0.050000000000000044,0.09893823163583874,-3.4291198741318656,0.3954568138718605,0.05,1526,"{""0"": 12948, ""1"": 13761, ""2"": 14076, ""3"": 11548, ""4"": 14555, ""5"": 9811}",connected
76799,340,20000,0.050000000000000044,0.10003994354978203,-3.4291198741318656,0.38998526394367217,0.05,1526,"{""0"": 12982, ""1"": 13781, ""2"": 14096, ""3"": 11557, ""4"": 14562, ""5"": 9821}",connected
76899,342,20000,0.050000000000000044,0.09373526835814118,-3.368379875021055,0.38547141015529635,0.05,1526,"{""0"": 13003, ""1"": 13815, ""2"": 14115, ""3"": 11562, ""4"": 14575, ""5"": 9829}",connected
76999,342,20000,0.050000000000000044,0.09031282098963857,-3.368379875021055,0.3855877700448036,0.05,1526,"{""0"": 13019, ""1"": 13838, ""2"": 14145, ""3"": 11568, ""4"": 14597, ""5"": 9832}",connected
77099,342,20000,0.050000000000000044,0.08338836669921874,-3.368379875021055,0.38417557686567305,0.05,1526,"{""0"": 13067, ""1"": 13862, ""2"": 14157, ""3"": 11574, ""4"": 14604, ""5"": 9835}",connected
77199,342,20000,0.050000000000000044,0.08028998620808124,-3.368379875021055,0.39199575275182724,0.05,1526,"{""0"": 13085, ""1"": 13889, ""2"": 14193, ""3"": 11587, ""4"": 14610, ""5"": 9835}",connected
77299,342,20000,0.050000000000000044,0.08150733206421137,-3.368379875021055,0.3935728323459625,0.05,1526,"{""0"": 13116, ""1"": 13902, ""2"": 14222, ""3"": 11588, ""4"": 14632, ""5"": 9839}",connected
77399,344,20000,0.050000000000000044,0.08568342503160238,-3.35851987445727,0.38557999551296235,0.05,1526,"{""0"": 13136, ""1"": 13925, ""2"": 14251, ""3"": 11588, ""4"": 14656, ""5"": 9843}",connected
77499,344,20000,0.050000000000000044,0.08544565368443728,-3.35851987445727,0.38780387163162233,0.05,1526,"{""0"": 13149, ""1"": 13967, ""2"": 14274, ""3"": 11591, ""4"": 14674, ""5"": 9844}",connected
77599,344,20000,0.050000000000000044,0.08996237259358168,-3.35851987445727,0.38209594279527664,0.05,1526,"{""0"": 13171, ""1"": 13985, ""2"": 14301, ""3"": 11607, ""4"": 14686, ""5"": 9849}",connected
77699,344,20000,0.050000000000000044,0.08980531439185142,-3.35851987445727,0.3764632079005241,0.05,1526,"{""0"": 13199, ""1"": 13999, ""2"": 14335, ""3"": 11612, ""4"": 14705, ""5"": 9849}",connected
77799,344,20000,0.050000000000000044,0.0908865850418806,-3.35851987445727,0.37829654306173327,0.05,1526,"{""0"": 13207, ""1"": 14032, ""2"": 14366, ""3"": 11621, ""4"": 14718, ""5"": 9855}",connected
77899,346,20000,0.050000000000000044,0.0934335377253592,-3.5153198766801506,0.3756204381585121,0.05,1526,"{""0"": 13229, ""1"": 14045, ""2"": 14388, ""3"": 11625, ""4"": 14755, ""5"": 9857}",connected
77999,346,20000,0.050000000000000044,0.09261172184720635,-3.5153198766801506,0.3767417904734611,0.05,1526,"{""0"": 13261, ""1"": 14060, ""2"": 14414, ""3"": 11629, ""4"": 14765, ""5"": 9870}",connected
78099,346,20000,0.050000000000000044,0.09319456122815609,-3.5153198766801506,0.3784350237250328,0.05,1526,"{""0"": 13281, ""1"": 14066, ""2"": 14445, ""3"": 11639, ""4"": 14797, ""5"": 9871}",connected
78199,346,20000,0.050000000000000044,0.08831086844205856,-3.5153198766801506,0.3826245069503784,0.05,1526,"{""0"": 13321, ""1"": 14079, ""2"": 14457, ""3"": 11642, ""4"": 14819, ""5"": 9881}",connected
78299,348,20000,0.050000000000000044,0.08287566198036074,-3.5176898787217215,0.3811179184913635,0.05,1526,"{""0"": 13332, ""1"": 14103, ""2"": 14478, ""3"": 11648, ""4"": 14854, ""5"": 9884}",connected
78399,348,20000,0.050000000000000044,0.07606256563216447,-3.5176898787217215,0.3840532287955284,0.05,1526,"{""0"": 13338, ""1"": 14134, ""2"": 14501, ""3"": 11658, ""4"": 14884, ""5"": 9884}",connected
78499,348,20000,0.050000000000000044,0.07585975335910916,-3.5176898787217215,0.3859142896533012,0.05,1526,"{""0"": 13359, ""1"": 14165, ""2"": 14521, ""3"": 11673, ""4"": 14897, ""5"": 9884}",connected
78599,348,20000,0.050000000000000044,0.08136291624978184,-3.5176898787217215,0.382922480404377,0.05,1526,"{""0"": 13367, ""1"": 14190, ""2"": 14549, ""3"": 11694, ""4"": 14903, ""5"": 9896}",connected
78699,348,20000,0.050000000000000044,0.09154217487201094,-3.5176898787217215,0.3848191985487938,0.05,1526,"{""0"": 13377, ""1"": 14216, ""2"": 14591, ""3"": 11708, ""4"": 14906, ""5"": 9901}",connected
78799,350,20000,0.050000000000000044,0.09740615341812373,-3.527469878224656,0.38386440694332125,0.05,1526,"{""0"": 13382, ""1"": 14258, ""2"": 14613, ""3"": 11711, ""4"": 14927, ""5"": 9908}",connected
78899,350,20000,0.050000000000000044,0.09642668168991804,-3.527469878224656,0.383232684135437,0.05,1526,"{""0"": 13399, ""1"": 14267, ""2"": 14630, ""3"": 11716, ""4"": 14969, ""5"": 9918}",connected
78999,350,20000,0.050000000000000044,0.09359473280608654,-3.527469878224656,0.3863631936907768,0.05,1526,"{""0"": 13439, ""1"": 14267, ""2"": 14645, ""3"": 11737, ""4"": 14990, ""5"": 9921}",connected
79099,350,20000,0.050000000000000044,0.0927100764401257,-3.527469878224656,0.38490281730890274,0.05,1526,"{""0"": 13481, ""1"": 14273, ""2"": 14662, ""3"": 11745, ""4"": 15015, ""5"": 9923}",connected
79199,350,20000,0.050000000000000044,0.08683115573599935,-3.527469878224656,0.3812308883666992,0.05,1526,"{""0"": 13516, ""1"": 14283, ""2"": 14680, ""3"": 11758, ""4"": 15031, ""5"": 9931}",connected
79299,352,20000,0.050000000000000044,0.08521705828607082,-3.5862598848715423,0.37883304625749586,0.05,1526,"{""0"": 13530, ""1"": 14299, ""2"": 14700, ""3"": 11771, ""4"": 15054, ""5"": 9945}",connected
79399,352,20000,0.050000000000000044,0.0827457943186164,-3.5862598848715423,0.37629181653261184,0.05,1526,"{""0"": 13557, ""1"": 14305, ""2"": 14722, ""3"": 11790, ""4"": 15072, ""5"": 9953}",connected
79499,352,20000,0.050000000000000044,0.07491663301363588,-3.5862598848715423,0.3759555247426033,0.05,1526,"{""0"": 13575, ""1"": 14320, ""2"": 14743, ""3"": 11802, ""4"": 15104, ""5"": 9955}",connected
79599,352,20000,0.050000000000000044,0.07489307451993227,-3.5862598848715423,0.37941740453243256,0.05,1526,"{""0"": 13585, ""1"": 14334, ""2"": 14757, ""3"": 11815, ""4"": 15131, ""5"": 9977}",connected
79699,352,20000,0.050000000000000044,0.08174962434917689,-3.5862598848715423,0.38440716356039045,0.05,1526,"{""0"": 13590, ""1"": 14370, ""2"": 14796, ""3"": 11817, ""4"": 15148, ""5"": 9978}",connected
79799,354,20000,0.050000000000000044,0.08498051136732102,-3.7021998837403953,0.3838861787319183,0.05,1526,"{""0"": 13614, ""1"": 14385, ""2"": 14817, ""3"": 11833, ""4"": 15172, ""5"": 9978}",connected
79899,354,20000,0.050000000000000044,0.09298750502988697,-3.7021998837403953,0.3828588891029358,0.05,1526,"{""0"": 13621, ""1"": 14409, ""2"": 14851, ""3"": 11854, ""4"": 15183, ""5"": 9981}",connected
79999,354,20000,0.050000000000000044,0.0952243697270751,-3.7021998837403953,0.3812274149060249,0.05,1526,"{""0"": 13633, ""1"": 14435, ""2"": 14873, ""3"": 11856, ""4"": 15217, ""5"": 9985}",connected
80099,354,20000,0.050000000000000044,0.08774074710905552,-3.7021998837403953,0.37821376204490664,0.05,1526,"{""0"": 13656, ""1"": 14462, ""2"": 14896, ""3"": 11872, ""4"": 15224, ""5"": 9989}",connected
80199,356,20000,0.050000000000000044,0.08369963278993964,-3.756509881732054,0.3789543122053146,0.05,1526,"{""0"": 13675, ""1"": 14468, ""2"": 14916, ""3"": 11881, ""4"": 15258, ""5"": 10001}",connected
80299,356,20000,0.050000000000000044,0.07985607765614987,-3.756509881732054,0.38241112649440767,0.05,1526,"{""0"": 13697, ""1"": 14479, ""2"": 14940, ""3"": 11881, ""4"": 15300, ""5"": 10002}",connected
80399,356,20000,0.050000000000000044,0.08892223438248038,-3.756509881732054,0.3803624811768532,0.05,1526,"{""0"": 13708, ""1"": 14499, ""2"": 14961, ""3"": 11898, ""4"": 15324, ""5"": 10009}",connected
80499,356,20000,0.050000000000000044,0.09393865574151278,-3.756509881732054,0.378336920440197,0.05,1526,"{""0"": 13733, ""1"": 14511, ""2"": 14975, ""3"": 11928, ""4"": 15341, ""5"": 10011}",connected
80599,356,20000,0.050000000000000044,0.09257374746724963,-3.756509881732054,0.376692156791687,0.05,1526,"{""0"": 13781, ""1"": 14513, ""2"": 15003, ""3"": 11936, ""4"": 15350, ""5"": 10016}",connected
80699,358,20000,0.050000000000000044,0.0918413338623941,-3.9080698797386137,0.373809472322464,0.05,1526,"{""0"": 13825, ""1"": 14514, ""2"": 15033, ""3"": 11941, ""4"": 15360, ""5"": 10026}",connected
80799,358,20000,0.050000000000000044,0.089698686003685,-3.9080698797386137,0.3738579276204109,0.05,1526,"{""0"": 13853, ""1"": 14524, ""2"": 15042, ""3"": 11969, ""4"": 15382, ""5"": 10029}",connected
80899,358,20000,0.050000000000000044,0.09091527931392193,-3.9080698797386137,0.37151429414749143,0.05,1526,"{""0"": 13880, ""1"": 14559, ""2"": 15061, ""3"": 11976, ""4"": 15392, ""5"": 10031}",connected
80999,358,20000,0.050000000000000044,0.09648860963061452,-3.9080698797386137,0.3719898056983948,0.05,1526,"{""0"": 13903, ""1"": 14594, ""2"": 15083, ""3"": 11979, ""4"": 15403, ""5"": 10037}",connected
81099,358,20000,0.050000000000000044,0.09957481632009149,-3.9080698797386137,0.3725308641791344,0.05,1526,"{""0"": 13904, ""1"": 14641, ""2"": 15104, ""3"": 11981, ""4"": 15416, ""5"": 10053}",connected
81199,360,20000,0.050000000000000044,0.09387026853859425,-3.903009879635647,0.3735581511259079,0.05,1526,"{""0"": 13929, ""1"": 14666, ""2"": 15117, ""3"": 11997, ""4"": 15435, ""5"": 10055}",connected
81299,362,20000,0.050000000000000044,0.08982059920206666,-3.7440798826282844,0.38053539007902143,0.05,1526,"{""0"": 13963, ""1"": 14677, ""2"": 15128, ""3"": 12001, ""4"": 15466, ""5"": 10064}",connected
81399,364,20000,0.050000000000000044,0.09001004409044981,-3.588539886190556,0.38457999169826507,0.05,1526,"{""0"": 13974, ""1"": 14683, ""2"": 15146, ""3"": 12001, ""4"": 15526, ""5"": 10069}",connected
81499,364,20000,0.050000000000000044,0.08349481102079154,-3.588539886190556,0.38219757705926893,0.05,1526,"{""0"": 13996, ""1"": 14699, ""2"": 15160, ""3"": 12010, ""4"": 15556, ""5"": 10078}",connected
81599,364,20000,0.050000000000000044,0.08477339871227742,-3.588539886190556,0.3818909007310867,0.05,1526,"{""0"": 14027, ""1"": 14719, ""2"": 15178, ""3"": 12019, ""4"": 15577, ""5"": 10079}",connected
81699,364,20000,0.050000000000000044,0.08384363181889057,-3.588539886190556,0.3792188784480095,0.05,1526,"{""0"": 14046, ""1"": 14746, ""2"": 15201, ""3"": 12041, ""4"": 15585, ""5"": 10080}",connected
81799,364,20000,0.050000000000000044,0.07919188849627971,-3.588539886190556,0.3733569210767746,0.05,1526,"{""0"": 14069, ""1"": 14789, ""2"": 15214, ""3"": 12057, ""4"": 15590, ""5"": 10080}",connected
81899,366,20000,0.050000000000000044,0.08444725755602121,-3.5631798866810276,0.37812563866376875,0.05,1526,"{""0"": 14083, ""1"": 14795, ""2"": 15223, ""3"": 12063, ""4"": 15647, ""5"": 10088}",connected
81999,366,20000,0.050000000000000044,0.08482983218505978,-3.5631798866810276,0.37858384400606154,0.05,1526,"{""0"": 14121, ""1"": 14801, ""2"": 15239, ""3"": 12071, ""4"": 15669, ""5"": 10098}",connected
82099,366,20000,0.050000000000000044,0.0864831193163991,-3.5631798866810276,0.3790900930762291,0.05,1526,"{""0"": 14132, ""1"": 14819, ""2"": 15268, ""3"": 12086, ""4"": 15691, ""5"": 10103}",connected
82199,366,20000,0.050000000000000044,0.09663787625730037,-3.5631798866810276,0.3794559648633003,0.05,1526,"{""0"": 14169, ""1"": 14822, ""2"": 15287, ""3"": 12090, ""4"": 15725, ""5"": 10106}",connected
82299,368,20000,0.050000000000000044,0.09798402324318886,-3.5717998862359672,0.37467796325683594,0.05,1526,"{""0"": 14197, ""1"": 14839, ""2"": 15305, ""3"": 12106, ""4"": 15745, ""5"": 10107}",connected
82399,368,20000,0.050000000000000044,0.10041641924530267,-3.5717998862359672,0.3741749235987663,0.05,1526,"{""0"": 14205, ""1"": 14847, ""2"": 15343, ""3"": 12120, ""4"": 15769, ""5"": 10115}",connected
82499,368,20000,0.050000000000000044,0.09743863135576249,-3.5717998862359672,0.371581554710865,0.05,1526,"{""0"": 14207, ""1"": 14876, ""2"": 15358, ""3"": 12149, ""4"": 15788, ""5"": 10121}",connected
82599,368,20000,0.050000000000000044,0.08870288368314505,-3.5717998862359672,0.3717327702045441,0.05,1526,"{""0"": 14220, ""1"": 14885, ""2"": 15391, ""3"": 12161, ""4"": 15818, ""5"": 10124}",connected
82699,368,20000,0.050000000000000044,0.08726359862834215,-3.5717998862359672,0.3761864563822746,0.05,1526,"{""0"": 14229, ""1"": 14916, ""2"": 15410, ""3"": 12180, ""4"": 15830, ""5"": 10134}",connected
82799,370,20000,0.050000000000000044,0.08483515981584787,-3.5918398855347187,0.3732889059185982,0.05,1526,"{""0"": 14250, ""1"": 14940, ""2"": 15443, ""3"": 12184, ""4"": 15839, ""5"": 10143}",connected
82899,370,20000,0.050000000000000044,0.09025929197669029,-3.5918398855347187,0.3759704199433327,0.05,1526,"{""0"": 14261, ""1"": 14971, ""2"": 15467, ""3"": 12195, ""4"": 15859, ""5"": 10146}",connected
82999,370,20000,0.050000000000000044,0.08729720387607813,-3.5918398855347187,0.3785582333803177,0.05,1526,"{""0"": 14287, ""1"": 14988, ""2"": 15491, ""3"": 12204, ""4"": 15880, ""5"": 10149}",connected
83099,370,20000,0.050000000000000044,0.08530617583543063,-3.5918398855347187,0.3771740651130676,0.05,1526,"{""0"": 14307, ""1"": 15021, ""2"": 15500, ""3"": 12234, ""4"": 15885, ""5"": 10152}",connected
83199,370,20000,0.050000000000000044,0.08567449904978275,-3.5918398855347187,0.38087026834487914,0.05,1526,"{""0"": 14323, ""1"": 15040, ""2"": 15515, ""3"": 12240, ""4"": 15917, ""5"": 10164}",connected
83299,372,20000,0.050000000000000044,0.08817476347088814,-3.5520298808300867,0.38051260232925416,0.05,1526,"{""0"": 14365, ""1"": 15045, ""2"": 15552, ""3"": 12242, ""4"": 15930, ""5"": 10165}",connected
83399,372,20000,0.050000000000000044,0.09567823998630047,-3.5520298808300867,0.3777222073078155,0.05,1526,"{""0"": 14388, ""1"": 15050, ""2"": 15572, ""3"": 12247, ""4"": 15967, ""5"": 10175}",connected
83499,372,20000,0.050000000000000044,0.09593159087002277,-3.5520298808300867,0.3736502709984779,0.05,1526,"{""0"": 14412, ""1"": 15067, ""2"": 15600, ""3"": 12251, ""4"": 15988, ""5"": 10181}",connected
83599,372,20000,0.050000000000000044,0.0917988508194685,-3.5520298808300867,0.36589254438877106,0.05,1526,"{""0"": 14422, ""1"": 15097, ""2"": 15621, ""3"": 12258, ""4"": 15988, ""5"": 10213}",connected
83699,374,20000,0.050000000000000044,0.07936061773449182,-3.5056798813678323,0.36303401082754133,0.05,1526,"{""0"": 14438, ""1"": 15121, ""2"": 15659, ""3"": 12268, ""4"": 15994, ""5"": 10219}",connected
83799,374,20000,0.050000000000000044,0.07704917281866074,-3.5056798813678323,0.36322476863861086,0.05,1526,"{""0"": 14454, ""1"": 15130, ""2"": 15675, ""3"": 12302, ""4"": 16017, ""5"": 10221}",connected
83899,374,20000,0.050000000000000044,0.07588595114648342,-3.5056798813678323,0.3637582689523697,0.05,1526,"{""0"": 14466, ""1"": 15157, ""2"": 15707, ""3"": 12314, ""4"": 16030, ""5"": 10225}",connected
83999,374,20000,0.050000000000000044,0.07941726617515087,-3.5056798813678323,0.36825248926877974,0.05,1526,"{""0"": 14478, ""1"": 15168, ""2"": 15727, ""3"": 12332, ""4"": 16063, ""5"": 10231}",connected
84099,374,20000,0.050000000000000044,0.08352058500051499,-3.5056798813678323,0.368827004134655,0.05,1526,"{""0"": 14480, ""1"": 15186, ""2"": 15748, ""3"": 12352, ""4"": 16085, ""5"": 10248}",connected
84199,376,20000,0.050000000000000044,0.08808535711839795,-3.4949598820880055,0.36612301200628283,0.05,1526,"{""0"": 14487, ""1"": 15214, ""2"": 15772, ""3"": 12363, ""4"": 16113, ""5"": 10250}",connected
84299,376,20000,0.050000000000000044,0.08796886723488569,-3.4949598820880055,0.3670624133944511,0.05,1526,"{""0"": 14496, ""1"": 15232, ""2"": 15798, ""3"": 12400, ""4"": 16120, ""5"": 10253}",connected
84399,376,20000,0.050000000000000044,0.08168159721419216,-3.4949598820880055,0.3653518030047417,0.05,1526,"{""0"": 14514, ""1"": 15267, ""2"": 15825, ""3"": 12404, ""4"": 16136, ""5"": 10253}",connected
84499,376,20000,0.050000000000000044,0.08613077836111188,-3.4949598820880055,0.3692896068096161,0.05,1526,"{""0"": 14525, ""1"": 15289, ""2"": 15853, ""3"": 12411, ""4"": 16165, ""5"": 10256}",connected
84599,378,20000,0.050000000000000044,0.07970961794257164,-3.492629882101901,0.37329394042491915,0.05,1526,"{""0"": 14551, ""1"": 15307, ""2"": 15879, ""3"": 12413, ""4"": 16183, ""5"": 10266}",connected
84699,378,20000,0.050000000000000044,0.08316785011440515,-3.492629882101901,0.3731172087788582,0.05,1526,"{""0"": 14567, ""1"": 15309, ""2"": 15885, ""3"": 12418, ""4"": 16227, ""5"": 10293}",connected
84799,378,20000,0.050000000000000044,0.08650972926989198,-3.492629882101901,0.37338649928569795,0.05,1526,"{""0"": 14584, ""1"": 15324, ""2"": 15901, ""3"": 12421, ""4"": 16272, ""5"": 10297}",connected
84899,378,20000,0.050000000000000044,0.08838843068107963,-3.492629882101901,0.3673588091135025,0.05,1526,"{""0"": 14619, ""1"": 15348, ""2"": 15907, ""3"": 12435, ""4"": 16290, ""5"": 10300}",connected
84999,378,20000,0.050000000000000044,0.08911987556144595,-3.492629882101901,0.36780075818300245,0.05,1526,"{""0"": 14649, ""1"": 15357, ""2"": 15929, ""3"": 12457, ""4"": 16298, ""5"": 10309}",connected
85099,380,20000,0.050000000000000044,0.08633803315460682,-3.503339884276502,0.36788363128900525,0.05,1526,"{""0"": 14699, ""1"": 15365, ""2"": 15947, ""3"": 12459, ""4"": 16312, ""5"": 10317}",connected
85199,380,20000,0.050000000000000044,0.08455262642353772,-3.503339884276502,0.37054590076208116,0.05,1526,"{""0"": 14714, ""1"": 15389, ""2"": 15973, ""3"": 12487, ""4"": 16319, ""5"": 10317}",connected
85299,380,20000,0.050000000000000044,0.07804710578173399,-3.503339884276502,0.3742105427384377,0.05,1526,"{""0"": 14734, ""1"": 15404, ""2"": 15999, ""3"": 12505, ""4"": 16335, ""5"": 10322}",connected
85399,380,20000,0.050000000000000044,0.07912934955209494,-3.503339884276502,0.3733507311344147,0.05,1526,"{""0"": 14745, ""1"": 15423, ""2"": 16018, ""3"": 12508, ""4"": 16373, ""5"": 10332}",connected
85499,380,20000,0.050000000000000044,0.07811505757272244,-3.503339884276502,0.3752883392572403,0.05,1526,"{""0"": 14745, ""1"": 15446, ""2"": 16036, ""3"": 12519, ""4"": 16405, ""5"": 10348}",connected
85599,382,20000,0.050000000000000044,0.0801807420514524,-3.4958898844756185,0.37324876606464386,0.05,1526,"{""0"": 14756, ""1"": 15465, ""2"": 16061, ""3"": 12522, ""4"": 16427, ""5"": 10368}",connected
85699,382,20000,0.050000000000000044,0.0822634806856513,-3.4958898844756185,0.3704190480709076,0.05,1526,"{""0"": 14768, ""1"": 15471, ""2"": 16079, ""3"": 12550, ""4"": 16463, ""5"": 10368}",connected
85799,382,20000,0.050000000000000044,0.08887395177036524,-3.4958898844756185,0.36622231125831606,0.05,1526,"{""0"": 14770, ""1"": 15472, ""2"": 16079, ""3"": 12637, ""4"": 16470, ""5"": 10371}",connected
85899,382,20000,0.050000000000000044,0.09079442394897341,-3.4958898844756185,0.36466295421123507,0.05,1526,"{""0"": 14770, ""1"": 15474, ""2"": 16079, ""3"": 12695, ""4"": 16502, ""5"": 10379}",connected
85999,382,20000,0.050000000000000044,0.0878542148321867,-3.4958898844756185,0.362731851041317,0.05,1526,"{""0"": 14777, ""1"": 15478, ""2"": 16079, ""3"": 12737, ""4"": 16521, ""5"": 10407}",connected
86099,384,20000,0.050000000000000044,0.08707627132534981,-3.470649882755242,0.36360411465167997,0.05,1526,"{""0"": 14792, ""1"": 15487, ""2"": 16112, ""3"": 12751, ""4"": 16550, ""5"": 10407}",connected
86199,384,20000,0.050000000000000044,0.07845737783238292,-3.470649882755242,0.36730211704969407,0.05,1526,"{""0"": 14817, ""1"": 15494, ""2"": 16120, ""3"": 12753, ""4"": 16608, ""5"": 10407}",connected
86299,384,20000,0.050000000000000044,0.0853674589842558,-3.470649882755242,0.36269372671842576,0.05,1526,"{""0"": 14827, ""1"": 15504, ""2"": 16126, ""3"": 12754, ""4"": 16667, ""5"": 10421}",connected
86399,384,20000,0.050000000000000044,0.0859403583779931,-3.470649882755242,0.36032191216945647,0.05,1526,"{""0"": 14838, ""1"": 15516, ""2"": 16133, ""3"": 12755, ""4"": 16732, ""5"": 10425}",connected
86499,386,20000,0.050000000000000044,0.08558102803304792,-3.5324398863036186,0.3573312026262283,0.05,1526,"{""0"": 14863, ""1"": 15531, ""2"": 16153, ""3"": 12759, ""4"": 16765, ""5"": 10428}",connected
86599,386,20000,0.050000000000000044,0.0856727991066873,-3.5324398863036186,0.3532382446527481,0.05,1526,"{""0"": 14864, ""1"": 15545, ""2"": 16174, ""3"": 12774, ""4"": 16801, ""5"": 10441}",connected
86699,386,20000,0.050000000000000044,0.08227045077830553,-3.5324398863036186,0.3559362655878067,0.05,1526,"{""0"": 14888, ""1"": 15569, ""2"": 16186, ""3"": 12783, ""4"": 16809, ""5"": 10464}",connected
86799,386,20000,0.050000000000000044,0.09590697810053825,-3.5324398863036186,0.35741156607866287,0.05,1526,"{""0"": 14903, ""1"": 15607, ""2"": 16216, ""3"": 12794, ""4"": 16815, ""5"": 10464}",connected
86899,386,20000,0.050000000000000044,0.09956544168293475,-3.5324398863036186,0.3608374470472336,0.05,1526,"{""0"": 14915, ""1"": 15641, ""2"": 16221, ""3"": 12803, ""4"": 16832, ""5"": 10487}",connected
86999,388,20000,0.050000000000000044,0.09640321411192417,-3.5092398857418448,0.36544374376535416,0.05,1526,"{""0"": 14924, ""1"": 15679, ""2"": 16236, ""3"": 12816, ""4"": 16852, ""5"": 10492}",connected
87099,388,20000,0.050000000000000044,0.09441373547539116,-3.5092398857418448,0.3639283362030983,0.05,1526,"{""0"": 14967, ""1"": 15710, ""2"": 16240, ""3"": 12822, ""4"": 16858, ""5"": 10502}",connected
87199,388,20000,0.050000000000000044,0.08233976701274515,-3.5092398857418448,0.3693099349737167,0.05,1526,"{""0"": 15006, ""1"": 15739, ""2"": 16258, ""3"": 12831, ""4"": 16861, ""5"": 10504}",connected
87299,388,20000,0.050000000000000044,0.08186987413093448,-3.5092398857418448,0.3681513178348541,0.05,1526,"{""0"": 15034, ""1"": 15772, ""2"": 16274, ""3"": 12846, ""4"": 16862, ""5"": 10511}",connected
87399,388,20000,0.050000000000000044,0.08466734938323497,-3.5092398857418448,0.3646260693669319,0.05,1526,"{""0"": 15052, ""1"": 15798, ""2"": 16287, ""3"": 12873, ""4"": 16875, ""5"": 10514}",connected
87499,390,20000,0.050000000000000044,0.08228070706129074,-3.4987198855169117,0.363597055375576,0.05,1526,"{""0"": 15082, ""1"": 15803, ""2"": 16299, ""3"": 12892, ""4"": 16909, ""5"": 10514}",connected
87599,390,20000,0.050000000000000044,0.08795225590467454,-3.4987198855169117,0.36363121271133425,0.05,1526,"{""0"": 15098, ""1"": 15816, ""2"": 16300, ""3"": 12892, ""4"": 16979, ""5"": 10514}",connected
87699,390,20000,0.050000000000000044,0.08098013808950782,-3.4987198855169117,0.3636950585246086,0.05,1526,"{""0"": 15117, ""1"": 15821, ""2"": 16300, ""3"": 12894, ""4"": 17050, ""5"": 10517}",connected
87799,390,20000,0.050000000000000044,0.08072131818160415,-3.4987198855169117,0.3668248018622398,0.05,1526,"{""0"": 15128, ""1"": 15836, ""2"": 16309, ""3"": 12904, ""4"": 17104, ""5"": 10518}",connected
87899,390,20000,0.050000000000000044,0.08153336238116025,-3.4987198855169117,0.3696276417374611,0.05,1526,"{""0"": 15150, ""1"": 15851, ""2"": 16334, ""3"": 12915, ""4"": 17127, ""5"": 10522}",connected
87999,392,20000,0.050000000000000044,0.07610914457589388,-3.493099886239506,0.36819672256708147,0.05,1526,"{""0"": 15191, ""1"": 15859, ""2"": 16351, ""3"": 12929, ""4"": 17147, ""5"": 10522}",connected
88099,392,20000,0.050000000000000044,0.07678353313356638,-3.493099886239506,0.3657876589894295,0.05,1526,"{""0"": 15219, ""1"": 15870, ""2"": 16388, ""3"": 12936, ""4"": 17162, ""5"": 10524}",connected
88199,392,20000,0.050000000000000044,0.07162868868559599,-3.493099886239506,0.3647082281112671,0.05,1526,"{""0"": 15242, ""1"": 15892, ""2"": 16401, ""3"": 12955, ""4"": 17179, ""5"": 10530}",connected
88299,392,20000,0.050000000000000044,0.0737736544199288,-3.493099886239506,0.36248979449272156,0.05,1526,"{""0"": 15261, ""1"": 15912, ""2"": 16416, ""3"": 12964, ""4"": 17201, ""5"": 10545}",connected
88399,392,20000,0.050000000000000044,0.07859062280505896,-3.493099886239506,0.35952898740768435,0.05,1526,"{""0"": 15279, ""1"": 15931, ""2"": 16429, ""3"": 12980, ""4"": 17232, ""5"": 10548}",connected
88499,394,20000,0.050000000000000044,0.08359378784894943,-3.4693098856601865,0.35847484081983566,0.05,1526,"{""0"": 15294, ""1"": 15947, ""2"": 16464, ""3"": 12985, ""4"": 17251, ""5"": 10558}",connected
88599,396,20000,0.050000000000000044,0.09666015729308128,-3.4415698876883836,0.35611154198646544,0.05,1526,"{""0"": 15310, ""1"": 15963, ""2"": 16486, ""3"": 12990, ""4"": 17292, ""5"": 10558}",connected
88699,396,20000,0.050000000000000044,0.09546921176835894,-3.4415698876883836,0.3568261623382568,0.05,1526,"{""0"": 15331, ""1"": 15979, ""2"": 16519, ""3"": 12991, ""4"": 17321, ""5"": 10558}",connected
88799,396,20000,0.050000000000000044,0.09234246773645281,-3.4415698876883836,0.35477693915367126,0.05,1526,"{""0"": 15355, ""1"": 15982, ""2"": 16557, ""3"": 12993, ""4"": 17354, ""5"": 10558}",connected
88899,396,20000,0.050000000000000044,0.08667264614254236,-3.4415698876883836,0.35891943514347074,0.05,1526,"{""0"": 15365, ""1"": 16012, ""2"": 16572, ""3"": 13006, ""4"": 17384, ""5"": 10560}",connected
88999,398,20000,0.050000000000000044,0.07292224977165461,-3.460719887679443,0.3586504596471787,0.05,1526,"{""0"": 15377, ""1"": 16036, ""2"": 16581, ""3"": 13037, ""4"": 17400, ""5"": 10568}",connected
89099,398,20000,0.050000000000000044,0.06694669840857387,-3.460719887679443,0.35692991942167285,0.05,1526,"{""0"": 15383, ""1"": 16052, ""2"": 16603, ""3"": 13041, ""4"": 17441, ""5"": 10579}",connected
89199,398,20000,0.050000000000000044,0.06415461719036103,-3.460719887679443,0.3555090335011482,0.05,1526,"{""0"": 15394, ""1"": 16098, ""2"": 16626, ""3"": 13045, ""4"": 17456, ""5"": 10580}",connected
89299,398,20000,0.050000000000000044,0.0699865423515439,-3.460719887679443,0.35256064802408216,0.05,1526,"{""0"": 15433, ""1"": 16107, ""2"": 16648, ""3"": 13064, ""4"": 17464, ""5"": 10583}",connected
89399,398,20000,0.050000000000000044,0.07395034139975905,-3.460719887679443,0.357225042283535,0.05,1526,"{""0"": 15441, ""1"": 16130, ""2"": 16653, ""3"": 13080, ""4"": 17503, ""5"": 10592}",connected
89499,400,20000,0.050000000000000044,0.08036695079877973,-3.489169886158779,0.35901071071624757,0.05,1526,"{""0"": 15455, ""1"": 16169, ""2"": 16679, ""3"": 13082, ""4"": 17519, ""5"": 10595}",connected
89599,402,20000,0.050000000000000044,0.08003676023334265,-3.3211498863203452,0.3643394935131073,0.05,1526,"{""0"": 15470, ""1"": 16189, ""2"": 16690, ""3"": 13085, ""4"": 17559, ""5"": 10606}",connected
89699,402,20000,0.050000000000000044,0.08257809048518538,-3.3211498863203452,0.3617595115303993,0.05,1526,"{""0"": 15479, ""1"": 16208, ""2"": 16709, ""3"": 13093, ""4"": 17573, ""5"": 10637}",connected
89799,402,20000,0.050000000000000044,0.0839076130092144,-3.3211498863203452,0.3554286503791809,0.05,1526,"{""0"": 15490, ""1"": 16236, ""2"": 16738, ""3"": 13100, ""4"": 17581, ""5"": 10654}",connected
89899,402,20000,0.050000000000000044,0.08890072563663125,-3.3211498863203452,0.3540115237236023,0.05,1526,"{""0"": 15501, ""1"": 16252, ""2"": 16749, ""3"": 13127, ""4"": 17598, ""5"": 10672}",connected
89999,404,20000,0.050000000000000044,0.10100631140172482,-3.23272988605313,0.3519682386517525,0.05,1526,"{""0"": 15531, ""1"": 16265, ""2"": 16760, ""3"": 13152, ""4"": 17619, ""5"": 10672}",connected
90099,404,20000,0.050000000000000044,0.10386679651215673,-3.23272988605313,0.3513811355829239,0.05,1526,"{""0"": 15554, ""1"": 16272, ""2"": 16785, ""3"": 13165, ""4"": 17648, ""5"": 10675}",connected
90199,404,20000,0.050000000000000044,0.10920271167531609,-3.23272988605313,0.3542072135210037,0.05,1526,"{""0"": 15578, ""1"": 16292, ""2"": 16809, ""3"": 13179, ""4"": 17665, ""5"": 10676}",connected
90299,404,20000,0.050000000000000044,0.10659856684505939,-3.23272988605313,0.3519554951786995,0.05,1526,"{""0"": 15593, ""1"": 16321, ""2"": 16842, ""3"": 13184, ""4"": 17679, ""5"": 10680}",connected
90399,404,20000,0.050000000000000044,0.09466004520654678,-3.23272988605313,0.35015993505716325,0.05,1526,"{""0"": 15607, ""1"": 16338, ""2"": 16864, ""3"": 13201, ""4"": 17706, ""5"": 10683}",connected
90499,406,20000,0.050000000000000044,0.0861511448957026,-3.2023798865266144,0.3539163038134575,0.05,1526,"{""0"": 15619, ""1"": 16358, ""2"": 16897, ""3"": 13202, ""4"": 17723, ""5"": 10700}",connected
90599,406,20000,0.050000000000000044,0.08543036410585046,-3.2023798865266144,0.3523428201675415,0.05,1526,"{""0"": 15626, ""1"": 16372, ""2"": 16919, ""3"": 13208, ""4"": 17765, ""5"": 10709}",connected
90699,406,20000,0.050000000000000044,0.08095270942896604,-3.2023798865266144,0.3556535592675209,0.05,1526,"{""0"": 15639, ""1"": 16386, ""2"": 16950, ""3"": 13217, ""4"": 17782, ""5"": 10725}",connected
90799,406,20000,0.050000000000000044,0.08528953274711966,-3.2023798865266144,0.35577104926109315,0.05,1526,"{""0"": 15650, ""1"": 16407, ""2"": 16969, ""3"": 13238, ""4"": 17785, ""5"": 10750}",connected
90899,406,20000,0.050000000000000044,0.08307360354810953,-3.2023798865266144,0.3557291442155838,0.05,1526,"{""0"": 15666, ""1"": 16419, ""2"": 16994, ""3"": 13251, ""4"": 17796, ""5"": 10773}",connected
90999,408,20000,0.050000000000000044,0.08510116551071406,-3.2007398856664078,0.35627011507749556,0.05,1526,"{""0"": 15683, ""1"": 16434, ""2"": 17009, ""3"": 13252, ""4"": 17847, ""5"": 10774}",connected
91099,408,20000,0.050000000000000044,0.08280362207442522,-3.2007398856664078,0.3515175065398216,0.05,1526,"{""0"": 15734, ""1"": 16437, ""2"": 17033, ""3"": 13263, ""4"": 17853, ""5"": 10779}",connected
91199,408,20000,0.050000000000000044,0.08178928075358272,-3.2007398856664078,0.3453350853919983,0.05,1526,"{""0"": 15783, ""1"": 16441, ""2"": 17049, ""3"": 13272, ""4"": 17872, ""5"": 10782}",connected
91299,408,20000,0.050000000000000044,0.08355210466310382,-3.2007398856664078,0.3436883068084717,0.05,1526,"{""0"": 15820, ""1"": 16448, ""2"": 17078, ""3"": 13284, ""4"": 17879, ""5"": 10790}",connected
91399,410,20000,0.050000000000000044,0.08107252830639482,-3.1527798867784442,0.3440160921216011,0.05,1526,"{""0"": 15865, ""1"": 16454, ""2"": 17103, ""3"": 13294, ""4"": 17884, ""5"": 10799}",connected
91499,410,20000,0.050000000000000044,0.08097122659906746,-3.1527798867784442,0.3460012847185135,0.05,1526,"{""0"": 15890, ""1"": 16457, ""2"": 17135, ""3"": 13299, ""4"": 17917, ""5"": 10801}",connected
91599,410,20000,0.050000000000000044,0.07683399457484484,-3.1527798867784442,0.35095407158136366,0.05,1526,"{""0"": 15899, ""1"": 16473, ""2"": 17173, ""3"": 13301, ""4"": 17930, ""5"": 10823}",connected
91699,410,20000,0.050000000000000044,0.078813430480659,-3.1527798867784442,0.35054265409708024,0.05,1526,"{""0"": 15918, ""1"": 16486, ""2"": 17205, ""3"": 13304, ""4"": 17947, ""5"": 10839}",connected
91799,410,20000,0.050000000000000044,0.07641278950497508,-3.1527798867784442,0.3487903717160225,0.05,1526,"{""0"": 15922, ""1"": 16516, ""2"": 17245, ""3"": 13314, ""4"": 17955, ""5"": 10847}",connected
91899,412,20000,0.050000000000000044,0.0816616428270936,-3.2932098844274877,0.34966983914375305,0.05,1526,"{""0"": 15932, ""1"": 16537, ""2"": 17259, ""3"": 13325, ""4"": 17979, ""5"": 10867}",connected
91999,412,20000,0.050000000000000044,0.08723754670470953,-3.2932098844274877,0.35402997970581057,0.05,1526,"{""0"": 15951, ""1"": 16549, ""2"": 17286, ""3"": 13342, ""4"": 17996, ""5"": 10875}",connected
92099,412,20000,0.050000000000000044,0.09561086919158697,-3.2932098844274877,0.3532734477519989,0.05,1526,"{""0"": 15961, ""1"": 16569, ""2"": 17296, ""3"": 13370, ""4"": 18018, ""5"": 10885}",connected
92199,412,20000,0.050000000000000044,0.09532143820077181,-3.2932098844274877,0.3545298519730568,0.05,1526,"{""0"": 15982, ""1"": 16593, ""2"": 17317, ""3"": 13379, ""4"": 18030, ""5"": 10898}",connected
92299,412,20000,0.050000000000000044,0.09143053805455566,-3.2932098844274877,0.35499022752046583,0.05,1526,"{""0"": 16013, ""1"": 16617, ""2"": 17331, ""3"": 13389, ""4"": 18046, ""5"": 10903}",connected
92399,414,20000,0.050000000000000044,0.09122954692691565,-3.29583988473285,0.35015681236982343,0.05,1526,"{""0"": 16025, ""1"": 16622, ""2"": 17346, ""3"": 13397, ""4"": 18065, ""5"": 10944}",connected
92499,414,20000,0.050000000000000044,0.08716051628813147,-3.29583988473285,0.3524219873547554,0.05,1526,"{""0"": 16043, ""1"": 16653, ""2"": 17354, ""3"": 13409, ""4"": 18091, ""5"": 10949}",connected
92599,414,20000,0.050000000000000044,0.09069683562964201,-3.29583988473285,0.34872302889823914,0.05,1526,"{""0"": 16059, ""1"": 16675, ""2"": 17380, ""3"": 13433, ""4"": 18100, ""5"": 10952}",connected
92699,414,20000,0.050000000000000044,0.09107804339379072,-3.29583988473285,0.34705242425203325,0.05,1526,"{""0"": 16089, ""1"": 16700, ""2"": 17393, ""3"": 13441, ""4"": 18120, ""5"": 10956}",connected
92799,414,20000,0.050000000000000044,0.09445695217698813,-3.29583988473285,0.3473781794309616,0.05,1526,"{""0"": 16119, ""1"": 16728, ""2"": 17401, ""3"": 13456, ""4"": 18137, ""5"": 10958}",connected
92899,416,20000,0.050000000000000044,0.0897634850256145,-3.370689881290309,0.3469387975335121,0.05,1526,"{""0"": 16144, ""1"": 16744, ""2"": 17425, ""3"": 13476, ""4"": 18146, ""5"": 10964}",connected
92999,416,20000,0.050000000000000044,0.08482638282701373,-3.370689881290309,0.3506917601823807,0.05,1526,"{""0"": 16172, ""1"": 16751, ""2"": 17448, ""3"": 13497, ""4"": 18164, ""5"": 10967}",connected
93099,416,20000,0.050000000000000044,0.08108722072094679,-3.370689881290309,0.3523613214492798,0.05,1526,"{""0"": 16187, ""1"": 16769, ""2"": 17474, ""3"": 13504, ""4"": 18195, ""5"": 10970}",connected
93199,416,20000,0.050000000000000044,0.07892349351197481,-3.370689881290309,0.3535554617643356,0.05,1526,"{""0"": 16195, ""1"": 16777, ""2"": 17513, ""3"": 13525, ""4"": 18214, ""5"": 10975}",connected
93299,416,20000,0.050000000000000044,0.08413315715268255,-3.370689881290309,0.3527295845746994,0.05,1526,"{""0"": 16212, ""1"": 16799, ""2"": 17538, ""3"": 13548, ""4"": 18222, ""5"": 10980}",connected
93399,418,20000,0.050000000000000044,0.08619268493726849,-3.3915798803418875,0.35091213017702105,0.05,1526,"{""0"": 16221, ""1"": 16808, ""2"": 17549, ""3"": 13562, ""4"": 18257, ""5"": 11002}",connected
93499,418,20000,0.050000000000000044,0.0947036642767489,-3.3915798803418875,0.3481575807929039,0.05,1526,"{""0"": 16252, ""1"": 16809, ""2"": 17553, ""3"": 13572, ""4"": 18295, ""5"": 11018}",connected
93599,418,20000,0.050000000000000044,0.09492226075381041,-3.3915798803418875,0.3440924859046936,0.05,1526,"{""0"": 16286, ""1"": 16832, ""2"": 17559, ""3"": 13585, ""4"": 18315, ""5"": 11022}",connected
93699,418,20000,0.050000000000000044,0.09251250680536031,-3.3915798803418875,0.34306330755352976,0.05,1526,"{""0"": 16315, ""1"": 16863, ""2"": 17571, ""3"": 13591, ""4"": 18328, ""5"": 11031}",connected
93799,420,20000,0.050000000000000044,0.08931600466370583,-3.3697698803432288,0.3442342841625214,0.05,1526,"{""0"": 16330, ""1"": 16898, ""2"": 17584, ""3"": 13600, ""4"": 18353, ""5"": 11034}",connected
93899,420,20000,0.050000000000000044,0.07873206626623869,-3.3697698803432288,0.3430624809861183,0.05,1526,"{""0"": 16339, ""1"": 16915, ""2"": 17620, ""3"": 13605, ""4"": 18380, ""5"": 11040}",connected
93999,420,20000,0.050000000000000044,0.07965503187850118,-3.3697698803432288,0.3442054778337479,0.05,1526,"{""0"": 16361, ""1"": 16946, ""2"": 17636, ""3"": 13615, ""4"": 18391, ""5"": 11050}",connected
94099,420,20000,0.050000000000000044,0.07543638121336699,-3.3697698803432288,0.3477991534769535,0.05,1526,"{""0"": 16398, ""1"": 16961, ""2"": 17653, ""3"": 13629, ""4"": 18393, ""5"": 11065}",connected
94199,420,20000,0.050000000000000044,0.08517096580937505,-3.3697698803432288,0.34531362503767016,0.05,1526,"{""0"": 16405, ""1"": 16994, ""2"": 17683, ""3"": 13633, ""4"": 18418, ""5"": 11066}",connected
94299,422,20000,0.050000000000000044,0.09251118795946241,-3.3450798793090506,0.3514071467518807,0.05,1526,"{""0"": 16413, ""1"": 17027, ""2"": 17695, ""3"": 13643, ""4"": 18435, ""5"": 11086}",connected
94399,422,20000,0.050000000000000044,0.0890305070579052,-3.3450798793090506,0.3554834309220314,0.05,1526,"{""0"": 16426, ""1"": 17045, ""2"": 17704, ""3"": 13643, ""4"": 18482, ""5"": 11099}",connected
94499,422,20000,0.050000000000000044,0.09782434208318591,-3.3450798793090506,0.35371219366788864,0.05,1526,"{""0"": 16435, ""1"": 17066, ""2"": 17730, ""3"": 13647, ""4"": 18515, ""5"": 11106}",connected
94599,422,20000,0.050000000000000044,0.09182264154776931,-3.3450798793090506,0.35603762567043307,0.05,1526,"{""0"": 16453, ""1"": 17072, ""2"": 17762, ""3"": 13649, ""4"": 18552, ""5"": 11111}",connected
94699,422,20000,0.050000000000000044,0.08962434582412243,-3.3450798793090506,0.35315028607845306,0.05,1526,"{""0"": 16468, ""1"": 17084, ""2"": 17774, ""3"": 13667, ""4"": 18588, ""5"": 11118}",connected
94799,424,20000,0.050000000000000044,0.09174773348495364,-3.3484598800260574,0.35092563450336456,0.05,1526,"{""0"": 16484, ""1"": 17094, ""2"": 17792, ""3"": 13691, ""4"": 18617, ""5"": 11121}",connected
94899,424,20000,0.050000000000000044,0.08606775499880313,-3.3484598800260574,0.34667062550783156,0.05,1526,"{""0"": 16528, ""1"": 17103, ""2"": 17810, ""3"": 13704, ""4"": 18626, ""5"": 11128}",connected
94999,424,20000,0.050000000000000044,0.08301163643598557,-3.3484598800260574,0.3476295512914658,0.05,1526,"{""0"": 16580, ""1"": 17119, ""2"": 17813, ""3"": 13716, ""4"": 18642, ""5"": 11129}",connected
95099,424,20000,0.050000000000000044,0.08244498929008842,-3.3484598800260574,0.3452929869294167,0.05,1526,"{""0"": 16611, ""1"": 17130, ""2"": 17832, ""3"": 13729, ""4"": 18658, ""5"": 11139}",connected
95199,424,20000,0.050000000000000044,0.07530567783862352,-3.3484598800260574,0.3458752742409706,0.05,1526,"{""0"": 16623, ""1"": 17168, ""2"": 17836, ""3"": 13731, ""4"": 18680, ""5"": 11161}",connected
95299,426,20000,0.050000000000000044,0.07201011015102267,-3.439949880428612,0.3476518592238426,0.05,1526,"{""0"": 16635, ""1"": 17187, ""2"": 17854, ""3"": 13744, ""4"": 18714, ""5"": 11165}",connected
95399,426,20000,0.050000000000000044,0.07747668258845807,-3.439949880428612,0.34528645366430283,0.05,1526,"{""0"": 16643, ""1"": 17207, ""2"": 17886, ""3"": 13750, ""4"": 18743, ""5"": 11170}",connected
95499,426,20000,0.050000000000000044,0.08569442635402083,-3.439949880428612,0.3466366055607796,0.05,1526,"{""0"": 16651, ""1"": 17236, ""2"": 17905, ""3"": 13763, ""4"": 18755, ""5"": 11189}",connected
95599,426,20000,0.050000000000000044,0.08673527104780078,-3.439949880428612,0.3448205915093422,0.05,1526,"{""0"": 16675, ""1"": 17254, ""2"": 17935, ""3"": 13769, ""4"": 18775, ""5"": 11191}",connected
95699,428,20000,0.050000000000000044,0.09385197322815657,-3.3981898765545338,0.3490452736616135,0.05,1526,"{""0"": 16696, ""1"": 17266, ""2"": 17966, ""3"": 13783, ""4"": 18795, ""5"": 11193}",connected
95799,428,20000,0.050000000000000044,0.0926781459711492,-3.3981898765545338,0.351513891518116,0.05,1526,"{""0"": 16704, ""1"": 17285, ""2"": 17979, ""3"": 13789, ""4"": 18833, ""5"": 11209}",connected
95899,428,20000,0.050000000000000044,0.08490056447684764,-3.3981898765545338,0.35548885554075244,0.05,1526,"{""0"": 16727, ""1"": 17306, ""2"": 18003, ""3"": 13790, ""4"": 18850, ""5"": 11223}",connected
95999,428,20000,0.050000000000000044,0.08517079440876842,-3.3981898765545338,0.3565900340676308,0.05,1526,"{""0"": 16750, ""1"": 17341, ""2"": 18029, ""3"": 13793, ""4"": 18859, ""5"": 11227}",connected
96099,428,20000,0.050000000000000044,0.07840976445004344,-3.3981898765545338,0.3536304813623428,0.05,1526,"{""0"": 16786, ""1"": 17356, ""2"": 18045, ""3"": 13801, ""4"": 18868, ""5"": 11243}",connected
96199,430,20000,0.050000000000000044,0.07480522999539971,-3.3792798763001337,0.3554916045069694,0.05,1526,"{""0"": 16802, ""1"": 17388, ""2"": 18061, ""3"": 13804, ""4"": 18889, ""5"": 11255}",connected
96299,430,20000,0.050000000000000044,0.07377538835629821,-3.3792798763001337,0.3559073320031166,0.05,1526,"{""0"": 16812, ""1"": 17404, ""2"": 18083, ""3"": 13810, ""4"": 18934, ""5"": 11256}",connected
96399,430,20000,0.050000000000000044,0.07629111975431442,-3.3792798763001337,0.355560644865036,0.05,1526,"{""0"": 16832, ""1"": 17408, ""2"": 18085, ""3"": 13817, ""4"": 19001, ""5"": 11256}",connected
96499,430,20000,0.050000000000000044,0.07661316195502878,-3.3792798763001337,0.3544083622097969,0.05,1526,"{""0"": 16839, ""1"": 17409, ""2"": 18098, ""3"": 13834, ""4"": 19061, ""5"": 11258}",connected
96599,430,20000,0.050000000000000044,0.07976521449163557,-3.3792798763001337,0.34887423187494276,0.05,1526,"{""0"": 16844, ""1"": 17425, ""2"": 18137, ""3"": 13839, ""4"": 19089, ""5"": 11265}",connected
96699,432,20000,0.050000000000000044,0.07975627228617668,-3.3910898776026444,0.3433965909481049,0.05,1526,"{""0"": 16848, ""1"": 17450, ""2"": 18162, ""3"": 13850, ""4"": 19112, ""5"": 11277}",connected
96799,432,20000,0.050000000000000044,0.07998832723125815,-3.3910898776026444,0.34407749861478804,0.05,1526,"{""0"": 16860, ""1"": 17478, ""2"": 18184, ""3"": 13859, ""4"": 19129, ""5"": 11289}",connected
96899,432,20000,0.050000000000000044,0.07998207245022058,-3.3910898776026444,0.3461744838953018,0.05,1526,"{""0"": 16892, ""1"": 17500, ""2"": 18218, ""3"": 13865, ""4"": 19129, ""5"": 11295}",connected
96999,432,20000,0.050000000000000044,0.07509638339281083,-3.3910898776026444,0.34321693032979966,0.05,1526,"{""0"": 16918, ""1"": 17508, ""2"": 18253, ""3"": 13886, ""4"": 19138, ""5"": 11296}",connected
97099,432,20000,0.050000000000000044,0.0789214138314128,-3.3910898776026444,0.34199022114276884,0.05,1526,"{""0"": 16931, ""1"": 17532, ""2"": 18287, ""3"": 13890, ""4"": 19158, ""5"": 11301}",connected
97199,434,20000,0.050000000000000044,0.07422790506854654,-3.5275298767583445,0.3450079077482224,0.05,1526,"{""0"": 16943, ""1"": 17550, ""2"": 18295, ""3"": 13898, ""4"": 19191, ""5"": 11322}",connected
97299,434,20000,0.050000000000000044,0.07233832113444805,-3.5275298767583445,0.34590629279613494,0.05,1526,"{""0"": 16950, ""1"": 17556, ""2"": 18322, ""3"": 13907, ""4"": 19221, ""5"": 11343}",connected
97399,434,20000,0.050000000000000044,0.07494657328352332,-3.5275298767583445,0.3513315433263779,0.05,1526,"{""0"": 16969, ""1"": 17572, ""2"": 18330, ""3"": 13922, ""4"": 19257, ""5"": 11349}",connected
97499,434,20000,0.050000000000000044,0.07510519679635763,-3.5275298767583445,0.3535227134823799,0.05,1526,"{""0"": 16975, ""1"": 17572, ""2"": 18352, ""3"": 13952, ""4"": 19299, ""5"": 11349}",connected
97599,434,20000,0.050000000000000044,0.08268611829727888,-3.5275298767583445,0.3502983167767525,0.05,1526,"{""0"": 16983, ""1"": 17584, ""2"": 18359, ""3"": 13975, ""4"": 19314, ""5"": 11384}",connected
97699,436,20000,0.050000000000000044,0.08128939663991332,-3.573379876385443,0.349210829436779,0.05,1526,"{""0"": 17013, ""1"": 17609, ""2"": 18375, ""3"": 13980, ""4"": 19336, ""5"": 11386}",connected
97799,436,20000,0.050000000000000044,0.08559493975713849,-3.573379876385443,0.34710407704114915,0.05,1526,"{""0"": 17041, ""1"": 17637, ""2"": 18389, ""3"": 13991, ""4"": 19353, ""5"": 11388}",connected
97899,436,20000,0.050000000000000044,0.08655564468353986,-3.573379876385443,0.348190980553627,0.05,1526,"{""0"": 17052, ""1"": 17664, ""2"": 18423, ""3"": 14003, ""4"": 19366, ""5"": 11391}",connected
97999,436,20000,0.050000000000000044,0.08399591917172074,-3.573379876385443,0.3490661087632179,0.05,1526,"{""0"": 17104, ""1"": 17677, ""2"": 18429, ""3"": 14019, ""4"": 19376, ""5"": 11394}",connected
98099,438,20000,0.050000000000000044,0.08650082230567932,-3.5455698768375443,0.34982283860445024,0.05,1526,"{""0"": 17133, ""1"": 17686, ""2"": 18461, ""3"": 14026, ""4"": 19388, ""5"": 11405}",connected
98199,438,20000,0.050000000000000044,0.08205974139273167,-3.5455698768375443,0.3468979400396347,0.05,1526,"{""0"": 17136, ""1"": 17699, ""2"": 18482, ""3"": 14054, ""4"": 19419, ""5"": 11409}",connected
98299,438,20000,0.050000000000000044,0.07547075178474189,-3.5455698768375443,0.3400327344238758,0.05,1526,"{""0"": 17161, ""1"": 17708, ""2"": 18508, ""3"": 14078, ""4"": 19421, ""5"": 11423}",connected
98399,438,20000,0.050000000000000044,0.0751110466569662,-3.5455698768375443,0.3367939718067646,0.05,1526,"{""0"": 17195, ""1"": 17723, ""2"": 18528, ""3"": 14095, ""4"": 19423, ""5"": 11435}",connected
98499,438,20000,0.050000000000000044,0.07400869566947221,-3.5455698768375443,0.3315736074745655,0.05,1526,"{""0"": 17208, ""1"": 17752, ""2"": 18546, ""3"": 14101, ""4"": 19449, ""5"": 11443}",connected
98599,440,20000,0.050000000000000044,0.07406984673812986,-3.627329874639399,0.333265645056963,0.05,1526,"{""0"": 17221, ""1"": 17766, ""2"": 18562, ""3"": 14130, ""4"": 19468, ""5"": 11452}",connected
98699,440,20000,0.050000000000000044,0.07792417410761118,-3.627329874639399,0.33643098443746566,0.05,1526,"{""0"": 17237, ""1"": 17786, ""2"": 18582, ""3"": 14141, ""4"": 19497, ""5"": 11456}",connected
98799,440,20000,0.050000000000000044,0.08054788222536445,-3.627329874639399,0.3388932383060455,0.05,1526,"{""0"": 17240, ""1"": 17798, ""2"": 18610, ""3"": 14174, ""4"": 19505, ""5"": 11472}",connected
98899,442,20000,0.050000000000000044,0.08829175941646099,-3.6499398754071444,0.3365206509828568,0.05,1526,"{""0"": 17242, ""1"": 17809, ""2"": 18673, ""3"": 14193, ""4"": 19506, ""5"": 11476}",connected
98999,442,20000,0.050000000000000044,0.08505359353497624,-3.6499398754071444,0.33467228561639784,0.05,1526,"{""0"": 17248, ""1"": 17828, ""2"": 18703, ""3"": 14206, ""4"": 19533, ""5"": 11481}",connected
99099,442,20000,0.050000000000000044,0.08422960111871362,-3.6499398754071444,0.33565454959869384,0.05,1526,"{""0"": 17262, ""1"": 17833, ""2"": 18766, ""3"": 14206, ""4"": 19544, ""5"": 11488}",connected
99199,442,20000,0.050000000000000044,0.08100662127137184,-3.6499398754071444,0.32945148676633834,0.05,1526,"{""0"": 17269, ""1"": 17847, ""2"": 18796, ""3"": 14245, ""4"": 19552, ""5"": 11490}",connected
99299,442,20000,0.050000000000000044,0.07426003398373723,-3.6499398754071444,0.33242558062076566,0.05,1526,"{""0"": 17299, ""1"": 17859, ""2"": 18826, ""3"": 14245, ""4"": 19565, ""5"": 11505}",connected
99399,444,20000,0.050000000000000044,0.08039941065013409,-3.6519098761025814,0.3346075412631035,0.05,1526,"{""0"": 17312, ""1"": 17868, ""2"": 18847, ""3"": 14256, ""4"": 19605, ""5"": 11511}",connected
99499,444,20000,0.050000000000000044,0.0835811702348292,-3.6519098761025814,0.33456395000219347,0.05,1526,"{""0"": 17328, ""1"": 17896, ""2"": 18861, ""3"": 14272, ""4"": 19630, ""5"": 11512}",connected
99599,444,20000,0.050000000000000044,0.08264506170526147,-3.6519098761025814,0.3398759040236473,0.05,1526,"{""0"": 17336, ""1"": 17912, ""2"": 18892, ""3"": 14292, ""4"": 19649, ""5"": 11518}",connected
99699,444,20000,0.050000000000000044,0.08490532057359815,-3.6519098761025814,0.3368628063797951,0.05,1526,"{""0"": 17345, ""1"": 17933, ""2"": 18907, ""3"": 14313, ""4"": 19651, ""5"": 11550}",connected
99799,444,20000,0.050000000000000044,0.08234987694770098,-3.6519098761025814,0.33724129050970075,0.05,1526,"{""0"": 17353, ""1"": 17961, ""2"": 18928, ""3"": 14321, ""4"": 19664, ""5"": 11572}",connected
99899,446,20000,0.050000000000000044,0.08030221289023758,-3.6111798746092245,0.3390027278661728,0.05,1526,"{""0"": 17371, ""1"": 17968, ""2"": 18956, ""3"": 14331, ""4"": 19690, ""5"": 11583}",connected
99999,446,20000,0.050000000000000044,0.079772459436208,-3.6111798746092245,0.34050833731889724,0.05,1526,"{""0"": 17407, ""1"": 17975, ""2"": 18967, ""3"": 14333, ""4"": 19725, ""5"": 11592}",connected
100099,446,20000,0.050000000000000044,0.08265068305656315,-3.6111798746092245,0.34396706938743593,0.05,1526,"{""0"": 17412, ""1"": 18008, ""2"": 18991, ""3"": 14336, ""4"": 19744, ""5"": 11608}",connected
100199,446,20000,0.050000000000000044,0.07883308866992593,-3.6111798746092245,0.3419382470846176,0.05,1526,"{""0"": 17439, ""1"": 18027, ""2"": 19003, ""3"": 14358, ""4"": 19748, ""5"": 11624}",connected
100299,446,20000,0.050000000000000044,0.08149892142042518,-3.6111798746092245,0.3382709269225597,0.05,1526,"{""0"": 17461, ""1"": 18038, ""2"": 19025, ""3"": 14379, ""4"": 19769, ""5"": 11627}",connected
100399,448,20000,0.050000000000000044,0.0836890085786581,-3.604979874729179,0.3354760111868382,0.05,1526,"{""0"": 17472, ""1"": 18050, ""2"": 19037, ""3"": 14398, ""4"": 19805, ""5"": 11637}",connected
100499,448,20000,0.050000000000000044,0.07744479084387422,-3.604979874729179,0.33121070250868795,0.05,1526,"{""0"": 17488, ""1"": 18067, ""2"": 19057, ""3"": 14404, ""4"": 19837, ""5"": 11646}",connected
100599,448,20000,0.050000000000000044,0.08375696245580912,-3.604979874729179,0.33512689724564554,0.05,1526,"{""0"": 17495, ""1"": 18074, ""2"": 19106, ""3"": 14412, ""4"": 19856, ""5"": 11656}",connected
100699,448,20000,0.050000000000000044,0.08067834667861462,-3.604979874729179,0.3349189469218254,0.05,1526,"{""0"": 17525, ""1"": 18081, ""2"": 19151, ""3"": 14417, ""4"": 19868, ""5"": 11657}",connected
100799,450,20000,0.050000000000000044,0.07614473102614283,-3.612189876162447,0.33621337920427324,0.05,1526,"{""0"": 17555, ""1"": 18104, ""2"": 19171, ""3"": 14420, ""4"": 19888, ""5"": 11661}",connected
100899,450,20000,0.050000000000000044,0.07850016959011555,-3.612189876162447,0.33976321190595626,0.05,1526,"{""0"": 17563, ""1"": 18114, ""2"": 19207, ""3"": 14427, ""4"": 19905, ""5"": 11683}",connected
100999,450,20000,0.050000000000000044,0.0781175478734076,-3.612189876162447,0.334734391272068,0.05,1526,"{""0"": 17570, ""1"": 18137, ""2"": 19234, ""3"": 14428, ""4"": 19937, ""5"": 11693}",connected
101099,450,20000,0.050000000000000044,0.07760934438556433,-3.612189876162447,0.3369330224394798,0.05,1526,"{""0"": 17577, ""1"": 18162, ""2"": 19261, ""3"": 14442, ""4"": 19959, ""5"": 11698}",connected
101199,450,20000,0.050000000000000044,0.0794136150367558,-3.612189876162447,0.33712485551834104,0.05,1526,"{""0"": 17589, ""1"": 18191, ""2"": 19284, ""3"": 14450, ""4"": 19985, ""5"": 11700}",connected
101299,452,20000,0.050000000000000044,0.08045957224443555,-3.593229872197844,0.338158538043499,0.05,1526,"{""0"": 17591, ""1"": 18217, ""2"": 19302, ""3"": 14457, ""4"": 20024, ""5"": 11708}",connected
101399,452,20000,0.050000000000000044,0.07538570687174798,-3.593229872197844,0.3393738663196564,0.05,1526,"{""0"": 17602, ""1"": 18235, ""2"": 19314, ""3"": 14501, ""4"": 20038, ""5"": 11709}",connected
101499,452,20000,0.050000000000000044,0.07504737729206681,-3.593229872197844,0.3403497764468193,0.05,1526,"{""0"": 17628, ""1"": 18244, ""2"": 19331, ""3"": 14502, ""4"": 20069, ""5"": 11725}",connected
101599,452,20000,0.050000000000000044,0.07584198972210288,-3.593229872197844,0.3376960974931717,0.05,1526,"{""0"": 17642, ""1"": 18270, ""2"": 19352, ""3"": 14508, ""4"": 20079, ""5"": 11748}",connected
101699,452,20000,0.050000000000000044,0.07589945746585727,-3.593229872197844,0.33554669708013535,0.05,1526,"{""0"": 17650, ""1"": 18306, ""2"": 19374, ""3"": 14516, ""4"": 20100, ""5"": 11753}",connected
101799,454,20000,0.050000000000000044,0.0743455570191145,-3.576429873262532,0.3366583439707756,0.05,1526,"{""0"": 17663, ""1"": 18320, ""2"": 19390, ""3"": 14532, ""4"": 20124, ""5"": 11770}",connected
101899,454,20000,0.050000000000000044,0.07332412457093597,-3.576429873262532,0.3371477150917053,0.05,1526,"{""0"": 17676, ""1"": 18330, ""2"": 19422, ""3"": 14537, ""4"": 20151, ""5"": 11783}",connected
101999,454,20000,0.050000000000000044,0.07277343034744263,-3.576429873262532,0.33357935547828677,0.05,1526,"{""0"": 17693, ""1"": 18335, ""2"": 19462, ""3"": 14538, ""4"": 20168, ""5"": 11803}",connected
102099,454,20000,0.050000000000000044,0.0703165091201663,-3.576429873262532,0.33467432886362075,0.05,1526,"{""0"": 17722, ""1"": 18366, ""2"": 19479, ""3"": 14550, ""4"": 20173, ""5"": 11809}",connected
102199,454,20000,0.050000000000000044,0.07425668578594923,-3.576429873262532,0.33218523412942885,0.05,1526,"{""0"": 17735, ""1"": 18395, ""2"": 19491, ""3"": 14560, ""4"": 20193, ""5"": 11825}",connected
102299,456,20000,0.050000000000000044,0.0824666541442275,-3.5903398740058763,0.3293197122216225,0.05,1526,"{""0"": 17751, ""1"": 18409, ""2"": 19507, ""3"": 14573, ""4"": 20221, ""5"": 11838}",connected
102399,456,20000,0.050000000000000044,0.07930670898407698,-3.5903398740058763,0.3296488544344902,0.05,1526,"{""0"": 17777, ""1"": 18417, ""2"": 19523, ""3"": 14580, ""4"": 20260, ""5"": 11842}",connected
102499,456,20000,0.050000000000000044,0.08174853207543492,-3.5903398740058763,0.32729232728481295,0.05,1526,"{""0"": 17792, ""1"": 18448, ""2"": 19531, ""3"": 14587, ""4"": 20298, ""5"": 11843}",connected
102599,456,20000,0.050000000000000044,0.08054924746975303,-3.5903398740058763,0.3264703133702278,0.05,1526,"{""0"": 17804, ""1"": 18471, ""2"": 19550, ""3"": 14605, ""4"": 20317, ""5"": 11852}",connected
102699,456,20000,0.050000000000000044,0.07373100109398364,-3.5903398740058763,0.32392768800258637,0.05,1526,"{""0"": 17834, ""1"": 18485, ""2"": 19566, ""3"": 14619, ""4"": 20333, ""5"": 11862}",connected
102799,458,20000,0.050000000000000044,0.0784919050708413,-3.59385987221729,0.3274150061607361,0.05,1526,"{""0"": 17849, ""1"": 18506, ""2"": 19597, ""3"": 14626, ""4"": 20351, ""5"": 11870}",connected
102899,458,20000,0.050000000000000044,0.07623160660266876,-3.59385987221729,0.3295513778924942,0.05,1526,"{""0"": 17878, ""1"": 18521, ""2"": 19609, ""3"": 14645, ""4"": 20369, ""5"": 11877}",connected
102999,458,20000,0.050000000000000044,0.0778040325269103,-3.59385987221729,0.3296025156974792,0.05,1526,"{""0"": 17896, ""1"": 18535, ""2"": 19611, ""3"": 14664, ""4"": 20398, ""5"": 11895}",connected
103099,458,20000,0.050000000000000044,0.07234253000468016,-3.59385987221729,0.33241166412830353,0.05,1526,"{""0"": 17910, ""1"": 18561, ""2"": 19626, ""3"": 14673, ""4"": 20419, ""5"": 11910}",connected
103199,460,20000,0.050000000000000044,0.07531033340841532,-3.6061898722685872,0.33072795629501345,0.05,1526,"{""0"": 17926, ""1"": 18579, ""2"": 19653, ""3"": 14673, ""4"": 20448, ""5"": 11920}",connected
103299,460,20000,0.050000000000000044,0.07884710086509586,-3.6061898722685872,0.33181903779506683,0.05,1526,"{""0"": 17937, ""1"": 18592, ""2"": 19665, ""3"": 14685, ""4"": 20491, ""5"": 11929}",connected
103399,460,20000,0.050000000000000044,0.08255959643051028,-3.6061898722685872,0.33339940309524535,0.05,1526,"{""0"": 17956, ""1"": 18594, ""2"": 19735, ""3"": 14692, ""4"": 20491, ""5"": 11931}",connected
103499,460,20000,0.050000000000000044,0.0826397837139666,-3.6061898722685872,0.3311387801170349,0.05,1526,"{""0"": 17978, ""1"": 18608, ""2"": 19746, ""3"": 14711, ""4"": 20509, ""5"": 11947}",connected
103599,460,20000,0.050000000000000044,0.08186058662831783,-3.6061898722685872,0.32757035717368127,0.05,1526,"{""0"": 18027, ""1"": 18627, ""2"": 19752, ""3"": 14729, ""4"": 20511, ""5"": 11953}",connected
103699,462,20000,0.050000000000000044,0.08110105145722628,-3.7730598702840505,0.3267222146689892,0.05,1526,"{""0"": 18068, ""1"": 18646, ""2"": 19759, ""3"": 14739, ""4"": 20533, ""5"": 11954}",connected
